Time\ number,r1_2_000,r2_1_001,r1_2_000:=C1_1,r2_1_001:=C1_1,r2_2_100:=C1_1,rM_110:=C1_1,r1_1_120:=C1_1,r3_2_130:=C1_1,r3_2_140:=C1_1,r2_2_150:=C1_1,r1_2_000:=C1_2,r2_1_001:=C1_2,r2_2_100:=C1_2,rM_110:=C1_2,r1_1_120:=C1_2,r3_2_130:=C1_2,r3_2_140:=C1_2,r2_2_150:=C1_2,r1_2_000:=C2_1,r2_1_001:=C2_1,r2_2_100:=C2_1,rM_110:=C2_1,r1_1_120:=C2_1,r3_2_130:=C2_1,r3_2_140:=C2_1,r2_2_150:=C2_1,r1_2_000:=C2_2,r2_1_001:=C2_2,r2_2_100:=C2_2,rM_110:=C2_2,r1_1_120:=C2_2,r3_2_130:=C2_2,r3_2_140:=C2_2,r2_2_150:=C2_2,r1_2_000:=C2_3,r2_1_001:=C2_3,r2_2_100:=C2_3,rM_110:=C2_3,r1_1_120:=C2_3,r3_2_130:=C2_3,r3_2_140:=C2_3,r2_2_150:=C2_3,r1_2_000::C1_1::M1_1,r2_1_001::C1_1::M1_1,r2_2_100::C1_1::M1_1,r2_2_110::C1_1::M1_1,rM_120::C1_1::M1_1,rM_130::C1_1::M1_1,r1_2_000::C1_1::M1_2,r2_1_001::C1_1::M1_2,r2_2_100::C1_1::M1_2,r2_2_110::C1_1::M1_2,rM_120::C1_1::M1_2,rM_130::C1_1::M1_2,r1_2_000::C1_2::M1_1,r2_1_001::C1_2::M1_1,r2_2_100::C1_2::M1_1,r2_2_110::C1_2::M1_1,rM_120::C1_2::M1_1,rM_130::C1_2::M1_1,r1_2_000::C1_2::M1_2,r2_1_001::C1_2::M1_2,r2_2_100::C1_2::M1_2,r2_2_110::C1_2::M1_2,rM_120::C1_2::M1_2,rM_130::C1_2::M1_2,r1_2_000::C1_1::M2_1,r2_1_001::C1_1::M2_1,r2_2_100::C1_1::M2_1,r2_2_110::C1_1::M2_1,rM_120::C1_1::M2_1,rM_130::C1_1::M2_1,r1_2_000::C1_2::M2_1,r2_1_001::C1_2::M2_1,r2_2_100::C1_2::M2_1,r2_2_110::C1_2::M2_1,rM_120::C1_2::M2_1,rM_130::C1_2::M2_1,r1_2_000::C2_1::M2_1,r2_1_001::C2_1::M2_1,r2_2_100::C2_1::M2_1,r2_2_110::C2_1::M2_1,rM_120::C2_1::M2_1,rM_130::C2_1::M2_1,r1_2_000::C2_2::M2_1,r2_1_001::C2_2::M2_1,r2_2_100::C2_2::M2_1,r2_2_110::C2_2::M2_1,rM_120::C2_2::M2_1,rM_130::C2_2::M2_1,r1_2_000::C2_3::M2_1,r2_1_001::C2_3::M2_1,r2_2_100::C2_3::M2_1,r2_2_110::C2_3::M2_1,rM_120::C2_3::M2_1,rM_130::C2_3::M2_1,Time\ Probability,r1_2_000,r2_1_001,r1_2_000:=C1_1,r2_1_001:=C1_1,r2_2_100:=C1_1,rM_110:=C1_1,r1_1_120:=C1_1,r3_2_130:=C1_1,r3_2_140:=C1_1,r2_2_150:=C1_1,r1_2_000:=C1_2,r2_1_001:=C1_2,r2_2_100:=C1_2,rM_110:=C1_2,r1_1_120:=C1_2,r3_2_130:=C1_2,r3_2_140:=C1_2,r2_2_150:=C1_2,r1_2_000:=C2_1,r2_1_001:=C2_1,r2_2_100:=C2_1,rM_110:=C2_1,r1_1_120:=C2_1,r3_2_130:=C2_1,r3_2_140:=C2_1,r2_2_150:=C2_1,r1_2_000:=C2_2,r2_1_001:=C2_2,r2_2_100:=C2_2,rM_110:=C2_2,r1_1_120:=C2_2,r3_2_130:=C2_2,r3_2_140:=C2_2,r2_2_150:=C2_2,r1_2_000:=C2_3,r2_1_001:=C2_3,r2_2_100:=C2_3,rM_110:=C2_3,r1_1_120:=C2_3,r3_2_130:=C2_3,r3_2_140:=C2_3,r2_2_150:=C2_3,r1_2_000::C1_1::M1_1,r2_1_001::C1_1::M1_1,r2_2_100::C1_1::M1_1,r2_2_110::C1_1::M1_1,rM_120::C1_1::M1_1,rM_130::C1_1::M1_1,r1_2_000::C1_1::M1_2,r2_1_001::C1_1::M1_2,r2_2_100::C1_1::M1_2,r2_2_110::C1_1::M1_2,rM_120::C1_1::M1_2,rM_130::C1_1::M1_2,r1_2_000::C1_2::M1_1,r2_1_001::C1_2::M1_1,r2_2_100::C1_2::M1_1,r2_2_110::C1_2::M1_1,rM_120::C1_2::M1_1,rM_130::C1_2::M1_1,r1_2_000::C1_2::M1_2,r2_1_001::C1_2::M1_2,r2_2_100::C1_2::M1_2,r2_2_110::C1_2::M1_2,rM_120::C1_2::M1_2,rM_130::C1_2::M1_2,r1_2_000::C1_1::M2_1,r2_1_001::C1_1::M2_1,r2_2_100::C1_1::M2_1,r2_2_110::C1_1::M2_1,rM_120::C1_1::M2_1,rM_130::C1_1::M2_1,r1_2_000::C1_2::M2_1,r2_1_001::C1_2::M2_1,r2_2_100::C1_2::M2_1,r2_2_110::C1_2::M2_1,rM_120::C1_2::M2_1,rM_130::C1_2::M2_1,r1_2_000::C2_1::M2_1,r2_1_001::C2_1::M2_1,r2_2_100::C2_1::M2_1,r2_2_110::C2_1::M2_1,rM_120::C2_1::M2_1,rM_130::C2_1::M2_1,r1_2_000::C2_2::M2_1,r2_1_001::C2_2::M2_1,r2_2_100::C2_2::M2_1,r2_2_110::C2_2::M2_1,rM_120::C2_2::M2_1,rM_130::C2_2::M2_1,r1_2_000::C2_3::M2_1,r2_1_001::C2_3::M2_1,r2_2_100::C2_3::M2_1,r2_2_110::C2_3::M2_1,rM_120::C2_3::M2_1,rM_130::C2_3::M2_1
0,10000000000000.0,100999,10000000000.0,100,1000,500,8279.0,0,0,0,9999999548.0,103,1000,500,7498.0,12,0,0,9999999908.0,100,1000,100,6836.0,0,0,0,9999999912.0,100,1000,100,10000.0,0,0,0,10000000000.0,101,1000,100,9097.0,0,0,0,1000000000.0,100,0,3000,0,0,1000000000.0,100,0,3000,0,0,1000000000.0,100,0,3000,0,0,1000000000.0,100,0,3000,0,0,1000000000.0,100,0,1000,0,0,1000000000.0,100,0,1000,0,0,1000000000.0,100,0,1000,0,0,1000000002.0,100,0,1000,0,0,1000000000.0,100,0,1000,0,0,0,9.999999999e-11,0.00010098880023216535,9.999999999e-11,9.999000099990002e-05,0.009900725419005805,0.9075834553449779,0.09090909090909091,0.0,0.0,0.0002999100269919024,9.999999999e-11,0.00010298939209261447,0.00990042152697474,0.9079600116656913,0.09090909090909091,0.7924263674614306,0.0,0.0002999100269919024,9.999999999e-11,9.999000099990002e-05,0.009900901872357594,0.9081818181827264,0.09090909090909091,0.0,0.0,0.0002999100269919024,9.999999999e-11,9.999000099990002e-05,0.009900990099009901,0.9080329630313214,0.09090909090909091,0.0,0.013803540310006421,0.0002999100269919024,9.999999999e-11,0.00010098980003019696,0.009900568571529194,0.9081057975770626,0.09090909090909091,0.4529855868222375,0.0,0.0002999100269919024,9.999999999e-11,0.0009990009990009992,0.0049751243781094535,0.09090909090909091,0.0,0.01782352959,9.999999999e-11,0.0009990009990009992,0.0049751243781094535,0.09070573964723021,0.0,0.01782352959,9.999999999e-11,0.0009990009990009992,0.0049751243781094535,0.09061229983239984,0.0,0.01782352959,9.999999999e-11,0.0009990009990009992,0.0049751243781094535,0.09090909090909091,0.0,0.01782352959,9.999999999e-11,0.0009990009990009992,0.0049751243781094535,0.09047665389999063,0.0,0.01782352959,9.999999999e-11,0.0009990009990009992,0.0049751243781094535,0.09067928076368391,0.0,0.01782352959,9.999999999e-11,0.0009990009990009992,0.0049751243781094535,0.09090909090909091,0.0825695648583932,0.01782352959,9.999999999e-11,0.0009990009990009992,0.0049751243781094535,0.09090909090909091,0.06821384541411628,0.017823529590001785,9.999999999e-11,0.0009990009990009992,0.0049751243781094535,0.09090909090909091,0.0,0.01782352959
100,9999999901834.0,198202,9999962685.0,182,1000,500,0.0,12,96,101,9999962559.0,208,1000,500,0.0,21,111,82,9999992413.0,198,1000,100,0.0,6,52,25,9999992556.0,197,1000,100,0.0,13,49,32,9999992502.0,182,1000,100,0.0,12,48,42,999999923.0,100,500,3000,1,74,999999945.0,98,508,3000,3,85,999999930.0,105,523,3000,3,81,999999929.0,99,506,3000,5,78,999999943.0,97,509,1000,4,92,999999941.0,103,504,1000,0,78,999999931.0,92,771,1000,1,113,999999916.0,103,781,1000,1,122,999999908.0,101,801,1000,5,116,100,9.999999999e-11,0.00019816272375182693,9.999999999e-11,0.000181966882027471,0.009853443457433353,0.25751607603126686,0.09090909090909091,0.9650821346497575,0.027534296129337457,0.0002999100269919024,9.999999999e-11,0.0002079567449970406,0.009853590515942024,0.24871743499229512,0.09090909090909091,0.9650901518057764,0.026327607499719324,0.0002999100269919024,9.999999999e-11,0.00019796080376085535,0.009853502280842063,0.25910942014398514,0.09090909090909091,0.9531543271708793,0.025243954179041152,0.0002999100269919024,9.999999999e-11,0.00019696119864386714,0.009853227771541614,0.25023651302338445,0.09090909090909091,0.9528030355844597,0.029050725236011342,0.0002999100269919024,9.999999999e-11,0.000181966882027471,0.009853365026210866,0.2410907096532153,0.09090909090909091,0.9529060940691252,0.02747619842993152,0.0002999100269919024,9.999999999e-11,0.0009990009990009992,0.0049751243781094535,0.049414296618861715,0.8581482373463742,0.017823404816421504,9.999999999e-11,0.000979040540270535,0.0049751243781094535,0.04924438697654961,0.8584206744989699,0.0178234372268262,9.999999999e-11,0.0010488986564107686,0.0049751243781094535,0.0496455653135837,0.8581641976378747,0.01782342426279649,9.999999999e-11,0.000989020869339354,0.0049751243781094535,0.04951458709963178,0.8577401680248211,0.017823416160197753,9.999999999e-11,0.0009690600117885652,0.0049751243781094535,0.049278735312544855,0.7847856490554693,0.01782343236534295,9.999999999e-11,0.0010289401916026492,0.0049751243781094535,0.049386283784811476,0.7838339532790807,0.017823438847306406,9.999999999e-11,0.0009191543779722655,0.0049751243781094535,0.08351892075188108,0.8070999770268806,0.017823404816435764,9.999999999e-11,0.0010289401916026492,0.0049751243781094535,0.08352815997199263,0.8077381174426723,0.01782340319586516,9.999999999e-11,0.001008980929261446,0.0049751243781094535,0.08356679469238545,0.8071950321202205,0.017823386990196696
200,9999999807555.0,293419,9999961390.0,281,1000,0,0.0,8,314,300,9999961220.0,288,1000,0,0.0,9,248,300,9999992080.0,292,1000,0,0.0,0,156,297,9999992256.0,274,1000,0,0.0,0,154,300,9999992139.0,281,1000,0,0.0,13,144,293,999999711.0,107,605,3000,3,145,999999693.0,107,609,3000,8,170,999999731.0,107,636,3000,1,156,999999722.0,93,639,3000,5,138,999999675.0,103,607,1000,6,146,999999747.0,100,643,1000,6,162,999999552.0,88,1236,1000,14,250,999999531.0,101,1239,1000,5,262,999999553.0,107,1309,1000,12,271,200,9.999999999e-11,0.0002933329305448525,9.999999999e-11,0.00028092106118180794,0.009804950983166645,0.04757124523785097,0.09090909090909091,0.9650951561291028,0.021575113896868926,0.0005816614730227008,9.999999999e-11,0.00028791707988099424,0.009804578398257114,0.04757124445721554,0.09090909090909091,0.9651117016473154,0.020595968448729185,0.0005397085573790153,9.999999999e-11,0.00029191476088982017,0.009804676446944702,0.00989108146681557,0.09090909090909091,0.9512921320590219,0.021814705371110726,0.0002999100269919024,9.999999999e-11,0.0002739249445651891,0.00980478430047862,0.009891081622188084,0.09090909090909091,0.9507699618696327,0.025770000281793333,0.0003159001755445279,9.999999999e-11,0.00028092106118180794,0.009804882349125429,0.009891081514318518,0.09090909090909091,0.9509612534050801,0.02438677366114621,0.0002999100269919024,9.999999999e-11,0.0010688563237336052,0.0049751243781094535,0.02578835641727823,0.8719193697720098,0.017823074162980998,9.999999999e-11,0.0010688563237336052,0.0049751243781094535,0.025725712559856978,0.8721228438505985,0.01782304336058347,9.999999999e-11,0.0010688563237336052,0.0049751243781094535,0.02579784720808276,0.8720484771501952,0.017823104964314187,9.999999999e-11,0.000929135903609643,0.0049751243781094535,0.02572761097693215,0.8720110473885962,0.017823077405301663,9.999999999e-11,0.0010289401916026492,0.0049751243781094535,0.02564882045046204,0.8192468354355289,0.01782301255712868,9.999999999e-11,0.0009990009990009992,0.0049751243781094535,0.025655465926684468,0.8195834825197844,0.01782311955406039,9.999999999e-11,0.0008792262808728319,0.0049751243781094535,0.07667562599084247,0.8480833106489792,0.017822795281457873,9.999999999e-11,0.001008980929261446,0.0049751243781094535,0.07670546350309027,0.8478763549405339,0.01782277095623236,9.999999999e-11,0.0010688563237336052,0.0049751243781094535,0.07679666908238204,0.8476076648677517,0.017822816362729213
300,9999999718542.0,382449,9999961292.0,379,1000,0,0.0,0,536,300,9999961121.0,387,1000,0,0.0,1,546,300,9999991999.0,374,1000,0,0.0,10,286,300,9999992165.0,364,1000,0,0.0,1,261,300,9999992050.0,371,1000,0,0.0,1,258,300,999999415.0,99,649,3000,11,189,999999393.0,111,659,3000,2,137,999999438.0,107,676,3000,4,190,999999453.0,94,670,3000,1,157,999999368.0,103,653,1000,8,197,999999373.0,107,672,1000,2,170,999998998.0,89,1516,1000,16,388,999998931.0,101,1502,1000,10,395,999998958.0,106,1581,1000,11,380,300,9.999999999e-11,0.00038230278868077184,9.999999999e-11,0.0003788564134193141,0.00975587521494115,0.0475712452378505,0.09090909090909091,0.9650195062057776,0.0123599666697528,0.001254424442899718,9.999999999e-11,0.00038685028893818094,0.00975597327327411,0.04757124445721508,0.09090909090909091,0.9650372347139329,0.012030679779798355,0.0011526698190288407,9.999999999e-11,0.000373860176294066,0.009755924244110058,0.009891081466815489,0.09090909090909091,0.9480443589423715,0.0162862040963638,0.0007084976751483198,9.999999999e-11,0.0003638675522109952,0.009756081137417931,0.009891081622187993,0.09090909090909091,0.9471779334548894,0.019642437073629736,0.0007923716492821192,9.999999999e-11,0.00037086241004587303,0.009756159584053223,0.00989108151431843,0.09090909090909091,0.947538554784834,0.018333926664293346,0.0007534319123380971,9.999999999e-11,0.000989020869339354,0.0049751243781094535,0.013104005021326824,0.8758343442783518,0.017822579574828162,9.999999999e-11,0.0011087692661146129,0.0049751243781094535,0.01306601897479272,0.876079928235281,0.017822563354155115,9.999999999e-11,0.0010688563237336052,0.0049751243781094535,0.013181915966519237,0.8759895312906095,0.0178226298569589,9.999999999e-11,0.0009391172298039843,0.0049751243781094535,0.013155622397814733,0.8759053910579835,0.01782263310089405,9.999999999e-11,0.0010289401916026492,0.0049751243781094535,0.013073811222732464,0.8288462935709153,0.01782250820174644,9.999999999e-11,0.0010688563237336052,0.0049751243781094535,0.013189706384465236,0.8289951537685477,0.017822530911973652,9.999999999e-11,0.0008892086043421354,0.0049751243781094535,0.07036240991811753,0.8624794195008485,0.017821894806730226,9.999999999e-11,0.001008980929261446,0.0049751243781094535,0.07036413836700163,0.8622339188588835,0.017821797403610274,9.999999999e-11,0.0010588775897548597,0.0049751243781094535,0.07043327105236251,0.8622979560544105,0.017821849353244167
400,9999999637218.0,463826,9999961218.0,455,1000,0,0.0,7,250,300,9999961032.0,476,1000,0,0.0,1,252,300,9999991901.0,472,1000,0,0.0,9,578,300,9999992085.0,444,1000,0,0.0,11,449,300,9999991991.0,430,1000,0,0.0,18,480,300,999999102.0,104,649,3000,0,194,999999104.0,107,656,3000,8,163,999999115.0,100,683,3000,1,187,999999151.0,96,678,3000,3,178,999999047.0,101,662,1000,7,162,999999065.0,100,681,1000,5,169,999998215.0,93,1703,1000,14,443,999998187.0,98,1630,1000,13,458,999998199.0,100,1737,1000,4,453,400,9.999999999e-11,0.00046361096518046413,9.999999999e-11,0.0004547930691535351,0.009708402895541328,0.047571245237850154,0.09090909090909091,0.9649469322044005,0.013789518742738337,0.001732991526709632,9.999999999e-11,0.0004757735317988638,0.009708245987124902,0.047571244457214654,0.09090909090909091,0.9649613075624738,0.01472331114960343,0.0016243571708829732,9.999999999e-11,0.00047177732110443866,0.009708324441339329,0.009891081466815391,0.09090909090909091,0.9428898056563448,0.009374606769850259,0.0011706280239559238,9.999999999e-11,0.0004438029514895386,0.009708559803908036,0.009891081622187915,0.09090909090909091,0.9421943659093232,0.012001979707993073,0.0013072887590144502,9.999999999e-11,0.0004298151794728267,0.009708481349730898,0.00989108151431837,0.09090909090909091,0.9422414892260614,0.010801458898344714,0.0012643992705235173,9.999999999e-11,0.0010389195236953567,0.0049751243781094535,0.006699809783013573,0.8773089003322299,0.017822087958054157,9.999999999e-11,0.0010688563237336052,0.0049751243781094535,0.006726448490820166,0.8775398269191904,0.017822089580992198,9.999999999e-11,0.0009990009990009992,0.0049751243781094535,0.00668007648563411,0.8774727819658247,0.017822094449817104,9.999999999e-11,0.000959079283887468,0.0049751243781094535,0.00666231584761008,0.8774125590887093,0.017822146382169765,9.999999999e-11,0.001008980929261446,0.0049751243781094535,0.006705729619339837,0.8321784713909711,0.017821985706672393,9.999999999e-11,0.0009990009990009992,0.0049751243781094535,0.006634686926021104,0.8322510219878617,0.017822018168701985,9.999999999e-11,0.000929135903609643,0.0049751243781094535,0.06437650986240721,0.8699139929001134,0.01782063748984644,9.999999999e-11,0.000979040540270535,0.0049751243781094535,0.06438001141456386,0.8698697611403542,0.017820603351895704,9.999999999e-11,0.0009990009990009992,0.0049751243781094535,0.06449379759387805,0.8697668191284542,0.01782062285944657
500,9999999562780.0,537488,9999961127.0,547,1000,0,0.0,1,31,300,9999960955.0,554,1000,0,0.0,21,28,300,9999991822.0,550,1000,0,0.0,21,181,300,9999992005.0,524,1000,0,0.0,1,325,300,9999991905.0,515,1000,0,0.0,16,230,300,999998775.0,105,673,3000,7,180,999998793.0,102,669,3000,3,164,999998802.0,97,670,3000,3,167,999998829.0,96,665,3000,1,201,999998734.0,98,679,1000,2,174,999998723.0,104,668,1000,4,169,999997394.0,99,1835,1000,2,488,999997388.0,91,1721,1000,1,482,999997326.0,100,1757,1000,4,460,500,9.999999999e-11,0.0005371992618431505,9.999999999e-11,0.0005467009545778458,0.009661681217740595,0.04757124523784972,0.09090909090909091,0.9648651758659047,0.023592869201934357,0.0018874308682281804,9.999999999e-11,0.0005536932539373188,0.009661769487031438,0.047571244457214286,0.09090909090909091,0.9648820089649164,0.024483876471591882,0.0017818194522776843,9.999999999e-11,0.0005496976662835441,0.009661877371698874,0.009891081466815313,0.09090909090909091,0.9346680484201707,0.014847877573328479,0.0015476012181119265,9.999999999e-11,0.0005237255678024715,0.00966149487140826,0.009891081622187835,0.09090909090909091,0.933750297426833,0.012388534049183868,0.0017170466797108972,9.999999999e-11,0.0005147349115205669,0.009661573333030422,0.009891081514318285,0.09090909090909091,0.9343138893531673,0.013635111560003675,0.0016871487186654556,9.999999999e-11,0.0010488986564107686,0.0049751243781094535,0.003381526480651151,0.8779060085913333,0.017821558721054793,9.999999999e-11,0.001018960660126671,0.0049751243781094535,0.003389472404352796,0.878098339385364,0.01782157495999264,9.999999999e-11,0.0009690600117885652,0.0049751243781094535,0.0033398083023787285,0.8780758200704162,0.017821581455491786,9.999999999e-11,0.000959079283887468,0.0049751243781094535,0.0033239147443276666,0.8779825999629889,0.01782162205123792,9.999999999e-11,0.000979040540270535,0.0049751243781094535,0.0033924520930751724,0.8329984419602134,0.017821471025723908,9.999999999e-11,0.0010389195236953567,0.0049751243781094535,0.003327888181362431,0.8329588149671825,0.01782146452941894,9.999999999e-11,0.000989020869339354,0.0049751243781094535,0.05903873278864222,0.8742233858889517,0.017819311653917726,9.999999999e-11,0.0009091726528858739,0.0049751243781094535,0.05907149174805698,0.87422536363873,0.017819272581060815,9.999999999e-11,0.0009990009990009992,0.0049751243781094535,0.0590776891324414,0.8741592773377523,0.0178192025712114
600,9999999494981.0,606001,9999961064.0,607,1000,0,0.0,8,1,300,9999960888.0,620,1000,0,0.0,13,2,300,9999991755.0,617,1000,0,0.0,14,22,300,9999991928.0,602,1000,0,0.0,6,61,300,9999991834.0,587,1000,0,0.0,25,35,300,999998449.0,108,635,1668,3,201,999998483.0,101,633,1672,3,165,999998480.0,96,645,1687,0,174,999998484.0,100,643,1696,0,184,999998400.0,98,631,1000,9,173,999998411.0,102,637,1000,7,189,999996522.0,101,1874,1000,3,521,999996540.0,88,1850,1000,2,510,999996456.0,105,1781,1000,1,507,600,9.999999999e-11,0.0006056339851993353,9.999999999e-11,0.0006066317745128707,0.009614494125493709,0.04757124523784941,0.09090909090909091,0.9647828419922985,0.03423387630777381,0.0018655133555384987,9.999999999e-11,0.0006196158381803281,0.009614660872252176,0.04757124445721397,0.09090909090909091,0.9647989499427589,0.03521571101821911,0.0017539183654319362,9.999999999e-11,0.0006166195457402783,0.009614572594563511,0.009891081466815247,0.09090909090909091,0.9185180323565124,0.023960384736136087,0.0016552555862380173,9.999999999e-11,0.0006016378140359503,0.009614709915405745,0.009891081622187759,0.09090909090909091,0.9152328776713984,0.020288073072193925,0.0019302668638852456,9.999999999e-11,0.0005866556331433449,0.00961479819306993,0.009891081514318216,0.09090909090909091,0.9183925252093238,0.02237901480391308,0.0018276535663200681,9.999999999e-11,0.0010788348583529788,0.0049751243781094535,0.0029910269192422734,0.8781028062223186,0.01782102916991897,9.999999999e-11,0.001008980929261446,0.0049751243781094535,0.0029910269192422734,0.8782759282951002,0.017821074665189316,9.999999999e-11,0.000959079283887468,0.0049751243781094535,0.0029910269192422734,0.8782505496021942,0.017821060041975416,9.999999999e-11,0.0009990009990009992,0.0049751243781094535,0.0029910269192422734,0.8781541376420605,0.01782106979081012,9.999999999e-11,0.000979040540270535,0.0049751243781094535,0.0016662190803548877,0.8326503833632698,0.01782093004723688,9.999999999e-11,0.001018960660126671,0.0049751243781094535,0.0016831621885501043,0.8324176134537777,0.017820954422684922,9.999999999e-11,0.001008980929261446,0.0049751243781094535,0.053996015431216994,0.8771917973842072,0.01781789416955762,9.999999999e-11,0.0008792262808728319,0.0049751243781094535,0.05402196750187067,0.8771813571658432,0.017817892538994233,9.999999999e-11,0.0010488986564107686,0.0049751243781094535,0.053961112125475025,0.8772066239993117,0.01781779143678941
700,9999999436058.0,664441,9999960967.0,704,1000,0,0.0,15,0,300,9999960821.0,687,1000,0,0.0,18,0,300,9999991691.0,681,1000,0,0.0,19,1,300,9999991884.0,646,1000,0,0.0,13,3,300,9999991783.0,638,1000,0,0.0,9,2,300,999998122.0,105,634,849,0,184,999998174.0,106,630,846,1,183,999998166.0,96,634,845,8,195,999998187.0,103,638,842,9,195,999998101.0,94,623,850,9,177,999998084.0,99,647,843,4,175,999995626.0,97,1857,1000,2,541,999995571.0,87,1825,1000,0,501,999995568.0,102,1825,1000,15,506,700,9.999999999e-11,0.000663999811301379,9.999999999e-11,0.0007035047326682016,0.009568617016882875,0.04757124523784896,0.09090909090909091,0.9646954646172718,0.043365145125890854,0.00180672981902756,9.999999999e-11,0.0006865283550201012,0.009568989779385851,0.047571244457213654,0.09090909090909091,0.9647102574804128,0.044189692337840494,0.0017100706489782999,9.999999999e-11,0.0006805365546063132,0.009568803398169436,0.009891081466815185,0.09090909090909091,0.8758386177741017,0.034054742202418845,0.0016363180746756067,9.999999999e-11,0.0006455829534120958,0.009568715112305597,0.009891081622187716,0.09090909090909091,0.8631211857018308,0.03118734081179212,0.0019252861230686005,9.999999999e-11,0.0006375932155284928,0.009568881874479634,0.009891081514318166,0.09090909090909091,0.8723979024312729,0.03245289096472862,0.0017947729981493275,9.999999999e-11,0.0010488986564107686,0.0049751243781094535,0.0029910269192422734,0.8780976273485251,0.017820489549306224,9.999999999e-11,0.0010588775897548597,0.0049751243781094535,0.0029910269192422734,0.8782603341304228,0.017820583843897127,9.999999999e-11,0.000959079283887468,0.0049751243781094535,0.0029910269192422734,0.8782379918974694,0.017820546452423397,9.999999999e-11,0.0010289401916026492,0.0049751243781094535,0.0029910269192422734,0.8781630196363002,0.017820593597947035,9.999999999e-11,0.0009391172298039843,0.0049751243781094535,0.0009990009990009992,0.8315864564710943,0.01782043589450808,9.999999999e-11,0.000989020869339354,0.0049751243781094535,0.0009990009990009992,0.8313203462012726,0.017820418008843278,9.999999999e-11,0.0009690600117885652,0.0049751243781094535,0.04934652079839682,0.8792648247343517,0.017816409104724682,9.999999999e-11,0.0008692437579306005,0.0049751243781094535,0.049279639182608664,0.879289986896184,0.017816320902474158,9.999999999e-11,0.001018960660126671,0.0049751243781094535,0.04932573427703599,0.8792852917753604,0.017816327436246972
800,9999999384079.0,716435,9999960908.0,763,1000,0,0.0,16,0,300,9999960772.0,736,1000,0,0.0,15,0,300,9999991635.0,738,1000,0,0.0,24,0,300,9999991826.0,704,1000,0,0.0,0,0,300,9999991733.0,687,1000,0,0.0,11,0,300,999997787.0,103,643,420,5,191,999997833.0,103,632,422,7,163,999997838.0,96,683,435,3,209,999997876.0,94,688,434,3,153,999997793.0,97,639,422,0,160,999997786.0,95,686,433,6,169,999994697.0,96,1891,1000,12,508,999994694.0,87,1769,1000,1,489,999994641.0,103,1825,1000,15,484,800,9.999999999e-11,0.0007159220883586268,9.999999999e-11,0.0007624182748562846,0.009522411912767132,0.047571245237848676,0.09090909090909091,0.964600324214283,0.051811269611559053,0.00174793935818382,9.999999999e-11,0.0007354587023950372,0.009522647363715765,0.04757124445721342,0.09090909090909091,0.9646166587666617,0.05227636696408145,0.0016642257356985905,9.999999999e-11,0.0007374557576508538,0.009522500206885989,0.00989108146681513,0.09090909090909091,0.24011642008246423,0.04319158393836124,0.0015914632076470105,9.999999999e-11,0.0007035047326682016,0.009522264755867394,0.009891081622187659,0.09090909090909091,0.5628289917667701,0.040174053835256025,0.0018804572186001574,9.999999999e-11,0.0006865283550201012,0.009522137219852251,0.009891081514318115,0.09090909090909091,0.24011642008246423,0.0417478638884725,0.0017439533135612088,9.999999999e-11,0.0010289401916026492,0.0049751243781094535,0.0029910269192422734,0.8779809527330165,0.017819941468074897,9.999999999e-11,0.0010289401916026492,0.0049751243781094535,0.0029910269192422734,0.8781558438818661,0.01782001792689578,9.999999999e-11,0.000959079283887468,0.0049751243781094535,0.0029910269192422734,0.8781272082002574,0.017820013046753583,9.999999999e-11,0.0009391172298039843,0.0049751243781094535,0.0029910269192422734,0.8780715619603637,0.017820071606852922,9.999999999e-11,0.0009690600117885652,0.0049751243781094535,0.0009990009990009992,0.830407035490446,0.017819944721785802,9.999999999e-11,0.0009490983565612668,0.0049751243781094535,0.0009990009990009992,0.8300278910766637,0.017819926826291476,9.999999999e-11,0.000959079283887468,0.0049751243781094535,0.04501968214435101,0.8808179477280642,0.017814893758290047,9.999999999e-11,0.0008692437579306005,0.0049751243781094535,0.04500326608882998,0.8808478201770881,0.017814880669712943,9.999999999e-11,0.0010289401916026492,0.0049751243781094535,0.044996881914819445,0.8808140269675923,0.017814808679002512
900,9999999339137.0,761441,9999960855.0,816,1000,0,0.0,0,0,300,9999960730.0,778,1000,0,0.0,12,0,300,9999991610.0,762,1000,0,0.0,0,0,300,9999991786.0,743,1000,0,0.0,0,0,300,9999991689.0,732,1000,0,0.0,0,0,300,999997457.0,101,656,188,1,162,999997540.0,107,661,190,5,181,999997496.0,101,697,214,1,180,999997576.0,96,697,214,6,178,999997486.0,94,665,188,7,187,999997492.0,96,693,215,8,178,999993873.0,96,1185,1000,0,419,999993882.0,87,1041,1000,9,398,999993857.0,99,1126,1000,10,413,900,9.999999999e-11,0.0007608616487453176,9.999999999e-11,0.0008153346868954933,0.00947572173981984,0.047571245237848434,0.09090909090909091,0.9644980715228751,0.058637974245959734,0.0017011013233450202,9.999999999e-11,0.0007773951865448682,0.00947591796745013,0.04757124445721322,0.09090909090909091,0.9645187076145536,0.05904952540840706,0.0016143895321265513,9.999999999e-11,0.0007614197981138373,0.009475810042263092,0.009891081466815103,0.09090909090909091,0.8795248037168819,0.050287456648744275,0.0015515888309566932,9.999999999e-11,0.0007424483608678751,0.009475672682900118,0.00989108162218762,0.09090909090909091,0.883736559139785,0.04755098151324567,0.0018256608662755816,9.999999999e-11,0.0007314645679362707,0.009475996458480478,0.009891081514318074,0.09090909090909091,0.8763593164580098,0.04872266647795627,0.0017020979230412145,9.999999999e-11,0.001008980929261446,0.0049751243781094535,0.0029910269192422734,0.877850247444317,0.017819406072964165,9.999999999e-11,0.0010688563237336052,0.0049751243781094535,0.0029910269192422734,0.8780124156546697,0.01781954931038665,9.999999999e-11,0.001008980929261446,0.0049751243781094535,0.0029910269192422734,0.8779828036872936,0.01781946467287228,9.999999999e-11,0.000959079283887468,0.0049751243781094535,0.0029910269192422734,0.8779275602990528,0.017819586743676553,9.999999999e-11,0.0009391172298039843,0.0049751243781094535,0.0009990009990009992,0.8287712867105326,0.017819448395518123,9.999999999e-11,0.000959079283887468,0.0049751243781094535,0.0009990009990009992,0.8285243856127635,0.01781945002326457,9.999999999e-11,0.000959079283887468,0.0049751243781094535,0.04117942601165159,0.882019444817304,0.017813551181619966,9.999999999e-11,0.0008692437579306005,0.0049751243781094535,0.04104334484081319,0.8820739409482453,0.01781353971195076,9.999999999e-11,0.000989020869339354,0.0049751243781094535,0.04101759540915943,0.8820632292661307,0.017813526603539707
1000,9999999299491.0,801489,9999960830.0,841,1000,0,0.0,25,0,300,9999960710.0,798,1000,0,0.0,0,0,300,9999991590.0,783,1000,0,0.0,0,0,300,9999991754.0,775,1000,0,0.0,0,0,300,9999991647.0,774,1000,0,0.0,0,0,300,999997158.0,96,615,89,8,152,999997217.0,105,635,88,3,169,999997156.0,100,663,110,2,177,999997248.0,96,661,110,2,190,999997168.0,94,612,91,6,175,999997177.0,97,659,110,5,192,999993300.0,97,748,1000,3,277,999993319.0,88,618,1000,3,262,999993280.0,100,710,1000,9,255,1000,9.999999999e-11,0.0008008471298347557,9.999999999e-11,0.0008402933133234948,0.009430920936728478,0.047571245237848316,0.09090909090909091,0.9643998235364892,0.06494761468823111,0.0016592423392321962,9.999999999e-11,0.000797363703764396,0.009430459759776582,0.04757124445721313,0.09090909090909091,0.9644107526141458,0.06547872017485278,0.0015695326946040826,9.999999999e-11,0.000782387390673103,0.009430567694846369,0.009891081466815084,0.09090909090909091,0.919306403177371,0.054757268515409935,0.0014967563622130427,9.999999999e-11,0.000774399840123904,0.009430793377189002,0.009891081622187587,0.09090909090909091,0.9212828891332291,0.05211912943871708,0.001783812327370988,9.999999999e-11,0.0007734013873262095,0.009430675629892632,0.009891081514318029,0.09090909090909091,0.9185180323565124,0.05333423999274673,0.0016413017000051916,9.999999999e-11,0.000959079283887468,0.0049751243781094535,0.0029910269192422734,0.877688528874542,0.01781891107595672,9.999999999e-11,0.0010488986564107686,0.0049751243781094535,0.0029910269192422734,0.87783755940631,0.017819016937172468,9.999999999e-11,0.0009990009990009992,0.0049751243781094535,0.0029910269192422734,0.8777985528905725,0.017818915962128697,9.999999999e-11,0.000959079283887468,0.0049751243781094535,0.0029910269192422734,0.8777328822175907,0.01781905276430294,9.999999999e-11,0.0009391172298039843,0.0049751243781094535,0.0009990009990009992,0.8270427767617894,0.0178189289918197,9.999999999e-11,0.0009690600117885652,0.0049751243781094535,0.0009990009990009992,0.8266454474269486,0.017818940392630545,9.999999999e-11,0.0009690600117885652,0.0049751243781094535,0.037502743117182116,0.8830864896303564,0.017812601978444448,9.999999999e-11,0.0008792262808728319,0.0049751243781094535,0.037444376316896406,0.8831270962213652,0.017812618380829665,9.999999999e-11,0.0009990009990009992,0.0049751243781094535,0.037425845693587624,0.8831150451196954,0.017812574093721077
1100,9999999266720.0,834254,9999960815.0,858,1000,0,0.0,5,0,300,9999960675.0,833,1000,0,0.0,20,0,300,9999991555.0,817,1000,0,0.0,0,0,300,9999991721.0,809,1000,0,0.0,0,0,300,9999991623.0,797,1000,0,0.0,0,0,300,999996847.0,97,621,47,3,183,999996899.0,109,619,47,4,187,999996853.0,98,631,58,10,188,999996904.0,96,634,58,1,174,999996847.0,101,616,47,1,167,999996846.0,101,646,58,2,176,999992877.0,102,444,1000,0,165,999992966.0,86,380,1000,0,142,999992888.0,100,409,1000,5,155,1100,9.999999999e-11,0.0008335586004033791,9.999999999e-11,0.0008572644670872392,0.009384133818810394,0.04757124523784823,0.09090909090909091,0.964283120174232,0.07048322560787935,0.0016253539238120342,9.999999999e-11,0.0008323066885284557,0.009384094566017067,0.04757124445721296,0.09090909090909091,0.9643004634515671,0.07111735366622715,0.0015097173074311643,9.999999999e-11,0.0008163330558933351,0.009384310456341877,0.00989108146681505,0.09090909090909091,0.9345090393477491,0.0577982450410434,0.0014449092163639214,9.999999999e-11,0.0008083460480471299,0.009384241763976007,0.009891081622187554,0.09090909090909091,0.9360126916975146,0.054877367138417524,0.001723026057025574,9.999999999e-11,0.0007963652968584039,0.009384016060421076,0.009891081514318008,0.09090909090909091,0.9344976230316597,0.05629139072847683,0.0016034248996112245,9.999999999e-11,0.0009690600117885652,0.0049751243781094535,0.0029910269192422734,0.8774811811170863,0.017818410915640893,9.999999999e-11,0.0010888131936189554,0.0049751243781094535,0.0029910269192422734,0.877637004119352,0.01781850542989758,9.999999999e-11,0.000979040540270535,0.0049751243781094535,0.0029910269192422734,0.8776091417641063,0.017818417434186086,9.999999999e-11,0.000959079283887468,0.0049751243781094535,0.0029910269192422734,0.8775347411730016,0.017818494023555474,9.999999999e-11,0.001008980929261446,0.0049751243781094535,0.0009990009990009992,0.825181480334616,0.017818407656342447,9.999999999e-11,0.001008980929261446,0.0049751243781094535,0.0009990009990009992,0.8248018127774877,0.017818412545274963,9.999999999e-11,0.001018960660126671,0.0049751243781094535,0.03417289464178438,0.8839724760466109,0.017811919373905305,9.999999999e-11,0.0008592610355094617,0.0049751243781094535,0.0342158025473524,0.883994340469042,0.017812034271635108,9.999999999e-11,0.0009990009990009992,0.0049751243781094535,0.03421486980733552,0.8839668011300605,0.017811930864341324
1200,9999999238238.0,862821,9999960770.0,904,1000,0,0.0,0,0,300,9999960644.0,864,1000,0,0.0,9,0,300,9999991526.0,846,1000,0,0.0,0,0,300,9999991688.0,842,1000,0,0.0,0,0,300,9999991601.0,819,1000,0,0.0,0,0,300,999996507.0,107,614,21,4,187,999996574.0,100,616,21,0,151,999996506.0,105,606,22,6,192,999996559.0,102,602,22,2,185,999996538.0,102,621,21,0,146,999996537.0,102,603,22,1,172,999992629.0,109,269,1000,0,97,999992768.0,91,245,1000,1,86,999992644.0,98,225,1000,1,98,1200,9.999999999e-11,0.0008620771817040051,9.999999999e-11,0.0009031835220960252,0.009338323692461565,0.047571245237848,0.09090909090909091,0.9641649924586119,0.07558203082304077,0.0015795012290556341,9.999999999e-11,0.0008632541484157688,0.00933823536550357,0.047571244457212815,0.09090909090909091,0.9641777710190659,0.07624911842890468,0.0014548802394910615,9.999999999e-11,0.0008452848889839196,0.009338412019403811,0.009891081466815022,0.09090909090909091,0.9421808700986658,0.05951309416655951,0.0014010343488086213,9.999999999e-11,0.0008412916324454808,0.00933852978863564,0.009891081622187523,0.09090909090909091,0.9437463506714765,0.05627676955005079,0.0016672157496980043,9.999999999e-11,0.0008183297879037069,0.009338598487341273,0.009891081514317987,0.09090909090909091,0.9425074651974598,0.058032416460261596,0.0015505919307315739,9.999999999e-11,0.0010688563237336052,0.0049751243781094535,0.0029910269192422734,0.8772694945425747,0.017817863187893985,9.999999999e-11,0.0009990009990009992,0.0049751243781094535,0.0029910269192422734,0.877448406378373,0.01781796917332567,9.999999999e-11,0.0010488986564107686,0.0049751243781094535,0.0029910269192422734,0.8773988702251064,0.01781785829595946,9.999999999e-11,0.001018960660126671,0.0049751243781094535,0.0029910269192422734,0.8773185512305538,0.017817943085769308,9.999999999e-11,0.001018960660126671,0.0049751243781094535,0.0009990009990009992,0.8233768973963154,0.017817908844700917,9.999999999e-11,0.001018960660126671,0.0049751243781094535,0.0009990009990009992,0.8227995673354999,0.017817903953012658,9.999999999e-11,0.0010888131936189554,0.0049751243781094535,0.03117110099653741,0.8847166396144786,0.0178115204004716,9.999999999e-11,0.0009091726528858739,0.0049751243781094535,0.031226476967893876,0.884754532986243,0.017811719088461127,9.999999999e-11,0.000979040540270535,0.0049751243781094535,0.031116657429978798,0.8847400414789987,0.017811530253823548
1300,9999999215011.0,885782,9999960741.0,932,1000,0,0.0,9,0,300,9999960630.0,878,1000,0,0.0,12,0,300,9999991490.0,882,1000,0,0.0,0,0,300,9999991653.0,877,1000,0,0.0,0,0,300,9999991580.0,840,1000,0,0.0,0,0,300,999996180.0,107,639,10,0,158,999996319.0,99,636,10,1,164,999996159.0,110,670,10,4,177,999996248.0,107,673,10,3,200,999996265.0,94,633,10,0,162,999996218.0,104,678,10,0,181,999992495.0,103,163,1000,2,62,999992636.0,93,147,1000,1,52,999992508.0,96,125,1000,1,62,1300,9.999999999e-11,0.0008849980846266034,9.999999999e-11,0.000931132184803763,0.009291812462585905,0.04757124523784787,0.09090909090909091,0.9640454422238103,0.07967080766955494,0.0015286596221185367,9.999999999e-11,0.0008772297922424112,0.009291920427872552,0.047571244457212745,0.09090909090909091,0.9640352481256518,0.08078700125384312,0.0014100090671971177,9.999999999e-11,0.0008812227615243354,0.009291508196651475,0.009891081466814985,0.09090909090909091,0.94723458359822,0.06046896903275138,0.0013591501965824514,9.999999999e-11,0.0008762315449350918,0.009291733942362651,0.009891081622187489,0.09090909090909091,0.9482663481326158,0.05721915769197093,0.0016074120665728181,9.999999999e-11,0.0008392949922065466,0.009291625977035358,0.009891081514317964,0.09090909090909091,0.9475596219179926,0.0590147698402446,0.001521680958219673,9.999999999e-11,0.0010688563237336052,0.0049751243781094535,0.0029910269192422734,0.8770763081607349,0.017817329809038503,9.999999999e-11,0.000989020869339354,0.0049751243781094535,0.0029910269192422734,0.8772725465233671,0.017817545156246836,9.999999999e-11,0.0010987913295375086,0.0049751243781094535,0.0029910269192422734,0.8771845529024617,0.017817300439488558,9.999999999e-11,0.0010688563237336052,0.0049751243781094535,0.0029910269192422734,0.8771083545052739,0.01781744075194742,9.999999999e-11,0.0009391172298039843,0.0049751243781094535,0.0009990009990009992,0.8213819622773917,0.017817447277595433,9.999999999e-11,0.0010389195236953567,0.0049751243781094535,0.0009990009990009992,0.8205847207377993,0.01781739017674549,9.999999999e-11,0.0010289401916026492,0.0049751243781094535,0.028447069796362506,0.8853478059153991,0.017811290458668964,9.999999999e-11,0.000929135903609643,0.0049751243781094535,0.028399871748783067,0.8853990433584333,0.017811505620298655,9.999999999e-11,0.000959079283887468,0.0049751243781094535,0.02832056870453755,0.8853818398754464,0.017811305242427616
1400,9999999195484.0,905343,9999960722.0,952,1000,0,0.0,20,0,300,9999960628.0,881,1000,0,0.0,11,0,300,9999991489.0,883,1000,0,0.0,0,0,300,9999991617.0,913,1000,0,0.0,0,0,300,9999991530.0,891,1000,0,0.0,0,0,300,999995884.0,108,705,3,4,170,999996017.0,94,695,3,3,146,999995829.0,107,607,7,5,169,999995916.0,106,602,7,5,186,999995969.0,95,692,3,6,161,999995892.0,98,600,7,4,173,999992404.0,102,109,1000,2,23,999992554.0,94,84,1000,0,35,999992430.0,96,77,1000,1,30,1400,9.999999999e-11,0.0009045240954418604,9.999999999e-11,0.0009510945579808023,0.00924634717054231,0.047571245237847774,0.09090909090909091,0.963906408015741,0.0835701583819448,0.0014788098825639225,9.999999999e-11,0.0008802245221959454,0.009246170483806694,0.04757124445721273,0.09090909090909091,0.9639033652745026,0.08496732026143791,0.0013751064783792718,9.999999999e-11,0.0008822209988580084,0.009246258827182378,0.009891081466814984,0.09090909090909091,0.9506137596345989,0.061081195227536696,0.0013142704201271125,9.999999999e-11,0.0009121671913542936,0.00924645514573861,0.009891081622187452,0.09090909090909091,0.951328401978378,0.0577982450410434,0.0015575701905028157,9.999999999e-11,0.000890206825718285,0.009246062508548349,0.009891081514317914,0.09090909090909091,0.9508528964701908,0.05955441302485005,0.001487783203027489,9.999999999e-11,0.0010788348583529788,0.0049751243781094535,0.0029910269192422734,0.8768740650995608,0.017816846720677796,9.999999999e-11,0.0009391172298039843,0.0049751243781094535,0.0029910269192422734,0.8770851351924792,0.01781704912731385,9.999999999e-11,0.0010688563237336052,0.0049751243781094535,0.0029910269192422734,0.8769734052994852,0.017816756928886426,9.999999999e-11,0.0010588775897548597,0.0049751243781094535,0.0029910269192422734,0.8768987052154126,0.01781689732662507,9.999999999e-11,0.0009490983565612668,0.0049751243781094535,0.0009990009990009992,0.8193411710168184,0.01781697404633181,9.999999999e-11,0.000979040540270535,0.0049751243781094535,0.0009990009990009992,0.8182496196229243,0.017816845088196247,9.999999999e-11,0.001018960660126671,0.0049751243781094535,0.025811134004549464,0.8859144503247762,0.01781113767902952,9.999999999e-11,0.0009391172298039843,0.0049751243781094535,0.0258680733131688,0.8859417313322445,0.01781137258752608,9.999999999e-11,0.000959079283887468,0.0049751243781094535,0.025768425154659262,0.8859294363882043,0.017811172179942616
1500,9999999178512.0,922342,9999960740.0,934,1000,0,0.0,1,0,300,9999960632.0,879,1000,0,0.0,25,0,300,9999991450.0,922,1000,0,0.0,0,0,300,9999991612.0,919,1000,0,0.0,0,0,300,9999991505.0,918,1000,0,0.0,0,0,300,999995569.0,110,645,1,1,193,999995714.0,99,644,1,1,169,999995527.0,111,581,3,4,162,999995603.0,113,580,3,2,171,999995655.0,101,639,1,5,176,999995584.0,99,578,3,5,171,999992353.0,101,53,1000,0,30,999992501.0,101,49,1000,0,24,999992386.0,99,46,1000,0,19,1500,9.999999999e-11,0.0009214920691619452,9.999999999e-11,0.0009331284580202092,0.009201221294243389,0.04757124523784788,0.09090909090909091,0.9637571626292063,0.08721835573775702,0.0014329437257535437,9.999999999e-11,0.0008782280375549891,0.009201643417418096,0.047571244457212745,0.09090909090909091,0.9637651862112847,0.0884671327358889,0.0013302281361226844,9.999999999e-11,0.0009211506990554708,0.009201417630648459,0.009891081466814946,0.09090909090909091,0.9529083681098081,0.061421234318430586,0.0012703840714611014,9.999999999e-11,0.0009181562144389307,0.009201525615638083,0.009891081622187447,0.09090909090909091,0.9535459264552093,0.05812438944969066,0.0015077233377599826,9.999999999e-11,0.0009171580489110996,0.009201299828814754,0.009891081514317892,0.09090909090909091,0.953226532221776,0.0598359079546183,0.001446903436919903,9.999999999e-11,0.0010987913295375086,0.0049751243781094535,0.0029910269192422734,0.876645241928422,0.017816335603415043,9.999999999e-11,0.000989020869339354,0.0049751243781094535,0.0029910269192422734,0.876867302848447,0.01781655282312503,9.999999999e-11,0.0011087692661146129,0.0049751243781094535,0.0029910269192422734,0.8767754081332129,0.017816270263867267,9.999999999e-11,0.0011287245412683665,0.0049751243781094535,0.0029910269192422734,0.8767008916279535,0.017816399304873495,9.999999999e-11,0.001008980929261446,0.0049751243781094535,0.0009990009990009992,0.8168945349005577,0.017816463001825534,9.999999999e-11,0.000989020869339354,0.0049751243781094535,0.0009990009990009992,0.8158786955082795,0.017816343770542423,9.999999999e-11,0.001008980929261446,0.0049751243781094535,0.023499484895978282,0.8863697143767154,0.017811055528686382,9.999999999e-11,0.001008980929261446,0.0049751243781094535,0.02354239290701194,0.8864005849472979,0.017811297029256455,9.999999999e-11,0.000989020869339354,0.0049751243781094535,0.023441314682364524,0.8863933842905027,0.01781110481979933
1600,9999999164090.0,936907,9999960741.0,930,1000,0,0.0,6,0,300,9999960601.0,907,1000,0,0.0,6,0,300,9999991446.0,927,1000,0,0.0,0,0,300,9999991601.0,929,1000,0,0.0,0,0,300,9999991503.0,917,1000,0,0.0,0,0,300,999995226.0,111,628,1,2,162,999995419.0,90,625,1,6,172,999995228.0,108,598,1,6,176,999995288.0,107,605,1,9,161,999995334.0,99,626,1,4,205,999995279.0,97,600,1,1,175,999992317.0,93,24,1000,0,14,999992471.0,98,28,1000,0,12,999992367.0,99,36,1000,1,9,1600,9.999999999e-11,0.0009360300269155725,9.999999999e-11,0.000929135903609643,0.009156101124775277,0.04757124523784788,0.09090909090909091,0.9635979628230399,0.09069845176778037,0.0013960483244424295,9.999999999e-11,0.0009061780964665049,0.009156218937357102,0.04757124445721261,0.09090909090909091,0.9636048718061868,0.09169627996941208,0.001290332889906241,9.999999999e-11,0.0009261414668602206,0.00915631711448722,0.009891081466814942,0.09090909090909091,0.9547920902345217,0.06171284634760705,0.0012284889585809453,9.999999999e-11,0.0009281377600209406,0.009156258208211485,0.009891081622187435,0.09090909090909091,0.9551493273448486,0.05835716142448662,0.0014678422718603652,9.999999999e-11,0.0009161598813887664,0.009156169848784746,0.009891081514317888,0.09090909090909091,0.955003460619005,0.05996585574050364,0.001407017512325134,9.999999999e-11,0.0011087692661146129,0.0049751243781094535,0.0029910269192422734,0.8764330228376612,0.017815783334025604,9.999999999e-11,0.00089919072834449,0.0049751243781094535,0.0029910269192422734,0.8766639195896033,0.01781605951135893,9.999999999e-11,0.0010788348583529788,0.0049751243781094535,0.0029910269192422734,0.8765617310137273,0.017815780065150295,9.999999999e-11,0.0010688563237336052,0.0049751243781094535,0.0029910269192422734,0.8764963172304019,0.01781587976064159,9.999999999e-11,0.000989020869339354,0.0049751243781094535,0.0009990009990009992,0.8141668457174802,0.01781594349457764,9.999999999e-11,0.0009690600117885652,0.0049751243781094535,0.0009990009990009992,0.8133605243113387,0.01781584217186097,9.999999999e-11,0.000929135903609643,0.0049751243781094535,0.021400024269279398,0.8867557964364184,0.017810981586959936,9.999999999e-11,0.000979040540270535,0.0049751243781094535,0.02138278612320791,0.886806979120789,0.017811242820505422,9.999999999e-11,0.000989020869339354,0.0049751243781094535,0.021277428700060677,0.8867988083931496,0.01781107360241108
1700,9999999152632.0,948401,9999960728.0,944,1000,0,0.0,0,0,300,9999960583.0,926,1000,0,0.0,9,0,300,9999991438.0,935,1000,0,0.0,0,0,300,9999991564.0,965,1000,0,0.0,0,0,300,9999991488.0,933,1000,0,0.0,0,0,300,999994947.0,108,618,0,2,185,999995120.0,93,614,0,6,157,999994900.0,106,580,0,5,186,999995019.0,101,583,0,1,154,999995013.0,91,618,0,4,192,999994984.0,103,579,0,1,162,999992303.0,88,15,1000,0,4,999992458.0,95,17,1000,0,7,999992357.0,92,20,1000,0,9,1700,9.999999999e-11,0.0009475023877879195,9.999999999e-11,0.0009431097044390094,0.009111605236325942,0.047571245237847816,0.09090909090909091,0.9634308969259422,0.09372082166199815,0.0013631393148352496,9.999999999e-11,0.0009251433172881911,0.00911169360370104,0.047571244457212516,0.09090909090909091,0.9634467779876043,0.09462263335350567,0.0012594118816172807,9.999999999e-11,0.0009341265916368196,0.009111399045722751,0.009891081466814933,0.09090909090909091,0.9562499281749544,0.06183827075078097,0.0011925760641793698,9.999999999e-11,0.0009640696727657809,0.009111349952709343,0.0098910816221874,0.09090909090909091,0.9564694609878446,0.05846966155976803,0.0014189836242699126,9.999999999e-11,0.0009321303224091922,0.009111497231734973,0.00989108151431787,0.09090909090909091,0.9563967779752676,0.06008185713372131,0.0013581529120396262,9.999999999e-11,0.0010788348583529788,0.0049751243781094535,0.0029910269192422734,0.8762183084283797,0.017815317398143633,9.999999999e-11,0.000929135903609643,0.0049751243781094535,0.0029910269192422734,0.8764694347784323,0.01781557573644275,9.999999999e-11,0.0010588775897548597,0.0049751243781094535,0.0029910269192422734,0.8763282440594471,0.01781523726543491,9.999999999e-11,0.001008980929261446,0.0049751243781094535,0.0029910269192422734,0.876301561984032,0.017815423685585516,9.999999999e-11,0.0009091726528858739,0.0049751243781094535,0.0009990009990009992,0.8114411357535147,0.017815402429126923,9.999999999e-11,0.0010289401916026492,0.0049751243781094535,0.0009990009990009992,0.8110257089522132,0.017815376266597346,9.999999999e-11,0.0008792262808728319,0.0049751243781094535,0.019438648237342915,0.8871036514489333,0.017810950365293524,9.999999999e-11,0.0009490983565612668,0.0049751243781094535,0.01948960511904867,0.8871409687559366,0.01781121653629849,9.999999999e-11,0.0009191543779722655,0.0049751243781094535,0.019354028885907724,0.8871325614753783,0.017811045670155647
1800,9999999143494.0,957474,9999960692.0,981,1000,0,0.0,10,0,300,9999960573.0,935,1000,0,0.0,9,0,300,9999991433.0,939,1000,0,0.0,0,0,300,9999991557.0,974,1000,0,0.0,0,0,300,9999991485.0,935,1000,0,0.0,0,0,300,999994624.0,109,645,0,6,170,999994819.0,91,642,0,1,165,999994593.0,109,627,0,3,153,999994701.0,103,630,0,2,173,999994711.0,96,637,0,1,180,999994710.0,101,629,0,2,145,999992303.0,81,8,1000,1,3,999992438.0,102,9,1000,0,2,999992347.0,88,9,1000,1,8,1800,9.999999999e-11,0.000956558120470161,9.999999999e-11,0.00098003858215091,0.00906619213885472,0.047571245237847636,0.09090909090909091,0.9632470820910058,0.09656207060934917,0.0013162651625158043,9.999999999e-11,0.0009341265916368196,0.009066398348272237,0.047571244457212475,0.09090909090909091,0.9632645507541409,0.0973089194062977,0.001212527991018903,9.999999999e-11,0.0009381191061593163,0.009066319792313777,0.009891081466814928,0.09090909090909091,0.9574533756764728,0.06188440420805567,0.0011676350346445006,9.999999999e-11,0.0009730522471113136,0.009066054665862027,0.009891081622187395,0.09090909090909091,0.9574795607703622,0.05856089598062745,0.0013731119710398204,9.999999999e-11,0.0009341265916368196,0.009066103763363796,0.009891081514317869,0.09090909090909091,0.9575444440667596,0.06017039403620873,0.0013032991945511108,9.999999999e-11,0.0010888131936189554,0.0049751243781094535,0.0029910269192422734,0.8760048223951258,0.01781479068041705,9.999999999e-11,0.0009091726528858739,0.0049751243781094535,0.0029910269192422734,0.8762498927855558,0.017815080249967176,9.999999999e-11,0.0010888131936189554,0.0049751243781094535,0.0029910269192422734,0.8761363544715022,0.017814739955214605,9.999999999e-11,0.0010289401916026492,0.0049751243781094535,0.0029910269192422734,0.876067264162508,0.017814910118749985,9.999999999e-11,0.000959079283887468,0.0049751243781094535,0.0009990009990009992,0.8088825540185745,0.017814916662867723,9.999999999e-11,0.001008980929261446,0.0049751243781094535,0.0009990009990009992,0.8086474267553023,0.017814918298877658,9.999999999e-11,0.0008093444310108812,0.0049751243781094535,0.01769041334605097,0.8874005792456574,0.017810938862309705,9.999999999e-11,0.001018960660126671,0.0049751243781094535,0.017702957303476742,0.8874398543699522,0.017811195179796638,9.999999999e-11,0.0008792262808728319,0.0049751243781094535,0.017566886502449697,0.8874300640699156,0.017811024309606568
1900,9999999135597.0,965411,9999960684.0,987,1000,0,0.0,0,0,300,9999960567.0,942,1000,0,0.0,8,0,300,9999991420.0,953,1000,0,0.0,0,0,300,9999991536.0,993,1000,0,0.0,0,0,300,9999991451.0,970,1000,0,0.0,0,0,300,999994323.0,105,596,0,1,165,999994487.0,101,599,0,4,180,999994311.0,111,581,0,5,148,999994393.0,105,584,0,3,179,999994383.0,92,589,0,0,165,999994423.0,103,587,0,6,174,999992298.0,82,7,1000,0,1,999992433.0,101,5,1000,0,0,999992330.0,96,2,1000,0,4,1900,9.999999999e-11,0.0009644798805140731,9.999999999e-11,0.0009860267915567334,0.009022581828548162,0.047571245237847615,0.09090909090909091,0.9630503083180986,0.09928031375085919,0.0012843483280501277,9.999999999e-11,0.0009411134711102142,0.009022444343455022,0.04757124445721244,0.09090909090909091,0.9630787931165802,0.09971075044190905,0.0011776115959284002,9.999999999e-11,0.0009520926556991187,0.009022316678691519,0.009891081466814916,0.09090909090909091,0.9583335946761335,0.06191074795725959,0.0011327155006222943,9.999999999e-11,0.0009920149291753287,0.009022179193524809,0.009891081622187372,0.09090909090909091,0.9583600456585305,0.058602952300676484,0.0013421960884571135,9.999999999e-11,0.0009690600117885652,0.009022709493243347,0.009891081514317838,0.09090909090909091,0.958434934757925,0.06023839931885909,0.0012703840714611014,9.999999999e-11,0.0010488986564107686,0.0049751243781094535,0.0029910269192422734,0.8757911333959044,0.01781430458213189,9.999999999e-11,0.001008980929261446,0.0049751243781094535,0.0029910269192422734,0.8760163511242289,0.017814564849391864,9.999999999e-11,0.0011087692661146129,0.0049751243781094535,0.0029910269192422734,0.8759390864409587,0.017814283299064225,9.999999999e-11,0.0010488986564107686,0.0049751243781094535,0.0029910269192422734,0.8758407777806072,0.017814406078985982,9.999999999e-11,0.0009191543779722655,0.0049751243781094535,0.0009990009990009992,0.8058502190246273,0.017814371702330373,9.999999999e-11,0.0010289401916026492,0.0049751243781094535,0.0009990009990009992,0.8056880679590321,0.017814460096819338,9.999999999e-11,0.0008193281509162486,0.0049751243781094535,0.01601727086486178,0.8876679006502507,0.01781093228910099,9.999999999e-11,0.001008980929261446,0.0049751243781094535,0.01606374332645234,0.8876974881586221,0.01781118532278573,9.999999999e-11,0.000959079283887468,0.0049751243781094535,0.01597660385973337,0.8876826337488765,0.017811007878049265
2000,9999999130345.0,970629,9999960683.0,990,1000,0,0.0,22,0,300,9999960554.0,957,1000,0,0.0,15,0,300,9999991423.0,950,1000,0,0.0,0,0,300,9999991528.0,1001,1000,0,0.0,0,0,300,9999991434.0,987,1000,0,0.0,0,0,300,999994034.0,104,616,0,4,166,999994170.0,99,625,0,6,176,999994020.0,116,605,0,1,185,999994086.0,105,610,0,6,198,999994081.0,93,622,0,1,149,999994129.0,108,599,0,1,163,999992287.0,90,4,1000,0,1,999992433.0,100,2,1000,0,2,999992324.0,98,1,1000,1,1,2000,9.999999999e-11,0.0009696877929072582,9.999999999e-11,0.000989020869339354,0.008977956092153912,0.047571245237847594,0.09090909090909091,0.9628345220179285,0.10167167128131134,0.0012364692510671788,9.999999999e-11,0.0009560850266295154,0.008977779309677905,0.047571244457212385,0.09090909090909091,0.9628570637687437,0.10202960377480448,0.001138701879856963,9.999999999e-11,0.0009490983565612668,0.008977543599611785,0.009891081466814918,0.09090909090909091,0.9590727431925168,0.061930497077860885,0.0010918066553257289,9.999999999e-11,0.0009999990009999988,0.008977622169646282,0.009891081622187365,0.09090909090909091,0.9591321317873952,0.058609958506224066,0.0013032991945511108,9.999999999e-11,0.0009860267915567334,0.008977651633406006,0.00989108151431782,0.09090909090909091,0.9591748149501965,0.06026557711950971,0.0012364692510671788,9.999999999e-11,0.0010389195236953567,0.0049751243781094535,0.0029910269192422734,0.8755750906795619,0.017813816581889137,9.999999999e-11,0.000989020869339354,0.0049751243781094535,0.0029910269192422734,0.8757877857481543,0.01781403768876966,9.999999999e-11,0.0011586559590874585,0.0049751243781094535,0.0029910269192422734,0.8757093615553141,0.017813821495946586,9.999999999e-11,0.0010488986564107686,0.0049751243781094535,0.0029910269192422734,0.8756071465617752,0.017813903393312475,9.999999999e-11,0.000929135903609643,0.0049751243781094535,0.0009990009990009992,0.8029792404061289,0.01781388210074392,9.999999999e-11,0.0010788348583529788,0.0049751243781094535,0.0009990009990009992,0.802838300829646,0.01781398364544448,9.999999999e-11,0.00089919072834449,0.0049751243781094535,0.014520061415109772,0.8878957722915869,0.01781092735914995,9.999999999e-11,0.0009990009990009992,0.0049751243781094535,0.014591922807072865,0.8879219286831332,0.017811183679941535,9.999999999e-11,0.000979040540270535,0.0049751243781094535,0.014568617558022202,0.8879003694749718,0.017811001305344243
2100,9999999124388.0,976605,9999960676.0,995,1000,0,0.0,1,0,300,9999960542.0,968,1000,0,0.0,0,0,300,9999991399.0,973,1000,0,0.0,0,0,300,9999991513.0,1017,1000,0,0.0,0,0,300,9999991428.0,993,1000,0,0.0,0,0,300,999993726.0,101,590,0,7,179,999993895.0,92,591,0,2,181,999993731.0,108,589,0,8,174,999993750.0,106,585,0,6,162,999993794.0,97,594,0,3,162,999993844.0,103,590,0,5,158,999992278.0,96,2,1000,0,0,999992428.0,103,1,1000,1,1,999992323.0,99,1,1000,0,1,2100,9.999999999e-11,0.0009756521732093828,9.999999999e-11,0.0009940109590956998,0.008934171038993079,0.04757124523784757,0.09090909090909091,0.9625992958012062,0.1038162757372351,0.0011965665133170462,9.999999999e-11,0.000967063882162067,0.008933689755135463,0.04757124445721233,0.09090909090909091,0.9626343092871967,0.10424936958529948,0.0010987913295375086,9.999999999e-11,0.0009720541912718926,0.008933915663943168,0.009891081466814894,0.09090909090909091,0.9597135471025546,0.06195023875345565,0.0010518923573477129,9.999999999e-11,0.001015966761803246,0.008933778154246395,0.00989108162218735,0.09090909090909091,0.9597730460283055,0.05862396819222957,0.001267391679958133,9.999999999e-11,0.0009920149291753287,0.00893405317360178,0.009891081514317814,0.09090909090909091,0.959806372257271,0.06026557711950971,0.0011975641206193775,9.999999999e-11,0.001008980929261446,0.0049751243781094535,0.0029910269192422734,0.8753350110629761,0.017813313565296803,9.999999999e-11,0.0009191543779722655,0.0049751243781094535,0.0029910269192422734,0.8755769993273301,0.01781356920512339,9.999999999e-11,0.0010788348583529788,0.0049751243781094535,0.0029910269192422734,0.8754974969896347,0.017813331593558024,9.999999999e-11,0.0010588775897548597,0.0049751243781094535,0.0029910269192422734,0.8753862209193344,0.017813362732452927,9.999999999e-11,0.0009690600117885652,0.0049751243781094535,0.0009990009990009992,0.7997631283604638,0.01781341517447223,9.999999999e-11,0.0010289401916026492,0.0049751243781094535,0.0009990009990009992,0.7997241182689274,0.01781350366338438,9.999999999e-11,0.000959079283887468,0.0049751243781094535,0.013220866826261744,0.8880875916696054,0.01781092242917539,9.999999999e-11,0.0010289401916026492,0.0049751243781094535,0.01317217777111121,0.8881320520028185,0.01781118039423522,9.999999999e-11,0.000989020869339354,0.0049751243781094535,0.013215998136951805,0.8880989165841722,0.01781100130534246
2200,9999999120287.0,980617,9999960687.0,987,1000,0,0.0,7,0,300,9999960536.0,972,1000,0,0.0,8,0,300,9999991429.0,945,1000,0,0.0,0,0,300,9999991514.0,1016,1000,0,0.0,0,0,300,9999991445.0,976,1000,0,0.0,0,0,300,999993422.0,106,567,0,5,173,999993596.0,96,564,0,5,187,999993432.0,107,592,0,1,177,999993468.0,100,592,0,0,174,999993510.0,99,570,0,5,186,999993540.0,103,596,0,4,173,999992275.0,99,1,1000,0,0,999992429.0,100,0,1000,0,0,999992321.0,99,0,1000,0,0,2200,9.999999999e-11,0.0009796563323463436,9.999999999e-11,0.0009860267915567334,0.00888969450739454,0.047571245237847615,0.09090909090909091,0.9623506155090304,0.10582609330510334,0.0011656396984718834,9.999999999e-11,0.000971056133438298,0.008889773091359321,0.047571244457212294,0.09090909090909091,0.9623727503114128,0.10626706288806745,0.001071849905051879,9.999999999e-11,0.0009441078181118842,0.008889949905234517,0.009891081466814925,0.09090909090909091,0.9602834234570204,0.061956817658268944,0.0010169647299049568,9.999999999e-11,0.0010149687917076252,0.008889890967283128,0.00989108162218735,0.09090909090909091,0.9603313991833589,0.058637974245959734,0.0012274914130533576,9.999999999e-11,0.0009750483528076597,0.008889841852318283,0.00989108151431783,0.09090909090909091,0.9603444279507425,0.06027916081535385,0.001154665207020684,9.999999999e-11,0.0010588775897548597,0.0049751243781094535,0.0029910269192422734,0.8751145847526897,0.0178128168256869,9.999999999e-11,0.000959079283887468,0.0049751243781094535,0.0029910269192422734,0.8753565208897287,0.017813085722234688,9.999999999e-11,0.0010688563237336052,0.0049751243781094535,0.0029910269192422734,0.875270636950495,0.017812834863951764,9.999999999e-11,0.0009990009990009992,0.0049751243781094535,0.0029910269192422734,0.8751574970808664,0.01781288241765485,9.999999999e-11,0.000989020869339354,0.0049751243781094535,0.0009990009990009992,0.7962576093169396,0.017812956202872703,9.999999999e-11,0.0010289401916026492,0.0049751243781094535,0.0009990009990009992,0.7960600067653454,0.01781300538963595,9.999999999e-11,0.000989020869339354,0.0049751243781094535,0.011972912249362228,0.8882625381767248,0.01781092078584452,9.999999999e-11,0.0009990009990009992,0.0049751243781094535,0.011992435814088593,0.8882991929516353,0.017811177108527556,9.999999999e-11,0.000989020869339354,0.0049751243781094535,0.012016839184992932,0.8882695708807009,0.01781099801897368
2300,9999999116010.0,985053,9999960684.0,988,1000,0,0.0,10,0,300,9999960523.0,986,1000,0,0.0,0,0,300,9999991456.0,917,1000,0,0.0,0,0,300,9999991493.0,1036,1000,0,0.0,0,0,300,9999991432.0,988,1000,0,0.0,0,0,300,999993127.0,105,595,0,0,137,999993280.0,93,588,0,2,188,999993134.0,103,589,0,5,183,999993136.0,99,584,0,3,171,999993198.0,101,597,0,2,160,999993221.0,103,591,0,2,167,999992270.0,103,1,1000,0,0,999992432.0,97,0,1000,0,0,999992313.0,107,0,1000,0,0,2300,9.999999999e-11,0.0009840836254724776,9.999999999e-11,0.0009870248194783554,0.00884579359209687,0.047571245237847615,0.09090909090909091,0.9620716833277576,0.10779465442128813,0.0011337132354777325,9.999999999e-11,0.000985028761641022,0.00884586235915836,0.04757124445721224,0.09090909090909091,0.9620779887702816,0.10827932504233084,0.0010429112007064624,9.999999999e-11,0.0009161598813887664,0.008845921302346328,0.009891081466814952,0.09090909090909091,0.9607631950534687,0.061956817658268944,0.0009820346599292895,9.999999999e-11,0.001034927814783884,0.008846098131868171,0.009891081622187329,0.09090909090909091,0.9607902658086761,0.058637974245959734,0.0011915784469128331,9.999999999e-11,0.0009870248194783554,0.008845990069390098,0.009891081514317819,0.09090909090909091,0.9608101832062128,0.06027916081535385,0.0011227380424402972,9.999999999e-11,0.0010488986564107686,0.0049751243781094535,0.0029910269192422734,0.874913214680069,0.017812331296011955,9.999999999e-11,0.000929135903609643,0.0049751243781094535,0.0029910269192422734,0.8751161460173345,0.01781257081312346,9.999999999e-11,0.0010289401916026492,0.0049751243781094535,0.0029910269192422734,0.8750411050454219,0.017812339499713618,9.999999999e-11,0.000989020869339354,0.0049751243781094535,0.0029910269192422734,0.8749068719990992,0.01781233785898713,9.999999999e-11,0.001008980929261446,0.0049751243781094535,0.0009990009990009992,0.7927689410840851,0.01781244778149913,9.999999999e-11,0.0010289401916026492,0.0049751243781094535,0.0009990009990009992,0.7922111671789093,0.017812487153447444,9.999999999e-11,0.0010289401916026492,0.0049751243781094535,0.010821611569430432,0.8884210939566297,0.017810920785835613,9.999999999e-11,0.0009690600117885652,0.0049751243781094535,0.010911622975336092,0.8884469793577239,0.0178111771085329,9.999999999e-11,0.0010688563237336052,0.0049751243781094535,0.0108930350054846,0.8884224925545683,0.017810998018959433
2400,9999999114007.0,986962,9999960689.0,982,1000,0,0.0,17,0,300,9999960513.0,996,1000,0,0.0,11,0,300,9999991441.0,932,1000,0,0.0,0,0,300,9999991509.0,1021,1000,0,0.0,0,0,300,9999991429.0,992,1000,0,0.0,0,0,300,999992882.0,107,579,0,1,167,999992964.0,104,573,0,3,176,999992796.0,100,616,0,1,165,999992841.0,99,627,0,5,148,999992912.0,104,580,0,2,161,999992923.0,103,622,0,10,168,999992268.0,105,1,1000,0,0,999992432.0,97,0,1000,0,0,999992316.0,104,0,1000,0,0,2400,9.999999999e-11,0.0009859888664563844,9.999999999e-11,0.0009810366220371594,0.008803215125187162,0.047571245237847636,0.09090909090909091,0.9617814653219846,0.10948329101763538,0.0010898110161813462,9.999999999e-11,0.0009950089710648194,0.008803136527495623,0.04757124445721218,0.09090909090909091,0.9617482408506253,0.11014266657622829,0.0010229524966434372,9.999999999e-11,0.000931132184803763,0.008802920383779615,0.009891081466814937,0.09090909090909091,0.9611725108997703,0.061956817658268944,0.0009570831143764273,9.999999999e-11,0.001019958622246686,0.008802822136604813,0.009891081622187345,0.09090909090909091,0.9611831965107509,0.058637974245959734,0.0011536675140213053,9.999999999e-11,0.0009910169112240658,0.008803038280363669,0.009891081514317814,0.09090909090909091,0.9612286636068763,0.06027916081535385,0.0010838240509047684,9.999999999e-11,0.0010688563237336052,0.0049751243781094535,0.0029910269192422734,0.8747060583705,0.0178119390716905,9.999999999e-11,0.0010389195236953567,0.0049751243781094535,0.0029910269192422734,0.8748888451940935,0.017812062173109378,9.999999999e-11,0.0009990009990009992,0.0049751243781094535,0.0029910269192422734,0.8747903065496168,0.017811779835482544,9.999999999e-11,0.000989020869339354,0.0049751243781094535,0.0029910269192422734,0.8746980929622549,0.017811856994708795,9.999999999e-11,0.0010389195236953567,0.0049751243781094535,0.0009990009990009992,0.7889853013154334,0.01781197682459216,9.999999999e-11,0.0010289401916026492,0.0049751243781094535,0.0009990009990009992,0.7881662194328565,0.01781199487976704,9.999999999e-11,0.0010488986564107686,0.0049751243781094535,0.009800989802930593,0.8885586449884466,0.017810920785832053,9.999999999e-11,0.0009690600117885652,0.0049751243781094535,0.00991961537357218,0.8885795077789929,0.0178111771085329,9.999999999e-11,0.0010389195236953567,0.0049751243781094535,0.009912753511839465,0.8885537847701624,0.017810998018964776
2500,9999999111936.0,989052,9999960672.0,1001,1000,0,0.0,5,0,300,9999960479.0,1030,1000,0,0.0,14,0,300,9999991451.0,921,1000,0,0.0,0,0,300,9999991514.0,1017,1000,0,0.0,0,0,300,9999991441.0,979,1000,0,0.0,0,0,300,999992574.0,103,571,0,6,186,999992671.0,111,573,0,2,138,999992483.0,98,626,0,0,141,999992521.0,102,617,0,6,156,999992621.0,102,573,0,0,154,999992620.0,96,624,0,5,161,999992261.0,112,1,1000,0,0,999992430.0,100,0,1000,0,0,999992322.0,99,0,1000,0,0,2500,9.999999999e-11,0.0009880747426995835,9.999999999e-11,0.0009999990009999988,0.008760004164000974,0.04757124523784755,0.09090909090909091,0.9614439923920848,0.11118878015223134,0.0010518923573477129,9.999999999e-11,0.0010289401916026492,0.008760298930932123,0.047571244457212024,0.09090909090909091,0.9613919227838457,0.11187454796502072,0.0009999990009999988,9.999999999e-11,0.0009201525395111104,0.00876003364070198,0.009891081466814947,0.09090909090909091,0.9615519525269574,0.061956817658268944,0.0009331284580202092,9.999999999e-11,0.001015966761803246,0.008760190849744389,0.00989108162218735,0.09090909090909091,0.9615420384021626,0.058637974245959734,0.0011117626082170545,9.999999999e-11,0.0009780424963960284,0.00876010241966417,0.009891081514317827,0.09090909090909091,0.9615712925234433,0.06027916081535385,0.0010508944590291013,9.999999999e-11,0.0010289401916026492,0.0049751243781094535,0.0029910269192422734,0.8744494785869906,0.01781142514602345,9.999999999e-11,0.0011087692661146129,0.0049751243781094535,0.0029910269192422734,0.874698642079475,0.01781159265572755,9.999999999e-11,0.000979040540270535,0.0049751243781094535,0.0029910269192422734,0.8745644205242197,0.01781126581855961,9.999999999e-11,0.001018960660126671,0.0049751243781094535,0.0029910269192422734,0.8744437795901072,0.017811338094314184,9.999999999e-11,0.001018960660126671,0.0049751243781094535,0.0009990009990009992,0.7849273174075526,0.017811497408956174,9.999999999e-11,0.000959079283887468,0.0049751243781094535,0.0009990009990009992,0.7838533755792434,0.017811484270683586,9.999999999e-11,0.0011187470033562409,0.0049751243781094535,0.008885342900893491,0.8886777413465559,0.017810920785819584,9.999999999e-11,0.0009990009990009992,0.0049751243781094535,0.00899829547706822,0.8886992596059041,0.017811177108529336,9.999999999e-11,0.000989020869339354,0.0049751243781094535,0.009016954728921542,0.8886708133826499,0.01781099801897368
2600,9999999108549.0,992377,9999960676.0,997,1000,0,0.0,13,0,300,9999960497.0,1013,1000,0,0.0,9,0,300,9999991458.0,914,1000,0,0.0,0,0,300,9999991507.0,1022,1000,0,0.0,0,0,300,9999991445.0,975,1000,0,0.0,0,0,300,999992268.0,101,622,0,1,178,999992399.0,101,626,0,1,141,999992211.0,98,584,0,2,183,999992239.0,105,577,0,3,160,999992348.0,97,625,0,1,159,999992320.0,98,582,0,13,183,999992264.0,109,1,1000,0,0,999992425.0,104,0,1000,0,0,999992324.0,96,0,1000,0,0,2600,9.999999999e-11,0.000991393164225865,9.999999999e-11,0.0009960069810399034,0.008716632212300226,0.04757124523784757,0.09090909090909091,0.9610470760201292,0.11274493944590033,0.0010279422474273972,9.999999999e-11,0.0010119748694572398,0.00871671082371121,0.04757124445721211,0.09090909090909091,0.9609999685374876,0.11336914926502725,0.0009610754454215045,9.999999999e-11,0.0009131653668546947,0.008716445510149162,0.009891081466814954,0.09090909090909091,0.9618835788310236,0.061956817658268944,0.0009091726528858739,9.999999999e-11,0.0010209565823728148,0.00871654377444796,0.009891081622187345,0.09090909090909091,0.9618771882837991,0.058637974245959734,0.0010728477615041447,9.999999999e-11,0.0009740503009565674,0.008716740302987117,0.00989108151431783,0.09090909090909091,0.9618906631246964,0.06027916081535385,0.0010239504507879424,9.999999999e-11,0.001008980929261446,0.0049751243781094535,0.0029910269192422734,0.8742038756239666,0.01781091421249985,9.999999999e-11,0.001008980929261446,0.0049751243781094535,0.0029910269192422734,0.874476108696637,0.017811134393161898,9.999999999e-11,0.000979040540270535,0.0049751243781094535,0.0029910269192422734,0.8743152784699413,0.017810815606637644,9.999999999e-11,0.0010488986564107686,0.0049751243781094535,0.0029910269192422734,0.8742149836570551,0.017810873128031136,9.999999999e-11,0.0009690600117885652,0.0049751243781094535,0.0009990009990009992,0.7806268859724645,0.01781103909772206,9.999999999e-11,0.000979040540270535,0.0049751243781094535,0.0009990009990009992,0.778841087241322,0.017810998018975458,9.999999999e-11,0.0010888131936189554,0.0049751243781094535,0.008039837120141254,0.8887861856073862,0.01781092078582671,9.999999999e-11,0.0010389195236953567,0.0049751243781094535,0.00813822585684459,0.8888077196872284,0.01781117710852043,9.999999999e-11,0.000959079283887468,0.0049751243781094535,0.008165771205663771,0.8887794966452734,0.017810998018979025
2700,9999999107773.0,993227,9999960657.0,1014,1000,0,0.0,9,0,300,9999960485.0,1025,1000,0,0.0,9,0,300,9999991437.0,937,1000,0,0.0,0,0,300,9999991505.0,1025,1000,0,0.0,0,0,300,9999991438.0,984,1000,0,0.0,0,0,300,999991980.0,103,588,0,5,174,999992102.0,105,591,0,7,149,999991919.0,96,569,0,2,196,999991955.0,110,578,0,0,177,999992064.0,96,586,0,4,184,999992024.0,101,572,0,0,191,999992265.0,108,1,1000,0,0,999992416.0,114,0,1000,0,0,999992319.0,101,0,1000,0,0,2700,9.999999999e-11,0.0009922414789725646,9.999999999e-11,0.0010129728455346278,0.008673138537472879,0.04757124523784748,0.09090909090909091,0.9606172801390733,0.11421287845408197,0.0010029929950329869,9.999999999e-11,0.0010239504507879424,0.008672971473523862,0.047571244457212045,0.09090909090909091,0.9605489673295386,0.11481988427798173,0.0009221488566053533,9.999999999e-11,0.0009361228528868451,0.008672892855175427,0.009891081466814933,0.09090909090909091,0.9621725182676885,0.061956817658268944,0.0008852156988907828,9.999999999e-11,0.0010239504507879424,0.008673217155782344,0.009891081622187341,0.09090909090909091,0.9621811589770395,0.058637974245959734,0.0010399174459387777,9.999999999e-11,0.000983032695827306,0.008673059919150943,0.009891081514317824,0.09090909090909091,0.9622021682648895,0.06027916081535385,0.000989020869339354,9.999999999e-11,0.0010289401916026492,0.0049751243781094535,0.0029910269192422734,0.8739788390674513,0.017810444093917435,9.999999999e-11,0.0010488986564107686,0.0049751243781094535,0.0029910269192422734,0.8742343229031324,0.01781064795178463,9.999999999e-11,0.000959079283887468,0.0049751243781094535,0.0029910269192422734,0.8740677697413721,0.017810332281246583,9.999999999e-11,0.0010987913295375086,0.0049751243781094535,0.0029910269192422734,0.8739770897078801,0.017810417786292925,9.999999999e-11,0.000959079283887468,0.0049751243781094535,0.0009990009990009992,0.7755512949985657,0.017810573976473527,9.999999999e-11,0.001008980929261446,0.0049751243781094535,0.0009990009990009992,0.7736978524601182,0.017810511503662682,9.999999999e-11,0.0010788348583529788,0.0049751243781094535,0.007261879352536199,0.8888817468237743,0.01781092078582671,9.999999999e-11,0.001138701879856963,0.0049751243781094535,0.007368305071454593,0.8889036707872412,0.01781117710850262,9.999999999e-11,0.001008980929261446,0.0049751243781094535,0.007422494585489708,0.8888741684939554,0.01781099801897012
2800,9999999107315.0,993635,9999960671.0,1001,1000,0,0.0,13,0,300,9999960497.0,1011,1000,0,0.0,1,0,300,9999991432.0,940,1000,0,0.0,0,0,300,9999991515.0,1015,1000,0,0.0,0,0,300,9999991442.0,981,1000,0,0.0,0,0,300,999991712.0,103,599,0,9,150,999991800.0,103,592,0,8,163,999991616.0,93,588,0,7,148,999991663.0,107,588,0,4,191,999991741.0,97,596,0,7,174,999991718.0,94,590,0,6,167,999992259.0,114,1,1000,0,0,999992423.0,106,0,1000,0,0,999992325.0,95,0,1000,0,0,2800,9.999999999e-11,0.0009926486695392425,9.999999999e-11,0.0009999990009999988,0.008630515750556171,0.04757124523784755,0.09090909090909091,0.960120720052434,0.11564834088404558,0.000985028761641022,9.999999999e-11,0.0010099789113206547,0.008630093140590668,0.047571244457212114,0.09090909090909091,0.9600516785267519,0.11623649732215802,0.0009011871292094532,9.999999999e-11,0.0009391172298039843,0.00863024056271258,0.009891081466814928,0.09090909090909091,0.962433131185863,0.061956817658268944,0.0008532713063044161,9.999999999e-11,0.0010139708196180877,0.008630387984790646,0.00989108162218735,0.09090909090909091,0.9624404019269307,0.058637974245959734,0.001019958622246686,9.999999999e-11,0.00098003858215091,0.008630319187826339,0.009891081514317826,0.09090909090909091,0.9624698613093021,0.06027916081535385,0.0009690600117885652,9.999999999e-11,0.0010289401916026492,0.0049751243781094535,0.0029910269192422734,0.873774512518704,0.01781000333967041,9.999999999e-11,0.0010289401916026492,0.0049751243781094535,0.0029910269192422734,0.8739773422122906,0.017810148088807425,9.999999999e-11,0.000929135903609643,0.0049751243781094535,0.0029910269192422734,0.8738582200878877,0.017809830597115883,9.999999999e-11,0.0010688563237336052,0.0049751243781094535,0.0029910269192422734,0.8737239560725039,0.017809934246621913,9.999999999e-11,0.0009690600117885652,0.0049751243781094535,0.0009990009990009992,0.7700649145612731,0.017810041174093894,9.999999999e-11,0.0009391172298039843,0.0049751243781094535,0.0009990009990009992,0.7684653788768804,0.01781000333968644,9.999999999e-11,0.001138701879856963,0.0049751243781094535,0.006587319484498292,0.8889643444071307,0.017810920785816024,9.999999999e-11,0.0010588775897548597,0.0049751243781094535,0.006641594300506812,0.8889925168463201,0.01781117710851687,9.999999999e-11,0.0009490983565612668,0.0049751243781094535,0.006733354589239545,0.8889578026653515,0.017810998018980805
2900,9999999106137.0,994900,9999960673.0,999,1000,0,0.0,0,0,300,9999960485.0,1023,1000,0,0.0,0,0,300,9999991428.0,944,1000,0,0.0,0,0,300,9999991531.0,1000,1000,0,0.0,0,0,300,9999991468.0,954,1000,0,0.0,0,0,300,999991416.0,101,558,0,1,159,999991521.0,102,556,0,1,147,999991317.0,90,528,0,2,163,999991355.0,101,531,0,3,174,999991441.0,95,567,0,10,177,999991441.0,92,523,0,1,175,999992266.0,107,0,1000,0,1,999992428.0,101,0,1000,0,0,999992318.0,102,0,1000,0,0,2900,9.999999999e-11,0.0009939111577891156,9.999999999e-11,0.0009980029950079872,0.008589117919233185,0.04757124523784755,0.09090909090909091,0.9595897837234139,0.11697771947607977,0.0009580812001290762,9.999999999e-11,0.0010219545405050633,0.008589285011446332,0.047571244457212045,0.09090909090909091,0.9595037305338083,0.11757341895195736,0.0008752332956330254,9.999999999e-11,0.0009431097044390094,0.00858919655086992,0.009891081466814925,0.09090909090909091,0.9626536451663786,0.061956817658268944,0.00082831332825088,9.999999999e-11,0.0009990009990009992,0.008589491419396576,0.009891081622187367,0.09090909090909091,0.9626736316424346,0.058637974245959734,0.0009900188912787427,9.999999999e-11,0.0009530907514231424,0.008589383300957168,0.009891081514317852,0.09090909090909091,0.9627107842726214,0.06027916081535385,0.0009471021471644881,9.999999999e-11,0.001008980929261446,0.0049751243781094535,0.0029910269192422734,0.8735231081963574,0.017809521222607386,9.999999999e-11,0.001018960660126671,0.0049751243781094535,0.0029910269192422734,0.873764898879058,0.017809694024690764,9.999999999e-11,0.00089919072834449,0.0049751243781094535,0.0029910269192422734,0.8735975351769923,0.01780933357128666,9.999999999e-11,0.001008980929261446,0.0049751243781094535,0.0029910269192422734,0.8734742951220452,0.01780941423322495,9.999999999e-11,0.0009490983565612668,0.0049751243781094535,0.0009990009990009992,0.764156591121492,0.017809545910665844,9.999999999e-11,0.0009191543779722655,0.0049751243781094535,0.0009990009990009992,0.7626995364119394,0.017809539327258133,9.999999999e-11,0.0010688563237336052,0.0049751243781094535,0.0059721195060079045,0.8890382276641479,0.01781092078582849,9.999999999e-11,0.001008980929261446,0.0049751243781094535,0.0060323894285580805,0.8890657439689325,0.017811177108525773,9.999999999e-11,0.001018960660126671,0.0049751243781094535,0.006101542629795685,0.8890343182134522,0.017810998018968335
3000,9999999105169.0,995828,9999960660.0,1012,1000,0,0.0,18,0,300,9999960490.0,1020,1000,0,0.0,6,0,300,9999991433.0,941,1000,0,0.0,0,0,300,9999991530.0,1000,1000,0,0.0,0,0,300,9999991451.0,971,1000,0,0.0,0,0,300,999991138.0,101,576,0,3,173,999991259.0,102,567,0,0,161,999991024.0,93,577,0,1,158,999991082.0,100,569,0,12,178,999991148.0,98,563,0,3,152,999991148.0,100,571,0,6,145,999992256.0,116,0,1000,0,0,999992425.0,104,0,1000,0,0,999992316.0,104,0,1000,0,0,3000,9.999999999e-11,0.0009948373131481224,9.999999999e-11,0.0010109768913859176,0.008547451226334596,0.04757124523784749,0.09090909090909091,0.958961045043041,0.11818463895433964,0.0009271396144378016,9.999999999e-11,0.001018960660126671,0.008547628162371186,0.047571244457212065,0.09090909090909091,0.9588497004798843,0.11877945063785773,0.0008482798104409356,9.999999999e-11,0.0009401153514542814,0.008547234971093005,0.009891081466814928,0.09090909090909091,0.9628671524117177,0.06196339573648281,0.0008063492761341597,9.999999999e-11,0.0009990009990009992,0.00854756918369934,0.009891081622187365,0.09090909090909091,0.9628940147570708,0.058637974245959734,0.0009610754454215045,9.999999999e-11,0.0009700580736105241,0.008547284120019833,0.009891081514317838,0.09090909090909091,0.9629210630345143,0.06027916081535385,0.0009061780964665049,9.999999999e-11,0.001008980929261446,0.0049751243781094535,0.0029910269192422734,0.8732744979348412,0.017809055314230455,9.999999999e-11,0.001018960660126671,0.0049751243781094535,0.0029910269192422734,0.8735311449268384,0.017809256194822418,9.999999999e-11,0.000929135903609643,0.0049751243781094535,0.0029910269192422734,0.8733554013651583,0.017808854388725166,9.999999999e-11,0.0009990009990009992,0.0049751243781094535,0.0029910269192422734,0.8732480066712744,0.017808961444785137,9.999999999e-11,0.000979040540270535,0.0049751243781094535,0.0009990009990009992,0.7583775676368855,0.017809066841386268,9.999999999e-11,0.0009990009990009992,0.0049751243781094535,0.0009990009990009992,0.7571545463891134,0.01780907013482888,9.999999999e-11,0.0011586559590874585,0.0049751243781094535,0.005451122398135817,0.8891006769887554,0.017810919142482146,9.999999999e-11,0.0010389195236953567,0.0049751243781094535,0.0054323286210717055,0.8891375953757117,0.01781117710852043,9.999999999e-11,0.0010389195236953567,0.0049751243781094535,0.005535191126191617,0.889101431140058,0.017810998018964776
3100,9999999104581.0,996412,9999960687.0,985,1000,0,0.0,9,0,300,9999960513.0,996,1000,0,0.0,6,0,300,9999991395.0,977,1000,0,0.0,0,0,300,9999991534.0,996,1000,0,0.0,0,0,300,9999991427.0,993,1000,0,0.0,0,0,300,999990836.0,101,509,0,3,164,999990993.0,96,509,0,5,159,999990744.0,91,579,0,1,143,999990793.0,102,575,0,6,168,999990859.0,101,517,0,2,132,999990874.0,106,579,0,6,158,999992258.0,115,0,1000,0,0,999992425.0,104,0,1000,0,0,999992320.0,100,0,1000,0,0,3100,9.999999999e-11,0.0009954201514160872,9.999999999e-11,0.0009840307297312148,0.008506705107258306,0.04757124523784762,0.09090909090909091,0.958300550747443,0.11936387201755883,0.0009031835220960252,9.999999999e-11,0.0009950089710648194,0.008506587140169813,0.04757124445721219,0.09090909090909091,0.9581203214901955,0.11989485697180598,0.0008143363159025394,9.999999999e-11,0.0009760464026645967,0.00850685256607945,0.009891081466814892,0.09090909090909091,0.9630634634728299,0.06196339573648281,0.0007853826892062839,9.999999999e-11,0.0009950089710648194,0.008506813243731435,0.009891081622187369,0.09090909090909091,0.9630940226291385,0.058637974245959734,0.0009251433172881911,9.999999999e-11,0.0009920149291753287,0.008506646123717569,0.009891081514317814,0.09090909090909091,0.9631160180102387,0.06027916081535385,0.0008782280375549891,9.999999999e-11,0.001008980929261446,0.0049751243781094535,0.0029910269192422734,0.873022844121358,0.01780855785914943,9.999999999e-11,0.000959079283887468,0.0049751243781094535,0.0029910269192422734,0.8733041180304594,0.01780880991552364,9.999999999e-11,0.0009091726528858739,0.0049751243781094535,0.0029910269192422734,0.873128466764373,0.01780838978230833,9.999999999e-11,0.001018960660126671,0.0049751243781094535,0.0029910269192422734,0.873004628178984,0.017808488654837164,9.999999999e-11,0.001008980929261446,0.0049751243781094535,0.0009990009990009992,0.7522555892437907,0.017808600697245432,9.999999999e-11,0.0010588775897548597,0.0049751243781094535,0.0009990009990009992,0.7506780899490584,0.0178086287056556,9.999999999e-11,0.0011486790191280029,0.0049751243781094535,0.004929578866296368,0.8891612211834659,0.017810919142485705,9.999999999e-11,0.0010389195236953567,0.0049751243781094535,0.00489888279997572,0.8891990448891879,0.01781117710852043,9.999999999e-11,0.0009990009990009992,0.0049751243781094535,0.004988985228066474,0.8891651398987781,0.0178109980189719
3200,9999999103392.0,997616,9999960700.0,971,1000,0,0.0,4,0,300,9999960491.0,1017,1000,0,0.0,13,0,300,9999991388.0,986,1000,0,0.0,0,0,300,9999991539.0,990,1000,0,0.0,0,0,300,9999991413.0,1009,1000,0,0.0,0,0,300,999990569.0,108,568,0,0,148,999990732.0,98,565,0,0,155,999990467.0,93,607,0,0,166,999990498.0,101,601,0,3,153,999990606.0,103,568,0,2,154,999990580.0,104,598,0,0,136,999992252.0,120,0,1000,0,0,999992433.0,96,0,1000,0,0,999992322.0,98,0,1000,0,0,3200,9.999999999e-11,0.00099662175419207,9.999999999e-11,0.0009700580736105241,0.008465503394429112,0.047571245237847684,0.09090909090909091,0.9574752058479292,0.12038194155164914,0.0008772297922424112,9.999999999e-11,0.001015966761803246,0.008465729516728873,0.047571244457212086,0.09090909090909091,0.9572000843348092,0.12101207107507442,0.0007913732323999393,9.999999999e-11,0.000985028761641022,0.00846555255145957,0.009891081466814885,0.09090909090909091,0.9632495859551184,0.06196339573648281,0.0007554288957548095,9.999999999e-11,0.000989020869339354,0.008465601708485157,0.009891081622187374,0.09090909090909091,0.9632610263970355,0.058637974245959734,0.0008941996912763076,9.999999999e-11,0.0010079829452082846,0.008465817999339837,0.009891081514317798,0.09090909090909091,0.963295000755979,0.06027916081535385,0.0008472815052835196,9.999999999e-11,0.0010788348583529788,0.0049751243781094535,0.0029910269192422734,0.8728076117684136,0.017808129365855286,9.999999999e-11,0.000979040540270535,0.0049751243781094535,0.0029910269192422734,0.8730876233669124,0.017808386486356916,9.999999999e-11,0.000929135903609643,0.0049751243781094535,0.0029910269192422734,0.8728703808542574,0.01780793812603725,9.999999999e-11,0.001008980929261446,0.0049751243781094535,0.0029910269192422734,0.8727540118521158,0.01780800077803933,9.999999999e-11,0.0010289401916026492,0.0049751243781094535,0.0009990009990009992,0.745318252646144,0.01780818211452426,9.999999999e-11,0.0010389195236953567,0.0049751243781094535,0.0009990009990009992,0.7434528978019167,0.017808140904896307,9.999999999e-11,0.001198561725928885,0.0049751243781094535,0.0044649745889684764,0.889215695477922,0.017810919142475023,9.999999999e-11,0.000959079283887468,0.0049751243781094535,0.004480831776175434,0.889247265763581,0.01781117710853468,9.999999999e-11,0.000979040540270535,0.0049751243781094535,0.0045234454638124364,0.8892187127451184,0.017810998018975458
3300,9999999102324.0,998641,9999960700.0,971,1000,0,0.0,0,0,300,9999960498.0,1012,1000,0,0.0,17,0,300,9999991390.0,984,1000,0,0.0,0,0,300,9999991537.0,993,1000,0,0.0,0,0,300,9999991413.0,1008,1000,0,0.0,0,0,300,999990271.0,114,574,0,2,145,999990447.0,97,581,0,0,167,999990177.0,101,546,0,5,169,999990200.0,104,556,0,0,171,999990342.0,100,577,0,7,168,999990302.0,108,541,0,4,174,999992256.0,116,0,1000,0,0,999992438.0,91,0,1000,0,0,999992329.0,91,0,1000,0,0,3300,9.999999999e-11,0.0009976447110880743,9.999999999e-11,0.0009700580736105241,0.008422951240685993,0.047571245237847684,0.09090909090909091,0.9564140420566923,0.12144071782626001,0.0008452848889839196,9.999999999e-11,0.0010109768913859176,0.008423069227677188,0.047571244457212114,0.09090909090909091,0.9561271738962106,0.12204373047746543,0.0007654136931110768,9.999999999e-11,0.000983032695827306,0.008423334698304719,0.009891081466814887,0.09090909090909091,0.9634218518470518,0.06196339573648281,0.0007334616391568588,9.999999999e-11,0.0009920149291753287,0.008423246208111336,0.009891081622187374,0.09090909090909091,0.9634441074628919,0.058637974245959734,0.0008672472294048764,9.999999999e-11,0.0010069849591611657,0.00842315771790216,0.0098910815143178,0.09090909090909091,0.9634562885440372,0.06027916081535385,0.0008273149831939154,9.999999999e-11,0.001138701879856963,0.0049751243781094535,0.0029910269192422734,0.8725547836023524,0.017807652839251953,9.999999999e-11,0.0009690600117885652,0.0049751243781094535,0.0029910269192422734,0.8728314678134483,0.017807919989105185,9.999999999e-11,0.001008980929261446,0.0049751243781094535,0.0029910269192422734,0.8726223140827633,0.017807477994567538,9.999999999e-11,0.0010389195236953567,0.0049751243781094535,0.0029910269192422734,0.8724780114744087,0.017807517585020728,9.999999999e-11,0.0009990009990009992,0.0049751243781094535,0.0009990009990009992,0.7375240864038468,0.01780774354719152,9.999999999e-11,0.0010788348583529788,0.0049751243781094535,0.0009990009990009992,0.7346537891432731,0.017807695720508256,9.999999999e-11,0.0011586559590874585,0.0049751243781094535,0.0040584617682942,0.8892619098210959,0.017810919142482146,9.999999999e-11,0.0009091726528858739,0.0049751243781094535,0.004046558831467747,0.8892972837097782,0.017811177108543585,9.999999999e-11,0.0009091726528858739,0.0049751243781094535,0.0040862341811547225,0.8892695789261189,0.017810998018987927
3400,9999999102441.0,998538,9999960711.0,960,1000,0,0.0,13,0,300,9999960490.0,1019,1000,0,0.0,1,0,300,9999991394.0,979,1000,0,0.0,0,0,300,9999991542.0,987,1000,0,0.0,0,0,300,9999991392.0,1029,1000,0,0.0,0,0,300,999989996.0,114,554,0,1,139,999990129.0,105,546,0,6,140,999989883.0,99,567,0,5,159,999989924.0,103,567,0,0,156,999990038.0,101,556,0,2,149,999990010.0,108,564,0,0,145,999992258.0,114,0,1000,0,0,999992435.0,94,0,1000,0,0,999992334.0,86,0,1000,0,0,3400,9.999999999e-11,0.0009975419164897923,9.999999999e-11,0.000959079283887468,0.008381713067395059,0.04757124523784774,0.09090909090909091,0.9552339616505523,0.12250485779897546,0.0008183297879037069,9.999999999e-11,0.001017962696012763,0.008381447574480692,0.047571244457212065,0.09090909090909091,0.9548214824066497,0.12306404353285895,0.0007444453881858016,9.999999999e-11,0.0009780424963960284,0.008381791731934977,0.00989108146681489,0.09090909090909091,0.9635806784513465,0.06196339573648281,0.0007124919932088421,9.999999999e-11,0.0009860267915567334,0.008381565571349073,0.009891081622187377,0.09090909090909091,0.9636062861869313,0.058637974245959734,0.0008382966690946296,9.999999999e-11,0.0010279422474273972,0.008381663902051273,0.009891081514317777,0.09090909090909091,0.9636064629165283,0.06027916081535385,0.0008083460480471299,9.999999999e-11,0.001138701879856963,0.0049751243781094535,0.0029910269192422734,0.8723124605185352,0.017807197512218577,9.999999999e-11,0.0010488986564107686,0.0049751243781094535,0.0029910269192422734,0.8725765445711501,0.0178073988084137,9.999999999e-11,0.000989020869339354,0.0049751243781094535,0.0029910269192422734,0.8723668220526384,0.01780698296671976,9.999999999e-11,0.0010289401916026492,0.0049751243781094535,0.0029910269192422734,0.8722382025302944,0.017807053937436836,9.999999999e-11,0.001008980929261446,0.0049751243781094535,0.0009990009990009992,0.728871581265719,0.017807245365415853,9.999999999e-11,0.0010788348583529788,0.0049751243781094535,0.0009990009990009992,0.7261856033768482,0.01780720741309489,9.999999999e-11,0.001138701879856963,0.0049751243781094535,0.003632754975359838,0.8893103917771528,0.017810919142485705,9.999999999e-11,0.0009391172298039843,0.0049751243781094535,0.003704227681480256,0.8893360941266241,0.017811177108538242,9.999999999e-11,0.0008592610355094617,0.0049751243781094535,0.003692316275881583,0.8893134456736853,0.017810998018995054
3500,9999999102808.0,998135,9999960712.0,960,1000,0,0.0,9,0,300,9999960477.0,1032,1000,0,0.0,4,0,300,9999991385.0,987,1000,0,0.0,0,0,300,9999991516.0,1014,1000,0,0.0,0,0,300,9999991434.0,987,1000,0,0.0,0,0,300,999989740.0,109,518,0,6,145,999989875.0,101,515,0,2,150,999989601.0,101,561,0,8,142,999989648.0,99,554,0,2,148,999989771.0,105,522,0,4,152,999989754.0,113,557,0,1,163,999992253.0,119,0,1000,0,0,999992427.0,102,0,1000,0,0,999992332.0,88,0,1000,0,0,3500,9.999999999e-11,0.0009971397199456322,9.999999999e-11,0.000959079283887468,0.008341150001580208,0.04757124523784774,0.09090909090909091,0.9538575461655945,0.12340359256567336,0.0007953668879571861,9.999999999e-11,0.0010309360739716614,0.008341051662842979,0.04757124445721202,0.09090909090909091,0.9532893976182217,0.1239622834887773,0.0007174848458806577,9.999999999e-11,0.0009860267915567334,0.00834126800803914,0.009891081466814883,0.09090909090909091,0.9637348884237746,0.06196339573648281,0.0006915214671447359,9.999999999e-11,0.0010129728455346278,0.008341327011258073,0.009891081622187353,0.09090909090909091,0.9637510825188668,0.058637974245959734,0.0008183297879037069,9.999999999e-11,0.0009860267915567334,0.008341110666087656,0.00989108151431782,0.09090909090909091,0.9637476233843008,0.06027916081535385,0.0007873795449186041,9.999999999e-11,0.0010888131936189554,0.0049751243781094535,0.0029910269192422734,0.8720674358356033,0.017806763417154425,9.999999999e-11,0.001008980929261446,0.0049751243781094535,0.0029910269192422734,0.8723383449860667,0.017806973063381252,9.999999999e-11,0.001008980929261446,0.0049751243781094535,0.0029910269192422734,0.8721264937812347,0.01780652399757167,9.999999999e-11,0.000989020869339354,0.0049751243781094535,0.0029910269192422734,0.8719920915182355,0.017806595004516253,9.999999999e-11,0.0010488986564107686,0.0049751243781094535,0.0009990009990009992,0.7198572036960726,0.017806807991707464,9.999999999e-11,0.0011287245412683665,0.0049751243781094535,0.0009990009990009992,0.7168037665917923,0.017806796435542012,9.999999999e-11,0.0011885855831560443,0.0049751243781094535,0.003272257179679114,0.8893510864325506,0.017810919142476803,9.999999999e-11,0.001018960660126671,0.0049751243781094535,0.003325901466805271,0.8893779316129329,0.017811177108523993,9.999999999e-11,0.0008792262808728319,0.0049751243781094535,0.0033606678280837018,0.8893507112183575,0.01781099801899327
3600,9999999102830.0,998124,9999960699.0,975,1000,0,0.0,11,0,300,9999960453.0,1055,1000,0,0.0,0,0,300,9999991396.0,976,1000,0,0.0,0,0,300,9999991520.0,1010,1000,0,0.0,0,0,300,9999991432.0,989,1000,0,0.0,0,0,300,999989471.0,106,527,0,4,152,999989598.0,102,534,0,1,145,999989316.0,100,538,0,0,152,999989392.0,99,536,0,2,149,999989500.0,106,532,0,1,141,999989453.0,122,534,0,4,146,999992241.0,131,0,1000,0,0,999992429.0,100,0,1000,0,0,999992330.0,90,0,1000,0,0,3600,9.999999999e-11,0.000997128741871648,9.999999999e-11,0.0009740503009565674,0.008300357419459883,0.047571245237847684,0.09090909090909091,0.9519857984685035,0.12429773495691082,0.000772402932533152,9.999999999e-11,0.001053888148003856,0.008300416427547237,0.04757124445721191,0.09090909090909091,0.9513172590499968,0.12485575234559232,0.0007005089432307952,9.999999999e-11,0.0009750483528076597,0.008300652459826433,0.009891081466814894,0.09090909090909091,0.9638689537914554,0.06196339573648281,0.000681535192998375,9.999999999e-11,0.001008980929261446,0.008300593451767167,0.009891081622187355,0.09090909090909091,0.9638793110107973,0.058637974245959734,0.0007883779697818422,9.999999999e-11,0.0009880228454058938,0.00830051477434389,0.009891081514317819,0.09090909090909091,0.9638825459106551,0.06027916081535385,0.0007594228386426315,9.999999999e-11,0.0010588775897548597,0.0049751243781094535,0.0029910269192422734,0.8718131437994132,0.01780631424666413,9.999999999e-11,0.001018960660126671,0.0049751243781094535,0.0029910269192422734,0.8720929857272932,0.017806522346178997,9.999999999e-11,0.0009990009990009992,0.0049751243781094535,0.0029910269192422734,0.8718547892333728,0.017806053228465315,9.999999999e-11,0.000989020869339354,0.0049751243781094535,0.0029910269192422734,0.8717525666004697,0.01780617218286384,9.999999999e-11,0.0010588775897548597,0.0049751243781094535,0.0009990009990009992,0.7099601875441955,0.0178063621468468,9.999999999e-11,0.0012185134136353647,0.0049751243781094535,0.0009990009990009992,0.706185796682282,0.017806314246635643,9.999999999e-11,0.0013082861451498538,0.0049751243781094535,0.002955240666664008,0.889385611228645,0.01781091914245543,9.999999999e-11,0.0009990009990009992,0.0049751243781094535,0.00300394910135761,0.8894137039538357,0.017811177108527556,9.999999999e-11,0.00089919072834449,0.0049751243781094535,0.0030317803559375936,0.8893873700081185,0.017810998018989707
3700,9999999101696.0,999277,9999960700.0,971,1000,0,0.0,14,0,300,9999960455.0,1053,1000,0,0.0,10,0,300,9999991390.0,982,1000,0,0.0,0,0,300,9999991547.0,982,1000,0,0.0,0,0,300,9999991413.0,1009,1000,0,0.0,0,0,300,999989193.0,106,556,0,5,158,999989304.0,114,549,0,4,122,999989073.0,100,569,0,0,152,999989140.0,92,561,0,0,155,999989232.0,106,554,0,8,137,999989183.0,117,563,0,8,166,999992247.0,126,0,1000,0,0,999992429.0,100,0,1000,0,0,999992332.0,88,0,1000,0,0,3700,9.999999999e-11,0.0009982794423137231,9.999999999e-11,0.0009700580736105241,0.008260004078034865,0.047571245237847684,0.09090909090909091,0.9495376101361683,0.1251670360133795,0.0007474409141961813,9.999999999e-11,0.0010518923573477129,0.008259935229654718,0.04757124445721191,0.09090909090909091,0.9486090383805916,0.1256571770707742,0.0006855297266075472,9.999999999e-11,0.0009810366220371594,0.008259886052234476,0.009891081466814887,0.09090909090909091,0.9639838603198624,0.06196339573648281,0.000662560722241154,9.999999999e-11,0.0009810366220371594,0.008259768026405996,0.009891081622187383,0.09090909090909091,0.9640014363516668,0.058637974245959734,0.0007644152223548986,9.999999999e-11,0.0010079829452082846,0.0082600532554434,0.009891081514317798,0.09090909090909091,0.9640139724056174,0.06027916081535385,0.0007494379215588309,9.999999999e-11,0.0010588775897548597,0.0049751243781094535,0.0029910269192422734,0.8715501824848171,0.01780586154662516,9.999999999e-11,0.001138701879856963,0.0049751243781094535,0.0029910269192422734,0.8718541566754483,0.01780605653294152,9.999999999e-11,0.0009990009990009992,0.0049751243781094535,0.0029910269192422734,0.8716247766673498,0.017805646682269884,9.999999999e-11,0.0009191543779722655,0.0049751243781094535,0.0029910269192422734,0.8715057617389707,0.017805749162456593,9.999999999e-11,0.0010588775897548597,0.0049751243781094535,0.0009990009990009992,0.6989121837037322,0.01780592434344513,9.999999999e-11,0.0011686326997413028,0.0049751243781094535,0.0009990009990009992,0.6928497755162808,0.017805856588775277,9.999999999e-11,0.001258414397858698,0.0049751243781094535,0.0026837779535270586,0.8894156253249309,0.017810919142464333,9.999999999e-11,0.0009990009990009992,0.0049751243781094535,0.0026937242507985926,0.8894479099179189,0.017811177108527556,9.999999999e-11,0.0008792262808728319,0.0049751243781094535,0.0027732874874972706,0.8894165260011682,0.01781099801899327
3800,9999999101580.0,999469,9999960713.0,959,1000,0,0.0,12,0,300,9999960508.0,1002,1000,0,0.0,16,0,300,9999991369.0,1003,1000,0,0.0,0,0,300,9999991549.0,983,1000,0,0.0,0,0,300,9999991443.0,979,1000,0,0.0,0,0,300,999988929.0,107,558,0,2,157,999989075.0,101,557,0,8,155,999988822.0,104,557,0,9,176,999988868.0,93,558,0,2,166,999988985.0,104,553,0,6,163,999988892.0,116,546,0,7,166,999992254.0,118,0,1000,0,0,999992434.0,96,0,1000,0,0,999992334.0,86,0,1000,0,0,3800,9.999999999e-11,0.0009984710591290035,9.999999999e-11,0.0009580812001290762,0.008220021231034004,0.04757124523784775,0.09090909090909091,0.9462126376978005,0.12593380094663184,0.0007244747558020434,9.999999999e-11,0.0010009970010049932,0.008219913031994309,0.04757124445721216,0.09090909090909091,0.9448962807274056,0.12645466901504734,0.0006635593965606837,9.999999999e-11,0.0010019949990159869,0.008219814669210464,0.009891081466814866,0.09090909090909091,0.9640986031463818,0.06196339573648281,0.0006415881004395178,9.999999999e-11,0.0009820346599292895,0.008220168775140998,0.009891081622187384,0.09090909090909091,0.964114580877312,0.058637974245959734,0.000739452804924356,9.999999999e-11,0.0009780424963960284,0.008220099921229865,0.009891081514317829,0.09090909090909091,0.9641243438593191,0.06027916081535385,0.0007184834104279024,9.999999999e-11,0.0010688563237336052,0.0049751243781094535,0.0029910269192422734,0.8712964954571564,0.017805426806391644,9.999999999e-11,0.001008980929261446,0.0049751243781094535,0.0029910269192422734,0.8715958275652024,0.017805654947230687,9.999999999e-11,0.0010389195236953567,0.0049751243781094535,0.0029910269192422734,0.871367681441694,0.01780523829861597,9.999999999e-11,0.000929135903609643,0.0049751243781094535,0.0029910269192422734,0.8712350404659375,0.017805299485312096,9.999999999e-11,0.0010389195236953567,0.0049751243781094535,0.0009990009990009992,0.6856407894324921,0.01780550616628856,9.999999999e-11,0.0011586559590874585,0.0049751243781094535,0.0009990009990009992,0.6784116865069817,0.017805377202891597,9.999999999e-11,0.0011786092410955074,0.0049751243781094535,0.0024211239322165104,0.8894448052880882,0.017810919142478582,9.999999999e-11,0.000959079283887468,0.0049751243781094535,0.0024569485357564314,0.889474062533281,0.01781117710853646,9.999999999e-11,0.0008592610355094617,0.0049751243781094535,0.002529584972509715,0.8894430027824755,0.017810998018996833
3900,9999999101158.0,999881,9999960693.0,979,1000,0,0.0,12,0,300,9999960517.0,991,1000,0,0.0,0,0,300,9999991385.0,988,1000,0,0.0,0,0,300,9999991544.0,985,1000,0,0.0,0,0,300,9999991425.0,997,1000,0,0.0,0,0,300,999988669.0,101,544,0,7,154,999988810.0,102,536,0,1,165,999988543.0,98,586,0,5,165,999988605.0,97,584,0,5,167,999988678.0,103,541,0,3,140,999988627.0,116,588,0,6,150,999992257.0,115,0,1000,0,0,999992433.0,96,0,1000,0,0,999992331.0,90,0,1000,0,0,3900,9.999999999e-11,0.0009988822366303557,9.999999999e-11,0.0009780424963960284,0.00818053685025374,0.04757124523784765,0.09090909090909091,0.9415655239208776,0.1267570221019612,0.0007005089432307952,9.999999999e-11,0.0009900188912787427,0.008180408968477078,0.047571244457212204,0.09090909090909091,0.9392705634484526,0.12722733618874088,0.0006465816616649028,9.999999999e-11,0.0009870248194783554,0.008180349946107494,0.009891081466814883,0.09090909090909091,0.9642017615905294,0.06196339573648281,0.0006166195457402783,9.999999999e-11,0.0009840307297312148,0.008180477827899378,0.009891081622187381,0.09090909090909091,0.9642223619623265,0.058637974245959734,0.0007214790920955071,9.999999999e-11,0.0009960069810399034,0.008180625383772108,0.00989108151431781,0.09090909090909091,0.9642309173237148,0.06027916081535385,0.0006975131358311898,9.999999999e-11,0.001008980929261446,0.0049751243781094535,0.0029910269192422734,0.8710379660984858,0.017804980276629332,9.999999999e-11,0.001018960660126671,0.0049751243781094535,0.0029910269192422734,0.8713344156987709,0.01780521514581965,9.999999999e-11,0.000979040540270535,0.0049751243781094535,0.0029910269192422734,0.8711066076902726,0.01780477182026754,9.999999999e-11,0.0009690600117885652,0.0049751243781094535,0.0029910269192422734,0.8709804873849282,0.017804866127938215,9.999999999e-11,0.0010289401916026492,0.0049751243781094535,0.0009990009990009992,0.6703754139150689,0.01780500012709658,9.999999999e-11,0.0011586559590874585,0.0049751243781094535,0.0009990009990009992,0.6637332934093327,0.017804938920049564,9.999999999e-11,0.0011486790191280029,0.0049751243781094535,0.0021762535909182075,0.8894712136457097,0.017810919142483925,9.999999999e-11,0.000959079283887468,0.0049751243781094535,0.0022200603656863482,0.8894996450542793,0.01781117710853468,9.999999999e-11,0.00089919072834449,0.0049751243781094535,0.002284767881551248,0.8894695558550505,0.017810998018991487
4000,9999999100981.0,999955,9999960711.0,960,1000,0,0.0,11,0,300,9999960517.0,992,1000,0,0.0,0,0,300,9999991401.0,971,1000,0,0.0,0,0,300,9999991538.0,991,1000,0,0.0,0,0,300,9999991439.0,983,1000,0,0.0,0,0,300,999988380.0,106,490,0,2,138,999988539.0,94,500,0,4,162,999988267.0,98,528,0,1,151,999988292.0,97,527,0,1,140,999988431.0,97,496,0,5,138,999988377.0,111,530,0,4,168,999992262.0,112,0,1000,0,0,999992431.0,98,0,1000,0,0,999992330.0,90,0,1000,0,0,4000,9.999999999e-11,0.00099895608886416,9.999999999e-11,0.000959079283887468,0.008141049325472932,0.04757124523784774,0.09090909090909091,0.9348814283367107,0.12752098208693477,0.000681535192998375,9.999999999e-11,0.0009910169112240658,0.008140773865826581,0.0475712444572122,0.09090909090909091,0.9311819832555419,0.12799600918814824,0.0006306020900811589,9.999999999e-11,0.0009700580736105241,0.008140872244289268,0.009891081466814897,0.09090909090909091,0.9643005858324224,0.06196339573648281,0.0006026366101240953,9.999999999e-11,0.0009900188912787427,0.00814094110920154,0.009891081622187374,0.09090909090909091,0.9643254914554735,0.058637974245959734,0.0007035047326682016,9.999999999e-11,0.0009820346599292895,0.008140714838739599,0.009891081514317826,0.09090909090909091,0.9643413383390124,0.06027916081535385,0.000668552738218132,9.999999999e-11,0.0010588775897548597,0.0049751243781094535,0.0029910269192422734,0.8707744553768895,0.017804510354378373,9.999999999e-11,0.0009391172298039843,0.0049751243781094535,0.0029910269192422734,0.8710669465013181,0.017804753619412503,9.999999999e-11,0.000979040540270535,0.0049751243781094535,0.0029910269192422734,0.8708473728768301,0.0178043100665333,9.999999999e-11,0.0009690600117885652,0.0049751243781094535,0.0029910269192422734,0.8707011895966644,0.017804354762727567,9.999999999e-11,0.0009690600117885652,0.0049751243781094535,0.0009990009990009992,0.6548399744141687,0.01780457986538879,9.999999999e-11,0.0011087692661146129,0.0049751243781094535,0.0009990009990009992,0.6456186923405253,0.017804513664538474,9.999999999e-11,0.0011187470033562409,0.0049751243781094535,0.0019611463474273057,0.8894946776102428,0.01781091914249283,9.999999999e-11,0.000979040540270535,0.0049751243781094535,0.002012939900221254,0.8895220828457142,0.01781117710853112,9.999999999e-11,0.00089919072834449,0.0049751243781094535,0.0020667198232460575,0.8894934834186353,0.017810998018989707
4100,9999999100448.0,1000557,9999960712.0,959,1000,0,0.0,6,0,300,9999960511.0,998,1000,0,0.0,18,0,300,9999991403.0,970,1000,0,0.0,0,0,300,9999991524.0,1007,1000,0,0.0,0,0,300,9999991450.0,970,1000,0,0.0,0,0,300,999988150.0,104,524,0,4,174,999988244.0,96,527,0,4,144,999988012.0,102,507,0,4,153,999988017.0,99,505,0,4,145,999988174.0,97,520,0,2,149,999988091.0,110,501,0,4,157,999992266.0,106,0,1000,0,0,999992431.0,98,0,1000,0,0,999992328.0,92,0,1000,0,0,4100,9.999999999e-11,0.0009995568863604538,9.999999999e-11,0.0009580812001290762,0.008101470108681529,0.04757124523784775,0.09090909090909091,0.9218120856744799,0.12822168911853357,0.0006535725635434425,9.999999999e-11,0.000997004989020957,0.008101233981578852,0.047571244457212176,0.09090909090909091,0.9156848114664492,0.1287128337090763,0.0006196158381803281,9.999999999e-11,0.0009690600117885652,0.00810142091554441,0.0098910814668149,0.09090909090909091,0.9643953160714704,0.06196339573648281,0.0005826603090398298,9.999999999e-11,0.001005986971120082,0.008101322529255531,0.009891081622187358,0.09090909090909091,0.9644216104461852,0.058637974245959734,0.0006845310961991035,9.999999999e-11,0.0009690600117885652,0.008101352045144243,0.009891081514317836,0.09090909090909091,0.9644322845417237,0.06027916081535385,0.0006465816616649028,9.999999999e-11,0.0010389195236953567,0.0049751243781094535,0.0029910269192422734,0.8705168865806162,0.017804136226911113,9.999999999e-11,0.000959079283887468,0.0049751243781094535,0.0029910269192422734,0.8707971789367138,0.017804268679195902,9.999999999e-11,0.001018960660126671,0.0049751243781094535,0.0029910269192422734,0.8705971532651586,0.017803896107528274,9.999999999e-11,0.000989020869339354,0.0049751243781094535,0.0029910269192422734,0.8704203027096279,0.017803899419960453,9.999999999e-11,0.0009690600117885652,0.0049751243781094535,0.0009990009990009992,0.6353553495592857,0.017804154440265594,9.999999999e-11,0.0010987913295375086,0.0049751243781094535,0.0009990009990009992,0.6242383048576317,0.017804041842775536,9.999999999e-11,0.0010588775897548597,0.0049751243781094535,0.0017778336782190917,0.8895144861212516,0.017810919142499954,9.999999999e-11,0.000979040540270535,0.0049751243781094535,0.0017947729981493275,0.8895458113862037,0.01781117710853112,9.999999999e-11,0.0009191543779722655,0.0049751243781094535,0.0018595356850188102,0.8895156828074093,0.017810998018986147
4200,9999999101448.0,999564,9999960707.0,965,1000,0,0.0,7,0,300,9999960517.0,992,1000,0,0.0,7,0,300,9999991373.0,1000,1000,0,0.0,0,0,300,9999991525.0,1004,1000,0,0.0,0,0,300,9999991482.0,938,1000,0,0.0,0,0,300,999987833.0,109,549,0,7,151,999987981.0,100,546,0,5,144,999987757.0,105,534,0,1,137,999987772.0,97,531,0,3,146,999987911.0,101,546,0,11,151,999987830.0,108,530,0,1,169,999992274.0,98,0,1000,0,0,999992433.0,96,0,1000,0,0,999992328.0,92,0,1000,0,0,4200,9.999999999e-11,0.000998565869505214,9.999999999e-11,0.0009640696727657809,0.008061927090666958,0.04757124523784771,0.09090909090909091,0.8913613565190824,0.1289533033134961,0.0006375932155284928,9.999999999e-11,0.0009910169112240658,0.008062025484771248,0.0475712444572122,0.09090909090909091,0.8777194298574643,0.12935935891122355,0.0006066317745128707,9.999999999e-11,0.0009990009990009992,0.008062084521224451,0.009891081466814871,0.09090909090909091,0.9644865046113179,0.06196339573648281,0.000565679825218926,9.999999999e-11,0.0010029929950329869,0.008062123878856015,0.00989108162218736,0.09090909090909091,0.9645090166107373,0.058637974245959734,0.0006665554075431687,9.999999999e-11,0.0009371209805202719,0.00806183853595641,0.009891081514317867,0.09090909090909091,0.964516774064542,0.06027916081535385,0.0006246096189881324,9.999999999e-11,0.0010888131936189554,0.0049751243781094535,0.0029910269192422734,0.8702155371425546,0.01780361284998198,9.999999999e-11,0.0009990009990009992,0.0049751243781094535,0.0029910269192422734,0.8705441757990614,0.017803839794412336,9.999999999e-11,0.0010488986564107686,0.0049751243781094535,0.0029910269192422734,0.8703604864583141,0.01780347864428387,9.999999999e-11,0.0009690600117885652,0.0049751243781094535,0.0029910269192422734,0.8701696953157613,0.01780348858614689,9.999999999e-11,0.001008980929261446,0.0049751243781094535,0.0009990009990009992,0.6138622467328206,0.017803732127179443,9.999999999e-11,0.0010788348583529788,0.0049751243781094535,0.0009990009990009992,0.5988254989048973,0.017803602909505792,9.999999999e-11,0.000979040540270535,0.0049751243781094535,0.0015924600262581183,0.8895343221246276,0.017810919142514203,9.999999999e-11,0.000959079283887468,0.0049751243781094535,0.0016363180746756067,0.8895625988947201,0.01781117710853468,9.999999999e-11,0.0009191543779722655,0.0049751243781094535,0.0016851554575875924,0.8895344630981787,0.017810998018986147
4300,9999999100456.0,1000539,9999960701.0,971,1000,0,0.0,10,0,300,9999960520.0,988,1000,0,0.0,17,0,300,9999991359.0,1014,1000,0,0.0,0,0,300,9999991523.0,1006,1000,0,0.0,0,0,300,9999991463.0,958,1000,0,0.0,0,0,300,999987558.0,103,524,0,6,147,999987701.0,110,528,0,6,118,999987515.0,107,551,0,4,133,999987490.0,98,547,0,7,130,999987642.0,100,526,0,3,147,999987563.0,107,542,0,4,168,999992273.0,99,0,1000,0,0,999992428.0,101,0,1000,0,0,999992321.0,99,0,1000,0,0,4300,9.999999999e-11,0.0009995389223261945,9.999999999e-11,0.0009700580736105241,0.008022085713716603,0.04757124523784769,0.09090909090909091,0.7738056758678648,0.12964032612800747,0.0006236108668191049,9.999999999e-11,0.0009870248194783554,0.008021928270462424,0.04757124445721221,0.09090909090909091,0.6281833616298812,0.13001004391463408,0.0005856568051122043,9.999999999e-11,0.0010129728455346278,0.008022046352907743,0.009891081466814855,0.09090909090909091,0.9645758622800371,0.06196339573648281,0.0005496976662835441,9.999999999e-11,0.0010049889810850284,0.00802216443532495,0.00989108162218736,0.09090909090909091,0.9646009360178409,0.058637974245959734,0.0006535725635434425,9.999999999e-11,0.0009570831143764273,0.00802194795087193,0.00989108151431785,0.09090909090909091,0.9645989978219442,0.06027916081535385,0.0006106269069598476,9.999999999e-11,0.0010289401916026492,0.0049751243781094535,0.0029910269192422734,0.8699276039838849,0.017803143871364356,9.999999999e-11,0.0010987913295375086,0.0049751243781094535,0.0029910269192422734,0.8702985996090893,0.017803392476991114,9.999999999e-11,0.0010688563237336052,0.0049751243781094535,0.0029910269192422734,0.8701184804603824,0.017803080880374616,9.999999999e-11,0.000979040540270535,0.0049751243781094535,0.0029910269192422734,0.8698924993872816,0.017803022858485753,9.999999999e-11,0.0009990009990009992,0.0049751243781094535,0.0009990009990009992,0.5874854313181131,0.017803283098975685,9.999999999e-11,0.0010688563237336052,0.0049751243781094535,0.0009990009990009992,0.5694532192837525,0.017803158789629445,9.999999999e-11,0.000989020869339354,0.0049751243781094535,0.0014329437257535437,0.8895514131398392,0.01781091914251242,9.999999999e-11,0.001008980929261446,0.0049751243781094535,0.0014837950805103614,0.889578903536421,0.017811177108525773,9.999999999e-11,0.000989020869339354,0.0049751243781094535,0.0015426166572645264,0.8895497561041834,0.01781099801897368
4400,9999999099974.0,1000985,9999960691.0,981,1000,0,0.0,0,0,300,9999960517.0,991,1000,0,0.0,0,0,300,9999991370.0,1002,1000,0,0.0,0,0,300,9999991511.0,1018,1000,0,0.0,0,0,300,9999991442.0,978,1000,0,0.0,0,0,300,999987299.0,101,228,0,2,130,999987485.0,107,234,0,6,109,999987298.0,105,172,0,1,104,999987263.0,100,173,0,1,104,999987390.0,93,230,0,3,128,999987308.0,109,172,0,1,95,999992265.0,107,0,1000,0,0,999992434.0,95,0,1000,0,0,999992317.0,103,0,1000,0,0,4400,9.999999999e-11,0.000999984030984745,9.999999999e-11,0.00098003858215091,0.007983057937856685,0.047571245237847636,0.09090909090909091,0.7640067911714771,0.13023918285868322,0.0006136232353335053,9.999999999e-11,0.0009900188912787427,0.007982890641234204,0.047571244457212204,0.09090909090909091,0.8333333333333334,0.13056115191034282,0.0005706741450631689,9.999999999e-11,0.0010009970010049932,0.007982998891996372,0.009891081466814867,0.09090909090909091,0.9646556300383936,0.06196339573648281,0.0005317171264887081,9.999999999e-11,0.0010169647299049568,0.007982861118294968,0.00989108162218735,0.09090909090909091,0.9646828492329342,0.058637974245959734,0.0006325995644756869,9.999999999e-11,0.0009770444505273841,0.007982782390448414,0.00989108151431783,0.09090909090909091,0.9646789763590605,0.06027916081535385,0.0005916497433519356,9.999999999e-11,0.001008980929261446,0.0049751243781094535,0.0029910269192422734,0.8696728988447615,0.017802712792436618,9.999999999e-11,0.0010688563237336052,0.0049751243781094535,0.0029910269192422734,0.8700794093764267,0.017803032805347244,9.999999999e-11,0.0010488986564107686,0.0049751243781094535,0.0029910269192422734,0.8699220059530537,0.017802716109208104,9.999999999e-11,0.0009990009990009992,0.0049751243781094535,0.0029910269192422734,0.8696848452746466,0.0178026514298331,9.999999999e-11,0.000929135903609643,0.0049751243781094535,0.0009990009990009992,0.5589830007249139,0.017802847112225375,9.999999999e-11,0.0010888131936189554,0.0049751243781094535,0.0009990009990009992,0.5463211712549121,0.01780273932630962,9.999999999e-11,0.0010688563237336052,0.0049751243781094535,0.001290332889906241,0.8895668505138109,0.017810919142498174,9.999999999e-11,0.0009490983565612668,0.0049751243781094535,0.0013362121481457808,0.8895946237964346,0.01781117710853646,9.999999999e-11,0.0010289401916026492,0.0049751243781094535,0.001399039945037003,0.889565107970803,0.017810998018966556
4500,9999999099654.0,1001410,9999960695.0,977,1000,0,0.0,0,0,300,9999960531.0,977,1000,0,0.0,0,0,300,9999991378.0,995,1000,0,0.0,0,0,300,9999991507.0,1022,1000,0,0.0,0,0,300,9999991424.0,997,1000,0,0.0,0,0,300,999987144.0,100,44,0,0,35,999987352.0,116,45,0,1,52,999987192.0,101,41,0,0,37,999987149.0,97,41,0,0,37,999987241.0,93,45,0,1,41,999987208.0,109,41,0,0,33,999992264.0,109,0,1000,0,0,999992432.0,97,0,1000,0,0,999992318.0,102,0,1000,0,0,4500,9.999999999e-11,0.0010004081812432213,9.999999999e-11,0.0009760464026645967,0.007942895288303152,0.04757124523784766,0.09090909090909091,0.8912405967104424,0.13057522539105076,0.0006016378140359503,9.999999999e-11,0.0009760464026645967,0.007942944497165663,0.047571244457212274,0.09090909090909091,0.9040327889740704,0.1308151207480067,0.0005566899237124922,9.999999999e-11,0.0009940109590956998,0.007943013389564976,0.009891081466814874,0.09090909090909091,0.9647340035674072,0.06196339573648281,0.0005147349115205669,9.999999999e-11,0.0010209565823728148,0.00794282639588744,0.009891081622187345,0.09090909090909091,0.964758760590271,0.058637974245959734,0.0006136232353335053,9.999999999e-11,0.0009960069810399034,0.007942767345237783,0.00989108151431781,0.09090909090909091,0.9647606904960891,0.06027916081535385,0.0005716730030422599,9.999999999e-11,0.0009990009990009992,0.0049751243781094535,0.0029910269192422734,0.8696073164921383,0.017802452387237516,9.999999999e-11,0.0011586559590874585,0.0049751243781094535,0.0029910269192422734,0.8700071080312332,0.017802822239661897,9.999999999e-11,0.001008980929261446,0.0049751243781094535,0.0029910269192422734,0.8698761896454662,0.01780253366827004,9.999999999e-11,0.0009690600117885652,0.0049751243781094535,0.0029910269192422734,0.8696309585547227,0.01780245570497952,9.999999999e-11,0.000929135903609643,0.0049751243781094535,0.0009990009990009992,0.5506872996331698,0.01780260167331579,9.999999999e-11,0.0010888131936189554,0.0049751243781094535,0.0009990009990009992,0.5408440579280825,0.017802573476701566,9.999999999e-11,0.0010888131936189554,0.0049751243781094535,0.0011396996027532586,0.8895826631250816,0.01781091914249639,9.999999999e-11,0.0009690600117885652,0.0049751243781094535,0.0011925760641793698,0.8896099764772659,0.0178111771085329,9.999999999e-11,0.001018960660126671,0.0049751243781094535,0.0012484394506866417,0.8895812606220911,0.017810998018968335
4600,9999999099507.0,1001518,9999960680.0,991,1000,0,0.0,0,0,300,9999960506.0,1003,1000,0,0.0,0,0,300,9999991349.0,1023,1000,0,0.0,0,0,300,9999991511.0,1019,1000,0,0.0,0,0,300,9999991440.0,980,1000,0,0.0,0,0,300,999987104.0,105,12,0,0,9,999987309.0,110,12,0,0,18,999987146.0,103,10,0,0,5,999987110.0,100,10,0,0,13,999987201.0,94,12,0,0,13,999987172.0,112,10,0,0,6,999992272.0,100,0,1000,0,0,999992433.0,96,0,1000,0,0,999992320.0,100,0,1000,0,0,4600,9.999999999e-11,0.0010005159652515133,9.999999999e-11,0.0009900188912787427,0.007904136872085042,0.047571245237847594,0.09090909090909091,0.9201402662520033,0.13066954643628512,0.0005696752850875001,9.999999999e-11,0.0010019949990159869,0.007903900651020404,0.04757124445721215,0.09090909090909091,0.9261186264308013,0.13090282248258303,0.0005377107116371392,9.999999999e-11,0.0010219545405050633,0.007903930178659637,0.009891081466814848,0.09090909090909091,0.9648050232946085,0.06196339573648281,0.0005027471181995456,9.999999999e-11,0.001017962696012763,0.007904038446655114,0.009891081622187345,0.09090909090909091,0.9648341444454892,0.058637974245959734,0.0006026366101240953,9.999999999e-11,0.000979040540270535,0.007904254982575179,0.009891081514317826,0.09090909090909091,0.9648284542233824,0.06027916081535385,0.0005576888096442185,9.999999999e-11,0.0010488986564107686,0.0049751243781094535,0.0029910269192422734,0.8695977761387257,0.017802394324860894,9.999999999e-11,0.0010987913295375086,0.0049751243781094535,0.0029910269192422734,0.8699926117246783,0.017802742642988836,9.999999999e-11,0.0010289401916026492,0.0049751243781094535,0.0029910269192422734,0.8698636734431933,0.01780246068155095,9.999999999e-11,0.0009990009990009992,0.0049751243781094535,0.0029910269192422734,0.8696171962972312,0.017802394324871577,9.999999999e-11,0.0009391172298039843,0.0049751243781094535,0.0009990009990009992,0.5491971899209058,0.017802536985720107,9.999999999e-11,0.0011187470033562409,0.0049751243781094535,0.0009990009990009992,0.5399863003719003,0.01780251873963017,9.999999999e-11,0.0009990009990009992,0.0049751243781094535,0.001044907027249497,0.8895927183179888,0.01781091914251064,9.999999999e-11,0.000959079283887468,0.0049751243781094535,0.0010878153690630902,0.889621169309565,0.01781117710853468,9.999999999e-11,0.0009990009990009992,0.0049751243781094535,0.0011187470033562409,0.8895950331366878,0.0178109980189719
4700,9999999100926.0,1000036,9999960684.0,987,1000,0,0.0,0,0,300,9999960530.0,978,1000,0,0.0,0,0,300,9999991348.0,1027,1000,0,0.0,0,0,300,9999991503.0,1027,1000,0,0.0,0,0,300,9999991430.0,993,1000,0,0.0,0,0,300,999987092.0,105,3,0,0,1,999987293.0,109,3,0,0,3,999987139.0,104,4,0,0,2,999987097.0,101,4,0,0,3,999987181.0,100,3,0,0,2,999987170.0,109,4,0,0,3,999992277.0,95,0,937,0,0,999992434.0,95,0,983,0,0,999992310.0,110,0,1000,0,0,4700,9.999999999e-11,0.000999036927107563,9.999999999e-11,0.0009860267915567334,0.007864971851343407,0.047571245237847615,0.09090909090909091,0.9333272151608315,0.1307029468672004,0.0005506965661920282,9.999999999e-11,0.0009770444505273841,0.007865178561002299,0.047571244457212274,0.09090909090909091,0.9366448295878597,0.13091969800960881,0.0005287203069576194,9.999999999e-11,0.001025946353095371,0.007865011224618409,0.009891081466814845,0.09090909090909091,0.9648759955558825,0.06196339573648281,0.0004917580550369219,9.999999999e-11,0.001025946353095371,0.007865089971159034,0.009891081622187338,0.09090909090909091,0.9649017337538094,0.058637974245959734,0.0005846579750845755,9.999999999e-11,0.0009920149291753287,0.007864922634745263,0.009891081514317814,0.09090909090909091,0.9648956356736244,0.06027916081535385,0.0005457020466825114,9.999999999e-11,0.0010488986564107686,0.0049751243781094535,0.0029910269192422734,0.8695935343229735,0.01780237441690272,9.999999999e-11,0.0010888131936189554,0.0049751243781094535,0.0029910269192422734,0.8699905398405032,0.017802714450813203,9.999999999e-11,0.0010389195236953567,0.0049751243781094535,0.0029910269192422734,0.8698605429941355,0.017802450728357486,9.999999999e-11,0.001008980929261446,0.0049751243781094535,0.0029910269192422734,0.869616137216444,0.017802376075923144,9.999999999e-11,0.0009990009990009992,0.0049751243781094535,0.0009990009990009992,0.5487885826996385,0.01780251376338984,9.999999999e-11,0.0010888131936189554,0.0049751243781094535,0.0009990009990009992,0.5396994680763249,0.017802510445848994,9.999999999e-11,0.0009490983565612668,0.0049751243781094535,0.0009990009990009992,0.8896042298395451,0.017810919142519546,9.999999999e-11,0.0009490983565612668,0.0049751243781094535,0.0009990009990009992,0.8896321260104799,0.01781117710853646,9.999999999e-11,0.0010987913295375086,0.0049751243781094535,0.001015966761803246,0.8896059176609618,0.01781099801895409
4800,9999999101708.0,999331,9999960676.0,996,1000,0,0.0,0,0,300,9999960524.0,986,1000,0,0.0,0,0,300,9999991344.0,1030,1000,0,0.0,0,0,300,9999991526.0,1008,1000,0,0.0,0,0,300,9999991454.0,967,1000,0,0.0,0,0,300,999987094.0,101,1,0,0,0,999987294.0,106,1,0,0,1,999987139.0,102,1,0,0,1,999987100.0,96,1,0,0,0,999987183.0,96,1,0,0,1,999987163.0,112,1,0,0,0,999992276.0,96,0,850,0,0,999992432.0,97,0,871,0,0,999992305.0,115,0,926,0,0,4800,9.999999999e-11,0.0009983333345504504,9.999999999e-11,0.0009950089710648194,0.007826699550200218,0.04757124523784757,0.09090909090909091,0.9408527458344164,0.13070760246535346,0.0005377107116371392,9.999999999e-11,0.000985028761641022,0.007826620797565319,0.047571244457212246,0.09090909090909091,0.942716284191296,0.13092736344012237,0.0005097400325833825,9.999999999e-11,0.0010289401916026492,0.007826542044917914,0.009891081466814841,0.09090909090909091,0.9649424043120245,0.06196339573648281,0.00046878014211334883,9.999999999e-11,0.0010069849591611657,0.007826837367281212,0.009891081622187357,0.09090909090909091,0.9649649779370724,0.058637974245959734,0.0005706741450631689,9.999999999e-11,0.0009660658143575163,0.007826768458745501,0.00989108151431784,0.09090909090909091,0.9649589886400111,0.06027916081535385,0.0005317171264887081,9.999999999e-11,0.001008980929261446,0.0049751243781094535,0.0029910269192422734,0.8695924737094765,0.01780237109887408,9.999999999e-11,0.0010588775897548597,0.0049751243781094535,0.0029910269192422734,0.8699905398405032,0.017802711134033835,9.999999999e-11,0.001018960660126671,0.0049751243781094535,0.0029910269192422734,0.8698594993867438,0.017802447410606072,9.999999999e-11,0.000959079283887468,0.0049751243781094535,0.0029910269192422734,0.8696150780719704,0.01780236943986408,9.999999999e-11,0.000959079283887468,0.0049751243781094535,0.0009990009990009992,0.5486521682355615,0.017802510445873915,9.999999999e-11,0.0011187470033562409,0.0049751243781094535,0.0009990009990009992,0.5395558801045356,0.017802503810762708,9.999999999e-11,0.000959079283887468,0.0049751243781094535,0.0009990009990009992,0.8896133984494727,0.017810919142517763,9.999999999e-11,0.0009690600117885652,0.0049751243781094535,0.0009990009990009992,0.88964400297704,0.0178111771085329,9.999999999e-11,0.0011486790191280029,0.0049751243781094535,0.0009990009990009992,0.8896154085435112,0.017810998018945184
4900,9999999100151.0,1000867,9999960664.0,1008,1000,0,0.0,0,0,300,9999960512.0,997,1000,0,0.0,0,0,300,9999991348.0,1025,1000,0,0.0,0,0,300,9999991534.0,996,1000,0,0.0,0,0,300,9999991440.0,980,1000,0,0.0,0,0,300,999987089.0,106,0,0,0,0,999987298.0,101,0,0,0,0,999987138.0,101,0,0,0,0,999987102.0,92,0,0,0,0,999987186.0,92,0,0,0,1,999987166.0,109,0,0,0,0,999992282.0,90,0,787,0,0,999992431.0,98,0,790,0,0,999992307.0,113,0,843,0,0,4900,9.999999999e-11,0.0009998662668490976,9.999999999e-11,0.0010069849591611657,0.007788434141019675,0.047571245237847504,0.09090909090909091,0.9454077112631493,0.1307091540635585,0.0005267224172860903,9.999999999e-11,0.0009960069810399034,0.007788316002950639,0.047571244457212176,0.09090909090909091,0.9469749411601828,0.13092889613174372,0.0004947550962273675,9.999999999e-11,0.0010239504507879424,0.007788522744552992,0.009891081466814845,0.09090909090909091,0.9650062692351534,0.06196339573648281,0.0004507966906924977,9.999999999e-11,0.0009950089710648194,0.00778857196873133,0.009891081622187369,0.09090909090909091,0.9650256193879777,0.058637974245959734,0.0005566899237124922,9.999999999e-11,0.000979040540270535,0.007788493210043645,0.009891081514317826,0.09090909090909091,0.9650194296168709,0.06027916081535385,0.0005087410508051401,9.999999999e-11,0.0010588775897548597,0.0049751243781094535,0.0029910269192422734,0.8695924737094765,0.01780237109886518,9.999999999e-11,0.001008980929261446,0.0049751243781094535,0.0029910269192422734,0.8699905398405032,0.017802709475645804,9.999999999e-11,0.001008980929261446,0.0049751243781094535,0.0029910269192422734,0.8698584557171563,0.017802444092840666,9.999999999e-11,0.0009191543779722655,0.0049751243781094535,0.0029910269192422734,0.8696150780719704,0.017802369439867644,9.999999999e-11,0.0009191543779722655,0.0049751243781094535,0.0009990009990009992,0.5485156475363934,0.017802508787114927,9.999999999e-11,0.0010888131936189554,0.0049751243781094535,0.0009990009990009992,0.5395558801045356,0.01780250381076805,9.999999999e-11,0.00089919072834449,0.0049751243781094535,0.0009990009990009992,0.8896200270194554,0.01781091914252845,9.999999999e-11,0.000979040540270535,0.0049751243781094535,0.0009990009990009992,0.8896524987263198,0.01781117710853112,9.999999999e-11,0.0011287245412683665,0.0049751243781094535,0.0009990009990009992,0.8896243551927735,0.017810998018948747
5000,9999999100840.0,1000083,9999960656.0,1016,1000,0,0.0,0,0,300,9999960508.0,1001,1000,0,0.0,0,0,300,9999991352.0,1021,1000,0,0.0,0,0,300,9999991531.0,998,1000,0,0.0,0,0,300,9999991418.0,1004,1000,0,0.0,0,0,300,999987089.0,106,0,0,0,0,999987297.0,102,0,0,0,0,999987140.0,99,0,0,0,0,999987099.0,95,0,0,0,0,999987186.0,91,0,0,0,0,999987164.0,111,0,0,0,0,999992286.0,86,0,706,0,0,999992427.0,102,0,715,0,0,999992315.0,105,0,749,0,0,5000,9.999999999e-11,0.0009990838332427988,9.999999999e-11,0.0010149687917076252,0.007750411920013371,0.047571245237847476,0.09090909090909091,0.9488591660110149,0.1307099298124497,0.0005107390123646816,9.999999999e-11,0.0009999990009999988,0.007750569449467569,0.047571244457212156,0.09090909090909091,0.949890211899959,0.13092889613174372,0.0004797697105389413,9.999999999e-11,0.001019958622246686,0.0077504808391557385,0.009891081466814848,0.09090909090909091,0.9650654359527046,0.06196339573648281,0.00043580998684573523,9.999999999e-11,0.000997004989020957,0.007750736824457849,0.009891081622187369,0.09090909090909091,0.9650843989316703,0.058637974245959734,0.0005357128579081612,9.999999999e-11,0.0010029929950329869,0.0077506679053510425,0.009891081514317803,0.09090909090909091,0.965073333191008,0.06027916081535385,0.0004937560844942598,9.999999999e-11,0.0010588775897548597,0.0049751243781094535,0.0029910269192422734,0.8695924737094765,0.01780237109886696,9.999999999e-11,0.001018960660126671,0.0049751243781094535,0.0029910269192422734,0.8699905398405032,0.017802709475644024,9.999999999e-11,0.000989020869339354,0.0049751243781094535,0.0029910269192422734,0.8698584557171563,0.017802444092844226,9.999999999e-11,0.0009490983565612668,0.0049751243781094535,0.0029910269192422734,0.8696150780719704,0.0178023694398623,9.999999999e-11,0.0009091726528858739,0.0049751243781094535,0.0009990009990009992,0.5485156475363934,0.017802507128347553,9.999999999e-11,0.0011087692661146129,0.0049751243781094535,0.0009990009990009992,0.5395558801045356,0.01780250381076449,9.999999999e-11,0.0008592610355094617,0.0049751243781094535,0.0009990009990009992,0.8896285362086587,0.01781091914253557,9.999999999e-11,0.001018960660126671,0.0049751243781094535,0.0009990009990009992,0.8896602472992258,0.017811177108523993,9.999999999e-11,0.0010488986564107686,0.0049751243781094535,0.0009990009990009992,0.8896340201097495,0.017810998018962996
5100,9999999100520.0,1000487,9999960647.0,1025,1000,0,0.0,0,0,300,9999960530.0,981,1000,0,0.0,0,0,300,9999991342.0,1031,1000,0,0.0,0,0,300,9999991525.0,1004,1000,0,0.0,0,0,300,9999991425.0,996,1000,0,0.0,0,0,300,999987092.0,103,0,0,0,0,999987300.0,99,0,0,0,0,999987139.0,100,0,0,0,0,999987106.0,92,0,0,0,0,999987185.0,92,0,0,0,0,999987170.0,105,0,0,0,0,999992280.0,92,0,631,0,0,999992428.0,101,0,646,0,0,999992312.0,108,0,656,0,0,5100,9.999999999e-11,0.0009994870262235946,9.999999999e-11,0.0010239504507879424,0.007712189857840185,0.047571245237847434,0.09090909090909091,0.9513506425386835,0.1307099298124497,0.0004937560844942598,9.999999999e-11,0.00098003858215091,0.0077123867848207335,0.04757124445721227,0.09090909090909091,0.9520649237313379,0.13092889613174372,0.00045379397753419944,9.999999999e-11,0.0010299381337840687,0.00771239663116771,0.00989108146681484,0.09090909090909091,0.9651226648110589,0.06196339573648281,0.00041882451252925026,9.999999999e-11,0.0010029929950329869,0.007712524633660613,0.009891081622187362,0.09090909090909091,0.96513956923899,0.058637974245959734,0.000522726613980888,9.999999999e-11,0.0009950089710648194,0.00771229816768916,0.009891081514317812,0.09090909090909091,0.9651309330678235,0.06027916081535385,0.0004747744821209925,9.999999999e-11,0.0010289401916026492,0.0049751243781094535,0.0029910269192422734,0.8695924737094765,0.01780237109887052,9.999999999e-11,0.000989020869339354,0.0049751243781094535,0.0029910269192422734,0.8699905398405032,0.017802709475649364,9.999999999e-11,0.0009990009990009992,0.0049751243781094535,0.0029910269192422734,0.8698584557171563,0.017802444092842446,9.999999999e-11,0.0009191543779722655,0.0049751243781094535,0.0029910269192422734,0.8696150780719704,0.017802369439867644,9.999999999e-11,0.0009191543779722655,0.0049751243781094535,0.0009990009990009992,0.5485156475363934,0.017802507128345777,9.999999999e-11,0.0010488986564107686,0.0049751243781094535,0.0009990009990009992,0.5395558801045356,0.01780250381077517,9.999999999e-11,0.0009191543779722655,0.0049751243781094535,0.0009990009990009992,0.8896365066089362,0.017810919142524886,9.999999999e-11,0.001008980929261446,0.0049751243781094535,0.0009990009990009992,0.8896674611844854,0.017811177108525773,9.999999999e-11,0.0010788348583529788,0.0049751243781094535,0.0009990009990009992,0.8896437705748127,0.017810998018957653
5200,9999999100417.0,1000527,9999960649.0,1023,1000,0,0.0,0,0,300,9999960532.0,976,1000,0,0.0,0,0,300,9999991344.0,1029,1000,0,0.0,0,0,300,9999991538.0,993,1000,0,0.0,0,0,300,9999991443.0,978,1000,0,0.0,0,0,300,999987085.0,110,0,0,0,0,999987295.0,104,0,0,0,0,999987145.0,94,0,0,0,0,999987108.0,86,0,0,0,0,999987182.0,95,0,0,0,0,999987171.0,104,0,0,0,0,999992283.0,89,0,563,0,0,999992426.0,103,0,590,0,0,999992314.0,106,0,600,0,0,5200,9.999999999e-11,0.0009995269463029964,9.999999999e-11,0.0010219545405050633,0.0076750184904875425,0.04757124523784744,0.09090909090909091,0.9531938005547689,0.1307099298124497,0.0004797697105389413,9.999999999e-11,0.0009750483528076597,0.007675057878840736,0.04757124445721228,0.09090909090909091,0.9538235990034472,0.13092889613174372,0.0004388073635673939,9.999999999e-11,0.0010279422474273972,0.007675244973475706,0.009891081466814841,0.09090909090909091,0.9651757975556682,0.06196339573648281,0.00040683441839171457,9.999999999e-11,0.0009920149291753287,0.007674939713771775,0.009891081622187372,0.09090909090909091,0.96519189085809,0.058637974245959734,0.0005117379901490437,9.999999999e-11,0.0009770444505273841,0.0076751268084513016,0.009891081514317829,0.09090909090909091,0.9651815006879035,0.06027916081535385,0.0004587894156582129,9.999999999e-11,0.0010987913295375086,0.0049751243781094535,0.0029910269192422734,0.8695924737094765,0.017802371098858058,9.999999999e-11,0.0010389195236953567,0.0049751243781094535,0.0029910269192422734,0.8699905398405032,0.017802709475640464,9.999999999e-11,0.0009391172298039843,0.0049751243781094535,0.0029910269192422734,0.8698584557171563,0.01780244409285313,9.999999999e-11,0.0008592610355094617,0.0049751243781094535,0.0029910269192422734,0.8696150780719704,0.017802369439878323,9.999999999e-11,0.0009490983565612668,0.0049751243781094535,0.0009990009990009992,0.5485156475363934,0.017802507128340434,9.999999999e-11,0.0010389195236953567,0.0049751243781094535,0.0009990009990009992,0.5395558801045356,0.01780250381077695,9.999999999e-11,0.0008892086043421354,0.0049751243781094535,0.0009990009990009992,0.8896435223078648,0.017810919142530232,9.999999999e-11,0.0010289401916026492,0.0049751243781094535,0.0009990009990009992,0.8896734123932041,0.017811177108522213,9.999999999e-11,0.0010588775897548597,0.0049751243781094535,0.0009990009990009992,0.8896496323875631,0.017810998018961213
5300,9999999100784.0,1000200,9999960655.0,1017,1000,0,0.0,0,0,300,9999960536.0,973,1000,0,0.0,0,0,300,9999991343.0,1029,1000,0,0.0,0,0,300,9999991532.0,998,1000,0,0.0,0,0,300,9999991422.0,998,1000,0,0.0,0,0,300,999987082.0,113,0,0,0,0,999987288.0,111,0,0,0,0,999987140.0,100,0,0,0,0,999987108.0,87,0,0,0,0,999987177.0,100,0,0,0,0,999987170.0,106,0,0,0,0,999992273.0,99,0,513,0,0,999992426.0,103,0,526,0,0,999992310.0,111,0,533,0,0,5300,9.999999999e-11,0.0009992005995603196,9.999999999e-11,0.001015966761803246,0.007636751228188451,0.04757124523784747,0.09090909090909091,0.9547503670118094,0.1307099298124497,0.0004657829451475612,9.999999999e-11,0.0009720541912718926,0.007636623206145658,0.04757124445721229,0.09090909090909091,0.9552080417462221,0.13092889613174372,0.00042881603791973245,9.999999999e-11,0.0010279422474273972,0.0076367019889451325,0.009891081466814841,0.09090909090909091,0.9652280588850455,0.06196339573648281,0.00040183846093870264,9.999999999e-11,0.000997004989020957,0.007636524727628725,0.009891081622187369,0.09090909090909091,0.9652440857162127,0.058637974245959734,0.0004947550962273675,9.999999999e-11,0.000997004989020957,0.007636869402352481,0.009891081514317808,0.09090909090909091,0.9652308637500848,0.06027916081535385,0.00044080560472831485,9.999999999e-11,0.0011287245412683665,0.0049751243781094535,0.0029910269192422734,0.8695924737094765,0.01780237109885272,9.999999999e-11,0.0011087692661146129,0.0049751243781094535,0.0029910269192422734,0.8699905398405032,0.017802709475628002,9.999999999e-11,0.0009990009990009992,0.0049751243781094535,0.0029910269192422734,0.8698584557171563,0.017802444092844226,9.999999999e-11,0.0008692437579306005,0.0049751243781094535,0.0029910269192422734,0.8696150780719704,0.017802369439876543,9.999999999e-11,0.0009990009990009992,0.0049751243781094535,0.0009990009990009992,0.5485156475363934,0.017802507128331535,9.999999999e-11,0.0010588775897548597,0.0049751243781094535,0.0009990009990009992,0.5395558801045356,0.01780250381077339,9.999999999e-11,0.000989020869339354,0.0049751243781094535,0.0009990009990009992,0.8896487513002492,0.01781091914251242,9.999999999e-11,0.0010289401916026492,0.0049751243781094535,0.0009990009990009992,0.8896799815487916,0.017811177108522213,9.999999999e-11,0.0011087692661146129,0.0049751243781094535,0.0009990009990009992,0.8896566363309497,0.017810998018952306
5400,9999999099678.0,1001310,9999960660.0,1013,1000,0,0.0,0,0,300,9999960525.0,984,1000,0,0.0,0,0,300,9999991341.0,1031,1000,0,0.0,0,0,300,9999991533.0,997,1000,0,0.0,0,0,300,9999991419.0,1001,1000,0,0.0,0,0,300,999987081.0,114,0,0,0,0,999987299.0,100,0,0,0,0,999987135.0,104,0,0,0,0,999987109.0,85,0,0,0,0,999987177.0,100,0,0,0,0,999987174.0,101,0,0,0,0,999992269.0,103,0,471,0,0,999992426.0,103,0,490,0,0,999992306.0,114,0,479,0,0,5400,9.999999999e-11,0.001000308381214806,9.999999999e-11,0.0010119748694572398,0.007599268902351004,0.0475712452378475,0.09090909090909091,0.9559717830211628,0.1307099298124497,0.00044779938587512794,9.999999999e-11,0.000983032695827306,0.007599318145309114,0.047571244457212246,0.09090909090909091,0.9563123626070095,0.13092889613174372,0.00041582701596136007,9.999999999e-11,0.0010299381337840687,0.00759923935657379,0.009891081466814838,0.09090909090909091,0.9652776066438306,0.06196339573648281,0.00039484403660554085,9.999999999e-11,0.0009960069810399034,0.007599475722742229,0.009891081622187369,0.09090909090909091,0.9652930718382313,0.058637974245959734,0.0004827668236241895,9.999999999e-11,0.0009999990009999988,0.0075994166312106735,0.009891081514317805,0.09090909090909091,0.965278171295669,0.06027916081535385,0.0004228211466549649,9.999999999e-11,0.001138701879856963,0.0049751243781094535,0.0029910269192422734,0.8695924737094765,0.01780237109885272,9.999999999e-11,0.0009990009990009992,0.0049751243781094535,0.0029910269192422734,0.8699905398405032,0.017802709475645804,9.999999999e-11,0.0010389195236953567,0.0049751243781094535,0.0029910269192422734,0.8698584557171563,0.017802444092835327,9.999999999e-11,0.0008492781136034371,0.0049751243781094535,0.0029910269192422734,0.8696150780719704,0.017802369439880103,9.999999999e-11,0.0009990009990009992,0.0049751243781094535,0.0009990009990009992,0.5485156475363934,0.017802507128331535,9.999999999e-11,0.001008980929261446,0.0049751243781094535,0.0009990009990009992,0.5395558801045356,0.01780250381078229,9.999999999e-11,0.0010289401916026492,0.0049751243781094535,0.0009990009990009992,0.8896531392994105,0.017810919142505297,9.999999999e-11,0.0010289401916026492,0.0049751243781094535,0.0009990009990009992,0.8896837313533777,0.017811177108522213,9.999999999e-11,0.001138701879856963,0.0049751243781094535,0.0009990009990009992,0.8896622739431381,0.017810998018946967
5500,9999999100398.0,1000643,9999960678.0,995,1000,0,0.0,0,0,300,9999960513.0,996,1000,0,0.0,0,0,300,9999991342.0,1031,1000,0,0.0,0,0,300,9999991536.0,994,1000,0,0.0,0,0,300,9999991433.0,988,1000,0,0.0,0,0,300,999987083.0,112,0,0,0,0,999987300.0,99,0,0,0,0,999987133.0,106,0,0,0,0,999987102.0,93,0,0,0,0,999987174.0,103,0,0,0,0,999987173.0,102,0,0,0,0,999992261.0,111,0,437,0,0,999992434.0,95,0,447,0,0,999992311.0,109,0,432,0,0,5500,9.999999999e-11,0.0009996427145152194,9.999999999e-11,0.0009940109590956998,0.0075628474720958435,0.04757124523784757,0.09090909090909091,0.9569628985548905,0.1307099298124497,0.0004298151794728267,9.999999999e-11,0.0009950089710648194,0.007562758828252771,0.04757124445721219,0.09090909090909091,0.9572605975061403,0.13092889613174372,0.0004008392634553544,9.999999999e-11,0.0010299381337840687,0.007562670184393864,0.00989108146681484,0.09090909090909091,0.96532088591046,0.06196339573648281,0.00038585106149026475,9.999999999e-11,0.0009930129451325384,0.007562492896628544,0.00989108162218737,0.09090909090909091,0.9653376674272168,0.058637974245959734,0.00046878014211334883,9.999999999e-11,0.0009870248194783554,0.007562561841878139,0.009891081514317819,0.09090909090909091,0.9653236688651398,0.06027916081535385,0.00040683441839171457,9.999999999e-11,0.0011187470033562409,0.0049751243781094535,0.0029910269192422734,0.8695924737094765,0.0178023710988545,9.999999999e-11,0.000989020869339354,0.0049751243781094535,0.0029910269192422734,0.8699905398405032,0.017802709475649364,9.999999999e-11,0.0010588775897548597,0.0049751243781094535,0.0029910269192422734,0.8698584557171563,0.017802444092829987,9.999999999e-11,0.000929135903609643,0.0049751243781094535,0.0029910269192422734,0.8696150780719704,0.01780236943986586,9.999999999e-11,0.0010289401916026492,0.0049751243781094535,0.0009990009990009992,0.5485156475363934,0.017802507128326192,9.999999999e-11,0.001018960660126671,0.0049751243781094535,0.0009990009990009992,0.5395558801045356,0.01780250381078051,9.999999999e-11,0.0011087692661146129,0.0049751243781094535,0.0009990009990009992,0.8896566885811835,0.01781091914249105,9.999999999e-11,0.0009490983565612668,0.0049751243781094535,0.0009990009990009992,0.8896882064812116,0.01781117710853646,9.999999999e-11,0.0010888131936189554,0.0049751243781094535,0.0009990009990009992,0.8896671754184193,0.01781099801895587
5600,9999999099241.0,1001707,9999960677.0,995,1000,0,0.0,0,0,300,9999960496.0,1012,1000,0,0.0,0,0,300,9999991343.0,1030,1000,0,0.0,0,0,300,9999991526.0,1004,1000,0,0.0,0,0,300,9999991414.0,1007,1000,0,0.0,0,0,300,999987079.0,116,0,0,0,0,999987305.0,94,0,0,0,0,999987127.0,112,0,0,0,0,999987099.0,95,0,0,0,0,999987180.0,97,0,0,0,0,999987180.0,95,0,0,0,0,999992258.0,114,0,384,0,0,999992432.0,97,0,418,0,0,999992306.0,114,0,390,0,0,5600,9.999999999e-11,0.0010007045872100595,9.999999999e-11,0.0009940109590956998,0.007525645214773485,0.04757124523784757,0.09090909090909091,0.9578316238045687,0.1307099298124497,0.0004128295014159152,9.999999999e-11,0.0010109768913859176,0.0075259407162889735,0.0475712444572121,0.09090909090909091,0.958035396512117,0.13092889613174372,0.0003878495143884173,9.999999999e-11,0.0010289401916026492,0.00752570431509066,0.009891081466814841,0.09090909090909091,0.965366350793089,0.06196339573648281,0.0003788564134193141,9.999999999e-11,0.0010029929950329869,0.007525832365753726,0.009891081622187362,0.09090909090909091,0.965381704432986,0.058637974245959734,0.00045179578830368677,9.999999999e-11,0.001005986971120082,0.007526039216755033,0.0098910815143178,0.09090909090909091,0.965366642333108,0.06027916081535385,0.00039584324607455445,9.999999999e-11,0.0011586559590874585,0.0049751243781094535,0.0029910269192422734,0.8695924737094765,0.01780237109884738,9.999999999e-11,0.0009391172298039843,0.0049751243781094535,0.0029910269192422734,0.8699905398405032,0.017802709475658263,9.999999999e-11,0.0011187470033562409,0.0049751243781094535,0.0029910269192422734,0.8698584557171563,0.017802444092821085,9.999999999e-11,0.0009490983565612668,0.0049751243781094535,0.0029910269192422734,0.8696150780719704,0.0178023694398623,9.999999999e-11,0.0009690600117885652,0.0049751243781094535,0.0009990009990009992,0.5485156475363934,0.017802507128336875,9.999999999e-11,0.0009490983565612668,0.0049751243781094535,0.0009990009990009992,0.5395558801045356,0.01780250381079297,9.999999999e-11,0.001138701879856963,0.0049751243781094535,0.0009990009990009992,0.8896623203353654,0.017810919142485705,9.999999999e-11,0.0009690600117885652,0.0049751243781094535,0.0009990009990009992,0.8896912222543564,0.0178111771085329,9.999999999e-11,0.001138701879856963,0.0049751243781094535,0.0009990009990009992,0.8896715512653498,0.017810998018946967
5700,9999999100328.0,1000687,9999960672.0,1000,1000,0,0.0,0,0,300,9999960489.0,1019,1000,0,0.0,0,0,300,9999991341.0,1033,1000,0,0.0,0,0,300,9999991521.0,1009,1000,0,0.0,0,0,300,9999991399.0,1022,1000,0,0.0,0,0,300,999987085.0,110,0,0,0,0,999987309.0,90,0,0,0,0,999987128.0,111,0,0,0,0,999987101.0,93,0,0,0,0,999987181.0,96,0,0,0,0,999987176.0,99,0,0,0,0,999992258.0,114,0,347,0,0,999992425.0,104,0,372,0,0,999992304.0,116,0,357,0,0,5700,9.999999999e-11,0.000999686626588699,9.999999999e-11,0.0009990009990009992,0.007488046136402068,0.04757124523784755,0.09090909090909091,0.9585577090865675,0.1307099298124497,0.00040183846093870264,9.999999999e-11,0.001017962696012763,0.007487918075988333,0.047571244457212065,0.09090909090909091,0.958708593418307,0.13092889613174372,0.000368863889224876,9.999999999e-11,0.0010319340121654331,0.0074878392695634545,0.009891081466814838,0.09090909090909091,0.9654110943376876,0.06196339573648281,0.000373860176294066,9.999999999e-11,0.0010079829452082846,0.007488154495187881,0.009891081622187357,0.09090909090909091,0.965426153973225,0.058637974245959734,0.00042781689436920996,9.999999999e-11,0.0010209565823728148,0.007487977180798779,0.009891081514317784,0.09090909090909091,0.9654100833948036,0.06027916081535385,0.0003878495143884173,9.999999999e-11,0.0010987913295375086,0.0049751243781094535,0.0029910269192422734,0.8695924737094765,0.017802371098858058,9.999999999e-11,0.00089919072834449,0.0049751243781094535,0.0029910269192422734,0.8699905398405032,0.017802709475665385,9.999999999e-11,0.0011087692661146129,0.0049751243781094535,0.0029910269192422734,0.8698584557171563,0.017802444092822868,9.999999999e-11,0.000929135903609643,0.0049751243781094535,0.0029910269192422734,0.8696150780719704,0.01780236943986586,9.999999999e-11,0.000959079283887468,0.0049751243781094535,0.0009990009990009992,0.5485156475363934,0.017802507128338654,9.999999999e-11,0.000989020869339354,0.0049751243781094535,0.0009990009990009992,0.5395558801045356,0.017802503810785852,9.999999999e-11,0.001138701879856963,0.0049751243781094535,0.0009990009990009992,0.8896661753510808,0.017810919142485705,9.999999999e-11,0.0010389195236953567,0.0049751243781094535,0.0009990009990009992,0.8896960020391057,0.01781117710852043,9.999999999e-11,0.0011586559590874585,0.0049751243781094535,0.0009990009990009992,0.8896749866569775,0.017810998018943404
5800,9999999098910.0,1002060,9999960674.0,997,1000,0,0.0,0,0,300,9999960490.0,1020,1000,0,0.0,0,0,300,9999991367.0,1007,1000,0,0.0,0,0,300,9999991553.0,976,1000,0,0.0,0,0,300,9999991419.0,1002,1000,0,0.0,0,0,300,999987086.0,109,0,0,0,0,999987306.0,93,0,0,0,0,999987126.0,113,0,0,0,0,999987103.0,91,0,0,0,0,999987182.0,95,0,0,0,0,999987175.0,100,0,0,0,0,999992267.0,105,0,315,0,0,999992426.0,103,0,340,0,0,999992310.0,110,0,327,0,0,5800,9.999999999e-11,0.0010010568809418832,9.999999999e-11,0.0009960069810399034,0.007451439214271561,0.04757124523784757,0.09090909090909091,0.9591504765395894,0.1307099298124497,0.0003918463962126846,9.999999999e-11,0.001018960660126671,0.007451626393238911,0.04757124445721208,0.09090909090909091,0.959301098715586,0.13092889613174372,0.00035587330910195967,9.999999999e-11,0.001005986971120082,0.007451537729526337,0.009891081466814862,0.09090909090909091,0.965451367812485,0.06196339573648281,0.0003668653604127285,9.999999999e-11,0.0009750483528076597,0.007451399808164176,0.00989108162218739,0.09090909090909091,0.9654650563565532,0.058637974245959734,0.0004138286749285796,9.999999999e-11,0.0010009970010049932,0.007451705205414569,0.009891081514317805,0.09090909090909091,0.9654526140997778,0.06027916081535385,0.0003778571699897439,9.999999999e-11,0.0010888131936189554,0.0049751243781094535,0.0029910269192422734,0.8695924737094765,0.01780237109885984,9.999999999e-11,0.000929135903609643,0.0049751243781094535,0.0029910269192422734,0.8699905398405032,0.017802709475660046,9.999999999e-11,0.0011287245412683665,0.0049751243781094535,0.0029910269192422734,0.8698584557171563,0.017802444092819305,9.999999999e-11,0.0009091726528858739,0.0049751243781094535,0.0029910269192422734,0.8696150780719704,0.01780236943986942,9.999999999e-11,0.0009490983565612668,0.0049751243781094535,0.0009990009990009992,0.5485156475363934,0.017802507128340434,9.999999999e-11,0.0009990009990009992,0.0049751243781094535,0.0009990009990009992,0.5395558801045356,0.01780250381078407,9.999999999e-11,0.0010488986564107686,0.0049751243781094535,0.0009990009990009992,0.889669402866389,0.017810919142501734,9.999999999e-11,0.0010289401916026492,0.0049751243781094535,0.0009990009990009992,0.8896993243206573,0.017811177108522213,9.999999999e-11,0.0010987913295375086,0.0049751243781094535,0.0009990009990009992,0.8896781076244791,0.01781099801895409
5900,9999999099177.0,1001841,9999960683.0,989,1000,0,0.0,0,0,300,9999960492.0,1018,1000,0,0.0,0,0,300,9999991402.0,972,1000,0,0.0,0,0,300,9999991542.0,989,1000,0,0.0,0,0,300,9999991407.0,1015,1000,0,0.0,0,0,300,999987091.0,104,0,0,0,0,999987309.0,90,0,0,0,0,999987124.0,115,0,0,0,0,999987103.0,91,0,0,0,0,999987183.0,94,0,0,0,0,999987179.0,96,0,0,0,0,999992273.0,99,0,286,0,0,999992425.0,104,0,316,0,0,999992314.0,106,0,285,0,0,5900,9.999999999e-11,0.0010008383191375172,9.999999999e-11,0.0009880228454058938,0.007415154715936858,0.04757124523784761,0.09090909090909091,0.9596754027216482,0.1307099298124497,0.00038685028893818094,9.999999999e-11,0.0010169647299049568,0.007414947818711963,0.047571244457212086,0.09090909090909091,0.9598180680026307,0.13092889613174372,0.0003468796327674296,9.999999999e-11,0.000971056133438298,0.007414780330419113,0.009891081466814897,0.09090909090909091,0.9654921576494322,0.06196339573648281,0.00035587330910195967,9.999999999e-11,0.0009880228454058938,0.007415016784463178,0.009891081622187376,0.09090909090909091,0.9655050542331859,0.058637974245959734,0.0004048360414032317,9.999999999e-11,0.0010139708196180877,0.00741486900069884,0.009891081514317793,0.09090909090909091,0.9654898539975573,0.06027916081535385,0.0003668653604127285,9.999999999e-11,0.0010389195236953567,0.0049751243781094535,0.0029910269192422734,0.8695924737094765,0.01780237109886874,9.999999999e-11,0.00089919072834449,0.0049751243781094535,0.0029910269192422734,0.8699905398405032,0.017802709475665385,9.999999999e-11,0.0011486790191280029,0.0049751243781094535,0.0029910269192422734,0.8698584557171563,0.017802444092815745,9.999999999e-11,0.0009091726528858739,0.0049751243781094535,0.0029910269192422734,0.8696150780719704,0.01780236943986942,9.999999999e-11,0.0009391172298039843,0.0049751243781094535,0.0009990009990009992,0.5485156475363934,0.017802507128342214,9.999999999e-11,0.000959079283887468,0.0049751243781094535,0.0009990009990009992,0.5395558801045356,0.017802503810791192,9.999999999e-11,0.000989020869339354,0.0049751243781094535,0.0009990009990009992,0.8896724202066818,0.01781091914251242,9.999999999e-11,0.0010389195236953567,0.0049751243781094535,0.0009990009990009992,0.8897018145332567,0.01781117710852043,9.999999999e-11,0.0010588775897548597,0.0049751243781094535,0.0009990009990009992,0.8896824735975278,0.017810998018961213
6000,9999999098454.0,1002546,9999960678.0,993,1000,0,0.0,0,0,300,9999960511.0,997,1000,0,0.0,0,0,300,9999991391.0,982,1000,0,0.0,0,0,300,9999991545.0,984,1000,0,0.0,0,0,300,9999991396.0,1026,1000,0,0.0,0,0,300,999987088.0,107,0,0,0,0,999987308.0,91,0,0,0,0,999987120.0,119,0,0,0,0,999987104.0,91,0,0,0,0,999987187.0,90,0,0,0,0,999987174.0,101,0,0,0,0,999992269.0,103,0,255,0,0,999992432.0,97,0,283,0,0,999992311.0,109,0,267,0,0,6000,9.999999999e-11,0.0010015419081661357,9.999999999e-11,0.0009920149291753287,0.007379202565376834,0.04757124523784758,0.09090909090909091,0.9601255185510529,0.1307099298124497,0.00037985565485115655,9.999999999e-11,0.0009960069810399034,0.007378985800199048,0.047571244457212176,0.09090909090909091,0.9602638276445706,0.13092889613174372,0.00033888511794501663,9.999999999e-11,0.0009810366220371594,0.007379281389054375,0.009891081466814887,0.09090909090909091,0.9655300044754738,0.06196339573648281,0.0003438817046935855,9.999999999e-11,0.000983032695827306,0.007379123741686775,0.009891081622187381,0.09090909090909091,0.9655432715386617,0.058637974245959734,0.00039484403660554085,9.999999999e-11,0.001024948402938585,0.007379044917984197,0.009891081514317784,0.09090909090909091,0.965526713363549,0.06027916081535385,0.00035287543497145507,9.999999999e-11,0.0010688563237336052,0.0049751243781094535,0.0029910269192422734,0.8695924737094765,0.0178023710988634,9.999999999e-11,0.0009091726528858739,0.0049751243781094535,0.0029910269192422734,0.8699905398405032,0.017802709475663606,9.999999999e-11,0.0011885855831560443,0.0049751243781094535,0.0029910269192422734,0.8698584557171563,0.017802444092808626,9.999999999e-11,0.0009091726528858739,0.0049751243781094535,0.0029910269192422734,0.8696150780719704,0.01780236943986942,9.999999999e-11,0.00089919072834449,0.0049751243781094535,0.0009990009990009992,0.5485156475363934,0.017802507128349337,9.999999999e-11,0.001008980929261446,0.0049751243781094535,0.0009990009990009992,0.5395558801045356,0.01780250381078229,9.999999999e-11,0.0010289401916026492,0.0049751243781094535,0.0009990009990009992,0.8896756435588645,0.017810919142505297,9.999999999e-11,0.0009690600117885652,0.0049751243781094535,0.0009990009990009992,0.8897052364802636,0.0178111771085329,9.999999999e-11,0.0010888131936189554,0.0049751243781094535,0.0009990009990009992,0.8896843435223404,0.01781099801895587
6100,9999999099265.0,1001681,9999960667.0,1004,1000,0,0.0,0,0,300,9999960498.0,1012,1000,0,0.0,0,0,300,9999991381.0,995,1000,0,0.0,0,0,300,9999991549.0,980,1000,0,0.0,0,0,300,9999991395.0,1025,1000,0,0.0,0,0,300,999987090.0,105,0,0,0,0,999987307.0,92,0,0,0,0,999987118.0,121,0,0,0,0,999987107.0,87,0,0,0,0,999987188.0,89,0,0,0,0,999987173.0,102,0,0,0,0,999992261.0,111,0,239,0,0,999992429.0,100,0,254,0,0,999992313.0,107,0,238,0,0,6100,9.999999999e-11,0.0010006786392199873,9.999999999e-11,0.0010029929950329869,0.0073425186378638894,0.047571245237847525,0.09090909090909091,0.9605516395073209,0.1307099298124497,0.00037086241004587303,9.999999999e-11,0.0010109768913859176,0.007342292002970825,0.04757124445721211,0.09090909090909091,0.9606770943721475,0.13092889613174372,0.00032089699206554694,9.999999999e-11,0.0009940109590956998,0.00734241024727577,0.009891081466814878,0.09090909090909091,0.9655659631506339,0.06196339573648281,0.0003338884812472634,9.999999999e-11,0.000979040540270535,0.0073422033197236315,0.009891081622187384,0.09090909090909091,0.965580060013663,0.058637974245959734,0.00038285336716037757,9.999999999e-11,0.0010239504507879424,0.0073423609788187995,0.009891081514317782,0.09090909090909091,0.9655651310762775,0.06027916081535385,0.0003448810160494629,9.999999999e-11,0.0010488986564107686,0.0049751243781094535,0.0029910269192422734,0.8695924737094765,0.01780237109886696,9.999999999e-11,0.0009191543779722655,0.0049751243781094535,0.0029910269192422734,0.8699905398405032,0.017802709475661822,9.999999999e-11,0.0012085376694200018,0.0049751243781094535,0.0029910269192422734,0.8698584557171563,0.017802444092805066,9.999999999e-11,0.0008692437579306005,0.0049751243781094535,0.0029910269192422734,0.8696150780719704,0.017802369439876543,9.999999999e-11,0.0008892086043421354,0.0049751243781094535,0.0009990009990009992,0.5485156475363934,0.017802507128349337,9.999999999e-11,0.001018960660126671,0.0049751243781094535,0.0009990009990009992,0.5395558801045356,0.01780250381078051,9.999999999e-11,0.0011087692661146129,0.0049751243781094535,0.0009990009990009992,0.8896773063840282,0.01781091914249105,9.999999999e-11,0.0009990009990009992,0.0049751243781094535,0.0009990009990009992,0.8897082416448034,0.017811177108527556,9.999999999e-11,0.0010688563237336052,0.0049751243781094535,0.0009990009990009992,0.889687354657799,0.017810998018959433
6200,9999999100685.0,1000337,9999960668.0,1005,1000,0,0.0,0,0,300,9999960492.0,1018,1000,0,0.0,0,0,300,9999991390.0,983,1000,0,0.0,0,0,300,9999991531.0,1000,1000,0,0.0,0,0,300,9999991417.0,1004,1000,0,0.0,0,0,300,999987092.0,103,0,0,0,0,999987303.0,96,0,0,0,0,999987116.0,124,0,0,0,0,999987108.0,86,0,0,0,0,999987179.0,98,0,0,0,0,999987174.0,102,0,0,0,0,999992262.0,110,0,221,0,0,999992435.0,94,0,224,0,0,999992308.0,112,0,222,0,0,6200,9.999999999e-11,0.0009993373258974237,9.999999999e-11,0.0010039909890559987,0.007306088213600253,0.047571245237847525,0.09090909090909091,0.9609138684868777,0.1307099298124497,0.00035387472834616545,9.999999999e-11,0.0010169647299049568,0.007306009378297791,0.04757124445721208,0.09090909090909091,0.9610326874563899,0.13092889613174372,0.00030990392978176763,9.999999999e-11,0.0009820346599292895,0.0073061769033005534,0.009891081466814885,0.09090909090909091,0.9655999183177455,0.06196339573648281,0.0003258937586346851,9.999999999e-11,0.0009990009990009992,0.007306305010617455,0.009891081622187365,0.09090909090909091,0.9656149366367043,0.058637974245959734,0.00036286827881479023,9.999999999e-11,0.0010029929950329869,0.007306354282653613,0.009891081514317803,0.09090909090909091,0.9656015291063161,0.06027916081535385,0.0003378857946014247,9.999999999e-11,0.0010289401916026492,0.0049751243781094535,0.0029910269192422734,0.8695924737094765,0.01780237109886874,9.999999999e-11,0.000959079283887468,0.0049751243781094535,0.0029910269192422734,0.8699905398405032,0.017802709475654703,9.999999999e-11,0.0012384643042627143,0.0049751243781094535,0.0029910269192422734,0.8698584557171563,0.017802444092799723,9.999999999e-11,0.0008592610355094617,0.0049751243781094535,0.0029910269192422734,0.8696150780719704,0.017802369439878323,9.999999999e-11,0.000979040540270535,0.0049751243781094535,0.0009990009990009992,0.5485156475363934,0.017802507128335095,9.999999999e-11,0.001018960660126671,0.0049751243781094535,0.0009990009990009992,0.5395558801045356,0.01780250381078229,9.999999999e-11,0.0010987913295375086,0.0049751243781094535,0.0009990009990009992,0.8896791763788083,0.01781091914249283,9.999999999e-11,0.0009391172298039843,0.0049751243781094535,0.0009990009990009992,0.8897113484678009,0.017811177108538242,9.999999999e-11,0.0011187470033562409,0.0049751243781094535,0.0009990009990009992,0.8896890151708976,0.017810998018950527
6300,9999999099711.0,1001287,9999960668.0,1004,1000,0,0.0,0,0,300,9999960498.0,1011,1000,0,0.0,0,0,300,9999991398.0,975,1000,0,0.0,0,0,300,9999991526.0,1004,1000,0,0.0,0,0,300,9999991418.0,1002,1000,0,0.0,0,0,300,999987097.0,98,0,0,0,0,999987296.0,103,0,0,0,0,999987112.0,129,0,0,0,0,999987103.0,91,0,0,0,0,999987171.0,106,0,0,0,0,999987186.0,89,0,0,0,0,999992263.0,109,0,199,0,0,999992437.0,92,0,207,0,0,999992314.0,106,0,202,0,0,6300,9.999999999e-11,0.0010002854272054497,9.999999999e-11,0.0010029929950329869,0.007271320630337443,0.04757124523784753,0.09090909090909091,0.9612430976926959,0.1307099298124497,0.0003438817046935855,9.999999999e-11,0.0010099789113206547,0.007271360050745111,0.047571244457212114,0.09090909090909091,0.961358834530874,0.13092889613174372,0.00030390761208592585,9.999999999e-11,0.0009740503009565674,0.007271458601750586,0.009891081466814895,0.09090909090909091,0.965632508242587,0.06196339573648281,0.0003159001755445279,9.999999999e-11,0.0010029929950329869,0.007271251644616491,0.009891081622187362,0.09090909090909091,0.9656472559698367,0.058637974245959734,0.0003578718818662918,9.999999999e-11,0.0010009970010049932,0.007271567007834007,0.009891081514317805,0.09090909090909091,0.9656333355590777,0.06027916081535385,0.00032789245127598147,9.999999999e-11,0.000979040540270535,0.0049751243781094535,0.0029910269192422734,0.8695924737094765,0.01780237109887942,9.999999999e-11,0.0010289401916026492,0.0049751243781094535,0.0029910269192422734,0.8699905398405032,0.017802709475642244,9.999999999e-11,0.0012883380439233387,0.0049751243781094535,0.0029910269192422734,0.8698584557171563,0.017802444092794384,9.999999999e-11,0.0009091726528858739,0.0049751243781094535,0.0029910269192422734,0.8696150780719704,0.01780236943986942,9.999999999e-11,0.0010588775897548597,0.0049751243781094535,0.0009990009990009992,0.5485156475363934,0.017802507128322632,9.999999999e-11,0.0008892086043421354,0.0049751243781094535,0.0009990009990009992,0.5395558801045356,0.01780250381080365,9.999999999e-11,0.0010888131936189554,0.0049751243781094535,0.0009990009990009992,0.889681460945723,0.01781091914249461,9.999999999e-11,0.0009191543779722655,0.0049751243781094535,0.0009990009990009992,0.8897131081132198,0.0178111771085418,9.999999999e-11,0.0010588775897548597,0.0049751243781094535,0.0009990009990009992,0.8896910900098149,0.017810998018962996
6400,9999999099332.0,1001706,9999960651.0,1023,1000,0,0.0,0,0,300,9999960506.0,1003,1000,0,0.0,0,0,294,9999991394.0,982,1000,0,0.0,0,0,300,9999991539.0,990,1000,0,0.0,0,0,300,9999991411.0,1010,1000,0,0.0,0,0,300,999987101.0,94,0,0,0,0,999987299.0,100,0,0,0,0,999987114.0,125,0,0,0,0,999987093.0,101,0,0,0,0,999987176.0,101,0,0,0,0,999987185.0,90,0,0,0,0,999992271.0,101,0,171,0,0,999992438.0,92,0,193,0,0,999992322.0,98,0,180,0,0,6400,9.999999999e-11,0.0010007035892104664,9.999999999e-11,0.0010219545405050633,0.007236442197895521,0.047571245237847455,0.09090909090909091,0.9615177141339619,0.1307099298124497,0.00033488781258278477,9.999999999e-11,0.0010019949990159869,0.007236185947164136,0.047571244457212156,0.09090909090909091,0.9616501443754493,0.13092889613174372,0.0002999100269919024,9.999999999e-11,0.0009810366220371594,0.00723622537036219,0.009891081466814892,0.09090909090909091,0.9656659933694409,0.06196339573648281,0.0003089045484945152,9.999999999e-11,0.000989020869339354,0.007236383063123097,0.009891081622187374,0.09090909090909091,0.9656791795732158,0.058637974245959734,0.0003448810160494629,9.999999999e-11,0.001008980929261446,0.007236294360951251,0.009891081514317798,0.09090909090909091,0.965666483104434,0.06027916081535385,0.0003238950580012076,9.999999999e-11,0.0009391172298039843,0.0049751243781094535,0.0029910269192422734,0.8695924737094765,0.017802371098886542,9.999999999e-11,0.0009990009990009992,0.0049751243781094535,0.0029910269192422734,0.8699905398405032,0.017802709475647584,9.999999999e-11,0.0012484394506866417,0.0049751243781094535,0.0029910269192422734,0.8698584557171563,0.017802444092797944,9.999999999e-11,0.001008980929261446,0.0049751243781094535,0.0029910269192422734,0.8696150780719704,0.017802369439851622,9.999999999e-11,0.001008980929261446,0.0049751243781094535,0.0009990009990009992,0.5485156475363934,0.017802507128329755,9.999999999e-11,0.00089919072834449,0.0049751243781094535,0.0009990009990009992,0.5395558801045356,0.017802503810801874,9.999999999e-11,0.001008980929261446,0.0049751243781094535,0.0009990009990009992,0.8896843670147955,0.017810919142508857,9.999999999e-11,0.0009191543779722655,0.0049751243781094535,0.0009990009990009992,0.8897145567511593,0.0178111771085418,9.999999999e-11,0.000979040540270535,0.0049751243781094535,0.0009990009990009992,0.889693371303447,0.017810998018975458
6500,9999999100118.0,1000892,9999960657.0,1014,1000,0,0.0,0,0,300,9999960509.0,1001,1000,0,0.0,0,0,285,9999991378.0,995,1000,0,0.0,0,0,300,9999991535.0,995,1000,0,0.0,0,0,300,9999991404.0,1016,1000,0,0.0,0,0,300,999987093.0,102,0,0,0,0,999987300.0,99,0,0,0,0,999987113.0,126,0,0,0,0,999987092.0,102,0,0,0,0,999987173.0,104,0,0,0,0,999987184.0,91,0,0,0,0,999992266.0,106,0,155,0,0,999992436.0,93,0,174,0,0,999992322.0,98,0,162,0,0,6500,9.999999999e-11,0.0009998912168801544,9.999999999e-11,0.0010129728455346278,0.007200891072941031,0.04757124523784748,0.09090909090909091,0.961802682166798,0.1307099298124497,0.000324894409316972,9.999999999e-11,0.0009999990009999988,0.0072006545168677005,0.047571244457212156,0.09090909090909091,0.9619121647881851,0.13092889613174372,0.0002999100269919024,9.999999999e-11,0.0009940109590956998,0.007200762938415303,0.009891081466814874,0.09090909090909091,0.9656969638305863,0.06196339573648281,0.00030390761208592585,9.999999999e-11,0.0009940109590956998,0.007200999494436964,0.00989108162218737,0.09090909090909091,0.9657095900285003,0.058637974245959734,0.00033089047525269134,9.999999999e-11,0.0010149687917076252,0.007200831933933266,0.009891081514317791,0.09090909090909091,0.9656985614646905,0.06027916081535385,0.0003149008062460325,9.999999999e-11,0.001018960660126671,0.0049751243781094535,0.0029910269192422734,0.8695924737094765,0.0178023710988723,9.999999999e-11,0.000989020869339354,0.0049751243781094535,0.0029910269192422734,0.8699905398405032,0.017802709475649364,9.999999999e-11,0.001258414397858698,0.0049751243781094535,0.0029910269192422734,0.8698584557171563,0.017802444092796164,9.999999999e-11,0.001018960660126671,0.0049751243781094535,0.0029910269192422734,0.8696150780719704,0.017802369439849842,9.999999999e-11,0.0010389195236953567,0.0049751243781094535,0.0009990009990009992,0.5485156475363934,0.017802507128324412,9.999999999e-11,0.0009091726528858739,0.0049751243781094535,0.0009990009990009992,0.5395558801045356,0.01780250381080009,9.999999999e-11,0.0010588775897548597,0.0049751243781094535,0.0009990009990009992,0.8896860268410157,0.017810919142499954,9.999999999e-11,0.000929135903609643,0.0049751243781094535,0.0009990009990009992,0.8897165220640831,0.01781117710854002,9.999999999e-11,0.000979040540270535,0.0049751243781094535,0.0009990009990009992,0.8896952370149789,0.017810998018975458
6600,9999999099568.0,1001393,9999960636.0,1041,1000,0,0.0,0,0,300,9999960508.0,1001,1000,0,0.0,0,0,270,9999991372.0,1003,1000,0,0.0,0,0,299,9999991516.0,1014,1000,0,0.0,0,0,300,9999991406.0,1014,1000,0,0.0,0,0,300,999987088.0,107,0,0,0,0,999987300.0,99,0,0,0,0,999987112.0,127,0,0,0,0,999987097.0,97,0,0,0,0,999987169.0,108,0,0,0,0,999987182.0,93,0,0,0,0,999992265.0,107,0,148,0,0,999992433.0,96,0,156,0,0,999992323.0,97,0,147,0,0,6600,9.999999999e-11,0.0010003912152397973,9.999999999e-11,0.0010399174459387777,0.007165978119725258,0.04757124523784738,0.09090909090909091,0.9620626987732849,0.1307099298124497,0.0003129020616547021,9.999999999e-11,0.0009999990009999988,0.007165731689815343,0.04757124445721216,0.09090909090909091,0.9621496677260908,0.13092889613174372,0.0002999100269919024,9.999999999e-11,0.0010019949990159869,0.007166027405692563,0.009891081466814867,0.09090909090909091,0.9657287423582545,0.06196339573648281,0.0002999100269919024,9.999999999e-11,0.0010129728455346278,0.007165909119362814,0.009891081622187353,0.09090909090909091,0.9657370422076816,0.058637974245959734,0.0003238950580012076,9.999999999e-11,0.0010129728455346278,0.007165820404597004,0.009891081514317793,0.09090909090909091,0.9657281139554477,0.06027916081535385,0.00030690577992556283,9.999999999e-11,0.0010688563237336052,0.0049751243781094535,0.0029910269192422734,0.8695924737094765,0.0178023710988634,9.999999999e-11,0.000989020869339354,0.0049751243781094535,0.0029910269192422734,0.8699905398405032,0.017802709475649364,9.999999999e-11,0.0012683891457848531,0.0049751243781094535,0.0029910269192422734,0.8698584557171563,0.017802444092794384,9.999999999e-11,0.0009690600117885652,0.0049751243781094535,0.0029910269192422734,0.8696150780719704,0.01780236943985874,9.999999999e-11,0.0010788348583529788,0.0049751243781094535,0.0009990009990009992,0.5485156475363934,0.017802507128317293,9.999999999e-11,0.000929135903609643,0.0049751243781094535,0.0009990009990009992,0.5395558801045356,0.01780250381079653,9.999999999e-11,0.0010688563237336052,0.0049751243781094535,0.0009990009990009992,0.8896867528356348,0.017810919142498174,9.999999999e-11,0.000959079283887468,0.0049751243781094535,0.0009990009990009992,0.8897183832009067,0.01781117710853468,9.999999999e-11,0.0009690600117885652,0.0049751243781094535,0.0009990009990009992,0.8896967912239242,0.01781099801897724
6700,9999999099423.0,1001621,9999960634.0,1038,1000,0,0.0,0,0,300,9999960482.0,1028,1000,0,0.0,0,0,266,9999991374.0,1000,1000,0,0.0,0,0,290,9999991522.0,1007,1000,0,0.0,0,0,300,9999991396.0,1025,1000,0,0.0,0,0,298,999987095.0,100,0,0,0,0,999987301.0,98,0,0,0,0,999987111.0,128,0,0,0,0,999987101.0,93,0,0,0,0,999987169.0,108,0,0,0,0,999987184.0,91,0,0,0,0,999992271.0,101,0,140,0,0,999992437.0,93,0,146,0,0,999992326.0,94,0,128,0,0,6700,9.999999999e-11,0.0010006187592377536,9.999999999e-11,0.00103692367322719,0.00713066839526541,0.04757124523784737,0.09090909090909091,0.9622809460618076,0.1307099298124497,0.00030390761208592585,9.999999999e-11,0.0010269443012583064,0.007130727542632467,0.047571244457212045,0.09090909090909091,0.9623739416105414,0.13092889613174372,0.0002999100269919024,9.999999999e-11,0.0009990009990009992,0.007130835979453764,0.009891081466814871,0.09090909090909091,0.9657571088220914,0.06196339573648281,0.0002999100269919024,9.999999999e-11,0.001005986971120082,0.007130766974206589,0.009891081622187357,0.09090909090909091,0.9657663874997859,0.058637974245959734,0.0003198976327575176,9.999999999e-11,0.0010239504507879424,0.00713091484258165,0.009891081514317784,0.09090909090909091,0.9657592640323572,0.06027916081535385,0.0002999100269919024,9.999999999e-11,0.0009990009990009992,0.0049751243781094535,0.0029910269192422734,0.8695924737094765,0.01780237109887586,9.999999999e-11,0.000979040540270535,0.0049751243781094535,0.0029910269192422734,0.8699905398405032,0.017802709475651143,9.999999999e-11,0.0012783636944710772,0.0049751243781094535,0.0029910269192422734,0.8698584557171563,0.017802444092789044,9.999999999e-11,0.000929135903609643,0.0049751243781094535,0.0029910269192422734,0.8696150780719704,0.01780236943986586,9.999999999e-11,0.0010788348583529788,0.0049751243781094535,0.0009990009990009992,0.5485156475363934,0.017802507128317293,9.999999999e-11,0.0009091726528858739,0.0049751243781094535,0.0009990009990009992,0.5395558801045356,0.01780250381080009,9.999999999e-11,0.001008980929261446,0.0049751243781094535,0.0009990009990009992,0.8896875824101367,0.017810919142508857,9.999999999e-11,0.000929135903609643,0.0049751243781094535,0.0009990009990009992,0.8897194168554519,0.01781117710854002,9.999999999e-11,0.0009391172298039843,0.0049751243781094535,0.0009990009990009992,0.8896987591703444,0.017810998018982584
6800,9999999099918.0,1001036,9999960641.0,1031,1000,0,0.0,0,0,300,9999960486.0,1022,1000,0,0.0,0,0,257,9999991372.0,1001,1000,0,0.0,0,0,280,9999991532.0,998,1000,0,0.0,0,0,300,9999991394.0,1029,1000,0,0.0,0,0,289,999987098.0,97,0,0,0,0,999987301.0,98,0,0,0,0,999987118.0,121,0,0,0,0,999987094.0,100,0,0,0,0,999987173.0,104,0,0,0,0,999987184.0,91,0,0,0,0,999992277.0,95,0,128,0,0,999992432.0,97,0,136,0,0,999992321.0,99,0,109,0,0,6800,9.999999999e-11,0.001000034929034779,9.999999999e-11,0.0010299381337840687,0.007094991390967477,0.04757124523784741,0.09090909090909091,0.9625069363738209,0.1307099298124497,0.0002999100269919024,9.999999999e-11,0.0010209565823728148,0.007094794218857098,0.04757124445721205,0.09090909090909091,0.9625743062027055,0.13092889613174372,0.0002999100269919024,9.999999999e-11,0.0009999990009999988,0.007094863229104638,0.00989108146681487,0.09090909090909091,0.9657861900906293,0.06196339573648281,0.0002999100269919024,9.999999999e-11,0.000997004989020957,0.007094892804922078,0.009891081622187369,0.09090909090909091,0.9657936709978752,0.058637974245959734,0.0003149008062460325,9.999999999e-11,0.0010279422474273972,0.007094705491381879,0.00989108151431778,0.09090909090909091,0.9657899377117511,0.06027916081535385,0.0002999100269919024,9.999999999e-11,0.0009690600117885652,0.0049751243781094535,0.0029910269192422734,0.8695924737094765,0.017802371098881203,9.999999999e-11,0.000979040540270535,0.0049751243781094535,0.0029910269192422734,0.8699905398405032,0.017802709475651143,9.999999999e-11,0.0012085376694200018,0.0049751243781094535,0.0029910269192422734,0.8698584557171563,0.017802444092805066,9.999999999e-11,0.0009990009990009992,0.0049751243781094535,0.0029910269192422734,0.8696150780719704,0.017802369439853402,9.999999999e-11,0.0010389195236953567,0.0049751243781094535,0.0009990009990009992,0.5485156475363934,0.017802507128324412,9.999999999e-11,0.0009091726528858739,0.0049751243781094535,0.0009990009990009992,0.5395558801045356,0.01780250381080009,9.999999999e-11,0.0009490983565612668,0.0049751243781094535,0.0009990009990009992,0.8896888265046986,0.017810919142519546,9.999999999e-11,0.0009690600117885652,0.0049751243781094535,0.0009990009990009992,0.8897204502884037,0.0178111771085329,9.999999999e-11,0.000989020869339354,0.0049751243781094535,0.0009990009990009992,0.8897007263144776,0.01781099801897368
6900,9999999099975.0,1001013,9999960648.0,1023,1000,0,0.0,0,0,295,9999960486.0,1022,1000,0,0.0,0,0,254,9999991388.0,985,1000,0,0.0,0,0,269,9999991541.0,990,1000,0,0.0,0,0,300,9999991409.0,1013,1000,0,0.0,0,0,284,999987102.0,93,0,0,0,0,999987304.0,95,0,0,0,0,999987127.0,112,0,0,0,0,999987093.0,101,0,0,0,0,999987180.0,97,0,0,0,0,999987179.0,96,0,0,0,0,999992278.0,94,0,120,0,0,999992430.0,100,0,119,0,0,999992314.0,106,0,99,0,0,6900,9.999999999e-11,0.0010000119750128566,9.999999999e-11,0.0010219545405050633,0.007059676617011012,0.04757124523784744,0.09090909090909091,0.9627047611371925,0.1307099298124497,0.0002999100269919024,9.999999999e-11,0.0010209565823728148,0.007059735772836637,0.04757124445721206,0.09090909090909091,0.9627628145974546,0.13092889613174372,0.0002999100269919024,9.999999999e-11,0.0009840307297312148,0.007059765350746805,0.009891081466814885,0.09090909090909091,0.9658138938535961,0.06196339573648281,0.0002999100269919024,9.999999999e-11,0.000989020869339354,0.007059903380970959,0.009891081622187374,0.09090909090909091,0.9658223838911231,0.058637974245959734,0.0003009094262626949,9.999999999e-11,0.0010119748694572398,0.007059814647259837,0.009891081514317794,0.09090909090909091,0.9658158125702634,0.06027916081535385,0.0002999100269919024,9.999999999e-11,0.000929135903609643,0.0049751243781094535,0.0029910269192422734,0.8695924737094765,0.017802371098888322,9.999999999e-11,0.0009490983565612668,0.0049751243781094535,0.0029910269192422734,0.8699905398405032,0.017802709475656486,9.999999999e-11,0.0011187470033562409,0.0049751243781094535,0.0029910269192422734,0.8698584557171563,0.017802444092821085,9.999999999e-11,0.001008980929261446,0.0049751243781094535,0.0029910269192422734,0.8696150780719704,0.017802369439851622,9.999999999e-11,0.0009690600117885652,0.0049751243781094535,0.0009990009990009992,0.5485156475363934,0.017802507128336875,9.999999999e-11,0.000959079283887468,0.0049751243781094535,0.0009990009990009992,0.5395558801045356,0.017802503810791192,9.999999999e-11,0.0009391172298039843,0.0049751243781094535,0.0009990009990009992,0.8896896557229994,0.017810919142521326,9.999999999e-11,0.0009990009990009992,0.0049751243781094535,0.0009990009990009992,0.8897222066160674,0.017811177108529336,9.999999999e-11,0.0010588775897548597,0.0049751243781094535,0.0009990009990009992,0.8897017613314128,0.017810998018961213
7000,9999999101140.0,999877,9999960619.0,1053,1000,0,0.0,0,0,285,9999960504.0,1006,1000,0,0.0,0,0,246,9999991411.0,962,1000,0,0.0,0,0,258,9999991554.0,976,1000,0,0.0,0,0,297,9999991425.0,995,1000,0,0.0,0,0,278,999987104.0,92,0,0,0,0,999987301.0,98,0,0,0,0,999987125.0,115,0,0,0,0,999987094.0,100,0,0,0,0,999987182.0,95,0,0,0,0,999987182.0,93,0,0,0,0,999992284.0,88,0,106,0,0,999992435.0,94,0,107,0,0,999992320.0,100,0,89,0,0,7000,9.999999999e-11,0.0009988782446174068,9.999999999e-11,0.0010518923573477129,0.007023008508184334,0.0475712452378473,0.09090909090909091,0.9628920711184111,0.1307099298124497,0.0002999100269919024,9.999999999e-11,0.0010049889810850284,0.00702274228722044,0.04757124445721215,0.09090909090909091,0.9629527934267429,0.13092889613174372,0.0002999100269919024,9.999999999e-11,0.0009610754454215045,0.007022969068050542,0.009891081466814907,0.09090909090909091,0.965842018066948,0.06196339573648281,0.0002999100269919024,9.999999999e-11,0.0009750483528076597,0.007022880327738057,0.009891081622187388,0.09090909090909091,0.965849078746626,0.058637974245959734,0.0002999100269919024,9.999999999e-11,0.0009940109590956998,0.007022831027557599,0.009891081514317812,0.09090909090909091,0.9658452204678312,0.06027916081535385,0.0002999100269919024,9.999999999e-11,0.0009191543779722655,0.0049751243781094535,0.0029910269192422734,0.8695924737094765,0.017802371098890102,9.999999999e-11,0.000979040540270535,0.0049751243781094535,0.0029910269192422734,0.8699905398405032,0.017802709475651143,9.999999999e-11,0.0011486790191280029,0.0049751243781094535,0.0029910269192422734,0.8698584557171563,0.017802444092817525,9.999999999e-11,0.0009990009990009992,0.0049751243781094535,0.0029910269192422734,0.8696150780719704,0.017802369439853402,9.999999999e-11,0.0009490983565612668,0.0049751243781094535,0.0009990009990009992,0.5485156475363934,0.017802507128340434,9.999999999e-11,0.000929135903609643,0.0049751243781094535,0.0009990009990009992,0.5395558801045356,0.01780250381079653,9.999999999e-11,0.0008792262808728319,0.0049751243781094535,0.0009990009990009992,0.8896911065123589,0.017810919142532012,9.999999999e-11,0.0009391172298039843,0.0049751243781094535,0.0009990009990009992,0.8897234459915129,0.017811177108538242,9.999999999e-11,0.0009990009990009992,0.0049751243781094535,0.0009990009990009992,0.8897027961263151,0.0178109980189719
7100,9999999100142.0,1000951,9999960632.0,1039,1000,0,0.0,0,0,281,9999960502.0,1007,1000,0,0.0,0,0,236,9999991397.0,975,1000,0,0.0,0,0,252,9999991565.0,965,1000,0,0.0,0,0,290,9999991408.0,1014,1000,0,0.0,0,0,274,999987106.0,89,0,0,0,0,999987301.0,98,0,0,0,0,999987128.0,111,0,0,0,0,999987097.0,97,0,0,0,0,999987178.0,99,0,0,0,0,999987183.0,92,0,0,0,0,999992284.0,88,0,90,0,0,999992432.0,97,0,98,0,0,999992316.0,104,0,83,0,0,7100,9.999999999e-11,0.0009999500989485073,9.999999999e-11,0.001037921599458163,0.006988398585879982,0.047571245237847365,0.09090909090909091,0.9630571219316424,0.1307099298124497,0.0002999100269919024,9.999999999e-11,0.001005986971120082,0.0069882802572210165,0.047571244457212135,0.09090909090909091,0.9631089311967977,0.13092889613174372,0.0002999100269919024,9.999999999e-11,0.0009740503009565674,0.00698847747163696,0.009891081466814895,0.09090909090909091,0.9658682458955268,0.06196339573648281,0.0002999100269919024,9.999999999e-11,0.0009640696727657809,0.006988635243113312,0.009891081622187402,0.09090909090909091,0.9658734553118712,0.058637974245959734,0.0002999100269919024,9.999999999e-11,0.0010129728455346278,0.006988526775228704,0.009891081514317793,0.09090909090909091,0.9658722279248303,0.06027916081535385,0.0002999100269919024,9.999999999e-11,0.0008892086043421354,0.0049751243781094535,0.0029910269192422734,0.8695924737094765,0.01780237109889544,9.999999999e-11,0.000979040540270535,0.0049751243781094535,0.0029910269192422734,0.8699905398405032,0.017802709475651143,9.999999999e-11,0.0011087692661146129,0.0049751243781094535,0.0029910269192422734,0.8698584557171563,0.017802444092822868,9.999999999e-11,0.0009690600117885652,0.0049751243781094535,0.0029910269192422734,0.8696150780719704,0.01780236943985874,9.999999999e-11,0.000989020869339354,0.0049751243781094535,0.0009990009990009992,0.5485156475363934,0.017802507128333315,9.999999999e-11,0.0009191543779722655,0.0049751243781094535,0.0009990009990009992,0.5395558801045356,0.01780250381079831,9.999999999e-11,0.0008792262808728319,0.0049751243781094535,0.0009990009990009992,0.8896927640235327,0.017810919142532012,9.999999999e-11,0.0009690600117885652,0.0049751243781094535,0.0009990009990009992,0.8897243753139474,0.0178111771085329,9.999999999e-11,0.0010389195236953567,0.0049751243781094535,0.0009990009990009992,0.8897034168967105,0.017810998018964776
7200,9999999100907.0,1000086,9999960652.0,1019,1000,0,0.0,0,0,278,9999960514.0,994,1000,0,0.0,0,0,226,9999991381.0,991,1000,0,0.0,0,0,244,9999991561.0,970,1000,0,0.0,0,0,282,9999991406.0,1015,1000,0,0.0,0,0,262,999987103.0,92,0,0,0,0,999987297.0,102,0,0,0,0,999987128.0,111,0,0,0,0,999987094.0,100,0,0,0,0,999987181.0,98,0,0,0,0,999987183.0,93,0,0,0,0,999992284.0,88,0,82,0,0,999992432.0,97,0,87,0,0,999992325.0,95,0,75,0,0,7200,9.999999999e-11,0.0009990868272512817,9.999999999e-11,0.001017962696012763,0.006953687636766061,0.04757124523784746,0.09090909090909091,0.9632057869159332,0.1307099298124497,0.0002999100269919024,9.999999999e-11,0.0009930129451325384,0.0069535988840700655,0.0475712444572122,0.09090909090909091,0.963264757896622,0.13092889613174372,0.0002999100269919024,9.999999999e-11,0.0009900188912787427,0.006953441101460231,0.009891081466814878,0.09090909090909091,0.9658934770366008,0.06196339573648281,0.0002999100269919024,9.999999999e-11,0.0009690600117885652,0.006953736943812538,0.009891081622187397,0.09090909090909091,0.965897598735031,0.058637974245959734,0.0002999100269919024,9.999999999e-11,0.0010139708196180877,0.006953519992771416,0.009891081514317793,0.09090909090909091,0.9658987930488956,0.06027916081535385,0.0002999100269919024,9.999999999e-11,0.0009191543779722655,0.0049751243781094535,0.0029910269192422734,0.8695924737094765,0.017802371098890102,9.999999999e-11,0.001018960660126671,0.0049751243781094535,0.0029910269192422734,0.8699905398405032,0.017802709475644024,9.999999999e-11,0.0011087692661146129,0.0049751243781094535,0.0029910269192422734,0.8698584557171563,0.017802444092822868,9.999999999e-11,0.0009990009990009992,0.0049751243781094535,0.0029910269192422734,0.8696150780719704,0.017802369439853402,9.999999999e-11,0.000979040540270535,0.0049751243781094535,0.0009990009990009992,0.5485156475363934,0.017802507128335095,9.999999999e-11,0.000929135903609643,0.0049751243781094535,0.0009990009990009992,0.5395558801045356,0.01780250381079831,9.999999999e-11,0.0008792262808728319,0.0049751243781094535,0.0009990009990009992,0.8896935925656834,0.017810919142532012,9.999999999e-11,0.0009690600117885652,0.0049751243781094535,0.0009990009990009992,0.8897255109091069,0.0178111771085329,9.999999999e-11,0.0009490983565612668,0.0049751243781094535,0.0009990009990009992,0.8897042444662996,0.017810998018980805
7300,9999999100088.0,1000901,9999960659.0,1012,1000,0,0.0,0,0,270,9999960515.0,995,1000,0,0.0,0,0,217,9999991388.0,984,1000,0,0.0,0,0,235,9999991551.0,978,1000,0,0.0,0,0,268,9999991399.0,1021,1000,0,0.0,0,0,254,999987104.0,91,0,0,0,0,999987293.0,106,0,0,0,0,999987132.0,107,0,0,0,0,999987100.0,94,0,0,0,0,999987174.0,103,0,0,0,0,999987184.0,91,0,0,0,0,999992288.0,84,0,76,0,0,999992435.0,94,0,83,0,0,999992333.0,87,0,68,0,0,7300,9.999999999e-11,0.0009999001988910297,9.999999999e-11,0.0010109768913859176,0.0069192208133285905,0.04757124523784749,0.09090909090909091,0.9633530831687515,0.1307099298124497,0.0002999100269919024,9.999999999e-11,0.0009940109590956998,0.006919270123797842,0.0475712444572122,0.09090909090909091,0.9634079217103753,0.13092889613174372,0.0002999100269919024,9.999999999e-11,0.000983032695827306,0.006919329296354478,0.009891081466814885,0.09090909090909091,0.9659171090856891,0.06196339573648281,0.0002999100269919024,9.999999999e-11,0.0009770444505273841,0.006919230675422832,0.009891081622187386,0.09090909090909091,0.9659211604406276,0.058637974245959734,0.0002999100269919024,9.999999999e-11,0.001019958622246686,0.006919102468182408,0.009891081514317786,0.09090909090909091,0.9659229400786534,0.06027916081535385,0.0002999100269919024,9.999999999e-11,0.0009091726528858739,0.0049751243781094535,0.0029910269192422734,0.8695924737094765,0.01780237109889188,9.999999999e-11,0.0010588775897548597,0.0049751243781094535,0.0029910269192422734,0.8699905398405032,0.0178027094756369,9.999999999e-11,0.0010688563237336052,0.0049751243781094535,0.0029910269192422734,0.8698584557171563,0.017802444092829987,9.999999999e-11,0.0009391172298039843,0.0049751243781094535,0.0029910269192422734,0.8696150780719704,0.01780236943986408,9.999999999e-11,0.0010289401916026492,0.0049751243781094535,0.0009990009990009992,0.5485156475363934,0.017802507128326192,9.999999999e-11,0.0009091726528858739,0.0049751243781094535,0.0009990009990009992,0.5395558801045356,0.01780250381080009,9.999999999e-11,0.0008392949922065466,0.0049751243781094535,0.0009990009990009992,0.8896942138789479,0.017810919142539135,9.999999999e-11,0.0009391172298039843,0.0049751243781094535,0.0009990009990009992,0.8897259237864443,0.017811177108538242,9.999999999e-11,0.0008692437579306005,0.0049751243781094535,0.0009990009990009992,0.8897049684732112,0.017810998018995054
7400,9999999099267.0,1001677,9999960658.0,1013,1000,0,0.0,0,0,264,9999960506.0,1002,1000,0,0.0,0,0,213,9999991399.0,976,1000,0,0.0,0,0,233,9999991553.0,977,1000,0,0.0,0,0,265,9999991409.0,1011,1000,0,0.0,0,0,246,999987104.0,91,0,0,0,0,999987296.0,104,0,0,0,0,999987140.0,100,0,0,0,0,999987102.0,92,0,0,0,0,999987179.0,98,0,0,0,0,999987187.0,89,0,0,0,0,999992282.0,90,0,72,0,0,999992440.0,89,0,75,0,0,999992336.0,84,0,65,0,0,7400,9.999999999e-11,0.0010006746472213952,9.999999999e-11,0.0010119748694572398,0.006884376811504967,0.04757124523784748,0.09090909090909091,0.963487750784188,0.1307099298124497,0.0002999100269919024,9.999999999e-11,0.0010009970010049932,0.006884593792758583,0.047571244457212156,0.09090909090909091,0.9635301500659145,0.13092889613174372,0.0002999100269919024,9.999999999e-11,0.0009750483528076597,0.006884722008909335,0.009891081466814894,0.09090909090909091,0.9659424897131684,0.06196339573648281,0.0002999100269919024,9.999999999e-11,0.0009760464026645967,0.006884445851005038,0.00989108162218739,0.09090909090909091,0.9659450624024074,0.058637974245959734,0.0002999100269919024,9.999999999e-11,0.0010099789113206547,0.006884524753279081,0.009891081514317794,0.09090909090909091,0.9659471951498937,0.06027916081535385,0.0002999100269919024,9.999999999e-11,0.0009091726528858739,0.0049751243781094535,0.0029910269192422734,0.8695924737094765,0.01780237109889188,9.999999999e-11,0.0010389195236953567,0.0049751243781094535,0.0029910269192422734,0.8699905398405032,0.017802709475642244,9.999999999e-11,0.0009990009990009992,0.0049751243781094535,0.0029910269192422734,0.8698584557171563,0.017802444092844226,9.999999999e-11,0.0009191543779722655,0.0049751243781094535,0.0029910269192422734,0.8696150780719704,0.017802369439867644,9.999999999e-11,0.000979040540270535,0.0049751243781094535,0.0009990009990009992,0.5485156475363934,0.017802507128335095,9.999999999e-11,0.0008892086043421354,0.0049751243781094535,0.0009990009990009992,0.5395558801045356,0.01780250381080365,9.999999999e-11,0.00089919072834449,0.0049751243781094535,0.0009990009990009992,0.8896946280433479,0.01781091914252845,9.999999999e-11,0.0008892086043421354,0.0049751243781094535,0.0009990009990009992,0.8897267494349742,0.017811177108547148,9.999999999e-11,0.0008392949922065466,0.0049751243781094535,0.0009990009990009992,0.8897053821426465,0.017810998019000393
7500,9999999100090.0,1000891,9999960654.0,1018,1000,0,0.0,0,0,256,9999960507.0,1001,1000,0,0.0,0,0,212,9999991400.0,973,1000,0,0.0,0,0,228,9999991562.0,968,1000,0,0.0,0,0,251,9999991427.0,994,1000,0,0.0,0,0,236,999987098.0,97,0,0,0,0,999987286.0,113,0,0,0,0,999987136.0,103,0,0,0,0,999987095.0,99,0,0,0,0,999987178.0,99,0,0,0,0,999987192.0,83,0,0,0,0,999992280.0,92,0,66,0,0,999992442.0,87,0,70,0,0,999992334.0,86,0,58,0,0,7500,9.999999999e-11,0.0009998902188789363,9.999999999e-11,0.0010169647299049568,0.006851059201290554,0.04757124523784746,0.09090909090909091,0.9636101707520639,0.1307099298124497,0.0002999100269919024,9.999999999e-11,0.0009999990009999988,0.006850852068835445,0.047571244457212156,0.09090909090909091,0.9636550148559565,0.13092889613174372,0.0002999100269919024,9.999999999e-11,0.0009720541912718926,0.006851118381976143,0.009891081466814895,0.09090909090909091,0.9659649580040989,0.06196339573648281,0.0002999100269919024,9.999999999e-11,0.000967063882162067,0.006850930976447579,0.009891081622187397,0.09090909090909091,0.9659675644983853,0.058637974245959734,0.0002999100269919024,9.999999999e-11,0.0009930129451325384,0.006850980293698796,0.009891081514317814,0.09090909090909091,0.9659687674176822,0.06027916081535385,0.0002999100269919024,9.999999999e-11,0.0009690600117885652,0.0049751243781094535,0.0029910269192422734,0.8695924737094765,0.017802371098881203,9.999999999e-11,0.0011287245412683665,0.0049751243781094535,0.0029910269192422734,0.8699905398405032,0.01780270947562444,9.999999999e-11,0.0010289401916026492,0.0049751243781094535,0.0029910269192422734,0.8698584557171563,0.017802444092837107,9.999999999e-11,0.000989020869339354,0.0049751243781094535,0.0029910269192422734,0.8696150780719704,0.017802369439855182,9.999999999e-11,0.000989020869339354,0.0049751243781094535,0.0009990009990009992,0.5485156475363934,0.017802507128333315,9.999999999e-11,0.0008293116713128102,0.0049751243781094535,0.0009990009990009992,0.5395558801045356,0.017802503810814333,9.999999999e-11,0.0009191543779722655,0.0049751243781094535,0.0009990009990009992,0.8896952492232948,0.017810919142524886,9.999999999e-11,0.0008692437579306005,0.0049751243781094535,0.0009990009990009992,0.8897272653934496,0.017811177108550708,9.999999999e-11,0.0008592610355094617,0.0049751243781094535,0.0009990009990009992,0.8897060025802659,0.017810998018996833
7600,9999999099793.0,1001170,9999960660.0,1015,1000,0,0.0,0,0,249,9999960510.0,1000,1000,0,0.0,0,0,204,9999991372.0,1002,1000,0,0.0,0,0,223,9999991531.0,998,1000,0,0.0,0,0,249,9999991408.0,1014,1000,0,0.0,0,0,229,999987100.0,95,0,0,0,0,999987292.0,107,0,0,0,0,999987133.0,106,0,0,0,0,999987091.0,103,0,0,0,0,999987184.0,93,0,0,0,0,999987185.0,90,0,0,0,0,999992279.0,93,0,60,0,0,999992439.0,90,0,63,0,0,999992332.0,88,0,52,0,0,7600,9.999999999e-11,0.0010001686611415248,9.999999999e-11,0.0010139708196180877,0.006817729491374574,0.0475712452378475,0.09090909090909091,0.963724741895312,0.1307099298124497,0.0002999100269919024,9.999999999e-11,0.0009990009990009992,0.006817788676032396,0.04757124445721216,0.09090909090909091,0.9637640419641248,0.13092889613174372,0.0002999100269919024,9.999999999e-11,0.0010009970010049932,0.006817650578486509,0.009891081466814867,0.09090909090909091,0.9659859804550499,0.06196339573648281,0.0002999100269919024,9.999999999e-11,0.000997004989020957,0.00681769003493211,0.009891081622187367,0.09090909090909091,0.9659901761335635,0.058637974245959734,0.0002999100269919024,9.999999999e-11,0.0010129728455346278,0.006817867588898517,0.009891081514317793,0.09090909090909091,0.9659909051484378,0.06027916081535385,0.0002999100269919024,9.999999999e-11,0.0009490983565612668,0.0049751243781094535,0.0029910269192422734,0.8695924737094765,0.017802371098884762,9.999999999e-11,0.0010688563237336052,0.0049751243781094535,0.0029910269192422734,0.8699905398405032,0.01780270947563512,9.999999999e-11,0.0010588775897548597,0.0049751243781094535,0.0029910269192422734,0.8698584557171563,0.017802444092831764,9.999999999e-11,0.0010289401916026492,0.0049751243781094535,0.0029910269192422734,0.8696150780719704,0.017802369439848063,9.999999999e-11,0.000929135903609643,0.0049751243781094535,0.0009990009990009992,0.5485156475363934,0.017802507128343994,9.999999999e-11,0.00089919072834449,0.0049751243781094535,0.0009990009990009992,0.5395558801045356,0.017802503810801874,9.999999999e-11,0.000929135903609643,0.0049751243781094535,0.0009990009990009992,0.8896958703232718,0.017810919142523106,9.999999999e-11,0.00089919072834449,0.0049751243781094535,0.0009990009990009992,0.8897279876424748,0.017811177108545365,9.999999999e-11,0.0008792262808728319,0.0049751243781094535,0.0009990009990009992,0.8897066229380589,0.01781099801899327
7700,9999999100291.0,1000679,9999960646.0,1025,1000,0,0.0,0,0,240,9999960501.0,1008,1000,0,0.0,0,0,197,9999991374.0,999,1000,0,0.0,0,0,217,9999991542.0,987,1000,0,0.0,0,0,235,9999991396.0,1025,1000,0,0.0,0,0,217,999987099.0,96,0,0,0,0,999987300.0,99,0,0,0,0,999987137.0,102,0,0,0,0,999987089.0,105,0,0,0,0,999987183.0,94,0,0,0,0,999987187.0,88,0,0,0,0,999992276.0,96,0,55,0,0,999992446.0,84,0,53,0,0,999992332.0,88,0,46,0,0,7700,9.999999999e-11,0.0009996786425756261,9.999999999e-11,0.0010239504507879424,0.0067839240350205604,0.04757124523784743,0.09090909090909091,0.9638377036870264,0.1307099298124497,0.0002999100269919024,9.999999999e-11,0.0010069849591611657,0.006784032547607796,0.047571244457212135,0.09090909090909091,0.9638703482879841,0.13092889613174372,0.0002999100269919024,9.999999999e-11,0.0009980029950079872,0.006784318626133216,0.009891081466814871,0.09090909090909091,0.966007320077017,0.06196339573648281,0.0002999100269919024,9.999999999e-11,0.0009860267915567334,0.006784131195393799,0.009891081622187377,0.09090909090909091,0.9660121259647292,0.058637974245959734,0.0002999100269919024,9.999999999e-11,0.0010239504507879424,0.006784249572711135,0.009891081514317784,0.09090909090909091,0.9660114454610113,0.06027916081535385,0.0002999100269919024,9.999999999e-11,0.000959079283887468,0.0049751243781094535,0.0029910269192422734,0.8695924737094765,0.017802371098882983,9.999999999e-11,0.000989020869339354,0.0049751243781094535,0.0029910269192422734,0.8699905398405032,0.017802709475649364,9.999999999e-11,0.001018960660126671,0.0049751243781094535,0.0029910269192422734,0.8698584557171563,0.017802444092838886,9.999999999e-11,0.0010488986564107686,0.0049751243781094535,0.0029910269192422734,0.8696150780719704,0.017802369439844503,9.999999999e-11,0.0009391172298039843,0.0049751243781094535,0.0009990009990009992,0.5485156475363934,0.017802507128342214,9.999999999e-11,0.0008792262808728319,0.0049751243781094535,0.0009990009990009992,0.5395558801045356,0.017802503810805434,9.999999999e-11,0.000959079283887468,0.0049751243781094535,0.0009990009990009992,0.8896963878455091,0.017810919142517763,9.999999999e-11,0.0008392949922065466,0.0049751243781094535,0.0009990009990009992,0.8897290192389506,0.01781117710855783,9.999999999e-11,0.0008792262808728319,0.0049751243781094535,0.0009990009990009992,0.8897072432160409,0.01781099801899327
7800,9999999099883.0,1001077,9999960649.0,1023,1000,0,0.0,0,0,232,9999960508.0,1001,1000,0,0.0,0,0,189,9999991374.0,999,1000,0,0.0,0,0,211,9999991552.0,980,1000,0,0.0,0,0,226,9999991436.0,985,1000,0,0.0,0,0,214,999987095.0,100,0,0,0,0,999987303.0,96,0,0,0,0,999987135.0,104,0,0,0,0,999987091.0,103,0,0,0,0,999987179.0,98,0,0,0,0,999987180.0,95,0,0,0,0,999992273.0,99,0,44,0,0,999992447.0,82,0,46,0,0,999992330.0,90,0,42,0,0,7800,9.999999999e-11,0.0010000758470712415,9.999999999e-11,0.0010219545405050633,0.006751240937685232,0.04757124523784744,0.09090909090909091,0.963944188307496,0.1307099298124497,0.0002999100269919024,9.999999999e-11,0.0009999990009999988,0.006751191610527913,0.04757124445721216,0.09090909090909091,0.9639711205856327,0.13092889613174372,0.0002999100269919024,9.999999999e-11,0.0009980029950079872,0.006750964705541143,0.009891081466814871,0.09090909090909091,0.966026841225149,0.06196339573648281,0.0002999100269919024,9.999999999e-11,0.000979040540270535,0.006751033763591569,0.009891081622187388,0.09090909090909091,0.9660345573337583,0.058637974245959734,0.0002999100269919024,9.999999999e-11,0.0009840307297312148,0.006751122552499435,0.009891081514317822,0.09090909090909091,0.9660305718008337,0.06027916081535385,0.0002999100269919024,9.999999999e-11,0.0009990009990009992,0.0049751243781094535,0.0029910269192422734,0.8695924737094765,0.01780237109887586,9.999999999e-11,0.000959079283887468,0.0049751243781094535,0.0029910269192422734,0.8699905398405032,0.017802709475654703,9.999999999e-11,0.0010389195236953567,0.0049751243781094535,0.0029910269192422734,0.8698584557171563,0.017802444092835327,9.999999999e-11,0.0010289401916026492,0.0049751243781094535,0.0029910269192422734,0.8696150780719704,0.017802369439848063,9.999999999e-11,0.000979040540270535,0.0049751243781094535,0.0009990009990009992,0.5485156475363934,0.017802507128335095,9.999999999e-11,0.0009490983565612668,0.0049751243781094535,0.0009990009990009992,0.5395558801045356,0.01780250381079297,9.999999999e-11,0.000989020869339354,0.0049751243781094535,0.0009990009990009992,0.8896975261990305,0.01781091914251242,9.999999999e-11,0.0008193281509162486,0.0049751243781094535,0.0009990009990009992,0.889729741225025,0.017811177108559614,9.999999999e-11,0.00089919072834449,0.0049751243781094535,0.0009990009990009992,0.8897076566903637,0.017810998018989707
7900,9999999100888.0,1000123,9999960655.0,1016,1000,0,0.0,0,0,229,9999960500.0,1009,1000,0,0.0,0,0,179,9999991372.0,1000,1000,0,0.0,0,0,209,9999991550.0,981,1000,0,0.0,0,0,222,9999991429.0,993,1000,0,0.0,0,0,210,999987092.0,103,0,0,0,0,999987301.0,98,0,0,0,0,999987136.0,104,0,0,0,0,999987094.0,100,0,0,0,0,999987177.0,100,0,0,0,0,999987180.0,95,0,0,0,0,999992280.0,93,0,42,0,0,999992448.0,81,0,43,0,0,999992328.0,92,0,35,0,0,7900,9.999999999e-11,0.0009991237533544237,9.999999999e-11,0.0010149687917076252,0.006718210376387746,0.047571245237847476,0.09090909090909091,0.9640369510448057,0.1307099298124497,0.0002999100269919024,9.999999999e-11,0.0010079829452082846,0.006718309037249305,0.04757124445721213,0.09090909090909091,0.9640685935385915,0.13092889613174372,0.0002999100269919024,9.999999999e-11,0.0009990009990009992,0.006718368233756833,0.009891081466814871,0.09090909090909091,0.9660467597280487,0.06196339573648281,0.0002999100269919024,9.999999999e-11,0.00098003858215091,0.0067182498407347205,0.009891081622187386,0.09090909090909091,0.9660544451869402,0.058637974245959734,0.0002999100269919024,9.999999999e-11,0.0009920149291753287,0.006718170912037634,0.009891081514317814,0.09090909090909091,0.9660509658255032,0.06027916081535385,0.0002999100269919024,9.999999999e-11,0.0010289401916026492,0.0049751243781094535,0.0029910269192422734,0.8695924737094765,0.01780237109887052,9.999999999e-11,0.000979040540270535,0.0049751243781094535,0.0029910269192422734,0.8699905398405032,0.017802709475651143,9.999999999e-11,0.0010389195236953567,0.0049751243781094535,0.0029910269192422734,0.8698584557171563,0.017802444092837107,9.999999999e-11,0.0009990009990009992,0.0049751243781094535,0.0029910269192422734,0.8696150780719704,0.017802369439853402,9.999999999e-11,0.0009990009990009992,0.0049751243781094535,0.0009990009990009992,0.5485156475363934,0.017802507128331535,9.999999999e-11,0.0009490983565612668,0.0049751243781094535,0.0009990009990009992,0.5395558801045356,0.01780250381079297,9.999999999e-11,0.000929135903609643,0.0049751243781094535,0.0009990009990009992,0.8896977331435376,0.017810919142524886,9.999999999e-11,0.0008093444310108812,0.0049751243781094535,0.0009990009990009992,0.8897300506144946,0.017811177108561393,9.999999999e-11,0.0009191543779722655,0.0049751243781094535,0.0009990009990009992,0.8897083801851052,0.017810998018986147
8000,9999999099338.0,1001601,9999960641.0,1032,1000,0,0.0,0,0,220,9999960530.0,979,1000,0,0.0,0,0,171,9999991363.0,1009,1000,0,0.0,0,0,202,9999991548.0,982,1000,0,0.0,0,0,217,9999991417.0,1005,1000,0,0.0,0,0,205,999987095.0,101,0,0,0,0,999987298.0,101,0,0,0,0,999987135.0,104,0,0,0,0,999987097.0,97,0,0,0,0,999987174.0,104,0,0,0,0,999987179.0,96,0,0,0,0,999992279.0,93,0,34,0,0,999992448.0,81,0,38,0,0,999992330.0,90,0,33,0,0,8000,9.999999999e-11,0.0010005987992420802,9.999999999e-11,0.0010309360739716614,0.006684773081506998,0.04757124523784741,0.09090909090909091,0.9641236675728418,0.1307099298124497,0.0002999100269919024,9.999999999e-11,0.0009780424963960284,0.006684871749011199,0.047571244457212274,0.09090909090909091,0.9641653890447999,0.13092889613174372,0.0002999100269919024,9.999999999e-11,0.0010079829452082846,0.006684930949504312,0.00989108146681486,0.09090909090909091,0.9660663079334263,0.06196339573648281,0.0002999100269919024,9.999999999e-11,0.0009810366220371594,0.006684713880995068,0.009891081622187383,0.09090909090909091,0.9660735874931737,0.058637974245959734,0.0002999100269919024,9.999999999e-11,0.0010039909890559987,0.006684812548511031,0.009891081514317805,0.09090909090909091,0.966072090545672,0.06027916081535385,0.0002999100269919024,9.999999999e-11,0.001008980929261446,0.0049751243781094535,0.0029910269192422734,0.8695924737094765,0.01780237109887408,9.999999999e-11,0.001008980929261446,0.0049751243781094535,0.0029910269192422734,0.8699905398405032,0.017802709475645804,9.999999999e-11,0.0010389195236953567,0.0049751243781094535,0.0029910269192422734,0.8698584557171563,0.017802444092835327,9.999999999e-11,0.0009690600117885652,0.0049751243781094535,0.0029910269192422734,0.8696150780719704,0.01780236943985874,9.999999999e-11,0.0010389195236953567,0.0049751243781094535,0.0009990009990009992,0.5485156475363934,0.017802507128324412,9.999999999e-11,0.000959079283887468,0.0049751243781094535,0.0009990009990009992,0.5395558801045356,0.01780250381079297,9.999999999e-11,0.000929135903609643,0.0049751243781094535,0.0009990009990009992,0.8896985608327849,0.017810919142523106,9.999999999e-11,0.0008093444310108812,0.0049751243781094535,0.0009990009990009992,0.8897305662194394,0.017811177108561393,9.999999999e-11,0.00089919072834449,0.0049751243781094535,0.0009990009990009992,0.8897085868779455,0.017810998018989707
8100,9999999100293.0,1000716,9999960651.0,1021,1000,0,0.0,0,0,213,9999960522.0,988,1000,0,0.0,0,0,169,9999991368.0,1005,1000,0,0.0,0,0,197,9999991535.0,994,1000,0,0.0,0,0,209,9999991411.0,1010,1000,0,0.0,0,0,199,999987094.0,101,0,0,0,0,999987295.0,104,0,0,0,0,999987142.0,97,0,0,0,0,999987090.0,104,0,0,0,0,999987171.0,106,0,0,0,0,999987178.0,98,0,0,0,0,999992280.0,92,0,32,0,0,999992438.0,91,0,31,0,0,999992334.0,86,0,32,0,0,8100,9.999999999e-11,0.0009997155686350177,9.999999999e-11,0.001019958622246686,0.0066519157125078205,0.047571245237847455,0.09090909090909091,0.9642110615219479,0.1307099298124497,0.0002999100269919024,9.999999999e-11,0.0009870248194783554,0.00665173809920108,0.0475712444572122,0.09090909090909091,0.9642455053390488,0.13092889613174372,0.0002999100269919024,9.999999999e-11,0.0010039909890559987,0.006651807171050139,0.009891081466814864,0.09090909090909091,0.9660858073127996,0.06196339573648281,0.0002999100269919024,9.999999999e-11,0.0009930129451325384,0.006652004519137371,0.00989108162218737,0.09090909090909091,0.9660933120844095,0.058637974245959734,0.0002999100269919024,9.999999999e-11,0.001008980929261446,0.006651728231793289,0.009891081514317798,0.09090909090909091,0.9660917659289492,0.06027916081535385,0.0002999100269919024,9.999999999e-11,0.001008980929261446,0.0049751243781094535,0.0029910269192422734,0.8695924737094765,0.01780237109887408,9.999999999e-11,0.0010389195236953567,0.0049751243781094535,0.0029910269192422734,0.8699905398405032,0.017802709475640464,9.999999999e-11,0.0009690600117885652,0.0049751243781094535,0.0029910269192422734,0.8698584557171563,0.017802444092847786,9.999999999e-11,0.0010389195236953567,0.0049751243781094535,0.0029910269192422734,0.8696150780719704,0.01780236943984628,9.999999999e-11,0.0010588775897548597,0.0049751243781094535,0.0009990009990009992,0.5485156475363934,0.017802507128320853,9.999999999e-11,0.000979040540270535,0.0049751243781094535,0.0009990009990009992,0.5395558801045356,0.017802503810787632,9.999999999e-11,0.0009191543779722655,0.0049751243781094535,0.0009990009990009992,0.8896987677329043,0.017810919142524886,9.999999999e-11,0.0009091726528858739,0.0049751243781094535,0.0009990009990009992,0.8897312879736174,0.017811177108543585,9.999999999e-11,0.0008592610355094617,0.0049751243781094535,0.0009990009990009992,0.8897086902210424,0.017810998018996833
8200,9999999099779.0,1001208,9999960667.0,1006,1000,0,0.0,0,0,207,9999960533.0,976,1000,0,0.0,0,0,163,9999991383.0,993,1000,0,0.0,0,0,194,9999991540.0,989,1000,0,0.0,0,0,202,9999991413.0,1008,1000,0,0.0,0,0,196,999987097.0,98,0,0,0,0,999987297.0,102,0,0,0,0,999987143.0,96,0,0,0,0,999987094.0,100,0,0,0,0,999987172.0,105,0,0,0,0,999987179.0,96,0,0,0,0,999992275.0,97,0,30,0,0,999992439.0,90,0,26,0,0,999992335.0,85,0,30,0,0,8200,9.999999999e-11,0.00100020658516528,9.999999999e-11,0.0010049889810850284,0.0066184344817125556,0.047571245237847525,0.09090909090909091,0.9643058399879049,0.1307099298124497,0.0002999100269919024,9.999999999e-11,0.0009750483528076597,0.006618148307619047,0.04757124445721229,0.09090909090909091,0.9643236813230011,0.13092889613174372,0.0002999100269919024,9.999999999e-11,0.0009920149291753287,0.006618227252213036,0.009891081466814878,0.09090909090909091,0.9661042763102229,0.06196339573648281,0.0002999100269919024,9.999999999e-11,0.0009880228454058938,0.006618464085919714,0.009891081622187376,0.09090909090909091,0.9661127403062887,0.058637974245959734,0.0002999100269919024,9.999999999e-11,0.0010069849591611657,0.006618355537151505,0.009891081514317798,0.09090909090909091,0.9661096350883646,0.06027916081535385,0.0002999100269919024,9.999999999e-11,0.000979040540270535,0.0049751243781094535,0.0029910269192422734,0.8695924737094765,0.01780237109887942,9.999999999e-11,0.001018960660126671,0.0049751243781094535,0.0029910269192422734,0.8699905398405032,0.017802709475644024,9.999999999e-11,0.000959079283887468,0.0049751243781094535,0.0029910269192422734,0.8698584557171563,0.01780244409284957,9.999999999e-11,0.0009990009990009992,0.0049751243781094535,0.0029910269192422734,0.8696150780719704,0.017802369439853402,9.999999999e-11,0.0010488986564107686,0.0049751243781094535,0.0009990009990009992,0.5485156475363934,0.017802507128322632,9.999999999e-11,0.000959079283887468,0.0049751243781094535,0.0009990009990009992,0.5395558801045356,0.017802503810791192,9.999999999e-11,0.0009690600117885652,0.0049751243781094535,0.0009990009990009992,0.889698974624148,0.017810919142515983,9.999999999e-11,0.00089919072834449,0.0049751243781094535,0.0009990009990009992,0.8897318034460819,0.017811177108545365,9.999999999e-11,0.0008492781136034371,0.0049751243781094535,0.0009990009990009992,0.8897088969005893,0.017810998018998613
8300,9999999099745.0,1001262,9999960677.0,996,1000,0,0.0,0,0,200,9999960536.0,972,1000,0,0.0,0,0,157,9999991375.0,997,1000,0,0.0,0,0,184,9999991546.0,984,1000,0,0.0,0,0,196,9999991425.0,996,1000,0,0.0,0,0,193,999987097.0,98,0,0,0,0,999987302.0,98,0,0,0,0,999987138.0,101,0,0,0,0,999987091.0,103,0,0,0,0,999987177.0,100,0,0,0,0,999987183.0,92,0,0,0,0,999992270.0,102,0,27,0,0,999992436.0,94,0,23,0,0,999992337.0,83,0,30,0,0,8300,9.999999999e-11,0.0010002604771940837,9.999999999e-11,0.0009950089710648194,0.0065859576037510205,0.04757124523784757,0.09090909090909091,0.9643841688016467,0.1307099298124497,0.0002999100269919024,9.999999999e-11,0.000971056133438298,0.006585839179161747,0.04757124445721231,0.09090909090909091,0.9643991308708005,0.13092889613174372,0.0002999100269919024,9.999999999e-11,0.0009960069810399034,0.006586006947321551,0.009891081466814874,0.09090909090909091,0.9661223921303149,0.06196339573648281,0.0002999100269919024,9.999999999e-11,0.000983032695827306,0.006585898391459913,0.009891081622187381,0.09090909090909091,0.966129999419703,0.058637974245959734,0.0002999100269919024,9.999999999e-11,0.0009950089710648194,0.006585730623263443,0.00989108151431781,0.09090909090909091,0.9661287365049185,0.06027916081535385,0.0002999100269919024,9.999999999e-11,0.000979040540270535,0.0049751243781094535,0.0029910269192422734,0.8695924737094765,0.01780237109887942,9.999999999e-11,0.000979040540270535,0.0049751243781094535,0.0029910269192422734,0.8699905398405032,0.017802709475652923,9.999999999e-11,0.001008980929261446,0.0049751243781094535,0.0029910269192422734,0.8698584557171563,0.017802444092840666,9.999999999e-11,0.0010289401916026492,0.0049751243781094535,0.0029910269192422734,0.8696150780719704,0.017802369439848063,9.999999999e-11,0.0009990009990009992,0.0049751243781094535,0.0009990009990009992,0.5485156475363934,0.017802507128331535,9.999999999e-11,0.0009191543779722655,0.0049751243781094535,0.0009990009990009992,0.5395558801045356,0.01780250381079831,9.999999999e-11,0.001018960660126671,0.0049751243781094535,0.0009990009990009992,0.8896992849443724,0.017810919142507077,9.999999999e-11,0.0009391172298039843,0.0049751243781094535,0.0009990009990009992,0.8897321127030713,0.017811177108538242,9.999999999e-11,0.0008293116713128102,0.0049751243781094535,0.0009990009990009992,0.8897088969005893,0.017810998019002176
8400,9999999099743.0,1001222,9999960661.0,1010,1000,0,0.0,0,0,195,9999960558.0,950,1000,0,0.0,0,0,157,9999991382.0,992,1000,0,0.0,0,0,183,9999991564.0,966,1000,0,0.0,0,0,190,9999991410.0,1010,1000,0,0.0,0,0,185,999987106.0,89,0,0,0,0,999987297.0,102,0,0,0,0,999987136.0,103,0,0,0,0,999987086.0,108,0,0,0,0,999987183.0,94,0,0,0,0,999987179.0,96,0,0,0,0,999992277.0,95,0,24,0,0,999992439.0,90,0,21,0,0,999992334.0,86,0,26,0,0,8400,9.999999999e-11,0.0010002205571733058,9.999999999e-11,0.001008980929261446,0.006553587165117411,0.047571245237847504,0.09090909090909091,0.9644608982386299,0.1307099298124497,0.0002999100269919024,9.999999999e-11,0.0009490983565612668,0.006553646381260391,0.0475712444572124,0.09090909090909091,0.9644667834076429,0.13092889613174372,0.0002999100269919024,9.999999999e-11,0.0009910169112240658,0.006553735205461626,0.00989108146681488,0.09090909090909091,0.9661392891943177,0.06196339573648281,0.0002999100269919024,9.999999999e-11,0.0009650677445587561,0.006553725336106717,0.009891081622187398,0.09090909090909091,0.9661476061942882,0.058637974245959734,0.0002999100269919024,9.999999999e-11,0.001008980929261446,0.00655352794896737,0.009891081514317796,0.09090909090909091,0.9661472646611379,0.06027916081535385,0.0002999100269919024,9.999999999e-11,0.0008892086043421354,0.0049751243781094535,0.0029910269192422734,0.8695924737094765,0.01780237109889544,9.999999999e-11,0.001018960660126671,0.0049751243781094535,0.0029910269192422734,0.8699905398405032,0.017802709475644024,9.999999999e-11,0.0010289401916026492,0.0049751243781094535,0.0029910269192422734,0.8698584557171563,0.017802444092837107,9.999999999e-11,0.0010788348583529788,0.0049751243781094535,0.0029910269192422734,0.8696150780719704,0.01780236943983916,9.999999999e-11,0.0009391172298039843,0.0049751243781094535,0.0009990009990009992,0.5485156475363934,0.017802507128342214,9.999999999e-11,0.000959079283887468,0.0049751243781094535,0.0009990009990009992,0.5395558801045356,0.017802503810791192,9.999999999e-11,0.0009490983565612668,0.0049751243781094535,0.0009990009990009992,0.8896995952446295,0.017810919142519546,9.999999999e-11,0.00089919072834449,0.0049751243781094535,0.0009990009990009992,0.8897323188633613,0.017811177108545365,9.999999999e-11,0.0008592610355094617,0.0049751243781094535,0.0009990009990009992,0.8897093102330987,0.017810998018996833
8500,9999999100371.0,1000623,9999960677.0,995,1000,0,0.0,0,0,188,9999960567.0,941,1000,0,0.0,0,0,151,9999991375.0,998,1000,0,0.0,0,0,176,9999991524.0,1007,1000,0,0.0,0,0,185,9999991413.0,1009,1000,0,0.0,0,0,182,999987103.0,92,0,0,0,0,999987296.0,103,0,0,0,0,999987135.0,104,0,0,0,0,999987090.0,104,0,0,0,0,999987180.0,98,0,0,0,0,999987176.0,99,0,0,0,0,999992275.0,98,0,23,0,0,999992436.0,93,0,18,0,0,999992332.0,88,0,25,0,0,8500,9.999999999e-11,0.0009996227544805435,9.999999999e-11,0.0009940109590956998,0.006522142396055591,0.04757124523784757,0.09090909090909091,0.9645288741754482,0.1307099298124497,0.0002999100269919024,9.999999999e-11,0.0009401153514542814,0.006522201615947274,0.04757124445721245,0.09090909090909091,0.9645410955834811,0.13092889613174372,0.0002999100269919024,9.999999999e-11,0.000997004989020957,0.006522260835831898,0.009891081466814873,0.09090909090909091,0.966155941292839,0.06196339573648281,0.0002999100269919024,9.999999999e-11,0.001005986971120082,0.006522063436189032,0.00989108162218736,0.09090909090909091,0.9661643440138029,0.058637974245959734,0.0002999100269919024,9.999999999e-11,0.0010079829452082846,0.006521994346295496,0.009891081514317798,0.09090909090909091,0.9661633661412662,0.06027916081535385,0.0002999100269919024,9.999999999e-11,0.0009191543779722655,0.0049751243781094535,0.0029910269192422734,0.8695924737094765,0.017802371098890102,9.999999999e-11,0.0010289401916026492,0.0049751243781094535,0.0029910269192422734,0.8699905398405032,0.017802709475642244,9.999999999e-11,0.0010389195236953567,0.0049751243781094535,0.0029910269192422734,0.8698584557171563,0.017802444092835327,9.999999999e-11,0.0010389195236953567,0.0049751243781094535,0.0029910269192422734,0.8696150780719704,0.01780236943984628,9.999999999e-11,0.000979040540270535,0.0049751243781094535,0.0009990009990009992,0.5485156475363934,0.017802507128335095,9.999999999e-11,0.000989020869339354,0.0049751243781094535,0.0009990009990009992,0.5395558801045356,0.017802503810785852,9.999999999e-11,0.000979040540270535,0.0049751243781094535,0.0009990009990009992,0.8896996986736115,0.017810919142514203,9.999999999e-11,0.000929135903609643,0.0049751243781094535,0.0009990009990009992,0.889732628087244,0.01781117710854002,9.999999999e-11,0.0008792262808728319,0.0049751243781094535,0.0009990009990009992,0.8897094135606881,0.01781099801899327
8600,9999999100219.0,1000840,9999960687.0,985,1000,0,0.0,0,0,184,9999960539.0,971,1000,0,0.0,0,0,145,9999991388.0,986,1000,0,0.0,0,0,171,9999991531.0,999,1000,0,0.0,0,0,178,9999991412.0,1009,1000,0,0.0,0,0,178,999987103.0,92,0,0,0,0,999987292.0,107,0,0,0,0,999987137.0,102,0,0,0,0,999987089.0,105,0,0,0,0,999987172.0,105,0,0,0,0,999987177.0,98,0,0,0,0,999992273.0,99,0,21,0,0,999992437.0,92,0,17,0,0,999992334.0,86,0,23,0,0,8600,9.999999999e-11,0.0009998393208141565,9.999999999e-11,0.0009840307297312148,0.0064905771890355745,0.04757124523784762,0.09090909090909091,0.9645924515268173,0.1307099298124497,0.0002999100269919024,9.999999999e-11,0.0009700580736105241,0.006490379776801706,0.04757124445721231,0.09090909090909091,0.9646049069400482,0.13092889613174372,0.0002999100269919024,9.999999999e-11,0.000985028761641022,0.006490547577205495,0.009891081466814883,0.09090909090909091,0.9661730652168911,0.06196339573648281,0.0002999100269919024,9.999999999e-11,0.0009980029950079872,0.006490409388641787,0.009891081622187367,0.09090909090909091,0.9661803813627475,0.058637974245959734,0.0002999100269919024,9.999999999e-11,0.0010079829452082846,0.006490468612316654,0.009891081514317798,0.09090909090909091,0.9661808851467621,0.06027916081535385,0.0002999100269919024,9.999999999e-11,0.0009191543779722655,0.0049751243781094535,0.0029910269192422734,0.8695924737094765,0.017802371098890102,9.999999999e-11,0.0010688563237336052,0.0049751243781094535,0.0029910269192422734,0.8699905398405032,0.01780270947563512,9.999999999e-11,0.001018960660126671,0.0049751243781094535,0.0029910269192422734,0.8698584557171563,0.017802444092838886,9.999999999e-11,0.0010488986564107686,0.0049751243781094535,0.0029910269192422734,0.8696150780719704,0.017802369439844503,9.999999999e-11,0.0010488986564107686,0.0049751243781094535,0.0009990009990009992,0.5485156475363934,0.017802507128322632,9.999999999e-11,0.000979040540270535,0.0049751243781094535,0.0009990009990009992,0.5395558801045356,0.017802503810787632,9.999999999e-11,0.000989020869339354,0.0049751243781094535,0.0009990009990009992,0.889699905524921,0.01781091914251242,9.999999999e-11,0.0009191543779722655,0.0049751243781094535,0.0009990009990009992,0.8897327311574578,0.0178111771085418,9.999999999e-11,0.0008592610355094617,0.0049751243781094535,0.0009990009990009992,0.8897097235301664,0.017810998018996833
8700,9999999099991.0,1001033,9999960666.0,1008,1000,0,0.0,0,0,180,9999960523.0,985,1000,0,0.0,0,0,142,9999991362.0,1011,1000,0,0.0,0,0,163,9999991524.0,1006,1000,0,0.0,0,0,173,9999991418.0,1003,1000,0,0.0,0,0,171,999987107.0,89,0,0,0,0,999987286.0,113,0,0,0,0,999987140.0,99,0,0,0,0,999987089.0,105,0,0,0,0,999987167.0,110,0,0,0,0,999987179.0,96,0,0,0,0,999992267.0,105,0,20,0,0,999992438.0,91,0,16,0,0,999992331.0,89,0,18,0,0,8700,9.999999999e-11,0.001000031935031979,9.999999999e-11,0.0010069849591611657,0.006458486800309194,0.047571245237847525,0.09090909090909091,0.9646556300383936,0.1307099298124497,0.0002999100269919024,9.999999999e-11,0.0009840307297312148,0.006458358474076621,0.047571244457212246,0.09090909090909091,0.9646715908172132,0.13092889613174372,0.0002999100269919024,9.999999999e-11,0.0010099789113206547,0.006458269632819267,0.009891081466814859,0.09090909090909091,0.9661891010693335,0.06196339573648281,0.0002999100269919024,9.999999999e-11,0.0010049889810850284,0.006458565770281994,0.00989108162218736,0.09090909090909091,0.9661969103617625,0.058637974245959734,0.0002999100269919024,9.999999999e-11,0.0010019949990159869,0.006458447315318087,0.009891081514317805,0.09090909090909091,0.9661966389801043,0.06027916081535385,0.0002999100269919024,9.999999999e-11,0.0008892086043421354,0.0049751243781094535,0.0029910269192422734,0.8695924737094765,0.01780237109889544,9.999999999e-11,0.0011287245412683665,0.0049751243781094535,0.0029910269192422734,0.8699905398405032,0.01780270947562444,9.999999999e-11,0.000989020869339354,0.0049751243781094535,0.0029910269192422734,0.8698584557171563,0.017802444092844226,9.999999999e-11,0.0010488986564107686,0.0049751243781094535,0.0029910269192422734,0.8696150780719704,0.017802369439844503,9.999999999e-11,0.0010987913295375086,0.0049751243781094535,0.0009990009990009992,0.5485156475363934,0.017802507128313733,9.999999999e-11,0.000959079283887468,0.0049751243781094535,0.0009990009990009992,0.5395558801045356,0.017802503810791192,9.999999999e-11,0.0010488986564107686,0.0049751243781094535,0.0009990009990009992,0.8897000089472483,0.017810919142501734,9.999999999e-11,0.0009091726528858739,0.0049751243781094535,0.0009990009990009992,0.8897328342254646,0.017811177108543585,9.999999999e-11,0.0008892086043421354,0.0049751243781094535,0.0009990009990009992,0.8897101367917966,0.017810998018991487
8800,9999999098900.0,1002061,9999960671.0,1003,1000,0,0.0,0,0,177,9999960527.0,983,1000,0,0.0,0,0,140,9999991386.0,986,1000,0,0.0,0,0,160,9999991509.0,1021,1000,0,0.0,0,0,166,9999991432.0,989,1000,0,0.0,0,0,168,999987100.0,96,0,0,0,0,999987294.0,105,0,0,0,0,999987144.0,95,0,0,0,0,999987093.0,101,0,0,0,0,999987164.0,113,0,0,0,0,999987181.0,94,0,0,0,0,999992267.0,105,0,18,0,0,999992435.0,94,0,15,0,0,999992326.0,94,0,15,0,0,8800,9.999999999e-11,0.0010010578789407707,9.999999999e-11,0.0010019949990159869,0.006425959975340288,0.04757124523784755,0.09090909090909091,0.9647189700152056,0.1307099298124497,0.0002999100269919024,9.999999999e-11,0.0009820346599292895,0.006425802025015495,0.04757124445721225,0.09090909090909091,0.9647376453575707,0.13092889613174372,0.0002999100269919024,9.999999999e-11,0.000985028761641022,0.006425900743974375,0.009891081466814883,0.09090909090909091,0.9662059103176347,0.06196339573648281,0.0002999100269919024,9.999999999e-11,0.001019958622246686,0.0064260093348064845,0.009891081622187345,0.09090909090909091,0.9662120780206909,0.058637974245959734,0.0002999100269919024,9.999999999e-11,0.0009880228454058938,0.006425920487763798,0.009891081514317819,0.09090909090909091,0.9662123681831647,0.06027916081535385,0.0002999100269919024,9.999999999e-11,0.000959079283887468,0.0049751243781094535,0.0029910269192422734,0.8695924737094765,0.017802371098882983,9.999999999e-11,0.0010488986564107686,0.0049751243781094535,0.0029910269192422734,0.8699905398405032,0.01780270947563868,9.999999999e-11,0.0009490983565612668,0.0049751243781094535,0.0029910269192422734,0.8698584557171563,0.01780244409285135,9.999999999e-11,0.001008980929261446,0.0049751243781094535,0.0029910269192422734,0.8696150780719704,0.017802369439851622,9.999999999e-11,0.0011287245412683665,0.0049751243781094535,0.0009990009990009992,0.5485156475363934,0.017802507128308394,9.999999999e-11,0.0009391172298039843,0.0049751243781094535,0.0009990009990009992,0.5395558801045356,0.01780250381079475,9.999999999e-11,0.0010488986564107686,0.0049751243781094535,0.0009990009990009992,0.8897002157852488,0.017810919142501734,9.999999999e-11,0.0009391172298039843,0.0049751243781094535,0.0009990009990009992,0.8897329372912649,0.017811177108538242,9.999999999e-11,0.0009391172298039843,0.0049751243781094535,0.0009990009990009992,0.8897104467147663,0.017810998018982584
8900,9999999100958.0,1000044,9999960658.0,1014,1000,0,0.0,0,0,173,9999960506.0,1003,1000,0,0.0,0,0,137,9999991376.0,996,1000,0,0.0,0,0,155,9999991504.0,1026,1000,0,0.0,0,0,164,9999991435.0,987,1000,0,0.0,0,0,161,999987096.0,100,0,0,0,0,999987302.0,97,0,0,0,0,999987142.0,97,0,0,0,0,999987099.0,95,0,0,0,0,999987167.0,110,0,0,0,0,999987179.0,97,0,0,0,0,999992258.0,114,0,15,0,0,999992431.0,98,0,14,0,0,999992320.0,100,0,14,0,0,8900,9.999999999e-11,0.000999044911130893,9.999999999e-11,0.0010129728455346278,0.006393934519850005,0.04757124523784748,0.09090909090909091,0.9647797624337214,0.1307099298124497,0.0002999100269919024,9.999999999e-11,0.0010019949990159869,0.006394052990197481,0.04757124445721215,0.09090909090909091,0.9647950964598642,0.13092889613174372,0.0002999100269919024,9.999999999e-11,0.0009950089710648194,0.006393983882498218,0.009891081466814874,0.09090909090909091,0.9662206396237735,0.06196339573648281,0.0002999100269919024,9.999999999e-11,0.001024948402938585,0.00639387528466567,0.009891081622187341,0.09090909090909091,0.9662284434592172,0.058637974245959734,0.0002999100269919024,9.999999999e-11,0.0009860267915567334,0.006393964137439522,0.009891081514317822,0.09090909090909091,0.966227851474415,0.06027916081535385,0.0002999100269919024,9.999999999e-11,0.0009990009990009992,0.0049751243781094535,0.0029910269192422734,0.8695924737094765,0.01780237109887586,9.999999999e-11,0.0009690600117885652,0.0049751243781094535,0.0029910269192422734,0.8699905398405032,0.017802709475652923,9.999999999e-11,0.0009690600117885652,0.0049751243781094535,0.0029910269192422734,0.8698584557171563,0.017802444092847786,9.999999999e-11,0.0009490983565612668,0.0049751243781094535,0.0029910269192422734,0.8696150780719704,0.0178023694398623,9.999999999e-11,0.0010987913295375086,0.0049751243781094535,0.0009990009990009992,0.5485156475363934,0.017802507128311953,9.999999999e-11,0.0009690600117885652,0.0049751243781094535,0.0009990009990009992,0.5395558801045356,0.017802503810789412,9.999999999e-11,0.001138701879856963,0.0049751243781094535,0.0009990009990009992,0.8897005260256152,0.017810919142485705,9.999999999e-11,0.000979040540270535,0.0049751243781094535,0.0009990009990009992,0.8897330403548586,0.01781117710853112,9.999999999e-11,0.0009990009990009992,0.0049751243781094535,0.0009990009990009992,0.889710550017994,0.0178109980189719
9000,9999999100860.0,1000137,9999960666.0,1006,1000,0,0.0,0,0,170,9999960499.0,1011,1000,0,0.0,0,0,133,9999991358.0,1016,1000,0,0.0,0,0,151,9999991494.0,1035,1000,0,0.0,0,0,161,9999991444.0,977,1000,0,0.0,0,0,158,999987091.0,104,0,0,0,0,999987303.0,96,0,0,0,0,999987147.0,92,0,0,0,0,999987091.0,103,0,0,0,0,999987169.0,108,0,0,0,0,999987178.0,97,0,0,0,0,999992263.0,109,0,14,0,0,999992433.0,96,0,14,0,0,999992316.0,104,0,14,0,0,9000,9.999999999e-11,0.000999137725392739,9.999999999e-11,0.0010049889810850284,0.006362686979316038,0.047571245237847525,0.09090909090909091,0.9648394643199221,0.1307099298124497,0.0002999100269919024,9.999999999e-11,0.0010099789113206547,0.0063625586283351816,0.04757124445721212,0.09090909090909091,0.9648489220149646,0.13092889613174372,0.0002999100269919024,9.999999999e-11,0.0010149687917076252,0.006362607994100974,0.009891081466814855,0.09090909090909091,0.9662357926804472,0.06196339573648281,0.0002999100269919024,9.999999999e-11,0.0010339298825715385,0.006362765964518547,0.009891081622187332,0.09090909090909091,0.9662437669948489,0.058637974245959734,0.0002999100269919024,9.999999999e-11,0.0009760464026645967,0.006362746218219096,0.00989108151431783,0.09090909090909091,0.9662421184615477,0.06027916081535385,0.0002999100269919024,9.999999999e-11,0.0010389195236953567,0.0049751243781094535,0.0029910269192422734,0.8695924737094765,0.01780237109886874,9.999999999e-11,0.000959079283887468,0.0049751243781094535,0.0029910269192422734,0.8699905398405032,0.017802709475654703,9.999999999e-11,0.0009191543779722655,0.0049751243781094535,0.0029910269192422734,0.8698584557171563,0.017802444092856688,9.999999999e-11,0.0010289401916026492,0.0049751243781094535,0.0029910269192422734,0.8696150780719704,0.017802369439848063,9.999999999e-11,0.0010788348583529788,0.0049751243781094535,0.0009990009990009992,0.5485156475363934,0.017802507128317293,9.999999999e-11,0.0009690600117885652,0.0049751243781094535,0.0009990009990009992,0.5395558801045356,0.017802503810789412,9.999999999e-11,0.0010888131936189554,0.0049751243781094535,0.0009990009990009992,0.8897006294346351,0.01781091914249461,9.999999999e-11,0.000959079283887468,0.0049751243781094535,0.0009990009990009992,0.8897330403548586,0.01781117710853468,9.999999999e-11,0.0010389195236953567,0.0049751243781094535,0.0009990009990009992,0.889710550017994,0.017810998018964776
9100,9999999098812.0,1002179,9999960662.0,1011,1000,0,0.0,0,0,163,9999960492.0,1017,1000,0,0.0,0,0,129,9999991363.0,1010,1000,0,0.0,0,0,147,9999991469.0,1061,1000,0,0.0,0,0,155,9999991419.0,1003,1000,0,0.0,0,0,154,999987091.0,105,0,0,0,0,999987306.0,93,0,0,0,0,999987144.0,96,0,0,0,0,999987089.0,106,0,0,0,0,999987175.0,102,0,0,0,0,999987180.0,95,0,0,0,0,999992260.0,112,0,13,0,0,999992442.0,87,0,13,0,0,999992316.0,104,0,13,0,0,9100,9.999999999e-11,0.0010011756427954787,9.999999999e-11,0.0010099789113206547,0.0063309734058297025,0.0475712452378475,0.09090909090909091,0.9648932897300624,0.1307099298124497,0.0002999100269919024,9.999999999e-11,0.001015966761803246,0.006330756182592646,0.04757124445721208,0.09090909090909091,0.9649054798432007,0.13092889613174372,0.0002999100269919024,9.999999999e-11,0.001008980929261446,0.006330775930163577,0.009891081466814859,0.09090909090909091,0.966250922564244,0.06196339573648281,0.0002999100269919024,9.999999999e-11,0.0010598754721240764,0.006330894415572671,0.009891081622187305,0.09090909090909091,0.9662586469540917,0.058637974245959734,0.0002999100269919024,9.999999999e-11,0.0010019949990159869,0.006330815425303079,0.009891081514317805,0.09090909090909091,0.966256278756743,0.06027916081535385,0.0002999100269919024,9.999999999e-11,0.0010488986564107686,0.0049751243781094535,0.0029910269192422734,0.8695924737094765,0.01780237109886696,9.999999999e-11,0.000929135903609643,0.0049751243781094535,0.0029910269192422734,0.8699905398405032,0.017802709475660046,9.999999999e-11,0.000959079283887468,0.0049751243781094535,0.0029910269192422734,0.8698584557171563,0.01780244409284957,9.999999999e-11,0.0010588775897548597,0.0049751243781094535,0.0029910269192422734,0.8696150780719704,0.017802369439844503,9.999999999e-11,0.001018960660126671,0.0049751243781094535,0.0009990009990009992,0.5485156475363934,0.017802507128327975,9.999999999e-11,0.0009490983565612668,0.0049751243781094535,0.0009990009990009992,0.5395558801045356,0.01780250381079297,9.999999999e-11,0.0011187470033562409,0.0049751243781094535,0.0009990009990009992,0.8897007328414372,0.01781091914248927,9.999999999e-11,0.0008692437579306005,0.0049751243781094535,0.0009990009990009992,0.8897331434162457,0.017811177108550708,9.999999999e-11,0.0010389195236953567,0.0049751243781094535,0.0009990009990009992,0.8897106533190076,0.017810998018964776
9200,9999999100566.0,1000475,9999960672.0,1000,1000,0,0.0,0,0,161,9999960496.0,1013,1000,0,0.0,0,0,129,9999991351.0,1021,1000,0,0.0,0,0,139,9999991480.0,1050,1000,0,0.0,0,0,147,9999991422.0,999,1000,0,0.0,0,0,148,999987092.0,103,0,0,0,0,999987300.0,99,0,0,0,0,999987151.0,88,0,0,0,0,999987089.0,105,0,0,0,0,999987174.0,103,0,0,0,0,999987184.0,92,0,0,0,0,999992259.0,114,0,12,0,0,999992443.0,87,0,13,0,0,999992321.0,100,0,11,0,0,9200,9.999999999e-11,0.0009994750501991522,9.999999999e-11,0.0009990009990009992,0.006300018137012069,0.04757124523784755,0.09090909090909091,0.9649447509433505,0.1307099298124497,0.0002999100269919024,9.999999999e-11,0.0010119748694572398,0.006299860146642317,0.0475712444572121,0.09090909090909091,0.9649557035560679,0.13092889613174372,0.0002999100269919024,9.999999999e-11,0.001019958622246686,0.006299949016231484,0.009891081466814848,0.09090909090909091,0.9662658190478065,0.06196339573648281,0.0002999100269919024,9.999999999e-11,0.0010488986564107686,0.006299919393036862,0.009891081622187315,0.09090909090909091,0.9662723421056628,0.058637974245959734,0.0002999100269919024,9.999999999e-11,0.0009980029950079872,0.0063000378858047565,0.009891081514317808,0.09090909090909091,0.966270487461301,0.06027916081535385,0.0002999100269919024,9.999999999e-11,0.0010289401916026492,0.0049751243781094535,0.0029910269192422734,0.8695924737094765,0.01780237109887052,9.999999999e-11,0.000989020869339354,0.0049751243781094535,0.0029910269192422734,0.8699905398405032,0.017802709475649364,9.999999999e-11,0.0008792262808728319,0.0049751243781094535,0.0029910269192422734,0.8698584557171563,0.017802444092863808,9.999999999e-11,0.0010488986564107686,0.0049751243781094535,0.0029910269192422734,0.8696150780719704,0.017802369439844503,9.999999999e-11,0.0010289401916026492,0.0049751243781094535,0.0009990009990009992,0.5485156475363934,0.017802507128326192,9.999999999e-11,0.0009191543779722655,0.0049751243781094535,0.0009990009990009992,0.5395558801045356,0.01780250381079831,9.999999999e-11,0.001138701879856963,0.0049751243781094535,0.0009990009990009992,0.8897008362460218,0.01781091914248749,9.999999999e-11,0.0008692437579306005,0.0049751243781094535,0.0009990009990009992,0.8897331434162457,0.017811177108550708,9.999999999e-11,0.0009990009990009992,0.0049751243781094535,0.0009990009990009992,0.889710859914392,0.01781099801897368
9300,9999999100149.0,1000834,9999960667.0,1004,1000,0,0.0,0,0,156,9999960482.0,1027,1000,0,0.0,0,0,128,9999991353.0,1020,1000,0,0.0,0,0,130,9999991505.0,1025,1000,0,0.0,0,0,139,9999991404.0,1017,1000,0,0.0,0,0,143,999987089.0,106,0,0,0,0,999987305.0,94,0,0,0,0,999987143.0,96,0,0,0,0,999987096.0,98,0,0,0,0,999987176.0,101,0,0,0,0,999987185.0,91,0,0,0,0,999992257.0,115,0,11,0,0,999992440.0,89,0,11,0,0,999992321.0,99,0,10,0,0,9300,9.999999999e-11,0.0009998333328061942,9.999999999e-11,0.0010029929950329869,0.006269673189820588,0.047571245237847525,0.09090909090909091,0.9649950877205833,0.1307099298124497,0.0002999100269919024,9.999999999e-11,0.001025946353095371,0.006269485564792302,0.04757124445721204,0.09090909090909091,0.9650046442707583,0.13092889613174372,0.0002999100269919024,9.999999999e-11,0.001018960660126671,0.006269564564812848,0.00989108146681485,0.09090909090909091,0.9662798246246762,0.06196339573648281,0.0002999100269919024,9.999999999e-11,0.0010239504507879424,0.006269396689754176,0.009891081622187341,0.09090909090909091,0.9662856113721437,0.058637974245959734,0.0002999100269919024,9.999999999e-11,0.001015966761803246,0.006269436189773084,0.00989108151431779,0.09090909090909091,0.9662839877979499,0.06027916081535385,0.0002999100269919024,9.999999999e-11,0.0010588775897548597,0.0049751243781094535,0.0029910269192422734,0.8695924737094765,0.01780237109886518,9.999999999e-11,0.0009391172298039843,0.0049751243781094535,0.0029910269192422734,0.8699905398405032,0.017802709475658263,9.999999999e-11,0.000959079283887468,0.0049751243781094535,0.0029910269192422734,0.8698584557171563,0.01780244409284957,9.999999999e-11,0.000979040540270535,0.0049751243781094535,0.0029910269192422734,0.8696150780719704,0.017802369439856962,9.999999999e-11,0.001008980929261446,0.0049751243781094535,0.0009990009990009992,0.5485156475363934,0.017802507128329755,9.999999999e-11,0.0009091726528858739,0.0049751243781094535,0.0009990009990009992,0.5395558801045356,0.01780250381080009,9.999999999e-11,0.0011486790191280029,0.0049751243781094535,0.0009990009990009992,0.8897009396483889,0.017810919142483925,9.999999999e-11,0.0008892086043421354,0.0049751243781094535,0.0009990009990009992,0.8897333495324006,0.017811177108547148,9.999999999e-11,0.000989020869339354,0.0049751243781094535,0.0009990009990009992,0.8897109632087632,0.01781099801897368
9400,9999999100096.0,1000861,9999960706.0,965,1000,0,0.0,0,0,150,9999960471.0,1038,1000,0,0.0,0,0,121,9999991356.0,1017,1000,0,0.0,0,0,126,9999991511.0,1019,1000,0,0.0,0,0,131,9999991422.0,999,1000,0,0.0,0,0,141,999987089.0,106,0,0,0,0,999987299.0,100,0,0,0,0,999987142.0,97,0,0,0,0,999987093.0,101,0,0,0,0,999987173.0,104,0,0,0,0,999987184.0,91,0,0,0,0,999992254.0,118,0,10,0,0,999992441.0,88,0,10,0,0,999992315.0,105,0,9,0,0,9400,9.999999999e-11,0.0009998602788414584,9.999999999e-11,0.0009640696727657809,0.006238407957359121,0.04757124523784771,0.09090909090909091,0.9650450735524144,0.1307099298124497,0.0002999100269919024,9.999999999e-11,0.00103692367322719,0.006238328952384695,0.04757124445721199,0.09090909090909091,0.9650522691818035,0.13092889613174372,0.0002999100269919024,9.999999999e-11,0.001015966761803246,0.006238210444899501,0.009891081466814854,0.09090909090909091,0.9662932200115898,0.06196339573648281,0.0002999100269919024,9.999999999e-11,0.001017962696012763,0.006238269698645631,0.009891081622187348,0.09090909090909091,0.9662992671244734,0.058637974245959734,0.0002999100269919024,9.999999999e-11,0.0009980029950079872,0.006238180818023787,0.009891081514317807,0.09090909090909091,0.9662980186573307,0.06027916081535385,0.0002999100269919024,9.999999999e-11,0.0010588775897548597,0.0049751243781094535,0.0029910269192422734,0.8695924737094765,0.01780237109886696,9.999999999e-11,0.0009990009990009992,0.0049751243781094535,0.0029910269192422734,0.8699905398405032,0.017802709475647584,9.999999999e-11,0.0009690600117885652,0.0049751243781094535,0.0029910269192422734,0.8698584557171563,0.017802444092847786,9.999999999e-11,0.001008980929261446,0.0049751243781094535,0.0029910269192422734,0.8696150780719704,0.017802369439851622,9.999999999e-11,0.0010389195236953567,0.0049751243781094535,0.0009990009990009992,0.5485156475363934,0.017802507128324412,9.999999999e-11,0.0009091726528858739,0.0049751243781094535,0.0009990009990009992,0.5395558801045356,0.01780250381080009,9.999999999e-11,0.0011786092410955074,0.0049751243781094535,0.0009990009990009992,0.8897010430485385,0.017810919142478582,9.999999999e-11,0.0008792262808728319,0.0049751243781094535,0.0009990009990009992,0.8897334525871684,0.017811177108548928,9.999999999e-11,0.0010488986564107686,0.0049751243781094535,0.0009990009990009992,0.8897110665009204,0.017810998018962996
9500,9999999100508.0,1000529,9999960702.0,970,1000,0,0.0,0,0,144,9999960490.0,1020,1000,0,0.0,0,0,117,9999991389.0,984,1000,0,0.0,0,0,122,9999991503.0,1026,1000,0,0.0,0,0,127,9999991408.0,1013,1000,0,0.0,0,0,136,999987090.0,105,0,0,0,0,999987298.0,101,0,0,0,0,999987144.0,95,0,0,0,0,999987097.0,97,0,0,0,0,999987170.0,107,0,0,0,0,999987179.0,97,0,0,0,0,999992258.0,114,0,8,0,0,999992435.0,94,0,10,0,0,999992311.0,109,0,7,0,0,9500,9.999999999e-11,0.0009995289423068827,9.999999999e-11,0.0009690600117885652,0.006207200014922793,0.0475712452378477,0.09090909090909091,0.9650941422871109,0.1307099298124497,0.0002999100269919024,9.999999999e-11,0.001018960660126671,0.006207032118792446,0.04757124445721208,0.09090909090909091,0.9650986984700944,0.13092889613174372,0.0002999100269919024,9.999999999e-11,0.000983032695827306,0.006207160509956051,0.009891081466814885,0.09090909090909091,0.9663056477705463,0.06196339573648281,0.0002999100269919024,9.999999999e-11,0.001024948402938585,0.006207111128743205,0.00989108162218734,0.09090909090909091,0.9663119510945339,0.058637974245959734,0.0002999100269919024,9.999999999e-11,0.0010119748694572398,0.006207269148607034,0.009891081514317794,0.09090909090909091,0.9663122468557573,0.06027916081535385,0.0002999100269919024,9.999999999e-11,0.0010488986564107686,0.0049751243781094535,0.0029910269192422734,0.8695924737094765,0.01780237109886696,9.999999999e-11,0.001008980929261446,0.0049751243781094535,0.0029910269192422734,0.8699905398405032,0.017802709475645804,9.999999999e-11,0.0009490983565612668,0.0049751243781094535,0.0029910269192422734,0.8698584557171563,0.01780244409285135,9.999999999e-11,0.0009690600117885652,0.0049751243781094535,0.0029910269192422734,0.8696150780719704,0.01780236943985874,9.999999999e-11,0.0010688563237336052,0.0049751243781094535,0.0009990009990009992,0.5485156475363934,0.017802507128319073,9.999999999e-11,0.0009690600117885652,0.0049751243781094535,0.0009990009990009992,0.5395558801045356,0.017802503810789412,9.999999999e-11,0.001138701879856963,0.0049751243781094535,0.0009990009990009992,0.8897012498421855,0.017810919142485705,9.999999999e-11,0.0009391172298039843,0.0049751243781094535,0.0009990009990009992,0.8897334525871684,0.017811177108538242,9.999999999e-11,0.0010888131936189554,0.0049751243781094535,0.0009990009990009992,0.889711273078593,0.01781099801895587
9600,9999999100093.0,1000938,9999960708.0,964,1000,0,0.0,0,0,140,9999960484.0,1025,1000,0,0.0,0,0,112,9999991370.0,1003,1000,0,0.0,0,0,116,9999991501.0,1029,1000,0,0.0,0,0,125,9999991426.0,995,1000,0,0.0,0,0,134,999987089.0,106,0,0,0,0,999987305.0,94,0,0,0,0,999987131.0,108,0,0,0,0,999987092.0,102,0,0,0,0,999987176.0,101,0,0,0,0,999987180.0,95,0,0,0,0,999992263.0,109,0,8,0,0,999992441.0,88,0,8,0,0,999992302.0,118,0,7,0,0,9600,9.999999999e-11,0.0009999371249340427,9.999999999e-11,0.0009630715989785847,0.006176246910661594,0.04757124523784772,0.09090909090909091,0.9651390792829998,0.1307099298124497,0.0002999100269919024,9.999999999e-11,0.0010239504507879424,0.006176385186633665,0.047571244457212045,0.09090909090909091,0.9651415970931684,0.13092889613174372,0.0002999100269919024,9.999999999e-11,0.0010019949990159869,0.006176197526376531,0.009891081466814871,0.09090909090909091,0.9663189739118968,0.06196339573648281,0.0002999100269919024,9.999999999e-11,0.0010279422474273972,0.00617631604865244,0.009891081622187338,0.09090909090909091,0.9663253684490858,0.058637974245959734,0.0002999100269919024,9.999999999e-11,0.0009940109590956998,0.006176434570900079,0.009891081514317812,0.09090909090909091,0.9663250780924566,0.06027916081535385,0.0002999100269919024,9.999999999e-11,0.0010588775897548597,0.0049751243781094535,0.0029910269192422734,0.8695924737094765,0.01780237109886518,9.999999999e-11,0.0009391172298039843,0.0049751243781094535,0.0029910269192422734,0.8699905398405032,0.017802709475658263,9.999999999e-11,0.0010788348583529788,0.0049751243781094535,0.0029910269192422734,0.8698584557171563,0.017802444092828204,9.999999999e-11,0.001018960660126671,0.0049751243781094535,0.0029910269192422734,0.8696150780719704,0.017802369439849842,9.999999999e-11,0.001008980929261446,0.0049751243781094535,0.0009990009990009992,0.5485156475363934,0.017802507128329755,9.999999999e-11,0.0009490983565612668,0.0049751243781094535,0.0009990009990009992,0.5395558801045356,0.01780250381079297,9.999999999e-11,0.0010888131936189554,0.0049751243781094535,0.0009990009990009992,0.8897012498421855,0.01781091914249461,9.999999999e-11,0.0008792262808728319,0.0049751243781094535,0.0009990009990009992,0.8897336586900856,0.017811177108548928,9.999999999e-11,0.0011786092410955074,0.0049751243781094535,0.0009990009990009992,0.889711273078593,0.01781099801893984
9700,9999999100303.0,1000687,9999960696.0,975,1000,0,0.0,0,0,138,9999960501.0,1007,1000,0,0.0,0,0,107,9999991359.0,1013,1000,0,0.0,0,0,111,9999991509.0,1020,1000,0,0.0,0,0,121,9999991439.0,981,1000,0,0.0,0,0,130,999987086.0,109,0,0,0,0,999987306.0,93,0,0,0,0,999987135.0,104,0,0,0,0,999987086.0,108,0,0,0,0,999987179.0,98,0,0,0,0,999987178.0,97,0,0,0,0,999992265.0,107,0,8,0,0,999992437.0,92,0,7,0,0,999992301.0,119,0,4,0,0,9700,9.999999999e-11,0.000999686626588699,9.999999999e-11,0.0009740503009565674,0.006146279624381733,0.04757124523784766,0.09090909090909091,0.9651794667673433,0.1307099298124497,0.0002999100269919024,9.999999999e-11,0.001005986971120082,0.006146437663591403,0.047571244457212135,0.09090909090909091,0.9651839371346327,0.13092889613174372,0.0002999100269919024,9.999999999e-11,0.0010119748694572398,0.006146319134188862,0.009891081466814855,0.09090909090909091,0.9663318907008487,0.06196339573648281,0.0002999100269919024,9.999999999e-11,0.001018960660126671,0.0061463882763437795,0.009891081622187345,0.09090909090909091,0.9663376810610547,0.058637974245959734,0.0002999100269919024,9.999999999e-11,0.00098003858215091,0.006146506805729828,0.009891081514317826,0.09090909090909091,0.9663377625627841,0.06027916081535385,0.0002999100269919024,9.999999999e-11,0.0010888131936189554,0.0049751243781094535,0.0029910269192422734,0.8695924737094765,0.01780237109885984,9.999999999e-11,0.000929135903609643,0.0049751243781094535,0.0029910269192422734,0.8699905398405032,0.017802709475660046,9.999999999e-11,0.0010389195236953567,0.0049751243781094535,0.0029910269192422734,0.8698584557171563,0.017802444092835327,9.999999999e-11,0.0010788348583529788,0.0049751243781094535,0.0029910269192422734,0.8696150780719704,0.01780236943983916,9.999999999e-11,0.000979040540270535,0.0049751243781094535,0.0009990009990009992,0.5485156475363934,0.017802507128335095,9.999999999e-11,0.0009690600117885652,0.0049751243781094535,0.0009990009990009992,0.5395558801045356,0.017802503810789412,9.999999999e-11,0.0010688563237336052,0.0049751243781094535,0.0009990009990009992,0.8897012498421855,0.017810919142498174,9.999999999e-11,0.0009191543779722655,0.0049751243781094535,0.0009990009990009992,0.8897337617382349,0.0178111771085418,9.999999999e-11,0.0011885855831560443,0.0049751243781094535,0.0009990009990009992,0.889711582928499,0.01781099801893806
9800,9999999100714.0,1000301,9999960686.0,986,1000,0,0.0,0,0,133,9999960484.0,1024,1000,0,0.0,0,0,103,9999991365.0,1008,1000,0,0.0,0,0,108,9999991507.0,1022,1000,0,0.0,0,0,118,9999991440.0,982,1000,0,0.0,0,0,125,999987090.0,105,0,0,0,0,999987306.0,93,0,0,0,0,999987135.0,104,0,0,0,0,999987090.0,104,0,0,0,0,999987174.0,103,0,0,0,0,999987177.0,98,0,0,0,0,999992268.0,104,0,8,0,0,999992436.0,93,0,5,0,0,999992306.0,114,0,4,0,0,9800,9.999999999e-11,0.000999301397812467,9.999999999e-11,0.000985028761641022,0.006116893335292211,0.047571245237847615,0.09090909090909091,0.965219738044574,0.1307099298124497,0.0002999100269919024,9.999999999e-11,0.0010229524966434372,0.0061169822376109335,0.047571244457212045,0.09090909090909091,0.9652257058024256,0.13092889613174372,0.0002999100269919024,9.999999999e-11,0.0010069849591611657,0.006116932847435828,0.009891081466814862,0.09090909090909091,0.9663430601796157,0.06196339573648281,0.0002999100269919024,9.999999999e-11,0.0010209565823728148,0.006117041505814578,0.009891081622187345,0.09090909090909091,0.9663495811798254,0.058637974245959734,0.0002999100269919024,9.999999999e-11,0.0009810366220371594,0.006117130408106793,0.009891081514317826,0.09090909090909091,0.9663499616975213,0.06027916081535385,0.0002999100269919024,9.999999999e-11,0.0010488986564107686,0.0049751243781094535,0.0029910269192422734,0.8695924737094765,0.01780237109886696,9.999999999e-11,0.000929135903609643,0.0049751243781094535,0.0029910269192422734,0.8699905398405032,0.017802709475660046,9.999999999e-11,0.0010389195236953567,0.0049751243781094535,0.0029910269192422734,0.8698584557171563,0.017802444092835327,9.999999999e-11,0.0010389195236953567,0.0049751243781094535,0.0029910269192422734,0.8696150780719704,0.01780236943984628,9.999999999e-11,0.0010289401916026492,0.0049751243781094535,0.0009990009990009992,0.5485156475363934,0.017802507128326192,9.999999999e-11,0.000979040540270535,0.0049751243781094535,0.0009990009990009992,0.5395558801045356,0.017802503810787632,9.999999999e-11,0.0010389195236953567,0.0049751243781094535,0.0009990009990009992,0.8897012498421855,0.017810919142503517,9.999999999e-11,0.000929135903609643,0.0049751243781094535,0.0009990009990009992,0.8897339678279153,0.01781117710854002,9.999999999e-11,0.001138701879856963,0.0049751243781094535,0.0009990009990009992,0.889711582928499,0.017810998018946967
9900,9999999099377.0,1001558,9999960687.0,984,1000,0,0.0,0,0,128,9999960495.0,1015,1000,0,0.0,0,0,98,9999991357.0,1016,1000,0,0.0,0,0,107,9999991513.0,1017,1000,0,0.0,0,0,114,9999991445.0,975,1000,0,0.0,0,0,119,999987090.0,105,0,0,0,0,999987300.0,99,0,0,0,0,999987130.0,109,0,0,0,0,999987093.0,101,0,0,0,0,999987171.0,106,0,0,0,0,999987170.0,106,0,0,0,0,999992274.0,98,0,7,0,0,999992429.0,100,0,5,0,0,999992313.0,107,0,4,0,0,9900,9.999999999e-11,0.001000555885248682,9.999999999e-11,0.000983032695827306,0.006085766668118113,0.04757124523784762,0.09090909090909091,0.9652604186484336,0.1307099298124497,0.0002999100269919024,9.999999999e-11,0.0010139708196180877,0.006085944483876881,0.0475712444572121,0.09090909090909091,0.9652667655634559,0.13092889613174372,0.0002999100269919024,9.999999999e-11,0.0010149687917076252,0.00608600375578233,0.009891081466814854,0.09090909090909091,0.9663558034575678,0.06196339573648281,0.0002999100269919024,9.999999999e-11,0.001015966761803246,0.006085845697352086,0.009891081622187348,0.09090909090909091,0.9663614585567022,0.058637974245959734,0.0002999100269919024,9.999999999e-11,0.0009740503009565674,0.006086053149031473,0.00989108151431783,0.09090909090909091,0.966362776687987,0.06027916081535385,0.0002999100269919024,9.999999999e-11,0.0010488986564107686,0.0049751243781094535,0.0029910269192422734,0.8695924737094765,0.01780237109886518,9.999999999e-11,0.000989020869339354,0.0049751243781094535,0.0029910269192422734,0.8699905398405032,0.017802709475649364,9.999999999e-11,0.0010888131936189554,0.0049751243781094535,0.0029910269192422734,0.8698584557171563,0.017802444092826428,9.999999999e-11,0.001008980929261446,0.0049751243781094535,0.0029910269192422734,0.8696150780719704,0.017802369439851622,9.999999999e-11,0.0010588775897548597,0.0049751243781094535,0.0009990009990009992,0.5485156475363934,0.017802507128320853,9.999999999e-11,0.0010588775897548597,0.0049751243781094535,0.0009990009990009992,0.5395558801045356,0.01780250381077517,9.999999999e-11,0.000979040540270535,0.0049751243781094535,0.0009990009990009992,0.8897013532356832,0.017810919142514203,9.999999999e-11,0.0009990009990009992,0.0049751243781094535,0.0009990009990009992,0.8897339678279153,0.017811177108527556,9.999999999e-11,0.0010688563237336052,0.0049751243781094535,0.0009990009990009992,0.889711582928499,0.017810998018959433
10000,9999999101179.0,999852,9999960664.0,1010,1000,0,0.0,0,0,124,9999960496.0,1012,1000,0,0.0,0,0,94,9999991358.0,1015,1000,0,0.0,0,0,107,9999991536.0,996,1000,0,0.0,0,0,112,9999991445.0,975,1000,0,0.0,0,0,115,999987092.0,104,0,0,0,0,999987298.0,101,0,0,0,0,999987133.0,106,0,0,0,0,999987094.0,100,0,0,0,0,999987172.0,105,0,0,0,0,999987168.0,107,0,0,0,0,999992265.0,107,0,6,0,0,999992425.0,105,0,5,0,0,999992323.0,97,0,3,0,0,10000,9.999999999e-11,0.0009988532945357518,9.999999999e-11,0.001008980929261446,0.006055912475907665,0.04757124523784752,0.09090909090909091,0.9652999926741715,0.1307099298124497,0.0002999100269919024,9.999999999e-11,0.0010109768913859176,0.006055882838161308,0.0475712444572121,0.09090909090909091,0.9653025779130809,0.13092889613174372,0.0002999100269919024,9.999999999e-11,0.0010139708196180877,0.0060559519929000594,0.009891081466814855,0.09090909090909091,0.9663676729475046,0.06196339573648281,0.0002999100269919024,9.999999999e-11,0.0009950089710648194,0.006055833441913451,0.009891081622187369,0.09090909090909091,0.9663732511636097,0.058637974245959734,0.0002999100269919024,9.999999999e-11,0.0009740503009565674,0.006055754407906667,0.00989108151431783,0.09090909090909091,0.9663748366316872,0.06027916081535385,0.0002999100269919024,9.999999999e-11,0.0010389195236953567,0.0049751243781094535,0.0029910269192422734,0.8695924737094765,0.01780237109887052,9.999999999e-11,0.001008980929261446,0.0049751243781094535,0.0029910269192422734,0.8699905398405032,0.017802709475645804,9.999999999e-11,0.0010588775897548597,0.0049751243781094535,0.0029910269192422734,0.8698584557171563,0.017802444092831764,9.999999999e-11,0.0009990009990009992,0.0049751243781094535,0.0029910269192422734,0.8696150780719704,0.017802369439853402,9.999999999e-11,0.0010488986564107686,0.0049751243781094535,0.0009990009990009992,0.5485156475363934,0.017802507128322632,9.999999999e-11,0.0010688563237336052,0.0049751243781094535,0.0009990009990009992,0.5395558801045356,0.01780250381077161,9.999999999e-11,0.0010688563237336052,0.0049751243781094535,0.0009990009990009992,0.8897014566269636,0.017810919142498174,9.999999999e-11,0.0010488986564107686,0.0049751243781094535,0.0009990009990009992,0.8897339678279153,0.01781117710852043,9.999999999e-11,0.0009690600117885652,0.0049751243781094535,0.0009990009990009992,0.8897116862073737,0.01781099801897724
