Time\ number,r2_1_100,r2_1_200,r1_1_300,r1_1_400,Time\ Probability,r2_1_100,r2_1_200,r1_1_300,r1_1_400
0,1000,1000,1000.0,1000.0,0,9.999000099990002e-05,9.999000099990002e-05,9.99990000099999e-06,9.99990000099999e-06
100,998,998,1002.0,998.0,100,0.0001001899609659112,0.0001001899609659112,9.99990000099999e-06,9.99990000099999e-06
200,997,997,1003.0,997.0,200,0.00010028994091892584,0.00010028994091892584,9.99990000099999e-06,9.99990000099999e-06
300,999,999,1001.0,999.0,300,0.0001000899809929026,0.0001000899809929026,9.99990000099999e-06,9.99990000099999e-06
400,999,999,999.0,1001.0,400,0.0001000899809929026,0.0001000899809929026,9.99990000099999e-06,9.99990000099999e-06
500,996,996,996.0,1004.0,500,0.00010038992085194648,0.00010038992085194648,9.99990000099999e-06,9.99990000099999e-06
600,993,994,994.0,1006.0,600,0.00010068986053104453,0.00010058988065800582,9.99990000099999e-06,9.99990000099999e-06
700,993,993,1007.0,993.0,700,0.00010068986053104453,0.00010068986053104453,9.99990000099999e-06,9.99990000099999e-06
800,993,993,1007.0,993.0,800,0.00010068986053104453,0.00010068986053104453,9.99990000099999e-06,9.99990000099999e-06
900,986,986,1014.0,986.0,900,0.00010138971908248506,0.00010138971908248506,9.99990000099999e-06,9.99990000099999e-06
1000,984,984,1016.0,984.0,1000,0.00010158967848866555,0.00010158967848866555,9.99990000099999e-06,9.99990000099999e-06
1100,994,994,1006.0,994.0,1100,0.00010058988065800582,0.00010058988065800582,9.99990000099999e-06,9.99990000099999e-06
1200,997,997,1003.0,997.0,1200,0.00010028994091892584,0.00010028994091892584,9.99990000099999e-06,9.99990000099999e-06
1300,1000,1000,1000.0,1000.0,1300,9.999000099990002e-05,9.999000099990002e-05,9.99990000099999e-06,9.99990000099999e-06
1400,996,996,1004.0,996.0,1400,0.00010038992085194648,0.00010038992085194648,9.99990000099999e-06,9.99990000099999e-06
1500,997,997,1003.0,997.0,1500,0.00010028994091892584,0.00010028994091892584,9.99990000099999e-06,9.99990000099999e-06
1600,992,992,1008.0,992.0,1600,0.00010078984038408928,0.00010078984038408928,9.99990000099999e-06,9.99990000099999e-06
1700,989,989,1011.0,989.0,1700,0.00010108977982325986,0.00010108977982325986,9.99990000099999e-06,9.99990000099999e-06
1800,997,997,1003.0,997.0,1800,0.00010028994091892584,0.00010028994091892584,9.99990000099999e-06,9.99990000099999e-06
1900,994,994,1006.0,994.0,1900,0.00010058988065800582,0.00010058988065800582,9.99990000099999e-06,9.99990000099999e-06
2000,995,995,1005.0,995.0,2000,0.00010048990076497312,0.00010048990076497312,9.99990000099999e-06,9.99990000099999e-06
2100,995,995,1005.0,995.0,2100,0.00010048990076497312,0.00010048990076497312,9.99990000099999e-06,9.99990000099999e-06
2200,994,994,1006.0,994.0,2200,0.00010058988065800582,0.00010058988065800582,9.99990000099999e-06,9.99990000099999e-06
2300,992,992,1008.0,992.0,2300,0.00010078984038408928,0.00010078984038408928,9.99990000099999e-06,9.99990000099999e-06
2400,993,993,1007.0,993.0,2400,0.00010068986053104453,0.00010068986053104453,9.99990000099999e-06,9.99990000099999e-06
2500,990,990,1010.0,990.0,2500,0.00010098980003019696,0.00010098980003019696,9.99990000099999e-06,9.99990000099999e-06
2600,986,985,1014.0,986.0,2600,0.00010138971908248506,0.00010148969879557225,9.99990000099999e-06,9.99990000099999e-06
2700,985,985,1015.0,985.0,2700,0.00010148969879557225,0.00010148969879557225,9.99990000099999e-06,9.99990000099999e-06
2800,987,987,1013.0,987.0,2800,0.00010128973934940391,0.00010128973934940391,9.99990000099999e-06,9.99990000099999e-06
2900,991,991,1009.0,991.0,2900,0.00010088982021714009,0.00010088982021714009,9.99990000099999e-06,9.99990000099999e-06
3000,997,997,1003.0,997.0,3000,0.00010028994091892584,0.00010028994091892584,9.99990000099999e-06,9.99990000099999e-06
3100,997,997,1003.0,997.0,3100,0.00010028994091892584,0.00010028994091892584,9.99990000099999e-06,9.99990000099999e-06
3200,1000,1000,1000.0,1000.0,3200,9.999000099990002e-05,9.999000099990002e-05,9.99990000099999e-06,9.99990000099999e-06
3300,1000,999,1000.0,999.0,3300,9.999000099990002e-05,0.0001000899809929026,9.99990000099999e-06,9.99990000099999e-06
3400,994,994,994.0,1006.0,3400,0.00010058988065800582,0.00010058988065800582,9.99990000099999e-06,9.99990000099999e-06
3500,991,991,991.0,1009.0,3500,0.00010088982021714009,0.00010088982021714009,9.99990000099999e-06,9.99990000099999e-06
3600,984,984,985.0,1016.0,3600,0.00010158967848866555,0.00010158967848866555,9.99990000099999e-06,9.99990000099999e-06
3700,986,986,986.0,1014.0,3700,0.00010138971908248506,0.00010138971908248506,9.99990000099999e-06,9.99990000099999e-06
3800,988,988,988.0,1012.0,3800,0.00010118975959632885,0.00010118975959632885,9.99990000099999e-06,9.99990000099999e-06
3900,990,990,990.0,1010.0,3900,0.00010098980003019696,0.00010098980003019696,9.99990000099999e-06,9.99990000099999e-06
4000,991,991,991.0,1009.0,4000,0.00010088982021714009,0.00010088982021714009,9.99990000099999e-06,9.99990000099999e-06
4100,993,993,993.0,1007.0,4100,0.00010068986053104453,0.00010068986053104453,9.99990000099999e-06,9.99990000099999e-06
4200,993,993,993.0,1007.0,4200,0.00010068986053104453,0.00010068986053104453,9.99990000099999e-06,9.99990000099999e-06
4300,996,996,996.0,1004.0,4300,0.00010038992085194648,0.00010038992085194648,9.99990000099999e-06,9.99990000099999e-06
4400,990,990,990.0,1010.0,4400,0.00010098980003019696,0.00010098980003019696,9.99990000099999e-06,9.99990000099999e-06
4500,991,991,991.0,1009.0,4500,0.00010088982021714009,0.00010088982021714009,9.99990000099999e-06,9.99990000099999e-06
4600,993,993,993.0,1007.0,4600,0.00010068986053104453,0.00010068986053104453,9.99990000099999e-06,9.99990000099999e-06
4700,995,995,995.0,1005.0,4700,0.00010048990076497312,0.00010048990076497312,9.99990000099999e-06,9.99990000099999e-06
4800,998,998,998.0,1002.0,4800,0.0001001899609659112,0.0001001899609659112,9.99990000099999e-06,9.99990000099999e-06
4900,991,991,991.0,1009.0,4900,0.00010088982021714009,0.00010088982021714009,9.99990000099999e-06,9.99990000099999e-06
5000,997,997,997.0,1003.0,5000,0.00010028994091892584,0.00010028994091892584,9.99990000099999e-06,9.99990000099999e-06
5100,997,997,997.0,1003.0,5100,0.00010028994091892584,0.00010028994091892584,9.99990000099999e-06,9.99990000099999e-06
5200,992,992,992.0,1008.0,5200,0.00010078984038408928,0.00010078984038408928,9.99990000099999e-06,9.99990000099999e-06
5300,990,990,990.0,1010.0,5300,0.00010098980003019696,0.00010098980003019696,9.99990000099999e-06,9.99990000099999e-06
5400,991,991,991.0,1009.0,5400,0.00010088982021714009,0.00010088982021714009,9.99990000099999e-06,9.99990000099999e-06
5500,987,987,987.0,1013.0,5500,0.00010128973934940391,0.00010128973934940391,9.99990000099999e-06,9.99990000099999e-06
5600,985,985,985.0,1015.0,5600,0.00010148969879557225,0.00010148969879557225,9.99990000099999e-06,9.99990000099999e-06
5700,985,985,985.0,1015.0,5700,0.00010148969879557225,0.00010148969879557225,9.99990000099999e-06,9.99990000099999e-06
5800,985,984,985.0,1015.0,5800,0.00010148969879557225,0.00010158967848866555,9.99990000099999e-06,9.99990000099999e-06
5900,987,987,987.0,1013.0,5900,0.00010128973934940391,0.00010128973934940391,9.99990000099999e-06,9.99990000099999e-06
6000,985,985,986.0,1014.0,6000,0.00010148969879557225,0.00010148969879557225,9.99990000099999e-06,9.99990000099999e-06
6100,986,986,986.0,1014.0,6100,0.00010138971908248506,0.00010138971908248506,9.99990000099999e-06,9.99990000099999e-06
6200,979,980,979.0,1020.0,6200,0.0001020895766542236,0.00010198959706109978,9.99990000099999e-06,9.99990000099999e-06
6300,993,993,993.0,1007.0,6300,0.00010068986053104453,0.00010068986053104453,9.99990000099999e-06,9.99990000099999e-06
6400,994,994,994.0,1006.0,6400,0.00010058988065800582,0.00010058988065800582,9.99990000099999e-06,9.99990000099999e-06
6500,984,984,984.0,1016.0,6500,0.00010158967848866555,0.00010158967848866555,9.99990000099999e-06,9.99990000099999e-06
6600,986,986,986.0,1014.0,6600,0.00010138971908248506,0.00010138971908248506,9.99990000099999e-06,9.99990000099999e-06
6700,981,981,981.0,1019.0,6700,0.00010188961744798205,0.00010188961744798205,9.99990000099999e-06,9.99990000099999e-06
6800,981,981,981.0,1019.0,6800,0.00010188961744798205,0.00010188961744798205,9.99990000099999e-06,9.99990000099999e-06
6900,983,983,983.0,1017.0,6900,0.00010168965816176495,0.00010168965816176495,9.99990000099999e-06,9.99990000099999e-06
7000,985,986,986.0,1014.0,7000,0.00010148969879557225,0.00010138971908248506,9.99990000099999e-06,9.99990000099999e-06
7100,980,980,980.0,1019.0,7100,0.00010198959706109978,0.00010198959706109978,9.99990000099999e-06,9.99990000099999e-06
7200,977,977,977.0,1023.0,7200,0.00010228953578048966,0.00010228953578048966,9.99990000099999e-06,9.99990000099999e-06
7300,971,971,971.0,1029.0,7300,0.0001028894126794353,0.0001028894126794353,9.99990000099999e-06,9.99990000099999e-06
7400,973,973,973.0,1027.0,7400,0.00010268945379309543,0.00010268945379309543,9.99990000099999e-06,9.99990000099999e-06
7500,969,969,969.0,1031.0,7500,0.0001030893714857998,0.0001030893714857998,9.99990000099999e-06,9.99990000099999e-06
7600,963,963,963.0,1037.0,7600,0.00010368924742504205,0.00010368924742504205,9.99990000099999e-06,9.99990000099999e-06
7700,965,966,966.0,1034.0,7700,0.00010348928885860313,0.000103389309545393,9.99990000099999e-06,9.99990000099999e-06
7800,967,967,967.0,1033.0,7800,0.00010328933021218909,0.00010328933021218909,9.99990000099999e-06,9.99990000099999e-06
7900,963,963,963.0,1037.0,7900,0.00010368924742504205,0.00010368924742504205,9.99990000099999e-06,9.99990000099999e-06
8000,960,960,960.0,1040.0,8000,0.00010398918512474702,0.00010398918512474702,9.99990000099999e-06,9.99990000099999e-06
8100,962,962,962.0,1038.0,8100,0.0001037892266782708,0.0001037892266782708,9.99990000099999e-06,9.99990000099999e-06
8200,963,963,963.0,1037.0,8200,0.00010368924742504205,0.00010368924742504205,9.99990000099999e-06,9.99990000099999e-06
8300,959,959,959.0,1041.0,8300,0.0001040891643179945,0.0001040891643179945,9.99990000099999e-06,9.99990000099999e-06
8400,955,955,955.0,1045.0,8400,0.0001044890808910469,0.0001044890808910469,9.99990000099999e-06,9.99990000099999e-06
8500,954,954,954.0,1046.0,8500,0.00010458905998432565,0.00010458905998432565,9.99990000099999e-06,9.99990000099999e-06
8600,959,959,959.0,1041.0,8600,0.0001040891643179945,0.0001040891643179945,9.99990000099999e-06,9.99990000099999e-06
8700,963,963,963.0,1037.0,8700,0.00010368924742504205,0.00010368924742504205,9.99990000099999e-06,9.99990000099999e-06
8800,961,961,961.0,1039.0,8800,0.00010388920591150579,0.00010388920591150579,9.99990000099999e-06,9.99990000099999e-06
8900,954,954,954.0,1046.0,8900,0.00010458905998432565,0.00010458905998432565,9.99990000099999e-06,9.99990000099999e-06
9000,955,955,955.0,1045.0,9000,0.0001044890808910469,0.0001044890808910469,9.99990000099999e-06,9.99990000099999e-06
9100,952,952,953.0,1048.0,9100,0.00010478901811090198,0.00010478901811090198,9.99990000099999e-06,9.99990000099999e-06
9200,953,953,953.0,1047.0,9200,0.00010468903905761067,0.00010468903905761067,9.99990000099999e-06,9.99990000099999e-06
9300,950,950,950.0,1050.0,9300,0.00010498897615750347,0.00010498897615750347,9.99990000099999e-06,9.99990000099999e-06
9400,947,948,947.0,1053.0,9400,0.00010528891307745295,0.00010518893412413015,9.99990000099999e-06,9.99990000099999e-06
9500,951,951,951.0,1049.0,9500,0.00010488899714419958,0.00010488899714419958,9.99990000099999e-06,9.99990000099999e-06
9600,946,946,946.0,1054.0,9600,0.00010538889201078208,0.00010538889201078208,9.99990000099999e-06,9.99990000099999e-06
9700,943,943,943.0,1057.0,9700,0.00010568882869080739,0.00010568882869080739,9.99990000099999e-06,9.99990000099999e-06
9800,945,945,945.0,1055.0,9800,0.0001054888709241175,0.0001054888709241175,9.99990000099999e-06,9.99990000099999e-06
9900,948,948,948.0,1052.0,9900,0.00010518893412413015,0.00010518893412413015,9.99990000099999e-06,9.99990000099999e-06
10000,944,944,944.0,1056.0,10000,0.00010558884981745929,0.00010558884981745929,9.99990000099999e-06,9.99990000099999e-06
10100,945,945,945.0,1055.0,10100,0.0001054888709241175,0.0001054888709241175,9.99990000099999e-06,9.99990000099999e-06
10200,946,946,946.0,1054.0,10200,0.00010538889201078208,0.00010538889201078208,9.99990000099999e-06,9.99990000099999e-06
10300,945,945,945.0,1055.0,10300,0.0001054888709241175,0.0001054888709241175,9.99990000099999e-06,9.99990000099999e-06
10400,949,949,949.0,1051.0,10400,0.00010508895515081363,0.00010508895515081363,9.99990000099999e-06,9.99990000099999e-06
10500,949,949,949.0,1051.0,10500,0.00010508895515081363,0.00010508895515081363,9.99990000099999e-06,9.99990000099999e-06
10600,949,949,948.0,1051.0,10600,0.00010508895515081363,0.00010508895515081363,9.99990000099999e-06,9.99990000099999e-06
10700,954,954,954.0,1046.0,10700,0.00010458905998432565,0.00010458905998432565,9.99990000099999e-06,9.99990000099999e-06
10800,950,950,950.0,1050.0,10800,0.00010498897615750347,0.00010498897615750347,9.99990000099999e-06,9.99990000099999e-06
10900,943,943,943.0,1057.0,10900,0.00010568882869080739,0.00010568882869080739,9.99990000099999e-06,9.99990000099999e-06
11000,938,938,938.0,1062.0,11000,0.00010618872275764314,0.00010618872275764314,9.99990000099999e-06,9.99990000099999e-06
11100,948,948,948.0,1052.0,11100,0.00010518893412413015,0.00010518893412413015,9.99990000099999e-06,9.99990000099999e-06
11200,952,952,952.0,1048.0,11200,0.00010478901811090198,0.00010478901811090198,9.99990000099999e-06,9.99990000099999e-06
11300,954,954,954.0,1046.0,11300,0.00010458905998432565,0.00010458905998432565,9.99990000099999e-06,9.99990000099999e-06
11400,957,957,957.0,1043.0,11400,0.00010428912264450817,0.00010428912264450817,9.99990000099999e-06,9.99990000099999e-06
11500,954,954,954.0,1046.0,11500,0.00010458905998432565,0.00010458905998432565,9.99990000099999e-06,9.99990000099999e-06
11600,957,957,957.0,1043.0,11600,0.00010428912264450817,0.00010428912264450817,9.99990000099999e-06,9.99990000099999e-06
11700,952,952,952.0,1048.0,11700,0.00010478901811090198,0.00010478901811090198,9.99990000099999e-06,9.99990000099999e-06
11800,952,952,952.0,1048.0,11800,0.00010478901811090198,0.00010478901811090198,9.99990000099999e-06,9.99990000099999e-06
11900,959,959,959.0,1041.0,11900,0.0001040891643179945,0.0001040891643179945,9.99990000099999e-06,9.99990000099999e-06
12000,955,955,955.0,1045.0,12000,0.0001044890808910469,0.0001044890808910469,9.99990000099999e-06,9.99990000099999e-06
12100,947,947,947.0,1053.0,12100,0.00010528891307745295,0.00010528891307745295,9.99990000099999e-06,9.99990000099999e-06
12200,947,947,947.0,1053.0,12200,0.00010528891307745295,0.00010528891307745295,9.99990000099999e-06,9.99990000099999e-06
12300,950,950,950.0,1050.0,12300,0.00010498897615750347,0.00010498897615750347,9.99990000099999e-06,9.99990000099999e-06
12400,953,953,953.0,1047.0,12400,0.00010468903905761067,0.00010468903905761067,9.99990000099999e-06,9.99990000099999e-06
12500,949,949,949.0,1051.0,12500,0.00010508895515081363,0.00010508895515081363,9.99990000099999e-06,9.99990000099999e-06
12600,958,958,958.0,1042.0,12600,0.00010418914349124821,0.00010418914349124821,9.99990000099999e-06,9.99990000099999e-06
12700,959,959,959.0,1041.0,12700,0.0001040891643179945,0.0001040891643179945,9.99990000099999e-06,9.99990000099999e-06
12800,959,961,959.0,1041.0,12800,0.0001040891643179945,0.00010388920591150579,9.99990000099999e-06,9.99990000099999e-06
12900,959,959,959.0,1041.0,12900,0.0001040891643179945,0.0001040891643179945,9.99990000099999e-06,9.99990000099999e-06
13000,960,960,960.0,1040.0,13000,0.00010398918512474702,0.00010398918512474702,9.99990000099999e-06,9.99990000099999e-06
13100,956,956,956.0,1044.0,13100,0.0001043891017777744,0.0001043891017777744,9.99990000099999e-06,9.99990000099999e-06
13200,954,954,954.0,1046.0,13200,0.00010458905998432565,0.00010458905998432565,9.99990000099999e-06,9.99990000099999e-06
13300,961,961,961.0,1039.0,13300,0.00010388920591150579,0.00010388920591150579,9.99990000099999e-06,9.99990000099999e-06
13400,969,969,969.0,1031.0,13400,0.0001030893714857998,0.0001030893714857998,9.99990000099999e-06,9.99990000099999e-06
13500,965,965,965.0,1035.0,13500,0.00010348928885860313,0.00010348928885860313,9.99990000099999e-06,9.99990000099999e-06
13600,976,976,976.0,1024.0,13600,0.00010238951531363188,0.00010238951531363188,9.99990000099999e-06,9.99990000099999e-06
13700,975,975,975.0,1025.0,13700,0.00010248949482678026,0.00010248949482678026,9.99990000099999e-06,9.99990000099999e-06
13800,980,980,980.0,1020.0,13800,0.00010198959706109978,0.00010198959706109978,9.99990000099999e-06,9.99990000099999e-06
13900,982,982,982.0,1018.0,13900,0.00010178963781487044,0.00010178963781487044,9.99990000099999e-06,9.99990000099999e-06
14000,979,979,979.0,1021.0,14000,0.0001020895766542236,0.0001020895766542236,9.99990000099999e-06,9.99990000099999e-06
14100,983,983,983.0,1017.0,14100,0.00010168965816176495,0.00010168965816176495,9.99990000099999e-06,9.99990000099999e-06
14200,983,983,983.0,1017.0,14200,0.00010168965816176495,0.00010168965816176495,9.99990000099999e-06,9.99990000099999e-06
14300,983,983,983.0,1017.0,14300,0.00010168965816176495,0.00010168965816176495,9.99990000099999e-06,9.99990000099999e-06
14400,972,973,973.0,1027.0,14400,0.00010278943324626227,0.00010268945379309543,9.99990000099999e-06,9.99990000099999e-06
14500,979,979,979.0,1021.0,14500,0.0001020895766542236,0.0001020895766542236,9.99990000099999e-06,9.99990000099999e-06
14600,981,981,981.0,1019.0,14600,0.00010188961744798205,0.00010188961744798205,9.99990000099999e-06,9.99990000099999e-06
14700,983,984,983.0,1017.0,14700,0.00010168965816176495,0.00010158967848866555,9.99990000099999e-06,9.99990000099999e-06
14800,979,979,979.0,1021.0,14800,0.0001020895766542236,0.0001020895766542236,9.99990000099999e-06,9.99990000099999e-06
14900,973,973,973.0,1027.0,14900,0.00010268945379309543,0.00010268945379309543,9.99990000099999e-06,9.99990000099999e-06
15000,975,975,975.0,1025.0,15000,0.00010248949482678026,0.00010248949482678026,9.99990000099999e-06,9.99990000099999e-06
15100,969,970,970.0,1030.0,15100,0.0001030893714857998,0.00010298939209261448,9.99990000099999e-06,9.99990000099999e-06
15200,974,974,974.0,1026.0,15200,0.00010258947431993479,0.00010258947431993479,9.99990000099999e-06,9.99990000099999e-06
15300,978,978,978.0,1022.0,15300,0.00010218955622735357,0.00010218955622735357,9.99990000099999e-06,9.99990000099999e-06
15400,974,974,974.0,1026.0,15400,0.00010258947431993479,0.00010258947431993479,9.99990000099999e-06,9.99990000099999e-06
15500,975,975,975.0,1025.0,15500,0.00010248949482678026,0.00010248949482678026,9.99990000099999e-06,9.99990000099999e-06
15600,973,973,973.0,1027.0,15600,0.00010268945379309543,0.00010268945379309543,9.99990000099999e-06,9.99990000099999e-06
15700,977,977,977.0,1023.0,15700,0.00010228953578048966,0.00010228953578048966,9.99990000099999e-06,9.99990000099999e-06
15800,973,973,973.0,1027.0,15800,0.00010268945379309543,0.00010268945379309543,9.99990000099999e-06,9.99990000099999e-06
15900,973,973,973.0,1027.0,15900,0.00010268945379309543,0.00010268945379309543,9.99990000099999e-06,9.99990000099999e-06
16000,979,979,979.0,1021.0,16000,0.0001020895766542236,0.0001020895766542236,9.99990000099999e-06,9.99990000099999e-06
16100,977,977,977.0,1023.0,16100,0.00010228953578048966,0.00010228953578048966,9.99990000099999e-06,9.99990000099999e-06
16200,979,979,979.0,1021.0,16200,0.0001020895766542236,0.0001020895766542236,9.99990000099999e-06,9.99990000099999e-06
16300,982,982,982.0,1018.0,16300,0.00010178963781487044,0.00010178963781487044,9.99990000099999e-06,9.99990000099999e-06
16400,980,980,980.0,1020.0,16400,0.00010198959706109978,0.00010198959706109978,9.99990000099999e-06,9.99990000099999e-06
16500,985,985,985.0,1015.0,16500,0.00010148969879557225,0.00010148969879557225,9.99990000099999e-06,9.99990000099999e-06
16600,989,989,989.0,1011.0,16600,0.00010108977982325986,0.00010108977982325986,9.99990000099999e-06,9.99990000099999e-06
16700,982,982,982.0,1018.0,16700,0.00010178963781487044,0.00010178963781487044,9.99990000099999e-06,9.99990000099999e-06
16800,978,978,978.0,1022.0,16800,0.00010218955622735357,0.00010218955622735357,9.99990000099999e-06,9.99990000099999e-06
16900,978,978,978.0,1022.0,16900,0.00010218955622735357,0.00010218955622735357,9.99990000099999e-06,9.99990000099999e-06
17000,985,985,985.0,1015.0,17000,0.00010148969879557225,0.00010148969879557225,9.99990000099999e-06,9.99990000099999e-06
17100,986,986,986.0,1014.0,17100,0.00010138971908248506,0.00010138971908248506,9.99990000099999e-06,9.99990000099999e-06
17200,987,987,987.0,1013.0,17200,0.00010128973934940391,0.00010128973934940391,9.99990000099999e-06,9.99990000099999e-06
17300,985,985,985.0,1015.0,17300,0.00010148969879557225,0.00010148969879557225,9.99990000099999e-06,9.99990000099999e-06
17400,985,985,985.0,1015.0,17400,0.00010148969879557225,0.00010148969879557225,9.99990000099999e-06,9.99990000099999e-06
17500,985,985,985.0,1015.0,17500,0.00010148969879557225,0.00010148969879557225,9.99990000099999e-06,9.99990000099999e-06
17600,990,990,990.0,1010.0,17600,0.00010098980003019696,0.00010098980003019696,9.99990000099999e-06,9.99990000099999e-06
17700,996,996,1004.0,996.0,17700,0.00010038992085194648,0.00010038992085194648,9.99990000099999e-06,9.99990000099999e-06
17800,998,998,1003.0,998.0,17800,0.0001001899609659112,0.0001001899609659112,9.99990000099999e-06,9.99990000099999e-06
17900,997,997,997.0,1003.0,17900,0.00010028994091892584,0.00010028994091892584,9.99990000099999e-06,9.99990000099999e-06
18000,995,995,995.0,1005.0,18000,0.00010048990076497312,0.00010048990076497312,9.99990000099999e-06,9.99990000099999e-06
18100,994,994,994.0,1006.0,18100,0.00010058988065800582,0.00010058988065800582,9.99990000099999e-06,9.99990000099999e-06
18200,996,996,996.0,1004.0,18200,0.00010038992085194648,0.00010038992085194648,9.99990000099999e-06,9.99990000099999e-06
18300,988,988,988.0,1012.0,18300,0.00010118975959632885,0.00010118975959632885,9.99990000099999e-06,9.99990000099999e-06
18400,992,992,992.0,1008.0,18400,0.00010078984038408928,0.00010078984038408928,9.99990000099999e-06,9.99990000099999e-06
18500,994,994,994.0,1006.0,18500,0.00010058988065800582,0.00010058988065800582,9.99990000099999e-06,9.99990000099999e-06
18600,996,997,997.0,1003.0,18600,0.00010038992085194648,0.00010028994091892584,9.99990000099999e-06,9.99990000099999e-06
18700,996,996,996.0,1004.0,18700,0.00010038992085194648,0.00010038992085194648,9.99990000099999e-06,9.99990000099999e-06
18800,999,999,1001.0,999.0,18800,0.0001000899809929026,0.0001000899809929026,9.99990000099999e-06,9.99990000099999e-06
18900,992,992,1008.0,992.0,18900,0.00010078984038408928,0.00010078984038408928,9.99990000099999e-06,9.99990000099999e-06
19000,996,995,1004.0,996.0,19000,0.00010038992085194648,0.00010048990076497312,9.99990000099999e-06,9.99990000099999e-06
19100,1000,1000,1000.0,1000.0,19100,9.999000099990002e-05,9.999000099990002e-05,9.99990000099999e-06,9.99990000099999e-06
19200,994,993,1007.0,994.0,19200,0.00010058988065800582,0.00010068986053104453,9.99990000099999e-06,9.99990000099999e-06
19300,993,993,1007.0,993.0,19300,0.00010068986053104453,0.00010068986053104453,9.99990000099999e-06,9.99990000099999e-06
19400,995,995,1005.0,995.0,19400,0.00010048990076497312,0.00010048990076497312,9.99990000099999e-06,9.99990000099999e-06
19500,993,993,1007.0,993.0,19500,0.00010068986053104453,0.00010068986053104453,9.99990000099999e-06,9.99990000099999e-06
19600,998,998,1002.0,998.0,19600,0.0001001899609659112,0.0001001899609659112,9.99990000099999e-06,9.99990000099999e-06
19700,997,997,1003.0,997.0,19700,0.00010028994091892584,0.00010028994091892584,9.99990000099999e-06,9.99990000099999e-06
19800,997,997,997.0,1003.0,19800,0.00010028994091892584,0.00010028994091892584,9.99990000099999e-06,9.99990000099999e-06
19900,994,994,994.0,1006.0,19900,0.00010058988065800582,0.00010058988065800582,9.99990000099999e-06,9.99990000099999e-06
20000,996,996,996.0,1004.0,20000,0.00010038992085194648,0.00010038992085194648,9.99990000099999e-06,9.99990000099999e-06
20100,999,999,999.0,1001.0,20100,0.0001000899809929026,0.0001000899809929026,9.99990000099999e-06,9.99990000099999e-06
20200,997,997,1003.0,997.0,20200,0.00010028994091892584,0.00010028994091892584,9.99990000099999e-06,9.99990000099999e-06
20300,991,991,991.0,1009.0,20300,0.00010088982021714009,0.00010088982021714009,9.99990000099999e-06,9.99990000099999e-06
20400,990,990,990.0,1010.0,20400,0.00010098980003019696,0.00010098980003019696,9.99990000099999e-06,9.99990000099999e-06
20500,988,988,988.0,1012.0,20500,0.00010118975959632885,0.00010118975959632885,9.99990000099999e-06,9.99990000099999e-06
20600,994,994,994.0,1006.0,20600,0.00010058988065800582,0.00010058988065800582,9.99990000099999e-06,9.99990000099999e-06
20700,987,987,987.0,1013.0,20700,0.00010128973934940391,0.00010128973934940391,9.99990000099999e-06,9.99990000099999e-06
20800,989,989,989.0,1011.0,20800,0.00010108977982325986,0.00010108977982325986,9.99990000099999e-06,9.99990000099999e-06
20900,992,992,992.0,1008.0,20900,0.00010078984038408928,0.00010078984038408928,9.99990000099999e-06,9.99990000099999e-06
21000,981,981,981.0,1019.0,21000,0.00010188961744798205,0.00010188961744798205,9.99990000099999e-06,9.99990000099999e-06
21100,979,979,979.0,1021.0,21100,0.0001020895766542236,0.0001020895766542236,9.99990000099999e-06,9.99990000099999e-06
21200,978,979,979.0,1021.0,21200,0.00010218955622735357,0.0001020895766542236,9.99990000099999e-06,9.99990000099999e-06
21300,980,980,980.0,1020.0,21300,0.00010198959706109978,0.00010198959706109978,9.99990000099999e-06,9.99990000099999e-06
21400,985,986,985.0,1014.0,21400,0.00010148969879557225,0.00010138971908248506,9.99990000099999e-06,9.99990000099999e-06
21500,988,988,987.0,1012.0,21500,0.00010118975959632885,0.00010118975959632885,9.99990000099999e-06,9.99990000099999e-06
21600,988,988,988.0,1012.0,21600,0.00010118975959632885,0.00010118975959632885,9.99990000099999e-06,9.99990000099999e-06
21700,991,991,991.0,1007.0,21700,0.00010088982021714009,0.00010088982021714009,9.99990000099999e-06,9.99990000099999e-06
21800,990,990,990.0,1010.0,21800,0.00010098980003019696,0.00010098980003019696,9.99990000099999e-06,9.99990000099999e-06
21900,997,997,997.0,1003.0,21900,0.00010028994091892584,0.00010028994091892584,9.99990000099999e-06,9.99990000099999e-06
22000,994,994,994.0,1006.0,22000,0.00010058988065800582,0.00010058988065800582,9.99990000099999e-06,9.99990000099999e-06
22100,995,995,995.0,1005.0,22100,0.00010048990076497312,0.00010048990076497312,9.99990000099999e-06,9.99990000099999e-06
22200,998,998,998.0,1002.0,22200,0.0001001899609659112,0.0001001899609659112,9.99990000099999e-06,9.99990000099999e-06
22300,994,994,1006.0,994.0,22300,0.00010058988065800582,0.00010058988065800582,9.99990000099999e-06,9.99990000099999e-06
22400,997,997,1003.0,997.0,22400,0.00010028994091892584,0.00010028994091892584,9.99990000099999e-06,9.99990000099999e-06
22500,994,994,1006.0,994.0,22500,0.00010058988065800582,0.00010058988065800582,9.99990000099999e-06,9.99990000099999e-06
22600,995,995,1005.0,995.0,22600,0.00010048990076497312,0.00010048990076497312,9.99990000099999e-06,9.99990000099999e-06
22700,993,993,1007.0,993.0,22700,0.00010068986053104453,0.00010068986053104453,9.99990000099999e-06,9.99990000099999e-06
22800,1000,1000,1000.0,1000.0,22800,9.999000099990002e-05,9.999000099990002e-05,9.99990000099999e-06,9.99990000099999e-06
22900,992,991,1009.0,992.0,22900,0.00010078984038408928,0.00010088982021714009,9.99990000099999e-06,9.99990000099999e-06
23000,988,988,1012.0,988.0,23000,0.00010118975959632885,0.00010118975959632885,9.99990000099999e-06,9.99990000099999e-06
23100,987,987,1013.0,987.0,23100,0.00010128973934940391,0.00010128973934940391,9.99990000099999e-06,9.99990000099999e-06
23200,985,985,1015.0,985.0,23200,0.00010148969879557225,0.00010148969879557225,9.99990000099999e-06,9.99990000099999e-06
23300,981,981,1019.0,981.0,23300,0.00010188961744798205,0.00010188961744798205,9.99990000099999e-06,9.99990000099999e-06
23400,977,977,1023.0,977.0,23400,0.00010228953578048966,0.00010228953578048966,9.99990000099999e-06,9.99990000099999e-06
23500,979,979,1021.0,979.0,23500,0.0001020895766542236,0.0001020895766542236,9.99990000099999e-06,9.99990000099999e-06
23600,976,975,1025.0,976.0,23600,0.00010238951531363188,0.00010248949482678026,9.99990000099999e-06,9.99990000099999e-06
23700,975,975,1025.0,975.0,23700,0.00010248949482678026,0.00010248949482678026,9.99990000099999e-06,9.99990000099999e-06
23800,970,970,1030.0,970.0,23800,0.00010298939209261448,0.00010298939209261448,9.99990000099999e-06,9.99990000099999e-06
23900,975,975,1025.0,975.0,23900,0.00010248949482678026,0.00010248949482678026,9.99990000099999e-06,9.99990000099999e-06
24000,972,972,1028.0,972.0,24000,0.00010278943324626227,0.00010278943324626227,9.99990000099999e-06,9.99990000099999e-06
24100,971,971,1029.0,971.0,24100,0.0001028894126794353,0.0001028894126794353,9.99990000099999e-06,9.99990000099999e-06
24200,967,967,1033.0,967.0,24200,0.00010328933021218909,0.00010328933021218909,9.99990000099999e-06,9.99990000099999e-06
24300,966,966,1034.0,966.0,24300,0.000103389309545393,0.000103389309545393,9.99990000099999e-06,9.99990000099999e-06
24400,962,962,1038.0,962.0,24400,0.0001037892266782708,0.0001037892266782708,9.99990000099999e-06,9.99990000099999e-06
24500,959,959,1041.0,959.0,24500,0.0001040891643179945,0.0001040891643179945,9.99990000099999e-06,9.99990000099999e-06
24600,964,964,1036.0,964.0,24600,0.00010358926815181946,0.00010358926815181946,9.99990000099999e-06,9.99990000099999e-06
24700,964,964,1036.0,964.0,24700,0.00010358926815181946,0.00010358926815181946,9.99990000099999e-06,9.99990000099999e-06
24800,963,963,1037.0,963.0,24800,0.00010368924742504205,0.00010368924742504205,9.99990000099999e-06,9.99990000099999e-06
24900,965,963,1037.0,965.0,24900,0.00010348928885860313,0.00010368924742504205,9.99990000099999e-06,9.99990000099999e-06
25000,959,959,1041.0,959.0,25000,0.0001040891643179945,0.0001040891643179945,9.99990000099999e-06,9.99990000099999e-06
25100,969,969,1031.0,969.0,25100,0.0001030893714857998,0.0001030893714857998,9.99990000099999e-06,9.99990000099999e-06
25200,968,968,1032.0,968.0,25200,0.00010318935085899135,0.00010318935085899135,9.99990000099999e-06,9.99990000099999e-06
25300,978,978,1022.0,978.0,25300,0.00010218955622735357,0.00010218955622735357,9.99990000099999e-06,9.99990000099999e-06
25400,975,975,1025.0,975.0,25400,0.00010248949482678026,0.00010248949482678026,9.99990000099999e-06,9.99990000099999e-06
25500,978,976,1022.0,978.0,25500,0.00010218955622735357,0.00010238951531363188,9.99990000099999e-06,9.99990000099999e-06
25600,978,978,1022.0,978.0,25600,0.00010218955622735357,0.00010218955622735357,9.99990000099999e-06,9.99990000099999e-06
25700,974,974,1026.0,974.0,25700,0.00010258947431993479,0.00010258947431993479,9.99990000099999e-06,9.99990000099999e-06
25800,973,973,1027.0,973.0,25800,0.00010268945379309543,0.00010268945379309543,9.99990000099999e-06,9.99990000099999e-06
25900,969,969,1031.0,969.0,25900,0.0001030893714857998,0.0001030893714857998,9.99990000099999e-06,9.99990000099999e-06
26000,970,970,1030.0,970.0,26000,0.00010298939209261448,0.00010298939209261448,9.99990000099999e-06,9.99990000099999e-06
26100,972,972,1028.0,972.0,26100,0.00010278943324626227,0.00010278943324626227,9.99990000099999e-06,9.99990000099999e-06
26200,972,972,1028.0,972.0,26200,0.00010278943324626227,0.00010278943324626227,9.99990000099999e-06,9.99990000099999e-06
26300,969,969,1031.0,969.0,26300,0.0001030893714857998,0.0001030893714857998,9.99990000099999e-06,9.99990000099999e-06
26400,968,968,1032.0,968.0,26400,0.00010318935085899135,0.00010318935085899135,9.99990000099999e-06,9.99990000099999e-06
26500,965,965,1035.0,965.0,26500,0.00010348928885860313,0.00010348928885860313,9.99990000099999e-06,9.99990000099999e-06
26600,963,963,1037.0,963.0,26600,0.00010368924742504205,0.00010368924742504205,9.99990000099999e-06,9.99990000099999e-06
26700,960,960,1040.0,960.0,26700,0.00010398918512474702,0.00010398918512474702,9.99990000099999e-06,9.99990000099999e-06
26800,959,959,1041.0,959.0,26800,0.0001040891643179945,0.0001040891643179945,9.99990000099999e-06,9.99990000099999e-06
26900,954,954,1046.0,954.0,26900,0.00010458905998432565,0.00010458905998432565,9.99990000099999e-06,9.99990000099999e-06
27000,954,954,1046.0,954.0,27000,0.00010458905998432565,0.00010458905998432565,9.99990000099999e-06,9.99990000099999e-06
27100,954,954,1046.0,954.0,27100,0.00010458905998432565,0.00010458905998432565,9.99990000099999e-06,9.99990000099999e-06
27200,967,967,1033.0,967.0,27200,0.00010328933021218909,0.00010328933021218909,9.99990000099999e-06,9.99990000099999e-06
27300,973,973,1027.0,973.0,27300,0.00010268945379309543,0.00010268945379309543,9.99990000099999e-06,9.99990000099999e-06
27400,964,964,1036.0,964.0,27400,0.00010358926815181946,0.00010358926815181946,9.99990000099999e-06,9.99990000099999e-06
27500,966,966,1034.0,966.0,27500,0.000103389309545393,0.000103389309545393,9.99990000099999e-06,9.99990000099999e-06
27600,966,966,1034.0,966.0,27600,0.000103389309545393,0.000103389309545393,9.99990000099999e-06,9.99990000099999e-06
27700,971,971,1029.0,971.0,27700,0.0001028894126794353,0.0001028894126794353,9.99990000099999e-06,9.99990000099999e-06
27800,977,977,1023.0,977.0,27800,0.00010228953578048966,0.00010228953578048966,9.99990000099999e-06,9.99990000099999e-06
27900,983,983,1017.0,983.0,27900,0.00010168965816176495,0.00010168965816176495,9.99990000099999e-06,9.99990000099999e-06
28000,979,979,1021.0,979.0,28000,0.0001020895766542236,0.0001020895766542236,9.99990000099999e-06,9.99990000099999e-06
28100,981,981,1019.0,981.0,28100,0.00010188961744798205,0.00010188961744798205,9.99990000099999e-06,9.99990000099999e-06
28200,978,978,1022.0,978.0,28200,0.00010218955622735357,0.00010218955622735357,9.99990000099999e-06,9.99990000099999e-06
28300,979,979,1021.0,979.0,28300,0.0001020895766542236,0.0001020895766542236,9.99990000099999e-06,9.99990000099999e-06
28400,978,978,1022.0,978.0,28400,0.00010218955622735357,0.00010218955622735357,9.99990000099999e-06,9.99990000099999e-06
28500,977,977,1023.0,977.0,28500,0.00010228953578048966,0.00010228953578048966,9.99990000099999e-06,9.99990000099999e-06
28600,964,964,1036.0,964.0,28600,0.00010358926815181946,0.00010358926815181946,9.99990000099999e-06,9.99990000099999e-06
28700,963,963,1037.0,963.0,28700,0.00010368924742504205,0.00010368924742504205,9.99990000099999e-06,9.99990000099999e-06
28800,961,961,1039.0,961.0,28800,0.00010388920591150579,0.00010388920591150579,9.99990000099999e-06,9.99990000099999e-06
28900,964,964,1036.0,964.0,28900,0.00010358926815181946,0.00010358926815181946,9.99990000099999e-06,9.99990000099999e-06
29000,962,962,1038.0,962.0,29000,0.0001037892266782708,0.0001037892266782708,9.99990000099999e-06,9.99990000099999e-06
29100,960,960,1040.0,960.0,29100,0.00010398918512474702,0.00010398918512474702,9.99990000099999e-06,9.99990000099999e-06
29200,956,956,1044.0,956.0,29200,0.0001043891017777744,0.0001043891017777744,9.99990000099999e-06,9.99990000099999e-06
29300,952,952,1048.0,952.0,29300,0.00010478901811090198,0.00010478901811090198,9.99990000099999e-06,9.99990000099999e-06
29400,952,952,1048.0,952.0,29400,0.00010478901811090198,0.00010478901811090198,9.99990000099999e-06,9.99990000099999e-06
29500,956,956,1044.0,956.0,29500,0.0001043891017777744,0.0001043891017777744,9.99990000099999e-06,9.99990000099999e-06
29600,961,961,1039.0,961.0,29600,0.00010388920591150579,0.00010388920591150579,9.99990000099999e-06,9.99990000099999e-06
29700,958,958,1042.0,958.0,29700,0.00010418914349124821,0.00010418914349124821,9.99990000099999e-06,9.99990000099999e-06
29800,950,950,1050.0,950.0,29800,0.00010498897615750347,0.00010498897615750347,9.99990000099999e-06,9.99990000099999e-06
29900,951,951,1049.0,951.0,29900,0.00010488899714419958,0.00010488899714419958,9.99990000099999e-06,9.99990000099999e-06
30000,948,948,1052.0,948.0,30000,0.00010518893412413015,0.00010518893412413015,9.99990000099999e-06,9.99990000099999e-06
30100,946,945,1054.0,945.0,30100,0.00010538889201078208,0.0001054888709241175,9.99990000099999e-06,9.99990000099999e-06
30200,944,944,1056.0,944.0,30200,0.00010558884981745929,0.00010558884981745929,9.99990000099999e-06,9.99990000099999e-06
30300,936,936,1064.0,936.0,30300,0.00010638868024442201,0.00010638868024442201,9.99990000099999e-06,9.99990000099999e-06
30400,934,934,1067.0,933.0,30400,0.00010658863765122638,0.00010658863765122638,9.99990000099999e-06,9.99990000099999e-06
30500,940,940,1060.0,941.0,30500,0.00010598876519088978,0.00010598876519088978,9.99990000099999e-06,9.99990000099999e-06
30600,936,936,1064.0,936.0,30600,0.00010638868024442201,0.00010638868024442201,9.99990000099999e-06,9.99990000099999e-06
30700,937,937,1063.0,937.0,30700,0.0001062887015110294,0.0001062887015110294,9.99990000099999e-06,9.99990000099999e-06
30800,937,937,1063.0,937.0,30800,0.0001062887015110294,0.0001062887015110294,9.99990000099999e-06,9.99990000099999e-06
30900,945,945,1055.0,945.0,30900,0.0001054888709241175,0.0001054888709241175,9.99990000099999e-06,9.99990000099999e-06
31000,941,941,1059.0,941.0,31000,0.00010588878637752262,0.00010588878637752262,9.99990000099999e-06,9.99990000099999e-06
31100,945,945,1055.0,945.0,31100,0.0001054888709241175,0.0001054888709241175,9.99990000099999e-06,9.99990000099999e-06
31200,939,939,1061.0,939.0,31200,0.00010608874398426327,0.00010608874398426327,9.99990000099999e-06,9.99990000099999e-06
31300,941,941,1059.0,941.0,31300,0.00010588878637752262,0.00010588878637752262,9.99990000099999e-06,9.99990000099999e-06
31400,936,936,1064.0,936.0,31400,0.00010638868024442201,0.00010638868024442201,9.99990000099999e-06,9.99990000099999e-06
31500,928,928,1072.0,929.0,31500,0.00010718850939179321,0.00010718850939179321,9.99990000099999e-06,9.99990000099999e-06
31600,932,932,1068.0,932.0,31600,0.00010678859497805635,0.00010678859497805635,9.99990000099999e-06,9.99990000099999e-06
31700,931,930,1070.0,930.0,31700,0.00010688857361148093,0.00010698855222491194,9.99990000099999e-06,9.99990000099999e-06
31800,927,927,1073.0,927.0,31800,0.00010728848794524348,0.00010728848794524348,9.99990000099999e-06,9.99990000099999e-06
31900,924,924,1076.0,924.0,31900,0.00010758842348563294,0.00010758842348563294,9.99990000099999e-06,9.99990000099999e-06
32000,926,925,1074.0,925.0,32000,0.00010738846647870019,0.00010748844499216334,9.99990000099999e-06,9.99990000099999e-06
32100,918,918,1083.0,917.0,32100,0.00010818829402658634,0.00010818829402658634,9.99990000099999e-06,9.99990000099999e-06
32200,919,919,1081.0,919.0,32200,0.0001080883156530779,0.0001080883156530779,9.99990000099999e-06,9.99990000099999e-06
32300,917,917,1083.0,917.0,32300,0.00010828827238010124,0.00010828827238010124,9.99990000099999e-06,9.99990000099999e-06
32400,928,928,1072.0,928.0,32400,0.00010718850939179321,0.00010718850939179321,9.99990000099999e-06,9.99990000099999e-06
32500,926,925,1075.0,926.0,32500,0.00010738846647870019,0.00010748844499216334,9.99990000099999e-06,9.99990000099999e-06
32600,928,928,1072.0,928.0,32600,0.00010718850939179321,0.00010718850939179321,9.99990000099999e-06,9.99990000099999e-06
32700,925,925,1075.0,925.0,32700,0.00010748844499216334,0.00010748844499216334,9.99990000099999e-06,9.99990000099999e-06
32800,929,929,1071.0,929.0,32800,0.00010708853081834937,0.00010708853081834937,9.99990000099999e-06,9.99990000099999e-06
32900,937,937,1063.0,937.0,32900,0.0001062887015110294,0.0001062887015110294,9.99990000099999e-06,9.99990000099999e-06
33000,930,930,1070.0,930.0,33000,0.00010698855222491194,0.00010698855222491194,9.99990000099999e-06,9.99990000099999e-06
33100,931,931,1069.0,931.0,33100,0.00010688857361148093,0.00010688857361148093,9.99990000099999e-06,9.99990000099999e-06
33200,937,937,1063.0,937.0,33200,0.0001062887015110294,0.0001062887015110294,9.99990000099999e-06,9.99990000099999e-06
33300,935,935,1065.0,935.0,33300,0.000106488658957821,0.000106488658957821,9.99990000099999e-06,9.99990000099999e-06
33400,938,939,1061.0,939.0,33400,0.00010618872275764314,0.00010608874398426327,9.99990000099999e-06,9.99990000099999e-06
33500,947,947,1053.0,947.0,33500,0.00010528891307745295,0.00010528891307745295,9.99990000099999e-06,9.99990000099999e-06
33600,945,945,1055.0,945.0,33600,0.0001054888709241175,0.0001054888709241175,9.99990000099999e-06,9.99990000099999e-06
33700,946,946,1054.0,946.0,33700,0.00010538889201078208,0.00010538889201078208,9.99990000099999e-06,9.99990000099999e-06
33800,950,950,1050.0,950.0,33800,0.00010498897615750347,0.00010498897615750347,9.99990000099999e-06,9.99990000099999e-06
33900,946,946,1054.0,946.0,33900,0.00010538889201078208,0.00010538889201078208,9.99990000099999e-06,9.99990000099999e-06
34000,947,947,1053.0,947.0,34000,0.00010528891307745295,0.00010528891307745295,9.99990000099999e-06,9.99990000099999e-06
34100,947,947,1053.0,947.0,34100,0.00010528891307745295,0.00010528891307745295,9.99990000099999e-06,9.99990000099999e-06
34200,949,949,1051.0,949.0,34200,0.00010508895515081363,0.00010508895515081363,9.99990000099999e-06,9.99990000099999e-06
34300,945,945,1055.0,945.0,34300,0.0001054888709241175,0.0001054888709241175,9.99990000099999e-06,9.99990000099999e-06
34400,943,943,1057.0,943.0,34400,0.00010568882869080739,0.00010568882869080739,9.99990000099999e-06,9.99990000099999e-06
34500,946,946,1054.0,946.0,34500,0.00010538889201078208,0.00010538889201078208,9.99990000099999e-06,9.99990000099999e-06
34600,941,941,1059.0,941.0,34600,0.00010588878637752262,0.00010588878637752262,9.99990000099999e-06,9.99990000099999e-06
34700,945,945,1055.0,945.0,34700,0.0001054888709241175,0.0001054888709241175,9.99990000099999e-06,9.99990000099999e-06
34800,953,953,1047.0,953.0,34800,0.00010468903905761067,0.00010468903905761067,9.99990000099999e-06,9.99990000099999e-06
34900,942,942,1058.0,942.0,34900,0.00010578880754416181,0.00010578880754416181,9.99990000099999e-06,9.99990000099999e-06
35000,941,941,1059.0,941.0,35000,0.00010588878637752262,0.00010588878637752262,9.99990000099999e-06,9.99990000099999e-06
35100,941,941,1059.0,941.0,35100,0.00010588878637752262,0.00010588878637752262,9.99990000099999e-06,9.99990000099999e-06
35200,944,944,1056.0,944.0,35200,0.00010558884981745929,0.00010558884981745929,9.99990000099999e-06,9.99990000099999e-06
35300,948,947,1053.0,947.0,35300,0.00010518893412413015,0.00010528891307745295,9.99990000099999e-06,9.99990000099999e-06
35400,941,941,1059.0,941.0,35400,0.00010588878637752262,0.00010588878637752262,9.99990000099999e-06,9.99990000099999e-06
35500,948,948,1052.0,948.0,35500,0.00010518893412413015,0.00010518893412413015,9.99990000099999e-06,9.99990000099999e-06
35600,944,944,1057.0,944.0,35600,0.00010558884981745929,0.00010558884981745929,9.99990000099999e-06,9.99990000099999e-06
35700,939,939,1061.0,938.0,35700,0.00010608874398426327,0.00010608874398426327,9.99990000099999e-06,9.99990000099999e-06
35800,940,940,1060.0,940.0,35800,0.00010598876519088978,0.00010598876519088978,9.99990000099999e-06,9.99990000099999e-06
35900,939,939,1061.0,939.0,35900,0.00010608874398426327,0.00010608874398426327,9.99990000099999e-06,9.99990000099999e-06
36000,940,940,1060.0,940.0,36000,0.00010598876519088978,0.00010598876519088978,9.99990000099999e-06,9.99990000099999e-06
36100,939,939,1061.0,939.0,36100,0.00010608874398426327,0.00010608874398426327,9.99990000099999e-06,9.99990000099999e-06
36200,945,945,1055.0,945.0,36200,0.0001054888709241175,0.0001054888709241175,9.99990000099999e-06,9.99990000099999e-06
36300,945,945,1055.0,945.0,36300,0.0001054888709241175,0.0001054888709241175,9.99990000099999e-06,9.99990000099999e-06
36400,948,947,1052.0,948.0,36400,0.00010518893412413015,0.00010528891307745295,9.99990000099999e-06,9.99990000099999e-06
36500,945,945,1055.0,945.0,36500,0.0001054888709241175,0.0001054888709241175,9.99990000099999e-06,9.99990000099999e-06
36600,943,943,1057.0,943.0,36600,0.00010568882869080739,0.00010568882869080739,9.99990000099999e-06,9.99990000099999e-06
36700,949,949,1052.0,949.0,36700,0.00010508895515081363,0.00010508895515081363,9.99990000099999e-06,9.99990000099999e-06
36800,945,945,1055.0,945.0,36800,0.0001054888709241175,0.0001054888709241175,9.99990000099999e-06,9.99990000099999e-06
36900,945,944,1056.0,944.0,36900,0.0001054888709241175,0.00010558884981745929,9.99990000099999e-06,9.99990000099999e-06
37000,940,940,1060.0,940.0,37000,0.00010598876519088978,0.00010598876519088978,9.99990000099999e-06,9.99990000099999e-06
37100,933,933,1067.0,933.0,37100,0.00010668861632463818,0.00010668861632463818,9.99990000099999e-06,9.99990000099999e-06
37200,934,934,1066.0,934.0,37200,0.00010658863765122638,0.00010658863765122638,9.99990000099999e-06,9.99990000099999e-06
37300,938,938,1062.0,938.0,37300,0.00010618872275764314,0.00010618872275764314,9.99990000099999e-06,9.99990000099999e-06
37400,938,938,1062.0,938.0,37400,0.00010618872275764314,0.00010618872275764314,9.99990000099999e-06,9.99990000099999e-06
37500,940,940,1060.0,940.0,37500,0.00010598876519088978,0.00010598876519088978,9.99990000099999e-06,9.99990000099999e-06
37600,938,938,1062.0,938.0,37600,0.00010618872275764314,0.00010618872275764314,9.99990000099999e-06,9.99990000099999e-06
37700,942,942,1058.0,942.0,37700,0.00010578880754416181,0.00010578880754416181,9.99990000099999e-06,9.99990000099999e-06
37800,937,937,1063.0,937.0,37800,0.0001062887015110294,0.0001062887015110294,9.99990000099999e-06,9.99990000099999e-06
37900,935,935,1065.0,935.0,37900,0.000106488658957821,0.000106488658957821,9.99990000099999e-06,9.99990000099999e-06
38000,946,946,1054.0,946.0,38000,0.00010538889201078208,0.00010538889201078208,9.99990000099999e-06,9.99990000099999e-06
38100,948,948,1052.0,948.0,38100,0.00010518893412413015,0.00010518893412413015,9.99990000099999e-06,9.99990000099999e-06
38200,950,949,1050.0,950.0,38200,0.00010498897615750347,0.00010508895515081363,9.99990000099999e-06,9.99990000099999e-06
38300,949,949,1051.0,949.0,38300,0.00010508895515081363,0.00010508895515081363,9.99990000099999e-06,9.99990000099999e-06
38400,950,950,1050.0,950.0,38400,0.00010498897615750347,0.00010498897615750347,9.99990000099999e-06,9.99990000099999e-06
38500,952,952,1048.0,952.0,38500,0.00010478901811090198,0.00010478901811090198,9.99990000099999e-06,9.99990000099999e-06
38600,950,950,1050.0,950.0,38600,0.00010498897615750347,0.00010498897615750347,9.99990000099999e-06,9.99990000099999e-06
38700,946,946,1054.0,946.0,38700,0.00010538889201078208,0.00010538889201078208,9.99990000099999e-06,9.99990000099999e-06
38800,952,952,1048.0,952.0,38800,0.00010478901811090198,0.00010478901811090198,9.99990000099999e-06,9.99990000099999e-06
38900,943,943,1057.0,943.0,38900,0.00010568882869080739,0.00010568882869080739,9.99990000099999e-06,9.99990000099999e-06
39000,945,945,1055.0,945.0,39000,0.0001054888709241175,0.0001054888709241175,9.99990000099999e-06,9.99990000099999e-06
39100,950,950,1050.0,950.0,39100,0.00010498897615750347,0.00010498897615750347,9.99990000099999e-06,9.99990000099999e-06
39200,955,955,1045.0,955.0,39200,0.0001044890808910469,0.0001044890808910469,9.99990000099999e-06,9.99990000099999e-06
39300,956,956,1044.0,956.0,39300,0.0001043891017777744,0.0001043891017777744,9.99990000099999e-06,9.99990000099999e-06
39400,954,954,1046.0,954.0,39400,0.00010458905998432565,0.00010458905998432565,9.99990000099999e-06,9.99990000099999e-06
39500,954,954,1046.0,954.0,39500,0.00010458905998432565,0.00010458905998432565,9.99990000099999e-06,9.99990000099999e-06
39600,950,950,1050.0,950.0,39600,0.00010498897615750347,0.00010498897615750347,9.99990000099999e-06,9.99990000099999e-06
39700,940,939,1060.0,939.0,39700,0.00010598876519088978,0.00010608874398426327,9.99990000099999e-06,9.99990000099999e-06
39800,938,938,1062.0,938.0,39800,0.00010618872275764314,0.00010618872275764314,9.99990000099999e-06,9.99990000099999e-06
39900,936,936,1065.0,936.0,39900,0.00010638868024442201,0.00010638868024442201,9.99990000099999e-06,9.99990000099999e-06
40000,937,937,1063.0,937.0,40000,0.0001062887015110294,0.0001062887015110294,9.99990000099999e-06,9.99990000099999e-06
40100,934,932,1066.0,932.0,40100,0.00010658863765122638,0.00010678859497805635,9.99990000099999e-06,9.99990000099999e-06
40200,931,931,1069.0,931.0,40200,0.00010688857361148093,0.00010688857361148093,9.99990000099999e-06,9.99990000099999e-06
40300,930,930,1070.0,930.0,40300,0.00010698855222491194,0.00010698855222491194,9.99990000099999e-06,9.99990000099999e-06
40400,934,934,1066.0,934.0,40400,0.00010658863765122638,0.00010658863765122638,9.99990000099999e-06,9.99990000099999e-06
40500,929,929,1071.0,929.0,40500,0.00010708853081834937,0.00010708853081834937,9.99990000099999e-06,9.99990000099999e-06
40600,936,936,1064.0,936.0,40600,0.00010638868024442201,0.00010638868024442201,9.99990000099999e-06,9.99990000099999e-06
40700,932,932,1068.0,932.0,40700,0.00010678859497805635,0.00010678859497805635,9.99990000099999e-06,9.99990000099999e-06
40800,929,929,1071.0,929.0,40800,0.00010708853081834937,0.00010708853081834937,9.99990000099999e-06,9.99990000099999e-06
40900,929,929,1071.0,929.0,40900,0.00010708853081834937,0.00010708853081834937,9.99990000099999e-06,9.99990000099999e-06
41000,929,928,1072.0,929.0,41000,0.00010708853081834937,0.00010718850939179321,9.99990000099999e-06,9.99990000099999e-06
41100,937,937,1063.0,937.0,41100,0.0001062887015110294,0.0001062887015110294,9.99990000099999e-06,9.99990000099999e-06
41200,937,936,1063.0,937.0,41200,0.0001062887015110294,0.00010638868024442201,9.99990000099999e-06,9.99990000099999e-06
41300,937,937,1063.0,937.0,41300,0.0001062887015110294,0.0001062887015110294,9.99990000099999e-06,9.99990000099999e-06
41400,937,937,1064.0,936.0,41400,0.0001062887015110294,0.0001062887015110294,9.99990000099999e-06,9.99990000099999e-06
41500,938,938,1062.0,938.0,41500,0.00010618872275764314,0.00010618872275764314,9.99990000099999e-06,9.99990000099999e-06
41600,937,937,1063.0,937.0,41600,0.0001062887015110294,0.0001062887015110294,9.99990000099999e-06,9.99990000099999e-06
41700,940,940,1060.0,940.0,41700,0.00010598876519088978,0.00010598876519088978,9.99990000099999e-06,9.99990000099999e-06
41800,944,944,1056.0,944.0,41800,0.00010558884981745929,0.00010558884981745929,9.99990000099999e-06,9.99990000099999e-06
41900,951,951,1049.0,951.0,41900,0.00010488899714419958,0.00010488899714419958,9.99990000099999e-06,9.99990000099999e-06
42000,957,957,1043.0,957.0,42000,0.00010428912264450817,0.00010428912264450817,9.99990000099999e-06,9.99990000099999e-06
42100,964,964,1036.0,964.0,42100,0.00010358926815181946,0.00010358926815181946,9.99990000099999e-06,9.99990000099999e-06
42200,967,967,1033.0,967.0,42200,0.00010328933021218909,0.00010328933021218909,9.99990000099999e-06,9.99990000099999e-06
42300,969,968,1032.0,969.0,42300,0.0001030893714857998,0.00010318935085899135,9.99990000099999e-06,9.99990000099999e-06
42400,971,971,1029.0,971.0,42400,0.0001028894126794353,0.0001028894126794353,9.99990000099999e-06,9.99990000099999e-06
42500,970,970,1030.0,970.0,42500,0.00010298939209261448,0.00010298939209261448,9.99990000099999e-06,9.99990000099999e-06
42600,965,964,1036.0,965.0,42600,0.00010348928885860313,0.00010358926815181946,9.99990000099999e-06,9.99990000099999e-06
42700,963,963,1037.0,963.0,42700,0.00010368924742504205,0.00010368924742504205,9.99990000099999e-06,9.99990000099999e-06
42800,974,974,1026.0,974.0,42800,0.00010258947431993479,0.00010258947431993479,9.99990000099999e-06,9.99990000099999e-06
42900,983,983,1017.0,983.0,42900,0.00010168965816176495,0.00010168965816176495,9.99990000099999e-06,9.99990000099999e-06
43000,979,979,1021.0,979.0,43000,0.0001020895766542236,0.0001020895766542236,9.99990000099999e-06,9.99990000099999e-06
43100,973,973,1027.0,973.0,43100,0.00010268945379309543,0.00010268945379309543,9.99990000099999e-06,9.99990000099999e-06
43200,968,968,1032.0,968.0,43200,0.00010318935085899135,0.00010318935085899135,9.99990000099999e-06,9.99990000099999e-06
43300,970,970,1030.0,970.0,43300,0.00010298939209261448,0.00010298939209261448,9.99990000099999e-06,9.99990000099999e-06
43400,964,964,1036.0,964.0,43400,0.00010358926815181946,0.00010358926815181946,9.99990000099999e-06,9.99990000099999e-06
43500,962,962,1038.0,962.0,43500,0.0001037892266782708,0.0001037892266782708,9.99990000099999e-06,9.99990000099999e-06
43600,956,956,1044.0,956.0,43600,0.0001043891017777744,0.0001043891017777744,9.99990000099999e-06,9.99990000099999e-06
43700,952,952,1048.0,952.0,43700,0.00010478901811090198,0.00010478901811090198,9.99990000099999e-06,9.99990000099999e-06
43800,950,950,1050.0,950.0,43800,0.00010498897615750347,0.00010498897615750347,9.99990000099999e-06,9.99990000099999e-06
43900,958,958,1042.0,958.0,43900,0.00010418914349124821,0.00010418914349124821,9.99990000099999e-06,9.99990000099999e-06
44000,959,959,1041.0,959.0,44000,0.0001040891643179945,0.0001040891643179945,9.99990000099999e-06,9.99990000099999e-06
44100,960,960,1040.0,960.0,44100,0.00010398918512474702,0.00010398918512474702,9.99990000099999e-06,9.99990000099999e-06
44200,961,961,1039.0,961.0,44200,0.00010388920591150579,0.00010388920591150579,9.99990000099999e-06,9.99990000099999e-06
44300,955,955,1045.0,955.0,44300,0.0001044890808910469,0.0001044890808910469,9.99990000099999e-06,9.99990000099999e-06
44400,961,961,1040.0,961.0,44400,0.00010388920591150579,0.00010388920591150579,9.99990000099999e-06,9.99990000099999e-06
44500,958,958,1042.0,958.0,44500,0.00010418914349124821,0.00010418914349124821,9.99990000099999e-06,9.99990000099999e-06
44600,954,954,1046.0,954.0,44600,0.00010458905998432565,0.00010458905998432565,9.99990000099999e-06,9.99990000099999e-06
44700,951,951,1049.0,951.0,44700,0.00010488899714419958,0.00010488899714419958,9.99990000099999e-06,9.99990000099999e-06
44800,949,949,1051.0,949.0,44800,0.00010508895515081363,0.00010508895515081363,9.99990000099999e-06,9.99990000099999e-06
44900,950,950,1050.0,950.0,44900,0.00010498897615750347,0.00010498897615750347,9.99990000099999e-06,9.99990000099999e-06
45000,947,947,1053.0,947.0,45000,0.00010528891307745295,0.00010528891307745295,9.99990000099999e-06,9.99990000099999e-06
45100,959,958,1041.0,959.0,45100,0.0001040891643179945,0.00010418914349124821,9.99990000099999e-06,9.99990000099999e-06
45200,968,967,1033.0,968.0,45200,0.00010318935085899135,0.00010328933021218909,9.99990000099999e-06,9.99990000099999e-06
45300,967,967,1033.0,967.0,45300,0.00010328933021218909,0.00010328933021218909,9.99990000099999e-06,9.99990000099999e-06
45400,974,974,1026.0,974.0,45400,0.00010258947431993479,0.00010258947431993479,9.99990000099999e-06,9.99990000099999e-06
45500,975,975,1025.0,975.0,45500,0.00010248949482678026,0.00010248949482678026,9.99990000099999e-06,9.99990000099999e-06
45600,970,970,1030.0,970.0,45600,0.00010298939209261448,0.00010298939209261448,9.99990000099999e-06,9.99990000099999e-06
45700,978,978,1022.0,978.0,45700,0.00010218955622735357,0.00010218955622735357,9.99990000099999e-06,9.99990000099999e-06
45800,982,982,1018.0,982.0,45800,0.00010178963781487044,0.00010178963781487044,9.99990000099999e-06,9.99990000099999e-06
45900,982,982,1018.0,982.0,45900,0.00010178963781487044,0.00010178963781487044,9.99990000099999e-06,9.99990000099999e-06
46000,990,990,1010.0,990.0,46000,0.00010098980003019696,0.00010098980003019696,9.99990000099999e-06,9.99990000099999e-06
46100,992,991,1008.0,992.0,46100,0.00010078984038408928,0.00010088982021714009,9.99990000099999e-06,9.99990000099999e-06
46200,991,991,1009.0,991.0,46200,0.00010088982021714009,0.00010088982021714009,9.99990000099999e-06,9.99990000099999e-06
46300,989,989,1011.0,989.0,46300,0.00010108977982325986,0.00010108977982325986,9.99990000099999e-06,9.99990000099999e-06
46400,990,990,1010.0,990.0,46400,0.00010098980003019696,0.00010098980003019696,9.99990000099999e-06,9.99990000099999e-06
46500,989,989,1011.0,989.0,46500,0.00010108977982325986,0.00010108977982325986,9.99990000099999e-06,9.99990000099999e-06
46600,990,990,1010.0,990.0,46600,0.00010098980003019696,0.00010098980003019696,9.99990000099999e-06,9.99990000099999e-06
46700,991,991,1009.0,991.0,46700,0.00010088982021714009,0.00010088982021714009,9.99990000099999e-06,9.99990000099999e-06
46800,989,989,1011.0,989.0,46800,0.00010108977982325986,0.00010108977982325986,9.99990000099999e-06,9.99990000099999e-06
46900,981,981,1019.0,981.0,46900,0.00010188961744798205,0.00010188961744798205,9.99990000099999e-06,9.99990000099999e-06
47000,973,973,1027.0,973.0,47000,0.00010268945379309543,0.00010268945379309543,9.99990000099999e-06,9.99990000099999e-06
47100,972,972,1028.0,972.0,47100,0.00010278943324626227,0.00010278943324626227,9.99990000099999e-06,9.99990000099999e-06
47200,982,982,1018.0,982.0,47200,0.00010178963781487044,0.00010178963781487044,9.99990000099999e-06,9.99990000099999e-06
47300,989,989,1011.0,989.0,47300,0.00010108977982325986,0.00010108977982325986,9.99990000099999e-06,9.99990000099999e-06
47400,990,990,1010.0,990.0,47400,0.00010098980003019696,0.00010098980003019696,9.99990000099999e-06,9.99990000099999e-06
47500,996,996,996.0,1004.0,47500,0.00010038992085194648,0.00010038992085194648,9.99990000099999e-06,9.99990000099999e-06
47600,997,997,997.0,1003.0,47600,0.00010028994091892584,0.00010028994091892584,9.99990000099999e-06,9.99990000099999e-06
47700,999,999,999.0,1001.0,47700,0.0001000899809929026,0.0001000899809929026,9.99990000099999e-06,9.99990000099999e-06
47800,997,997,1003.0,997.0,47800,0.00010028994091892584,0.00010028994091892584,9.99990000099999e-06,9.99990000099999e-06
47900,989,989,1011.0,989.0,47900,0.00010108977982325986,0.00010108977982325986,9.99990000099999e-06,9.99990000099999e-06
48000,990,990,1010.0,990.0,48000,0.00010098980003019696,0.00010098980003019696,9.99990000099999e-06,9.99990000099999e-06
48100,996,996,1004.0,996.0,48100,0.00010038992085194648,0.00010038992085194648,9.99990000099999e-06,9.99990000099999e-06
48200,992,992,1008.0,992.0,48200,0.00010078984038408928,0.00010078984038408928,9.99990000099999e-06,9.99990000099999e-06
48300,998,997,1002.0,997.0,48300,0.0001001899609659112,0.00010028994091892584,9.99990000099999e-06,9.99990000099999e-06
48400,995,995,1005.0,995.0,48400,0.00010048990076497312,0.00010048990076497312,9.99990000099999e-06,9.99990000099999e-06
48500,996,996,1004.0,996.0,48500,0.00010038992085194648,0.00010038992085194648,9.99990000099999e-06,9.99990000099999e-06
48600,983,983,1017.0,983.0,48600,0.00010168965816176495,0.00010168965816176495,9.99990000099999e-06,9.99990000099999e-06
48700,991,991,1009.0,991.0,48700,0.00010088982021714009,0.00010088982021714009,9.99990000099999e-06,9.99990000099999e-06
48800,985,985,1015.0,985.0,48800,0.00010148969879557225,0.00010148969879557225,9.99990000099999e-06,9.99990000099999e-06
48900,981,981,1018.0,981.0,48900,0.00010188961744798205,0.00010188961744798205,9.99990000099999e-06,9.99990000099999e-06
49000,980,980,1020.0,980.0,49000,0.00010198959706109978,0.00010198959706109978,9.99990000099999e-06,9.99990000099999e-06
49100,969,969,1031.0,969.0,49100,0.0001030893714857998,0.0001030893714857998,9.99990000099999e-06,9.99990000099999e-06
49200,969,969,1031.0,969.0,49200,0.0001030893714857998,0.0001030893714857998,9.99990000099999e-06,9.99990000099999e-06
49300,965,965,1035.0,965.0,49300,0.00010348928885860313,0.00010348928885860313,9.99990000099999e-06,9.99990000099999e-06
49400,965,963,1035.0,964.0,49400,0.00010348928885860313,0.00010368924742504205,9.99990000099999e-06,9.99990000099999e-06
49500,957,957,1043.0,957.0,49500,0.00010428912264450817,0.00010428912264450817,9.99990000099999e-06,9.99990000099999e-06
49600,958,958,1042.0,958.0,49600,0.00010418914349124821,0.00010418914349124821,9.99990000099999e-06,9.99990000099999e-06
49700,954,954,1046.0,954.0,49700,0.00010458905998432565,0.00010458905998432565,9.99990000099999e-06,9.99990000099999e-06
49800,950,950,1050.0,951.0,49800,0.00010498897615750347,0.00010498897615750347,9.99990000099999e-06,9.99990000099999e-06
49900,946,946,1054.0,946.0,49900,0.00010538889201078208,0.00010538889201078208,9.99990000099999e-06,9.99990000099999e-06
50000,953,952,1048.0,953.0,50000,0.00010468903905761067,0.00010478901811090198,9.99990000099999e-06,9.99990000099999e-06
50100,945,945,1055.0,945.0,50100,0.0001054888709241175,0.0001054888709241175,9.99990000099999e-06,9.99990000099999e-06
50200,942,941,1059.0,942.0,50200,0.00010578880754416181,0.00010588878637752262,9.99990000099999e-06,9.99990000099999e-06
50300,950,950,1050.0,950.0,50300,0.00010498897615750347,0.00010498897615750347,9.99990000099999e-06,9.99990000099999e-06
50400,953,953,1047.0,953.0,50400,0.00010468903905761067,0.00010468903905761067,9.99990000099999e-06,9.99990000099999e-06
50500,962,962,1038.0,962.0,50500,0.0001037892266782708,0.0001037892266782708,9.99990000099999e-06,9.99990000099999e-06
50600,967,967,1033.0,967.0,50600,0.00010328933021218909,0.00010328933021218909,9.99990000099999e-06,9.99990000099999e-06
50700,968,968,1032.0,968.0,50700,0.00010318935085899135,0.00010318935085899135,9.99990000099999e-06,9.99990000099999e-06
50800,966,966,1034.0,966.0,50800,0.000103389309545393,0.000103389309545393,9.99990000099999e-06,9.99990000099999e-06
50900,964,963,1037.0,964.0,50900,0.00010358926815181946,0.00010368924742504205,9.99990000099999e-06,9.99990000099999e-06
51000,965,965,1035.0,965.0,51000,0.00010348928885860313,0.00010348928885860313,9.99990000099999e-06,9.99990000099999e-06
51100,968,968,1032.0,968.0,51100,0.00010318935085899135,0.00010318935085899135,9.99990000099999e-06,9.99990000099999e-06
51200,958,958,1042.0,958.0,51200,0.00010418914349124821,0.00010418914349124821,9.99990000099999e-06,9.99990000099999e-06
51300,954,954,1046.0,954.0,51300,0.00010458905998432565,0.00010458905998432565,9.99990000099999e-06,9.99990000099999e-06
51400,963,963,1037.0,963.0,51400,0.00010368924742504205,0.00010368924742504205,9.99990000099999e-06,9.99990000099999e-06
51500,967,967,1033.0,967.0,51500,0.00010328933021218909,0.00010328933021218909,9.99990000099999e-06,9.99990000099999e-06
51600,966,966,1034.0,966.0,51600,0.000103389309545393,0.000103389309545393,9.99990000099999e-06,9.99990000099999e-06
51700,962,961,1038.0,962.0,51700,0.0001037892266782708,0.00010388920591150579,9.99990000099999e-06,9.99990000099999e-06
51800,961,961,1039.0,960.0,51800,0.00010388920591150579,0.00010388920591150579,9.99990000099999e-06,9.99990000099999e-06
51900,959,959,1041.0,959.0,51900,0.0001040891643179945,0.0001040891643179945,9.99990000099999e-06,9.99990000099999e-06
52000,956,956,1044.0,956.0,52000,0.0001043891017777744,0.0001043891017777744,9.99990000099999e-06,9.99990000099999e-06
52100,956,956,1044.0,956.0,52100,0.0001043891017777744,0.0001043891017777744,9.99990000099999e-06,9.99990000099999e-06
52200,957,957,1043.0,957.0,52200,0.00010428912264450817,0.00010428912264450817,9.99990000099999e-06,9.99990000099999e-06
52300,958,958,1042.0,958.0,52300,0.00010418914349124821,0.00010418914349124821,9.99990000099999e-06,9.99990000099999e-06
52400,960,960,1040.0,960.0,52400,0.00010398918512474702,0.00010398918512474702,9.99990000099999e-06,9.99990000099999e-06
52500,958,958,1042.0,958.0,52500,0.00010418914349124821,0.00010418914349124821,9.99990000099999e-06,9.99990000099999e-06
52600,957,957,1044.0,957.0,52600,0.00010428912264450817,0.00010428912264450817,9.99990000099999e-06,9.99990000099999e-06
52700,961,961,1039.0,961.0,52700,0.00010388920591150579,0.00010388920591150579,9.99990000099999e-06,9.99990000099999e-06
52800,970,970,1030.0,970.0,52800,0.00010298939209261448,0.00010298939209261448,9.99990000099999e-06,9.99990000099999e-06
52900,967,967,1033.0,967.0,52900,0.00010328933021218909,0.00010328933021218909,9.99990000099999e-06,9.99990000099999e-06
53000,966,966,1034.0,966.0,53000,0.000103389309545393,0.000103389309545393,9.99990000099999e-06,9.99990000099999e-06
53100,965,965,1035.0,965.0,53100,0.00010348928885860313,0.00010348928885860313,9.99990000099999e-06,9.99990000099999e-06
53200,957,957,1043.0,957.0,53200,0.00010428912264450817,0.00010428912264450817,9.99990000099999e-06,9.99990000099999e-06
53300,955,955,1045.0,955.0,53300,0.0001044890808910469,0.0001044890808910469,9.99990000099999e-06,9.99990000099999e-06
53400,952,952,1048.0,952.0,53400,0.00010478901811090198,0.00010478901811090198,9.99990000099999e-06,9.99990000099999e-06
53500,952,952,1048.0,952.0,53500,0.00010478901811090198,0.00010478901811090198,9.99990000099999e-06,9.99990000099999e-06
53600,952,952,1048.0,952.0,53600,0.00010478901811090198,0.00010478901811090198,9.99990000099999e-06,9.99990000099999e-06
53700,947,947,1053.0,947.0,53700,0.00010528891307745295,0.00010528891307745295,9.99990000099999e-06,9.99990000099999e-06
53800,944,944,1056.0,944.0,53800,0.00010558884981745929,0.00010558884981745929,9.99990000099999e-06,9.99990000099999e-06
53900,949,949,1051.0,949.0,53900,0.00010508895515081363,0.00010508895515081363,9.99990000099999e-06,9.99990000099999e-06
54000,944,944,1056.0,944.0,54000,0.00010558884981745929,0.00010558884981745929,9.99990000099999e-06,9.99990000099999e-06
54100,944,944,1056.0,945.0,54100,0.00010558884981745929,0.00010558884981745929,9.99990000099999e-06,9.99990000099999e-06
54200,943,943,1057.0,943.0,54200,0.00010568882869080739,0.00010568882869080739,9.99990000099999e-06,9.99990000099999e-06
54300,942,942,1058.0,942.0,54300,0.00010578880754416181,0.00010578880754416181,9.99990000099999e-06,9.99990000099999e-06
54400,941,941,1059.0,941.0,54400,0.00010588878637752262,0.00010588878637752262,9.99990000099999e-06,9.99990000099999e-06
54500,951,951,1049.0,951.0,54500,0.00010488899714419958,0.00010488899714419958,9.99990000099999e-06,9.99990000099999e-06
54600,949,949,1051.0,949.0,54600,0.00010508895515081363,0.00010508895515081363,9.99990000099999e-06,9.99990000099999e-06
54700,958,958,1042.0,958.0,54700,0.00010418914349124821,0.00010418914349124821,9.99990000099999e-06,9.99990000099999e-06
54800,963,963,1037.0,963.0,54800,0.00010368924742504205,0.00010368924742504205,9.99990000099999e-06,9.99990000099999e-06
54900,960,960,1040.0,960.0,54900,0.00010398918512474702,0.00010398918512474702,9.99990000099999e-06,9.99990000099999e-06
55000,966,966,1034.0,966.0,55000,0.000103389309545393,0.000103389309545393,9.99990000099999e-06,9.99990000099999e-06
55100,969,969,1031.0,969.0,55100,0.0001030893714857998,0.0001030893714857998,9.99990000099999e-06,9.99990000099999e-06
55200,962,961,1038.0,962.0,55200,0.0001037892266782708,0.00010388920591150579,9.99990000099999e-06,9.99990000099999e-06
55300,955,955,1045.0,955.0,55300,0.0001044890808910469,0.0001044890808910469,9.99990000099999e-06,9.99990000099999e-06
55400,944,942,1056.0,942.0,55400,0.00010558884981745929,0.00010578880754416181,9.99990000099999e-06,9.99990000099999e-06
55500,951,951,1049.0,951.0,55500,0.00010488899714419958,0.00010488899714419958,9.99990000099999e-06,9.99990000099999e-06
55600,944,944,1056.0,944.0,55600,0.00010558884981745929,0.00010558884981745929,9.99990000099999e-06,9.99990000099999e-06
55700,935,935,1065.0,935.0,55700,0.000106488658957821,0.000106488658957821,9.99990000099999e-06,9.99990000099999e-06
55800,931,931,1069.0,931.0,55800,0.00010688857361148093,0.00010688857361148093,9.99990000099999e-06,9.99990000099999e-06
55900,924,924,1076.0,924.0,55900,0.00010758842348563294,0.00010758842348563294,9.99990000099999e-06,9.99990000099999e-06
56000,921,921,1079.0,921.0,56000,0.00010788835884608052,0.00010788835884608052,9.99990000099999e-06,9.99990000099999e-06
56100,917,917,1083.0,917.0,56100,0.00010828827238010124,0.00010828827238010124,9.99990000099999e-06,9.99990000099999e-06
56200,915,915,1085.0,915.0,56200,0.00010848822902715054,0.00010848822902715054,9.99990000099999e-06,9.99990000099999e-06
56300,916,915,1085.0,915.0,56300,0.00010838825071362264,0.00010848822902715054,9.99990000099999e-06,9.99990000099999e-06
56400,915,915,1085.0,915.0,56400,0.00010848822902715054,0.00010848822902715054,9.99990000099999e-06,9.99990000099999e-06
56500,909,909,1091.0,909.0,56500,0.00010908809848845491,0.00010908809848845491,9.99990000099999e-06,9.99990000099999e-06
56600,906,906,1094.0,906.0,56600,0.00010938803294919535,0.00010938803294919535,9.99990000099999e-06,9.99990000099999e-06
56700,903,903,1097.0,903.0,56700,0.00010968796722999486,0.00010968796722999486,9.99990000099999e-06,9.99990000099999e-06
56800,904,904,1096.0,904.0,56800,0.00010958798915638846,0.00010958798915638846,9.99990000099999e-06,9.99990000099999e-06
56900,910,910,1090.0,910.0,56900,0.00010898812029488787,0.00010898812029488787,9.99990000099999e-06,9.99990000099999e-06
57000,909,908,1092.0,908.0,57000,0.00010908809848845491,0.0001091880766620285,9.99990000099999e-06,9.99990000099999e-06
57100,913,913,1087.0,913.0,57100,0.00010868818559422593,0.00010868818559422593,9.99990000099999e-06,9.99990000099999e-06
57200,912,912,1088.0,912.0,57200,0.00010878816384777336,0.00010878816384777336,9.99990000099999e-06,9.99990000099999e-06
57300,912,912,1088.0,912.0,57300,0.00010878816384777336,0.00010878816384777336,9.99990000099999e-06,9.99990000099999e-06
57400,904,904,1096.0,903.0,57400,0.00010958798915638846,0.00010958798915638846,9.99990000099999e-06,9.99990000099999e-06
57500,899,899,1101.0,899.0,57500,0.00011008787932448639,0.00011008787932448639,9.99990000099999e-06,9.99990000099999e-06
57600,908,908,1092.0,908.0,57600,0.0001091880766620285,0.0001091880766620285,9.99990000099999e-06,9.99990000099999e-06
57700,909,908,1092.0,908.0,57700,0.00010908809848845491,0.0001091880766620285,9.99990000099999e-06,9.99990000099999e-06
57800,908,908,1092.0,908.0,57800,0.0001091880766620285,0.0001091880766620285,9.99990000099999e-06,9.99990000099999e-06
57900,909,909,1091.0,909.0,57900,0.00010908809848845491,0.00010908809848845491,9.99990000099999e-06,9.99990000099999e-06
58000,904,904,1096.0,904.0,58000,0.00010958798915638846,0.00010958798915638846,9.99990000099999e-06,9.99990000099999e-06
58100,903,903,1097.0,903.0,58100,0.00010968796722999486,0.00010968796722999486,9.99990000099999e-06,9.99990000099999e-06
58200,901,901,1099.0,901.0,58200,0.00010988792331722744,0.00010988792331722744,9.99990000099999e-06,9.99990000099999e-06
58300,894,894,1106.0,894.0,58300,0.0001105877689927494,0.0001105877689927494,9.99990000099999e-06,9.99990000099999e-06
58400,901,901,1099.0,901.0,58400,0.00010988792331722744,0.00010988792331722744,9.99990000099999e-06,9.99990000099999e-06
58500,900,900,1100.0,900.0,58500,0.00010998790133085361,0.00010998790133085361,9.99990000099999e-06,9.99990000099999e-06
58600,913,913,1087.0,913.0,58600,0.00010868818559422593,0.00010868818559422593,9.99990000099999e-06,9.99990000099999e-06
58700,914,914,1086.0,914.0,58700,0.00010858820732068498,0.00010858820732068498,9.99990000099999e-06,9.99990000099999e-06
58800,908,908,1092.0,908.0,58800,0.0001091880766620285,0.0001091880766620285,9.99990000099999e-06,9.99990000099999e-06
58900,907,907,1093.0,907.0,58900,0.00010928805481560865,0.00010928805481560865,9.99990000099999e-06,9.99990000099999e-06
59000,900,900,1100.0,900.0,59000,0.00010998790133085361,0.00010998790133085361,9.99990000099999e-06,9.99990000099999e-06
59100,901,901,1099.0,901.0,59100,0.00010988792331722744,0.00010988792331722744,9.99990000099999e-06,9.99990000099999e-06
59200,899,899,1101.0,899.0,59200,0.00011008787932448639,0.00011008787932448639,9.99990000099999e-06,9.99990000099999e-06
59300,896,896,1104.0,896.0,59300,0.00011038781318542434,0.00011038781318542434,9.99990000099999e-06,9.99990000099999e-06
59400,901,901,1099.0,901.0,59400,0.00010988792331722744,0.00010988792331722744,9.99990000099999e-06,9.99990000099999e-06
59500,911,911,1089.0,911.0,59500,0.00010888814208132734,0.00010888814208132734,9.99990000099999e-06,9.99990000099999e-06
59600,915,915,1085.0,915.0,59600,0.00010848822902715054,0.00010848822902715054,9.99990000099999e-06,9.99990000099999e-06
59700,914,914,1086.0,914.0,59700,0.00010858820732068498,0.00010858820732068498,9.99990000099999e-06,9.99990000099999e-06
59800,914,914,1086.0,914.0,59800,0.00010858820732068498,0.00010858820732068498,9.99990000099999e-06,9.99990000099999e-06
59900,909,909,1091.0,909.0,59900,0.00010908809848845491,0.00010908809848845491,9.99990000099999e-06,9.99990000099999e-06
60000,909,909,1090.0,909.0,60000,0.00010908809848845491,0.00010908809848845491,9.99990000099999e-06,9.99990000099999e-06
60100,909,909,1091.0,909.0,60100,0.00010908809848845491,0.00010908809848845491,9.99990000099999e-06,9.99990000099999e-06
60200,900,900,1100.0,900.0,60200,0.00010998790133085361,0.00010998790133085361,9.99990000099999e-06,9.99990000099999e-06
60300,897,897,1103.0,897.0,60300,0.00011028783525177173,0.00011028783525177173,9.99990000099999e-06,9.99990000099999e-06
60400,900,900,1100.0,900.0,60400,0.00010998790133085361,0.00010998790133085361,9.99990000099999e-06,9.99990000099999e-06
60500,895,895,1105.0,895.0,60500,0.00011048779109908357,0.00011048779109908357,9.99990000099999e-06,9.99990000099999e-06
60600,895,895,1105.0,895.0,60600,0.00011048779109908357,0.00011048779109908357,9.99990000099999e-06,9.99990000099999e-06
60700,894,894,1106.0,894.0,60700,0.0001105877689927494,0.0001105877689927494,9.99990000099999e-06,9.99990000099999e-06
60800,895,895,1105.0,895.0,60800,0.00011048779109908357,0.00011048779109908357,9.99990000099999e-06,9.99990000099999e-06
60900,899,899,1101.0,899.0,60900,0.00011008787932448639,0.00011008787932448639,9.99990000099999e-06,9.99990000099999e-06
61000,886,886,1114.0,886.0,61000,0.00011138759142231556,0.00011138759142231556,9.99990000099999e-06,9.99990000099999e-06
61100,888,888,1112.0,888.0,61100,0.00011118763593488403,0.00011118763593488403,9.99990000099999e-06,9.99990000099999e-06
61200,884,884,1116.0,884.0,61200,0.00011158754682977379,0.00011158754682977379,9.99990000099999e-06,9.99990000099999e-06
61300,877,876,1123.0,877.0,61300,0.00011228739012608884,0.00011238736765987504,9.99990000099999e-06,9.99990000099999e-06
61400,873,873,1127.0,873.0,61400,0.00011268730014127407,0.00011268730014127407,9.99990000099999e-06,9.99990000099999e-06
61500,882,882,1119.0,881.0,61500,0.00011178750215725881,0.00011178750215725881,9.99990000099999e-06,9.99990000099999e-06
61600,883,883,1117.0,883.0,61600,0.00011168752450351297,0.00011168752450351297,9.99990000099999e-06,9.99990000099999e-06
61700,892,892,1108.0,892.0,61700,0.000110787724720101,0.000110787724720101,9.99990000099999e-06,9.99990000099999e-06
61800,890,890,1110.0,890.0,61800,0.00011098768036747922,0.00011098768036747922,9.99990000099999e-06,9.99990000099999e-06
61900,882,882,1118.0,882.0,61900,0.00011178750215725881,0.00011178750215725881,9.99990000099999e-06,9.99990000099999e-06
62000,876,876,1124.0,876.0,62000,0.00011238736765987504,0.00011238736765987504,9.99990000099999e-06,9.99990000099999e-06
62100,884,884,1116.0,884.0,62100,0.00011158754682977379,0.00011158754682977379,9.99990000099999e-06,9.99990000099999e-06
62200,884,884,1116.0,884.0,62200,0.00011158754682977379,0.00011158754682977379,9.99990000099999e-06,9.99990000099999e-06
62300,887,887,1113.0,887.0,62300,0.00011128761368859648,0.00011128761368859648,9.99990000099999e-06,9.99990000099999e-06
62400,885,885,1115.0,885.0,62400,0.00011148756913604133,0.00011148756913604133,9.99990000099999e-06,9.99990000099999e-06
62500,881,880,1119.0,881.0,62500,0.00011188747979101137,0.00011198745740477069,9.99990000099999e-06,9.99990000099999e-06
62600,874,874,1126.0,874.0,62600,0.00011258732266746764,0.00011258732266746764,9.99990000099999e-06,9.99990000099999e-06
62700,873,873,1127.0,873.0,62700,0.00011268730014127407,0.00011268730014127407,9.99990000099999e-06,9.99990000099999e-06
62800,878,878,1122.0,878.0,62800,0.0001121874125723094,0.0001121874125723094,9.99990000099999e-06,9.99990000099999e-06
62900,884,883,1116.0,884.0,62900,0.00011158754682977379,0.00011168752450351297,9.99990000099999e-06,9.99990000099999e-06
63000,887,886,1113.0,887.0,63000,0.00011128761368859648,0.00011138759142231556,9.99990000099999e-06,9.99990000099999e-06
63100,892,892,1108.0,892.0,63100,0.000110787724720101,0.000110787724720101,9.99990000099999e-06,9.99990000099999e-06
63200,898,898,1102.0,898.0,63200,0.00011018785729812575,0.00011018785729812575,9.99990000099999e-06,9.99990000099999e-06
63300,900,900,1100.0,900.0,63300,0.00010998790133085361,0.00010998790133085361,9.99990000099999e-06,9.99990000099999e-06
63400,908,908,1092.0,908.0,63400,0.0001091880766620285,0.0001091880766620285,9.99990000099999e-06,9.99990000099999e-06
63500,911,911,1089.0,911.0,63500,0.00010888814208132734,0.00010888814208132734,9.99990000099999e-06,9.99990000099999e-06
63600,911,911,1089.0,911.0,63600,0.00010888814208132734,0.00010888814208132734,9.99990000099999e-06,9.99990000099999e-06
63700,908,908,1092.0,909.0,63700,0.0001091880766620285,0.0001091880766620285,9.99990000099999e-06,9.99990000099999e-06
63800,913,913,1087.0,913.0,63800,0.00010868818559422593,0.00010868818559422593,9.99990000099999e-06,9.99990000099999e-06
63900,916,915,1085.0,915.0,63900,0.00010838825071362264,0.00010848822902715054,9.99990000099999e-06,9.99990000099999e-06
64000,911,911,1089.0,911.0,64000,0.00010888814208132734,0.00010888814208132734,9.99990000099999e-06,9.99990000099999e-06
64100,910,910,1090.0,910.0,64100,0.00010898812029488787,0.00010898812029488787,9.99990000099999e-06,9.99990000099999e-06
64200,908,908,1092.0,908.0,64200,0.0001091880766620285,0.0001091880766620285,9.99990000099999e-06,9.99990000099999e-06
64300,909,909,1091.0,909.0,64300,0.00010908809848845491,0.00010908809848845491,9.99990000099999e-06,9.99990000099999e-06
64400,912,912,1088.0,912.0,64400,0.00010878816384777336,0.00010878816384777336,9.99990000099999e-06,9.99990000099999e-06
64500,922,922,1078.0,922.0,64500,0.0001077883804125915,0.0001077883804125915,9.99990000099999e-06,9.99990000099999e-06
64600,923,923,1077.0,923.0,64600,0.000107688401959109,0.000107688401959109,9.99990000099999e-06,9.99990000099999e-06
64700,929,929,1071.0,929.0,64700,0.00010708853081834937,0.00010708853081834937,9.99990000099999e-06,9.99990000099999e-06
64800,932,932,1068.0,932.0,64800,0.00010678859497805635,0.00010678859497805635,9.99990000099999e-06,9.99990000099999e-06
64900,930,930,1070.0,930.0,64900,0.00010698855222491194,0.00010698855222491194,9.99990000099999e-06,9.99990000099999e-06
65000,934,934,1066.0,934.0,65000,0.00010658863765122638,0.00010658863765122638,9.99990000099999e-06,9.99990000099999e-06
65100,938,938,1062.0,938.0,65100,0.00010618872275764314,0.00010618872275764314,9.99990000099999e-06,9.99990000099999e-06
65200,936,936,1064.0,936.0,65200,0.00010638868024442201,0.00010638868024442201,9.99990000099999e-06,9.99990000099999e-06
65300,936,936,1064.0,936.0,65300,0.00010638868024442201,0.00010638868024442201,9.99990000099999e-06,9.99990000099999e-06
65400,939,939,1061.0,939.0,65400,0.00010608874398426327,0.00010608874398426327,9.99990000099999e-06,9.99990000099999e-06
65500,941,941,1059.0,941.0,65500,0.00010588878637752262,0.00010588878637752262,9.99990000099999e-06,9.99990000099999e-06
65600,941,941,1059.0,941.0,65600,0.00010588878637752262,0.00010588878637752262,9.99990000099999e-06,9.99990000099999e-06
65700,939,939,1061.0,940.0,65700,0.00010608874398426327,0.00010608874398426327,9.99990000099999e-06,9.99990000099999e-06
65800,933,932,1067.0,932.0,65800,0.00010668861632463818,0.00010678859497805635,9.99990000099999e-06,9.99990000099999e-06
65900,941,941,1059.0,941.0,65900,0.00010588878637752262,0.00010588878637752262,9.99990000099999e-06,9.99990000099999e-06
66000,937,937,1063.0,937.0,66000,0.0001062887015110294,0.0001062887015110294,9.99990000099999e-06,9.99990000099999e-06
66100,942,942,1058.0,942.0,66100,0.00010578880754416181,0.00010578880754416181,9.99990000099999e-06,9.99990000099999e-06
66200,939,939,1061.0,939.0,66200,0.00010608874398426327,0.00010608874398426327,9.99990000099999e-06,9.99990000099999e-06
66300,943,943,1057.0,943.0,66300,0.00010568882869080739,0.00010568882869080739,9.99990000099999e-06,9.99990000099999e-06
66400,952,952,1048.0,952.0,66400,0.00010478901811090198,0.00010478901811090198,9.99990000099999e-06,9.99990000099999e-06
66500,952,952,1048.0,952.0,66500,0.00010478901811090198,0.00010478901811090198,9.99990000099999e-06,9.99990000099999e-06
66600,959,959,1041.0,959.0,66600,0.0001040891643179945,0.0001040891643179945,9.99990000099999e-06,9.99990000099999e-06
66700,957,957,1043.0,957.0,66700,0.00010428912264450817,0.00010428912264450817,9.99990000099999e-06,9.99990000099999e-06
66800,957,956,1044.0,956.0,66800,0.00010428912264450817,0.0001043891017777744,9.99990000099999e-06,9.99990000099999e-06
66900,957,957,1043.0,957.0,66900,0.00010428912264450817,0.00010428912264450817,9.99990000099999e-06,9.99990000099999e-06
67000,953,953,1047.0,953.0,67000,0.00010468903905761067,0.00010468903905761067,9.99990000099999e-06,9.99990000099999e-06
67100,953,953,1047.0,953.0,67100,0.00010468903905761067,0.00010468903905761067,9.99990000099999e-06,9.99990000099999e-06
67200,952,952,1048.0,952.0,67200,0.00010478901811090198,0.00010478901811090198,9.99990000099999e-06,9.99990000099999e-06
67300,951,951,1049.0,951.0,67300,0.00010488899714419958,0.00010488899714419958,9.99990000099999e-06,9.99990000099999e-06
67400,955,955,1045.0,955.0,67400,0.0001044890808910469,0.0001044890808910469,9.99990000099999e-06,9.99990000099999e-06
67500,955,955,1045.0,955.0,67500,0.0001044890808910469,0.0001044890808910469,9.99990000099999e-06,9.99990000099999e-06
67600,959,959,1041.0,959.0,67600,0.0001040891643179945,0.0001040891643179945,9.99990000099999e-06,9.99990000099999e-06
67700,960,959,1041.0,959.0,67700,0.00010398918512474702,0.0001040891643179945,9.99990000099999e-06,9.99990000099999e-06
67800,965,965,1035.0,965.0,67800,0.00010348928885860313,0.00010348928885860313,9.99990000099999e-06,9.99990000099999e-06
67900,968,968,1032.0,968.0,67900,0.00010318935085899135,0.00010318935085899135,9.99990000099999e-06,9.99990000099999e-06
68000,967,967,1033.0,967.0,68000,0.00010328933021218909,0.00010328933021218909,9.99990000099999e-06,9.99990000099999e-06
68100,965,965,1035.0,965.0,68100,0.00010348928885860313,0.00010348928885860313,9.99990000099999e-06,9.99990000099999e-06
68200,961,961,1039.0,961.0,68200,0.00010388920591150579,0.00010388920591150579,9.99990000099999e-06,9.99990000099999e-06
68300,963,963,1037.0,963.0,68300,0.00010368924742504205,0.00010368924742504205,9.99990000099999e-06,9.99990000099999e-06
68400,961,961,1039.0,961.0,68400,0.00010388920591150579,0.00010388920591150579,9.99990000099999e-06,9.99990000099999e-06
68500,955,955,1045.0,955.0,68500,0.0001044890808910469,0.0001044890808910469,9.99990000099999e-06,9.99990000099999e-06
68600,961,961,1039.0,961.0,68600,0.00010388920591150579,0.00010388920591150579,9.99990000099999e-06,9.99990000099999e-06
68700,955,955,1045.0,955.0,68700,0.0001044890808910469,0.0001044890808910469,9.99990000099999e-06,9.99990000099999e-06
68800,964,963,1037.0,963.0,68800,0.00010358926815181946,0.00010368924742504205,9.99990000099999e-06,9.99990000099999e-06
68900,958,958,1042.0,958.0,68900,0.00010418914349124821,0.00010418914349124821,9.99990000099999e-06,9.99990000099999e-06
69000,960,960,1040.0,960.0,69000,0.00010398918512474702,0.00010398918512474702,9.99990000099999e-06,9.99990000099999e-06
69100,954,954,1046.0,954.0,69100,0.00010458905998432565,0.00010458905998432565,9.99990000099999e-06,9.99990000099999e-06
69200,949,949,1051.0,949.0,69200,0.00010508895515081363,0.00010508895515081363,9.99990000099999e-06,9.99990000099999e-06
69300,947,947,1053.0,947.0,69300,0.00010528891307745295,0.00010528891307745295,9.99990000099999e-06,9.99990000099999e-06
69400,950,950,1050.0,950.0,69400,0.00010498897615750347,0.00010498897615750347,9.99990000099999e-06,9.99990000099999e-06
69500,949,949,1051.0,949.0,69500,0.00010508895515081363,0.00010508895515081363,9.99990000099999e-06,9.99990000099999e-06
69600,950,950,1050.0,950.0,69600,0.00010498897615750347,0.00010498897615750347,9.99990000099999e-06,9.99990000099999e-06
69700,955,955,1045.0,955.0,69700,0.0001044890808910469,0.0001044890808910469,9.99990000099999e-06,9.99990000099999e-06
69800,953,953,1047.0,953.0,69800,0.00010468903905761067,0.00010468903905761067,9.99990000099999e-06,9.99990000099999e-06
69900,952,951,1048.0,952.0,69900,0.00010478901811090198,0.00010488899714419958,9.99990000099999e-06,9.99990000099999e-06
70000,952,952,1048.0,952.0,70000,0.00010478901811090198,0.00010478901811090198,9.99990000099999e-06,9.99990000099999e-06
70100,946,946,1054.0,946.0,70100,0.00010538889201078208,0.00010538889201078208,9.99990000099999e-06,9.99990000099999e-06
70200,951,951,1049.0,951.0,70200,0.00010488899714419958,0.00010488899714419958,9.99990000099999e-06,9.99990000099999e-06
70300,946,946,1054.0,946.0,70300,0.00010538889201078208,0.00010538889201078208,9.99990000099999e-06,9.99990000099999e-06
70400,945,945,1055.0,945.0,70400,0.0001054888709241175,0.0001054888709241175,9.99990000099999e-06,9.99990000099999e-06
70500,944,944,1056.0,944.0,70500,0.00010558884981745929,0.00010558884981745929,9.99990000099999e-06,9.99990000099999e-06
70600,940,940,1060.0,940.0,70600,0.00010598876519088978,0.00010598876519088978,9.99990000099999e-06,9.99990000099999e-06
70700,936,936,1064.0,936.0,70700,0.00010638868024442201,0.00010638868024442201,9.99990000099999e-06,9.99990000099999e-06
70800,936,936,1064.0,936.0,70800,0.00010638868024442201,0.00010638868024442201,9.99990000099999e-06,9.99990000099999e-06
70900,936,936,1064.0,936.0,70900,0.00010638868024442201,0.00010638868024442201,9.99990000099999e-06,9.99990000099999e-06
71000,931,931,1069.0,931.0,71000,0.00010688857361148093,0.00010688857361148093,9.99990000099999e-06,9.99990000099999e-06
71100,928,927,1073.0,928.0,71100,0.00010718850939179321,0.00010728848794524348,9.99990000099999e-06,9.99990000099999e-06
71200,926,926,1074.0,926.0,71200,0.00010738846647870019,0.00010738846647870019,9.99990000099999e-06,9.99990000099999e-06
71300,930,930,1070.0,930.0,71300,0.00010698855222491194,0.00010698855222491194,9.99990000099999e-06,9.99990000099999e-06
71400,936,935,1064.0,936.0,71400,0.00010638868024442201,0.000106488658957821,9.99990000099999e-06,9.99990000099999e-06
71500,941,941,1059.0,941.0,71500,0.00010588878637752262,0.00010588878637752262,9.99990000099999e-06,9.99990000099999e-06
71600,946,946,1054.0,946.0,71600,0.00010538889201078208,0.00010538889201078208,9.99990000099999e-06,9.99990000099999e-06
71700,954,954,1046.0,954.0,71700,0.00010458905998432565,0.00010458905998432565,9.99990000099999e-06,9.99990000099999e-06
71800,963,963,1037.0,963.0,71800,0.00010368924742504205,0.00010368924742504205,9.99990000099999e-06,9.99990000099999e-06
71900,954,954,1046.0,954.0,71900,0.00010458905998432565,0.00010458905998432565,9.99990000099999e-06,9.99990000099999e-06
72000,955,955,1045.0,955.0,72000,0.0001044890808910469,0.0001044890808910469,9.99990000099999e-06,9.99990000099999e-06
72100,952,951,1048.0,952.0,72100,0.00010478901811090198,0.00010488899714419958,9.99990000099999e-06,9.99990000099999e-06
72200,942,942,1058.0,942.0,72200,0.00010578880754416181,0.00010578880754416181,9.99990000099999e-06,9.99990000099999e-06
72300,945,945,1055.0,945.0,72300,0.0001054888709241175,0.0001054888709241175,9.99990000099999e-06,9.99990000099999e-06
72400,949,949,1051.0,949.0,72400,0.00010508895515081363,0.00010508895515081363,9.99990000099999e-06,9.99990000099999e-06
72500,951,951,1049.0,951.0,72500,0.00010488899714419958,0.00010488899714419958,9.99990000099999e-06,9.99990000099999e-06
72600,947,947,1053.0,947.0,72600,0.00010528891307745295,0.00010528891307745295,9.99990000099999e-06,9.99990000099999e-06
72700,951,951,1049.0,951.0,72700,0.00010488899714419958,0.00010488899714419958,9.99990000099999e-06,9.99990000099999e-06
72800,956,956,1044.0,956.0,72800,0.0001043891017777744,0.0001043891017777744,9.99990000099999e-06,9.99990000099999e-06
72900,959,959,1041.0,959.0,72900,0.0001040891643179945,0.0001040891643179945,9.99990000099999e-06,9.99990000099999e-06
73000,956,956,1044.0,956.0,73000,0.0001043891017777744,0.0001043891017777744,9.99990000099999e-06,9.99990000099999e-06
73100,958,958,1042.0,958.0,73100,0.00010418914349124821,0.00010418914349124821,9.99990000099999e-06,9.99990000099999e-06
73200,958,958,1042.0,958.0,73200,0.00010418914349124821,0.00010418914349124821,9.99990000099999e-06,9.99990000099999e-06
73300,948,948,1052.0,948.0,73300,0.00010518893412413015,0.00010518893412413015,9.99990000099999e-06,9.99990000099999e-06
73400,951,950,1049.0,950.0,73400,0.00010488899714419958,0.00010498897615750347,9.99990000099999e-06,9.99990000099999e-06
73500,949,948,1051.0,949.0,73500,0.00010508895515081363,0.00010518893412413015,9.99990000099999e-06,9.99990000099999e-06
73600,949,949,1051.0,949.0,73600,0.00010508895515081363,0.00010508895515081363,9.99990000099999e-06,9.99990000099999e-06
73700,946,945,1054.0,945.0,73700,0.00010538889201078208,0.0001054888709241175,9.99990000099999e-06,9.99990000099999e-06
73800,954,954,1046.0,954.0,73800,0.00010458905998432565,0.00010458905998432565,9.99990000099999e-06,9.99990000099999e-06
73900,953,953,1047.0,953.0,73900,0.00010468903905761067,0.00010468903905761067,9.99990000099999e-06,9.99990000099999e-06
74000,950,950,1050.0,950.0,74000,0.00010498897615750347,0.00010498897615750347,9.99990000099999e-06,9.99990000099999e-06
74100,959,959,1041.0,959.0,74100,0.0001040891643179945,0.0001040891643179945,9.99990000099999e-06,9.99990000099999e-06
74200,951,951,1049.0,951.0,74200,0.00010488899714419958,0.00010488899714419958,9.99990000099999e-06,9.99990000099999e-06
74300,945,945,1055.0,945.0,74300,0.0001054888709241175,0.0001054888709241175,9.99990000099999e-06,9.99990000099999e-06
74400,937,937,1063.0,937.0,74400,0.0001062887015110294,0.0001062887015110294,9.99990000099999e-06,9.99990000099999e-06
74500,943,943,1057.0,943.0,74500,0.00010568882869080739,0.00010568882869080739,9.99990000099999e-06,9.99990000099999e-06
74600,942,942,1058.0,942.0,74600,0.00010578880754416181,0.00010578880754416181,9.99990000099999e-06,9.99990000099999e-06
74700,943,942,1057.0,943.0,74700,0.00010568882869080739,0.00010578880754416181,9.99990000099999e-06,9.99990000099999e-06
74800,945,944,1056.0,944.0,74800,0.0001054888709241175,0.00010558884981745929,9.99990000099999e-06,9.99990000099999e-06
74900,943,943,1057.0,943.0,74900,0.00010568882869080739,0.00010568882869080739,9.99990000099999e-06,9.99990000099999e-06
75000,938,938,1062.0,938.0,75000,0.00010618872275764314,0.00010618872275764314,9.99990000099999e-06,9.99990000099999e-06
75100,944,944,1056.0,944.0,75100,0.00010558884981745929,0.00010558884981745929,9.99990000099999e-06,9.99990000099999e-06
75200,935,935,1065.0,935.0,75200,0.000106488658957821,0.000106488658957821,9.99990000099999e-06,9.99990000099999e-06
75300,937,937,1063.0,937.0,75300,0.0001062887015110294,0.0001062887015110294,9.99990000099999e-06,9.99990000099999e-06
75400,933,933,1067.0,933.0,75400,0.00010668861632463818,0.00010668861632463818,9.99990000099999e-06,9.99990000099999e-06
75500,939,939,1061.0,939.0,75500,0.00010608874398426327,0.00010608874398426327,9.99990000099999e-06,9.99990000099999e-06
75600,938,938,1062.0,938.0,75600,0.00010618872275764314,0.00010618872275764314,9.99990000099999e-06,9.99990000099999e-06
75700,941,941,1059.0,941.0,75700,0.00010588878637752262,0.00010588878637752262,9.99990000099999e-06,9.99990000099999e-06
75800,946,946,1054.0,946.0,75800,0.00010538889201078208,0.00010538889201078208,9.99990000099999e-06,9.99990000099999e-06
75900,939,938,1061.0,939.0,75900,0.00010608874398426327,0.00010618872275764314,9.99990000099999e-06,9.99990000099999e-06
76000,938,938,1062.0,938.0,76000,0.00010618872275764314,0.00010618872275764314,9.99990000099999e-06,9.99990000099999e-06
76100,938,937,1062.0,938.0,76100,0.00010618872275764314,0.0001062887015110294,9.99990000099999e-06,9.99990000099999e-06
76200,944,944,1056.0,944.0,76200,0.00010558884981745929,0.00010558884981745929,9.99990000099999e-06,9.99990000099999e-06
76300,943,943,1057.0,943.0,76300,0.00010568882869080739,0.00010568882869080739,9.99990000099999e-06,9.99990000099999e-06
76400,947,947,1053.0,947.0,76400,0.00010528891307745295,0.00010528891307745295,9.99990000099999e-06,9.99990000099999e-06
76500,947,947,1053.0,947.0,76500,0.00010528891307745295,0.00010528891307745295,9.99990000099999e-06,9.99990000099999e-06
76600,944,944,1056.0,944.0,76600,0.00010558884981745929,0.00010558884981745929,9.99990000099999e-06,9.99990000099999e-06
76700,944,944,1057.0,944.0,76700,0.00010558884981745929,0.00010558884981745929,9.99990000099999e-06,9.99990000099999e-06
76800,947,947,1053.0,947.0,76800,0.00010528891307745295,0.00010528891307745295,9.99990000099999e-06,9.99990000099999e-06
76900,946,946,1054.0,946.0,76900,0.00010538889201078208,0.00010538889201078208,9.99990000099999e-06,9.99990000099999e-06
77000,949,949,1051.0,949.0,77000,0.00010508895515081363,0.00010508895515081363,9.99990000099999e-06,9.99990000099999e-06
77100,956,956,1044.0,956.0,77100,0.0001043891017777744,0.0001043891017777744,9.99990000099999e-06,9.99990000099999e-06
77200,955,955,1045.0,955.0,77200,0.0001044890808910469,0.0001044890808910469,9.99990000099999e-06,9.99990000099999e-06
77300,939,938,1061.0,938.0,77300,0.00010608874398426327,0.00010618872275764314,9.99990000099999e-06,9.99990000099999e-06
77400,948,948,1052.0,948.0,77400,0.00010518893412413015,0.00010518893412413015,9.99990000099999e-06,9.99990000099999e-06
77500,946,946,1054.0,946.0,77500,0.00010538889201078208,0.00010538889201078208,9.99990000099999e-06,9.99990000099999e-06
77600,948,947,1053.0,947.0,77600,0.00010518893412413015,0.00010528891307745295,9.99990000099999e-06,9.99990000099999e-06
77700,945,945,1055.0,945.0,77700,0.0001054888709241175,0.0001054888709241175,9.99990000099999e-06,9.99990000099999e-06
77800,946,946,1054.0,946.0,77800,0.00010538889201078208,0.00010538889201078208,9.99990000099999e-06,9.99990000099999e-06
77900,944,944,1055.0,945.0,77900,0.00010558884981745929,0.00010558884981745929,9.99990000099999e-06,9.99990000099999e-06
78000,949,949,1051.0,949.0,78000,0.00010508895515081363,0.00010508895515081363,9.99990000099999e-06,9.99990000099999e-06
78100,944,944,1057.0,943.0,78100,0.00010558884981745929,0.00010558884981745929,9.99990000099999e-06,9.99990000099999e-06
78200,946,946,1054.0,946.0,78200,0.00010538889201078208,0.00010538889201078208,9.99990000099999e-06,9.99990000099999e-06
78300,932,932,1068.0,932.0,78300,0.00010678859497805635,0.00010678859497805635,9.99990000099999e-06,9.99990000099999e-06
78400,933,933,1067.0,933.0,78400,0.00010668861632463818,0.00010668861632463818,9.99990000099999e-06,9.99990000099999e-06
78500,937,937,1063.0,937.0,78500,0.0001062887015110294,0.0001062887015110294,9.99990000099999e-06,9.99990000099999e-06
78600,939,939,1061.0,939.0,78600,0.00010608874398426327,0.00010608874398426327,9.99990000099999e-06,9.99990000099999e-06
78700,936,936,1064.0,936.0,78700,0.00010638868024442201,0.00010638868024442201,9.99990000099999e-06,9.99990000099999e-06
78800,930,930,1070.0,930.0,78800,0.00010698855222491194,0.00010698855222491194,9.99990000099999e-06,9.99990000099999e-06
78900,926,926,1074.0,926.0,78900,0.00010738846647870019,0.00010738846647870019,9.99990000099999e-06,9.99990000099999e-06
79000,931,931,1069.0,931.0,79000,0.00010688857361148093,0.00010688857361148093,9.99990000099999e-06,9.99990000099999e-06
79100,936,936,1064.0,936.0,79100,0.00010638868024442201,0.00010638868024442201,9.99990000099999e-06,9.99990000099999e-06
79200,929,929,1071.0,929.0,79200,0.00010708853081834937,0.00010708853081834937,9.99990000099999e-06,9.99990000099999e-06
79300,923,923,1077.0,924.0,79300,0.000107688401959109,0.000107688401959109,9.99990000099999e-06,9.99990000099999e-06
79400,919,919,1081.0,919.0,79400,0.0001080883156530779,0.0001080883156530779,9.99990000099999e-06,9.99990000099999e-06
79500,922,922,1078.0,922.0,79500,0.0001077883804125915,0.0001077883804125915,9.99990000099999e-06,9.99990000099999e-06
79600,924,924,1076.0,923.0,79600,0.00010758842348563294,0.00010758842348563294,9.99990000099999e-06,9.99990000099999e-06
79700,912,912,1088.0,912.0,79700,0.00010878816384777336,0.00010878816384777336,9.99990000099999e-06,9.99990000099999e-06
79800,917,917,1083.0,917.0,79800,0.00010828827238010124,0.00010828827238010124,9.99990000099999e-06,9.99990000099999e-06
79900,916,916,1084.0,916.0,79900,0.00010838825071362264,0.00010838825071362264,9.99990000099999e-06,9.99990000099999e-06
80000,912,912,1088.0,912.0,80000,0.00010878816384777336,0.00010878816384777336,9.99990000099999e-06,9.99990000099999e-06
80100,914,914,1087.0,914.0,80100,0.00010858820732068498,0.00010858820732068498,9.99990000099999e-06,9.99990000099999e-06
80200,909,909,1091.0,909.0,80200,0.00010908809848845491,0.00010908809848845491,9.99990000099999e-06,9.99990000099999e-06
80300,909,909,1091.0,909.0,80300,0.00010908809848845491,0.00010908809848845491,9.99990000099999e-06,9.99990000099999e-06
80400,914,914,1086.0,914.0,80400,0.00010858820732068498,0.00010858820732068498,9.99990000099999e-06,9.99990000099999e-06
80500,908,908,1092.0,908.0,80500,0.0001091880766620285,0.0001091880766620285,9.99990000099999e-06,9.99990000099999e-06
80600,905,905,1095.0,905.0,80600,0.00010948801106278863,0.00010948801106278863,9.99990000099999e-06,9.99990000099999e-06
80700,899,899,1101.0,899.0,80700,0.00011008787932448639,0.00011008787932448639,9.99990000099999e-06,9.99990000099999e-06
80800,902,902,1098.0,902.0,80800,0.00010978794528360787,0.00010978794528360787,9.99990000099999e-06,9.99990000099999e-06
80900,903,903,1097.0,903.0,80900,0.00010968796722999486,0.00010968796722999486,9.99990000099999e-06,9.99990000099999e-06
81000,894,894,1106.0,894.0,81000,0.0001105877689927494,0.0001105877689927494,9.99990000099999e-06,9.99990000099999e-06
81100,896,896,1104.0,896.0,81100,0.00011038781318542434,0.00011038781318542434,9.99990000099999e-06,9.99990000099999e-06
81200,892,891,1109.0,891.0,81200,0.000110787724720101,0.00011088770255378679,9.99990000099999e-06,9.99990000099999e-06
81300,883,883,1117.0,883.0,81300,0.00011168752450351297,0.00011168752450351297,9.99990000099999e-06,9.99990000099999e-06
81400,879,878,1121.0,878.0,81400,0.00011208743499853669,0.0001121874125723094,9.99990000099999e-06,9.99990000099999e-06
81500,882,882,1118.0,882.0,81500,0.00011178750215725881,0.00011178750215725881,9.99990000099999e-06,9.99990000099999e-06
81600,884,884,1116.0,884.0,81600,0.00011158754682977379,0.00011158754682977379,9.99990000099999e-06,9.99990000099999e-06
81700,878,877,1123.0,878.0,81700,0.0001121874125723094,0.00011228739012608884,9.99990000099999e-06,9.99990000099999e-06
81800,873,873,1127.0,873.0,81800,0.00011268730014127407,0.00011268730014127407,9.99990000099999e-06,9.99990000099999e-06
81900,870,869,1131.0,870.0,81900,0.00011298723244273397,0.00011308720983656748,9.99990000099999e-06,9.99990000099999e-06
82000,870,870,1130.0,870.0,82000,0.00011298723244273397,0.00011298723244273397,9.99990000099999e-06,9.99990000099999e-06
82100,870,870,1130.0,870.0,82100,0.00011298723244273397,0.00011298723244273397,9.99990000099999e-06,9.99990000099999e-06
82200,872,872,1128.0,872.0,82200,0.00011278727759508727,0.00011278727759508727,9.99990000099999e-06,9.99990000099999e-06
82300,865,865,1135.0,865.0,82300,0.00011348711921196943,0.00011348711921196943,9.99990000099999e-06,9.99990000099999e-06
82400,870,869,1131.0,869.0,82400,0.00011298723244273397,0.00011308720983656748,9.99990000099999e-06,9.99990000099999e-06
82500,869,869,1131.0,869.0,82500,0.00011308720983656748,0.00011308720983656748,9.99990000099999e-06,9.99990000099999e-06
82600,864,864,1136.0,864.0,82600,0.00011358709650583694,0.00011358709650583694,9.99990000099999e-06,9.99990000099999e-06
82700,865,865,1135.0,865.0,82700,0.00011348711921196943,0.00011348711921196943,9.99990000099999e-06,9.99990000099999e-06
82800,861,861,1139.0,861.0,82800,0.00011388702826748035,0.00011388702826748035,9.99990000099999e-06,9.99990000099999e-06
82900,861,861,1138.0,861.0,82900,0.00011388702826748035,0.00011388702826748035,9.99990000099999e-06,9.99990000099999e-06
83000,864,864,1136.0,864.0,83000,0.00011358709650583694,0.00011358709650583694,9.99990000099999e-06,9.99990000099999e-06
83100,871,870,1129.0,871.0,83100,0.00011288725502890725,0.00011298723244273397,9.99990000099999e-06,9.99990000099999e-06
83200,875,875,1125.0,875.0,83200,0.00011248734517366796,0.00011248734517366796,9.99990000099999e-06,9.99990000099999e-06
83300,875,875,1125.0,875.0,83300,0.00011248734517366796,0.00011248734517366796,9.99990000099999e-06,9.99990000099999e-06
83400,878,878,1122.0,878.0,83400,0.0001121874125723094,0.0001121874125723094,9.99990000099999e-06,9.99990000099999e-06
83500,878,877,1122.0,878.0,83500,0.0001121874125723094,0.00011228739012608884,9.99990000099999e-06,9.99990000099999e-06
83600,883,883,1117.0,883.0,83600,0.00011168752450351297,0.00011168752450351297,9.99990000099999e-06,9.99990000099999e-06
83700,885,885,1115.0,885.0,83700,0.00011148756913604133,0.00011148756913604133,9.99990000099999e-06,9.99990000099999e-06
83800,889,889,1111.0,889.0,83800,0.00011108765816117828,0.00011108765816117828,9.99990000099999e-06,9.99990000099999e-06
83900,888,888,1112.0,888.0,83900,0.00011118763593488403,0.00011118763593488403,9.99990000099999e-06,9.99990000099999e-06
84000,879,879,1121.0,879.0,84000,0.00011208743499853669,0.00011208743499853669,9.99990000099999e-06,9.99990000099999e-06
84100,880,880,1120.0,880.0,84100,0.00011198745740477069,0.00011198745740477069,9.99990000099999e-06,9.99990000099999e-06
84200,877,877,1123.0,877.0,84200,0.00011228739012608884,0.00011228739012608884,9.99990000099999e-06,9.99990000099999e-06
84300,875,875,1125.0,875.0,84300,0.00011248734517366796,0.00011248734517366796,9.99990000099999e-06,9.99990000099999e-06
84400,869,869,1131.0,869.0,84400,0.00011308720983656748,0.00011308720983656748,9.99990000099999e-06,9.99990000099999e-06
84500,867,867,1133.0,867.0,84500,0.00011328716456425487,0.00011328716456425487,9.99990000099999e-06,9.99990000099999e-06
84600,867,867,1133.0,867.0,84600,0.00011328716456425487,0.00011328716456425487,9.99990000099999e-06,9.99990000099999e-06
84700,878,878,1121.0,879.0,84700,0.0001121874125723094,0.0001121874125723094,9.99990000099999e-06,9.99990000099999e-06
84800,879,879,1122.0,879.0,84800,0.00011208743499853669,0.00011208743499853669,9.99990000099999e-06,9.99990000099999e-06
84900,881,881,1119.0,881.0,84900,0.00011188747979101137,0.00011188747979101137,9.99990000099999e-06,9.99990000099999e-06
85000,883,883,1117.0,883.0,85000,0.00011168752450351297,0.00011168752450351297,9.99990000099999e-06,9.99990000099999e-06
85100,890,890,1110.0,890.0,85100,0.00011098768036747922,0.00011098768036747922,9.99990000099999e-06,9.99990000099999e-06
85200,890,889,1110.0,890.0,85200,0.00011098768036747922,0.00011108765816117828,9.99990000099999e-06,9.99990000099999e-06
85300,893,893,1107.0,893.0,85300,0.00011068774686642189,0.00011068774686642189,9.99990000099999e-06,9.99990000099999e-06
85400,887,887,1113.0,887.0,85400,0.00011128761368859648,0.00011128761368859648,9.99990000099999e-06,9.99990000099999e-06
85500,897,896,1103.0,896.0,85500,0.00011028783525177173,0.00011038781318542434,9.99990000099999e-06,9.99990000099999e-06
85600,902,902,1098.0,902.0,85600,0.00010978794528360787,0.00010978794528360787,9.99990000099999e-06,9.99990000099999e-06
85700,901,901,1099.0,901.0,85700,0.00010988792331722744,0.00010988792331722744,9.99990000099999e-06,9.99990000099999e-06
85800,892,892,1108.0,892.0,85800,0.000110787724720101,0.000110787724720101,9.99990000099999e-06,9.99990000099999e-06
85900,887,887,1113.0,887.0,85900,0.00011128761368859648,0.00011128761368859648,9.99990000099999e-06,9.99990000099999e-06
86000,887,887,1113.0,887.0,86000,0.00011128761368859648,0.00011128761368859648,9.99990000099999e-06,9.99990000099999e-06
86100,891,891,1109.0,891.0,86100,0.00011088770255378679,0.00011088770255378679,9.99990000099999e-06,9.99990000099999e-06
86200,895,895,1105.0,895.0,86200,0.00011048779109908357,0.00011048779109908357,9.99990000099999e-06,9.99990000099999e-06
86300,901,901,1099.0,901.0,86300,0.00010988792331722744,0.00010988792331722744,9.99990000099999e-06,9.99990000099999e-06
86400,899,899,1101.0,899.0,86400,0.00011008787932448639,0.00011008787932448639,9.99990000099999e-06,9.99990000099999e-06
86500,897,897,1104.0,897.0,86500,0.00011028783525177173,0.00011028783525177173,9.99990000099999e-06,9.99990000099999e-06
86600,901,901,1099.0,901.0,86600,0.00010988792331722744,0.00010988792331722744,9.99990000099999e-06,9.99990000099999e-06
86700,906,906,1094.0,906.0,86700,0.00010938803294919535,0.00010938803294919535,9.99990000099999e-06,9.99990000099999e-06
86800,910,910,1090.0,910.0,86800,0.00010898812029488787,0.00010898812029488787,9.99990000099999e-06,9.99990000099999e-06
86900,909,909,1090.0,909.0,86900,0.00010908809848845491,0.00010908809848845491,9.99990000099999e-06,9.99990000099999e-06
87000,910,910,1090.0,910.0,87000,0.00010898812029488787,0.00010898812029488787,9.99990000099999e-06,9.99990000099999e-06
87100,916,916,1084.0,916.0,87100,0.00010838825071362264,0.00010838825071362264,9.99990000099999e-06,9.99990000099999e-06
87200,919,919,1081.0,919.0,87200,0.0001080883156530779,0.0001080883156530779,9.99990000099999e-06,9.99990000099999e-06
87300,918,918,1082.0,918.0,87300,0.00010818829402658634,0.00010818829402658634,9.99990000099999e-06,9.99990000099999e-06
87400,922,922,1078.0,922.0,87400,0.0001077883804125915,0.0001077883804125915,9.99990000099999e-06,9.99990000099999e-06
87500,915,915,1085.0,915.0,87500,0.00010848822902715054,0.00010848822902715054,9.99990000099999e-06,9.99990000099999e-06
87600,911,911,1089.0,911.0,87600,0.00010888814208132734,0.00010888814208132734,9.99990000099999e-06,9.99990000099999e-06
87700,916,916,1084.0,916.0,87700,0.00010838825071362264,0.00010838825071362264,9.99990000099999e-06,9.99990000099999e-06
87800,919,919,1081.0,919.0,87800,0.0001080883156530779,0.0001080883156530779,9.99990000099999e-06,9.99990000099999e-06
87900,919,919,1081.0,919.0,87900,0.0001080883156530779,0.0001080883156530779,9.99990000099999e-06,9.99990000099999e-06
88000,916,916,1084.0,916.0,88000,0.00010838825071362264,0.00010838825071362264,9.99990000099999e-06,9.99990000099999e-06
88100,911,911,1089.0,911.0,88100,0.00010888814208132734,0.00010888814208132734,9.99990000099999e-06,9.99990000099999e-06
88200,911,911,1089.0,911.0,88200,0.00010888814208132734,0.00010888814208132734,9.99990000099999e-06,9.99990000099999e-06
88300,922,922,1079.0,921.0,88300,0.0001077883804125915,0.0001077883804125915,9.99990000099999e-06,9.99990000099999e-06
88400,926,926,1074.0,926.0,88400,0.00010738846647870019,0.00010738846647870019,9.99990000099999e-06,9.99990000099999e-06
88500,929,929,1071.0,929.0,88500,0.00010708853081834937,0.00010708853081834937,9.99990000099999e-06,9.99990000099999e-06
88600,930,930,1070.0,930.0,88600,0.00010698855222491194,0.00010698855222491194,9.99990000099999e-06,9.99990000099999e-06
88700,928,928,1072.0,928.0,88700,0.00010718850939179321,0.00010718850939179321,9.99990000099999e-06,9.99990000099999e-06
88800,933,932,1068.0,933.0,88800,0.00010668861632463818,0.00010678859497805635,9.99990000099999e-06,9.99990000099999e-06
88900,925,925,1075.0,925.0,88900,0.00010748844499216334,0.00010748844499216334,9.99990000099999e-06,9.99990000099999e-06
89000,926,926,1074.0,926.0,89000,0.00010738846647870019,0.00010738846647870019,9.99990000099999e-06,9.99990000099999e-06
89100,919,919,1081.0,919.0,89100,0.0001080883156530779,0.0001080883156530779,9.99990000099999e-06,9.99990000099999e-06
89200,921,921,1079.0,921.0,89200,0.00010788835884608052,0.00010788835884608052,9.99990000099999e-06,9.99990000099999e-06
89300,929,929,1071.0,929.0,89300,0.00010708853081834937,0.00010708853081834937,9.99990000099999e-06,9.99990000099999e-06
89400,935,935,1065.0,935.0,89400,0.000106488658957821,0.000106488658957821,9.99990000099999e-06,9.99990000099999e-06
89500,929,929,1071.0,929.0,89500,0.00010708853081834937,0.00010708853081834937,9.99990000099999e-06,9.99990000099999e-06
89600,931,931,1069.0,931.0,89600,0.00010688857361148093,0.00010688857361148093,9.99990000099999e-06,9.99990000099999e-06
89700,929,929,1071.0,929.0,89700,0.00010708853081834937,0.00010708853081834937,9.99990000099999e-06,9.99990000099999e-06
89800,932,932,1068.0,932.0,89800,0.00010678859497805635,0.00010678859497805635,9.99990000099999e-06,9.99990000099999e-06
89900,930,930,1070.0,930.0,89900,0.00010698855222491194,0.00010698855222491194,9.99990000099999e-06,9.99990000099999e-06
90000,924,924,1076.0,924.0,90000,0.00010758842348563294,0.00010758842348563294,9.99990000099999e-06,9.99990000099999e-06
90100,921,921,1079.0,921.0,90100,0.00010788835884608052,0.00010788835884608052,9.99990000099999e-06,9.99990000099999e-06
90200,929,929,1071.0,929.0,90200,0.00010708853081834937,0.00010708853081834937,9.99990000099999e-06,9.99990000099999e-06
90300,922,922,1078.0,922.0,90300,0.0001077883804125915,0.0001077883804125915,9.99990000099999e-06,9.99990000099999e-06
90400,923,923,1077.0,923.0,90400,0.000107688401959109,0.000107688401959109,9.99990000099999e-06,9.99990000099999e-06
90500,905,905,1095.0,905.0,90500,0.00010948801106278863,0.00010948801106278863,9.99990000099999e-06,9.99990000099999e-06
90600,907,907,1093.0,907.0,90600,0.00010928805481560865,0.00010928805481560865,9.99990000099999e-06,9.99990000099999e-06
90700,903,903,1097.0,903.0,90700,0.00010968796722999486,0.00010968796722999486,9.99990000099999e-06,9.99990000099999e-06
90800,900,900,1100.0,900.0,90800,0.00010998790133085361,0.00010998790133085361,9.99990000099999e-06,9.99990000099999e-06
90900,899,899,1101.0,899.0,90900,0.00011008787932448639,0.00011008787932448639,9.99990000099999e-06,9.99990000099999e-06
91000,893,893,1107.0,893.0,91000,0.00011068774686642189,0.00011068774686642189,9.99990000099999e-06,9.99990000099999e-06
91100,901,901,1099.0,901.0,91100,0.00010988792331722744,0.00010988792331722744,9.99990000099999e-06,9.99990000099999e-06
91200,888,888,1112.0,888.0,91200,0.00011118763593488403,0.00011118763593488403,9.99990000099999e-06,9.99990000099999e-06
91300,891,890,1110.0,890.0,91300,0.00011088770255378679,0.00011098768036747922,9.99990000099999e-06,9.99990000099999e-06
91400,885,885,1115.0,885.0,91400,0.00011148756913604133,0.00011148756913604133,9.99990000099999e-06,9.99990000099999e-06
91500,889,889,1111.0,889.0,91500,0.00011108765816117828,0.00011108765816117828,9.99990000099999e-06,9.99990000099999e-06
91600,890,889,1111.0,889.0,91600,0.00011098768036747922,0.00011108765816117828,9.99990000099999e-06,9.99990000099999e-06
91700,888,888,1112.0,888.0,91700,0.00011118763593488403,0.00011118763593488403,9.99990000099999e-06,9.99990000099999e-06
91800,888,888,1112.0,888.0,91800,0.00011118763593488403,0.00011118763593488403,9.99990000099999e-06,9.99990000099999e-06
91900,884,884,1116.0,884.0,91900,0.00011158754682977379,0.00011158754682977379,9.99990000099999e-06,9.99990000099999e-06
92000,886,886,1114.0,886.0,92000,0.00011138759142231556,0.00011138759142231556,9.99990000099999e-06,9.99990000099999e-06
92100,893,893,1107.0,893.0,92100,0.00011068774686642189,0.00011068774686642189,9.99990000099999e-06,9.99990000099999e-06
92200,892,892,1108.0,892.0,92200,0.000110787724720101,0.000110787724720101,9.99990000099999e-06,9.99990000099999e-06
92300,895,895,1105.0,895.0,92300,0.00011048779109908357,0.00011048779109908357,9.99990000099999e-06,9.99990000099999e-06
92400,892,892,1108.0,892.0,92400,0.000110787724720101,0.000110787724720101,9.99990000099999e-06,9.99990000099999e-06
92500,889,889,1111.0,889.0,92500,0.00011108765816117828,0.00011108765816117828,9.99990000099999e-06,9.99990000099999e-06
92600,884,884,1116.0,884.0,92600,0.00011158754682977379,0.00011158754682977379,9.99990000099999e-06,9.99990000099999e-06
92700,880,880,1120.0,880.0,92700,0.00011198745740477069,0.00011198745740477069,9.99990000099999e-06,9.99990000099999e-06
92800,876,876,1124.0,876.0,92800,0.00011238736765987504,0.00011238736765987504,9.99990000099999e-06,9.99990000099999e-06
92900,874,874,1126.0,874.0,92900,0.00011258732266746764,0.00011258732266746764,9.99990000099999e-06,9.99990000099999e-06
93000,877,877,1123.0,877.0,93000,0.00011228739012608884,0.00011228739012608884,9.99990000099999e-06,9.99990000099999e-06
93100,878,878,1122.0,878.0,93100,0.0001121874125723094,0.0001121874125723094,9.99990000099999e-06,9.99990000099999e-06
93200,879,879,1121.0,879.0,93200,0.00011208743499853669,0.00011208743499853669,9.99990000099999e-06,9.99990000099999e-06
93300,875,875,1125.0,875.0,93300,0.00011248734517366796,0.00011248734517366796,9.99990000099999e-06,9.99990000099999e-06
93400,874,874,1126.0,874.0,93400,0.00011258732266746764,0.00011258732266746764,9.99990000099999e-06,9.99990000099999e-06
93500,864,864,1136.0,864.0,93500,0.00011358709650583694,0.00011358709650583694,9.99990000099999e-06,9.99990000099999e-06
93600,860,860,1140.0,860.0,93600,0.00011398700548137514,0.00011398700548137514,9.99990000099999e-06,9.99990000099999e-06
93700,862,862,1138.0,862.0,93700,0.00011378705103359238,0.00011378705103359238,9.99990000099999e-06,9.99990000099999e-06
93800,859,859,1141.0,859.0,93800,0.00011408698267527674,0.00011408698267527674,9.99990000099999e-06,9.99990000099999e-06
93900,851,851,1149.0,851.0,93900,0.00011488679950673668,0.00011488679950673668,9.99990000099999e-06,9.99990000099999e-06
94000,849,849,1151.0,849.0,94000,0.00011508675351467046,0.00011508675351467046,9.99990000099999e-06,9.99990000099999e-06
94100,842,842,1158.0,842.0,94100,0.0001157865919126565,0.0001157865919126565,9.99990000099999e-06,9.99990000099999e-06
94200,841,841,1159.0,841.0,94200,0.00011588656874668226,0.00011588656874668226,9.99990000099999e-06,9.99990000099999e-06
94300,842,842,1158.0,842.0,94300,0.0001157865919126565,0.0001157865919126565,9.99990000099999e-06,9.99990000099999e-06
94400,843,842,1157.0,843.0,94400,0.00011568661505863772,0.0001157865919126565,9.99990000099999e-06,9.99990000099999e-06
94500,839,839,1161.0,839.0,94500,0.0001160865223547546,0.0001160865223547546,9.99990000099999e-06,9.99990000099999e-06
94600,836,836,1164.0,836.0,94600,0.0001163864526169154,0.0001163864526169154,9.99990000099999e-06,9.99990000099999e-06
94700,834,834,1167.0,834.0,94700,0.00011658640602505749,0.00011658640602505749,9.99990000099999e-06,9.99990000099999e-06
94800,833,833,1167.0,833.0,94800,0.00011668638269913902,0.00011668638269913902,9.99990000099999e-06,9.99990000099999e-06
94900,838,838,1162.0,838.0,94900,0.00011618649912880125,0.00011618649912880125,9.99990000099999e-06,9.99990000099999e-06
95000,844,844,1156.0,844.0,95000,0.00011558663818462586,0.00011558663818462586,9.99990000099999e-06,9.99990000099999e-06
95100,848,848,1152.0,848.0,95100,0.0001151867304886477,0.0001151867304886477,9.99990000099999e-06,9.99990000099999e-06
95200,851,851,1149.0,851.0,95200,0.00011488679950673668,0.00011488679950673668,9.99990000099999e-06,9.99990000099999e-06
95300,855,855,1145.0,855.0,95300,0.00011448689125095177,0.00011448689125095177,9.99990000099999e-06,9.99990000099999e-06
95400,858,858,1142.0,859.0,95400,0.00011418695984918521,0.00011418695984918521,9.99990000099999e-06,9.99990000099999e-06
95500,859,859,1141.0,859.0,95500,0.00011408698267527674,0.00011408698267527674,9.99990000099999e-06,9.99990000099999e-06
95600,858,858,1142.0,858.0,95600,0.00011418695984918521,0.00011418695984918521,9.99990000099999e-06,9.99990000099999e-06
95700,858,858,1142.0,858.0,95700,0.00011418695984918521,0.00011418695984918521,9.99990000099999e-06,9.99990000099999e-06
95800,865,865,1135.0,865.0,95800,0.00011348711921196943,0.00011348711921196943,9.99990000099999e-06,9.99990000099999e-06
95900,870,870,1130.0,870.0,95900,0.00011298723244273397,0.00011298723244273397,9.99990000099999e-06,9.99990000099999e-06
96000,871,871,1129.0,871.0,96000,0.00011288725502890725,0.00011288725502890725,9.99990000099999e-06,9.99990000099999e-06
96100,880,880,1120.0,880.0,96100,0.00011198745740477069,0.00011198745740477069,9.99990000099999e-06,9.99990000099999e-06
96200,874,874,1126.0,874.0,96200,0.00011258732266746764,0.00011258732266746764,9.99990000099999e-06,9.99990000099999e-06
96300,872,872,1128.0,872.0,96300,0.00011278727759508727,0.00011278727759508727,9.99990000099999e-06,9.99990000099999e-06
96400,874,874,1126.0,874.0,96400,0.00011258732266746764,0.00011258732266746764,9.99990000099999e-06,9.99990000099999e-06
96500,874,874,1125.0,875.0,96500,0.00011258732266746764,0.00011258732266746764,9.99990000099999e-06,9.99990000099999e-06
96600,876,876,1124.0,876.0,96600,0.00011238736765987504,0.00011238736765987504,9.99990000099999e-06,9.99990000099999e-06
96700,881,881,1119.0,881.0,96700,0.00011188747979101137,0.00011188747979101137,9.99990000099999e-06,9.99990000099999e-06
96800,876,876,1124.0,876.0,96800,0.00011238736765987504,0.00011238736765987504,9.99990000099999e-06,9.99990000099999e-06
96900,883,882,1118.0,882.0,96900,0.00011168752450351297,0.00011178750215725881,9.99990000099999e-06,9.99990000099999e-06
97000,886,886,1115.0,885.0,97000,0.00011138759142231556,0.00011138759142231556,9.99990000099999e-06,9.99990000099999e-06
97100,884,883,1116.0,883.0,97100,0.00011158754682977379,0.00011168752450351297,9.99990000099999e-06,9.99990000099999e-06
97200,883,883,1117.0,883.0,97200,0.00011168752450351297,0.00011168752450351297,9.99990000099999e-06,9.99990000099999e-06
97300,878,878,1122.0,878.0,97300,0.0001121874125723094,0.0001121874125723094,9.99990000099999e-06,9.99990000099999e-06
97400,884,884,1116.0,884.0,97400,0.00011158754682977379,0.00011158754682977379,9.99990000099999e-06,9.99990000099999e-06
97500,877,876,1123.0,877.0,97500,0.00011228739012608884,0.00011238736765987504,9.99990000099999e-06,9.99990000099999e-06
97600,881,881,1119.0,881.0,97600,0.00011188747979101137,0.00011188747979101137,9.99990000099999e-06,9.99990000099999e-06
97700,889,889,1111.0,889.0,97700,0.00011108765816117828,0.00011108765816117828,9.99990000099999e-06,9.99990000099999e-06
97800,889,890,1111.0,890.0,97800,0.00011108765816117828,0.00011098768036747922,9.99990000099999e-06,9.99990000099999e-06
97900,889,889,1111.0,889.0,97900,0.00011108765816117828,0.00011108765816117828,9.99990000099999e-06,9.99990000099999e-06
98000,882,882,1118.0,882.0,98000,0.00011178750215725881,0.00011178750215725881,9.99990000099999e-06,9.99990000099999e-06
98100,879,879,1121.0,879.0,98100,0.00011208743499853669,0.00011208743499853669,9.99990000099999e-06,9.99990000099999e-06
98200,878,878,1122.0,878.0,98200,0.0001121874125723094,0.0001121874125723094,9.99990000099999e-06,9.99990000099999e-06
98300,878,878,1122.0,878.0,98300,0.0001121874125723094,0.0001121874125723094,9.99990000099999e-06,9.99990000099999e-06
98400,879,878,1122.0,878.0,98400,0.00011208743499853669,0.0001121874125723094,9.99990000099999e-06,9.99990000099999e-06
98500,885,885,1115.0,885.0,98500,0.00011148756913604133,0.00011148756913604133,9.99990000099999e-06,9.99990000099999e-06
98600,891,891,1109.0,891.0,98600,0.00011088770255378679,0.00011088770255378679,9.99990000099999e-06,9.99990000099999e-06
98700,892,892,1108.0,892.0,98700,0.000110787724720101,0.000110787724720101,9.99990000099999e-06,9.99990000099999e-06
98800,885,885,1115.0,885.0,98800,0.00011148756913604133,0.00011148756913604133,9.99990000099999e-06,9.99990000099999e-06
98900,883,883,1117.0,883.0,98900,0.00011168752450351297,0.00011168752450351297,9.99990000099999e-06,9.99990000099999e-06
99000,889,889,1111.0,889.0,99000,0.00011108765816117828,0.00011108765816117828,9.99990000099999e-06,9.99990000099999e-06
99100,890,890,1110.0,890.0,99100,0.00011098768036747922,0.00011098768036747922,9.99990000099999e-06,9.99990000099999e-06
99200,895,895,1105.0,895.0,99200,0.00011048779109908357,0.00011048779109908357,9.99990000099999e-06,9.99990000099999e-06
99300,890,890,1110.0,890.0,99300,0.00011098768036747922,0.00011098768036747922,9.99990000099999e-06,9.99990000099999e-06
99400,890,890,1110.0,890.0,99400,0.00011098768036747922,0.00011098768036747922,9.99990000099999e-06,9.99990000099999e-06
99500,895,895,1105.0,895.0,99500,0.00011048779109908357,0.00011048779109908357,9.99990000099999e-06,9.99990000099999e-06
99600,900,900,1100.0,900.0,99600,0.00010998790133085361,0.00010998790133085361,9.99990000099999e-06,9.99990000099999e-06
99700,897,897,1103.0,897.0,99700,0.00011028783525177173,0.00011028783525177173,9.99990000099999e-06,9.99990000099999e-06
99800,902,902,1098.0,902.0,99800,0.00010978794528360787,0.00010978794528360787,9.99990000099999e-06,9.99990000099999e-06
99900,901,901,1099.0,901.0,99900,0.00010988792331722744,0.00010988792331722744,9.99990000099999e-06,9.99990000099999e-06
100000,897,897,1103.0,897.0,100000,0.00011028783525177173,0.00011028783525177173,9.99990000099999e-06,9.99990000099999e-06
100100,894,894,1106.0,894.0,100100,0.0001105877689927494,0.0001105877689927494,9.99990000099999e-06,9.99990000099999e-06
100200,892,892,1108.0,892.0,100200,0.000110787724720101,0.000110787724720101,9.99990000099999e-06,9.99990000099999e-06
100300,894,894,1106.0,894.0,100300,0.0001105877689927494,0.0001105877689927494,9.99990000099999e-06,9.99990000099999e-06
100400,893,893,1107.0,893.0,100400,0.00011068774686642189,0.00011068774686642189,9.99990000099999e-06,9.99990000099999e-06
100500,896,896,1105.0,896.0,100500,0.00011038781318542434,0.00011038781318542434,9.99990000099999e-06,9.99990000099999e-06
100600,896,896,1104.0,896.0,100600,0.00011038781318542434,0.00011038781318542434,9.99990000099999e-06,9.99990000099999e-06
100700,896,895,1104.0,896.0,100700,0.00011038781318542434,0.00011048779109908357,9.99990000099999e-06,9.99990000099999e-06
100800,896,896,1104.0,896.0,100800,0.00011038781318542434,0.00011038781318542434,9.99990000099999e-06,9.99990000099999e-06
100900,897,897,1103.0,897.0,100900,0.00011028783525177173,0.00011028783525177173,9.99990000099999e-06,9.99990000099999e-06
101000,896,896,1104.0,896.0,101000,0.00011038781318542434,0.00011038781318542434,9.99990000099999e-06,9.99990000099999e-06
101100,894,894,1106.0,894.0,101100,0.0001105877689927494,0.0001105877689927494,9.99990000099999e-06,9.99990000099999e-06
101200,896,896,1104.0,896.0,101200,0.00011038781318542434,0.00011038781318542434,9.99990000099999e-06,9.99990000099999e-06
101300,887,886,1113.0,887.0,101300,0.00011128761368859648,0.00011138759142231556,9.99990000099999e-06,9.99990000099999e-06
101400,892,892,1108.0,892.0,101400,0.000110787724720101,0.000110787724720101,9.99990000099999e-06,9.99990000099999e-06
101500,889,889,1111.0,889.0,101500,0.00011108765816117828,0.00011108765816117828,9.99990000099999e-06,9.99990000099999e-06
101600,894,893,1107.0,893.0,101600,0.0001105877689927494,0.00011068774686642189,9.99990000099999e-06,9.99990000099999e-06
101700,897,896,1104.0,896.0,101700,0.00011028783525177173,0.00011038781318542434,9.99990000099999e-06,9.99990000099999e-06
101800,892,892,1108.0,892.0,101800,0.000110787724720101,0.000110787724720101,9.99990000099999e-06,9.99990000099999e-06
101900,890,890,1110.0,890.0,101900,0.00011098768036747922,0.00011098768036747922,9.99990000099999e-06,9.99990000099999e-06
102000,890,890,1110.0,890.0,102000,0.00011098768036747922,0.00011098768036747922,9.99990000099999e-06,9.99990000099999e-06
102100,889,889,1111.0,889.0,102100,0.00011108765816117828,0.00011108765816117828,9.99990000099999e-06,9.99990000099999e-06
102200,893,893,1107.0,893.0,102200,0.00011068774686642189,0.00011068774686642189,9.99990000099999e-06,9.99990000099999e-06
102300,902,900,1099.0,902.0,102300,0.00010978794528360787,0.00010998790133085361,9.99990000099999e-06,9.99990000099999e-06
102400,904,904,1096.0,904.0,102400,0.00010958798915638846,0.00010958798915638846,9.99990000099999e-06,9.99990000099999e-06
102500,902,901,1099.0,901.0,102500,0.00010978794528360787,0.00010988792331722744,9.99990000099999e-06,9.99990000099999e-06
102600,897,897,1103.0,897.0,102600,0.00011028783525177173,0.00011028783525177173,9.99990000099999e-06,9.99990000099999e-06
102700,902,902,1098.0,902.0,102700,0.00010978794528360787,0.00010978794528360787,9.99990000099999e-06,9.99990000099999e-06
102800,903,903,1097.0,903.0,102800,0.00010968796722999486,0.00010968796722999486,9.99990000099999e-06,9.99990000099999e-06
102900,902,902,1098.0,902.0,102900,0.00010978794528360787,0.00010978794528360787,9.99990000099999e-06,9.99990000099999e-06
103000,901,901,1099.0,901.0,103000,0.00010988792331722744,0.00010988792331722744,9.99990000099999e-06,9.99990000099999e-06
103100,908,908,1092.0,908.0,103100,0.0001091880766620285,0.0001091880766620285,9.99990000099999e-06,9.99990000099999e-06
103200,907,907,1093.0,907.0,103200,0.00010928805481560865,0.00010928805481560865,9.99990000099999e-06,9.99990000099999e-06
103300,898,898,1102.0,898.0,103300,0.00011018785729812575,0.00011018785729812575,9.99990000099999e-06,9.99990000099999e-06
103400,898,897,1103.0,897.0,103400,0.00011018785729812575,0.00011028783525177173,9.99990000099999e-06,9.99990000099999e-06
103500,897,897,1103.0,897.0,103500,0.00011028783525177173,0.00011028783525177173,9.99990000099999e-06,9.99990000099999e-06
103600,897,897,1103.0,897.0,103600,0.00011028783525177173,0.00011028783525177173,9.99990000099999e-06,9.99990000099999e-06
103700,894,894,1106.0,894.0,103700,0.0001105877689927494,0.0001105877689927494,9.99990000099999e-06,9.99990000099999e-06
103800,893,892,1108.0,892.0,103800,0.00011068774686642189,0.000110787724720101,9.99990000099999e-06,9.99990000099999e-06
103900,888,887,1113.0,887.0,103900,0.00011118763593488403,0.00011128761368859648,9.99990000099999e-06,9.99990000099999e-06
104000,886,886,1114.0,886.0,104000,0.00011138759142231556,0.00011138759142231556,9.99990000099999e-06,9.99990000099999e-06
104100,891,891,1109.0,891.0,104100,0.00011088770255378679,0.00011088770255378679,9.99990000099999e-06,9.99990000099999e-06
104200,891,891,1109.0,891.0,104200,0.00011088770255378679,0.00011088770255378679,9.99990000099999e-06,9.99990000099999e-06
104300,886,886,1114.0,886.0,104300,0.00011138759142231556,0.00011138759142231556,9.99990000099999e-06,9.99990000099999e-06
104400,887,886,1113.0,887.0,104400,0.00011128761368859648,0.00011138759142231556,9.99990000099999e-06,9.99990000099999e-06
104500,889,889,1111.0,889.0,104500,0.00011108765816117828,0.00011108765816117828,9.99990000099999e-06,9.99990000099999e-06
104600,887,887,1113.0,887.0,104600,0.00011128761368859648,0.00011128761368859648,9.99990000099999e-06,9.99990000099999e-06
104700,891,891,1109.0,891.0,104700,0.00011088770255378679,0.00011088770255378679,9.99990000099999e-06,9.99990000099999e-06
104800,889,889,1111.0,889.0,104800,0.00011108765816117828,0.00011108765816117828,9.99990000099999e-06,9.99990000099999e-06
104900,890,890,1110.0,890.0,104900,0.00011098768036747922,0.00011098768036747922,9.99990000099999e-06,9.99990000099999e-06
105000,896,896,1104.0,896.0,105000,0.00011038781318542434,0.00011038781318542434,9.99990000099999e-06,9.99990000099999e-06
105100,888,888,1112.0,888.0,105100,0.00011118763593488403,0.00011118763593488403,9.99990000099999e-06,9.99990000099999e-06
105200,890,890,1110.0,890.0,105200,0.00011098768036747922,0.00011098768036747922,9.99990000099999e-06,9.99990000099999e-06
105300,885,885,1115.0,885.0,105300,0.00011148756913604133,0.00011148756913604133,9.99990000099999e-06,9.99990000099999e-06
105400,897,897,1104.0,897.0,105400,0.00011028783525177173,0.00011028783525177173,9.99990000099999e-06,9.99990000099999e-06
105500,896,896,1104.0,896.0,105500,0.00011038781318542434,0.00011038781318542434,9.99990000099999e-06,9.99990000099999e-06
105600,904,903,1097.0,903.0,105600,0.00010958798915638846,0.00010968796722999486,9.99990000099999e-06,9.99990000099999e-06
105700,902,902,1098.0,902.0,105700,0.00010978794528360787,0.00010978794528360787,9.99990000099999e-06,9.99990000099999e-06
105800,910,910,1090.0,910.0,105800,0.00010898812029488787,0.00010898812029488787,9.99990000099999e-06,9.99990000099999e-06
105900,904,904,1096.0,904.0,105900,0.00010958798915638846,0.00010958798915638846,9.99990000099999e-06,9.99990000099999e-06
106000,913,912,1087.0,913.0,106000,0.00010868818559422593,0.00010878816384777336,9.99990000099999e-06,9.99990000099999e-06
106100,916,916,1084.0,916.0,106100,0.00010838825071362264,0.00010838825071362264,9.99990000099999e-06,9.99990000099999e-06
106200,910,910,1090.0,910.0,106200,0.00010898812029488787,0.00010898812029488787,9.99990000099999e-06,9.99990000099999e-06
106300,912,912,1088.0,912.0,106300,0.00010878816384777336,0.00010878816384777336,9.99990000099999e-06,9.99990000099999e-06
106400,914,914,1086.0,914.0,106400,0.00010858820732068498,0.00010858820732068498,9.99990000099999e-06,9.99990000099999e-06
106500,908,908,1092.0,908.0,106500,0.0001091880766620285,0.0001091880766620285,9.99990000099999e-06,9.99990000099999e-06
106600,905,905,1095.0,905.0,106600,0.00010948801106278863,0.00010948801106278863,9.99990000099999e-06,9.99990000099999e-06
106700,900,900,1100.0,899.0,106700,0.00010998790133085361,0.00010998790133085361,9.99990000099999e-06,9.99990000099999e-06
106800,907,907,1092.0,908.0,106800,0.00010928805481560865,0.00010928805481560865,9.99990000099999e-06,9.99990000099999e-06
106900,910,909,1091.0,909.0,106900,0.00010898812029488787,0.00010908809848845491,9.99990000099999e-06,9.99990000099999e-06
107000,911,911,1089.0,911.0,107000,0.00010888814208132734,0.00010888814208132734,9.99990000099999e-06,9.99990000099999e-06
107100,899,899,1101.0,899.0,107100,0.00011008787932448639,0.00011008787932448639,9.99990000099999e-06,9.99990000099999e-06
107200,897,897,1103.0,897.0,107200,0.00011028783525177173,0.00011028783525177173,9.99990000099999e-06,9.99990000099999e-06
107300,895,895,1105.0,895.0,107300,0.00011048779109908357,0.00011048779109908357,9.99990000099999e-06,9.99990000099999e-06
107400,896,896,1104.0,896.0,107400,0.00011038781318542434,0.00011038781318542434,9.99990000099999e-06,9.99990000099999e-06
107500,895,895,1105.0,895.0,107500,0.00011048779109908357,0.00011048779109908357,9.99990000099999e-06,9.99990000099999e-06
107600,897,897,1103.0,897.0,107600,0.00011028783525177173,0.00011028783525177173,9.99990000099999e-06,9.99990000099999e-06
107700,888,888,1112.0,888.0,107700,0.00011118763593488403,0.00011118763593488403,9.99990000099999e-06,9.99990000099999e-06
107800,896,896,1104.0,896.0,107800,0.00011038781318542434,0.00011038781318542434,9.99990000099999e-06,9.99990000099999e-06
107900,890,890,1110.0,890.0,107900,0.00011098768036747922,0.00011098768036747922,9.99990000099999e-06,9.99990000099999e-06
108000,887,887,1113.0,887.0,108000,0.00011128761368859648,0.00011128761368859648,9.99990000099999e-06,9.99990000099999e-06
108100,891,890,1109.0,891.0,108100,0.00011088770255378679,0.00011098768036747922,9.99990000099999e-06,9.99990000099999e-06
108200,899,898,1101.0,898.0,108200,0.00011008787932448639,0.00011018785729812575,9.99990000099999e-06,9.99990000099999e-06
108300,902,902,1098.0,902.0,108300,0.00010978794528360787,0.00010978794528360787,9.99990000099999e-06,9.99990000099999e-06
108400,909,909,1091.0,909.0,108400,0.00010908809848845491,0.00010908809848845491,9.99990000099999e-06,9.99990000099999e-06
108500,906,906,1094.0,906.0,108500,0.00010938803294919535,0.00010938803294919535,9.99990000099999e-06,9.99990000099999e-06
108600,900,899,1100.0,900.0,108600,0.00010998790133085361,0.00011008787932448639,9.99990000099999e-06,9.99990000099999e-06
108700,900,900,1100.0,900.0,108700,0.00010998790133085361,0.00010998790133085361,9.99990000099999e-06,9.99990000099999e-06
108800,899,899,1101.0,899.0,108800,0.00011008787932448639,0.00011008787932448639,9.99990000099999e-06,9.99990000099999e-06
108900,898,898,1102.0,898.0,108900,0.00011018785729812575,0.00011018785729812575,9.99990000099999e-06,9.99990000099999e-06
109000,903,903,1097.0,903.0,109000,0.00010968796722999486,0.00010968796722999486,9.99990000099999e-06,9.99990000099999e-06
109100,892,892,1108.0,892.0,109100,0.000110787724720101,0.000110787724720101,9.99990000099999e-06,9.99990000099999e-06
109200,895,895,1105.0,895.0,109200,0.00011048779109908357,0.00011048779109908357,9.99990000099999e-06,9.99990000099999e-06
109300,894,894,1106.0,894.0,109300,0.0001105877689927494,0.0001105877689927494,9.99990000099999e-06,9.99990000099999e-06
109400,902,901,1098.0,901.0,109400,0.00010978794528360787,0.00010988792331722744,9.99990000099999e-06,9.99990000099999e-06
109500,902,901,1098.0,901.0,109500,0.00010978794528360787,0.00010988792331722744,9.99990000099999e-06,9.99990000099999e-06
109600,906,906,1094.0,906.0,109600,0.00010938803294919535,0.00010938803294919535,9.99990000099999e-06,9.99990000099999e-06
109700,904,904,1096.0,904.0,109700,0.00010958798915638846,0.00010958798915638846,9.99990000099999e-06,9.99990000099999e-06
109800,911,910,1090.0,910.0,109800,0.00010888814208132734,0.00010898812029488787,9.99990000099999e-06,9.99990000099999e-06
109900,903,903,1097.0,903.0,109900,0.00010968796722999486,0.00010968796722999486,9.99990000099999e-06,9.99990000099999e-06
110000,908,908,1092.0,908.0,110000,0.0001091880766620285,0.0001091880766620285,9.99990000099999e-06,9.99990000099999e-06
110100,910,910,1090.0,910.0,110100,0.00010898812029488787,0.00010898812029488787,9.99990000099999e-06,9.99990000099999e-06
110200,918,918,1082.0,918.0,110200,0.00010818829402658634,0.00010818829402658634,9.99990000099999e-06,9.99990000099999e-06
110300,909,909,1091.0,909.0,110300,0.00010908809848845491,0.00010908809848845491,9.99990000099999e-06,9.99990000099999e-06
110400,905,905,1095.0,905.0,110400,0.00010948801106278863,0.00010948801106278863,9.99990000099999e-06,9.99990000099999e-06
110500,901,901,1099.0,901.0,110500,0.00010988792331722744,0.00010988792331722744,9.99990000099999e-06,9.99990000099999e-06
110600,912,912,1088.0,912.0,110600,0.00010878816384777336,0.00010878816384777336,9.99990000099999e-06,9.99990000099999e-06
110700,909,909,1091.0,909.0,110700,0.00010908809848845491,0.00010908809848845491,9.99990000099999e-06,9.99990000099999e-06
110800,908,908,1092.0,908.0,110800,0.0001091880766620285,0.0001091880766620285,9.99990000099999e-06,9.99990000099999e-06
110900,912,911,1089.0,912.0,110900,0.00010878816384777336,0.00010888814208132734,9.99990000099999e-06,9.99990000099999e-06
111000,912,912,1088.0,912.0,111000,0.00010878816384777336,0.00010878816384777336,9.99990000099999e-06,9.99990000099999e-06
111100,917,917,1083.0,917.0,111100,0.00010828827238010124,0.00010828827238010124,9.99990000099999e-06,9.99990000099999e-06
111200,912,912,1088.0,912.0,111200,0.00010878816384777336,0.00010878816384777336,9.99990000099999e-06,9.99990000099999e-06
111300,915,915,1085.0,915.0,111300,0.00010848822902715054,0.00010848822902715054,9.99990000099999e-06,9.99990000099999e-06
111400,917,917,1083.0,917.0,111400,0.00010828827238010124,0.00010828827238010124,9.99990000099999e-06,9.99990000099999e-06
111500,922,922,1078.0,922.0,111500,0.0001077883804125915,0.0001077883804125915,9.99990000099999e-06,9.99990000099999e-06
111600,927,927,1073.0,927.0,111600,0.00010728848794524348,0.00010728848794524348,9.99990000099999e-06,9.99990000099999e-06
111700,941,941,1059.0,941.0,111700,0.00010588878637752262,0.00010588878637752262,9.99990000099999e-06,9.99990000099999e-06
111800,935,935,1065.0,935.0,111800,0.000106488658957821,0.000106488658957821,9.99990000099999e-06,9.99990000099999e-06
111900,943,943,1057.0,943.0,111900,0.00010568882869080739,0.00010568882869080739,9.99990000099999e-06,9.99990000099999e-06
112000,935,935,1065.0,935.0,112000,0.000106488658957821,0.000106488658957821,9.99990000099999e-06,9.99990000099999e-06
112100,941,941,1059.0,941.0,112100,0.00010588878637752262,0.00010588878637752262,9.99990000099999e-06,9.99990000099999e-06
112200,940,940,1060.0,940.0,112200,0.00010598876519088978,0.00010598876519088978,9.99990000099999e-06,9.99990000099999e-06
112300,933,932,1067.0,932.0,112300,0.00010668861632463818,0.00010678859497805635,9.99990000099999e-06,9.99990000099999e-06
112400,937,937,1063.0,937.0,112400,0.0001062887015110294,0.0001062887015110294,9.99990000099999e-06,9.99990000099999e-06
112500,936,936,1064.0,936.0,112500,0.00010638868024442201,0.00010638868024442201,9.99990000099999e-06,9.99990000099999e-06
112600,935,935,1065.0,935.0,112600,0.000106488658957821,0.000106488658957821,9.99990000099999e-06,9.99990000099999e-06
112700,938,938,1062.0,938.0,112700,0.00010618872275764314,0.00010618872275764314,9.99990000099999e-06,9.99990000099999e-06
112800,941,941,1059.0,941.0,112800,0.00010588878637752262,0.00010588878637752262,9.99990000099999e-06,9.99990000099999e-06
112900,940,940,1060.0,940.0,112900,0.00010598876519088978,0.00010598876519088978,9.99990000099999e-06,9.99990000099999e-06
113000,938,938,1062.0,938.0,113000,0.00010618872275764314,0.00010618872275764314,9.99990000099999e-06,9.99990000099999e-06
113100,940,939,1060.0,939.0,113100,0.00010598876519088978,0.00010608874398426327,9.99990000099999e-06,9.99990000099999e-06
113200,944,943,1057.0,943.0,113200,0.00010558884981745929,0.00010568882869080739,9.99990000099999e-06,9.99990000099999e-06
113300,949,948,1052.0,948.0,113300,0.00010508895515081363,0.00010518893412413015,9.99990000099999e-06,9.99990000099999e-06
113400,951,951,1049.0,951.0,113400,0.00010488899714419958,0.00010488899714419958,9.99990000099999e-06,9.99990000099999e-06
113500,957,957,1043.0,957.0,113500,0.00010428912264450817,0.00010428912264450817,9.99990000099999e-06,9.99990000099999e-06
113600,951,951,1050.0,951.0,113600,0.00010488899714419958,0.00010488899714419958,9.99990000099999e-06,9.99990000099999e-06
113700,955,954,1045.0,955.0,113700,0.0001044890808910469,0.00010458905998432565,9.99990000099999e-06,9.99990000099999e-06
113800,957,957,1043.0,957.0,113800,0.00010428912264450817,0.00010428912264450817,9.99990000099999e-06,9.99990000099999e-06
113900,963,963,1037.0,963.0,113900,0.00010368924742504205,0.00010368924742504205,9.99990000099999e-06,9.99990000099999e-06
114000,958,958,1042.0,958.0,114000,0.00010418914349124821,0.00010418914349124821,9.99990000099999e-06,9.99990000099999e-06
114100,967,968,1033.0,968.0,114100,0.00010328933021218909,0.00010318935085899135,9.99990000099999e-06,9.99990000099999e-06
114200,967,967,1033.0,967.0,114200,0.00010328933021218909,0.00010328933021218909,9.99990000099999e-06,9.99990000099999e-06
114300,963,963,1037.0,963.0,114300,0.00010368924742504205,0.00010368924742504205,9.99990000099999e-06,9.99990000099999e-06
114400,963,963,1037.0,963.0,114400,0.00010368924742504205,0.00010368924742504205,9.99990000099999e-06,9.99990000099999e-06
114500,956,956,1044.0,956.0,114500,0.0001043891017777744,0.0001043891017777744,9.99990000099999e-06,9.99990000099999e-06
114600,960,960,1040.0,960.0,114600,0.00010398918512474702,0.00010398918512474702,9.99990000099999e-06,9.99990000099999e-06
114700,958,958,1042.0,958.0,114700,0.00010418914349124821,0.00010418914349124821,9.99990000099999e-06,9.99990000099999e-06
114800,956,956,1044.0,956.0,114800,0.0001043891017777744,0.0001043891017777744,9.99990000099999e-06,9.99990000099999e-06
114900,960,960,1040.0,960.0,114900,0.00010398918512474702,0.00010398918512474702,9.99990000099999e-06,9.99990000099999e-06
115000,958,957,1042.0,958.0,115000,0.00010418914349124821,0.00010428912264450817,9.99990000099999e-06,9.99990000099999e-06
115100,961,960,1040.0,960.0,115100,0.00010388920591150579,0.00010398918512474702,9.99990000099999e-06,9.99990000099999e-06
115200,956,956,1044.0,956.0,115200,0.0001043891017777744,0.0001043891017777744,9.99990000099999e-06,9.99990000099999e-06
115300,954,954,1046.0,954.0,115300,0.00010458905998432565,0.00010458905998432565,9.99990000099999e-06,9.99990000099999e-06
115400,961,961,1039.0,961.0,115400,0.00010388920591150579,0.00010388920591150579,9.99990000099999e-06,9.99990000099999e-06
115500,970,970,1030.0,970.0,115500,0.00010298939209261448,0.00010298939209261448,9.99990000099999e-06,9.99990000099999e-06
115600,974,974,1026.0,974.0,115600,0.00010258947431993479,0.00010258947431993479,9.99990000099999e-06,9.99990000099999e-06
115700,968,968,1032.0,968.0,115700,0.00010318935085899135,0.00010318935085899135,9.99990000099999e-06,9.99990000099999e-06
115800,962,962,1038.0,962.0,115800,0.0001037892266782708,0.0001037892266782708,9.99990000099999e-06,9.99990000099999e-06
115900,957,956,1044.0,956.0,115900,0.00010428912264450817,0.0001043891017777744,9.99990000099999e-06,9.99990000099999e-06
116000,957,956,1043.0,957.0,116000,0.00010428912264450817,0.0001043891017777744,9.99990000099999e-06,9.99990000099999e-06
116100,962,962,1038.0,962.0,116100,0.0001037892266782708,0.0001037892266782708,9.99990000099999e-06,9.99990000099999e-06
116200,955,955,1045.0,955.0,116200,0.0001044890808910469,0.0001044890808910469,9.99990000099999e-06,9.99990000099999e-06
116300,954,954,1046.0,954.0,116300,0.00010458905998432565,0.00010458905998432565,9.99990000099999e-06,9.99990000099999e-06
116400,954,953,1047.0,953.0,116400,0.00010458905998432565,0.00010468903905761067,9.99990000099999e-06,9.99990000099999e-06
116500,949,949,1051.0,949.0,116500,0.00010508895515081363,0.00010508895515081363,9.99990000099999e-06,9.99990000099999e-06
116600,950,950,1050.0,950.0,116600,0.00010498897615750347,0.00010498897615750347,9.99990000099999e-06,9.99990000099999e-06
116700,951,951,1049.0,951.0,116700,0.00010488899714419958,0.00010488899714419958,9.99990000099999e-06,9.99990000099999e-06
116800,948,948,1052.0,948.0,116800,0.00010518893412413015,0.00010518893412413015,9.99990000099999e-06,9.99990000099999e-06
116900,943,943,1057.0,943.0,116900,0.00010568882869080739,0.00010568882869080739,9.99990000099999e-06,9.99990000099999e-06
117000,941,941,1059.0,941.0,117000,0.00010588878637752262,0.00010588878637752262,9.99990000099999e-06,9.99990000099999e-06
117100,939,939,1061.0,939.0,117100,0.00010608874398426327,0.00010608874398426327,9.99990000099999e-06,9.99990000099999e-06
117200,940,940,1060.0,940.0,117200,0.00010598876519088978,0.00010598876519088978,9.99990000099999e-06,9.99990000099999e-06
117300,936,935,1064.0,935.0,117300,0.00010638868024442201,0.000106488658957821,9.99990000099999e-06,9.99990000099999e-06
117400,942,942,1058.0,942.0,117400,0.00010578880754416181,0.00010578880754416181,9.99990000099999e-06,9.99990000099999e-06
117500,945,945,1055.0,945.0,117500,0.0001054888709241175,0.0001054888709241175,9.99990000099999e-06,9.99990000099999e-06
117600,948,948,1052.0,948.0,117600,0.00010518893412413015,0.00010518893412413015,9.99990000099999e-06,9.99990000099999e-06
117700,949,949,1051.0,948.0,117700,0.00010508895515081363,0.00010508895515081363,9.99990000099999e-06,9.99990000099999e-06
117800,949,949,1051.0,949.0,117800,0.00010508895515081363,0.00010508895515081363,9.99990000099999e-06,9.99990000099999e-06
117900,944,942,1058.0,942.0,117900,0.00010558884981745929,0.00010578880754416181,9.99990000099999e-06,9.99990000099999e-06
118000,941,939,1059.0,941.0,118000,0.00010588878637752262,0.00010608874398426327,9.99990000099999e-06,9.99990000099999e-06
118100,935,935,1065.0,935.0,118100,0.000106488658957821,0.000106488658957821,9.99990000099999e-06,9.99990000099999e-06
118200,926,926,1074.0,926.0,118200,0.00010738846647870019,0.00010738846647870019,9.99990000099999e-06,9.99990000099999e-06
118300,921,921,1079.0,921.0,118300,0.00010788835884608052,0.00010788835884608052,9.99990000099999e-06,9.99990000099999e-06
118400,923,923,1077.0,923.0,118400,0.000107688401959109,0.000107688401959109,9.99990000099999e-06,9.99990000099999e-06
118500,926,926,1074.0,926.0,118500,0.00010738846647870019,0.00010738846647870019,9.99990000099999e-06,9.99990000099999e-06
118600,932,932,1068.0,931.0,118600,0.00010678859497805635,0.00010678859497805635,9.99990000099999e-06,9.99990000099999e-06
118700,925,925,1075.0,925.0,118700,0.00010748844499216334,0.00010748844499216334,9.99990000099999e-06,9.99990000099999e-06
118800,928,928,1072.0,928.0,118800,0.00010718850939179321,0.00010718850939179321,9.99990000099999e-06,9.99990000099999e-06
118900,931,931,1069.0,931.0,118900,0.00010688857361148093,0.00010688857361148093,9.99990000099999e-06,9.99990000099999e-06
119000,929,928,1072.0,928.0,119000,0.00010708853081834937,0.00010718850939179321,9.99990000099999e-06,9.99990000099999e-06
119100,928,928,1073.0,928.0,119100,0.00010718850939179321,0.00010718850939179321,9.99990000099999e-06,9.99990000099999e-06
119200,922,922,1078.0,922.0,119200,0.0001077883804125915,0.0001077883804125915,9.99990000099999e-06,9.99990000099999e-06
119300,927,927,1073.0,927.0,119300,0.00010728848794524348,0.00010728848794524348,9.99990000099999e-06,9.99990000099999e-06
119400,926,926,1074.0,926.0,119400,0.00010738846647870019,0.00010738846647870019,9.99990000099999e-06,9.99990000099999e-06
119500,923,923,1077.0,923.0,119500,0.000107688401959109,0.000107688401959109,9.99990000099999e-06,9.99990000099999e-06
119600,924,924,1076.0,924.0,119600,0.00010758842348563294,0.00010758842348563294,9.99990000099999e-06,9.99990000099999e-06
119700,929,929,1071.0,929.0,119700,0.00010708853081834937,0.00010708853081834937,9.99990000099999e-06,9.99990000099999e-06
119800,934,934,1066.0,934.0,119800,0.00010658863765122638,0.00010658863765122638,9.99990000099999e-06,9.99990000099999e-06
119900,933,933,1067.0,933.0,119900,0.00010668861632463818,0.00010668861632463818,9.99990000099999e-06,9.99990000099999e-06
120000,931,931,1069.0,931.0,120000,0.00010688857361148093,0.00010688857361148093,9.99990000099999e-06,9.99990000099999e-06
120100,939,939,1061.0,939.0,120100,0.00010608874398426327,0.00010608874398426327,9.99990000099999e-06,9.99990000099999e-06
120200,942,942,1058.0,942.0,120200,0.00010578880754416181,0.00010578880754416181,9.99990000099999e-06,9.99990000099999e-06
120300,944,944,1056.0,944.0,120300,0.00010558884981745929,0.00010558884981745929,9.99990000099999e-06,9.99990000099999e-06
120400,943,942,1058.0,942.0,120400,0.00010568882869080739,0.00010578880754416181,9.99990000099999e-06,9.99990000099999e-06
120500,940,940,1060.0,940.0,120500,0.00010598876519088978,0.00010598876519088978,9.99990000099999e-06,9.99990000099999e-06
120600,941,941,1059.0,941.0,120600,0.00010588878637752262,0.00010588878637752262,9.99990000099999e-06,9.99990000099999e-06
120700,945,944,1056.0,944.0,120700,0.0001054888709241175,0.00010558884981745929,9.99990000099999e-06,9.99990000099999e-06
120800,945,945,1055.0,945.0,120800,0.0001054888709241175,0.0001054888709241175,9.99990000099999e-06,9.99990000099999e-06
120900,948,947,1053.0,947.0,120900,0.00010518893412413015,0.00010528891307745295,9.99990000099999e-06,9.99990000099999e-06
121000,952,952,1048.0,952.0,121000,0.00010478901811090198,0.00010478901811090198,9.99990000099999e-06,9.99990000099999e-06
121100,952,952,1048.0,952.0,121100,0.00010478901811090198,0.00010478901811090198,9.99990000099999e-06,9.99990000099999e-06
121200,960,960,1040.0,960.0,121200,0.00010398918512474702,0.00010398918512474702,9.99990000099999e-06,9.99990000099999e-06
121300,957,957,1043.0,957.0,121300,0.00010428912264450817,0.00010428912264450817,9.99990000099999e-06,9.99990000099999e-06
121400,964,964,1036.0,964.0,121400,0.00010358926815181946,0.00010358926815181946,9.99990000099999e-06,9.99990000099999e-06
121500,966,966,1034.0,966.0,121500,0.000103389309545393,0.000103389309545393,9.99990000099999e-06,9.99990000099999e-06
121600,970,970,1030.0,970.0,121600,0.00010298939209261448,0.00010298939209261448,9.99990000099999e-06,9.99990000099999e-06
121700,977,975,1025.0,977.0,121700,0.00010228953578048966,0.00010248949482678026,9.99990000099999e-06,9.99990000099999e-06
121800,977,977,1023.0,977.0,121800,0.00010228953578048966,0.00010228953578048966,9.99990000099999e-06,9.99990000099999e-06
121900,976,976,1024.0,976.0,121900,0.00010238951531363188,0.00010238951531363188,9.99990000099999e-06,9.99990000099999e-06
122000,970,970,1030.0,970.0,122000,0.00010298939209261448,0.00010298939209261448,9.99990000099999e-06,9.99990000099999e-06
122100,974,974,1026.0,974.0,122100,0.00010258947431993479,0.00010258947431993479,9.99990000099999e-06,9.99990000099999e-06
122200,975,975,1025.0,975.0,122200,0.00010248949482678026,0.00010248949482678026,9.99990000099999e-06,9.99990000099999e-06
122300,975,975,1025.0,975.0,122300,0.00010248949482678026,0.00010248949482678026,9.99990000099999e-06,9.99990000099999e-06
122400,969,969,1031.0,969.0,122400,0.0001030893714857998,0.0001030893714857998,9.99990000099999e-06,9.99990000099999e-06
122500,967,967,1033.0,967.0,122500,0.00010328933021218909,0.00010328933021218909,9.99990000099999e-06,9.99990000099999e-06
122600,964,964,1036.0,964.0,122600,0.00010358926815181946,0.00010358926815181946,9.99990000099999e-06,9.99990000099999e-06
122700,965,965,1035.0,965.0,122700,0.00010348928885860313,0.00010348928885860313,9.99990000099999e-06,9.99990000099999e-06
122800,970,970,1030.0,970.0,122800,0.00010298939209261448,0.00010298939209261448,9.99990000099999e-06,9.99990000099999e-06
122900,964,964,1036.0,964.0,122900,0.00010358926815181946,0.00010358926815181946,9.99990000099999e-06,9.99990000099999e-06
123000,972,972,1028.0,972.0,123000,0.00010278943324626227,0.00010278943324626227,9.99990000099999e-06,9.99990000099999e-06
123100,972,972,1028.0,972.0,123100,0.00010278943324626227,0.00010278943324626227,9.99990000099999e-06,9.99990000099999e-06
123200,977,977,1023.0,977.0,123200,0.00010228953578048966,0.00010228953578048966,9.99990000099999e-06,9.99990000099999e-06
123300,975,975,1025.0,975.0,123300,0.00010248949482678026,0.00010248949482678026,9.99990000099999e-06,9.99990000099999e-06
123400,983,983,1017.0,983.0,123400,0.00010168965816176495,0.00010168965816176495,9.99990000099999e-06,9.99990000099999e-06
123500,984,984,1016.0,984.0,123500,0.00010158967848866555,0.00010158967848866555,9.99990000099999e-06,9.99990000099999e-06
123600,981,981,1019.0,981.0,123600,0.00010188961744798205,0.00010188961744798205,9.99990000099999e-06,9.99990000099999e-06
123700,978,978,1022.0,978.0,123700,0.00010218955622735357,0.00010218955622735357,9.99990000099999e-06,9.99990000099999e-06
123800,972,972,1028.0,972.0,123800,0.00010278943324626227,0.00010278943324626227,9.99990000099999e-06,9.99990000099999e-06
123900,973,972,1028.0,972.0,123900,0.00010268945379309543,0.00010278943324626227,9.99990000099999e-06,9.99990000099999e-06
124000,969,969,1031.0,969.0,124000,0.0001030893714857998,0.0001030893714857998,9.99990000099999e-06,9.99990000099999e-06
124100,959,959,1041.0,959.0,124100,0.0001040891643179945,0.0001040891643179945,9.99990000099999e-06,9.99990000099999e-06
124200,963,963,1037.0,963.0,124200,0.00010368924742504205,0.00010368924742504205,9.99990000099999e-06,9.99990000099999e-06
124300,963,963,1037.0,962.0,124300,0.00010368924742504205,0.00010368924742504205,9.99990000099999e-06,9.99990000099999e-06
124400,958,958,1042.0,958.0,124400,0.00010418914349124821,0.00010418914349124821,9.99990000099999e-06,9.99990000099999e-06
124500,956,956,1044.0,956.0,124500,0.0001043891017777744,0.0001043891017777744,9.99990000099999e-06,9.99990000099999e-06
124600,961,961,1039.0,961.0,124600,0.00010388920591150579,0.00010388920591150579,9.99990000099999e-06,9.99990000099999e-06
124700,967,967,1033.0,967.0,124700,0.00010328933021218909,0.00010328933021218909,9.99990000099999e-06,9.99990000099999e-06
124800,959,959,1041.0,959.0,124800,0.0001040891643179945,0.0001040891643179945,9.99990000099999e-06,9.99990000099999e-06
124900,964,964,1036.0,964.0,124900,0.00010358926815181946,0.00010358926815181946,9.99990000099999e-06,9.99990000099999e-06
125000,962,962,1038.0,962.0,125000,0.0001037892266782708,0.0001037892266782708,9.99990000099999e-06,9.99990000099999e-06
125100,954,954,1046.0,954.0,125100,0.00010458905998432565,0.00010458905998432565,9.99990000099999e-06,9.99990000099999e-06
125200,955,955,1045.0,955.0,125200,0.0001044890808910469,0.0001044890808910469,9.99990000099999e-06,9.99990000099999e-06
125300,955,955,1045.0,954.0,125300,0.0001044890808910469,0.0001044890808910469,9.99990000099999e-06,9.99990000099999e-06
125400,951,951,1049.0,951.0,125400,0.00010488899714419958,0.00010488899714419958,9.99990000099999e-06,9.99990000099999e-06
125500,943,943,1057.0,943.0,125500,0.00010568882869080739,0.00010568882869080739,9.99990000099999e-06,9.99990000099999e-06
125600,945,945,1055.0,945.0,125600,0.0001054888709241175,0.0001054888709241175,9.99990000099999e-06,9.99990000099999e-06
125700,942,942,1058.0,942.0,125700,0.00010578880754416181,0.00010578880754416181,9.99990000099999e-06,9.99990000099999e-06
125800,944,944,1056.0,944.0,125800,0.00010558884981745929,0.00010558884981745929,9.99990000099999e-06,9.99990000099999e-06
125900,942,942,1058.0,942.0,125900,0.00010578880754416181,0.00010578880754416181,9.99990000099999e-06,9.99990000099999e-06
126000,937,937,1063.0,937.0,126000,0.0001062887015110294,0.0001062887015110294,9.99990000099999e-06,9.99990000099999e-06
126100,934,934,1066.0,934.0,126100,0.00010658863765122638,0.00010658863765122638,9.99990000099999e-06,9.99990000099999e-06
126200,932,932,1068.0,932.0,126200,0.00010678859497805635,0.00010678859497805635,9.99990000099999e-06,9.99990000099999e-06
126300,934,934,1066.0,934.0,126300,0.00010658863765122638,0.00010658863765122638,9.99990000099999e-06,9.99990000099999e-06
126400,938,938,1062.0,938.0,126400,0.00010618872275764314,0.00010618872275764314,9.99990000099999e-06,9.99990000099999e-06
126500,934,934,1066.0,934.0,126500,0.00010658863765122638,0.00010658863765122638,9.99990000099999e-06,9.99990000099999e-06
126600,942,942,1058.0,942.0,126600,0.00010578880754416181,0.00010578880754416181,9.99990000099999e-06,9.99990000099999e-06
126700,945,945,1055.0,945.0,126700,0.0001054888709241175,0.0001054888709241175,9.99990000099999e-06,9.99990000099999e-06
126800,943,943,1057.0,943.0,126800,0.00010568882869080739,0.00010568882869080739,9.99990000099999e-06,9.99990000099999e-06
126900,943,943,1057.0,943.0,126900,0.00010568882869080739,0.00010568882869080739,9.99990000099999e-06,9.99990000099999e-06
127000,948,948,1052.0,948.0,127000,0.00010518893412413015,0.00010518893412413015,9.99990000099999e-06,9.99990000099999e-06
127100,958,958,1042.0,958.0,127100,0.00010418914349124821,0.00010418914349124821,9.99990000099999e-06,9.99990000099999e-06
127200,958,958,1042.0,958.0,127200,0.00010418914349124821,0.00010418914349124821,9.99990000099999e-06,9.99990000099999e-06
127300,959,959,1041.0,959.0,127300,0.0001040891643179945,0.0001040891643179945,9.99990000099999e-06,9.99990000099999e-06
127400,964,964,1036.0,964.0,127400,0.00010358926815181946,0.00010358926815181946,9.99990000099999e-06,9.99990000099999e-06
127500,966,966,1034.0,966.0,127500,0.000103389309545393,0.000103389309545393,9.99990000099999e-06,9.99990000099999e-06
127600,974,974,1026.0,974.0,127600,0.00010258947431993479,0.00010258947431993479,9.99990000099999e-06,9.99990000099999e-06
127700,975,975,1025.0,975.0,127700,0.00010248949482678026,0.00010248949482678026,9.99990000099999e-06,9.99990000099999e-06
127800,962,962,1038.0,962.0,127800,0.0001037892266782708,0.0001037892266782708,9.99990000099999e-06,9.99990000099999e-06
127900,965,965,1035.0,965.0,127900,0.00010348928885860313,0.00010348928885860313,9.99990000099999e-06,9.99990000099999e-06
128000,961,960,1040.0,960.0,128000,0.00010388920591150579,0.00010398918512474702,9.99990000099999e-06,9.99990000099999e-06
128100,952,952,1048.0,952.0,128100,0.00010478901811090198,0.00010478901811090198,9.99990000099999e-06,9.99990000099999e-06
128200,947,947,1053.0,947.0,128200,0.00010528891307745295,0.00010528891307745295,9.99990000099999e-06,9.99990000099999e-06
128300,945,945,1055.0,945.0,128300,0.0001054888709241175,0.0001054888709241175,9.99990000099999e-06,9.99990000099999e-06
128400,948,947,1052.0,947.0,128400,0.00010518893412413015,0.00010528891307745295,9.99990000099999e-06,9.99990000099999e-06
128500,950,950,1050.0,950.0,128500,0.00010498897615750347,0.00010498897615750347,9.99990000099999e-06,9.99990000099999e-06
128600,947,947,1053.0,947.0,128600,0.00010528891307745295,0.00010528891307745295,9.99990000099999e-06,9.99990000099999e-06
128700,955,955,1045.0,955.0,128700,0.0001044890808910469,0.0001044890808910469,9.99990000099999e-06,9.99990000099999e-06
128800,953,953,1047.0,953.0,128800,0.00010468903905761067,0.00010468903905761067,9.99990000099999e-06,9.99990000099999e-06
128900,957,956,1044.0,957.0,128900,0.00010428912264450817,0.0001043891017777744,9.99990000099999e-06,9.99990000099999e-06
129000,961,961,1039.0,961.0,129000,0.00010388920591150579,0.00010388920591150579,9.99990000099999e-06,9.99990000099999e-06
129100,962,962,1038.0,962.0,129100,0.0001037892266782708,0.0001037892266782708,9.99990000099999e-06,9.99990000099999e-06
129200,956,956,1044.0,956.0,129200,0.0001043891017777744,0.0001043891017777744,9.99990000099999e-06,9.99990000099999e-06
129300,949,949,1051.0,949.0,129300,0.00010508895515081363,0.00010508895515081363,9.99990000099999e-06,9.99990000099999e-06
129400,949,949,1051.0,949.0,129400,0.00010508895515081363,0.00010508895515081363,9.99990000099999e-06,9.99990000099999e-06
129500,954,954,1046.0,954.0,129500,0.00010458905998432565,0.00010458905998432565,9.99990000099999e-06,9.99990000099999e-06
129600,955,955,1045.0,955.0,129600,0.0001044890808910469,0.0001044890808910469,9.99990000099999e-06,9.99990000099999e-06
129700,951,951,1049.0,951.0,129700,0.00010488899714419958,0.00010488899714419958,9.99990000099999e-06,9.99990000099999e-06
129800,949,949,1051.0,949.0,129800,0.00010508895515081363,0.00010508895515081363,9.99990000099999e-06,9.99990000099999e-06
129900,947,947,1053.0,947.0,129900,0.00010528891307745295,0.00010528891307745295,9.99990000099999e-06,9.99990000099999e-06
130000,948,948,1052.0,948.0,130000,0.00010518893412413015,0.00010518893412413015,9.99990000099999e-06,9.99990000099999e-06
130100,952,952,1048.0,952.0,130100,0.00010478901811090198,0.00010478901811090198,9.99990000099999e-06,9.99990000099999e-06
130200,949,949,1051.0,949.0,130200,0.00010508895515081363,0.00010508895515081363,9.99990000099999e-06,9.99990000099999e-06
130300,954,954,1046.0,954.0,130300,0.00010458905998432565,0.00010458905998432565,9.99990000099999e-06,9.99990000099999e-06
130400,955,955,1045.0,955.0,130400,0.0001044890808910469,0.0001044890808910469,9.99990000099999e-06,9.99990000099999e-06
130500,964,963,1036.0,964.0,130500,0.00010358926815181946,0.00010368924742504205,9.99990000099999e-06,9.99990000099999e-06
130600,966,966,1034.0,966.0,130600,0.000103389309545393,0.000103389309545393,9.99990000099999e-06,9.99990000099999e-06
130700,959,959,1041.0,959.0,130700,0.0001040891643179945,0.0001040891643179945,9.99990000099999e-06,9.99990000099999e-06
130800,952,952,1048.0,952.0,130800,0.00010478901811090198,0.00010478901811090198,9.99990000099999e-06,9.99990000099999e-06
130900,950,950,1050.0,950.0,130900,0.00010498897615750347,0.00010498897615750347,9.99990000099999e-06,9.99990000099999e-06
131000,955,955,1045.0,955.0,131000,0.0001044890808910469,0.0001044890808910469,9.99990000099999e-06,9.99990000099999e-06
131100,950,950,1050.0,950.0,131100,0.00010498897615750347,0.00010498897615750347,9.99990000099999e-06,9.99990000099999e-06
131200,957,957,1043.0,957.0,131200,0.00010428912264450817,0.00010428912264450817,9.99990000099999e-06,9.99990000099999e-06
131300,963,963,1037.0,963.0,131300,0.00010368924742504205,0.00010368924742504205,9.99990000099999e-06,9.99990000099999e-06
131400,964,964,1036.0,964.0,131400,0.00010358926815181946,0.00010358926815181946,9.99990000099999e-06,9.99990000099999e-06
131500,969,969,1031.0,969.0,131500,0.0001030893714857998,0.0001030893714857998,9.99990000099999e-06,9.99990000099999e-06
131600,972,972,1028.0,972.0,131600,0.00010278943324626227,0.00010278943324626227,9.99990000099999e-06,9.99990000099999e-06
131700,967,967,1033.0,967.0,131700,0.00010328933021218909,0.00010328933021218909,9.99990000099999e-06,9.99990000099999e-06
131800,972,972,1028.0,972.0,131800,0.00010278943324626227,0.00010278943324626227,9.99990000099999e-06,9.99990000099999e-06
131900,975,974,1026.0,975.0,131900,0.00010248949482678026,0.00010258947431993479,9.99990000099999e-06,9.99990000099999e-06
132000,976,976,1024.0,976.0,132000,0.00010238951531363188,0.00010238951531363188,9.99990000099999e-06,9.99990000099999e-06
132100,987,987,1013.0,987.0,132100,0.00010128973934940391,0.00010128973934940391,9.99990000099999e-06,9.99990000099999e-06
132200,996,996,1004.0,996.0,132200,0.00010038992085194648,0.00010038992085194648,9.99990000099999e-06,9.99990000099999e-06
132300,989,989,1011.0,989.0,132300,0.00010108977982325986,0.00010108977982325986,9.99990000099999e-06,9.99990000099999e-06
132400,993,993,1007.0,993.0,132400,0.00010068986053104453,0.00010068986053104453,9.99990000099999e-06,9.99990000099999e-06
132500,986,986,1014.0,986.0,132500,0.00010138971908248506,0.00010138971908248506,9.99990000099999e-06,9.99990000099999e-06
132600,984,984,1016.0,984.0,132600,0.00010158967848866555,0.00010158967848866555,9.99990000099999e-06,9.99990000099999e-06
132700,985,985,1015.0,985.0,132700,0.00010148969879557225,0.00010148969879557225,9.99990000099999e-06,9.99990000099999e-06
132800,987,987,1013.0,987.0,132800,0.00010128973934940391,0.00010128973934940391,9.99990000099999e-06,9.99990000099999e-06
132900,983,983,1017.0,983.0,132900,0.00010168965816176495,0.00010168965816176495,9.99990000099999e-06,9.99990000099999e-06
133000,982,982,1018.0,982.0,133000,0.00010178963781487044,0.00010178963781487044,9.99990000099999e-06,9.99990000099999e-06
133100,988,988,1012.0,988.0,133100,0.00010118975959632885,0.00010118975959632885,9.99990000099999e-06,9.99990000099999e-06
133200,987,987,1013.0,987.0,133200,0.00010128973934940391,0.00010128973934940391,9.99990000099999e-06,9.99990000099999e-06
133300,986,986,1014.0,986.0,133300,0.00010138971908248506,0.00010138971908248506,9.99990000099999e-06,9.99990000099999e-06
133400,969,969,1031.0,969.0,133400,0.0001030893714857998,0.0001030893714857998,9.99990000099999e-06,9.99990000099999e-06
133500,973,973,1027.0,973.0,133500,0.00010268945379309543,0.00010268945379309543,9.99990000099999e-06,9.99990000099999e-06
133600,974,974,1026.0,974.0,133600,0.00010258947431993479,0.00010258947431993479,9.99990000099999e-06,9.99990000099999e-06
133700,974,974,1026.0,974.0,133700,0.00010258947431993479,0.00010258947431993479,9.99990000099999e-06,9.99990000099999e-06
133800,979,979,1021.0,979.0,133800,0.0001020895766542236,0.0001020895766542236,9.99990000099999e-06,9.99990000099999e-06
133900,978,978,1022.0,978.0,133900,0.00010218955622735357,0.00010218955622735357,9.99990000099999e-06,9.99990000099999e-06
134000,988,988,1012.0,988.0,134000,0.00010118975959632885,0.00010118975959632885,9.99990000099999e-06,9.99990000099999e-06
134100,976,976,1024.0,976.0,134100,0.00010238951531363188,0.00010238951531363188,9.99990000099999e-06,9.99990000099999e-06
134200,976,976,1024.0,976.0,134200,0.00010238951531363188,0.00010238951531363188,9.99990000099999e-06,9.99990000099999e-06
134300,967,967,1033.0,967.0,134300,0.00010328933021218909,0.00010328933021218909,9.99990000099999e-06,9.99990000099999e-06
134400,967,967,1033.0,967.0,134400,0.00010328933021218909,0.00010328933021218909,9.99990000099999e-06,9.99990000099999e-06
134500,970,970,1030.0,970.0,134500,0.00010298939209261448,0.00010298939209261448,9.99990000099999e-06,9.99990000099999e-06
134600,969,969,1031.0,969.0,134600,0.0001030893714857998,0.0001030893714857998,9.99990000099999e-06,9.99990000099999e-06
134700,970,970,1030.0,970.0,134700,0.00010298939209261448,0.00010298939209261448,9.99990000099999e-06,9.99990000099999e-06
134800,972,972,1028.0,972.0,134800,0.00010278943324626227,0.00010278943324626227,9.99990000099999e-06,9.99990000099999e-06
134900,970,970,1030.0,970.0,134900,0.00010298939209261448,0.00010298939209261448,9.99990000099999e-06,9.99990000099999e-06
135000,973,973,1027.0,973.0,135000,0.00010268945379309543,0.00010268945379309543,9.99990000099999e-06,9.99990000099999e-06
135100,971,971,1029.0,971.0,135100,0.0001028894126794353,0.0001028894126794353,9.99990000099999e-06,9.99990000099999e-06
135200,979,979,1021.0,979.0,135200,0.0001020895766542236,0.0001020895766542236,9.99990000099999e-06,9.99990000099999e-06
135300,974,974,1026.0,974.0,135300,0.00010258947431993479,0.00010258947431993479,9.99990000099999e-06,9.99990000099999e-06
135400,974,974,1025.0,974.0,135400,0.00010258947431993479,0.00010258947431993479,9.99990000099999e-06,9.99990000099999e-06
135500,979,979,1021.0,979.0,135500,0.0001020895766542236,0.0001020895766542236,9.99990000099999e-06,9.99990000099999e-06
135600,980,980,1020.0,980.0,135600,0.00010198959706109978,0.00010198959706109978,9.99990000099999e-06,9.99990000099999e-06
135700,981,981,1019.0,981.0,135700,0.00010188961744798205,0.00010188961744798205,9.99990000099999e-06,9.99990000099999e-06
135800,980,980,1020.0,980.0,135800,0.00010198959706109978,0.00010198959706109978,9.99990000099999e-06,9.99990000099999e-06
135900,982,982,1018.0,982.0,135900,0.00010178963781487044,0.00010178963781487044,9.99990000099999e-06,9.99990000099999e-06
136000,979,979,1021.0,979.0,136000,0.0001020895766542236,0.0001020895766542236,9.99990000099999e-06,9.99990000099999e-06
136100,983,983,1017.0,983.0,136100,0.00010168965816176495,0.00010168965816176495,9.99990000099999e-06,9.99990000099999e-06
136200,985,985,1015.0,985.0,136200,0.00010148969879557225,0.00010148969879557225,9.99990000099999e-06,9.99990000099999e-06
136300,984,984,1016.0,984.0,136300,0.00010158967848866555,0.00010158967848866555,9.99990000099999e-06,9.99990000099999e-06
136400,989,988,1011.0,989.0,136400,0.00010108977982325986,0.00010118975959632885,9.99990000099999e-06,9.99990000099999e-06
136500,996,996,1004.0,996.0,136500,0.00010038992085194648,0.00010038992085194648,9.99990000099999e-06,9.99990000099999e-06
136600,995,995,1005.0,995.0,136600,0.00010048990076497312,0.00010048990076497312,9.99990000099999e-06,9.99990000099999e-06
136700,996,996,1003.0,997.0,136700,0.00010038992085194648,0.00010038992085194648,9.99990000099999e-06,9.99990000099999e-06
136800,998,998,1002.0,998.0,136800,0.0001001899609659112,0.0001001899609659112,9.99990000099999e-06,9.99990000099999e-06
136900,997,997,997.0,1003.0,136900,0.00010028994091892584,0.00010028994091892584,9.99990000099999e-06,9.99990000099999e-06
137000,995,995,995.0,1005.0,137000,0.00010048990076497312,0.00010048990076497312,9.99990000099999e-06,9.99990000099999e-06
137100,999,999,999.0,1001.0,137100,0.0001000899809929026,0.0001000899809929026,9.99990000099999e-06,9.99990000099999e-06
137200,997,997,997.0,1003.0,137200,0.00010028994091892584,0.00010028994091892584,9.99990000099999e-06,9.99990000099999e-06
137300,996,996,996.0,1004.0,137300,0.00010038992085194648,0.00010038992085194648,9.99990000099999e-06,9.99990000099999e-06
137400,996,996,996.0,1004.0,137400,0.00010038992085194648,0.00010038992085194648,9.99990000099999e-06,9.99990000099999e-06
137500,999,998,1002.0,999.0,137500,0.0001000899809929026,0.0001001899609659112,9.99990000099999e-06,9.99990000099999e-06
137600,993,993,1007.0,993.0,137600,0.00010068986053104453,0.00010068986053104453,9.99990000099999e-06,9.99990000099999e-06
137700,998,998,1002.0,998.0,137700,0.0001001899609659112,0.0001001899609659112,9.99990000099999e-06,9.99990000099999e-06
137800,999,999,999.0,1001.0,137800,0.0001000899809929026,0.0001000899809929026,9.99990000099999e-06,9.99990000099999e-06
137900,994,995,995.0,1005.0,137900,0.00010058988065800582,0.00010048990076497312,9.99990000099999e-06,9.99990000099999e-06
138000,996,996,1004.0,996.0,138000,0.00010038992085194648,0.00010038992085194648,9.99990000099999e-06,9.99990000099999e-06
138100,999,999,1001.0,999.0,138100,0.0001000899809929026,0.0001000899809929026,9.99990000099999e-06,9.99990000099999e-06
138200,999,999,1001.0,999.0,138200,0.0001000899809929026,0.0001000899809929026,9.99990000099999e-06,9.99990000099999e-06
138300,997,997,997.0,1003.0,138300,0.00010028994091892584,0.00010028994091892584,9.99990000099999e-06,9.99990000099999e-06
138400,998,998,1002.0,998.0,138400,0.0001001899609659112,0.0001001899609659112,9.99990000099999e-06,9.99990000099999e-06
138500,1000,1000,1000.0,1000.0,138500,9.999000099990002e-05,9.999000099990002e-05,9.99990000099999e-06,9.99990000099999e-06
138600,990,990,990.0,1010.0,138600,0.00010098980003019696,0.00010098980003019696,9.99990000099999e-06,9.99990000099999e-06
138700,995,996,995.0,1005.0,138700,0.00010048990076497312,0.00010038992085194648,9.99990000099999e-06,9.99990000099999e-06
138800,997,997,997.0,1003.0,138800,0.00010028994091892584,0.00010028994091892584,9.99990000099999e-06,9.99990000099999e-06
138900,996,996,996.0,1004.0,138900,0.00010038992085194648,0.00010038992085194648,9.99990000099999e-06,9.99990000099999e-06
139000,998,998,998.0,1002.0,139000,0.0001001899609659112,0.0001001899609659112,9.99990000099999e-06,9.99990000099999e-06
139100,996,996,996.0,1004.0,139100,0.00010038992085194648,0.00010038992085194648,9.99990000099999e-06,9.99990000099999e-06
139200,996,996,996.0,1004.0,139200,0.00010038992085194648,0.00010038992085194648,9.99990000099999e-06,9.99990000099999e-06
139300,997,997,997.0,1003.0,139300,0.00010028994091892584,0.00010028994091892584,9.99990000099999e-06,9.99990000099999e-06
139400,997,997,997.0,1003.0,139400,0.00010028994091892584,0.00010028994091892584,9.99990000099999e-06,9.99990000099999e-06
139500,991,991,992.0,1009.0,139500,0.00010088982021714009,0.00010088982021714009,9.99990000099999e-06,9.99990000099999e-06
139600,982,983,983.0,1017.0,139600,0.00010178963781487044,0.00010168965816176495,9.99990000099999e-06,9.99990000099999e-06
139700,982,983,983.0,1018.0,139700,0.00010178963781487044,0.00010168965816176495,9.99990000099999e-06,9.99990000099999e-06
139800,978,978,978.0,1022.0,139800,0.00010218955622735357,0.00010218955622735357,9.99990000099999e-06,9.99990000099999e-06
139900,981,982,982.0,1019.0,139900,0.00010188961744798205,0.00010178963781487044,9.99990000099999e-06,9.99990000099999e-06
140000,983,983,983.0,1017.0,140000,0.00010168965816176495,0.00010168965816176495,9.99990000099999e-06,9.99990000099999e-06
140100,995,995,995.0,1005.0,140100,0.00010048990076497312,0.00010048990076497312,9.99990000099999e-06,9.99990000099999e-06
140200,994,994,994.0,1006.0,140200,0.00010058988065800582,0.00010058988065800582,9.99990000099999e-06,9.99990000099999e-06
140300,987,987,987.0,1013.0,140300,0.00010128973934940391,0.00010128973934940391,9.99990000099999e-06,9.99990000099999e-06
140400,981,981,981.0,1019.0,140400,0.00010188961744798205,0.00010188961744798205,9.99990000099999e-06,9.99990000099999e-06
140500,988,988,988.0,1012.0,140500,0.00010118975959632885,0.00010118975959632885,9.99990000099999e-06,9.99990000099999e-06
140600,986,986,986.0,1014.0,140600,0.00010138971908248506,0.00010138971908248506,9.99990000099999e-06,9.99990000099999e-06
140700,994,994,994.0,1006.0,140700,0.00010058988065800582,0.00010058988065800582,9.99990000099999e-06,9.99990000099999e-06
140800,1000,1000,1001.0,1000.0,140800,9.999000099990002e-05,9.999000099990002e-05,9.99990000099999e-06,9.99990000099999e-06
140900,998,998,998.0,1002.0,140900,0.0001001899609659112,0.0001001899609659112,9.99990000099999e-06,9.99990000099999e-06
141000,997,997,1003.0,997.0,141000,0.00010028994091892584,0.00010028994091892584,9.99990000099999e-06,9.99990000099999e-06
141100,995,995,1005.0,995.0,141100,0.00010048990076497312,0.00010048990076497312,9.99990000099999e-06,9.99990000099999e-06
141200,999,999,999.0,1001.0,141200,0.0001000899809929026,0.0001000899809929026,9.99990000099999e-06,9.99990000099999e-06
141300,999,999,999.0,1001.0,141300,0.0001000899809929026,0.0001000899809929026,9.99990000099999e-06,9.99990000099999e-06
141400,998,998,998.0,1002.0,141400,0.0001001899609659112,0.0001001899609659112,9.99990000099999e-06,9.99990000099999e-06
141500,995,995,995.0,1005.0,141500,0.00010048990076497312,0.00010048990076497312,9.99990000099999e-06,9.99990000099999e-06
141600,990,990,990.0,1010.0,141600,0.00010098980003019696,0.00010098980003019696,9.99990000099999e-06,9.99990000099999e-06
141700,995,995,995.0,1005.0,141700,0.00010048990076497312,0.00010048990076497312,9.99990000099999e-06,9.99990000099999e-06
141800,998,998,1002.0,998.0,141800,0.0001001899609659112,0.0001001899609659112,9.99990000099999e-06,9.99990000099999e-06
141900,993,993,1007.0,993.0,141900,0.00010068986053104453,0.00010068986053104453,9.99990000099999e-06,9.99990000099999e-06
142000,993,993,1007.0,993.0,142000,0.00010068986053104453,0.00010068986053104453,9.99990000099999e-06,9.99990000099999e-06
142100,993,993,1007.0,993.0,142100,0.00010068986053104453,0.00010068986053104453,9.99990000099999e-06,9.99990000099999e-06
142200,999,999,1001.0,999.0,142200,0.0001000899809929026,0.0001000899809929026,9.99990000099999e-06,9.99990000099999e-06
142300,998,998,1002.0,998.0,142300,0.0001001899609659112,0.0001001899609659112,9.99990000099999e-06,9.99990000099999e-06
142400,992,992,1008.0,992.0,142400,0.00010078984038408928,0.00010078984038408928,9.99990000099999e-06,9.99990000099999e-06
142500,990,990,1010.0,990.0,142500,0.00010098980003019696,0.00010098980003019696,9.99990000099999e-06,9.99990000099999e-06
142600,985,985,1015.0,985.0,142600,0.00010148969879557225,0.00010148969879557225,9.99990000099999e-06,9.99990000099999e-06
142700,991,991,1009.0,991.0,142700,0.00010088982021714009,0.00010088982021714009,9.99990000099999e-06,9.99990000099999e-06
142800,982,982,1018.0,982.0,142800,0.00010178963781487044,0.00010178963781487044,9.99990000099999e-06,9.99990000099999e-06
142900,981,981,1019.0,981.0,142900,0.00010188961744798205,0.00010188961744798205,9.99990000099999e-06,9.99990000099999e-06
143000,980,980,1020.0,980.0,143000,0.00010198959706109978,0.00010198959706109978,9.99990000099999e-06,9.99990000099999e-06
143100,984,984,1016.0,984.0,143100,0.00010158967848866555,0.00010158967848866555,9.99990000099999e-06,9.99990000099999e-06
143200,986,985,1015.0,985.0,143200,0.00010138971908248506,0.00010148969879557225,9.99990000099999e-06,9.99990000099999e-06
143300,985,984,1015.0,985.0,143300,0.00010148969879557225,0.00010158967848866555,9.99990000099999e-06,9.99990000099999e-06
143400,981,981,1019.0,981.0,143400,0.00010188961744798205,0.00010188961744798205,9.99990000099999e-06,9.99990000099999e-06
143500,980,980,1020.0,980.0,143500,0.00010198959706109978,0.00010198959706109978,9.99990000099999e-06,9.99990000099999e-06
143600,975,975,1025.0,975.0,143600,0.00010248949482678026,0.00010248949482678026,9.99990000099999e-06,9.99990000099999e-06
143700,975,975,1025.0,975.0,143700,0.00010248949482678026,0.00010248949482678026,9.99990000099999e-06,9.99990000099999e-06
143800,979,979,1021.0,979.0,143800,0.0001020895766542236,0.0001020895766542236,9.99990000099999e-06,9.99990000099999e-06
143900,972,972,1028.0,972.0,143900,0.00010278943324626227,0.00010278943324626227,9.99990000099999e-06,9.99990000099999e-06
144000,980,980,1020.0,980.0,144000,0.00010198959706109978,0.00010198959706109978,9.99990000099999e-06,9.99990000099999e-06
144100,980,980,1020.0,980.0,144100,0.00010198959706109978,0.00010198959706109978,9.99990000099999e-06,9.99990000099999e-06
144200,987,987,1013.0,987.0,144200,0.00010128973934940391,0.00010128973934940391,9.99990000099999e-06,9.99990000099999e-06
144300,989,989,1011.0,989.0,144300,0.00010108977982325986,0.00010108977982325986,9.99990000099999e-06,9.99990000099999e-06
144400,989,989,1011.0,989.0,144400,0.00010108977982325986,0.00010108977982325986,9.99990000099999e-06,9.99990000099999e-06
144500,989,989,1011.0,989.0,144500,0.00010108977982325986,0.00010108977982325986,9.99990000099999e-06,9.99990000099999e-06
144600,987,987,1013.0,987.0,144600,0.00010128973934940391,0.00010128973934940391,9.99990000099999e-06,9.99990000099999e-06
144700,988,988,1012.0,988.0,144700,0.00010118975959632885,0.00010118975959632885,9.99990000099999e-06,9.99990000099999e-06
144800,997,997,1003.0,997.0,144800,0.00010028994091892584,0.00010028994091892584,9.99990000099999e-06,9.99990000099999e-06
144900,997,997,1003.0,997.0,144900,0.00010028994091892584,0.00010028994091892584,9.99990000099999e-06,9.99990000099999e-06
145000,999,999,999.0,1001.0,145000,0.0001000899809929026,0.0001000899809929026,9.99990000099999e-06,9.99990000099999e-06
145100,1000,1000,1000.0,1000.0,145100,9.999000099990002e-05,9.999000099990002e-05,9.99990000099999e-06,9.99990000099999e-06
145200,992,992,1008.0,992.0,145200,0.00010078984038408928,0.00010078984038408928,9.99990000099999e-06,9.99990000099999e-06
145300,992,992,1008.0,992.0,145300,0.00010078984038408928,0.00010078984038408928,9.99990000099999e-06,9.99990000099999e-06
145400,994,994,1006.0,994.0,145400,0.00010058988065800582,0.00010058988065800582,9.99990000099999e-06,9.99990000099999e-06
145500,992,992,1008.0,992.0,145500,0.00010078984038408928,0.00010078984038408928,9.99990000099999e-06,9.99990000099999e-06
145600,989,988,1012.0,988.0,145600,0.00010108977982325986,0.00010118975959632885,9.99990000099999e-06,9.99990000099999e-06
145700,984,983,1017.0,983.0,145700,0.00010158967848866555,0.00010168965816176495,9.99990000099999e-06,9.99990000099999e-06
145800,977,977,1023.0,977.0,145800,0.00010228953578048966,0.00010228953578048966,9.99990000099999e-06,9.99990000099999e-06
145900,970,970,1030.0,970.0,145900,0.00010298939209261448,0.00010298939209261448,9.99990000099999e-06,9.99990000099999e-06
146000,968,968,1032.0,968.0,146000,0.00010318935085899135,0.00010318935085899135,9.99990000099999e-06,9.99990000099999e-06
146100,966,965,1035.0,965.0,146100,0.000103389309545393,0.00010348928885860313,9.99990000099999e-06,9.99990000099999e-06
146200,964,964,1036.0,964.0,146200,0.00010358926815181946,0.00010358926815181946,9.99990000099999e-06,9.99990000099999e-06
146300,955,955,1045.0,955.0,146300,0.0001044890808910469,0.0001044890808910469,9.99990000099999e-06,9.99990000099999e-06
146400,954,954,1046.0,954.0,146400,0.00010458905998432565,0.00010458905998432565,9.99990000099999e-06,9.99990000099999e-06
146500,949,949,1051.0,949.0,146500,0.00010508895515081363,0.00010508895515081363,9.99990000099999e-06,9.99990000099999e-06
146600,955,955,1045.0,955.0,146600,0.0001044890808910469,0.0001044890808910469,9.99990000099999e-06,9.99990000099999e-06
146700,953,953,1047.0,953.0,146700,0.00010468903905761067,0.00010468903905761067,9.99990000099999e-06,9.99990000099999e-06
146800,955,955,1045.0,955.0,146800,0.0001044890808910469,0.0001044890808910469,9.99990000099999e-06,9.99990000099999e-06
146900,951,951,1049.0,951.0,146900,0.00010488899714419958,0.00010488899714419958,9.99990000099999e-06,9.99990000099999e-06
147000,953,953,1047.0,953.0,147000,0.00010468903905761067,0.00010468903905761067,9.99990000099999e-06,9.99990000099999e-06
147100,949,949,1051.0,949.0,147100,0.00010508895515081363,0.00010508895515081363,9.99990000099999e-06,9.99990000099999e-06
147200,951,951,1049.0,951.0,147200,0.00010488899714419958,0.00010488899714419958,9.99990000099999e-06,9.99990000099999e-06
147300,948,948,1052.0,948.0,147300,0.00010518893412413015,0.00010518893412413015,9.99990000099999e-06,9.99990000099999e-06
147400,947,947,1053.0,947.0,147400,0.00010528891307745295,0.00010528891307745295,9.99990000099999e-06,9.99990000099999e-06
147500,945,945,1056.0,945.0,147500,0.0001054888709241175,0.0001054888709241175,9.99990000099999e-06,9.99990000099999e-06
147600,937,937,1063.0,937.0,147600,0.0001062887015110294,0.0001062887015110294,9.99990000099999e-06,9.99990000099999e-06
147700,935,935,1065.0,935.0,147700,0.000106488658957821,0.000106488658957821,9.99990000099999e-06,9.99990000099999e-06
147800,931,931,1069.0,931.0,147800,0.00010688857361148093,0.00010688857361148093,9.99990000099999e-06,9.99990000099999e-06
147900,932,931,1068.0,931.0,147900,0.00010678859497805635,0.00010688857361148093,9.99990000099999e-06,9.99990000099999e-06
148000,935,935,1065.0,935.0,148000,0.000106488658957821,0.000106488658957821,9.99990000099999e-06,9.99990000099999e-06
148100,939,939,1061.0,939.0,148100,0.00010608874398426327,0.00010608874398426327,9.99990000099999e-06,9.99990000099999e-06
148200,942,942,1058.0,942.0,148200,0.00010578880754416181,0.00010578880754416181,9.99990000099999e-06,9.99990000099999e-06
148300,942,942,1058.0,942.0,148300,0.00010578880754416181,0.00010578880754416181,9.99990000099999e-06,9.99990000099999e-06
148400,953,953,1047.0,953.0,148400,0.00010468903905761067,0.00010468903905761067,9.99990000099999e-06,9.99990000099999e-06
148500,956,956,1044.0,956.0,148500,0.0001043891017777744,0.0001043891017777744,9.99990000099999e-06,9.99990000099999e-06
148600,963,963,1037.0,963.0,148600,0.00010368924742504205,0.00010368924742504205,9.99990000099999e-06,9.99990000099999e-06
148700,965,965,1035.0,965.0,148700,0.00010348928885860313,0.00010348928885860313,9.99990000099999e-06,9.99990000099999e-06
148800,962,962,1038.0,962.0,148800,0.0001037892266782708,0.0001037892266782708,9.99990000099999e-06,9.99990000099999e-06
148900,965,965,1035.0,965.0,148900,0.00010348928885860313,0.00010348928885860313,9.99990000099999e-06,9.99990000099999e-06
149000,961,961,1039.0,961.0,149000,0.00010388920591150579,0.00010388920591150579,9.99990000099999e-06,9.99990000099999e-06
149100,963,963,1037.0,963.0,149100,0.00010368924742504205,0.00010368924742504205,9.99990000099999e-06,9.99990000099999e-06
149200,964,964,1036.0,964.0,149200,0.00010358926815181946,0.00010358926815181946,9.99990000099999e-06,9.99990000099999e-06
149300,970,970,1030.0,970.0,149300,0.00010298939209261448,0.00010298939209261448,9.99990000099999e-06,9.99990000099999e-06
149400,977,977,1023.0,977.0,149400,0.00010228953578048966,0.00010228953578048966,9.99990000099999e-06,9.99990000099999e-06
149500,972,972,1028.0,971.0,149500,0.00010278943324626227,0.00010278943324626227,9.99990000099999e-06,9.99990000099999e-06
149600,960,960,1040.0,960.0,149600,0.00010398918512474702,0.00010398918512474702,9.99990000099999e-06,9.99990000099999e-06
149700,963,963,1037.0,963.0,149700,0.00010368924742504205,0.00010368924742504205,9.99990000099999e-06,9.99990000099999e-06
149800,962,962,1038.0,962.0,149800,0.0001037892266782708,0.0001037892266782708,9.99990000099999e-06,9.99990000099999e-06
149900,962,962,1038.0,962.0,149900,0.0001037892266782708,0.0001037892266782708,9.99990000099999e-06,9.99990000099999e-06
150000,965,965,1035.0,966.0,150000,0.00010348928885860313,0.00010348928885860313,9.99990000099999e-06,9.99990000099999e-06
150100,959,958,1043.0,957.0,150100,0.0001040891643179945,0.00010418914349124821,9.99990000099999e-06,9.99990000099999e-06
150200,960,960,1040.0,960.0,150200,0.00010398918512474702,0.00010398918512474702,9.99990000099999e-06,9.99990000099999e-06
150300,966,966,1034.0,966.0,150300,0.000103389309545393,0.000103389309545393,9.99990000099999e-06,9.99990000099999e-06
150400,961,961,1039.0,961.0,150400,0.00010388920591150579,0.00010388920591150579,9.99990000099999e-06,9.99990000099999e-06
150500,961,961,1039.0,961.0,150500,0.00010388920591150579,0.00010388920591150579,9.99990000099999e-06,9.99990000099999e-06
150600,965,965,1035.0,965.0,150600,0.00010348928885860313,0.00010348928885860313,9.99990000099999e-06,9.99990000099999e-06
150700,967,967,1033.0,967.0,150700,0.00010328933021218909,0.00010328933021218909,9.99990000099999e-06,9.99990000099999e-06
150800,966,966,1034.0,966.0,150800,0.000103389309545393,0.000103389309545393,9.99990000099999e-06,9.99990000099999e-06
150900,967,967,1033.0,967.0,150900,0.00010328933021218909,0.00010328933021218909,9.99990000099999e-06,9.99990000099999e-06
151000,959,959,1041.0,959.0,151000,0.0001040891643179945,0.0001040891643179945,9.99990000099999e-06,9.99990000099999e-06
151100,964,964,1036.0,964.0,151100,0.00010358926815181946,0.00010358926815181946,9.99990000099999e-06,9.99990000099999e-06
151200,961,961,1039.0,961.0,151200,0.00010388920591150579,0.00010388920591150579,9.99990000099999e-06,9.99990000099999e-06
151300,964,964,1036.0,964.0,151300,0.00010358926815181946,0.00010358926815181946,9.99990000099999e-06,9.99990000099999e-06
151400,966,966,1034.0,966.0,151400,0.000103389309545393,0.000103389309545393,9.99990000099999e-06,9.99990000099999e-06
151500,967,966,1034.0,967.0,151500,0.00010328933021218909,0.000103389309545393,9.99990000099999e-06,9.99990000099999e-06
151600,968,968,1032.0,968.0,151600,0.00010318935085899135,0.00010318935085899135,9.99990000099999e-06,9.99990000099999e-06
151700,964,964,1036.0,964.0,151700,0.00010358926815181946,0.00010358926815181946,9.99990000099999e-06,9.99990000099999e-06
151800,958,958,1042.0,958.0,151800,0.00010418914349124821,0.00010418914349124821,9.99990000099999e-06,9.99990000099999e-06
151900,958,958,1041.0,959.0,151900,0.00010418914349124821,0.00010418914349124821,9.99990000099999e-06,9.99990000099999e-06
152000,960,960,1040.0,960.0,152000,0.00010398918512474702,0.00010398918512474702,9.99990000099999e-06,9.99990000099999e-06
152100,955,955,1045.0,955.0,152100,0.0001044890808910469,0.0001044890808910469,9.99990000099999e-06,9.99990000099999e-06
152200,960,960,1040.0,960.0,152200,0.00010398918512474702,0.00010398918512474702,9.99990000099999e-06,9.99990000099999e-06
152300,964,964,1036.0,964.0,152300,0.00010358926815181946,0.00010358926815181946,9.99990000099999e-06,9.99990000099999e-06
152400,972,972,1028.0,972.0,152400,0.00010278943324626227,0.00010278943324626227,9.99990000099999e-06,9.99990000099999e-06
152500,962,962,1038.0,962.0,152500,0.0001037892266782708,0.0001037892266782708,9.99990000099999e-06,9.99990000099999e-06
152600,964,964,1036.0,964.0,152600,0.00010358926815181946,0.00010358926815181946,9.99990000099999e-06,9.99990000099999e-06
152700,968,968,1032.0,968.0,152700,0.00010318935085899135,0.00010318935085899135,9.99990000099999e-06,9.99990000099999e-06
152800,967,967,1033.0,967.0,152800,0.00010328933021218909,0.00010328933021218909,9.99990000099999e-06,9.99990000099999e-06
152900,964,964,1036.0,964.0,152900,0.00010358926815181946,0.00010358926815181946,9.99990000099999e-06,9.99990000099999e-06
153000,957,957,1043.0,957.0,153000,0.00010428912264450817,0.00010428912264450817,9.99990000099999e-06,9.99990000099999e-06
153100,954,954,1046.0,954.0,153100,0.00010458905998432565,0.00010458905998432565,9.99990000099999e-06,9.99990000099999e-06
153200,957,957,1043.0,957.0,153200,0.00010428912264450817,0.00010428912264450817,9.99990000099999e-06,9.99990000099999e-06
153300,963,963,1037.0,963.0,153300,0.00010368924742504205,0.00010368924742504205,9.99990000099999e-06,9.99990000099999e-06
153400,961,961,1039.0,961.0,153400,0.00010388920591150579,0.00010388920591150579,9.99990000099999e-06,9.99990000099999e-06
153500,959,959,1041.0,959.0,153500,0.0001040891643179945,0.0001040891643179945,9.99990000099999e-06,9.99990000099999e-06
153600,955,955,1045.0,955.0,153600,0.0001044890808910469,0.0001044890808910469,9.99990000099999e-06,9.99990000099999e-06
153700,955,955,1045.0,955.0,153700,0.0001044890808910469,0.0001044890808910469,9.99990000099999e-06,9.99990000099999e-06
153800,958,958,1042.0,958.0,153800,0.00010418914349124821,0.00010418914349124821,9.99990000099999e-06,9.99990000099999e-06
153900,967,967,1033.0,967.0,153900,0.00010328933021218909,0.00010328933021218909,9.99990000099999e-06,9.99990000099999e-06
154000,972,972,1028.0,972.0,154000,0.00010278943324626227,0.00010278943324626227,9.99990000099999e-06,9.99990000099999e-06
154100,968,968,1032.0,968.0,154100,0.00010318935085899135,0.00010318935085899135,9.99990000099999e-06,9.99990000099999e-06
154200,968,968,1032.0,968.0,154200,0.00010318935085899135,0.00010318935085899135,9.99990000099999e-06,9.99990000099999e-06
154300,971,971,1029.0,971.0,154300,0.0001028894126794353,0.0001028894126794353,9.99990000099999e-06,9.99990000099999e-06
154400,975,975,1025.0,975.0,154400,0.00010248949482678026,0.00010248949482678026,9.99990000099999e-06,9.99990000099999e-06
154500,971,971,1029.0,971.0,154500,0.0001028894126794353,0.0001028894126794353,9.99990000099999e-06,9.99990000099999e-06
154600,972,972,1028.0,972.0,154600,0.00010278943324626227,0.00010278943324626227,9.99990000099999e-06,9.99990000099999e-06
154700,974,974,1026.0,974.0,154700,0.00010258947431993479,0.00010258947431993479,9.99990000099999e-06,9.99990000099999e-06
154800,972,972,1028.0,972.0,154800,0.00010278943324626227,0.00010278943324626227,9.99990000099999e-06,9.99990000099999e-06
154900,970,970,1030.0,970.0,154900,0.00010298939209261448,0.00010298939209261448,9.99990000099999e-06,9.99990000099999e-06
155000,967,967,1033.0,967.0,155000,0.00010328933021218909,0.00010328933021218909,9.99990000099999e-06,9.99990000099999e-06
155100,962,961,1038.0,962.0,155100,0.0001037892266782708,0.00010388920591150579,9.99990000099999e-06,9.99990000099999e-06
155200,958,958,1042.0,958.0,155200,0.00010418914349124821,0.00010418914349124821,9.99990000099999e-06,9.99990000099999e-06
155300,953,953,1047.0,953.0,155300,0.00010468903905761067,0.00010468903905761067,9.99990000099999e-06,9.99990000099999e-06
155400,956,956,1044.0,956.0,155400,0.0001043891017777744,0.0001043891017777744,9.99990000099999e-06,9.99990000099999e-06
155500,956,956,1044.0,956.0,155500,0.0001043891017777744,0.0001043891017777744,9.99990000099999e-06,9.99990000099999e-06
155600,963,963,1037.0,962.0,155600,0.00010368924742504205,0.00010368924742504205,9.99990000099999e-06,9.99990000099999e-06
155700,968,968,1032.0,967.0,155700,0.00010318935085899135,0.00010318935085899135,9.99990000099999e-06,9.99990000099999e-06
155800,969,969,1031.0,969.0,155800,0.0001030893714857998,0.0001030893714857998,9.99990000099999e-06,9.99990000099999e-06
155900,969,969,1031.0,969.0,155900,0.0001030893714857998,0.0001030893714857998,9.99990000099999e-06,9.99990000099999e-06
156000,963,963,1037.0,963.0,156000,0.00010368924742504205,0.00010368924742504205,9.99990000099999e-06,9.99990000099999e-06
156100,964,964,1036.0,964.0,156100,0.00010358926815181946,0.00010358926815181946,9.99990000099999e-06,9.99990000099999e-06
156200,963,963,1037.0,963.0,156200,0.00010368924742504205,0.00010368924742504205,9.99990000099999e-06,9.99990000099999e-06
156300,962,962,1038.0,962.0,156300,0.0001037892266782708,0.0001037892266782708,9.99990000099999e-06,9.99990000099999e-06
156400,965,965,1035.0,965.0,156400,0.00010348928885860313,0.00010348928885860313,9.99990000099999e-06,9.99990000099999e-06
156500,965,965,1035.0,965.0,156500,0.00010348928885860313,0.00010348928885860313,9.99990000099999e-06,9.99990000099999e-06
156600,966,966,1034.0,966.0,156600,0.000103389309545393,0.000103389309545393,9.99990000099999e-06,9.99990000099999e-06
156700,973,973,1027.0,973.0,156700,0.00010268945379309543,0.00010268945379309543,9.99990000099999e-06,9.99990000099999e-06
156800,974,974,1026.0,974.0,156800,0.00010258947431993479,0.00010258947431993479,9.99990000099999e-06,9.99990000099999e-06
156900,975,974,1025.0,975.0,156900,0.00010248949482678026,0.00010258947431993479,9.99990000099999e-06,9.99990000099999e-06
157000,983,983,1017.0,983.0,157000,0.00010168965816176495,0.00010168965816176495,9.99990000099999e-06,9.99990000099999e-06
157100,984,984,1016.0,984.0,157100,0.00010158967848866555,0.00010158967848866555,9.99990000099999e-06,9.99990000099999e-06
157200,986,986,1014.0,986.0,157200,0.00010138971908248506,0.00010138971908248506,9.99990000099999e-06,9.99990000099999e-06
157300,990,990,1010.0,990.0,157300,0.00010098980003019696,0.00010098980003019696,9.99990000099999e-06,9.99990000099999e-06
157400,991,991,1009.0,991.0,157400,0.00010088982021714009,0.00010088982021714009,9.99990000099999e-06,9.99990000099999e-06
157500,988,988,1012.0,988.0,157500,0.00010118975959632885,0.00010118975959632885,9.99990000099999e-06,9.99990000099999e-06
157600,987,987,1013.0,987.0,157600,0.00010128973934940391,0.00010128973934940391,9.99990000099999e-06,9.99990000099999e-06
157700,987,987,1013.0,987.0,157700,0.00010128973934940391,0.00010128973934940391,9.99990000099999e-06,9.99990000099999e-06
157800,992,992,1008.0,992.0,157800,0.00010078984038408928,0.00010078984038408928,9.99990000099999e-06,9.99990000099999e-06
157900,1000,999,1000.0,1000.0,157900,9.999000099990002e-05,0.0001000899809929026,9.99990000099999e-06,9.99990000099999e-06
158000,999,999,999.0,1001.0,158000,0.0001000899809929026,0.0001000899809929026,9.99990000099999e-06,9.99990000099999e-06
158100,992,992,1008.0,992.0,158100,0.00010078984038408928,0.00010078984038408928,9.99990000099999e-06,9.99990000099999e-06
158200,986,986,1014.0,986.0,158200,0.00010138971908248506,0.00010138971908248506,9.99990000099999e-06,9.99990000099999e-06
158300,989,989,1011.0,989.0,158300,0.00010108977982325986,0.00010108977982325986,9.99990000099999e-06,9.99990000099999e-06
158400,996,996,1004.0,996.0,158400,0.00010038992085194648,0.00010038992085194648,9.99990000099999e-06,9.99990000099999e-06
158500,996,996,1004.0,996.0,158500,0.00010038992085194648,0.00010038992085194648,9.99990000099999e-06,9.99990000099999e-06
158600,997,997,1003.0,997.0,158600,0.00010028994091892584,0.00010028994091892584,9.99990000099999e-06,9.99990000099999e-06
158700,998,999,998.0,1001.0,158700,0.0001001899609659112,0.0001000899809929026,9.99990000099999e-06,9.99990000099999e-06
158800,998,999,998.0,1002.0,158800,0.0001001899609659112,0.0001000899809929026,9.99990000099999e-06,9.99990000099999e-06
158900,995,995,995.0,1005.0,158900,0.00010048990076497312,0.00010048990076497312,9.99990000099999e-06,9.99990000099999e-06
159000,990,990,990.0,1010.0,159000,0.00010098980003019696,0.00010098980003019696,9.99990000099999e-06,9.99990000099999e-06
159100,989,989,989.0,1011.0,159100,0.00010108977982325986,0.00010108977982325986,9.99990000099999e-06,9.99990000099999e-06
159200,987,988,988.0,1013.0,159200,0.00010128973934940391,0.00010118975959632885,9.99990000099999e-06,9.99990000099999e-06
159300,983,983,983.0,1017.0,159300,0.00010168965816176495,0.00010168965816176495,9.99990000099999e-06,9.99990000099999e-06
159400,981,981,981.0,1019.0,159400,0.00010188961744798205,0.00010188961744798205,9.99990000099999e-06,9.99990000099999e-06
159500,984,984,984.0,1016.0,159500,0.00010158967848866555,0.00010158967848866555,9.99990000099999e-06,9.99990000099999e-06
159600,984,984,984.0,1016.0,159600,0.00010158967848866555,0.00010158967848866555,9.99990000099999e-06,9.99990000099999e-06
159700,987,987,987.0,1013.0,159700,0.00010128973934940391,0.00010128973934940391,9.99990000099999e-06,9.99990000099999e-06
159800,979,979,979.0,1021.0,159800,0.0001020895766542236,0.0001020895766542236,9.99990000099999e-06,9.99990000099999e-06
159900,977,977,977.0,1023.0,159900,0.00010228953578048966,0.00010228953578048966,9.99990000099999e-06,9.99990000099999e-06
160000,978,978,978.0,1022.0,160000,0.00010218955622735357,0.00010218955622735357,9.99990000099999e-06,9.99990000099999e-06
160100,972,973,973.0,1027.0,160100,0.00010278943324626227,0.00010268945379309543,9.99990000099999e-06,9.99990000099999e-06
160200,974,974,974.0,1026.0,160200,0.00010258947431993479,0.00010258947431993479,9.99990000099999e-06,9.99990000099999e-06
160300,976,976,976.0,1024.0,160300,0.00010238951531363188,0.00010238951531363188,9.99990000099999e-06,9.99990000099999e-06
160400,979,979,979.0,1021.0,160400,0.0001020895766542236,0.0001020895766542236,9.99990000099999e-06,9.99990000099999e-06
160500,978,978,978.0,1022.0,160500,0.00010218955622735357,0.00010218955622735357,9.99990000099999e-06,9.99990000099999e-06
160600,981,981,981.0,1020.0,160600,0.00010188961744798205,0.00010188961744798205,9.99990000099999e-06,9.99990000099999e-06
160700,982,982,982.0,1018.0,160700,0.00010178963781487044,0.00010178963781487044,9.99990000099999e-06,9.99990000099999e-06
160800,973,973,973.0,1027.0,160800,0.00010268945379309543,0.00010268945379309543,9.99990000099999e-06,9.99990000099999e-06
160900,972,972,972.0,1028.0,160900,0.00010278943324626227,0.00010278943324626227,9.99990000099999e-06,9.99990000099999e-06
161000,969,969,969.0,1031.0,161000,0.0001030893714857998,0.0001030893714857998,9.99990000099999e-06,9.99990000099999e-06
161100,965,965,965.0,1035.0,161100,0.00010348928885860313,0.00010348928885860313,9.99990000099999e-06,9.99990000099999e-06
161200,975,975,975.0,1025.0,161200,0.00010248949482678026,0.00010248949482678026,9.99990000099999e-06,9.99990000099999e-06
161300,984,984,984.0,1016.0,161300,0.00010158967848866555,0.00010158967848866555,9.99990000099999e-06,9.99990000099999e-06
161400,990,990,990.0,1010.0,161400,0.00010098980003019696,0.00010098980003019696,9.99990000099999e-06,9.99990000099999e-06
161500,995,995,995.0,1005.0,161500,0.00010048990076497312,0.00010048990076497312,9.99990000099999e-06,9.99990000099999e-06
161600,991,991,991.0,1009.0,161600,0.00010088982021714009,0.00010088982021714009,9.99990000099999e-06,9.99990000099999e-06
161700,993,994,993.0,1007.0,161700,0.00010068986053104453,0.00010058988065800582,9.99990000099999e-06,9.99990000099999e-06
161800,997,997,997.0,1003.0,161800,0.00010028994091892584,0.00010028994091892584,9.99990000099999e-06,9.99990000099999e-06
161900,998,998,998.0,1002.0,161900,0.0001001899609659112,0.0001001899609659112,9.99990000099999e-06,9.99990000099999e-06
162000,997,997,997.0,1003.0,162000,0.00010028994091892584,0.00010028994091892584,9.99990000099999e-06,9.99990000099999e-06
162100,1000,1000,1000.0,1000.0,162100,9.999000099990002e-05,9.999000099990002e-05,9.99990000099999e-06,9.99990000099999e-06
162200,994,994,1006.0,994.0,162200,0.00010058988065800582,0.00010058988065800582,9.99990000099999e-06,9.99990000099999e-06
162300,985,985,1016.0,984.0,162300,0.00010148969879557225,0.00010148969879557225,9.99990000099999e-06,9.99990000099999e-06
162400,981,980,1019.0,981.0,162400,0.00010188961744798205,0.00010198959706109978,9.99990000099999e-06,9.99990000099999e-06
162500,980,980,1020.0,980.0,162500,0.00010198959706109978,0.00010198959706109978,9.99990000099999e-06,9.99990000099999e-06
162600,981,981,1019.0,981.0,162600,0.00010188961744798205,0.00010188961744798205,9.99990000099999e-06,9.99990000099999e-06
162700,981,981,1019.0,981.0,162700,0.00010188961744798205,0.00010188961744798205,9.99990000099999e-06,9.99990000099999e-06
162800,979,979,1021.0,979.0,162800,0.0001020895766542236,0.0001020895766542236,9.99990000099999e-06,9.99990000099999e-06
162900,978,978,1022.0,978.0,162900,0.00010218955622735357,0.00010218955622735357,9.99990000099999e-06,9.99990000099999e-06
163000,978,978,1022.0,978.0,163000,0.00010218955622735357,0.00010218955622735357,9.99990000099999e-06,9.99990000099999e-06
163100,981,981,1019.0,981.0,163100,0.00010188961744798205,0.00010188961744798205,9.99990000099999e-06,9.99990000099999e-06
163200,983,983,1017.0,983.0,163200,0.00010168965816176495,0.00010168965816176495,9.99990000099999e-06,9.99990000099999e-06
163300,986,985,1014.0,986.0,163300,0.00010138971908248506,0.00010148969879557225,9.99990000099999e-06,9.99990000099999e-06
163400,982,982,1018.0,982.0,163400,0.00010178963781487044,0.00010178963781487044,9.99990000099999e-06,9.99990000099999e-06
163500,973,973,1027.0,973.0,163500,0.00010268945379309543,0.00010268945379309543,9.99990000099999e-06,9.99990000099999e-06
163600,969,969,1031.0,969.0,163600,0.0001030893714857998,0.0001030893714857998,9.99990000099999e-06,9.99990000099999e-06
163700,969,969,1031.0,969.0,163700,0.0001030893714857998,0.0001030893714857998,9.99990000099999e-06,9.99990000099999e-06
163800,963,963,1037.0,963.0,163800,0.00010368924742504205,0.00010368924742504205,9.99990000099999e-06,9.99990000099999e-06
163900,965,965,1035.0,965.0,163900,0.00010348928885860313,0.00010348928885860313,9.99990000099999e-06,9.99990000099999e-06
164000,971,971,1029.0,971.0,164000,0.0001028894126794353,0.0001028894126794353,9.99990000099999e-06,9.99990000099999e-06
164100,981,981,1019.0,981.0,164100,0.00010188961744798205,0.00010188961744798205,9.99990000099999e-06,9.99990000099999e-06
164200,973,973,1027.0,973.0,164200,0.00010268945379309543,0.00010268945379309543,9.99990000099999e-06,9.99990000099999e-06
164300,976,976,1024.0,976.0,164300,0.00010238951531363188,0.00010238951531363188,9.99990000099999e-06,9.99990000099999e-06
164400,978,978,1022.0,978.0,164400,0.00010218955622735357,0.00010218955622735357,9.99990000099999e-06,9.99990000099999e-06
164500,980,980,1020.0,980.0,164500,0.00010198959706109978,0.00010198959706109978,9.99990000099999e-06,9.99990000099999e-06
164600,981,981,1019.0,981.0,164600,0.00010188961744798205,0.00010188961744798205,9.99990000099999e-06,9.99990000099999e-06
164700,978,978,1022.0,978.0,164700,0.00010218955622735357,0.00010218955622735357,9.99990000099999e-06,9.99990000099999e-06
164800,985,985,1015.0,985.0,164800,0.00010148969879557225,0.00010148969879557225,9.99990000099999e-06,9.99990000099999e-06
164900,986,986,1014.0,986.0,164900,0.00010138971908248506,0.00010138971908248506,9.99990000099999e-06,9.99990000099999e-06
165000,981,981,1019.0,981.0,165000,0.00010188961744798205,0.00010188961744798205,9.99990000099999e-06,9.99990000099999e-06
165100,983,983,1017.0,983.0,165100,0.00010168965816176495,0.00010168965816176495,9.99990000099999e-06,9.99990000099999e-06
165200,982,982,1018.0,982.0,165200,0.00010178963781487044,0.00010178963781487044,9.99990000099999e-06,9.99990000099999e-06
165300,978,978,1022.0,978.0,165300,0.00010218955622735357,0.00010218955622735357,9.99990000099999e-06,9.99990000099999e-06
165400,982,982,1018.0,982.0,165400,0.00010178963781487044,0.00010178963781487044,9.99990000099999e-06,9.99990000099999e-06
165500,984,984,1016.0,984.0,165500,0.00010158967848866555,0.00010158967848866555,9.99990000099999e-06,9.99990000099999e-06
165600,990,990,1010.0,990.0,165600,0.00010098980003019696,0.00010098980003019696,9.99990000099999e-06,9.99990000099999e-06
165700,993,992,1007.0,993.0,165700,0.00010068986053104453,0.00010078984038408928,9.99990000099999e-06,9.99990000099999e-06
165800,998,998,998.0,1002.0,165800,0.0001001899609659112,0.0001001899609659112,9.99990000099999e-06,9.99990000099999e-06
165900,997,997,1003.0,997.0,165900,0.00010028994091892584,0.00010028994091892584,9.99990000099999e-06,9.99990000099999e-06
166000,999,999,999.0,1001.0,166000,0.0001000899809929026,0.0001000899809929026,9.99990000099999e-06,9.99990000099999e-06
166100,996,996,1004.0,996.0,166100,0.00010038992085194648,0.00010038992085194648,9.99990000099999e-06,9.99990000099999e-06
166200,998,998,998.0,1002.0,166200,0.0001001899609659112,0.0001001899609659112,9.99990000099999e-06,9.99990000099999e-06
166300,999,999,999.0,1001.0,166300,0.0001000899809929026,0.0001000899809929026,9.99990000099999e-06,9.99990000099999e-06
166400,996,996,996.0,1004.0,166400,0.00010038992085194648,0.00010038992085194648,9.99990000099999e-06,9.99990000099999e-06
166500,994,994,994.0,1006.0,166500,0.00010058988065800582,0.00010058988065800582,9.99990000099999e-06,9.99990000099999e-06
166600,997,997,1003.0,997.0,166600,0.00010028994091892584,0.00010028994091892584,9.99990000099999e-06,9.99990000099999e-06
166700,994,994,994.0,1006.0,166700,0.00010058988065800582,0.00010058988065800582,9.99990000099999e-06,9.99990000099999e-06
166800,992,992,992.0,1008.0,166800,0.00010078984038408928,0.00010078984038408928,9.99990000099999e-06,9.99990000099999e-06
166900,993,993,993.0,1007.0,166900,0.00010068986053104453,0.00010068986053104453,9.99990000099999e-06,9.99990000099999e-06
167000,989,989,988.0,1011.0,167000,0.00010108977982325986,0.00010108977982325986,9.99990000099999e-06,9.99990000099999e-06
167100,994,994,994.0,1006.0,167100,0.00010058988065800582,0.00010058988065800582,9.99990000099999e-06,9.99990000099999e-06
167200,997,997,997.0,1003.0,167200,0.00010028994091892584,0.00010028994091892584,9.99990000099999e-06,9.99990000099999e-06
167300,998,998,1002.0,998.0,167300,0.0001001899609659112,0.0001001899609659112,9.99990000099999e-06,9.99990000099999e-06
167400,997,997,997.0,1003.0,167400,0.00010028994091892584,0.00010028994091892584,9.99990000099999e-06,9.99990000099999e-06
167500,991,991,991.0,1009.0,167500,0.00010088982021714009,0.00010088982021714009,9.99990000099999e-06,9.99990000099999e-06
167600,997,997,997.0,1003.0,167600,0.00010028994091892584,0.00010028994091892584,9.99990000099999e-06,9.99990000099999e-06
167700,996,996,996.0,1004.0,167700,0.00010038992085194648,0.00010038992085194648,9.99990000099999e-06,9.99990000099999e-06
167800,997,997,997.0,1003.0,167800,0.00010028994091892584,0.00010028994091892584,9.99990000099999e-06,9.99990000099999e-06
167900,996,995,1005.0,995.0,167900,0.00010038992085194648,0.00010048990076497312,9.99990000099999e-06,9.99990000099999e-06
168000,986,986,1014.0,986.0,168000,0.00010138971908248506,0.00010138971908248506,9.99990000099999e-06,9.99990000099999e-06
168100,980,979,1021.0,979.0,168100,0.00010198959706109978,0.0001020895766542236,9.99990000099999e-06,9.99990000099999e-06
168200,976,976,1024.0,976.0,168200,0.00010238951531363188,0.00010238951531363188,9.99990000099999e-06,9.99990000099999e-06
168300,974,974,1026.0,974.0,168300,0.00010258947431993479,0.00010258947431993479,9.99990000099999e-06,9.99990000099999e-06
168400,972,972,1028.0,972.0,168400,0.00010278943324626227,0.00010278943324626227,9.99990000099999e-06,9.99990000099999e-06
168500,965,965,1035.0,965.0,168500,0.00010348928885860313,0.00010348928885860313,9.99990000099999e-06,9.99990000099999e-06
168600,970,970,1030.0,969.0,168600,0.00010298939209261448,0.00010298939209261448,9.99990000099999e-06,9.99990000099999e-06
168700,968,968,1032.0,968.0,168700,0.00010318935085899135,0.00010318935085899135,9.99990000099999e-06,9.99990000099999e-06
168800,965,965,1035.0,965.0,168800,0.00010348928885860313,0.00010348928885860313,9.99990000099999e-06,9.99990000099999e-06
168900,969,969,1031.0,969.0,168900,0.0001030893714857998,0.0001030893714857998,9.99990000099999e-06,9.99990000099999e-06
169000,970,970,1031.0,970.0,169000,0.00010298939209261448,0.00010298939209261448,9.99990000099999e-06,9.99990000099999e-06
169100,965,965,1035.0,965.0,169100,0.00010348928885860313,0.00010348928885860313,9.99990000099999e-06,9.99990000099999e-06
169200,970,969,1031.0,969.0,169200,0.00010298939209261448,0.0001030893714857998,9.99990000099999e-06,9.99990000099999e-06
169300,971,971,1030.0,971.0,169300,0.0001028894126794353,0.0001028894126794353,9.99990000099999e-06,9.99990000099999e-06
169400,967,967,1033.0,967.0,169400,0.00010328933021218909,0.00010328933021218909,9.99990000099999e-06,9.99990000099999e-06
169500,962,962,1038.0,962.0,169500,0.0001037892266782708,0.0001037892266782708,9.99990000099999e-06,9.99990000099999e-06
169600,968,968,1032.0,968.0,169600,0.00010318935085899135,0.00010318935085899135,9.99990000099999e-06,9.99990000099999e-06
169700,964,964,1035.0,964.0,169700,0.00010358926815181946,0.00010358926815181946,9.99990000099999e-06,9.99990000099999e-06
169800,963,963,1037.0,963.0,169800,0.00010368924742504205,0.00010368924742504205,9.99990000099999e-06,9.99990000099999e-06
169900,959,959,1041.0,959.0,169900,0.0001040891643179945,0.0001040891643179945,9.99990000099999e-06,9.99990000099999e-06
170000,949,949,1051.0,949.0,170000,0.00010508895515081363,0.00010508895515081363,9.99990000099999e-06,9.99990000099999e-06
170100,951,951,1049.0,951.0,170100,0.00010488899714419958,0.00010488899714419958,9.99990000099999e-06,9.99990000099999e-06
170200,952,952,1048.0,952.0,170200,0.00010478901811090198,0.00010478901811090198,9.99990000099999e-06,9.99990000099999e-06
170300,955,954,1045.0,955.0,170300,0.0001044890808910469,0.00010458905998432565,9.99990000099999e-06,9.99990000099999e-06
170400,954,954,1046.0,954.0,170400,0.00010458905998432565,0.00010458905998432565,9.99990000099999e-06,9.99990000099999e-06
170500,952,953,1048.0,952.0,170500,0.00010478901811090198,0.00010468903905761067,9.99990000099999e-06,9.99990000099999e-06
170600,959,959,1041.0,959.0,170600,0.0001040891643179945,0.0001040891643179945,9.99990000099999e-06,9.99990000099999e-06
170700,955,955,1045.0,955.0,170700,0.0001044890808910469,0.0001044890808910469,9.99990000099999e-06,9.99990000099999e-06
170800,956,956,1044.0,956.0,170800,0.0001043891017777744,0.0001043891017777744,9.99990000099999e-06,9.99990000099999e-06
170900,958,958,1042.0,958.0,170900,0.00010418914349124821,0.00010418914349124821,9.99990000099999e-06,9.99990000099999e-06
171000,960,960,1040.0,960.0,171000,0.00010398918512474702,0.00010398918512474702,9.99990000099999e-06,9.99990000099999e-06
171100,962,962,1038.0,962.0,171100,0.0001037892266782708,0.0001037892266782708,9.99990000099999e-06,9.99990000099999e-06
171200,963,963,1037.0,963.0,171200,0.00010368924742504205,0.00010368924742504205,9.99990000099999e-06,9.99990000099999e-06
171300,965,965,1035.0,965.0,171300,0.00010348928885860313,0.00010348928885860313,9.99990000099999e-06,9.99990000099999e-06
171400,966,966,1034.0,967.0,171400,0.000103389309545393,0.000103389309545393,9.99990000099999e-06,9.99990000099999e-06
171500,965,965,1035.0,965.0,171500,0.00010348928885860313,0.00010348928885860313,9.99990000099999e-06,9.99990000099999e-06
171600,966,966,1034.0,966.0,171600,0.000103389309545393,0.000103389309545393,9.99990000099999e-06,9.99990000099999e-06
171700,953,953,1047.0,953.0,171700,0.00010468903905761067,0.00010468903905761067,9.99990000099999e-06,9.99990000099999e-06
171800,958,958,1042.0,958.0,171800,0.00010418914349124821,0.00010418914349124821,9.99990000099999e-06,9.99990000099999e-06
171900,964,964,1036.0,964.0,171900,0.00010358926815181946,0.00010358926815181946,9.99990000099999e-06,9.99990000099999e-06
172000,962,962,1038.0,962.0,172000,0.0001037892266782708,0.0001037892266782708,9.99990000099999e-06,9.99990000099999e-06
172100,966,966,1034.0,966.0,172100,0.000103389309545393,0.000103389309545393,9.99990000099999e-06,9.99990000099999e-06
172200,970,970,1030.0,970.0,172200,0.00010298939209261448,0.00010298939209261448,9.99990000099999e-06,9.99990000099999e-06
172300,965,965,1035.0,965.0,172300,0.00010348928885860313,0.00010348928885860313,9.99990000099999e-06,9.99990000099999e-06
172400,971,971,1029.0,972.0,172400,0.0001028894126794353,0.0001028894126794353,9.99990000099999e-06,9.99990000099999e-06
172500,974,974,1026.0,974.0,172500,0.00010258947431993479,0.00010258947431993479,9.99990000099999e-06,9.99990000099999e-06
172600,975,975,1025.0,975.0,172600,0.00010248949482678026,0.00010248949482678026,9.99990000099999e-06,9.99990000099999e-06
172700,978,978,1022.0,978.0,172700,0.00010218955622735357,0.00010218955622735357,9.99990000099999e-06,9.99990000099999e-06
172800,974,974,1026.0,974.0,172800,0.00010258947431993479,0.00010258947431993479,9.99990000099999e-06,9.99990000099999e-06
172900,974,974,1026.0,974.0,172900,0.00010258947431993479,0.00010258947431993479,9.99990000099999e-06,9.99990000099999e-06
173000,989,989,1011.0,989.0,173000,0.00010108977982325986,0.00010108977982325986,9.99990000099999e-06,9.99990000099999e-06
173100,991,991,1009.0,991.0,173100,0.00010088982021714009,0.00010088982021714009,9.99990000099999e-06,9.99990000099999e-06
173200,990,990,1010.0,990.0,173200,0.00010098980003019696,0.00010098980003019696,9.99990000099999e-06,9.99990000099999e-06
173300,999,999,999.0,1001.0,173300,0.0001000899809929026,0.0001000899809929026,9.99990000099999e-06,9.99990000099999e-06
173400,996,996,996.0,1004.0,173400,0.00010038992085194648,0.00010038992085194648,9.99990000099999e-06,9.99990000099999e-06
173500,995,995,995.0,1005.0,173500,0.00010048990076497312,0.00010048990076497312,9.99990000099999e-06,9.99990000099999e-06
173600,998,998,1002.0,998.0,173600,0.0001001899609659112,0.0001001899609659112,9.99990000099999e-06,9.99990000099999e-06
173700,995,995,1005.0,995.0,173700,0.00010048990076497312,0.00010048990076497312,9.99990000099999e-06,9.99990000099999e-06
173800,997,995,1005.0,997.0,173800,0.00010028994091892584,0.00010048990076497312,9.99990000099999e-06,9.99990000099999e-06
173900,998,999,998.0,1002.0,173900,0.0001001899609659112,0.0001000899809929026,9.99990000099999e-06,9.99990000099999e-06
174000,998,998,998.0,1002.0,174000,0.0001001899609659112,0.0001001899609659112,9.99990000099999e-06,9.99990000099999e-06
174100,996,996,996.0,1004.0,174100,0.00010038992085194648,0.00010038992085194648,9.99990000099999e-06,9.99990000099999e-06
174200,998,999,998.0,1002.0,174200,0.0001001899609659112,0.0001000899809929026,9.99990000099999e-06,9.99990000099999e-06
174300,999,999,1001.0,999.0,174300,0.0001000899809929026,0.0001000899809929026,9.99990000099999e-06,9.99990000099999e-06
174400,993,992,1008.0,993.0,174400,0.00010068986053104453,0.00010078984038408928,9.99990000099999e-06,9.99990000099999e-06
174500,995,995,1005.0,995.0,174500,0.00010048990076497312,0.00010048990076497312,9.99990000099999e-06,9.99990000099999e-06
174600,985,985,1015.0,985.0,174600,0.00010148969879557225,0.00010148969879557225,9.99990000099999e-06,9.99990000099999e-06
174700,982,982,1018.0,982.0,174700,0.00010178963781487044,0.00010178963781487044,9.99990000099999e-06,9.99990000099999e-06
174800,982,982,1018.0,982.0,174800,0.00010178963781487044,0.00010178963781487044,9.99990000099999e-06,9.99990000099999e-06
174900,986,986,1014.0,986.0,174900,0.00010138971908248506,0.00010138971908248506,9.99990000099999e-06,9.99990000099999e-06
175000,983,983,1017.0,983.0,175000,0.00010168965816176495,0.00010168965816176495,9.99990000099999e-06,9.99990000099999e-06
175100,981,981,1019.0,981.0,175100,0.00010188961744798205,0.00010188961744798205,9.99990000099999e-06,9.99990000099999e-06
175200,977,977,1023.0,977.0,175200,0.00010228953578048966,0.00010228953578048966,9.99990000099999e-06,9.99990000099999e-06
175300,975,975,1025.0,975.0,175300,0.00010248949482678026,0.00010248949482678026,9.99990000099999e-06,9.99990000099999e-06
175400,980,980,1020.0,980.0,175400,0.00010198959706109978,0.00010198959706109978,9.99990000099999e-06,9.99990000099999e-06
175500,970,970,1030.0,970.0,175500,0.00010298939209261448,0.00010298939209261448,9.99990000099999e-06,9.99990000099999e-06
175600,974,974,1026.0,974.0,175600,0.00010258947431993479,0.00010258947431993479,9.99990000099999e-06,9.99990000099999e-06
175700,966,966,1034.0,966.0,175700,0.000103389309545393,0.000103389309545393,9.99990000099999e-06,9.99990000099999e-06
175800,966,966,1034.0,966.0,175800,0.000103389309545393,0.000103389309545393,9.99990000099999e-06,9.99990000099999e-06
175900,970,969,1031.0,969.0,175900,0.00010298939209261448,0.0001030893714857998,9.99990000099999e-06,9.99990000099999e-06
176000,970,970,1030.0,970.0,176000,0.00010298939209261448,0.00010298939209261448,9.99990000099999e-06,9.99990000099999e-06
176100,968,968,1032.0,968.0,176100,0.00010318935085899135,0.00010318935085899135,9.99990000099999e-06,9.99990000099999e-06
176200,972,972,1028.0,972.0,176200,0.00010278943324626227,0.00010278943324626227,9.99990000099999e-06,9.99990000099999e-06
176300,969,969,1031.0,969.0,176300,0.0001030893714857998,0.0001030893714857998,9.99990000099999e-06,9.99990000099999e-06
176400,971,971,1029.0,971.0,176400,0.0001028894126794353,0.0001028894126794353,9.99990000099999e-06,9.99990000099999e-06
176500,973,973,1027.0,973.0,176500,0.00010268945379309543,0.00010268945379309543,9.99990000099999e-06,9.99990000099999e-06
176600,966,966,1034.0,966.0,176600,0.000103389309545393,0.000103389309545393,9.99990000099999e-06,9.99990000099999e-06
176700,970,970,1030.0,970.0,176700,0.00010298939209261448,0.00010298939209261448,9.99990000099999e-06,9.99990000099999e-06
176800,966,966,1034.0,966.0,176800,0.000103389309545393,0.000103389309545393,9.99990000099999e-06,9.99990000099999e-06
176900,965,965,1035.0,965.0,176900,0.00010348928885860313,0.00010348928885860313,9.99990000099999e-06,9.99990000099999e-06
177000,966,965,1034.0,966.0,177000,0.000103389309545393,0.00010348928885860313,9.99990000099999e-06,9.99990000099999e-06
177100,970,969,1031.0,969.0,177100,0.00010298939209261448,0.0001030893714857998,9.99990000099999e-06,9.99990000099999e-06
177200,967,967,1033.0,967.0,177200,0.00010328933021218909,0.00010328933021218909,9.99990000099999e-06,9.99990000099999e-06
177300,972,971,1029.0,971.0,177300,0.00010278943324626227,0.0001028894126794353,9.99990000099999e-06,9.99990000099999e-06
177400,971,971,1029.0,971.0,177400,0.0001028894126794353,0.0001028894126794353,9.99990000099999e-06,9.99990000099999e-06
177500,972,972,1028.0,972.0,177500,0.00010278943324626227,0.00010278943324626227,9.99990000099999e-06,9.99990000099999e-06
177600,972,972,1028.0,972.0,177600,0.00010278943324626227,0.00010278943324626227,9.99990000099999e-06,9.99990000099999e-06
177700,971,971,1029.0,971.0,177700,0.0001028894126794353,0.0001028894126794353,9.99990000099999e-06,9.99990000099999e-06
177800,967,967,1033.0,967.0,177800,0.00010328933021218909,0.00010328933021218909,9.99990000099999e-06,9.99990000099999e-06
177900,967,967,1033.0,967.0,177900,0.00010328933021218909,0.00010328933021218909,9.99990000099999e-06,9.99990000099999e-06
178000,959,959,1041.0,959.0,178000,0.0001040891643179945,0.0001040891643179945,9.99990000099999e-06,9.99990000099999e-06
178100,958,958,1042.0,958.0,178100,0.00010418914349124821,0.00010418914349124821,9.99990000099999e-06,9.99990000099999e-06
178200,962,963,1038.0,962.0,178200,0.0001037892266782708,0.00010368924742504205,9.99990000099999e-06,9.99990000099999e-06
178300,961,961,1039.0,961.0,178300,0.00010388920591150579,0.00010388920591150579,9.99990000099999e-06,9.99990000099999e-06
178400,957,956,1043.0,957.0,178400,0.00010428912264450817,0.0001043891017777744,9.99990000099999e-06,9.99990000099999e-06
178500,964,964,1036.0,964.0,178500,0.00010358926815181946,0.00010358926815181946,9.99990000099999e-06,9.99990000099999e-06
178600,964,964,1036.0,964.0,178600,0.00010358926815181946,0.00010358926815181946,9.99990000099999e-06,9.99990000099999e-06
178700,962,962,1038.0,962.0,178700,0.0001037892266782708,0.0001037892266782708,9.99990000099999e-06,9.99990000099999e-06
178800,955,955,1045.0,955.0,178800,0.0001044890808910469,0.0001044890808910469,9.99990000099999e-06,9.99990000099999e-06
178900,948,948,1052.0,948.0,178900,0.00010518893412413015,0.00010518893412413015,9.99990000099999e-06,9.99990000099999e-06
179000,954,954,1046.0,954.0,179000,0.00010458905998432565,0.00010458905998432565,9.99990000099999e-06,9.99990000099999e-06
179100,955,955,1045.0,955.0,179100,0.0001044890808910469,0.0001044890808910469,9.99990000099999e-06,9.99990000099999e-06
179200,946,946,1054.0,946.0,179200,0.00010538889201078208,0.00010538889201078208,9.99990000099999e-06,9.99990000099999e-06
179300,935,935,1064.0,936.0,179300,0.000106488658957821,0.000106488658957821,9.99990000099999e-06,9.99990000099999e-06
179400,939,939,1061.0,939.0,179400,0.00010608874398426327,0.00010608874398426327,9.99990000099999e-06,9.99990000099999e-06
179500,940,940,1060.0,940.0,179500,0.00010598876519088978,0.00010598876519088978,9.99990000099999e-06,9.99990000099999e-06
179600,934,934,1066.0,934.0,179600,0.00010658863765122638,0.00010658863765122638,9.99990000099999e-06,9.99990000099999e-06
179700,935,935,1065.0,935.0,179700,0.000106488658957821,0.000106488658957821,9.99990000099999e-06,9.99990000099999e-06
179800,931,931,1069.0,931.0,179800,0.00010688857361148093,0.00010688857361148093,9.99990000099999e-06,9.99990000099999e-06
179900,931,931,1069.0,931.0,179900,0.00010688857361148093,0.00010688857361148093,9.99990000099999e-06,9.99990000099999e-06
180000,929,929,1071.0,929.0,180000,0.00010708853081834937,0.00010708853081834937,9.99990000099999e-06,9.99990000099999e-06
180100,932,932,1068.0,932.0,180100,0.00010678859497805635,0.00010678859497805635,9.99990000099999e-06,9.99990000099999e-06
180200,938,938,1062.0,938.0,180200,0.00010618872275764314,0.00010618872275764314,9.99990000099999e-06,9.99990000099999e-06
180300,935,935,1065.0,935.0,180300,0.000106488658957821,0.000106488658957821,9.99990000099999e-06,9.99990000099999e-06
180400,932,931,1069.0,932.0,180400,0.00010678859497805635,0.00010688857361148093,9.99990000099999e-06,9.99990000099999e-06
180500,925,925,1075.0,925.0,180500,0.00010748844499216334,0.00010748844499216334,9.99990000099999e-06,9.99990000099999e-06
180600,924,924,1076.0,924.0,180600,0.00010758842348563294,0.00010758842348563294,9.99990000099999e-06,9.99990000099999e-06
180700,926,926,1074.0,926.0,180700,0.00010738846647870019,0.00010738846647870019,9.99990000099999e-06,9.99990000099999e-06
180800,930,930,1070.0,930.0,180800,0.00010698855222491194,0.00010698855222491194,9.99990000099999e-06,9.99990000099999e-06
180900,933,932,1067.0,933.0,180900,0.00010668861632463818,0.00010678859497805635,9.99990000099999e-06,9.99990000099999e-06
181000,928,926,1074.0,926.0,181000,0.00010718850939179321,0.00010738846647870019,9.99990000099999e-06,9.99990000099999e-06
181100,925,925,1075.0,925.0,181100,0.00010748844499216334,0.00010748844499216334,9.99990000099999e-06,9.99990000099999e-06
181200,922,922,1078.0,922.0,181200,0.0001077883804125915,0.0001077883804125915,9.99990000099999e-06,9.99990000099999e-06
181300,923,923,1077.0,923.0,181300,0.000107688401959109,0.000107688401959109,9.99990000099999e-06,9.99990000099999e-06
181400,931,930,1069.0,931.0,181400,0.00010688857361148093,0.00010698855222491194,9.99990000099999e-06,9.99990000099999e-06
181500,931,931,1069.0,931.0,181500,0.00010688857361148093,0.00010688857361148093,9.99990000099999e-06,9.99990000099999e-06
181600,930,930,1070.0,930.0,181600,0.00010698855222491194,0.00010698855222491194,9.99990000099999e-06,9.99990000099999e-06
181700,938,938,1062.0,938.0,181700,0.00010618872275764314,0.00010618872275764314,9.99990000099999e-06,9.99990000099999e-06
181800,937,937,1063.0,937.0,181800,0.0001062887015110294,0.0001062887015110294,9.99990000099999e-06,9.99990000099999e-06
181900,946,946,1054.0,946.0,181900,0.00010538889201078208,0.00010538889201078208,9.99990000099999e-06,9.99990000099999e-06
182000,946,945,1054.0,946.0,182000,0.00010538889201078208,0.0001054888709241175,9.99990000099999e-06,9.99990000099999e-06
182100,955,955,1045.0,955.0,182100,0.0001044890808910469,0.0001044890808910469,9.99990000099999e-06,9.99990000099999e-06
182200,965,965,1035.0,965.0,182200,0.00010348928885860313,0.00010348928885860313,9.99990000099999e-06,9.99990000099999e-06
182300,969,969,1031.0,969.0,182300,0.0001030893714857998,0.0001030893714857998,9.99990000099999e-06,9.99990000099999e-06
182400,974,974,1026.0,974.0,182400,0.00010258947431993479,0.00010258947431993479,9.99990000099999e-06,9.99990000099999e-06
182500,981,981,1019.0,981.0,182500,0.00010188961744798205,0.00010188961744798205,9.99990000099999e-06,9.99990000099999e-06
182600,982,982,1018.0,982.0,182600,0.00010178963781487044,0.00010178963781487044,9.99990000099999e-06,9.99990000099999e-06
182700,984,984,1016.0,984.0,182700,0.00010158967848866555,0.00010158967848866555,9.99990000099999e-06,9.99990000099999e-06
182800,976,976,1024.0,976.0,182800,0.00010238951531363188,0.00010238951531363188,9.99990000099999e-06,9.99990000099999e-06
182900,982,982,1018.0,981.0,182900,0.00010178963781487044,0.00010178963781487044,9.99990000099999e-06,9.99990000099999e-06
183000,992,992,1008.0,992.0,183000,0.00010078984038408928,0.00010078984038408928,9.99990000099999e-06,9.99990000099999e-06
183100,990,990,1010.0,990.0,183100,0.00010098980003019696,0.00010098980003019696,9.99990000099999e-06,9.99990000099999e-06
183200,990,990,1010.0,990.0,183200,0.00010098980003019696,0.00010098980003019696,9.99990000099999e-06,9.99990000099999e-06
183300,995,995,1005.0,995.0,183300,0.00010048990076497312,0.00010048990076497312,9.99990000099999e-06,9.99990000099999e-06
183400,990,990,1010.0,990.0,183400,0.00010098980003019696,0.00010098980003019696,9.99990000099999e-06,9.99990000099999e-06
183500,992,992,1008.0,992.0,183500,0.00010078984038408928,0.00010078984038408928,9.99990000099999e-06,9.99990000099999e-06
183600,996,996,1004.0,996.0,183600,0.00010038992085194648,0.00010038992085194648,9.99990000099999e-06,9.99990000099999e-06
183700,1000,1000,1001.0,999.0,183700,9.999000099990002e-05,9.999000099990002e-05,9.99990000099999e-06,9.99990000099999e-06
183800,998,998,998.0,1002.0,183800,0.0001001899609659112,0.0001001899609659112,9.99990000099999e-06,9.99990000099999e-06
183900,1000,1000,1000.0,1000.0,183900,9.999000099990002e-05,9.999000099990002e-05,9.99990000099999e-06,9.99990000099999e-06
184000,997,997,1003.0,997.0,184000,0.00010028994091892584,0.00010028994091892584,9.99990000099999e-06,9.99990000099999e-06
184100,999,999,999.0,1001.0,184100,0.0001000899809929026,0.0001000899809929026,9.99990000099999e-06,9.99990000099999e-06
184200,989,988,1011.0,988.0,184200,0.00010108977982325986,0.00010118975959632885,9.99990000099999e-06,9.99990000099999e-06
184300,985,984,1016.0,985.0,184300,0.00010148969879557225,0.00010158967848866555,9.99990000099999e-06,9.99990000099999e-06
184400,986,986,1014.0,986.0,184400,0.00010138971908248506,0.00010138971908248506,9.99990000099999e-06,9.99990000099999e-06
184500,990,990,1010.0,990.0,184500,0.00010098980003019696,0.00010098980003019696,9.99990000099999e-06,9.99990000099999e-06
184600,984,984,1017.0,985.0,184600,0.00010158967848866555,0.00010158967848866555,9.99990000099999e-06,9.99990000099999e-06
184700,980,980,1020.0,980.0,184700,0.00010198959706109978,0.00010198959706109978,9.99990000099999e-06,9.99990000099999e-06
184800,984,984,1016.0,984.0,184800,0.00010158967848866555,0.00010158967848866555,9.99990000099999e-06,9.99990000099999e-06
184900,979,979,1021.0,979.0,184900,0.0001020895766542236,0.0001020895766542236,9.99990000099999e-06,9.99990000099999e-06
185000,979,979,1021.0,979.0,185000,0.0001020895766542236,0.0001020895766542236,9.99990000099999e-06,9.99990000099999e-06
185100,974,974,1026.0,974.0,185100,0.00010258947431993479,0.00010258947431993479,9.99990000099999e-06,9.99990000099999e-06
185200,967,967,1033.0,967.0,185200,0.00010328933021218909,0.00010328933021218909,9.99990000099999e-06,9.99990000099999e-06
185300,966,966,1034.0,966.0,185300,0.000103389309545393,0.000103389309545393,9.99990000099999e-06,9.99990000099999e-06
185400,973,973,1027.0,973.0,185400,0.00010268945379309543,0.00010268945379309543,9.99990000099999e-06,9.99990000099999e-06
185500,973,973,1027.0,973.0,185500,0.00010268945379309543,0.00010268945379309543,9.99990000099999e-06,9.99990000099999e-06
185600,972,972,1028.0,972.0,185600,0.00010278943324626227,0.00010278943324626227,9.99990000099999e-06,9.99990000099999e-06
185700,966,966,1034.0,966.0,185700,0.000103389309545393,0.000103389309545393,9.99990000099999e-06,9.99990000099999e-06
185800,971,971,1028.0,972.0,185800,0.0001028894126794353,0.0001028894126794353,9.99990000099999e-06,9.99990000099999e-06
185900,967,967,1033.0,967.0,185900,0.00010328933021218909,0.00010328933021218909,9.99990000099999e-06,9.99990000099999e-06
186000,966,966,1034.0,966.0,186000,0.000103389309545393,0.000103389309545393,9.99990000099999e-06,9.99990000099999e-06
186100,973,973,1027.0,972.0,186100,0.00010268945379309543,0.00010268945379309543,9.99990000099999e-06,9.99990000099999e-06
186200,975,975,1025.0,975.0,186200,0.00010248949482678026,0.00010248949482678026,9.99990000099999e-06,9.99990000099999e-06
186300,977,977,1023.0,977.0,186300,0.00010228953578048966,0.00010228953578048966,9.99990000099999e-06,9.99990000099999e-06
186400,974,974,1026.0,974.0,186400,0.00010258947431993479,0.00010258947431993479,9.99990000099999e-06,9.99990000099999e-06
186500,976,976,1024.0,976.0,186500,0.00010238951531363188,0.00010238951531363188,9.99990000099999e-06,9.99990000099999e-06
186600,975,975,1025.0,975.0,186600,0.00010248949482678026,0.00010248949482678026,9.99990000099999e-06,9.99990000099999e-06
186700,977,977,1023.0,977.0,186700,0.00010228953578048966,0.00010228953578048966,9.99990000099999e-06,9.99990000099999e-06
186800,976,976,1024.0,976.0,186800,0.00010238951531363188,0.00010238951531363188,9.99990000099999e-06,9.99990000099999e-06
186900,980,980,1020.0,980.0,186900,0.00010198959706109978,0.00010198959706109978,9.99990000099999e-06,9.99990000099999e-06
187000,983,982,1017.0,983.0,187000,0.00010168965816176495,0.00010178963781487044,9.99990000099999e-06,9.99990000099999e-06
187100,980,980,1020.0,980.0,187100,0.00010198959706109978,0.00010198959706109978,9.99990000099999e-06,9.99990000099999e-06
187200,982,982,1018.0,982.0,187200,0.00010178963781487044,0.00010178963781487044,9.99990000099999e-06,9.99990000099999e-06
187300,984,984,1016.0,984.0,187300,0.00010158967848866555,0.00010158967848866555,9.99990000099999e-06,9.99990000099999e-06
187400,992,992,1008.0,992.0,187400,0.00010078984038408928,0.00010078984038408928,9.99990000099999e-06,9.99990000099999e-06
187500,994,994,1006.0,994.0,187500,0.00010058988065800582,0.00010058988065800582,9.99990000099999e-06,9.99990000099999e-06
187600,998,998,1002.0,998.0,187600,0.0001001899609659112,0.0001001899609659112,9.99990000099999e-06,9.99990000099999e-06
187700,994,994,994.0,1006.0,187700,0.00010058988065800582,0.00010058988065800582,9.99990000099999e-06,9.99990000099999e-06
187800,994,994,994.0,1006.0,187800,0.00010058988065800582,0.00010058988065800582,9.99990000099999e-06,9.99990000099999e-06
187900,997,997,997.0,1003.0,187900,0.00010028994091892584,0.00010028994091892584,9.99990000099999e-06,9.99990000099999e-06
188000,993,993,993.0,1007.0,188000,0.00010068986053104453,0.00010068986053104453,9.99990000099999e-06,9.99990000099999e-06
188100,986,986,986.0,1014.0,188100,0.00010138971908248506,0.00010138971908248506,9.99990000099999e-06,9.99990000099999e-06
188200,986,987,987.0,1014.0,188200,0.00010138971908248506,0.00010128973934940391,9.99990000099999e-06,9.99990000099999e-06
188300,986,986,986.0,1015.0,188300,0.00010138971908248506,0.00010138971908248506,9.99990000099999e-06,9.99990000099999e-06
188400,985,985,985.0,1015.0,188400,0.00010148969879557225,0.00010148969879557225,9.99990000099999e-06,9.99990000099999e-06
188500,983,983,983.0,1017.0,188500,0.00010168965816176495,0.00010168965816176495,9.99990000099999e-06,9.99990000099999e-06
188600,989,989,989.0,1011.0,188600,0.00010108977982325986,0.00010108977982325986,9.99990000099999e-06,9.99990000099999e-06
188700,994,994,994.0,1006.0,188700,0.00010058988065800582,0.00010058988065800582,9.99990000099999e-06,9.99990000099999e-06
188800,995,995,995.0,1005.0,188800,0.00010048990076497312,0.00010048990076497312,9.99990000099999e-06,9.99990000099999e-06
188900,997,997,1003.0,997.0,188900,0.00010028994091892584,0.00010028994091892584,9.99990000099999e-06,9.99990000099999e-06
189000,993,993,1007.0,993.0,189000,0.00010068986053104453,0.00010068986053104453,9.99990000099999e-06,9.99990000099999e-06
189100,996,996,1004.0,996.0,189100,0.00010038992085194648,0.00010038992085194648,9.99990000099999e-06,9.99990000099999e-06
189200,999,999,999.0,1001.0,189200,0.0001000899809929026,0.0001000899809929026,9.99990000099999e-06,9.99990000099999e-06
189300,999,999,1001.0,999.0,189300,0.0001000899809929026,0.0001000899809929026,9.99990000099999e-06,9.99990000099999e-06
189400,997,997,997.0,1003.0,189400,0.00010028994091892584,0.00010028994091892584,9.99990000099999e-06,9.99990000099999e-06
189500,998,999,998.0,1002.0,189500,0.0001001899609659112,0.0001000899809929026,9.99990000099999e-06,9.99990000099999e-06
189600,997,997,997.0,1003.0,189600,0.00010028994091892584,0.00010028994091892584,9.99990000099999e-06,9.99990000099999e-06
189700,992,992,992.0,1008.0,189700,0.00010078984038408928,0.00010078984038408928,9.99990000099999e-06,9.99990000099999e-06
189800,996,996,996.0,1004.0,189800,0.00010038992085194648,0.00010038992085194648,9.99990000099999e-06,9.99990000099999e-06
189900,998,998,1002.0,998.0,189900,0.0001001899609659112,0.0001001899609659112,9.99990000099999e-06,9.99990000099999e-06
190000,993,993,1007.0,993.0,190000,0.00010068986053104453,0.00010068986053104453,9.99990000099999e-06,9.99990000099999e-06
190100,993,993,1007.0,993.0,190100,0.00010068986053104453,0.00010068986053104453,9.99990000099999e-06,9.99990000099999e-06
190200,998,998,1002.0,998.0,190200,0.0001001899609659112,0.0001001899609659112,9.99990000099999e-06,9.99990000099999e-06
190300,995,995,1005.0,995.0,190300,0.00010048990076497312,0.00010048990076497312,9.99990000099999e-06,9.99990000099999e-06
190400,997,996,1003.0,997.0,190400,0.00010028994091892584,0.00010038992085194648,9.99990000099999e-06,9.99990000099999e-06
190500,998,998,1002.0,998.0,190500,0.0001001899609659112,0.0001001899609659112,9.99990000099999e-06,9.99990000099999e-06
190600,998,998,1002.0,998.0,190600,0.0001001899609659112,0.0001001899609659112,9.99990000099999e-06,9.99990000099999e-06
190700,997,997,1003.0,997.0,190700,0.00010028994091892584,0.00010028994091892584,9.99990000099999e-06,9.99990000099999e-06
190800,997,997,997.0,1003.0,190800,0.00010028994091892584,0.00010028994091892584,9.99990000099999e-06,9.99990000099999e-06
190900,999,999,999.0,1001.0,190900,0.0001000899809929026,0.0001000899809929026,9.99990000099999e-06,9.99990000099999e-06
191000,994,994,994.0,1006.0,191000,0.00010058988065800582,0.00010058988065800582,9.99990000099999e-06,9.99990000099999e-06
191100,992,993,993.0,1007.0,191100,0.00010078984038408928,0.00010068986053104453,9.99990000099999e-06,9.99990000099999e-06
191200,991,992,991.0,1009.0,191200,0.00010088982021714009,0.00010078984038408928,9.99990000099999e-06,9.99990000099999e-06
191300,991,991,991.0,1009.0,191300,0.00010088982021714009,0.00010088982021714009,9.99990000099999e-06,9.99990000099999e-06
191400,988,988,988.0,1012.0,191400,0.00010118975959632885,0.00010118975959632885,9.99990000099999e-06,9.99990000099999e-06
191500,989,989,989.0,1011.0,191500,0.00010108977982325986,0.00010108977982325986,9.99990000099999e-06,9.99990000099999e-06
191600,985,985,985.0,1015.0,191600,0.00010148969879557225,0.00010148969879557225,9.99990000099999e-06,9.99990000099999e-06
191700,986,986,986.0,1014.0,191700,0.00010138971908248506,0.00010138971908248506,9.99990000099999e-06,9.99990000099999e-06
191800,983,983,983.0,1017.0,191800,0.00010168965816176495,0.00010168965816176495,9.99990000099999e-06,9.99990000099999e-06
191900,978,978,978.0,1022.0,191900,0.00010218955622735357,0.00010218955622735357,9.99990000099999e-06,9.99990000099999e-06
192000,975,975,975.0,1025.0,192000,0.00010248949482678026,0.00010248949482678026,9.99990000099999e-06,9.99990000099999e-06
192100,983,983,983.0,1016.0,192100,0.00010168965816176495,0.00010168965816176495,9.99990000099999e-06,9.99990000099999e-06
192200,984,984,984.0,1016.0,192200,0.00010158967848866555,0.00010158967848866555,9.99990000099999e-06,9.99990000099999e-06
192300,989,989,990.0,1011.0,192300,0.00010108977982325986,0.00010108977982325986,9.99990000099999e-06,9.99990000099999e-06
192400,986,986,986.0,1014.0,192400,0.00010138971908248506,0.00010138971908248506,9.99990000099999e-06,9.99990000099999e-06
192500,984,984,984.0,1016.0,192500,0.00010158967848866555,0.00010158967848866555,9.99990000099999e-06,9.99990000099999e-06
192600,994,994,994.0,1006.0,192600,0.00010058988065800582,0.00010058988065800582,9.99990000099999e-06,9.99990000099999e-06
192700,992,992,992.0,1008.0,192700,0.00010078984038408928,0.00010078984038408928,9.99990000099999e-06,9.99990000099999e-06
192800,987,987,987.0,1013.0,192800,0.00010128973934940391,0.00010128973934940391,9.99990000099999e-06,9.99990000099999e-06
192900,998,998,1002.0,998.0,192900,0.0001001899609659112,0.0001001899609659112,9.99990000099999e-06,9.99990000099999e-06
193000,992,991,1009.0,992.0,193000,0.00010078984038408928,0.00010088982021714009,9.99990000099999e-06,9.99990000099999e-06
193100,986,985,1015.0,985.0,193100,0.00010138971908248506,0.00010148969879557225,9.99990000099999e-06,9.99990000099999e-06
193200,987,987,1013.0,987.0,193200,0.00010128973934940391,0.00010128973934940391,9.99990000099999e-06,9.99990000099999e-06
193300,982,982,1018.0,982.0,193300,0.00010178963781487044,0.00010178963781487044,9.99990000099999e-06,9.99990000099999e-06
193400,979,979,1021.0,979.0,193400,0.0001020895766542236,0.0001020895766542236,9.99990000099999e-06,9.99990000099999e-06
193500,985,985,1015.0,985.0,193500,0.00010148969879557225,0.00010148969879557225,9.99990000099999e-06,9.99990000099999e-06
193600,984,984,1016.0,984.0,193600,0.00010158967848866555,0.00010158967848866555,9.99990000099999e-06,9.99990000099999e-06
193700,992,992,1008.0,991.0,193700,0.00010078984038408928,0.00010078984038408928,9.99990000099999e-06,9.99990000099999e-06
193800,990,990,1010.0,990.0,193800,0.00010098980003019696,0.00010098980003019696,9.99990000099999e-06,9.99990000099999e-06
193900,984,984,1016.0,984.0,193900,0.00010158967848866555,0.00010158967848866555,9.99990000099999e-06,9.99990000099999e-06
194000,989,989,1011.0,989.0,194000,0.00010108977982325986,0.00010108977982325986,9.99990000099999e-06,9.99990000099999e-06
194100,989,989,1011.0,989.0,194100,0.00010108977982325986,0.00010108977982325986,9.99990000099999e-06,9.99990000099999e-06
194200,989,989,1011.0,989.0,194200,0.00010108977982325986,0.00010108977982325986,9.99990000099999e-06,9.99990000099999e-06
194300,997,997,1003.0,997.0,194300,0.00010028994091892584,0.00010028994091892584,9.99990000099999e-06,9.99990000099999e-06
194400,992,992,1008.0,992.0,194400,0.00010078984038408928,0.00010078984038408928,9.99990000099999e-06,9.99990000099999e-06
194500,990,990,1011.0,989.0,194500,0.00010098980003019696,0.00010098980003019696,9.99990000099999e-06,9.99990000099999e-06
194600,992,992,1008.0,992.0,194600,0.00010078984038408928,0.00010078984038408928,9.99990000099999e-06,9.99990000099999e-06
194700,997,997,1003.0,997.0,194700,0.00010028994091892584,0.00010028994091892584,9.99990000099999e-06,9.99990000099999e-06
194800,995,995,1005.0,995.0,194800,0.00010048990076497312,0.00010048990076497312,9.99990000099999e-06,9.99990000099999e-06
194900,996,996,1004.0,996.0,194900,0.00010038992085194648,0.00010038992085194648,9.99990000099999e-06,9.99990000099999e-06
195000,996,996,1004.0,996.0,195000,0.00010038992085194648,0.00010038992085194648,9.99990000099999e-06,9.99990000099999e-06
195100,996,995,1004.0,996.0,195100,0.00010038992085194648,0.00010048990076497312,9.99990000099999e-06,9.99990000099999e-06
195200,996,996,1004.0,996.0,195200,0.00010038992085194648,0.00010038992085194648,9.99990000099999e-06,9.99990000099999e-06
195300,998,999,998.0,1001.0,195300,0.0001001899609659112,0.0001000899809929026,9.99990000099999e-06,9.99990000099999e-06
195400,996,996,996.0,1004.0,195400,0.00010038992085194648,0.00010038992085194648,9.99990000099999e-06,9.99990000099999e-06
195500,995,995,995.0,1005.0,195500,0.00010048990076497312,0.00010048990076497312,9.99990000099999e-06,9.99990000099999e-06
195600,987,987,987.0,1013.0,195600,0.00010128973934940391,0.00010128973934940391,9.99990000099999e-06,9.99990000099999e-06
195700,985,985,985.0,1015.0,195700,0.00010148969879557225,0.00010148969879557225,9.99990000099999e-06,9.99990000099999e-06
195800,986,986,986.0,1015.0,195800,0.00010138971908248506,0.00010138971908248506,9.99990000099999e-06,9.99990000099999e-06
195900,985,985,985.0,1015.0,195900,0.00010148969879557225,0.00010148969879557225,9.99990000099999e-06,9.99990000099999e-06
196000,986,986,986.0,1014.0,196000,0.00010138971908248506,0.00010138971908248506,9.99990000099999e-06,9.99990000099999e-06
196100,988,989,988.0,1011.0,196100,0.00010118975959632885,0.00010108977982325986,9.99990000099999e-06,9.99990000099999e-06
196200,987,987,987.0,1013.0,196200,0.00010128973934940391,0.00010128973934940391,9.99990000099999e-06,9.99990000099999e-06
196300,992,992,992.0,1008.0,196300,0.00010078984038408928,0.00010078984038408928,9.99990000099999e-06,9.99990000099999e-06
196400,992,992,992.0,1008.0,196400,0.00010078984038408928,0.00010078984038408928,9.99990000099999e-06,9.99990000099999e-06
196500,990,990,990.0,1010.0,196500,0.00010098980003019696,0.00010098980003019696,9.99990000099999e-06,9.99990000099999e-06
196600,985,986,985.0,1015.0,196600,0.00010148969879557225,0.00010138971908248506,9.99990000099999e-06,9.99990000099999e-06
196700,990,990,989.0,1010.0,196700,0.00010098980003019696,0.00010098980003019696,9.99990000099999e-06,9.99990000099999e-06
196800,978,978,978.0,1022.0,196800,0.00010218955622735357,0.00010218955622735357,9.99990000099999e-06,9.99990000099999e-06
196900,969,969,969.0,1031.0,196900,0.0001030893714857998,0.0001030893714857998,9.99990000099999e-06,9.99990000099999e-06
197000,971,972,972.0,1028.0,197000,0.0001028894126794353,0.00010278943324626227,9.99990000099999e-06,9.99990000099999e-06
197100,971,972,971.0,1029.0,197100,0.0001028894126794353,0.00010278943324626227,9.99990000099999e-06,9.99990000099999e-06
197200,969,969,969.0,1031.0,197200,0.0001030893714857998,0.0001030893714857998,9.99990000099999e-06,9.99990000099999e-06
197300,964,964,964.0,1036.0,197300,0.00010358926815181946,0.00010358926815181946,9.99990000099999e-06,9.99990000099999e-06
197400,969,969,969.0,1031.0,197400,0.0001030893714857998,0.0001030893714857998,9.99990000099999e-06,9.99990000099999e-06
197500,967,968,967.0,1032.0,197500,0.00010328933021218909,0.00010318935085899135,9.99990000099999e-06,9.99990000099999e-06
197600,968,968,968.0,1032.0,197600,0.00010318935085899135,0.00010318935085899135,9.99990000099999e-06,9.99990000099999e-06
197700,961,961,961.0,1039.0,197700,0.00010388920591150579,0.00010388920591150579,9.99990000099999e-06,9.99990000099999e-06
197800,955,955,955.0,1045.0,197800,0.0001044890808910469,0.0001044890808910469,9.99990000099999e-06,9.99990000099999e-06
197900,947,947,947.0,1053.0,197900,0.00010528891307745295,0.00010528891307745295,9.99990000099999e-06,9.99990000099999e-06
198000,954,954,954.0,1046.0,198000,0.00010458905998432565,0.00010458905998432565,9.99990000099999e-06,9.99990000099999e-06
198100,961,961,961.0,1039.0,198100,0.00010388920591150579,0.00010388920591150579,9.99990000099999e-06,9.99990000099999e-06
198200,957,957,957.0,1043.0,198200,0.00010428912264450817,0.00010428912264450817,9.99990000099999e-06,9.99990000099999e-06
198300,960,960,960.0,1040.0,198300,0.00010398918512474702,0.00010398918512474702,9.99990000099999e-06,9.99990000099999e-06
198400,967,967,967.0,1033.0,198400,0.00010328933021218909,0.00010328933021218909,9.99990000099999e-06,9.99990000099999e-06
198500,969,969,969.0,1031.0,198500,0.0001030893714857998,0.0001030893714857998,9.99990000099999e-06,9.99990000099999e-06
198600,963,963,963.0,1037.0,198600,0.00010368924742504205,0.00010368924742504205,9.99990000099999e-06,9.99990000099999e-06
198700,965,965,965.0,1035.0,198700,0.00010348928885860313,0.00010348928885860313,9.99990000099999e-06,9.99990000099999e-06
198800,960,960,960.0,1040.0,198800,0.00010398918512474702,0.00010398918512474702,9.99990000099999e-06,9.99990000099999e-06
198900,956,956,957.0,1043.0,198900,0.0001043891017777744,0.0001043891017777744,9.99990000099999e-06,9.99990000099999e-06
199000,958,958,958.0,1042.0,199000,0.00010418914349124821,0.00010418914349124821,9.99990000099999e-06,9.99990000099999e-06
199100,956,956,956.0,1044.0,199100,0.0001043891017777744,0.0001043891017777744,9.99990000099999e-06,9.99990000099999e-06
199200,956,956,956.0,1044.0,199200,0.0001043891017777744,0.0001043891017777744,9.99990000099999e-06,9.99990000099999e-06
199300,953,953,953.0,1047.0,199300,0.00010468903905761067,0.00010468903905761067,9.99990000099999e-06,9.99990000099999e-06
199400,946,946,946.0,1054.0,199400,0.00010538889201078208,0.00010538889201078208,9.99990000099999e-06,9.99990000099999e-06
199500,943,943,943.0,1057.0,199500,0.00010568882869080739,0.00010568882869080739,9.99990000099999e-06,9.99990000099999e-06
199600,938,938,939.0,1062.0,199600,0.00010618872275764314,0.00010618872275764314,9.99990000099999e-06,9.99990000099999e-06
199700,930,930,930.0,1070.0,199700,0.00010698855222491194,0.00010698855222491194,9.99990000099999e-06,9.99990000099999e-06
199800,933,933,933.0,1067.0,199800,0.00010668861632463818,0.00010668861632463818,9.99990000099999e-06,9.99990000099999e-06
199900,940,940,940.0,1060.0,199900,0.00010598876519088978,0.00010598876519088978,9.99990000099999e-06,9.99990000099999e-06
200000,943,943,943.0,1057.0,200000,0.00010568882869080739,0.00010568882869080739,9.99990000099999e-06,9.99990000099999e-06
200100,947,947,947.0,1053.0,200100,0.00010528891307745295,0.00010528891307745295,9.99990000099999e-06,9.99990000099999e-06
200200,946,946,946.0,1054.0,200200,0.00010538889201078208,0.00010538889201078208,9.99990000099999e-06,9.99990000099999e-06
200300,946,946,946.0,1054.0,200300,0.00010538889201078208,0.00010538889201078208,9.99990000099999e-06,9.99990000099999e-06
200400,950,950,950.0,1050.0,200400,0.00010498897615750347,0.00010498897615750347,9.99990000099999e-06,9.99990000099999e-06
200500,956,956,956.0,1044.0,200500,0.0001043891017777744,0.0001043891017777744,9.99990000099999e-06,9.99990000099999e-06
200600,959,959,959.0,1041.0,200600,0.0001040891643179945,0.0001040891643179945,9.99990000099999e-06,9.99990000099999e-06
200700,959,959,959.0,1041.0,200700,0.0001040891643179945,0.0001040891643179945,9.99990000099999e-06,9.99990000099999e-06
200800,964,964,964.0,1036.0,200800,0.00010358926815181946,0.00010358926815181946,9.99990000099999e-06,9.99990000099999e-06
200900,960,960,960.0,1040.0,200900,0.00010398918512474702,0.00010398918512474702,9.99990000099999e-06,9.99990000099999e-06
201000,951,951,951.0,1049.0,201000,0.00010488899714419958,0.00010488899714419958,9.99990000099999e-06,9.99990000099999e-06
201100,946,946,946.0,1054.0,201100,0.00010538889201078208,0.00010538889201078208,9.99990000099999e-06,9.99990000099999e-06
201200,943,944,944.0,1056.0,201200,0.00010568882869080739,0.00010558884981745929,9.99990000099999e-06,9.99990000099999e-06
201300,945,945,945.0,1055.0,201300,0.0001054888709241175,0.0001054888709241175,9.99990000099999e-06,9.99990000099999e-06
201400,947,947,947.0,1053.0,201400,0.00010528891307745295,0.00010528891307745295,9.99990000099999e-06,9.99990000099999e-06
201500,947,947,947.0,1053.0,201500,0.00010528891307745295,0.00010528891307745295,9.99990000099999e-06,9.99990000099999e-06
201600,953,953,953.0,1047.0,201600,0.00010468903905761067,0.00010468903905761067,9.99990000099999e-06,9.99990000099999e-06
201700,950,951,951.0,1050.0,201700,0.00010498897615750347,0.00010488899714419958,9.99990000099999e-06,9.99990000099999e-06
201800,955,955,955.0,1045.0,201800,0.0001044890808910469,0.0001044890808910469,9.99990000099999e-06,9.99990000099999e-06
201900,955,955,955.0,1045.0,201900,0.0001044890808910469,0.0001044890808910469,9.99990000099999e-06,9.99990000099999e-06
202000,953,953,953.0,1047.0,202000,0.00010468903905761067,0.00010468903905761067,9.99990000099999e-06,9.99990000099999e-06
202100,950,950,950.0,1050.0,202100,0.00010498897615750347,0.00010498897615750347,9.99990000099999e-06,9.99990000099999e-06
202200,946,946,946.0,1054.0,202200,0.00010538889201078208,0.00010538889201078208,9.99990000099999e-06,9.99990000099999e-06
202300,944,944,944.0,1056.0,202300,0.00010558884981745929,0.00010558884981745929,9.99990000099999e-06,9.99990000099999e-06
202400,958,958,958.0,1041.0,202400,0.00010418914349124821,0.00010418914349124821,9.99990000099999e-06,9.99990000099999e-06
202500,955,955,955.0,1045.0,202500,0.0001044890808910469,0.0001044890808910469,9.99990000099999e-06,9.99990000099999e-06
202600,957,958,958.0,1043.0,202600,0.00010428912264450817,0.00010418914349124821,9.99990000099999e-06,9.99990000099999e-06
202700,966,966,966.0,1034.0,202700,0.000103389309545393,0.000103389309545393,9.99990000099999e-06,9.99990000099999e-06
202800,965,965,965.0,1035.0,202800,0.00010348928885860313,0.00010348928885860313,9.99990000099999e-06,9.99990000099999e-06
202900,967,967,967.0,1033.0,202900,0.00010328933021218909,0.00010328933021218909,9.99990000099999e-06,9.99990000099999e-06
203000,959,959,959.0,1041.0,203000,0.0001040891643179945,0.0001040891643179945,9.99990000099999e-06,9.99990000099999e-06
203100,960,960,960.0,1040.0,203100,0.00010398918512474702,0.00010398918512474702,9.99990000099999e-06,9.99990000099999e-06
203200,964,964,964.0,1036.0,203200,0.00010358926815181946,0.00010358926815181946,9.99990000099999e-06,9.99990000099999e-06
203300,965,965,965.0,1035.0,203300,0.00010348928885860313,0.00010348928885860313,9.99990000099999e-06,9.99990000099999e-06
203400,965,965,965.0,1035.0,203400,0.00010348928885860313,0.00010348928885860313,9.99990000099999e-06,9.99990000099999e-06
203500,967,967,967.0,1033.0,203500,0.00010328933021218909,0.00010328933021218909,9.99990000099999e-06,9.99990000099999e-06
203600,978,978,978.0,1022.0,203600,0.00010218955622735357,0.00010218955622735357,9.99990000099999e-06,9.99990000099999e-06
203700,973,973,973.0,1027.0,203700,0.00010268945379309543,0.00010268945379309543,9.99990000099999e-06,9.99990000099999e-06
203800,970,971,970.0,1030.0,203800,0.00010298939209261448,0.0001028894126794353,9.99990000099999e-06,9.99990000099999e-06
203900,971,971,971.0,1029.0,203900,0.0001028894126794353,0.0001028894126794353,9.99990000099999e-06,9.99990000099999e-06
204000,964,964,964.0,1036.0,204000,0.00010358926815181946,0.00010358926815181946,9.99990000099999e-06,9.99990000099999e-06
204100,971,971,971.0,1029.0,204100,0.0001028894126794353,0.0001028894126794353,9.99990000099999e-06,9.99990000099999e-06
204200,978,978,978.0,1022.0,204200,0.00010218955622735357,0.00010218955622735357,9.99990000099999e-06,9.99990000099999e-06
204300,974,974,974.0,1026.0,204300,0.00010258947431993479,0.00010258947431993479,9.99990000099999e-06,9.99990000099999e-06
204400,980,981,980.0,1020.0,204400,0.00010198959706109978,0.00010188961744798205,9.99990000099999e-06,9.99990000099999e-06
204500,983,983,983.0,1017.0,204500,0.00010168965816176495,0.00010168965816176495,9.99990000099999e-06,9.99990000099999e-06
204600,983,983,983.0,1017.0,204600,0.00010168965816176495,0.00010168965816176495,9.99990000099999e-06,9.99990000099999e-06
204700,975,975,975.0,1025.0,204700,0.00010248949482678026,0.00010248949482678026,9.99990000099999e-06,9.99990000099999e-06
204800,985,985,985.0,1015.0,204800,0.00010148969879557225,0.00010148969879557225,9.99990000099999e-06,9.99990000099999e-06
204900,979,979,979.0,1021.0,204900,0.0001020895766542236,0.0001020895766542236,9.99990000099999e-06,9.99990000099999e-06
205000,979,979,979.0,1021.0,205000,0.0001020895766542236,0.0001020895766542236,9.99990000099999e-06,9.99990000099999e-06
205100,971,971,971.0,1029.0,205100,0.0001028894126794353,0.0001028894126794353,9.99990000099999e-06,9.99990000099999e-06
205200,973,973,973.0,1027.0,205200,0.00010268945379309543,0.00010268945379309543,9.99990000099999e-06,9.99990000099999e-06
205300,966,966,966.0,1034.0,205300,0.000103389309545393,0.000103389309545393,9.99990000099999e-06,9.99990000099999e-06
205400,962,962,962.0,1038.0,205400,0.0001037892266782708,0.0001037892266782708,9.99990000099999e-06,9.99990000099999e-06
205500,965,965,965.0,1035.0,205500,0.00010348928885860313,0.00010348928885860313,9.99990000099999e-06,9.99990000099999e-06
205600,970,970,970.0,1030.0,205600,0.00010298939209261448,0.00010298939209261448,9.99990000099999e-06,9.99990000099999e-06
205700,972,972,972.0,1028.0,205700,0.00010278943324626227,0.00010278943324626227,9.99990000099999e-06,9.99990000099999e-06
205800,972,972,972.0,1028.0,205800,0.00010278943324626227,0.00010278943324626227,9.99990000099999e-06,9.99990000099999e-06
205900,971,971,971.0,1029.0,205900,0.0001028894126794353,0.0001028894126794353,9.99990000099999e-06,9.99990000099999e-06
206000,964,965,964.0,1036.0,206000,0.00010358926815181946,0.00010348928885860313,9.99990000099999e-06,9.99990000099999e-06
206100,964,964,964.0,1036.0,206100,0.00010358926815181946,0.00010358926815181946,9.99990000099999e-06,9.99990000099999e-06
206200,969,969,969.0,1031.0,206200,0.0001030893714857998,0.0001030893714857998,9.99990000099999e-06,9.99990000099999e-06
206300,967,967,967.0,1033.0,206300,0.00010328933021218909,0.00010328933021218909,9.99990000099999e-06,9.99990000099999e-06
206400,972,972,972.0,1028.0,206400,0.00010278943324626227,0.00010278943324626227,9.99990000099999e-06,9.99990000099999e-06
206500,969,969,969.0,1031.0,206500,0.0001030893714857998,0.0001030893714857998,9.99990000099999e-06,9.99990000099999e-06
206600,973,974,973.0,1027.0,206600,0.00010268945379309543,0.00010258947431993479,9.99990000099999e-06,9.99990000099999e-06
206700,974,974,974.0,1026.0,206700,0.00010258947431993479,0.00010258947431993479,9.99990000099999e-06,9.99990000099999e-06
206800,975,975,975.0,1025.0,206800,0.00010248949482678026,0.00010248949482678026,9.99990000099999e-06,9.99990000099999e-06
206900,973,973,973.0,1027.0,206900,0.00010268945379309543,0.00010268945379309543,9.99990000099999e-06,9.99990000099999e-06
207000,968,968,968.0,1032.0,207000,0.00010318935085899135,0.00010318935085899135,9.99990000099999e-06,9.99990000099999e-06
207100,970,970,970.0,1030.0,207100,0.00010298939209261448,0.00010298939209261448,9.99990000099999e-06,9.99990000099999e-06
207200,971,971,971.0,1029.0,207200,0.0001028894126794353,0.0001028894126794353,9.99990000099999e-06,9.99990000099999e-06
207300,964,964,964.0,1036.0,207300,0.00010358926815181946,0.00010358926815181946,9.99990000099999e-06,9.99990000099999e-06
207400,959,959,959.0,1041.0,207400,0.0001040891643179945,0.0001040891643179945,9.99990000099999e-06,9.99990000099999e-06
207500,952,952,952.0,1048.0,207500,0.00010478901811090198,0.00010478901811090198,9.99990000099999e-06,9.99990000099999e-06
207600,965,965,965.0,1035.0,207600,0.00010348928885860313,0.00010348928885860313,9.99990000099999e-06,9.99990000099999e-06
207700,969,969,969.0,1031.0,207700,0.0001030893714857998,0.0001030893714857998,9.99990000099999e-06,9.99990000099999e-06
207800,974,974,974.0,1026.0,207800,0.00010258947431993479,0.00010258947431993479,9.99990000099999e-06,9.99990000099999e-06
207900,970,971,971.0,1030.0,207900,0.00010298939209261448,0.0001028894126794353,9.99990000099999e-06,9.99990000099999e-06
208000,969,969,969.0,1031.0,208000,0.0001030893714857998,0.0001030893714857998,9.99990000099999e-06,9.99990000099999e-06
208100,972,972,972.0,1028.0,208100,0.00010278943324626227,0.00010278943324626227,9.99990000099999e-06,9.99990000099999e-06
208200,977,977,977.0,1023.0,208200,0.00010228953578048966,0.00010228953578048966,9.99990000099999e-06,9.99990000099999e-06
208300,974,974,974.0,1026.0,208300,0.00010258947431993479,0.00010258947431993479,9.99990000099999e-06,9.99990000099999e-06
208400,970,970,970.0,1030.0,208400,0.00010298939209261448,0.00010298939209261448,9.99990000099999e-06,9.99990000099999e-06
208500,965,965,965.0,1035.0,208500,0.00010348928885860313,0.00010348928885860313,9.99990000099999e-06,9.99990000099999e-06
208600,957,957,957.0,1043.0,208600,0.00010428912264450817,0.00010428912264450817,9.99990000099999e-06,9.99990000099999e-06
208700,954,954,954.0,1046.0,208700,0.00010458905998432565,0.00010458905998432565,9.99990000099999e-06,9.99990000099999e-06
208800,953,953,953.0,1047.0,208800,0.00010468903905761067,0.00010468903905761067,9.99990000099999e-06,9.99990000099999e-06
208900,952,952,952.0,1048.0,208900,0.00010478901811090198,0.00010478901811090198,9.99990000099999e-06,9.99990000099999e-06
209000,961,961,961.0,1039.0,209000,0.00010388920591150579,0.00010388920591150579,9.99990000099999e-06,9.99990000099999e-06
209100,957,957,957.0,1043.0,209100,0.00010428912264450817,0.00010428912264450817,9.99990000099999e-06,9.99990000099999e-06
209200,954,954,954.0,1046.0,209200,0.00010458905998432565,0.00010458905998432565,9.99990000099999e-06,9.99990000099999e-06
209300,946,946,946.0,1054.0,209300,0.00010538889201078208,0.00010538889201078208,9.99990000099999e-06,9.99990000099999e-06
209400,950,950,950.0,1050.0,209400,0.00010498897615750347,0.00010498897615750347,9.99990000099999e-06,9.99990000099999e-06
209500,954,954,954.0,1046.0,209500,0.00010458905998432565,0.00010458905998432565,9.99990000099999e-06,9.99990000099999e-06
209600,956,956,956.0,1044.0,209600,0.0001043891017777744,0.0001043891017777744,9.99990000099999e-06,9.99990000099999e-06
209700,958,958,958.0,1042.0,209700,0.00010418914349124821,0.00010418914349124821,9.99990000099999e-06,9.99990000099999e-06
209800,954,954,954.0,1046.0,209800,0.00010458905998432565,0.00010458905998432565,9.99990000099999e-06,9.99990000099999e-06
209900,957,957,957.0,1043.0,209900,0.00010428912264450817,0.00010428912264450817,9.99990000099999e-06,9.99990000099999e-06
210000,963,963,963.0,1037.0,210000,0.00010368924742504205,0.00010368924742504205,9.99990000099999e-06,9.99990000099999e-06
210100,969,969,969.0,1032.0,210100,0.0001030893714857998,0.0001030893714857998,9.99990000099999e-06,9.99990000099999e-06
210200,967,967,967.0,1033.0,210200,0.00010328933021218909,0.00010328933021218909,9.99990000099999e-06,9.99990000099999e-06
210300,969,969,969.0,1031.0,210300,0.0001030893714857998,0.0001030893714857998,9.99990000099999e-06,9.99990000099999e-06
210400,963,963,964.0,1037.0,210400,0.00010368924742504205,0.00010368924742504205,9.99990000099999e-06,9.99990000099999e-06
210500,961,961,961.0,1039.0,210500,0.00010388920591150579,0.00010388920591150579,9.99990000099999e-06,9.99990000099999e-06
210600,967,967,967.0,1033.0,210600,0.00010328933021218909,0.00010328933021218909,9.99990000099999e-06,9.99990000099999e-06
210700,970,970,970.0,1030.0,210700,0.00010298939209261448,0.00010298939209261448,9.99990000099999e-06,9.99990000099999e-06
210800,971,972,971.0,1029.0,210800,0.0001028894126794353,0.00010278943324626227,9.99990000099999e-06,9.99990000099999e-06
210900,967,967,967.0,1033.0,210900,0.00010328933021218909,0.00010328933021218909,9.99990000099999e-06,9.99990000099999e-06
211000,972,972,972.0,1028.0,211000,0.00010278943324626227,0.00010278943324626227,9.99990000099999e-06,9.99990000099999e-06
211100,970,970,970.0,1030.0,211100,0.00010298939209261448,0.00010298939209261448,9.99990000099999e-06,9.99990000099999e-06
211200,968,968,968.0,1032.0,211200,0.00010318935085899135,0.00010318935085899135,9.99990000099999e-06,9.99990000099999e-06
211300,971,971,971.0,1029.0,211300,0.0001028894126794353,0.0001028894126794353,9.99990000099999e-06,9.99990000099999e-06
211400,973,973,973.0,1027.0,211400,0.00010268945379309543,0.00010268945379309543,9.99990000099999e-06,9.99990000099999e-06
211500,969,969,969.0,1031.0,211500,0.0001030893714857998,0.0001030893714857998,9.99990000099999e-06,9.99990000099999e-06
211600,965,965,965.0,1035.0,211600,0.00010348928885860313,0.00010348928885860313,9.99990000099999e-06,9.99990000099999e-06
211700,973,973,973.0,1027.0,211700,0.00010268945379309543,0.00010268945379309543,9.99990000099999e-06,9.99990000099999e-06
211800,969,969,969.0,1031.0,211800,0.0001030893714857998,0.0001030893714857998,9.99990000099999e-06,9.99990000099999e-06
211900,968,968,968.0,1032.0,211900,0.00010318935085899135,0.00010318935085899135,9.99990000099999e-06,9.99990000099999e-06
212000,969,969,969.0,1031.0,212000,0.0001030893714857998,0.0001030893714857998,9.99990000099999e-06,9.99990000099999e-06
212100,969,969,969.0,1031.0,212100,0.0001030893714857998,0.0001030893714857998,9.99990000099999e-06,9.99990000099999e-06
212200,965,965,965.0,1035.0,212200,0.00010348928885860313,0.00010348928885860313,9.99990000099999e-06,9.99990000099999e-06
212300,962,962,962.0,1038.0,212300,0.0001037892266782708,0.0001037892266782708,9.99990000099999e-06,9.99990000099999e-06
212400,959,959,959.0,1041.0,212400,0.0001040891643179945,0.0001040891643179945,9.99990000099999e-06,9.99990000099999e-06
212500,964,964,964.0,1036.0,212500,0.00010358926815181946,0.00010358926815181946,9.99990000099999e-06,9.99990000099999e-06
212600,971,971,971.0,1029.0,212600,0.0001028894126794353,0.0001028894126794353,9.99990000099999e-06,9.99990000099999e-06
212700,971,971,971.0,1029.0,212700,0.0001028894126794353,0.0001028894126794353,9.99990000099999e-06,9.99990000099999e-06
212800,979,979,979.0,1021.0,212800,0.0001020895766542236,0.0001020895766542236,9.99990000099999e-06,9.99990000099999e-06
212900,979,979,979.0,1021.0,212900,0.0001020895766542236,0.0001020895766542236,9.99990000099999e-06,9.99990000099999e-06
213000,976,976,976.0,1024.0,213000,0.00010238951531363188,0.00010238951531363188,9.99990000099999e-06,9.99990000099999e-06
213100,972,972,972.0,1028.0,213100,0.00010278943324626227,0.00010278943324626227,9.99990000099999e-06,9.99990000099999e-06
213200,968,968,968.0,1032.0,213200,0.00010318935085899135,0.00010318935085899135,9.99990000099999e-06,9.99990000099999e-06
213300,963,963,963.0,1037.0,213300,0.00010368924742504205,0.00010368924742504205,9.99990000099999e-06,9.99990000099999e-06
213400,966,966,966.0,1034.0,213400,0.000103389309545393,0.000103389309545393,9.99990000099999e-06,9.99990000099999e-06
213500,969,969,969.0,1031.0,213500,0.0001030893714857998,0.0001030893714857998,9.99990000099999e-06,9.99990000099999e-06
213600,960,960,960.0,1040.0,213600,0.00010398918512474702,0.00010398918512474702,9.99990000099999e-06,9.99990000099999e-06
213700,963,963,963.0,1037.0,213700,0.00010368924742504205,0.00010368924742504205,9.99990000099999e-06,9.99990000099999e-06
213800,963,963,963.0,1037.0,213800,0.00010368924742504205,0.00010368924742504205,9.99990000099999e-06,9.99990000099999e-06
213900,960,960,960.0,1040.0,213900,0.00010398918512474702,0.00010398918512474702,9.99990000099999e-06,9.99990000099999e-06
214000,959,959,959.0,1041.0,214000,0.0001040891643179945,0.0001040891643179945,9.99990000099999e-06,9.99990000099999e-06
214100,960,961,961.0,1040.0,214100,0.00010398918512474702,0.00010388920591150579,9.99990000099999e-06,9.99990000099999e-06
214200,967,967,967.0,1033.0,214200,0.00010328933021218909,0.00010328933021218909,9.99990000099999e-06,9.99990000099999e-06
214300,970,970,970.0,1030.0,214300,0.00010298939209261448,0.00010298939209261448,9.99990000099999e-06,9.99990000099999e-06
214400,972,972,972.0,1028.0,214400,0.00010278943324626227,0.00010278943324626227,9.99990000099999e-06,9.99990000099999e-06
214500,970,970,970.0,1030.0,214500,0.00010298939209261448,0.00010298939209261448,9.99990000099999e-06,9.99990000099999e-06
214600,978,978,978.0,1022.0,214600,0.00010218955622735357,0.00010218955622735357,9.99990000099999e-06,9.99990000099999e-06
214700,974,974,974.0,1026.0,214700,0.00010258947431993479,0.00010258947431993479,9.99990000099999e-06,9.99990000099999e-06
214800,980,980,980.0,1020.0,214800,0.00010198959706109978,0.00010198959706109978,9.99990000099999e-06,9.99990000099999e-06
214900,979,979,978.0,1022.0,214900,0.0001020895766542236,0.0001020895766542236,9.99990000099999e-06,9.99990000099999e-06
215000,976,976,976.0,1024.0,215000,0.00010238951531363188,0.00010238951531363188,9.99990000099999e-06,9.99990000099999e-06
215100,977,977,977.0,1023.0,215100,0.00010228953578048966,0.00010228953578048966,9.99990000099999e-06,9.99990000099999e-06
215200,979,979,979.0,1021.0,215200,0.0001020895766542236,0.0001020895766542236,9.99990000099999e-06,9.99990000099999e-06
215300,982,982,982.0,1018.0,215300,0.00010178963781487044,0.00010178963781487044,9.99990000099999e-06,9.99990000099999e-06
215400,986,986,986.0,1014.0,215400,0.00010138971908248506,0.00010138971908248506,9.99990000099999e-06,9.99990000099999e-06
215500,990,990,990.0,1010.0,215500,0.00010098980003019696,0.00010098980003019696,9.99990000099999e-06,9.99990000099999e-06
215600,991,991,991.0,1009.0,215600,0.00010088982021714009,0.00010088982021714009,9.99990000099999e-06,9.99990000099999e-06
215700,990,990,990.0,1010.0,215700,0.00010098980003019696,0.00010098980003019696,9.99990000099999e-06,9.99990000099999e-06
215800,989,989,989.0,1011.0,215800,0.00010108977982325986,0.00010108977982325986,9.99990000099999e-06,9.99990000099999e-06
215900,997,997,997.0,1003.0,215900,0.00010028994091892584,0.00010028994091892584,9.99990000099999e-06,9.99990000099999e-06
216000,1000,1000,1000.0,1000.0,216000,9.999000099990002e-05,9.999000099990002e-05,9.99990000099999e-06,9.99990000099999e-06
216100,998,998,998.0,1002.0,216100,0.0001001899609659112,0.0001001899609659112,9.99990000099999e-06,9.99990000099999e-06
216200,998,998,1002.0,998.0,216200,0.0001001899609659112,0.0001001899609659112,9.99990000099999e-06,9.99990000099999e-06
216300,999,999,1001.0,999.0,216300,0.0001000899809929026,0.0001000899809929026,9.99990000099999e-06,9.99990000099999e-06
216400,996,996,996.0,1004.0,216400,0.00010038992085194648,0.00010038992085194648,9.99990000099999e-06,9.99990000099999e-06
216500,993,993,993.0,1007.0,216500,0.00010068986053104453,0.00010068986053104453,9.99990000099999e-06,9.99990000099999e-06
216600,992,992,992.0,1008.0,216600,0.00010078984038408928,0.00010078984038408928,9.99990000099999e-06,9.99990000099999e-06
216700,993,993,993.0,1007.0,216700,0.00010068986053104453,0.00010068986053104453,9.99990000099999e-06,9.99990000099999e-06
216800,989,989,989.0,1011.0,216800,0.00010108977982325986,0.00010108977982325986,9.99990000099999e-06,9.99990000099999e-06
216900,993,993,993.0,1007.0,216900,0.00010068986053104453,0.00010068986053104453,9.99990000099999e-06,9.99990000099999e-06
217000,997,997,1003.0,997.0,217000,0.00010028994091892584,0.00010028994091892584,9.99990000099999e-06,9.99990000099999e-06
217100,991,991,1009.0,991.0,217100,0.00010088982021714009,0.00010088982021714009,9.99990000099999e-06,9.99990000099999e-06
217200,996,996,1004.0,996.0,217200,0.00010038992085194648,0.00010038992085194648,9.99990000099999e-06,9.99990000099999e-06
217300,992,991,1008.0,991.0,217300,0.00010078984038408928,0.00010088982021714009,9.99990000099999e-06,9.99990000099999e-06
217400,995,995,1005.0,995.0,217400,0.00010048990076497312,0.00010048990076497312,9.99990000099999e-06,9.99990000099999e-06
217500,998,998,998.0,1002.0,217500,0.0001001899609659112,0.0001001899609659112,9.99990000099999e-06,9.99990000099999e-06
217600,993,994,993.0,1007.0,217600,0.00010068986053104453,0.00010058988065800582,9.99990000099999e-06,9.99990000099999e-06
217700,990,990,990.0,1010.0,217700,0.00010098980003019696,0.00010098980003019696,9.99990000099999e-06,9.99990000099999e-06
217800,989,989,989.0,1011.0,217800,0.00010108977982325986,0.00010108977982325986,9.99990000099999e-06,9.99990000099999e-06
217900,987,987,987.0,1013.0,217900,0.00010128973934940391,0.00010128973934940391,9.99990000099999e-06,9.99990000099999e-06
218000,980,980,980.0,1020.0,218000,0.00010198959706109978,0.00010198959706109978,9.99990000099999e-06,9.99990000099999e-06
218100,979,979,979.0,1021.0,218100,0.0001020895766542236,0.0001020895766542236,9.99990000099999e-06,9.99990000099999e-06
218200,982,982,982.0,1018.0,218200,0.00010178963781487044,0.00010178963781487044,9.99990000099999e-06,9.99990000099999e-06
218300,986,986,986.0,1014.0,218300,0.00010138971908248506,0.00010138971908248506,9.99990000099999e-06,9.99990000099999e-06
218400,985,985,985.0,1015.0,218400,0.00010148969879557225,0.00010148969879557225,9.99990000099999e-06,9.99990000099999e-06
218500,990,990,990.0,1010.0,218500,0.00010098980003019696,0.00010098980003019696,9.99990000099999e-06,9.99990000099999e-06
218600,983,983,983.0,1017.0,218600,0.00010168965816176495,0.00010168965816176495,9.99990000099999e-06,9.99990000099999e-06
218700,979,979,979.0,1021.0,218700,0.0001020895766542236,0.0001020895766542236,9.99990000099999e-06,9.99990000099999e-06
218800,976,976,976.0,1024.0,218800,0.00010238951531363188,0.00010238951531363188,9.99990000099999e-06,9.99990000099999e-06
218900,984,984,984.0,1016.0,218900,0.00010158967848866555,0.00010158967848866555,9.99990000099999e-06,9.99990000099999e-06
219000,979,979,979.0,1021.0,219000,0.0001020895766542236,0.0001020895766542236,9.99990000099999e-06,9.99990000099999e-06
219100,972,972,972.0,1028.0,219100,0.00010278943324626227,0.00010278943324626227,9.99990000099999e-06,9.99990000099999e-06
219200,971,971,971.0,1029.0,219200,0.0001028894126794353,0.0001028894126794353,9.99990000099999e-06,9.99990000099999e-06
219300,971,971,971.0,1029.0,219300,0.0001028894126794353,0.0001028894126794353,9.99990000099999e-06,9.99990000099999e-06
219400,981,982,981.0,1019.0,219400,0.00010188961744798205,0.00010178963781487044,9.99990000099999e-06,9.99990000099999e-06
219500,988,988,988.0,1012.0,219500,0.00010118975959632885,0.00010118975959632885,9.99990000099999e-06,9.99990000099999e-06
219600,987,987,987.0,1013.0,219600,0.00010128973934940391,0.00010128973934940391,9.99990000099999e-06,9.99990000099999e-06
219700,992,992,992.0,1009.0,219700,0.00010078984038408928,0.00010078984038408928,9.99990000099999e-06,9.99990000099999e-06
219800,985,985,985.0,1015.0,219800,0.00010148969879557225,0.00010148969879557225,9.99990000099999e-06,9.99990000099999e-06
219900,989,989,989.0,1011.0,219900,0.00010108977982325986,0.00010108977982325986,9.99990000099999e-06,9.99990000099999e-06
220000,986,986,986.0,1014.0,220000,0.00010138971908248506,0.00010138971908248506,9.99990000099999e-06,9.99990000099999e-06
220100,987,987,987.0,1013.0,220100,0.00010128973934940391,0.00010128973934940391,9.99990000099999e-06,9.99990000099999e-06
220200,984,984,984.0,1016.0,220200,0.00010158967848866555,0.00010158967848866555,9.99990000099999e-06,9.99990000099999e-06
220300,983,983,983.0,1017.0,220300,0.00010168965816176495,0.00010168965816176495,9.99990000099999e-06,9.99990000099999e-06
220400,980,980,980.0,1020.0,220400,0.00010198959706109978,0.00010198959706109978,9.99990000099999e-06,9.99990000099999e-06
220500,980,980,980.0,1020.0,220500,0.00010198959706109978,0.00010198959706109978,9.99990000099999e-06,9.99990000099999e-06
220600,980,981,981.0,1020.0,220600,0.00010198959706109978,0.00010188961744798205,9.99990000099999e-06,9.99990000099999e-06
220700,987,987,987.0,1013.0,220700,0.00010128973934940391,0.00010128973934940391,9.99990000099999e-06,9.99990000099999e-06
220800,992,992,992.0,1008.0,220800,0.00010078984038408928,0.00010078984038408928,9.99990000099999e-06,9.99990000099999e-06
220900,998,998,998.0,1002.0,220900,0.0001001899609659112,0.0001001899609659112,9.99990000099999e-06,9.99990000099999e-06
221000,993,993,993.0,1007.0,221000,0.00010068986053104453,0.00010068986053104453,9.99990000099999e-06,9.99990000099999e-06
221100,999,999,1001.0,999.0,221100,0.0001000899809929026,0.0001000899809929026,9.99990000099999e-06,9.99990000099999e-06
221200,1000,1000,1000.0,1000.0,221200,9.999000099990002e-05,9.999000099990002e-05,9.99990000099999e-06,9.99990000099999e-06
221300,1000,1000,1000.0,1000.0,221300,9.999000099990002e-05,9.999000099990002e-05,9.99990000099999e-06,9.99990000099999e-06
221400,998,998,998.0,1002.0,221400,0.0001001899609659112,0.0001001899609659112,9.99990000099999e-06,9.99990000099999e-06
221500,992,992,992.0,1008.0,221500,0.00010078984038408928,0.00010078984038408928,9.99990000099999e-06,9.99990000099999e-06
221600,996,996,996.0,1004.0,221600,0.00010038992085194648,0.00010038992085194648,9.99990000099999e-06,9.99990000099999e-06
221700,999,999,999.0,1001.0,221700,0.0001000899809929026,0.0001000899809929026,9.99990000099999e-06,9.99990000099999e-06
221800,998,998,998.0,1002.0,221800,0.0001001899609659112,0.0001001899609659112,9.99990000099999e-06,9.99990000099999e-06
221900,1000,1000,1000.0,1000.0,221900,9.999000099990002e-05,9.999000099990002e-05,9.99990000099999e-06,9.99990000099999e-06
222000,999,999,999.0,1001.0,222000,0.0001000899809929026,0.0001000899809929026,9.99990000099999e-06,9.99990000099999e-06
222100,999,999,1001.0,999.0,222100,0.0001000899809929026,0.0001000899809929026,9.99990000099999e-06,9.99990000099999e-06
222200,996,996,996.0,1004.0,222200,0.00010038992085194648,0.00010038992085194648,9.99990000099999e-06,9.99990000099999e-06
222300,998,998,998.0,1002.0,222300,0.0001001899609659112,0.0001001899609659112,9.99990000099999e-06,9.99990000099999e-06
222400,991,991,991.0,1009.0,222400,0.00010088982021714009,0.00010088982021714009,9.99990000099999e-06,9.99990000099999e-06
222500,987,987,987.0,1013.0,222500,0.00010128973934940391,0.00010128973934940391,9.99990000099999e-06,9.99990000099999e-06
222600,984,984,984.0,1016.0,222600,0.00010158967848866555,0.00010158967848866555,9.99990000099999e-06,9.99990000099999e-06
222700,987,987,987.0,1013.0,222700,0.00010128973934940391,0.00010128973934940391,9.99990000099999e-06,9.99990000099999e-06
222800,988,989,988.0,1012.0,222800,0.00010118975959632885,0.00010108977982325986,9.99990000099999e-06,9.99990000099999e-06
222900,988,988,988.0,1012.0,222900,0.00010118975959632885,0.00010118975959632885,9.99990000099999e-06,9.99990000099999e-06
223000,991,991,991.0,1009.0,223000,0.00010088982021714009,0.00010088982021714009,9.99990000099999e-06,9.99990000099999e-06
223100,988,988,988.0,1012.0,223100,0.00010118975959632885,0.00010118975959632885,9.99990000099999e-06,9.99990000099999e-06
223200,991,991,991.0,1009.0,223200,0.00010088982021714009,0.00010088982021714009,9.99990000099999e-06,9.99990000099999e-06
223300,987,987,987.0,1013.0,223300,0.00010128973934940391,0.00010128973934940391,9.99990000099999e-06,9.99990000099999e-06
223400,989,989,989.0,1011.0,223400,0.00010108977982325986,0.00010108977982325986,9.99990000099999e-06,9.99990000099999e-06
223500,984,984,984.0,1016.0,223500,0.00010158967848866555,0.00010158967848866555,9.99990000099999e-06,9.99990000099999e-06
223600,987,987,987.0,1013.0,223600,0.00010128973934940391,0.00010128973934940391,9.99990000099999e-06,9.99990000099999e-06
223700,988,988,988.0,1012.0,223700,0.00010118975959632885,0.00010118975959632885,9.99990000099999e-06,9.99990000099999e-06
223800,989,990,989.0,1011.0,223800,0.00010108977982325986,0.00010098980003019696,9.99990000099999e-06,9.99990000099999e-06
223900,983,983,983.0,1017.0,223900,0.00010168965816176495,0.00010168965816176495,9.99990000099999e-06,9.99990000099999e-06
224000,982,982,982.0,1018.0,224000,0.00010178963781487044,0.00010178963781487044,9.99990000099999e-06,9.99990000099999e-06
224100,987,987,987.0,1013.0,224100,0.00010128973934940391,0.00010128973934940391,9.99990000099999e-06,9.99990000099999e-06
224200,986,986,986.0,1014.0,224200,0.00010138971908248506,0.00010138971908248506,9.99990000099999e-06,9.99990000099999e-06
224300,981,981,981.0,1019.0,224300,0.00010188961744798205,0.00010188961744798205,9.99990000099999e-06,9.99990000099999e-06
224400,976,977,977.0,1024.0,224400,0.00010238951531363188,0.00010228953578048966,9.99990000099999e-06,9.99990000099999e-06
224500,980,980,980.0,1020.0,224500,0.00010198959706109978,0.00010198959706109978,9.99990000099999e-06,9.99990000099999e-06
224600,979,979,979.0,1021.0,224600,0.0001020895766542236,0.0001020895766542236,9.99990000099999e-06,9.99990000099999e-06
224700,973,973,973.0,1027.0,224700,0.00010268945379309543,0.00010268945379309543,9.99990000099999e-06,9.99990000099999e-06
224800,972,972,972.0,1029.0,224800,0.00010278943324626227,0.00010278943324626227,9.99990000099999e-06,9.99990000099999e-06
224900,977,977,977.0,1023.0,224900,0.00010228953578048966,0.00010228953578048966,9.99990000099999e-06,9.99990000099999e-06
225000,975,975,975.0,1025.0,225000,0.00010248949482678026,0.00010248949482678026,9.99990000099999e-06,9.99990000099999e-06
225100,978,978,978.0,1022.0,225100,0.00010218955622735357,0.00010218955622735357,9.99990000099999e-06,9.99990000099999e-06
225200,973,973,973.0,1027.0,225200,0.00010268945379309543,0.00010268945379309543,9.99990000099999e-06,9.99990000099999e-06
225300,975,975,975.0,1025.0,225300,0.00010248949482678026,0.00010248949482678026,9.99990000099999e-06,9.99990000099999e-06
225400,971,971,971.0,1029.0,225400,0.0001028894126794353,0.0001028894126794353,9.99990000099999e-06,9.99990000099999e-06
225500,970,970,970.0,1030.0,225500,0.00010298939209261448,0.00010298939209261448,9.99990000099999e-06,9.99990000099999e-06
225600,966,966,966.0,1034.0,225600,0.000103389309545393,0.000103389309545393,9.99990000099999e-06,9.99990000099999e-06
225700,957,957,957.0,1043.0,225700,0.00010428912264450817,0.00010428912264450817,9.99990000099999e-06,9.99990000099999e-06
225800,957,957,957.0,1043.0,225800,0.00010428912264450817,0.00010428912264450817,9.99990000099999e-06,9.99990000099999e-06
225900,959,959,959.0,1041.0,225900,0.0001040891643179945,0.0001040891643179945,9.99990000099999e-06,9.99990000099999e-06
226000,956,956,956.0,1044.0,226000,0.0001043891017777744,0.0001043891017777744,9.99990000099999e-06,9.99990000099999e-06
226100,951,951,951.0,1049.0,226100,0.00010488899714419958,0.00010488899714419958,9.99990000099999e-06,9.99990000099999e-06
226200,953,953,953.0,1047.0,226200,0.00010468903905761067,0.00010468903905761067,9.99990000099999e-06,9.99990000099999e-06
226300,951,951,951.0,1049.0,226300,0.00010488899714419958,0.00010488899714419958,9.99990000099999e-06,9.99990000099999e-06
226400,951,951,951.0,1049.0,226400,0.00010488899714419958,0.00010488899714419958,9.99990000099999e-06,9.99990000099999e-06
226500,953,953,953.0,1047.0,226500,0.00010468903905761067,0.00010468903905761067,9.99990000099999e-06,9.99990000099999e-06
226600,954,954,954.0,1047.0,226600,0.00010458905998432565,0.00010458905998432565,9.99990000099999e-06,9.99990000099999e-06
226700,954,954,954.0,1046.0,226700,0.00010458905998432565,0.00010458905998432565,9.99990000099999e-06,9.99990000099999e-06
226800,954,954,954.0,1046.0,226800,0.00010458905998432565,0.00010458905998432565,9.99990000099999e-06,9.99990000099999e-06
226900,959,959,959.0,1041.0,226900,0.0001040891643179945,0.0001040891643179945,9.99990000099999e-06,9.99990000099999e-06
227000,958,958,958.0,1042.0,227000,0.00010418914349124821,0.00010418914349124821,9.99990000099999e-06,9.99990000099999e-06
227100,960,960,960.0,1040.0,227100,0.00010398918512474702,0.00010398918512474702,9.99990000099999e-06,9.99990000099999e-06
227200,949,949,949.0,1051.0,227200,0.00010508895515081363,0.00010508895515081363,9.99990000099999e-06,9.99990000099999e-06
227300,949,949,949.0,1051.0,227300,0.00010508895515081363,0.00010508895515081363,9.99990000099999e-06,9.99990000099999e-06
227400,943,943,943.0,1057.0,227400,0.00010568882869080739,0.00010568882869080739,9.99990000099999e-06,9.99990000099999e-06
227500,945,945,945.0,1055.0,227500,0.0001054888709241175,0.0001054888709241175,9.99990000099999e-06,9.99990000099999e-06
227600,942,942,942.0,1058.0,227600,0.00010578880754416181,0.00010578880754416181,9.99990000099999e-06,9.99990000099999e-06
227700,944,944,944.0,1056.0,227700,0.00010558884981745929,0.00010558884981745929,9.99990000099999e-06,9.99990000099999e-06
227800,955,955,955.0,1045.0,227800,0.0001044890808910469,0.0001044890808910469,9.99990000099999e-06,9.99990000099999e-06
227900,957,957,957.0,1043.0,227900,0.00010428912264450817,0.00010428912264450817,9.99990000099999e-06,9.99990000099999e-06
228000,949,949,949.0,1051.0,228000,0.00010508895515081363,0.00010508895515081363,9.99990000099999e-06,9.99990000099999e-06
228100,948,948,948.0,1052.0,228100,0.00010518893412413015,0.00010518893412413015,9.99990000099999e-06,9.99990000099999e-06
228200,955,955,955.0,1045.0,228200,0.0001044890808910469,0.0001044890808910469,9.99990000099999e-06,9.99990000099999e-06
228300,955,956,956.0,1045.0,228300,0.0001044890808910469,0.0001043891017777744,9.99990000099999e-06,9.99990000099999e-06
228400,960,960,960.0,1040.0,228400,0.00010398918512474702,0.00010398918512474702,9.99990000099999e-06,9.99990000099999e-06
228500,957,957,957.0,1043.0,228500,0.00010428912264450817,0.00010428912264450817,9.99990000099999e-06,9.99990000099999e-06
228600,955,955,955.0,1045.0,228600,0.0001044890808910469,0.0001044890808910469,9.99990000099999e-06,9.99990000099999e-06
228700,952,952,952.0,1048.0,228700,0.00010478901811090198,0.00010478901811090198,9.99990000099999e-06,9.99990000099999e-06
228800,950,950,950.0,1050.0,228800,0.00010498897615750347,0.00010498897615750347,9.99990000099999e-06,9.99990000099999e-06
228900,952,953,953.0,1047.0,228900,0.00010478901811090198,0.00010468903905761067,9.99990000099999e-06,9.99990000099999e-06
229000,949,949,949.0,1051.0,229000,0.00010508895515081363,0.00010508895515081363,9.99990000099999e-06,9.99990000099999e-06
229100,944,944,944.0,1056.0,229100,0.00010558884981745929,0.00010558884981745929,9.99990000099999e-06,9.99990000099999e-06
229200,951,951,951.0,1049.0,229200,0.00010488899714419958,0.00010488899714419958,9.99990000099999e-06,9.99990000099999e-06
229300,952,952,952.0,1048.0,229300,0.00010478901811090198,0.00010478901811090198,9.99990000099999e-06,9.99990000099999e-06
229400,942,942,942.0,1058.0,229400,0.00010578880754416181,0.00010578880754416181,9.99990000099999e-06,9.99990000099999e-06
229500,945,946,946.0,1054.0,229500,0.0001054888709241175,0.00010538889201078208,9.99990000099999e-06,9.99990000099999e-06
229600,941,941,941.0,1059.0,229600,0.00010588878637752262,0.00010588878637752262,9.99990000099999e-06,9.99990000099999e-06
229700,942,942,942.0,1058.0,229700,0.00010578880754416181,0.00010578880754416181,9.99990000099999e-06,9.99990000099999e-06
229800,936,936,936.0,1064.0,229800,0.00010638868024442201,0.00010638868024442201,9.99990000099999e-06,9.99990000099999e-06
229900,933,933,934.0,1066.0,229900,0.00010668861632463818,0.00010668861632463818,9.99990000099999e-06,9.99990000099999e-06
230000,932,932,932.0,1068.0,230000,0.00010678859497805635,0.00010678859497805635,9.99990000099999e-06,9.99990000099999e-06
230100,930,930,930.0,1070.0,230100,0.00010698855222491194,0.00010698855222491194,9.99990000099999e-06,9.99990000099999e-06
230200,924,924,924.0,1076.0,230200,0.00010758842348563294,0.00010758842348563294,9.99990000099999e-06,9.99990000099999e-06
230300,931,931,931.0,1069.0,230300,0.00010688857361148093,0.00010688857361148093,9.99990000099999e-06,9.99990000099999e-06
230400,926,926,926.0,1074.0,230400,0.00010738846647870019,0.00010738846647870019,9.99990000099999e-06,9.99990000099999e-06
230500,923,923,923.0,1077.0,230500,0.000107688401959109,0.000107688401959109,9.99990000099999e-06,9.99990000099999e-06
230600,930,932,930.0,1068.0,230600,0.00010698855222491194,0.00010678859497805635,9.99990000099999e-06,9.99990000099999e-06
230700,929,929,929.0,1071.0,230700,0.00010708853081834937,0.00010708853081834937,9.99990000099999e-06,9.99990000099999e-06
230800,926,926,926.0,1074.0,230800,0.00010738846647870019,0.00010738846647870019,9.99990000099999e-06,9.99990000099999e-06
230900,932,932,932.0,1068.0,230900,0.00010678859497805635,0.00010678859497805635,9.99990000099999e-06,9.99990000099999e-06
231000,926,926,926.0,1074.0,231000,0.00010738846647870019,0.00010738846647870019,9.99990000099999e-06,9.99990000099999e-06
231100,922,922,922.0,1078.0,231100,0.0001077883804125915,0.0001077883804125915,9.99990000099999e-06,9.99990000099999e-06
231200,927,927,927.0,1073.0,231200,0.00010728848794524348,0.00010728848794524348,9.99990000099999e-06,9.99990000099999e-06
231300,927,927,927.0,1072.0,231300,0.00010728848794524348,0.00010728848794524348,9.99990000099999e-06,9.99990000099999e-06
231400,930,930,930.0,1070.0,231400,0.00010698855222491194,0.00010698855222491194,9.99990000099999e-06,9.99990000099999e-06
231500,925,925,925.0,1075.0,231500,0.00010748844499216334,0.00010748844499216334,9.99990000099999e-06,9.99990000099999e-06
231600,924,924,924.0,1076.0,231600,0.00010758842348563294,0.00010758842348563294,9.99990000099999e-06,9.99990000099999e-06
231700,927,927,927.0,1073.0,231700,0.00010728848794524348,0.00010728848794524348,9.99990000099999e-06,9.99990000099999e-06
231800,926,926,926.0,1074.0,231800,0.00010738846647870019,0.00010738846647870019,9.99990000099999e-06,9.99990000099999e-06
231900,923,923,923.0,1077.0,231900,0.000107688401959109,0.000107688401959109,9.99990000099999e-06,9.99990000099999e-06
232000,933,933,933.0,1067.0,232000,0.00010668861632463818,0.00010668861632463818,9.99990000099999e-06,9.99990000099999e-06
232100,927,927,927.0,1073.0,232100,0.00010728848794524348,0.00010728848794524348,9.99990000099999e-06,9.99990000099999e-06
232200,929,929,929.0,1071.0,232200,0.00010708853081834937,0.00010708853081834937,9.99990000099999e-06,9.99990000099999e-06
232300,928,928,928.0,1072.0,232300,0.00010718850939179321,0.00010718850939179321,9.99990000099999e-06,9.99990000099999e-06
232400,924,924,924.0,1076.0,232400,0.00010758842348563294,0.00010758842348563294,9.99990000099999e-06,9.99990000099999e-06
232500,919,919,919.0,1081.0,232500,0.0001080883156530779,0.0001080883156530779,9.99990000099999e-06,9.99990000099999e-06
232600,927,927,927.0,1073.0,232600,0.00010728848794524348,0.00010728848794524348,9.99990000099999e-06,9.99990000099999e-06
232700,930,930,930.0,1070.0,232700,0.00010698855222491194,0.00010698855222491194,9.99990000099999e-06,9.99990000099999e-06
232800,931,931,931.0,1069.0,232800,0.00010688857361148093,0.00010688857361148093,9.99990000099999e-06,9.99990000099999e-06
232900,931,931,931.0,1069.0,232900,0.00010688857361148093,0.00010688857361148093,9.99990000099999e-06,9.99990000099999e-06
233000,935,935,935.0,1065.0,233000,0.000106488658957821,0.000106488658957821,9.99990000099999e-06,9.99990000099999e-06
233100,940,940,940.0,1060.0,233100,0.00010598876519088978,0.00010598876519088978,9.99990000099999e-06,9.99990000099999e-06
233200,945,945,945.0,1055.0,233200,0.0001054888709241175,0.0001054888709241175,9.99990000099999e-06,9.99990000099999e-06
233300,948,948,948.0,1052.0,233300,0.00010518893412413015,0.00010518893412413015,9.99990000099999e-06,9.99990000099999e-06
233400,941,941,941.0,1059.0,233400,0.00010588878637752262,0.00010588878637752262,9.99990000099999e-06,9.99990000099999e-06
233500,942,942,942.0,1058.0,233500,0.00010578880754416181,0.00010578880754416181,9.99990000099999e-06,9.99990000099999e-06
233600,940,940,940.0,1060.0,233600,0.00010598876519088978,0.00010598876519088978,9.99990000099999e-06,9.99990000099999e-06
233700,947,947,947.0,1053.0,233700,0.00010528891307745295,0.00010528891307745295,9.99990000099999e-06,9.99990000099999e-06
233800,952,953,953.0,1048.0,233800,0.00010478901811090198,0.00010468903905761067,9.99990000099999e-06,9.99990000099999e-06
233900,951,951,951.0,1049.0,233900,0.00010488899714419958,0.00010488899714419958,9.99990000099999e-06,9.99990000099999e-06
234000,957,957,957.0,1043.0,234000,0.00010428912264450817,0.00010428912264450817,9.99990000099999e-06,9.99990000099999e-06
234100,958,958,958.0,1042.0,234100,0.00010418914349124821,0.00010418914349124821,9.99990000099999e-06,9.99990000099999e-06
234200,964,964,964.0,1036.0,234200,0.00010358926815181946,0.00010358926815181946,9.99990000099999e-06,9.99990000099999e-06
234300,973,973,973.0,1027.0,234300,0.00010268945379309543,0.00010268945379309543,9.99990000099999e-06,9.99990000099999e-06
234400,976,977,977.0,1023.0,234400,0.00010238951531363188,0.00010228953578048966,9.99990000099999e-06,9.99990000099999e-06
234500,978,978,978.0,1022.0,234500,0.00010218955622735357,0.00010218955622735357,9.99990000099999e-06,9.99990000099999e-06
234600,979,979,979.0,1021.0,234600,0.0001020895766542236,0.0001020895766542236,9.99990000099999e-06,9.99990000099999e-06
234700,976,976,976.0,1024.0,234700,0.00010238951531363188,0.00010238951531363188,9.99990000099999e-06,9.99990000099999e-06
234800,976,977,976.0,1024.0,234800,0.00010238951531363188,0.00010228953578048966,9.99990000099999e-06,9.99990000099999e-06
234900,977,977,977.0,1023.0,234900,0.00010228953578048966,0.00010228953578048966,9.99990000099999e-06,9.99990000099999e-06
235000,976,977,977.0,1024.0,235000,0.00010238951531363188,0.00010228953578048966,9.99990000099999e-06,9.99990000099999e-06
235100,980,980,980.0,1020.0,235100,0.00010198959706109978,0.00010198959706109978,9.99990000099999e-06,9.99990000099999e-06
235200,987,988,988.0,1013.0,235200,0.00010128973934940391,0.00010118975959632885,9.99990000099999e-06,9.99990000099999e-06
235300,986,986,986.0,1014.0,235300,0.00010138971908248506,0.00010138971908248506,9.99990000099999e-06,9.99990000099999e-06
235400,981,981,981.0,1019.0,235400,0.00010188961744798205,0.00010188961744798205,9.99990000099999e-06,9.99990000099999e-06
235500,977,977,977.0,1023.0,235500,0.00010228953578048966,0.00010228953578048966,9.99990000099999e-06,9.99990000099999e-06
235600,972,972,972.0,1028.0,235600,0.00010278943324626227,0.00010278943324626227,9.99990000099999e-06,9.99990000099999e-06
235700,981,981,981.0,1020.0,235700,0.00010188961744798205,0.00010188961744798205,9.99990000099999e-06,9.99990000099999e-06
235800,982,982,982.0,1018.0,235800,0.00010178963781487044,0.00010178963781487044,9.99990000099999e-06,9.99990000099999e-06
235900,983,983,983.0,1017.0,235900,0.00010168965816176495,0.00010168965816176495,9.99990000099999e-06,9.99990000099999e-06
236000,989,989,989.0,1011.0,236000,0.00010108977982325986,0.00010108977982325986,9.99990000099999e-06,9.99990000099999e-06
236100,988,988,988.0,1012.0,236100,0.00010118975959632885,0.00010118975959632885,9.99990000099999e-06,9.99990000099999e-06
236200,985,985,985.0,1015.0,236200,0.00010148969879557225,0.00010148969879557225,9.99990000099999e-06,9.99990000099999e-06
236300,978,978,978.0,1022.0,236300,0.00010218955622735357,0.00010218955622735357,9.99990000099999e-06,9.99990000099999e-06
236400,975,975,975.0,1025.0,236400,0.00010248949482678026,0.00010248949482678026,9.99990000099999e-06,9.99990000099999e-06
236500,968,968,968.0,1032.0,236500,0.00010318935085899135,0.00010318935085899135,9.99990000099999e-06,9.99990000099999e-06
236600,972,972,972.0,1028.0,236600,0.00010278943324626227,0.00010278943324626227,9.99990000099999e-06,9.99990000099999e-06
236700,968,968,968.0,1032.0,236700,0.00010318935085899135,0.00010318935085899135,9.99990000099999e-06,9.99990000099999e-06
236800,968,968,968.0,1032.0,236800,0.00010318935085899135,0.00010318935085899135,9.99990000099999e-06,9.99990000099999e-06
236900,970,970,970.0,1030.0,236900,0.00010298939209261448,0.00010298939209261448,9.99990000099999e-06,9.99990000099999e-06
237000,966,966,966.0,1034.0,237000,0.000103389309545393,0.000103389309545393,9.99990000099999e-06,9.99990000099999e-06
237100,968,968,968.0,1032.0,237100,0.00010318935085899135,0.00010318935085899135,9.99990000099999e-06,9.99990000099999e-06
237200,968,968,968.0,1032.0,237200,0.00010318935085899135,0.00010318935085899135,9.99990000099999e-06,9.99990000099999e-06
237300,967,967,967.0,1033.0,237300,0.00010328933021218909,0.00010328933021218909,9.99990000099999e-06,9.99990000099999e-06
237400,974,974,974.0,1026.0,237400,0.00010258947431993479,0.00010258947431993479,9.99990000099999e-06,9.99990000099999e-06
237500,975,975,975.0,1025.0,237500,0.00010248949482678026,0.00010248949482678026,9.99990000099999e-06,9.99990000099999e-06
237600,973,973,973.0,1027.0,237600,0.00010268945379309543,0.00010268945379309543,9.99990000099999e-06,9.99990000099999e-06
237700,972,972,972.0,1028.0,237700,0.00010278943324626227,0.00010278943324626227,9.99990000099999e-06,9.99990000099999e-06
237800,972,973,973.0,1027.0,237800,0.00010278943324626227,0.00010268945379309543,9.99990000099999e-06,9.99990000099999e-06
237900,974,974,974.0,1026.0,237900,0.00010258947431993479,0.00010258947431993479,9.99990000099999e-06,9.99990000099999e-06
238000,972,972,972.0,1028.0,238000,0.00010278943324626227,0.00010278943324626227,9.99990000099999e-06,9.99990000099999e-06
238100,971,971,971.0,1029.0,238100,0.0001028894126794353,0.0001028894126794353,9.99990000099999e-06,9.99990000099999e-06
238200,970,970,970.0,1030.0,238200,0.00010298939209261448,0.00010298939209261448,9.99990000099999e-06,9.99990000099999e-06
238300,972,972,972.0,1028.0,238300,0.00010278943324626227,0.00010278943324626227,9.99990000099999e-06,9.99990000099999e-06
238400,978,978,978.0,1022.0,238400,0.00010218955622735357,0.00010218955622735357,9.99990000099999e-06,9.99990000099999e-06
238500,976,976,976.0,1024.0,238500,0.00010238951531363188,0.00010238951531363188,9.99990000099999e-06,9.99990000099999e-06
238600,974,975,975.0,1025.0,238600,0.00010258947431993479,0.00010248949482678026,9.99990000099999e-06,9.99990000099999e-06
238700,977,977,977.0,1023.0,238700,0.00010228953578048966,0.00010228953578048966,9.99990000099999e-06,9.99990000099999e-06
238800,984,984,984.0,1016.0,238800,0.00010158967848866555,0.00010158967848866555,9.99990000099999e-06,9.99990000099999e-06
238900,984,984,984.0,1016.0,238900,0.00010158967848866555,0.00010158967848866555,9.99990000099999e-06,9.99990000099999e-06
239000,981,981,981.0,1019.0,239000,0.00010188961744798205,0.00010188961744798205,9.99990000099999e-06,9.99990000099999e-06
239100,983,983,983.0,1017.0,239100,0.00010168965816176495,0.00010168965816176495,9.99990000099999e-06,9.99990000099999e-06
239200,977,978,978.0,1022.0,239200,0.00010228953578048966,0.00010218955622735357,9.99990000099999e-06,9.99990000099999e-06
239300,973,973,973.0,1027.0,239300,0.00010268945379309543,0.00010268945379309543,9.99990000099999e-06,9.99990000099999e-06
239400,967,967,967.0,1033.0,239400,0.00010328933021218909,0.00010328933021218909,9.99990000099999e-06,9.99990000099999e-06
239500,964,964,964.0,1036.0,239500,0.00010358926815181946,0.00010358926815181946,9.99990000099999e-06,9.99990000099999e-06
239600,958,958,958.0,1042.0,239600,0.00010418914349124821,0.00010418914349124821,9.99990000099999e-06,9.99990000099999e-06
239700,959,959,959.0,1041.0,239700,0.0001040891643179945,0.0001040891643179945,9.99990000099999e-06,9.99990000099999e-06
239800,956,956,956.0,1044.0,239800,0.0001043891017777744,0.0001043891017777744,9.99990000099999e-06,9.99990000099999e-06
239900,957,957,957.0,1043.0,239900,0.00010428912264450817,0.00010428912264450817,9.99990000099999e-06,9.99990000099999e-06
240000,952,952,951.0,1049.0,240000,0.00010478901811090198,0.00010478901811090198,9.99990000099999e-06,9.99990000099999e-06
240100,952,952,952.0,1048.0,240100,0.00010478901811090198,0.00010478901811090198,9.99990000099999e-06,9.99990000099999e-06
240200,960,960,960.0,1040.0,240200,0.00010398918512474702,0.00010398918512474702,9.99990000099999e-06,9.99990000099999e-06
240300,957,957,957.0,1043.0,240300,0.00010428912264450817,0.00010428912264450817,9.99990000099999e-06,9.99990000099999e-06
240400,954,954,954.0,1046.0,240400,0.00010458905998432565,0.00010458905998432565,9.99990000099999e-06,9.99990000099999e-06
240500,956,956,956.0,1044.0,240500,0.0001043891017777744,0.0001043891017777744,9.99990000099999e-06,9.99990000099999e-06
240600,958,958,958.0,1042.0,240600,0.00010418914349124821,0.00010418914349124821,9.99990000099999e-06,9.99990000099999e-06
240700,959,959,959.0,1041.0,240700,0.0001040891643179945,0.0001040891643179945,9.99990000099999e-06,9.99990000099999e-06
240800,958,958,958.0,1042.0,240800,0.00010418914349124821,0.00010418914349124821,9.99990000099999e-06,9.99990000099999e-06
240900,957,957,957.0,1043.0,240900,0.00010428912264450817,0.00010428912264450817,9.99990000099999e-06,9.99990000099999e-06
241000,950,950,950.0,1050.0,241000,0.00010498897615750347,0.00010498897615750347,9.99990000099999e-06,9.99990000099999e-06
241100,952,952,952.0,1048.0,241100,0.00010478901811090198,0.00010478901811090198,9.99990000099999e-06,9.99990000099999e-06
241200,951,951,951.0,1049.0,241200,0.00010488899714419958,0.00010488899714419958,9.99990000099999e-06,9.99990000099999e-06
241300,955,955,955.0,1045.0,241300,0.0001044890808910469,0.0001044890808910469,9.99990000099999e-06,9.99990000099999e-06
241400,950,950,950.0,1050.0,241400,0.00010498897615750347,0.00010498897615750347,9.99990000099999e-06,9.99990000099999e-06
241500,951,951,951.0,1049.0,241500,0.00010488899714419958,0.00010488899714419958,9.99990000099999e-06,9.99990000099999e-06
241600,942,942,942.0,1058.0,241600,0.00010578880754416181,0.00010578880754416181,9.99990000099999e-06,9.99990000099999e-06
241700,943,943,943.0,1057.0,241700,0.00010568882869080739,0.00010568882869080739,9.99990000099999e-06,9.99990000099999e-06
241800,942,942,942.0,1058.0,241800,0.00010578880754416181,0.00010578880754416181,9.99990000099999e-06,9.99990000099999e-06
241900,936,936,936.0,1064.0,241900,0.00010638868024442201,0.00010638868024442201,9.99990000099999e-06,9.99990000099999e-06
242000,930,930,930.0,1070.0,242000,0.00010698855222491194,0.00010698855222491194,9.99990000099999e-06,9.99990000099999e-06
242100,930,930,930.0,1070.0,242100,0.00010698855222491194,0.00010698855222491194,9.99990000099999e-06,9.99990000099999e-06
242200,935,935,935.0,1065.0,242200,0.000106488658957821,0.000106488658957821,9.99990000099999e-06,9.99990000099999e-06
242300,938,939,939.0,1061.0,242300,0.00010618872275764314,0.00010608874398426327,9.99990000099999e-06,9.99990000099999e-06
242400,939,939,939.0,1061.0,242400,0.00010608874398426327,0.00010608874398426327,9.99990000099999e-06,9.99990000099999e-06
242500,936,937,936.0,1063.0,242500,0.00010638868024442201,0.0001062887015110294,9.99990000099999e-06,9.99990000099999e-06
242600,930,930,930.0,1070.0,242600,0.00010698855222491194,0.00010698855222491194,9.99990000099999e-06,9.99990000099999e-06
242700,930,930,930.0,1070.0,242700,0.00010698855222491194,0.00010698855222491194,9.99990000099999e-06,9.99990000099999e-06
242800,926,926,926.0,1074.0,242800,0.00010738846647870019,0.00010738846647870019,9.99990000099999e-06,9.99990000099999e-06
242900,939,939,939.0,1061.0,242900,0.00010608874398426327,0.00010608874398426327,9.99990000099999e-06,9.99990000099999e-06
243000,935,935,935.0,1065.0,243000,0.000106488658957821,0.000106488658957821,9.99990000099999e-06,9.99990000099999e-06
243100,941,941,941.0,1059.0,243100,0.00010588878637752262,0.00010588878637752262,9.99990000099999e-06,9.99990000099999e-06
243200,946,946,946.0,1054.0,243200,0.00010538889201078208,0.00010538889201078208,9.99990000099999e-06,9.99990000099999e-06
243300,951,951,951.0,1049.0,243300,0.00010488899714419958,0.00010488899714419958,9.99990000099999e-06,9.99990000099999e-06
243400,947,947,947.0,1053.0,243400,0.00010528891307745295,0.00010528891307745295,9.99990000099999e-06,9.99990000099999e-06
243500,950,950,951.0,1050.0,243500,0.00010498897615750347,0.00010498897615750347,9.99990000099999e-06,9.99990000099999e-06
243600,958,959,958.0,1041.0,243600,0.00010418914349124821,0.0001040891643179945,9.99990000099999e-06,9.99990000099999e-06
243700,955,955,955.0,1045.0,243700,0.0001044890808910469,0.0001044890808910469,9.99990000099999e-06,9.99990000099999e-06
243800,955,955,955.0,1045.0,243800,0.0001044890808910469,0.0001044890808910469,9.99990000099999e-06,9.99990000099999e-06
243900,960,960,960.0,1040.0,243900,0.00010398918512474702,0.00010398918512474702,9.99990000099999e-06,9.99990000099999e-06
244000,957,957,957.0,1043.0,244000,0.00010428912264450817,0.00010428912264450817,9.99990000099999e-06,9.99990000099999e-06
244100,957,957,957.0,1043.0,244100,0.00010428912264450817,0.00010428912264450817,9.99990000099999e-06,9.99990000099999e-06
244200,955,955,955.0,1045.0,244200,0.0001044890808910469,0.0001044890808910469,9.99990000099999e-06,9.99990000099999e-06
244300,955,955,955.0,1045.0,244300,0.0001044890808910469,0.0001044890808910469,9.99990000099999e-06,9.99990000099999e-06
244400,959,959,959.0,1041.0,244400,0.0001040891643179945,0.0001040891643179945,9.99990000099999e-06,9.99990000099999e-06
244500,960,960,960.0,1040.0,244500,0.00010398918512474702,0.00010398918512474702,9.99990000099999e-06,9.99990000099999e-06
244600,962,962,962.0,1038.0,244600,0.0001037892266782708,0.0001037892266782708,9.99990000099999e-06,9.99990000099999e-06
244700,973,973,973.0,1027.0,244700,0.00010268945379309543,0.00010268945379309543,9.99990000099999e-06,9.99990000099999e-06
244800,976,976,976.0,1024.0,244800,0.00010238951531363188,0.00010238951531363188,9.99990000099999e-06,9.99990000099999e-06
244900,979,980,980.0,1020.0,244900,0.0001020895766542236,0.00010198959706109978,9.99990000099999e-06,9.99990000099999e-06
245000,983,983,983.0,1017.0,245000,0.00010168965816176495,0.00010168965816176495,9.99990000099999e-06,9.99990000099999e-06
245100,989,989,989.0,1011.0,245100,0.00010108977982325986,0.00010108977982325986,9.99990000099999e-06,9.99990000099999e-06
245200,988,988,988.0,1012.0,245200,0.00010118975959632885,0.00010118975959632885,9.99990000099999e-06,9.99990000099999e-06
245300,990,990,990.0,1010.0,245300,0.00010098980003019696,0.00010098980003019696,9.99990000099999e-06,9.99990000099999e-06
245400,991,991,991.0,1009.0,245400,0.00010088982021714009,0.00010088982021714009,9.99990000099999e-06,9.99990000099999e-06
245500,990,990,990.0,1010.0,245500,0.00010098980003019696,0.00010098980003019696,9.99990000099999e-06,9.99990000099999e-06
245600,987,987,987.0,1013.0,245600,0.00010128973934940391,0.00010128973934940391,9.99990000099999e-06,9.99990000099999e-06
245700,983,983,984.0,1016.0,245700,0.00010168965816176495,0.00010168965816176495,9.99990000099999e-06,9.99990000099999e-06
245800,991,991,991.0,1009.0,245800,0.00010088982021714009,0.00010088982021714009,9.99990000099999e-06,9.99990000099999e-06
245900,989,989,989.0,1011.0,245900,0.00010108977982325986,0.00010108977982325986,9.99990000099999e-06,9.99990000099999e-06
246000,984,984,984.0,1016.0,246000,0.00010158967848866555,0.00010158967848866555,9.99990000099999e-06,9.99990000099999e-06
246100,980,980,980.0,1020.0,246100,0.00010198959706109978,0.00010198959706109978,9.99990000099999e-06,9.99990000099999e-06
246200,984,984,984.0,1016.0,246200,0.00010158967848866555,0.00010158967848866555,9.99990000099999e-06,9.99990000099999e-06
246300,986,986,986.0,1014.0,246300,0.00010138971908248506,0.00010138971908248506,9.99990000099999e-06,9.99990000099999e-06
246400,988,988,988.0,1012.0,246400,0.00010118975959632885,0.00010118975959632885,9.99990000099999e-06,9.99990000099999e-06
246500,993,993,993.0,1007.0,246500,0.00010068986053104453,0.00010068986053104453,9.99990000099999e-06,9.99990000099999e-06
246600,994,994,994.0,1006.0,246600,0.00010058988065800582,0.00010058988065800582,9.99990000099999e-06,9.99990000099999e-06
246700,999,999,999.0,1001.0,246700,0.0001000899809929026,0.0001000899809929026,9.99990000099999e-06,9.99990000099999e-06
246800,998,998,998.0,1002.0,246800,0.0001001899609659112,0.0001001899609659112,9.99990000099999e-06,9.99990000099999e-06
246900,994,994,1006.0,994.0,246900,0.00010058988065800582,0.00010058988065800582,9.99990000099999e-06,9.99990000099999e-06
247000,996,996,1004.0,996.0,247000,0.00010038992085194648,0.00010038992085194648,9.99990000099999e-06,9.99990000099999e-06
247100,994,994,1006.0,994.0,247100,0.00010058988065800582,0.00010058988065800582,9.99990000099999e-06,9.99990000099999e-06
247200,1000,1000,1000.0,1000.0,247200,9.999000099990002e-05,9.999000099990002e-05,9.99990000099999e-06,9.99990000099999e-06
247300,998,998,998.0,1002.0,247300,0.0001001899609659112,0.0001001899609659112,9.99990000099999e-06,9.99990000099999e-06
247400,999,999,999.0,1001.0,247400,0.0001000899809929026,0.0001000899809929026,9.99990000099999e-06,9.99990000099999e-06
247500,993,993,1007.0,993.0,247500,0.00010068986053104453,0.00010068986053104453,9.99990000099999e-06,9.99990000099999e-06
247600,996,996,1003.0,996.0,247600,0.00010038992085194648,0.00010038992085194648,9.99990000099999e-06,9.99990000099999e-06
247700,999,999,999.0,1001.0,247700,0.0001000899809929026,0.0001000899809929026,9.99990000099999e-06,9.99990000099999e-06
247800,999,999,999.0,1001.0,247800,0.0001000899809929026,0.0001000899809929026,9.99990000099999e-06,9.99990000099999e-06
247900,999,999,1001.0,999.0,247900,0.0001000899809929026,0.0001000899809929026,9.99990000099999e-06,9.99990000099999e-06
248000,989,989,1011.0,989.0,248000,0.00010108977982325986,0.00010108977982325986,9.99990000099999e-06,9.99990000099999e-06
248100,991,991,1009.0,991.0,248100,0.00010088982021714009,0.00010088982021714009,9.99990000099999e-06,9.99990000099999e-06
248200,996,996,1004.0,996.0,248200,0.00010038992085194648,0.00010038992085194648,9.99990000099999e-06,9.99990000099999e-06
248300,997,997,1003.0,997.0,248300,0.00010028994091892584,0.00010028994091892584,9.99990000099999e-06,9.99990000099999e-06
248400,996,996,996.0,1004.0,248400,0.00010038992085194648,0.00010038992085194648,9.99990000099999e-06,9.99990000099999e-06
248500,987,987,987.0,1013.0,248500,0.00010128973934940391,0.00010128973934940391,9.99990000099999e-06,9.99990000099999e-06
248600,985,985,985.0,1015.0,248600,0.00010148969879557225,0.00010148969879557225,9.99990000099999e-06,9.99990000099999e-06
248700,983,983,983.0,1017.0,248700,0.00010168965816176495,0.00010168965816176495,9.99990000099999e-06,9.99990000099999e-06
248800,986,986,986.0,1014.0,248800,0.00010138971908248506,0.00010138971908248506,9.99990000099999e-06,9.99990000099999e-06
248900,976,976,976.0,1024.0,248900,0.00010238951531363188,0.00010238951531363188,9.99990000099999e-06,9.99990000099999e-06
249000,973,973,973.0,1027.0,249000,0.00010268945379309543,0.00010268945379309543,9.99990000099999e-06,9.99990000099999e-06
249100,973,973,973.0,1027.0,249100,0.00010268945379309543,0.00010268945379309543,9.99990000099999e-06,9.99990000099999e-06
249200,962,962,962.0,1038.0,249200,0.0001037892266782708,0.0001037892266782708,9.99990000099999e-06,9.99990000099999e-06
249300,960,960,960.0,1040.0,249300,0.00010398918512474702,0.00010398918512474702,9.99990000099999e-06,9.99990000099999e-06
249400,965,965,965.0,1035.0,249400,0.00010348928885860313,0.00010348928885860313,9.99990000099999e-06,9.99990000099999e-06
249500,967,968,968.0,1032.0,249500,0.00010328933021218909,0.00010318935085899135,9.99990000099999e-06,9.99990000099999e-06
249600,967,967,968.0,1033.0,249600,0.00010328933021218909,0.00010328933021218909,9.99990000099999e-06,9.99990000099999e-06
249700,960,960,960.0,1040.0,249700,0.00010398918512474702,0.00010398918512474702,9.99990000099999e-06,9.99990000099999e-06
249800,958,958,958.0,1042.0,249800,0.00010418914349124821,0.00010418914349124821,9.99990000099999e-06,9.99990000099999e-06
249900,962,962,962.0,1038.0,249900,0.0001037892266782708,0.0001037892266782708,9.99990000099999e-06,9.99990000099999e-06
250000,963,963,963.0,1037.0,250000,0.00010368924742504205,0.00010368924742504205,9.99990000099999e-06,9.99990000099999e-06
250100,961,961,961.0,1039.0,250100,0.00010388920591150579,0.00010388920591150579,9.99990000099999e-06,9.99990000099999e-06
250200,961,961,961.0,1039.0,250200,0.00010388920591150579,0.00010388920591150579,9.99990000099999e-06,9.99990000099999e-06
250300,963,963,963.0,1037.0,250300,0.00010368924742504205,0.00010368924742504205,9.99990000099999e-06,9.99990000099999e-06
250400,966,967,967.0,1034.0,250400,0.000103389309545393,0.00010328933021218909,9.99990000099999e-06,9.99990000099999e-06
250500,969,969,969.0,1031.0,250500,0.0001030893714857998,0.0001030893714857998,9.99990000099999e-06,9.99990000099999e-06
250600,978,978,978.0,1022.0,250600,0.00010218955622735357,0.00010218955622735357,9.99990000099999e-06,9.99990000099999e-06
250700,984,984,984.0,1016.0,250700,0.00010158967848866555,0.00010158967848866555,9.99990000099999e-06,9.99990000099999e-06
250800,984,984,984.0,1016.0,250800,0.00010158967848866555,0.00010158967848866555,9.99990000099999e-06,9.99990000099999e-06
250900,985,986,985.0,1014.0,250900,0.00010148969879557225,0.00010138971908248506,9.99990000099999e-06,9.99990000099999e-06
251000,987,987,987.0,1013.0,251000,0.00010128973934940391,0.00010128973934940391,9.99990000099999e-06,9.99990000099999e-06
251100,991,991,991.0,1009.0,251100,0.00010088982021714009,0.00010088982021714009,9.99990000099999e-06,9.99990000099999e-06
251200,992,993,993.0,1007.0,251200,0.00010078984038408928,0.00010068986053104453,9.99990000099999e-06,9.99990000099999e-06
251300,997,997,997.0,1003.0,251300,0.00010028994091892584,0.00010028994091892584,9.99990000099999e-06,9.99990000099999e-06
251400,999,999,1001.0,999.0,251400,0.0001000899809929026,0.0001000899809929026,9.99990000099999e-06,9.99990000099999e-06
251500,998,998,1001.0,998.0,251500,0.0001001899609659112,0.0001001899609659112,9.99990000099999e-06,9.99990000099999e-06
251600,995,995,995.0,1005.0,251600,0.00010048990076497312,0.00010048990076497312,9.99990000099999e-06,9.99990000099999e-06
251700,990,990,990.0,1010.0,251700,0.00010098980003019696,0.00010098980003019696,9.99990000099999e-06,9.99990000099999e-06
251800,1000,1000,1000.0,1000.0,251800,9.999000099990002e-05,9.999000099990002e-05,9.99990000099999e-06,9.99990000099999e-06
251900,995,995,1005.0,995.0,251900,0.00010048990076497312,0.00010048990076497312,9.99990000099999e-06,9.99990000099999e-06
252000,997,997,1003.0,997.0,252000,0.00010028994091892584,0.00010028994091892584,9.99990000099999e-06,9.99990000099999e-06
252100,996,996,1004.0,996.0,252100,0.00010038992085194648,0.00010038992085194648,9.99990000099999e-06,9.99990000099999e-06
252200,996,996,996.0,1004.0,252200,0.00010038992085194648,0.00010038992085194648,9.99990000099999e-06,9.99990000099999e-06
252300,997,997,997.0,1003.0,252300,0.00010028994091892584,0.00010028994091892584,9.99990000099999e-06,9.99990000099999e-06
252400,999,999,1001.0,999.0,252400,0.0001000899809929026,0.0001000899809929026,9.99990000099999e-06,9.99990000099999e-06
252500,997,997,1003.0,997.0,252500,0.00010028994091892584,0.00010028994091892584,9.99990000099999e-06,9.99990000099999e-06
252600,997,997,1003.0,997.0,252600,0.00010028994091892584,0.00010028994091892584,9.99990000099999e-06,9.99990000099999e-06
252700,996,996,1004.0,996.0,252700,0.00010038992085194648,0.00010038992085194648,9.99990000099999e-06,9.99990000099999e-06
252800,990,990,1010.0,990.0,252800,0.00010098980003019696,0.00010098980003019696,9.99990000099999e-06,9.99990000099999e-06
252900,997,997,1003.0,997.0,252900,0.00010028994091892584,0.00010028994091892584,9.99990000099999e-06,9.99990000099999e-06
253000,993,993,1007.0,993.0,253000,0.00010068986053104453,0.00010068986053104453,9.99990000099999e-06,9.99990000099999e-06
253100,991,991,1009.0,991.0,253100,0.00010088982021714009,0.00010088982021714009,9.99990000099999e-06,9.99990000099999e-06
253200,993,993,1007.0,993.0,253200,0.00010068986053104453,0.00010068986053104453,9.99990000099999e-06,9.99990000099999e-06
253300,995,995,1005.0,995.0,253300,0.00010048990076497312,0.00010048990076497312,9.99990000099999e-06,9.99990000099999e-06
253400,1000,1000,1000.0,1000.0,253400,9.999000099990002e-05,9.999000099990002e-05,9.99990000099999e-06,9.99990000099999e-06
253500,999,999,1001.0,999.0,253500,0.0001000899809929026,0.0001000899809929026,9.99990000099999e-06,9.99990000099999e-06
253600,994,995,994.0,1006.0,253600,0.00010058988065800582,0.00010048990076497312,9.99990000099999e-06,9.99990000099999e-06
253700,993,993,993.0,1007.0,253700,0.00010068986053104453,0.00010068986053104453,9.99990000099999e-06,9.99990000099999e-06
253800,997,997,997.0,1003.0,253800,0.00010028994091892584,0.00010028994091892584,9.99990000099999e-06,9.99990000099999e-06
253900,995,995,995.0,1005.0,253900,0.00010048990076497312,0.00010048990076497312,9.99990000099999e-06,9.99990000099999e-06
254000,993,993,993.0,1007.0,254000,0.00010068986053104453,0.00010068986053104453,9.99990000099999e-06,9.99990000099999e-06
254100,987,987,987.0,1013.0,254100,0.00010128973934940391,0.00010128973934940391,9.99990000099999e-06,9.99990000099999e-06
254200,989,989,989.0,1011.0,254200,0.00010108977982325986,0.00010108977982325986,9.99990000099999e-06,9.99990000099999e-06
254300,991,991,991.0,1009.0,254300,0.00010088982021714009,0.00010088982021714009,9.99990000099999e-06,9.99990000099999e-06
254400,986,986,986.0,1014.0,254400,0.00010138971908248506,0.00010138971908248506,9.99990000099999e-06,9.99990000099999e-06
254500,984,984,984.0,1016.0,254500,0.00010158967848866555,0.00010158967848866555,9.99990000099999e-06,9.99990000099999e-06
254600,981,982,982.0,1018.0,254600,0.00010188961744798205,0.00010178963781487044,9.99990000099999e-06,9.99990000099999e-06
254700,982,982,982.0,1018.0,254700,0.00010178963781487044,0.00010178963781487044,9.99990000099999e-06,9.99990000099999e-06
254800,983,983,983.0,1017.0,254800,0.00010168965816176495,0.00010168965816176495,9.99990000099999e-06,9.99990000099999e-06
254900,985,985,985.0,1015.0,254900,0.00010148969879557225,0.00010148969879557225,9.99990000099999e-06,9.99990000099999e-06
255000,985,985,985.0,1015.0,255000,0.00010148969879557225,0.00010148969879557225,9.99990000099999e-06,9.99990000099999e-06
255100,987,987,987.0,1013.0,255100,0.00010128973934940391,0.00010128973934940391,9.99990000099999e-06,9.99990000099999e-06
255200,983,983,983.0,1017.0,255200,0.00010168965816176495,0.00010168965816176495,9.99990000099999e-06,9.99990000099999e-06
255300,987,987,987.0,1013.0,255300,0.00010128973934940391,0.00010128973934940391,9.99990000099999e-06,9.99990000099999e-06
255400,981,981,981.0,1019.0,255400,0.00010188961744798205,0.00010188961744798205,9.99990000099999e-06,9.99990000099999e-06
255500,980,981,980.0,1019.0,255500,0.00010198959706109978,0.00010188961744798205,9.99990000099999e-06,9.99990000099999e-06
255600,984,984,984.0,1016.0,255600,0.00010158967848866555,0.00010158967848866555,9.99990000099999e-06,9.99990000099999e-06
255700,984,984,984.0,1016.0,255700,0.00010158967848866555,0.00010158967848866555,9.99990000099999e-06,9.99990000099999e-06
255800,986,986,986.0,1014.0,255800,0.00010138971908248506,0.00010138971908248506,9.99990000099999e-06,9.99990000099999e-06
255900,988,988,988.0,1012.0,255900,0.00010118975959632885,0.00010118975959632885,9.99990000099999e-06,9.99990000099999e-06
256000,992,992,992.0,1008.0,256000,0.00010078984038408928,0.00010078984038408928,9.99990000099999e-06,9.99990000099999e-06
256100,988,988,988.0,1012.0,256100,0.00010118975959632885,0.00010118975959632885,9.99990000099999e-06,9.99990000099999e-06
256200,988,989,988.0,1012.0,256200,0.00010118975959632885,0.00010108977982325986,9.99990000099999e-06,9.99990000099999e-06
256300,993,993,993.0,1007.0,256300,0.00010068986053104453,0.00010068986053104453,9.99990000099999e-06,9.99990000099999e-06
256400,991,991,991.0,1009.0,256400,0.00010088982021714009,0.00010088982021714009,9.99990000099999e-06,9.99990000099999e-06
256500,995,996,1004.0,996.0,256500,0.00010048990076497312,0.00010038992085194648,9.99990000099999e-06,9.99990000099999e-06
256600,995,995,1005.0,995.0,256600,0.00010048990076497312,0.00010048990076497312,9.99990000099999e-06,9.99990000099999e-06
256700,997,997,1003.0,997.0,256700,0.00010028994091892584,0.00010028994091892584,9.99990000099999e-06,9.99990000099999e-06
256800,992,992,991.0,1008.0,256800,0.00010078984038408928,0.00010078984038408928,9.99990000099999e-06,9.99990000099999e-06
256900,987,987,987.0,1013.0,256900,0.00010128973934940391,0.00010128973934940391,9.99990000099999e-06,9.99990000099999e-06
257000,987,987,987.0,1013.0,257000,0.00010128973934940391,0.00010128973934940391,9.99990000099999e-06,9.99990000099999e-06
257100,995,995,995.0,1005.0,257100,0.00010048990076497312,0.00010048990076497312,9.99990000099999e-06,9.99990000099999e-06
257200,997,997,997.0,1003.0,257200,0.00010028994091892584,0.00010028994091892584,9.99990000099999e-06,9.99990000099999e-06
257300,997,997,997.0,1003.0,257300,0.00010028994091892584,0.00010028994091892584,9.99990000099999e-06,9.99990000099999e-06
257400,985,985,985.0,1015.0,257400,0.00010148969879557225,0.00010148969879557225,9.99990000099999e-06,9.99990000099999e-06
257500,986,986,986.0,1014.0,257500,0.00010138971908248506,0.00010138971908248506,9.99990000099999e-06,9.99990000099999e-06
257600,978,979,978.0,1022.0,257600,0.00010218955622735357,0.0001020895766542236,9.99990000099999e-06,9.99990000099999e-06
257700,978,978,978.0,1022.0,257700,0.00010218955622735357,0.00010218955622735357,9.99990000099999e-06,9.99990000099999e-06
257800,975,975,975.0,1025.0,257800,0.00010248949482678026,0.00010248949482678026,9.99990000099999e-06,9.99990000099999e-06
257900,975,975,975.0,1025.0,257900,0.00010248949482678026,0.00010248949482678026,9.99990000099999e-06,9.99990000099999e-06
258000,961,961,961.0,1039.0,258000,0.00010388920591150579,0.00010388920591150579,9.99990000099999e-06,9.99990000099999e-06
258100,959,959,959.0,1041.0,258100,0.0001040891643179945,0.0001040891643179945,9.99990000099999e-06,9.99990000099999e-06
258200,955,956,956.0,1044.0,258200,0.0001044890808910469,0.0001043891017777744,9.99990000099999e-06,9.99990000099999e-06
258300,954,954,954.0,1046.0,258300,0.00010458905998432565,0.00010458905998432565,9.99990000099999e-06,9.99990000099999e-06
258400,956,956,956.0,1044.0,258400,0.0001043891017777744,0.0001043891017777744,9.99990000099999e-06,9.99990000099999e-06
258500,955,955,955.0,1045.0,258500,0.0001044890808910469,0.0001044890808910469,9.99990000099999e-06,9.99990000099999e-06
258600,956,956,956.0,1044.0,258600,0.0001043891017777744,0.0001043891017777744,9.99990000099999e-06,9.99990000099999e-06
258700,950,950,950.0,1050.0,258700,0.00010498897615750347,0.00010498897615750347,9.99990000099999e-06,9.99990000099999e-06
258800,947,947,947.0,1053.0,258800,0.00010528891307745295,0.00010528891307745295,9.99990000099999e-06,9.99990000099999e-06
258900,942,942,942.0,1058.0,258900,0.00010578880754416181,0.00010578880754416181,9.99990000099999e-06,9.99990000099999e-06
259000,942,942,942.0,1058.0,259000,0.00010578880754416181,0.00010578880754416181,9.99990000099999e-06,9.99990000099999e-06
259100,947,947,947.0,1053.0,259100,0.00010528891307745295,0.00010528891307745295,9.99990000099999e-06,9.99990000099999e-06
259200,954,954,954.0,1046.0,259200,0.00010458905998432565,0.00010458905998432565,9.99990000099999e-06,9.99990000099999e-06
259300,952,952,952.0,1048.0,259300,0.00010478901811090198,0.00010478901811090198,9.99990000099999e-06,9.99990000099999e-06
259400,953,953,953.0,1048.0,259400,0.00010468903905761067,0.00010468903905761067,9.99990000099999e-06,9.99990000099999e-06
259500,945,945,945.0,1055.0,259500,0.0001054888709241175,0.0001054888709241175,9.99990000099999e-06,9.99990000099999e-06
259600,944,944,944.0,1056.0,259600,0.00010558884981745929,0.00010558884981745929,9.99990000099999e-06,9.99990000099999e-06
259700,949,949,949.0,1051.0,259700,0.00010508895515081363,0.00010508895515081363,9.99990000099999e-06,9.99990000099999e-06
259800,949,949,949.0,1051.0,259800,0.00010508895515081363,0.00010508895515081363,9.99990000099999e-06,9.99990000099999e-06
259900,949,949,949.0,1051.0,259900,0.00010508895515081363,0.00010508895515081363,9.99990000099999e-06,9.99990000099999e-06
260000,944,946,946.0,1054.0,260000,0.00010558884981745929,0.00010538889201078208,9.99990000099999e-06,9.99990000099999e-06
260100,940,940,940.0,1060.0,260100,0.00010598876519088978,0.00010598876519088978,9.99990000099999e-06,9.99990000099999e-06
260200,944,944,944.0,1056.0,260200,0.00010558884981745929,0.00010558884981745929,9.99990000099999e-06,9.99990000099999e-06
260300,951,951,951.0,1049.0,260300,0.00010488899714419958,0.00010488899714419958,9.99990000099999e-06,9.99990000099999e-06
260400,947,947,947.0,1053.0,260400,0.00010528891307745295,0.00010528891307745295,9.99990000099999e-06,9.99990000099999e-06
260500,945,945,945.0,1055.0,260500,0.0001054888709241175,0.0001054888709241175,9.99990000099999e-06,9.99990000099999e-06
260600,946,946,946.0,1054.0,260600,0.00010538889201078208,0.00010538889201078208,9.99990000099999e-06,9.99990000099999e-06
260700,950,950,950.0,1050.0,260700,0.00010498897615750347,0.00010498897615750347,9.99990000099999e-06,9.99990000099999e-06
260800,948,948,948.0,1052.0,260800,0.00010518893412413015,0.00010518893412413015,9.99990000099999e-06,9.99990000099999e-06
260900,948,948,948.0,1052.0,260900,0.00010518893412413015,0.00010518893412413015,9.99990000099999e-06,9.99990000099999e-06
261000,947,947,947.0,1053.0,261000,0.00010528891307745295,0.00010528891307745295,9.99990000099999e-06,9.99990000099999e-06
261100,949,949,949.0,1051.0,261100,0.00010508895515081363,0.00010508895515081363,9.99990000099999e-06,9.99990000099999e-06
261200,948,948,948.0,1052.0,261200,0.00010518893412413015,0.00010518893412413015,9.99990000099999e-06,9.99990000099999e-06
261300,944,944,944.0,1056.0,261300,0.00010558884981745929,0.00010558884981745929,9.99990000099999e-06,9.99990000099999e-06
261400,944,944,944.0,1056.0,261400,0.00010558884981745929,0.00010558884981745929,9.99990000099999e-06,9.99990000099999e-06
261500,943,943,943.0,1057.0,261500,0.00010568882869080739,0.00010568882869080739,9.99990000099999e-06,9.99990000099999e-06
261600,944,944,944.0,1056.0,261600,0.00010558884981745929,0.00010558884981745929,9.99990000099999e-06,9.99990000099999e-06
261700,938,938,938.0,1062.0,261700,0.00010618872275764314,0.00010618872275764314,9.99990000099999e-06,9.99990000099999e-06
261800,947,947,947.0,1053.0,261800,0.00010528891307745295,0.00010528891307745295,9.99990000099999e-06,9.99990000099999e-06
261900,948,948,948.0,1052.0,261900,0.00010518893412413015,0.00010518893412413015,9.99990000099999e-06,9.99990000099999e-06
262000,941,941,941.0,1059.0,262000,0.00010588878637752262,0.00010588878637752262,9.99990000099999e-06,9.99990000099999e-06
262100,948,948,948.0,1052.0,262100,0.00010518893412413015,0.00010518893412413015,9.99990000099999e-06,9.99990000099999e-06
262200,947,947,947.0,1053.0,262200,0.00010528891307745295,0.00010528891307745295,9.99990000099999e-06,9.99990000099999e-06
262300,942,943,943.0,1057.0,262300,0.00010578880754416181,0.00010568882869080739,9.99990000099999e-06,9.99990000099999e-06
262400,947,947,947.0,1053.0,262400,0.00010528891307745295,0.00010528891307745295,9.99990000099999e-06,9.99990000099999e-06
262500,952,952,952.0,1048.0,262500,0.00010478901811090198,0.00010478901811090198,9.99990000099999e-06,9.99990000099999e-06
262600,956,956,956.0,1044.0,262600,0.0001043891017777744,0.0001043891017777744,9.99990000099999e-06,9.99990000099999e-06
262700,958,958,958.0,1042.0,262700,0.00010418914349124821,0.00010418914349124821,9.99990000099999e-06,9.99990000099999e-06
262800,953,953,953.0,1047.0,262800,0.00010468903905761067,0.00010468903905761067,9.99990000099999e-06,9.99990000099999e-06
262900,950,951,950.0,1050.0,262900,0.00010498897615750347,0.00010488899714419958,9.99990000099999e-06,9.99990000099999e-06
263000,948,948,949.0,1051.0,263000,0.00010518893412413015,0.00010518893412413015,9.99990000099999e-06,9.99990000099999e-06
263100,953,954,953.0,1046.0,263100,0.00010468903905761067,0.00010458905998432565,9.99990000099999e-06,9.99990000099999e-06
263200,957,957,957.0,1043.0,263200,0.00010428912264450817,0.00010428912264450817,9.99990000099999e-06,9.99990000099999e-06
263300,957,957,957.0,1043.0,263300,0.00010428912264450817,0.00010428912264450817,9.99990000099999e-06,9.99990000099999e-06
263400,947,947,947.0,1053.0,263400,0.00010528891307745295,0.00010528891307745295,9.99990000099999e-06,9.99990000099999e-06
263500,939,939,939.0,1061.0,263500,0.00010608874398426327,0.00010608874398426327,9.99990000099999e-06,9.99990000099999e-06
263600,940,940,940.0,1060.0,263600,0.00010598876519088978,0.00010598876519088978,9.99990000099999e-06,9.99990000099999e-06
263700,936,936,936.0,1064.0,263700,0.00010638868024442201,0.00010638868024442201,9.99990000099999e-06,9.99990000099999e-06
263800,942,942,942.0,1058.0,263800,0.00010578880754416181,0.00010578880754416181,9.99990000099999e-06,9.99990000099999e-06
263900,941,941,941.0,1059.0,263900,0.00010588878637752262,0.00010588878637752262,9.99990000099999e-06,9.99990000099999e-06
264000,943,943,943.0,1057.0,264000,0.00010568882869080739,0.00010568882869080739,9.99990000099999e-06,9.99990000099999e-06
264100,932,932,932.0,1068.0,264100,0.00010678859497805635,0.00010678859497805635,9.99990000099999e-06,9.99990000099999e-06
264200,927,927,927.0,1073.0,264200,0.00010728848794524348,0.00010728848794524348,9.99990000099999e-06,9.99990000099999e-06
264300,920,920,920.0,1080.0,264300,0.00010798833725957598,0.00010798833725957598,9.99990000099999e-06,9.99990000099999e-06
264400,921,922,922.0,1078.0,264400,0.00010788835884608052,0.0001077883804125915,9.99990000099999e-06,9.99990000099999e-06
264500,922,922,922.0,1078.0,264500,0.0001077883804125915,0.0001077883804125915,9.99990000099999e-06,9.99990000099999e-06
264600,925,925,925.0,1075.0,264600,0.00010748844499216334,0.00010748844499216334,9.99990000099999e-06,9.99990000099999e-06
264700,921,921,921.0,1079.0,264700,0.00010788835884608052,0.00010788835884608052,9.99990000099999e-06,9.99990000099999e-06
264800,923,923,923.0,1077.0,264800,0.000107688401959109,0.000107688401959109,9.99990000099999e-06,9.99990000099999e-06
264900,925,925,925.0,1075.0,264900,0.00010748844499216334,0.00010748844499216334,9.99990000099999e-06,9.99990000099999e-06
265000,930,930,930.0,1070.0,265000,0.00010698855222491194,0.00010698855222491194,9.99990000099999e-06,9.99990000099999e-06
265100,931,931,931.0,1069.0,265100,0.00010688857361148093,0.00010688857361148093,9.99990000099999e-06,9.99990000099999e-06
265200,935,935,935.0,1065.0,265200,0.000106488658957821,0.000106488658957821,9.99990000099999e-06,9.99990000099999e-06
265300,944,945,944.0,1055.0,265300,0.00010558884981745929,0.0001054888709241175,9.99990000099999e-06,9.99990000099999e-06
265400,952,952,952.0,1048.0,265400,0.00010478901811090198,0.00010478901811090198,9.99990000099999e-06,9.99990000099999e-06
265500,957,957,957.0,1043.0,265500,0.00010428912264450817,0.00010428912264450817,9.99990000099999e-06,9.99990000099999e-06
265600,958,958,958.0,1042.0,265600,0.00010418914349124821,0.00010418914349124821,9.99990000099999e-06,9.99990000099999e-06
265700,956,956,957.0,1044.0,265700,0.0001043891017777744,0.0001043891017777744,9.99990000099999e-06,9.99990000099999e-06
265800,956,956,956.0,1044.0,265800,0.0001043891017777744,0.0001043891017777744,9.99990000099999e-06,9.99990000099999e-06
265900,955,955,955.0,1045.0,265900,0.0001044890808910469,0.0001044890808910469,9.99990000099999e-06,9.99990000099999e-06
266000,952,952,952.0,1048.0,266000,0.00010478901811090198,0.00010478901811090198,9.99990000099999e-06,9.99990000099999e-06
266100,953,953,953.0,1047.0,266100,0.00010468903905761067,0.00010468903905761067,9.99990000099999e-06,9.99990000099999e-06
266200,960,960,960.0,1040.0,266200,0.00010398918512474702,0.00010398918512474702,9.99990000099999e-06,9.99990000099999e-06
266300,961,961,961.0,1039.0,266300,0.00010388920591150579,0.00010388920591150579,9.99990000099999e-06,9.99990000099999e-06
266400,960,960,960.0,1040.0,266400,0.00010398918512474702,0.00010398918512474702,9.99990000099999e-06,9.99990000099999e-06
266500,960,960,960.0,1040.0,266500,0.00010398918512474702,0.00010398918512474702,9.99990000099999e-06,9.99990000099999e-06
266600,961,961,961.0,1039.0,266600,0.00010388920591150579,0.00010388920591150579,9.99990000099999e-06,9.99990000099999e-06
266700,958,958,958.0,1042.0,266700,0.00010418914349124821,0.00010418914349124821,9.99990000099999e-06,9.99990000099999e-06
266800,956,956,956.0,1044.0,266800,0.0001043891017777744,0.0001043891017777744,9.99990000099999e-06,9.99990000099999e-06
266900,956,957,956.0,1044.0,266900,0.0001043891017777744,0.00010428912264450817,9.99990000099999e-06,9.99990000099999e-06
267000,965,965,965.0,1035.0,267000,0.00010348928885860313,0.00010348928885860313,9.99990000099999e-06,9.99990000099999e-06
267100,961,961,961.0,1039.0,267100,0.00010388920591150579,0.00010388920591150579,9.99990000099999e-06,9.99990000099999e-06
267200,957,957,957.0,1043.0,267200,0.00010428912264450817,0.00010428912264450817,9.99990000099999e-06,9.99990000099999e-06
267300,957,957,957.0,1043.0,267300,0.00010428912264450817,0.00010428912264450817,9.99990000099999e-06,9.99990000099999e-06
267400,956,957,956.0,1044.0,267400,0.0001043891017777744,0.00010428912264450817,9.99990000099999e-06,9.99990000099999e-06
267500,957,957,957.0,1043.0,267500,0.00010428912264450817,0.00010428912264450817,9.99990000099999e-06,9.99990000099999e-06
267600,961,961,961.0,1040.0,267600,0.00010388920591150579,0.00010388920591150579,9.99990000099999e-06,9.99990000099999e-06
267700,957,958,957.0,1043.0,267700,0.00010428912264450817,0.00010418914349124821,9.99990000099999e-06,9.99990000099999e-06
267800,954,954,954.0,1046.0,267800,0.00010458905998432565,0.00010458905998432565,9.99990000099999e-06,9.99990000099999e-06
267900,958,958,958.0,1042.0,267900,0.00010418914349124821,0.00010418914349124821,9.99990000099999e-06,9.99990000099999e-06
268000,951,951,951.0,1049.0,268000,0.00010488899714419958,0.00010488899714419958,9.99990000099999e-06,9.99990000099999e-06
268100,958,958,958.0,1042.0,268100,0.00010418914349124821,0.00010418914349124821,9.99990000099999e-06,9.99990000099999e-06
268200,959,959,959.0,1041.0,268200,0.0001040891643179945,0.0001040891643179945,9.99990000099999e-06,9.99990000099999e-06
268300,961,961,961.0,1039.0,268300,0.00010388920591150579,0.00010388920591150579,9.99990000099999e-06,9.99990000099999e-06
268400,959,959,959.0,1041.0,268400,0.0001040891643179945,0.0001040891643179945,9.99990000099999e-06,9.99990000099999e-06
268500,958,958,958.0,1042.0,268500,0.00010418914349124821,0.00010418914349124821,9.99990000099999e-06,9.99990000099999e-06
268600,962,962,962.0,1038.0,268600,0.0001037892266782708,0.0001037892266782708,9.99990000099999e-06,9.99990000099999e-06
268700,963,963,963.0,1037.0,268700,0.00010368924742504205,0.00010368924742504205,9.99990000099999e-06,9.99990000099999e-06
268800,971,971,971.0,1029.0,268800,0.0001028894126794353,0.0001028894126794353,9.99990000099999e-06,9.99990000099999e-06
268900,969,969,969.0,1031.0,268900,0.0001030893714857998,0.0001030893714857998,9.99990000099999e-06,9.99990000099999e-06
269000,967,967,967.0,1033.0,269000,0.00010328933021218909,0.00010328933021218909,9.99990000099999e-06,9.99990000099999e-06
269100,969,969,969.0,1031.0,269100,0.0001030893714857998,0.0001030893714857998,9.99990000099999e-06,9.99990000099999e-06
269200,974,974,974.0,1026.0,269200,0.00010258947431993479,0.00010258947431993479,9.99990000099999e-06,9.99990000099999e-06
269300,973,973,973.0,1027.0,269300,0.00010268945379309543,0.00010268945379309543,9.99990000099999e-06,9.99990000099999e-06
269400,974,975,975.0,1026.0,269400,0.00010258947431993479,0.00010248949482678026,9.99990000099999e-06,9.99990000099999e-06
269500,967,967,967.0,1033.0,269500,0.00010328933021218909,0.00010328933021218909,9.99990000099999e-06,9.99990000099999e-06
269600,972,972,972.0,1028.0,269600,0.00010278943324626227,0.00010278943324626227,9.99990000099999e-06,9.99990000099999e-06
269700,968,968,968.0,1032.0,269700,0.00010318935085899135,0.00010318935085899135,9.99990000099999e-06,9.99990000099999e-06
269800,983,983,983.0,1017.0,269800,0.00010168965816176495,0.00010168965816176495,9.99990000099999e-06,9.99990000099999e-06
269900,983,983,983.0,1017.0,269900,0.00010168965816176495,0.00010168965816176495,9.99990000099999e-06,9.99990000099999e-06
270000,974,974,974.0,1026.0,270000,0.00010258947431993479,0.00010258947431993479,9.99990000099999e-06,9.99990000099999e-06
270100,970,970,970.0,1030.0,270100,0.00010298939209261448,0.00010298939209261448,9.99990000099999e-06,9.99990000099999e-06
270200,969,969,969.0,1031.0,270200,0.0001030893714857998,0.0001030893714857998,9.99990000099999e-06,9.99990000099999e-06
270300,965,965,965.0,1035.0,270300,0.00010348928885860313,0.00010348928885860313,9.99990000099999e-06,9.99990000099999e-06
270400,970,970,970.0,1030.0,270400,0.00010298939209261448,0.00010298939209261448,9.99990000099999e-06,9.99990000099999e-06
270500,976,976,976.0,1024.0,270500,0.00010238951531363188,0.00010238951531363188,9.99990000099999e-06,9.99990000099999e-06
270600,978,978,978.0,1022.0,270600,0.00010218955622735357,0.00010218955622735357,9.99990000099999e-06,9.99990000099999e-06
270700,975,975,975.0,1025.0,270700,0.00010248949482678026,0.00010248949482678026,9.99990000099999e-06,9.99990000099999e-06
270800,969,969,969.0,1031.0,270800,0.0001030893714857998,0.0001030893714857998,9.99990000099999e-06,9.99990000099999e-06
270900,966,966,966.0,1034.0,270900,0.000103389309545393,0.000103389309545393,9.99990000099999e-06,9.99990000099999e-06
271000,961,961,961.0,1039.0,271000,0.00010388920591150579,0.00010388920591150579,9.99990000099999e-06,9.99990000099999e-06
271100,956,956,956.0,1044.0,271100,0.0001043891017777744,0.0001043891017777744,9.99990000099999e-06,9.99990000099999e-06
271200,960,960,960.0,1040.0,271200,0.00010398918512474702,0.00010398918512474702,9.99990000099999e-06,9.99990000099999e-06
271300,960,960,960.0,1040.0,271300,0.00010398918512474702,0.00010398918512474702,9.99990000099999e-06,9.99990000099999e-06
271400,958,958,958.0,1042.0,271400,0.00010418914349124821,0.00010418914349124821,9.99990000099999e-06,9.99990000099999e-06
271500,955,955,955.0,1046.0,271500,0.0001044890808910469,0.0001044890808910469,9.99990000099999e-06,9.99990000099999e-06
271600,956,956,956.0,1044.0,271600,0.0001043891017777744,0.0001043891017777744,9.99990000099999e-06,9.99990000099999e-06
271700,960,960,960.0,1040.0,271700,0.00010398918512474702,0.00010398918512474702,9.99990000099999e-06,9.99990000099999e-06
271800,963,963,963.0,1037.0,271800,0.00010368924742504205,0.00010368924742504205,9.99990000099999e-06,9.99990000099999e-06
271900,959,959,959.0,1041.0,271900,0.0001040891643179945,0.0001040891643179945,9.99990000099999e-06,9.99990000099999e-06
272000,961,961,961.0,1039.0,272000,0.00010388920591150579,0.00010388920591150579,9.99990000099999e-06,9.99990000099999e-06
272100,959,959,959.0,1041.0,272100,0.0001040891643179945,0.0001040891643179945,9.99990000099999e-06,9.99990000099999e-06
272200,955,955,955.0,1045.0,272200,0.0001044890808910469,0.0001044890808910469,9.99990000099999e-06,9.99990000099999e-06
272300,958,958,958.0,1042.0,272300,0.00010418914349124821,0.00010418914349124821,9.99990000099999e-06,9.99990000099999e-06
272400,961,961,961.0,1040.0,272400,0.00010388920591150579,0.00010388920591150579,9.99990000099999e-06,9.99990000099999e-06
272500,962,962,962.0,1038.0,272500,0.0001037892266782708,0.0001037892266782708,9.99990000099999e-06,9.99990000099999e-06
272600,956,956,956.0,1044.0,272600,0.0001043891017777744,0.0001043891017777744,9.99990000099999e-06,9.99990000099999e-06
272700,955,955,955.0,1045.0,272700,0.0001044890808910469,0.0001044890808910469,9.99990000099999e-06,9.99990000099999e-06
272800,948,948,948.0,1052.0,272800,0.00010518893412413015,0.00010518893412413015,9.99990000099999e-06,9.99990000099999e-06
272900,954,954,954.0,1046.0,272900,0.00010458905998432565,0.00010458905998432565,9.99990000099999e-06,9.99990000099999e-06
273000,952,952,952.0,1048.0,273000,0.00010478901811090198,0.00010478901811090198,9.99990000099999e-06,9.99990000099999e-06
273100,957,957,957.0,1043.0,273100,0.00010428912264450817,0.00010428912264450817,9.99990000099999e-06,9.99990000099999e-06
273200,957,957,957.0,1043.0,273200,0.00010428912264450817,0.00010428912264450817,9.99990000099999e-06,9.99990000099999e-06
273300,964,964,964.0,1036.0,273300,0.00010358926815181946,0.00010358926815181946,9.99990000099999e-06,9.99990000099999e-06
273400,969,969,969.0,1031.0,273400,0.0001030893714857998,0.0001030893714857998,9.99990000099999e-06,9.99990000099999e-06
273500,964,964,964.0,1036.0,273500,0.00010358926815181946,0.00010358926815181946,9.99990000099999e-06,9.99990000099999e-06
273600,967,967,967.0,1033.0,273600,0.00010328933021218909,0.00010328933021218909,9.99990000099999e-06,9.99990000099999e-06
273700,971,971,970.0,1029.0,273700,0.0001028894126794353,0.0001028894126794353,9.99990000099999e-06,9.99990000099999e-06
273800,965,965,964.0,1036.0,273800,0.00010348928885860313,0.00010348928885860313,9.99990000099999e-06,9.99990000099999e-06
273900,960,960,960.0,1040.0,273900,0.00010398918512474702,0.00010398918512474702,9.99990000099999e-06,9.99990000099999e-06
274000,962,962,962.0,1038.0,274000,0.0001037892266782708,0.0001037892266782708,9.99990000099999e-06,9.99990000099999e-06
274100,959,959,959.0,1041.0,274100,0.0001040891643179945,0.0001040891643179945,9.99990000099999e-06,9.99990000099999e-06
274200,959,959,959.0,1041.0,274200,0.0001040891643179945,0.0001040891643179945,9.99990000099999e-06,9.99990000099999e-06
274300,961,961,961.0,1039.0,274300,0.00010388920591150579,0.00010388920591150579,9.99990000099999e-06,9.99990000099999e-06
274400,951,951,951.0,1049.0,274400,0.00010488899714419958,0.00010488899714419958,9.99990000099999e-06,9.99990000099999e-06
274500,954,954,955.0,1046.0,274500,0.00010458905998432565,0.00010458905998432565,9.99990000099999e-06,9.99990000099999e-06
274600,953,953,953.0,1047.0,274600,0.00010468903905761067,0.00010468903905761067,9.99990000099999e-06,9.99990000099999e-06
274700,948,948,948.0,1052.0,274700,0.00010518893412413015,0.00010518893412413015,9.99990000099999e-06,9.99990000099999e-06
274800,950,950,950.0,1050.0,274800,0.00010498897615750347,0.00010498897615750347,9.99990000099999e-06,9.99990000099999e-06
274900,952,952,952.0,1048.0,274900,0.00010478901811090198,0.00010478901811090198,9.99990000099999e-06,9.99990000099999e-06
275000,947,947,947.0,1053.0,275000,0.00010528891307745295,0.00010528891307745295,9.99990000099999e-06,9.99990000099999e-06
275100,948,948,948.0,1052.0,275100,0.00010518893412413015,0.00010518893412413015,9.99990000099999e-06,9.99990000099999e-06
275200,949,949,949.0,1051.0,275200,0.00010508895515081363,0.00010508895515081363,9.99990000099999e-06,9.99990000099999e-06
275300,947,947,947.0,1053.0,275300,0.00010528891307745295,0.00010528891307745295,9.99990000099999e-06,9.99990000099999e-06
275400,949,949,949.0,1051.0,275400,0.00010508895515081363,0.00010508895515081363,9.99990000099999e-06,9.99990000099999e-06
275500,947,947,947.0,1053.0,275500,0.00010528891307745295,0.00010528891307745295,9.99990000099999e-06,9.99990000099999e-06
275600,948,948,948.0,1052.0,275600,0.00010518893412413015,0.00010518893412413015,9.99990000099999e-06,9.99990000099999e-06
275700,947,947,947.0,1053.0,275700,0.00010528891307745295,0.00010528891307745295,9.99990000099999e-06,9.99990000099999e-06
275800,936,936,936.0,1063.0,275800,0.00010638868024442201,0.00010638868024442201,9.99990000099999e-06,9.99990000099999e-06
275900,934,934,934.0,1066.0,275900,0.00010658863765122638,0.00010658863765122638,9.99990000099999e-06,9.99990000099999e-06
276000,933,933,933.0,1067.0,276000,0.00010668861632463818,0.00010668861632463818,9.99990000099999e-06,9.99990000099999e-06
276100,926,927,926.0,1074.0,276100,0.00010738846647870019,0.00010728848794524348,9.99990000099999e-06,9.99990000099999e-06
276200,919,920,920.0,1080.0,276200,0.0001080883156530779,0.00010798833725957598,9.99990000099999e-06,9.99990000099999e-06
276300,914,914,914.0,1086.0,276300,0.00010858820732068498,0.00010858820732068498,9.99990000099999e-06,9.99990000099999e-06
276400,914,914,914.0,1086.0,276400,0.00010858820732068498,0.00010858820732068498,9.99990000099999e-06,9.99990000099999e-06
276500,916,916,916.0,1084.0,276500,0.00010838825071362264,0.00010838825071362264,9.99990000099999e-06,9.99990000099999e-06
276600,914,914,914.0,1086.0,276600,0.00010858820732068498,0.00010858820732068498,9.99990000099999e-06,9.99990000099999e-06
276700,911,911,911.0,1089.0,276700,0.00010888814208132734,0.00010888814208132734,9.99990000099999e-06,9.99990000099999e-06
276800,899,899,899.0,1101.0,276800,0.00011008787932448639,0.00011008787932448639,9.99990000099999e-06,9.99990000099999e-06
276900,898,898,898.0,1102.0,276900,0.00011018785729812575,0.00011018785729812575,9.99990000099999e-06,9.99990000099999e-06
277000,895,895,895.0,1105.0,277000,0.00011048779109908357,0.00011048779109908357,9.99990000099999e-06,9.99990000099999e-06
277100,897,897,897.0,1103.0,277100,0.00011028783525177173,0.00011028783525177173,9.99990000099999e-06,9.99990000099999e-06
277200,895,895,895.0,1105.0,277200,0.00011048779109908357,0.00011048779109908357,9.99990000099999e-06,9.99990000099999e-06
277300,897,897,897.0,1103.0,277300,0.00011028783525177173,0.00011028783525177173,9.99990000099999e-06,9.99990000099999e-06
277400,895,895,895.0,1105.0,277400,0.00011048779109908357,0.00011048779109908357,9.99990000099999e-06,9.99990000099999e-06
277500,894,894,894.0,1106.0,277500,0.0001105877689927494,0.0001105877689927494,9.99990000099999e-06,9.99990000099999e-06
277600,896,896,897.0,1104.0,277600,0.00011038781318542434,0.00011038781318542434,9.99990000099999e-06,9.99990000099999e-06
277700,892,892,892.0,1108.0,277700,0.000110787724720101,0.000110787724720101,9.99990000099999e-06,9.99990000099999e-06
277800,890,890,891.0,1110.0,277800,0.00011098768036747922,0.00011098768036747922,9.99990000099999e-06,9.99990000099999e-06
277900,895,895,895.0,1105.0,277900,0.00011048779109908357,0.00011048779109908357,9.99990000099999e-06,9.99990000099999e-06
278000,893,893,893.0,1107.0,278000,0.00011068774686642189,0.00011068774686642189,9.99990000099999e-06,9.99990000099999e-06
278100,893,893,893.0,1107.0,278100,0.00011068774686642189,0.00011068774686642189,9.99990000099999e-06,9.99990000099999e-06
278200,887,887,887.0,1113.0,278200,0.00011128761368859648,0.00011128761368859648,9.99990000099999e-06,9.99990000099999e-06
278300,886,886,886.0,1114.0,278300,0.00011138759142231556,0.00011138759142231556,9.99990000099999e-06,9.99990000099999e-06
278400,888,888,888.0,1112.0,278400,0.00011118763593488403,0.00011118763593488403,9.99990000099999e-06,9.99990000099999e-06
278500,891,891,891.0,1109.0,278500,0.00011088770255378679,0.00011088770255378679,9.99990000099999e-06,9.99990000099999e-06
278600,882,882,882.0,1118.0,278600,0.00011178750215725881,0.00011178750215725881,9.99990000099999e-06,9.99990000099999e-06
278700,876,876,876.0,1124.0,278700,0.00011238736765987504,0.00011238736765987504,9.99990000099999e-06,9.99990000099999e-06
278800,875,875,875.0,1125.0,278800,0.00011248734517366796,0.00011248734517366796,9.99990000099999e-06,9.99990000099999e-06
278900,877,877,877.0,1123.0,278900,0.00011228739012608884,0.00011228739012608884,9.99990000099999e-06,9.99990000099999e-06
279000,880,880,880.0,1120.0,279000,0.00011198745740477069,0.00011198745740477069,9.99990000099999e-06,9.99990000099999e-06
279100,879,879,879.0,1121.0,279100,0.00011208743499853669,0.00011208743499853669,9.99990000099999e-06,9.99990000099999e-06
279200,887,887,887.0,1113.0,279200,0.00011128761368859648,0.00011128761368859648,9.99990000099999e-06,9.99990000099999e-06
279300,885,885,885.0,1115.0,279300,0.00011148756913604133,0.00011148756913604133,9.99990000099999e-06,9.99990000099999e-06
279400,883,883,883.0,1117.0,279400,0.00011168752450351297,0.00011168752450351297,9.99990000099999e-06,9.99990000099999e-06
279500,885,885,885.0,1115.0,279500,0.00011148756913604133,0.00011148756913604133,9.99990000099999e-06,9.99990000099999e-06
279600,885,885,885.0,1115.0,279600,0.00011148756913604133,0.00011148756913604133,9.99990000099999e-06,9.99990000099999e-06
279700,883,883,883.0,1117.0,279700,0.00011168752450351297,0.00011168752450351297,9.99990000099999e-06,9.99990000099999e-06
279800,885,885,885.0,1115.0,279800,0.00011148756913604133,0.00011148756913604133,9.99990000099999e-06,9.99990000099999e-06
279900,887,887,887.0,1113.0,279900,0.00011128761368859648,0.00011128761368859648,9.99990000099999e-06,9.99990000099999e-06
280000,888,888,888.0,1112.0,280000,0.00011118763593488403,0.00011118763593488403,9.99990000099999e-06,9.99990000099999e-06
280100,896,896,896.0,1104.0,280100,0.00011038781318542434,0.00011038781318542434,9.99990000099999e-06,9.99990000099999e-06
280200,893,893,893.0,1107.0,280200,0.00011068774686642189,0.00011068774686642189,9.99990000099999e-06,9.99990000099999e-06
280300,892,892,892.0,1108.0,280300,0.000110787724720101,0.000110787724720101,9.99990000099999e-06,9.99990000099999e-06
280400,891,891,891.0,1109.0,280400,0.00011088770255378679,0.00011088770255378679,9.99990000099999e-06,9.99990000099999e-06
280500,896,896,896.0,1104.0,280500,0.00011038781318542434,0.00011038781318542434,9.99990000099999e-06,9.99990000099999e-06
280600,895,895,895.0,1105.0,280600,0.00011048779109908357,0.00011048779109908357,9.99990000099999e-06,9.99990000099999e-06
280700,888,888,888.0,1112.0,280700,0.00011118763593488403,0.00011118763593488403,9.99990000099999e-06,9.99990000099999e-06
280800,884,885,884.0,1116.0,280800,0.00011158754682977379,0.00011148756913604133,9.99990000099999e-06,9.99990000099999e-06
280900,878,878,878.0,1122.0,280900,0.0001121874125723094,0.0001121874125723094,9.99990000099999e-06,9.99990000099999e-06
281000,877,877,877.0,1123.0,281000,0.00011228739012608884,0.00011228739012608884,9.99990000099999e-06,9.99990000099999e-06
281100,880,880,880.0,1120.0,281100,0.00011198745740477069,0.00011198745740477069,9.99990000099999e-06,9.99990000099999e-06
281200,872,872,872.0,1128.0,281200,0.00011278727759508727,0.00011278727759508727,9.99990000099999e-06,9.99990000099999e-06
281300,869,869,869.0,1131.0,281300,0.00011308720983656748,0.00011308720983656748,9.99990000099999e-06,9.99990000099999e-06
281400,870,870,870.0,1130.0,281400,0.00011298723244273397,0.00011298723244273397,9.99990000099999e-06,9.99990000099999e-06
281500,866,866,866.0,1134.0,281500,0.00011338714189810876,0.00011338714189810876,9.99990000099999e-06,9.99990000099999e-06
281600,868,869,869.0,1132.0,281600,0.00011318718721040779,0.00011308720983656748,9.99990000099999e-06,9.99990000099999e-06
281700,879,879,879.0,1121.0,281700,0.00011208743499853669,0.00011208743499853669,9.99990000099999e-06,9.99990000099999e-06
281800,886,886,886.0,1114.0,281800,0.00011138759142231556,0.00011138759142231556,9.99990000099999e-06,9.99990000099999e-06
281900,881,881,881.0,1119.0,281900,0.00011188747979101137,0.00011188747979101137,9.99990000099999e-06,9.99990000099999e-06
282000,884,884,884.0,1116.0,282000,0.00011158754682977379,0.00011158754682977379,9.99990000099999e-06,9.99990000099999e-06
282100,883,884,883.0,1117.0,282100,0.00011168752450351297,0.00011158754682977379,9.99990000099999e-06,9.99990000099999e-06
282200,891,891,891.0,1109.0,282200,0.00011088770255378679,0.00011088770255378679,9.99990000099999e-06,9.99990000099999e-06
282300,889,889,889.0,1111.0,282300,0.00011108765816117828,0.00011108765816117828,9.99990000099999e-06,9.99990000099999e-06
282400,896,896,896.0,1104.0,282400,0.00011038781318542434,0.00011038781318542434,9.99990000099999e-06,9.99990000099999e-06
282500,900,900,901.0,1100.0,282500,0.00010998790133085361,0.00010998790133085361,9.99990000099999e-06,9.99990000099999e-06
282600,905,905,905.0,1095.0,282600,0.00010948801106278863,0.00010948801106278863,9.99990000099999e-06,9.99990000099999e-06
282700,911,911,911.0,1089.0,282700,0.00010888814208132734,0.00010888814208132734,9.99990000099999e-06,9.99990000099999e-06
282800,912,912,912.0,1088.0,282800,0.00010878816384777336,0.00010878816384777336,9.99990000099999e-06,9.99990000099999e-06
282900,916,916,916.0,1084.0,282900,0.00010838825071362264,0.00010838825071362264,9.99990000099999e-06,9.99990000099999e-06
283000,917,917,917.0,1083.0,283000,0.00010828827238010124,0.00010828827238010124,9.99990000099999e-06,9.99990000099999e-06
283100,916,916,916.0,1084.0,283100,0.00010838825071362264,0.00010838825071362264,9.99990000099999e-06,9.99990000099999e-06
283200,913,913,913.0,1087.0,283200,0.00010868818559422593,0.00010868818559422593,9.99990000099999e-06,9.99990000099999e-06
283300,911,911,911.0,1089.0,283300,0.00010888814208132734,0.00010888814208132734,9.99990000099999e-06,9.99990000099999e-06
283400,912,912,912.0,1088.0,283400,0.00010878816384777336,0.00010878816384777336,9.99990000099999e-06,9.99990000099999e-06
283500,914,914,914.0,1086.0,283500,0.00010858820732068498,0.00010858820732068498,9.99990000099999e-06,9.99990000099999e-06
283600,917,917,917.0,1083.0,283600,0.00010828827238010124,0.00010828827238010124,9.99990000099999e-06,9.99990000099999e-06
283700,917,917,917.0,1083.0,283700,0.00010828827238010124,0.00010828827238010124,9.99990000099999e-06,9.99990000099999e-06
283800,920,920,920.0,1080.0,283800,0.00010798833725957598,0.00010798833725957598,9.99990000099999e-06,9.99990000099999e-06
283900,926,927,926.0,1074.0,283900,0.00010738846647870019,0.00010728848794524348,9.99990000099999e-06,9.99990000099999e-06
284000,928,928,928.0,1072.0,284000,0.00010718850939179321,0.00010718850939179321,9.99990000099999e-06,9.99990000099999e-06
284100,926,926,926.0,1074.0,284100,0.00010738846647870019,0.00010738846647870019,9.99990000099999e-06,9.99990000099999e-06
284200,926,926,926.0,1074.0,284200,0.00010738846647870019,0.00010738846647870019,9.99990000099999e-06,9.99990000099999e-06
284300,925,925,925.0,1075.0,284300,0.00010748844499216334,0.00010748844499216334,9.99990000099999e-06,9.99990000099999e-06
284400,922,922,922.0,1078.0,284400,0.0001077883804125915,0.0001077883804125915,9.99990000099999e-06,9.99990000099999e-06
284500,924,924,924.0,1076.0,284500,0.00010758842348563294,0.00010758842348563294,9.99990000099999e-06,9.99990000099999e-06
284600,917,917,917.0,1083.0,284600,0.00010828827238010124,0.00010828827238010124,9.99990000099999e-06,9.99990000099999e-06
284700,918,918,918.0,1082.0,284700,0.00010818829402658634,0.00010818829402658634,9.99990000099999e-06,9.99990000099999e-06
284800,916,916,916.0,1084.0,284800,0.00010838825071362264,0.00010838825071362264,9.99990000099999e-06,9.99990000099999e-06
284900,913,913,913.0,1087.0,284900,0.00010868818559422593,0.00010868818559422593,9.99990000099999e-06,9.99990000099999e-06
285000,913,913,913.0,1087.0,285000,0.00010868818559422593,0.00010868818559422593,9.99990000099999e-06,9.99990000099999e-06
285100,909,909,909.0,1091.0,285100,0.00010908809848845491,0.00010908809848845491,9.99990000099999e-06,9.99990000099999e-06
285200,909,909,909.0,1091.0,285200,0.00010908809848845491,0.00010908809848845491,9.99990000099999e-06,9.99990000099999e-06
285300,917,918,918.0,1082.0,285300,0.00010828827238010124,0.00010818829402658634,9.99990000099999e-06,9.99990000099999e-06
285400,921,921,921.0,1079.0,285400,0.00010788835884608052,0.00010788835884608052,9.99990000099999e-06,9.99990000099999e-06
285500,932,932,932.0,1068.0,285500,0.00010678859497805635,0.00010678859497805635,9.99990000099999e-06,9.99990000099999e-06
285600,928,928,929.0,1071.0,285600,0.00010718850939179321,0.00010718850939179321,9.99990000099999e-06,9.99990000099999e-06
285700,935,936,936.0,1065.0,285700,0.000106488658957821,0.00010638868024442201,9.99990000099999e-06,9.99990000099999e-06
285800,935,936,936.0,1064.0,285800,0.000106488658957821,0.00010638868024442201,9.99990000099999e-06,9.99990000099999e-06
285900,934,934,934.0,1066.0,285900,0.00010658863765122638,0.00010658863765122638,9.99990000099999e-06,9.99990000099999e-06
286000,936,936,936.0,1064.0,286000,0.00010638868024442201,0.00010638868024442201,9.99990000099999e-06,9.99990000099999e-06
286100,938,939,939.0,1061.0,286100,0.00010618872275764314,0.00010608874398426327,9.99990000099999e-06,9.99990000099999e-06
286200,942,942,942.0,1058.0,286200,0.00010578880754416181,0.00010578880754416181,9.99990000099999e-06,9.99990000099999e-06
286300,942,942,942.0,1058.0,286300,0.00010578880754416181,0.00010578880754416181,9.99990000099999e-06,9.99990000099999e-06
286400,940,942,940.0,1060.0,286400,0.00010598876519088978,0.00010578880754416181,9.99990000099999e-06,9.99990000099999e-06
286500,938,938,938.0,1062.0,286500,0.00010618872275764314,0.00010618872275764314,9.99990000099999e-06,9.99990000099999e-06
286600,936,936,936.0,1064.0,286600,0.00010638868024442201,0.00010638868024442201,9.99990000099999e-06,9.99990000099999e-06
286700,932,932,932.0,1068.0,286700,0.00010678859497805635,0.00010678859497805635,9.99990000099999e-06,9.99990000099999e-06
286800,933,933,933.0,1067.0,286800,0.00010668861632463818,0.00010668861632463818,9.99990000099999e-06,9.99990000099999e-06
286900,932,932,932.0,1068.0,286900,0.00010678859497805635,0.00010678859497805635,9.99990000099999e-06,9.99990000099999e-06
287000,932,932,932.0,1068.0,287000,0.00010678859497805635,0.00010678859497805635,9.99990000099999e-06,9.99990000099999e-06
287100,930,930,930.0,1071.0,287100,0.00010698855222491194,0.00010698855222491194,9.99990000099999e-06,9.99990000099999e-06
287200,923,923,923.0,1077.0,287200,0.000107688401959109,0.000107688401959109,9.99990000099999e-06,9.99990000099999e-06
287300,922,922,922.0,1078.0,287300,0.0001077883804125915,0.0001077883804125915,9.99990000099999e-06,9.99990000099999e-06
287400,919,919,919.0,1081.0,287400,0.0001080883156530779,0.0001080883156530779,9.99990000099999e-06,9.99990000099999e-06
287500,914,914,914.0,1086.0,287500,0.00010858820732068498,0.00010858820732068498,9.99990000099999e-06,9.99990000099999e-06
287600,912,912,912.0,1088.0,287600,0.00010878816384777336,0.00010878816384777336,9.99990000099999e-06,9.99990000099999e-06
287700,916,916,916.0,1084.0,287700,0.00010838825071362264,0.00010838825071362264,9.99990000099999e-06,9.99990000099999e-06
287800,920,920,920.0,1080.0,287800,0.00010798833725957598,0.00010798833725957598,9.99990000099999e-06,9.99990000099999e-06
287900,923,923,923.0,1077.0,287900,0.000107688401959109,0.000107688401959109,9.99990000099999e-06,9.99990000099999e-06
288000,924,924,924.0,1076.0,288000,0.00010758842348563294,0.00010758842348563294,9.99990000099999e-06,9.99990000099999e-06
288100,917,917,917.0,1083.0,288100,0.00010828827238010124,0.00010828827238010124,9.99990000099999e-06,9.99990000099999e-06
288200,918,918,918.0,1082.0,288200,0.00010818829402658634,0.00010818829402658634,9.99990000099999e-06,9.99990000099999e-06
288300,918,918,918.0,1082.0,288300,0.00010818829402658634,0.00010818829402658634,9.99990000099999e-06,9.99990000099999e-06
288400,929,929,929.0,1071.0,288400,0.00010708853081834937,0.00010708853081834937,9.99990000099999e-06,9.99990000099999e-06
288500,931,931,931.0,1069.0,288500,0.00010688857361148093,0.00010688857361148093,9.99990000099999e-06,9.99990000099999e-06
288600,925,926,925.0,1075.0,288600,0.00010748844499216334,0.00010738846647870019,9.99990000099999e-06,9.99990000099999e-06
288700,926,926,926.0,1074.0,288700,0.00010738846647870019,0.00010738846647870019,9.99990000099999e-06,9.99990000099999e-06
288800,927,927,927.0,1073.0,288800,0.00010728848794524348,0.00010728848794524348,9.99990000099999e-06,9.99990000099999e-06
288900,939,939,939.0,1061.0,288900,0.00010608874398426327,0.00010608874398426327,9.99990000099999e-06,9.99990000099999e-06
289000,939,939,939.0,1061.0,289000,0.00010608874398426327,0.00010608874398426327,9.99990000099999e-06,9.99990000099999e-06
289100,944,944,944.0,1056.0,289100,0.00010558884981745929,0.00010558884981745929,9.99990000099999e-06,9.99990000099999e-06
289200,951,951,951.0,1049.0,289200,0.00010488899714419958,0.00010488899714419958,9.99990000099999e-06,9.99990000099999e-06
289300,953,953,953.0,1047.0,289300,0.00010468903905761067,0.00010468903905761067,9.99990000099999e-06,9.99990000099999e-06
289400,957,957,957.0,1043.0,289400,0.00010428912264450817,0.00010428912264450817,9.99990000099999e-06,9.99990000099999e-06
289500,947,947,947.0,1053.0,289500,0.00010528891307745295,0.00010528891307745295,9.99990000099999e-06,9.99990000099999e-06
289600,946,946,946.0,1054.0,289600,0.00010538889201078208,0.00010538889201078208,9.99990000099999e-06,9.99990000099999e-06
289700,946,946,946.0,1054.0,289700,0.00010538889201078208,0.00010538889201078208,9.99990000099999e-06,9.99990000099999e-06
289800,945,945,945.0,1055.0,289800,0.0001054888709241175,0.0001054888709241175,9.99990000099999e-06,9.99990000099999e-06
289900,939,939,939.0,1061.0,289900,0.00010608874398426327,0.00010608874398426327,9.99990000099999e-06,9.99990000099999e-06
290000,933,933,933.0,1067.0,290000,0.00010668861632463818,0.00010668861632463818,9.99990000099999e-06,9.99990000099999e-06
290100,926,926,926.0,1074.0,290100,0.00010738846647870019,0.00010738846647870019,9.99990000099999e-06,9.99990000099999e-06
290200,918,918,918.0,1082.0,290200,0.00010818829402658634,0.00010818829402658634,9.99990000099999e-06,9.99990000099999e-06
290300,915,915,915.0,1085.0,290300,0.00010848822902715054,0.00010848822902715054,9.99990000099999e-06,9.99990000099999e-06
290400,917,917,917.0,1083.0,290400,0.00010828827238010124,0.00010828827238010124,9.99990000099999e-06,9.99990000099999e-06
290500,918,918,918.0,1082.0,290500,0.00010818829402658634,0.00010818829402658634,9.99990000099999e-06,9.99990000099999e-06
290600,910,910,910.0,1090.0,290600,0.00010898812029488787,0.00010898812029488787,9.99990000099999e-06,9.99990000099999e-06
290700,907,908,907.0,1092.0,290700,0.00010928805481560865,0.0001091880766620285,9.99990000099999e-06,9.99990000099999e-06
290800,906,906,906.0,1094.0,290800,0.00010938803294919535,0.00010938803294919535,9.99990000099999e-06,9.99990000099999e-06
290900,904,904,904.0,1096.0,290900,0.00010958798915638846,0.00010958798915638846,9.99990000099999e-06,9.99990000099999e-06
291000,906,906,906.0,1094.0,291000,0.00010938803294919535,0.00010938803294919535,9.99990000099999e-06,9.99990000099999e-06
291100,901,901,901.0,1099.0,291100,0.00010988792331722744,0.00010988792331722744,9.99990000099999e-06,9.99990000099999e-06
291200,903,903,903.0,1097.0,291200,0.00010968796722999486,0.00010968796722999486,9.99990000099999e-06,9.99990000099999e-06
291300,906,906,906.0,1094.0,291300,0.00010938803294919535,0.00010938803294919535,9.99990000099999e-06,9.99990000099999e-06
291400,906,906,906.0,1094.0,291400,0.00010938803294919535,0.00010938803294919535,9.99990000099999e-06,9.99990000099999e-06
291500,909,909,909.0,1091.0,291500,0.00010908809848845491,0.00010908809848845491,9.99990000099999e-06,9.99990000099999e-06
291600,905,905,905.0,1095.0,291600,0.00010948801106278863,0.00010948801106278863,9.99990000099999e-06,9.99990000099999e-06
291700,907,907,907.0,1093.0,291700,0.00010928805481560865,0.00010928805481560865,9.99990000099999e-06,9.99990000099999e-06
291800,902,902,902.0,1097.0,291800,0.00010978794528360787,0.00010978794528360787,9.99990000099999e-06,9.99990000099999e-06
291900,895,895,895.0,1105.0,291900,0.00011048779109908357,0.00011048779109908357,9.99990000099999e-06,9.99990000099999e-06
292000,898,899,898.0,1102.0,292000,0.00011018785729812575,0.00011008787932448639,9.99990000099999e-06,9.99990000099999e-06
292100,906,906,906.0,1094.0,292100,0.00010938803294919535,0.00010938803294919535,9.99990000099999e-06,9.99990000099999e-06
292200,903,903,903.0,1097.0,292200,0.00010968796722999486,0.00010968796722999486,9.99990000099999e-06,9.99990000099999e-06
292300,912,912,912.0,1088.0,292300,0.00010878816384777336,0.00010878816384777336,9.99990000099999e-06,9.99990000099999e-06
292400,914,914,914.0,1086.0,292400,0.00010858820732068498,0.00010858820732068498,9.99990000099999e-06,9.99990000099999e-06
292500,919,919,919.0,1081.0,292500,0.0001080883156530779,0.0001080883156530779,9.99990000099999e-06,9.99990000099999e-06
292600,917,917,917.0,1083.0,292600,0.00010828827238010124,0.00010828827238010124,9.99990000099999e-06,9.99990000099999e-06
292700,918,918,918.0,1082.0,292700,0.00010818829402658634,0.00010818829402658634,9.99990000099999e-06,9.99990000099999e-06
292800,916,916,916.0,1084.0,292800,0.00010838825071362264,0.00010838825071362264,9.99990000099999e-06,9.99990000099999e-06
292900,919,919,919.0,1081.0,292900,0.0001080883156530779,0.0001080883156530779,9.99990000099999e-06,9.99990000099999e-06
293000,917,918,917.0,1083.0,293000,0.00010828827238010124,0.00010818829402658634,9.99990000099999e-06,9.99990000099999e-06
293100,919,919,919.0,1081.0,293100,0.0001080883156530779,0.0001080883156530779,9.99990000099999e-06,9.99990000099999e-06
293200,917,917,917.0,1083.0,293200,0.00010828827238010124,0.00010828827238010124,9.99990000099999e-06,9.99990000099999e-06
293300,920,920,920.0,1080.0,293300,0.00010798833725957598,0.00010798833725957598,9.99990000099999e-06,9.99990000099999e-06
293400,923,923,923.0,1077.0,293400,0.000107688401959109,0.000107688401959109,9.99990000099999e-06,9.99990000099999e-06
293500,916,916,916.0,1084.0,293500,0.00010838825071362264,0.00010838825071362264,9.99990000099999e-06,9.99990000099999e-06
293600,910,910,910.0,1090.0,293600,0.00010898812029488787,0.00010898812029488787,9.99990000099999e-06,9.99990000099999e-06
293700,909,909,909.0,1091.0,293700,0.00010908809848845491,0.00010908809848845491,9.99990000099999e-06,9.99990000099999e-06
293800,911,911,911.0,1089.0,293800,0.00010888814208132734,0.00010888814208132734,9.99990000099999e-06,9.99990000099999e-06
293900,916,916,916.0,1084.0,293900,0.00010838825071362264,0.00010838825071362264,9.99990000099999e-06,9.99990000099999e-06
294000,912,912,912.0,1088.0,294000,0.00010878816384777336,0.00010878816384777336,9.99990000099999e-06,9.99990000099999e-06
294100,916,916,916.0,1084.0,294100,0.00010838825071362264,0.00010838825071362264,9.99990000099999e-06,9.99990000099999e-06
294200,914,914,914.0,1086.0,294200,0.00010858820732068498,0.00010858820732068498,9.99990000099999e-06,9.99990000099999e-06
294300,915,916,916.0,1084.0,294300,0.00010848822902715054,0.00010838825071362264,9.99990000099999e-06,9.99990000099999e-06
294400,924,924,925.0,1075.0,294400,0.00010758842348563294,0.00010758842348563294,9.99990000099999e-06,9.99990000099999e-06
294500,927,927,927.0,1073.0,294500,0.00010728848794524348,0.00010728848794524348,9.99990000099999e-06,9.99990000099999e-06
294600,926,926,926.0,1074.0,294600,0.00010738846647870019,0.00010738846647870019,9.99990000099999e-06,9.99990000099999e-06
294700,927,927,927.0,1073.0,294700,0.00010728848794524348,0.00010728848794524348,9.99990000099999e-06,9.99990000099999e-06
294800,922,922,922.0,1078.0,294800,0.0001077883804125915,0.0001077883804125915,9.99990000099999e-06,9.99990000099999e-06
294900,920,920,920.0,1080.0,294900,0.00010798833725957598,0.00010798833725957598,9.99990000099999e-06,9.99990000099999e-06
295000,916,916,916.0,1084.0,295000,0.00010838825071362264,0.00010838825071362264,9.99990000099999e-06,9.99990000099999e-06
295100,924,924,924.0,1076.0,295100,0.00010758842348563294,0.00010758842348563294,9.99990000099999e-06,9.99990000099999e-06
295200,920,920,920.0,1080.0,295200,0.00010798833725957598,0.00010798833725957598,9.99990000099999e-06,9.99990000099999e-06
295300,922,922,922.0,1078.0,295300,0.0001077883804125915,0.0001077883804125915,9.99990000099999e-06,9.99990000099999e-06
295400,920,920,920.0,1080.0,295400,0.00010798833725957598,0.00010798833725957598,9.99990000099999e-06,9.99990000099999e-06
295500,918,918,918.0,1082.0,295500,0.00010818829402658634,0.00010818829402658634,9.99990000099999e-06,9.99990000099999e-06
295600,918,918,918.0,1082.0,295600,0.00010818829402658634,0.00010818829402658634,9.99990000099999e-06,9.99990000099999e-06
295700,920,920,920.0,1080.0,295700,0.00010798833725957598,0.00010798833725957598,9.99990000099999e-06,9.99990000099999e-06
295800,926,926,926.0,1074.0,295800,0.00010738846647870019,0.00010738846647870019,9.99990000099999e-06,9.99990000099999e-06
295900,927,927,927.0,1073.0,295900,0.00010728848794524348,0.00010728848794524348,9.99990000099999e-06,9.99990000099999e-06
296000,928,928,928.0,1072.0,296000,0.00010718850939179321,0.00010718850939179321,9.99990000099999e-06,9.99990000099999e-06
296100,939,939,939.0,1061.0,296100,0.00010608874398426327,0.00010608874398426327,9.99990000099999e-06,9.99990000099999e-06
296200,940,940,940.0,1060.0,296200,0.00010598876519088978,0.00010598876519088978,9.99990000099999e-06,9.99990000099999e-06
296300,939,939,939.0,1061.0,296300,0.00010608874398426327,0.00010608874398426327,9.99990000099999e-06,9.99990000099999e-06
296400,942,942,942.0,1058.0,296400,0.00010578880754416181,0.00010578880754416181,9.99990000099999e-06,9.99990000099999e-06
296500,939,939,939.0,1061.0,296500,0.00010608874398426327,0.00010608874398426327,9.99990000099999e-06,9.99990000099999e-06
296600,937,937,937.0,1063.0,296600,0.0001062887015110294,0.0001062887015110294,9.99990000099999e-06,9.99990000099999e-06
296700,940,941,940.0,1060.0,296700,0.00010598876519088978,0.00010588878637752262,9.99990000099999e-06,9.99990000099999e-06
296800,939,939,939.0,1061.0,296800,0.00010608874398426327,0.00010608874398426327,9.99990000099999e-06,9.99990000099999e-06
296900,940,940,940.0,1060.0,296900,0.00010598876519088978,0.00010598876519088978,9.99990000099999e-06,9.99990000099999e-06
297000,943,943,943.0,1057.0,297000,0.00010568882869080739,0.00010568882869080739,9.99990000099999e-06,9.99990000099999e-06
297100,948,949,949.0,1052.0,297100,0.00010518893412413015,0.00010508895515081363,9.99990000099999e-06,9.99990000099999e-06
297200,943,943,943.0,1057.0,297200,0.00010568882869080739,0.00010568882869080739,9.99990000099999e-06,9.99990000099999e-06
297300,946,946,946.0,1054.0,297300,0.00010538889201078208,0.00010538889201078208,9.99990000099999e-06,9.99990000099999e-06
297400,941,941,941.0,1059.0,297400,0.00010588878637752262,0.00010588878637752262,9.99990000099999e-06,9.99990000099999e-06
297500,943,943,943.0,1057.0,297500,0.00010568882869080739,0.00010568882869080739,9.99990000099999e-06,9.99990000099999e-06
297600,947,947,947.0,1053.0,297600,0.00010528891307745295,0.00010528891307745295,9.99990000099999e-06,9.99990000099999e-06
297700,946,946,946.0,1054.0,297700,0.00010538889201078208,0.00010538889201078208,9.99990000099999e-06,9.99990000099999e-06
297800,944,944,944.0,1056.0,297800,0.00010558884981745929,0.00010558884981745929,9.99990000099999e-06,9.99990000099999e-06
297900,941,941,941.0,1059.0,297900,0.00010588878637752262,0.00010588878637752262,9.99990000099999e-06,9.99990000099999e-06
298000,942,942,942.0,1058.0,298000,0.00010578880754416181,0.00010578880754416181,9.99990000099999e-06,9.99990000099999e-06
298100,943,943,943.0,1057.0,298100,0.00010568882869080739,0.00010568882869080739,9.99990000099999e-06,9.99990000099999e-06
298200,945,945,945.0,1055.0,298200,0.0001054888709241175,0.0001054888709241175,9.99990000099999e-06,9.99990000099999e-06
298300,942,942,942.0,1058.0,298300,0.00010578880754416181,0.00010578880754416181,9.99990000099999e-06,9.99990000099999e-06
298400,937,937,937.0,1063.0,298400,0.0001062887015110294,0.0001062887015110294,9.99990000099999e-06,9.99990000099999e-06
298500,932,932,932.0,1068.0,298500,0.00010678859497805635,0.00010678859497805635,9.99990000099999e-06,9.99990000099999e-06
298600,935,935,935.0,1065.0,298600,0.000106488658957821,0.000106488658957821,9.99990000099999e-06,9.99990000099999e-06
298700,930,930,930.0,1070.0,298700,0.00010698855222491194,0.00010698855222491194,9.99990000099999e-06,9.99990000099999e-06
298800,931,931,931.0,1069.0,298800,0.00010688857361148093,0.00010688857361148093,9.99990000099999e-06,9.99990000099999e-06
298900,930,930,930.0,1070.0,298900,0.00010698855222491194,0.00010698855222491194,9.99990000099999e-06,9.99990000099999e-06
299000,932,933,932.0,1068.0,299000,0.00010678859497805635,0.00010668861632463818,9.99990000099999e-06,9.99990000099999e-06
299100,937,937,937.0,1063.0,299100,0.0001062887015110294,0.0001062887015110294,9.99990000099999e-06,9.99990000099999e-06
299200,927,927,927.0,1073.0,299200,0.00010728848794524348,0.00010728848794524348,9.99990000099999e-06,9.99990000099999e-06
299300,927,927,927.0,1073.0,299300,0.00010728848794524348,0.00010728848794524348,9.99990000099999e-06,9.99990000099999e-06
299400,920,920,920.0,1080.0,299400,0.00010798833725957598,0.00010798833725957598,9.99990000099999e-06,9.99990000099999e-06
299500,913,914,914.0,1086.0,299500,0.00010868818559422593,0.00010858820732068498,9.99990000099999e-06,9.99990000099999e-06
299600,917,917,917.0,1083.0,299600,0.00010828827238010124,0.00010828827238010124,9.99990000099999e-06,9.99990000099999e-06
299700,917,918,917.0,1083.0,299700,0.00010828827238010124,0.00010818829402658634,9.99990000099999e-06,9.99990000099999e-06
299800,914,914,914.0,1086.0,299800,0.00010858820732068498,0.00010858820732068498,9.99990000099999e-06,9.99990000099999e-06
299900,915,915,915.0,1085.0,299900,0.00010848822902715054,0.00010848822902715054,9.99990000099999e-06,9.99990000099999e-06
300000,918,918,918.0,1082.0,300000,0.00010818829402658634,0.00010818829402658634,9.99990000099999e-06,9.99990000099999e-06
300100,921,921,921.0,1079.0,300100,0.00010788835884608052,0.00010788835884608052,9.99990000099999e-06,9.99990000099999e-06
300200,924,924,924.0,1076.0,300200,0.00010758842348563294,0.00010758842348563294,9.99990000099999e-06,9.99990000099999e-06
300300,920,920,920.0,1080.0,300300,0.00010798833725957598,0.00010798833725957598,9.99990000099999e-06,9.99990000099999e-06
300400,923,923,923.0,1077.0,300400,0.000107688401959109,0.000107688401959109,9.99990000099999e-06,9.99990000099999e-06
300500,924,924,924.0,1076.0,300500,0.00010758842348563294,0.00010758842348563294,9.99990000099999e-06,9.99990000099999e-06
300600,924,924,924.0,1076.0,300600,0.00010758842348563294,0.00010758842348563294,9.99990000099999e-06,9.99990000099999e-06
300700,927,927,927.0,1073.0,300700,0.00010728848794524348,0.00010728848794524348,9.99990000099999e-06,9.99990000099999e-06
300800,921,921,921.0,1079.0,300800,0.00010788835884608052,0.00010788835884608052,9.99990000099999e-06,9.99990000099999e-06
300900,917,917,917.0,1083.0,300900,0.00010828827238010124,0.00010828827238010124,9.99990000099999e-06,9.99990000099999e-06
301000,920,920,920.0,1080.0,301000,0.00010798833725957598,0.00010798833725957598,9.99990000099999e-06,9.99990000099999e-06
301100,920,920,920.0,1080.0,301100,0.00010798833725957598,0.00010798833725957598,9.99990000099999e-06,9.99990000099999e-06
301200,912,912,912.0,1088.0,301200,0.00010878816384777336,0.00010878816384777336,9.99990000099999e-06,9.99990000099999e-06
301300,909,910,910.0,1091.0,301300,0.00010908809848845491,0.00010898812029488787,9.99990000099999e-06,9.99990000099999e-06
301400,914,914,915.0,1085.0,301400,0.00010858820732068498,0.00010858820732068498,9.99990000099999e-06,9.99990000099999e-06
301500,917,918,918.0,1082.0,301500,0.00010828827238010124,0.00010818829402658634,9.99990000099999e-06,9.99990000099999e-06
301600,912,912,912.0,1088.0,301600,0.00010878816384777336,0.00010878816384777336,9.99990000099999e-06,9.99990000099999e-06
301700,913,913,913.0,1087.0,301700,0.00010868818559422593,0.00010868818559422593,9.99990000099999e-06,9.99990000099999e-06
301800,908,908,908.0,1092.0,301800,0.0001091880766620285,0.0001091880766620285,9.99990000099999e-06,9.99990000099999e-06
301900,909,909,909.0,1091.0,301900,0.00010908809848845491,0.00010908809848845491,9.99990000099999e-06,9.99990000099999e-06
302000,917,917,917.0,1083.0,302000,0.00010828827238010124,0.00010828827238010124,9.99990000099999e-06,9.99990000099999e-06
302100,916,916,916.0,1084.0,302100,0.00010838825071362264,0.00010838825071362264,9.99990000099999e-06,9.99990000099999e-06
302200,925,925,925.0,1075.0,302200,0.00010748844499216334,0.00010748844499216334,9.99990000099999e-06,9.99990000099999e-06
302300,929,929,929.0,1071.0,302300,0.00010708853081834937,0.00010708853081834937,9.99990000099999e-06,9.99990000099999e-06
302400,936,936,936.0,1064.0,302400,0.00010638868024442201,0.00010638868024442201,9.99990000099999e-06,9.99990000099999e-06
302500,941,941,941.0,1059.0,302500,0.00010588878637752262,0.00010588878637752262,9.99990000099999e-06,9.99990000099999e-06
302600,938,938,938.0,1062.0,302600,0.00010618872275764314,0.00010618872275764314,9.99990000099999e-06,9.99990000099999e-06
302700,935,935,935.0,1065.0,302700,0.000106488658957821,0.000106488658957821,9.99990000099999e-06,9.99990000099999e-06
302800,939,939,939.0,1061.0,302800,0.00010608874398426327,0.00010608874398426327,9.99990000099999e-06,9.99990000099999e-06
302900,942,943,943.0,1058.0,302900,0.00010578880754416181,0.00010568882869080739,9.99990000099999e-06,9.99990000099999e-06
303000,945,945,945.0,1055.0,303000,0.0001054888709241175,0.0001054888709241175,9.99990000099999e-06,9.99990000099999e-06
303100,944,944,944.0,1056.0,303100,0.00010558884981745929,0.00010558884981745929,9.99990000099999e-06,9.99990000099999e-06
303200,937,937,937.0,1063.0,303200,0.0001062887015110294,0.0001062887015110294,9.99990000099999e-06,9.99990000099999e-06
303300,943,943,943.0,1057.0,303300,0.00010568882869080739,0.00010568882869080739,9.99990000099999e-06,9.99990000099999e-06
303400,950,950,950.0,1050.0,303400,0.00010498897615750347,0.00010498897615750347,9.99990000099999e-06,9.99990000099999e-06
303500,946,946,946.0,1054.0,303500,0.00010538889201078208,0.00010538889201078208,9.99990000099999e-06,9.99990000099999e-06
303600,952,952,952.0,1048.0,303600,0.00010478901811090198,0.00010478901811090198,9.99990000099999e-06,9.99990000099999e-06
303700,961,961,961.0,1039.0,303700,0.00010388920591150579,0.00010388920591150579,9.99990000099999e-06,9.99990000099999e-06
303800,960,960,960.0,1040.0,303800,0.00010398918512474702,0.00010398918512474702,9.99990000099999e-06,9.99990000099999e-06
303900,957,957,957.0,1043.0,303900,0.00010428912264450817,0.00010428912264450817,9.99990000099999e-06,9.99990000099999e-06
304000,967,967,967.0,1033.0,304000,0.00010328933021218909,0.00010328933021218909,9.99990000099999e-06,9.99990000099999e-06
304100,973,973,973.0,1027.0,304100,0.00010268945379309543,0.00010268945379309543,9.99990000099999e-06,9.99990000099999e-06
304200,970,970,970.0,1030.0,304200,0.00010298939209261448,0.00010298939209261448,9.99990000099999e-06,9.99990000099999e-06
304300,968,968,968.0,1032.0,304300,0.00010318935085899135,0.00010318935085899135,9.99990000099999e-06,9.99990000099999e-06
304400,970,970,970.0,1030.0,304400,0.00010298939209261448,0.00010298939209261448,9.99990000099999e-06,9.99990000099999e-06
304500,983,983,983.0,1017.0,304500,0.00010168965816176495,0.00010168965816176495,9.99990000099999e-06,9.99990000099999e-06
304600,982,982,982.0,1018.0,304600,0.00010178963781487044,0.00010178963781487044,9.99990000099999e-06,9.99990000099999e-06
304700,981,981,981.0,1019.0,304700,0.00010188961744798205,0.00010188961744798205,9.99990000099999e-06,9.99990000099999e-06
304800,983,983,983.0,1017.0,304800,0.00010168965816176495,0.00010168965816176495,9.99990000099999e-06,9.99990000099999e-06
304900,993,993,993.0,1007.0,304900,0.00010068986053104453,0.00010068986053104453,9.99990000099999e-06,9.99990000099999e-06
305000,987,987,987.0,1013.0,305000,0.00010128973934940391,0.00010128973934940391,9.99990000099999e-06,9.99990000099999e-06
305100,983,983,983.0,1017.0,305100,0.00010168965816176495,0.00010168965816176495,9.99990000099999e-06,9.99990000099999e-06
305200,980,980,980.0,1020.0,305200,0.00010198959706109978,0.00010198959706109978,9.99990000099999e-06,9.99990000099999e-06
305300,979,979,979.0,1021.0,305300,0.0001020895766542236,0.0001020895766542236,9.99990000099999e-06,9.99990000099999e-06
305400,982,982,982.0,1018.0,305400,0.00010178963781487044,0.00010178963781487044,9.99990000099999e-06,9.99990000099999e-06
305500,981,981,981.0,1019.0,305500,0.00010188961744798205,0.00010188961744798205,9.99990000099999e-06,9.99990000099999e-06
305600,971,971,971.0,1029.0,305600,0.0001028894126794353,0.0001028894126794353,9.99990000099999e-06,9.99990000099999e-06
305700,976,976,976.0,1024.0,305700,0.00010238951531363188,0.00010238951531363188,9.99990000099999e-06,9.99990000099999e-06
305800,965,965,965.0,1035.0,305800,0.00010348928885860313,0.00010348928885860313,9.99990000099999e-06,9.99990000099999e-06
305900,970,970,970.0,1030.0,305900,0.00010298939209261448,0.00010298939209261448,9.99990000099999e-06,9.99990000099999e-06
306000,970,970,970.0,1030.0,306000,0.00010298939209261448,0.00010298939209261448,9.99990000099999e-06,9.99990000099999e-06
306100,980,980,980.0,1020.0,306100,0.00010198959706109978,0.00010198959706109978,9.99990000099999e-06,9.99990000099999e-06
306200,976,976,976.0,1024.0,306200,0.00010238951531363188,0.00010238951531363188,9.99990000099999e-06,9.99990000099999e-06
306300,975,975,975.0,1025.0,306300,0.00010248949482678026,0.00010248949482678026,9.99990000099999e-06,9.99990000099999e-06
306400,977,977,977.0,1023.0,306400,0.00010228953578048966,0.00010228953578048966,9.99990000099999e-06,9.99990000099999e-06
306500,974,974,974.0,1026.0,306500,0.00010258947431993479,0.00010258947431993479,9.99990000099999e-06,9.99990000099999e-06
306600,983,983,984.0,1017.0,306600,0.00010168965816176495,0.00010168965816176495,9.99990000099999e-06,9.99990000099999e-06
306700,981,981,981.0,1019.0,306700,0.00010188961744798205,0.00010188961744798205,9.99990000099999e-06,9.99990000099999e-06
306800,986,986,986.0,1014.0,306800,0.00010138971908248506,0.00010138971908248506,9.99990000099999e-06,9.99990000099999e-06
306900,977,977,977.0,1023.0,306900,0.00010228953578048966,0.00010228953578048966,9.99990000099999e-06,9.99990000099999e-06
307000,979,979,979.0,1021.0,307000,0.0001020895766542236,0.0001020895766542236,9.99990000099999e-06,9.99990000099999e-06
307100,983,983,983.0,1017.0,307100,0.00010168965816176495,0.00010168965816176495,9.99990000099999e-06,9.99990000099999e-06
307200,986,986,986.0,1014.0,307200,0.00010138971908248506,0.00010138971908248506,9.99990000099999e-06,9.99990000099999e-06
307300,986,986,986.0,1014.0,307300,0.00010138971908248506,0.00010138971908248506,9.99990000099999e-06,9.99990000099999e-06
307400,985,985,985.0,1015.0,307400,0.00010148969879557225,0.00010148969879557225,9.99990000099999e-06,9.99990000099999e-06
307500,987,987,987.0,1013.0,307500,0.00010128973934940391,0.00010128973934940391,9.99990000099999e-06,9.99990000099999e-06
307600,992,992,992.0,1008.0,307600,0.00010078984038408928,0.00010078984038408928,9.99990000099999e-06,9.99990000099999e-06
307700,988,988,988.0,1012.0,307700,0.00010118975959632885,0.00010118975959632885,9.99990000099999e-06,9.99990000099999e-06
307800,983,984,984.0,1017.0,307800,0.00010168965816176495,0.00010158967848866555,9.99990000099999e-06,9.99990000099999e-06
307900,983,983,983.0,1017.0,307900,0.00010168965816176495,0.00010168965816176495,9.99990000099999e-06,9.99990000099999e-06
308000,986,987,986.0,1013.0,308000,0.00010138971908248506,0.00010128973934940391,9.99990000099999e-06,9.99990000099999e-06
308100,997,997,997.0,1003.0,308100,0.00010028994091892584,0.00010028994091892584,9.99990000099999e-06,9.99990000099999e-06
308200,996,996,996.0,1004.0,308200,0.00010038992085194648,0.00010038992085194648,9.99990000099999e-06,9.99990000099999e-06
308300,989,989,989.0,1011.0,308300,0.00010108977982325986,0.00010108977982325986,9.99990000099999e-06,9.99990000099999e-06
308400,998,998,998.0,1002.0,308400,0.0001001899609659112,0.0001001899609659112,9.99990000099999e-06,9.99990000099999e-06
308500,991,991,991.0,1009.0,308500,0.00010088982021714009,0.00010088982021714009,9.99990000099999e-06,9.99990000099999e-06
308600,983,983,983.0,1017.0,308600,0.00010168965816176495,0.00010168965816176495,9.99990000099999e-06,9.99990000099999e-06
308700,984,984,984.0,1016.0,308700,0.00010158967848866555,0.00010158967848866555,9.99990000099999e-06,9.99990000099999e-06
308800,983,983,983.0,1017.0,308800,0.00010168965816176495,0.00010168965816176495,9.99990000099999e-06,9.99990000099999e-06
308900,981,982,982.0,1018.0,308900,0.00010188961744798205,0.00010178963781487044,9.99990000099999e-06,9.99990000099999e-06
309000,981,981,981.0,1019.0,309000,0.00010188961744798205,0.00010188961744798205,9.99990000099999e-06,9.99990000099999e-06
309100,974,974,974.0,1026.0,309100,0.00010258947431993479,0.00010258947431993479,9.99990000099999e-06,9.99990000099999e-06
309200,972,972,972.0,1028.0,309200,0.00010278943324626227,0.00010278943324626227,9.99990000099999e-06,9.99990000099999e-06
309300,967,967,967.0,1033.0,309300,0.00010328933021218909,0.00010328933021218909,9.99990000099999e-06,9.99990000099999e-06
309400,968,968,968.0,1032.0,309400,0.00010318935085899135,0.00010318935085899135,9.99990000099999e-06,9.99990000099999e-06
309500,975,975,975.0,1025.0,309500,0.00010248949482678026,0.00010248949482678026,9.99990000099999e-06,9.99990000099999e-06
309600,972,972,972.0,1028.0,309600,0.00010278943324626227,0.00010278943324626227,9.99990000099999e-06,9.99990000099999e-06
309700,973,973,973.0,1027.0,309700,0.00010268945379309543,0.00010268945379309543,9.99990000099999e-06,9.99990000099999e-06
309800,964,964,964.0,1036.0,309800,0.00010358926815181946,0.00010358926815181946,9.99990000099999e-06,9.99990000099999e-06
309900,962,962,962.0,1038.0,309900,0.0001037892266782708,0.0001037892266782708,9.99990000099999e-06,9.99990000099999e-06
310000,962,962,962.0,1038.0,310000,0.0001037892266782708,0.0001037892266782708,9.99990000099999e-06,9.99990000099999e-06
310100,966,966,966.0,1034.0,310100,0.000103389309545393,0.000103389309545393,9.99990000099999e-06,9.99990000099999e-06
310200,963,964,964.0,1036.0,310200,0.00010368924742504205,0.00010358926815181946,9.99990000099999e-06,9.99990000099999e-06
310300,970,970,970.0,1030.0,310300,0.00010298939209261448,0.00010298939209261448,9.99990000099999e-06,9.99990000099999e-06
310400,970,970,970.0,1030.0,310400,0.00010298939209261448,0.00010298939209261448,9.99990000099999e-06,9.99990000099999e-06
310500,970,970,970.0,1030.0,310500,0.00010298939209261448,0.00010298939209261448,9.99990000099999e-06,9.99990000099999e-06
310600,966,966,966.0,1034.0,310600,0.000103389309545393,0.000103389309545393,9.99990000099999e-06,9.99990000099999e-06
310700,968,968,968.0,1032.0,310700,0.00010318935085899135,0.00010318935085899135,9.99990000099999e-06,9.99990000099999e-06
310800,973,973,973.0,1027.0,310800,0.00010268945379309543,0.00010268945379309543,9.99990000099999e-06,9.99990000099999e-06
310900,966,966,966.0,1034.0,310900,0.000103389309545393,0.000103389309545393,9.99990000099999e-06,9.99990000099999e-06
311000,966,966,966.0,1034.0,311000,0.000103389309545393,0.000103389309545393,9.99990000099999e-06,9.99990000099999e-06
311100,962,962,962.0,1038.0,311100,0.0001037892266782708,0.0001037892266782708,9.99990000099999e-06,9.99990000099999e-06
311200,964,964,965.0,1036.0,311200,0.00010358926815181946,0.00010358926815181946,9.99990000099999e-06,9.99990000099999e-06
311300,965,965,966.0,1034.0,311300,0.00010348928885860313,0.00010348928885860313,9.99990000099999e-06,9.99990000099999e-06
311400,969,969,969.0,1031.0,311400,0.0001030893714857998,0.0001030893714857998,9.99990000099999e-06,9.99990000099999e-06
311500,966,966,966.0,1034.0,311500,0.000103389309545393,0.000103389309545393,9.99990000099999e-06,9.99990000099999e-06
311600,965,965,964.0,1035.0,311600,0.00010348928885860313,0.00010348928885860313,9.99990000099999e-06,9.99990000099999e-06
311700,969,969,969.0,1031.0,311700,0.0001030893714857998,0.0001030893714857998,9.99990000099999e-06,9.99990000099999e-06
311800,977,977,977.0,1023.0,311800,0.00010228953578048966,0.00010228953578048966,9.99990000099999e-06,9.99990000099999e-06
311900,982,982,982.0,1018.0,311900,0.00010178963781487044,0.00010178963781487044,9.99990000099999e-06,9.99990000099999e-06
312000,979,979,979.0,1021.0,312000,0.0001020895766542236,0.0001020895766542236,9.99990000099999e-06,9.99990000099999e-06
312100,979,979,979.0,1021.0,312100,0.0001020895766542236,0.0001020895766542236,9.99990000099999e-06,9.99990000099999e-06
312200,985,986,985.0,1015.0,312200,0.00010148969879557225,0.00010138971908248506,9.99990000099999e-06,9.99990000099999e-06
312300,981,981,981.0,1019.0,312300,0.00010188961744798205,0.00010188961744798205,9.99990000099999e-06,9.99990000099999e-06
312400,995,995,995.0,1005.0,312400,0.00010048990076497312,0.00010048990076497312,9.99990000099999e-06,9.99990000099999e-06
312500,998,998,1002.0,998.0,312500,0.0001001899609659112,0.0001001899609659112,9.99990000099999e-06,9.99990000099999e-06
312600,995,995,1005.0,995.0,312600,0.00010048990076497312,0.00010048990076497312,9.99990000099999e-06,9.99990000099999e-06
312700,995,994,1005.0,995.0,312700,0.00010048990076497312,0.00010058988065800582,9.99990000099999e-06,9.99990000099999e-06
312800,990,990,1010.0,990.0,312800,0.00010098980003019696,0.00010098980003019696,9.99990000099999e-06,9.99990000099999e-06
312900,988,988,1012.0,988.0,312900,0.00010118975959632885,0.00010118975959632885,9.99990000099999e-06,9.99990000099999e-06
313000,993,993,1007.0,993.0,313000,0.00010068986053104453,0.00010068986053104453,9.99990000099999e-06,9.99990000099999e-06
313100,991,991,1009.0,991.0,313100,0.00010088982021714009,0.00010088982021714009,9.99990000099999e-06,9.99990000099999e-06
313200,987,987,1013.0,987.0,313200,0.00010128973934940391,0.00010128973934940391,9.99990000099999e-06,9.99990000099999e-06
313300,987,987,1013.0,987.0,313300,0.00010128973934940391,0.00010128973934940391,9.99990000099999e-06,9.99990000099999e-06
313400,981,981,1019.0,981.0,313400,0.00010188961744798205,0.00010188961744798205,9.99990000099999e-06,9.99990000099999e-06
313500,986,986,1014.0,986.0,313500,0.00010138971908248506,0.00010138971908248506,9.99990000099999e-06,9.99990000099999e-06
313600,987,987,1013.0,987.0,313600,0.00010128973934940391,0.00010128973934940391,9.99990000099999e-06,9.99990000099999e-06
313700,989,989,1011.0,989.0,313700,0.00010108977982325986,0.00010108977982325986,9.99990000099999e-06,9.99990000099999e-06
313800,991,990,1010.0,990.0,313800,0.00010088982021714009,0.00010098980003019696,9.99990000099999e-06,9.99990000099999e-06
313900,980,980,1020.0,980.0,313900,0.00010198959706109978,0.00010198959706109978,9.99990000099999e-06,9.99990000099999e-06
314000,980,980,1019.0,981.0,314000,0.00010198959706109978,0.00010198959706109978,9.99990000099999e-06,9.99990000099999e-06
314100,981,981,1019.0,981.0,314100,0.00010188961744798205,0.00010188961744798205,9.99990000099999e-06,9.99990000099999e-06
314200,977,977,1023.0,977.0,314200,0.00010228953578048966,0.00010228953578048966,9.99990000099999e-06,9.99990000099999e-06
314300,977,976,1023.0,976.0,314300,0.00010228953578048966,0.00010238951531363188,9.99990000099999e-06,9.99990000099999e-06
314400,973,973,1027.0,973.0,314400,0.00010268945379309543,0.00010268945379309543,9.99990000099999e-06,9.99990000099999e-06
314500,976,976,1024.0,976.0,314500,0.00010238951531363188,0.00010238951531363188,9.99990000099999e-06,9.99990000099999e-06
314600,975,975,1025.0,975.0,314600,0.00010248949482678026,0.00010248949482678026,9.99990000099999e-06,9.99990000099999e-06
314700,976,976,1024.0,976.0,314700,0.00010238951531363188,0.00010238951531363188,9.99990000099999e-06,9.99990000099999e-06
314800,979,979,1021.0,979.0,314800,0.0001020895766542236,0.0001020895766542236,9.99990000099999e-06,9.99990000099999e-06
314900,981,981,1019.0,981.0,314900,0.00010188961744798205,0.00010188961744798205,9.99990000099999e-06,9.99990000099999e-06
315000,977,976,1023.0,976.0,315000,0.00010228953578048966,0.00010238951531363188,9.99990000099999e-06,9.99990000099999e-06
315100,973,973,1027.0,973.0,315100,0.00010268945379309543,0.00010268945379309543,9.99990000099999e-06,9.99990000099999e-06
315200,973,973,1027.0,973.0,315200,0.00010268945379309543,0.00010268945379309543,9.99990000099999e-06,9.99990000099999e-06
315300,969,969,1031.0,969.0,315300,0.0001030893714857998,0.0001030893714857998,9.99990000099999e-06,9.99990000099999e-06
315400,967,967,1033.0,967.0,315400,0.00010328933021218909,0.00010328933021218909,9.99990000099999e-06,9.99990000099999e-06
315500,962,961,1038.0,962.0,315500,0.0001037892266782708,0.00010388920591150579,9.99990000099999e-06,9.99990000099999e-06
315600,962,962,1038.0,962.0,315600,0.0001037892266782708,0.0001037892266782708,9.99990000099999e-06,9.99990000099999e-06
315700,965,965,1035.0,965.0,315700,0.00010348928885860313,0.00010348928885860313,9.99990000099999e-06,9.99990000099999e-06
315800,959,959,1041.0,959.0,315800,0.0001040891643179945,0.0001040891643179945,9.99990000099999e-06,9.99990000099999e-06
315900,961,961,1039.0,961.0,315900,0.00010388920591150579,0.00010388920591150579,9.99990000099999e-06,9.99990000099999e-06
316000,962,962,1038.0,962.0,316000,0.0001037892266782708,0.0001037892266782708,9.99990000099999e-06,9.99990000099999e-06
316100,959,959,1041.0,959.0,316100,0.0001040891643179945,0.0001040891643179945,9.99990000099999e-06,9.99990000099999e-06
316200,955,955,1044.0,955.0,316200,0.0001044890808910469,0.0001044890808910469,9.99990000099999e-06,9.99990000099999e-06
316300,956,956,1044.0,956.0,316300,0.0001043891017777744,0.0001043891017777744,9.99990000099999e-06,9.99990000099999e-06
316400,956,956,1044.0,956.0,316400,0.0001043891017777744,0.0001043891017777744,9.99990000099999e-06,9.99990000099999e-06
316500,959,959,1041.0,959.0,316500,0.0001040891643179945,0.0001040891643179945,9.99990000099999e-06,9.99990000099999e-06
316600,968,968,1032.0,968.0,316600,0.00010318935085899135,0.00010318935085899135,9.99990000099999e-06,9.99990000099999e-06
316700,971,970,1029.0,971.0,316700,0.0001028894126794353,0.00010298939209261448,9.99990000099999e-06,9.99990000099999e-06
316800,972,972,1028.0,972.0,316800,0.00010278943324626227,0.00010278943324626227,9.99990000099999e-06,9.99990000099999e-06
316900,974,973,1026.0,974.0,316900,0.00010258947431993479,0.00010268945379309543,9.99990000099999e-06,9.99990000099999e-06
317000,980,979,1020.0,980.0,317000,0.00010198959706109978,0.0001020895766542236,9.99990000099999e-06,9.99990000099999e-06
317100,980,980,1020.0,980.0,317100,0.00010198959706109978,0.00010198959706109978,9.99990000099999e-06,9.99990000099999e-06
317200,980,980,1020.0,980.0,317200,0.00010198959706109978,0.00010198959706109978,9.99990000099999e-06,9.99990000099999e-06
317300,974,974,1026.0,974.0,317300,0.00010258947431993479,0.00010258947431993479,9.99990000099999e-06,9.99990000099999e-06
317400,977,977,1023.0,977.0,317400,0.00010228953578048966,0.00010228953578048966,9.99990000099999e-06,9.99990000099999e-06
317500,979,979,1020.0,979.0,317500,0.0001020895766542236,0.0001020895766542236,9.99990000099999e-06,9.99990000099999e-06
317600,980,979,1021.0,980.0,317600,0.00010198959706109978,0.0001020895766542236,9.99990000099999e-06,9.99990000099999e-06
317700,977,977,1022.0,977.0,317700,0.00010228953578048966,0.00010228953578048966,9.99990000099999e-06,9.99990000099999e-06
317800,973,973,1027.0,973.0,317800,0.00010268945379309543,0.00010268945379309543,9.99990000099999e-06,9.99990000099999e-06
317900,975,975,1025.0,974.0,317900,0.00010248949482678026,0.00010248949482678026,9.99990000099999e-06,9.99990000099999e-06
318000,978,978,1022.0,978.0,318000,0.00010218955622735357,0.00010218955622735357,9.99990000099999e-06,9.99990000099999e-06
318100,975,975,1025.0,975.0,318100,0.00010248949482678026,0.00010248949482678026,9.99990000099999e-06,9.99990000099999e-06
318200,979,979,1021.0,979.0,318200,0.0001020895766542236,0.0001020895766542236,9.99990000099999e-06,9.99990000099999e-06
318300,976,976,1024.0,976.0,318300,0.00010238951531363188,0.00010238951531363188,9.99990000099999e-06,9.99990000099999e-06
318400,977,977,1023.0,977.0,318400,0.00010228953578048966,0.00010228953578048966,9.99990000099999e-06,9.99990000099999e-06
318500,976,977,1024.0,976.0,318500,0.00010238951531363188,0.00010228953578048966,9.99990000099999e-06,9.99990000099999e-06
318600,978,978,1022.0,978.0,318600,0.00010218955622735357,0.00010218955622735357,9.99990000099999e-06,9.99990000099999e-06
318700,974,974,1025.0,975.0,318700,0.00010258947431993479,0.00010258947431993479,9.99990000099999e-06,9.99990000099999e-06
318800,969,969,1031.0,969.0,318800,0.0001030893714857998,0.0001030893714857998,9.99990000099999e-06,9.99990000099999e-06
318900,967,967,1033.0,967.0,318900,0.00010328933021218909,0.00010328933021218909,9.99990000099999e-06,9.99990000099999e-06
319000,973,973,1027.0,972.0,319000,0.00010268945379309543,0.00010268945379309543,9.99990000099999e-06,9.99990000099999e-06
319100,977,977,1023.0,977.0,319100,0.00010228953578048966,0.00010228953578048966,9.99990000099999e-06,9.99990000099999e-06
319200,982,982,1018.0,981.0,319200,0.00010178963781487044,0.00010178963781487044,9.99990000099999e-06,9.99990000099999e-06
319300,984,984,1016.0,984.0,319300,0.00010158967848866555,0.00010158967848866555,9.99990000099999e-06,9.99990000099999e-06
319400,993,993,1007.0,993.0,319400,0.00010068986053104453,0.00010068986053104453,9.99990000099999e-06,9.99990000099999e-06
319500,988,988,1012.0,988.0,319500,0.00010118975959632885,0.00010118975959632885,9.99990000099999e-06,9.99990000099999e-06
319600,993,993,1007.0,993.0,319600,0.00010068986053104453,0.00010068986053104453,9.99990000099999e-06,9.99990000099999e-06
319700,995,995,1005.0,995.0,319700,0.00010048990076497312,0.00010048990076497312,9.99990000099999e-06,9.99990000099999e-06
319800,983,983,1017.0,984.0,319800,0.00010168965816176495,0.00010168965816176495,9.99990000099999e-06,9.99990000099999e-06
319900,988,987,1012.0,988.0,319900,0.00010118975959632885,0.00010128973934940391,9.99990000099999e-06,9.99990000099999e-06
320000,982,982,1018.0,982.0,320000,0.00010178963781487044,0.00010178963781487044,9.99990000099999e-06,9.99990000099999e-06
320100,980,980,1020.0,980.0,320100,0.00010198959706109978,0.00010198959706109978,9.99990000099999e-06,9.99990000099999e-06
320200,985,985,1015.0,985.0,320200,0.00010148969879557225,0.00010148969879557225,9.99990000099999e-06,9.99990000099999e-06
320300,987,987,1013.0,987.0,320300,0.00010128973934940391,0.00010128973934940391,9.99990000099999e-06,9.99990000099999e-06
320400,995,995,1005.0,995.0,320400,0.00010048990076497312,0.00010048990076497312,9.99990000099999e-06,9.99990000099999e-06
320500,998,998,1002.0,998.0,320500,0.0001001899609659112,0.0001001899609659112,9.99990000099999e-06,9.99990000099999e-06
320600,1000,1000,1000.0,1000.0,320600,9.999000099990002e-05,9.999000099990002e-05,9.99990000099999e-06,9.99990000099999e-06
320700,997,997,1003.0,997.0,320700,0.00010028994091892584,0.00010028994091892584,9.99990000099999e-06,9.99990000099999e-06
320800,1000,1000,1000.0,1000.0,320800,9.999000099990002e-05,9.999000099990002e-05,9.99990000099999e-06,9.99990000099999e-06
320900,1000,999,1000.0,1000.0,320900,9.999000099990002e-05,0.0001000899809929026,9.99990000099999e-06,9.99990000099999e-06
321000,995,995,995.0,1005.0,321000,0.00010048990076497312,0.00010048990076497312,9.99990000099999e-06,9.99990000099999e-06
321100,986,987,987.0,1013.0,321100,0.00010138971908248506,0.00010128973934940391,9.99990000099999e-06,9.99990000099999e-06
321200,990,990,990.0,1010.0,321200,0.00010098980003019696,0.00010098980003019696,9.99990000099999e-06,9.99990000099999e-06
321300,989,989,989.0,1011.0,321300,0.00010108977982325986,0.00010108977982325986,9.99990000099999e-06,9.99990000099999e-06
321400,986,986,986.0,1014.0,321400,0.00010138971908248506,0.00010138971908248506,9.99990000099999e-06,9.99990000099999e-06
321500,985,985,985.0,1015.0,321500,0.00010148969879557225,0.00010148969879557225,9.99990000099999e-06,9.99990000099999e-06
321600,985,985,985.0,1015.0,321600,0.00010148969879557225,0.00010148969879557225,9.99990000099999e-06,9.99990000099999e-06
321700,985,985,985.0,1015.0,321700,0.00010148969879557225,0.00010148969879557225,9.99990000099999e-06,9.99990000099999e-06
321800,978,978,978.0,1022.0,321800,0.00010218955622735357,0.00010218955622735357,9.99990000099999e-06,9.99990000099999e-06
321900,981,981,981.0,1019.0,321900,0.00010188961744798205,0.00010188961744798205,9.99990000099999e-06,9.99990000099999e-06
322000,989,990,990.0,1011.0,322000,0.00010108977982325986,0.00010098980003019696,9.99990000099999e-06,9.99990000099999e-06
322100,993,993,993.0,1007.0,322100,0.00010068986053104453,0.00010068986053104453,9.99990000099999e-06,9.99990000099999e-06
322200,983,983,984.0,1017.0,322200,0.00010168965816176495,0.00010168965816176495,9.99990000099999e-06,9.99990000099999e-06
322300,982,982,982.0,1018.0,322300,0.00010178963781487044,0.00010178963781487044,9.99990000099999e-06,9.99990000099999e-06
322400,974,974,974.0,1026.0,322400,0.00010258947431993479,0.00010258947431993479,9.99990000099999e-06,9.99990000099999e-06
322500,960,960,960.0,1040.0,322500,0.00010398918512474702,0.00010398918512474702,9.99990000099999e-06,9.99990000099999e-06
322600,957,957,957.0,1043.0,322600,0.00010428912264450817,0.00010428912264450817,9.99990000099999e-06,9.99990000099999e-06
322700,960,961,961.0,1039.0,322700,0.00010398918512474702,0.00010388920591150579,9.99990000099999e-06,9.99990000099999e-06
322800,957,957,957.0,1043.0,322800,0.00010428912264450817,0.00010428912264450817,9.99990000099999e-06,9.99990000099999e-06
322900,958,959,958.0,1042.0,322900,0.00010418914349124821,0.0001040891643179945,9.99990000099999e-06,9.99990000099999e-06
323000,959,959,959.0,1041.0,323000,0.0001040891643179945,0.0001040891643179945,9.99990000099999e-06,9.99990000099999e-06
323100,962,962,962.0,1039.0,323100,0.0001037892266782708,0.0001037892266782708,9.99990000099999e-06,9.99990000099999e-06
323200,962,962,962.0,1038.0,323200,0.0001037892266782708,0.0001037892266782708,9.99990000099999e-06,9.99990000099999e-06
323300,965,965,965.0,1035.0,323300,0.00010348928885860313,0.00010348928885860313,9.99990000099999e-06,9.99990000099999e-06
323400,961,961,961.0,1039.0,323400,0.00010388920591150579,0.00010388920591150579,9.99990000099999e-06,9.99990000099999e-06
323500,954,954,954.0,1046.0,323500,0.00010458905998432565,0.00010458905998432565,9.99990000099999e-06,9.99990000099999e-06
323600,966,966,966.0,1034.0,323600,0.000103389309545393,0.000103389309545393,9.99990000099999e-06,9.99990000099999e-06
323700,964,964,964.0,1036.0,323700,0.00010358926815181946,0.00010358926815181946,9.99990000099999e-06,9.99990000099999e-06
323800,964,964,964.0,1036.0,323800,0.00010358926815181946,0.00010358926815181946,9.99990000099999e-06,9.99990000099999e-06
323900,965,965,965.0,1035.0,323900,0.00010348928885860313,0.00010348928885860313,9.99990000099999e-06,9.99990000099999e-06
324000,969,969,969.0,1031.0,324000,0.0001030893714857998,0.0001030893714857998,9.99990000099999e-06,9.99990000099999e-06
324100,966,966,966.0,1034.0,324100,0.000103389309545393,0.000103389309545393,9.99990000099999e-06,9.99990000099999e-06
324200,967,967,967.0,1033.0,324200,0.00010328933021218909,0.00010328933021218909,9.99990000099999e-06,9.99990000099999e-06
324300,965,965,965.0,1035.0,324300,0.00010348928885860313,0.00010348928885860313,9.99990000099999e-06,9.99990000099999e-06
324400,962,962,962.0,1038.0,324400,0.0001037892266782708,0.0001037892266782708,9.99990000099999e-06,9.99990000099999e-06
324500,956,956,956.0,1044.0,324500,0.0001043891017777744,0.0001043891017777744,9.99990000099999e-06,9.99990000099999e-06
324600,949,949,949.0,1051.0,324600,0.00010508895515081363,0.00010508895515081363,9.99990000099999e-06,9.99990000099999e-06
324700,952,952,952.0,1048.0,324700,0.00010478901811090198,0.00010478901811090198,9.99990000099999e-06,9.99990000099999e-06
324800,955,955,955.0,1045.0,324800,0.0001044890808910469,0.0001044890808910469,9.99990000099999e-06,9.99990000099999e-06
324900,949,949,949.0,1051.0,324900,0.00010508895515081363,0.00010508895515081363,9.99990000099999e-06,9.99990000099999e-06
325000,946,946,946.0,1054.0,325000,0.00010538889201078208,0.00010538889201078208,9.99990000099999e-06,9.99990000099999e-06
325100,950,950,950.0,1050.0,325100,0.00010498897615750347,0.00010498897615750347,9.99990000099999e-06,9.99990000099999e-06
325200,945,945,945.0,1055.0,325200,0.0001054888709241175,0.0001054888709241175,9.99990000099999e-06,9.99990000099999e-06
325300,954,954,953.0,1046.0,325300,0.00010458905998432565,0.00010458905998432565,9.99990000099999e-06,9.99990000099999e-06
325400,947,947,947.0,1053.0,325400,0.00010528891307745295,0.00010528891307745295,9.99990000099999e-06,9.99990000099999e-06
325500,943,943,943.0,1057.0,325500,0.00010568882869080739,0.00010568882869080739,9.99990000099999e-06,9.99990000099999e-06
325600,950,950,950.0,1050.0,325600,0.00010498897615750347,0.00010498897615750347,9.99990000099999e-06,9.99990000099999e-06
325700,945,945,945.0,1055.0,325700,0.0001054888709241175,0.0001054888709241175,9.99990000099999e-06,9.99990000099999e-06
325800,937,937,937.0,1063.0,325800,0.0001062887015110294,0.0001062887015110294,9.99990000099999e-06,9.99990000099999e-06
325900,941,941,941.0,1059.0,325900,0.00010588878637752262,0.00010588878637752262,9.99990000099999e-06,9.99990000099999e-06
326000,940,940,940.0,1060.0,326000,0.00010598876519088978,0.00010598876519088978,9.99990000099999e-06,9.99990000099999e-06
326100,947,947,947.0,1053.0,326100,0.00010528891307745295,0.00010528891307745295,9.99990000099999e-06,9.99990000099999e-06
326200,945,945,945.0,1055.0,326200,0.0001054888709241175,0.0001054888709241175,9.99990000099999e-06,9.99990000099999e-06
326300,934,934,934.0,1066.0,326300,0.00010658863765122638,0.00010658863765122638,9.99990000099999e-06,9.99990000099999e-06
326400,942,942,942.0,1058.0,326400,0.00010578880754416181,0.00010578880754416181,9.99990000099999e-06,9.99990000099999e-06
326500,938,938,938.0,1062.0,326500,0.00010618872275764314,0.00010618872275764314,9.99990000099999e-06,9.99990000099999e-06
326600,937,937,937.0,1063.0,326600,0.0001062887015110294,0.0001062887015110294,9.99990000099999e-06,9.99990000099999e-06
326700,927,927,927.0,1074.0,326700,0.00010728848794524348,0.00010728848794524348,9.99990000099999e-06,9.99990000099999e-06
326800,925,925,925.0,1076.0,326800,0.00010748844499216334,0.00010748844499216334,9.99990000099999e-06,9.99990000099999e-06
326900,923,923,923.0,1077.0,326900,0.000107688401959109,0.000107688401959109,9.99990000099999e-06,9.99990000099999e-06
327000,926,926,926.0,1074.0,327000,0.00010738846647870019,0.00010738846647870019,9.99990000099999e-06,9.99990000099999e-06
327100,919,920,920.0,1081.0,327100,0.0001080883156530779,0.00010798833725957598,9.99990000099999e-06,9.99990000099999e-06
327200,914,914,914.0,1086.0,327200,0.00010858820732068498,0.00010858820732068498,9.99990000099999e-06,9.99990000099999e-06
327300,914,914,914.0,1086.0,327300,0.00010858820732068498,0.00010858820732068498,9.99990000099999e-06,9.99990000099999e-06
327400,923,923,923.0,1077.0,327400,0.000107688401959109,0.000107688401959109,9.99990000099999e-06,9.99990000099999e-06
327500,922,922,922.0,1078.0,327500,0.0001077883804125915,0.0001077883804125915,9.99990000099999e-06,9.99990000099999e-06
327600,931,931,931.0,1069.0,327600,0.00010688857361148093,0.00010688857361148093,9.99990000099999e-06,9.99990000099999e-06
327700,941,941,941.0,1059.0,327700,0.00010588878637752262,0.00010588878637752262,9.99990000099999e-06,9.99990000099999e-06
327800,945,945,945.0,1055.0,327800,0.0001054888709241175,0.0001054888709241175,9.99990000099999e-06,9.99990000099999e-06
327900,949,949,949.0,1051.0,327900,0.00010508895515081363,0.00010508895515081363,9.99990000099999e-06,9.99990000099999e-06
328000,950,950,950.0,1049.0,328000,0.00010498897615750347,0.00010498897615750347,9.99990000099999e-06,9.99990000099999e-06
328100,941,941,941.0,1059.0,328100,0.00010588878637752262,0.00010588878637752262,9.99990000099999e-06,9.99990000099999e-06
328200,941,941,941.0,1059.0,328200,0.00010588878637752262,0.00010588878637752262,9.99990000099999e-06,9.99990000099999e-06
328300,941,941,941.0,1059.0,328300,0.00010588878637752262,0.00010588878637752262,9.99990000099999e-06,9.99990000099999e-06
328400,945,946,945.0,1055.0,328400,0.0001054888709241175,0.00010538889201078208,9.99990000099999e-06,9.99990000099999e-06
328500,945,945,945.0,1055.0,328500,0.0001054888709241175,0.0001054888709241175,9.99990000099999e-06,9.99990000099999e-06
328600,947,947,947.0,1053.0,328600,0.00010528891307745295,0.00010528891307745295,9.99990000099999e-06,9.99990000099999e-06
328700,948,948,948.0,1052.0,328700,0.00010518893412413015,0.00010518893412413015,9.99990000099999e-06,9.99990000099999e-06
328800,946,946,946.0,1054.0,328800,0.00010538889201078208,0.00010538889201078208,9.99990000099999e-06,9.99990000099999e-06
328900,956,957,956.0,1044.0,328900,0.0001043891017777744,0.00010428912264450817,9.99990000099999e-06,9.99990000099999e-06
329000,953,953,953.0,1047.0,329000,0.00010468903905761067,0.00010468903905761067,9.99990000099999e-06,9.99990000099999e-06
329100,956,956,956.0,1044.0,329100,0.0001043891017777744,0.0001043891017777744,9.99990000099999e-06,9.99990000099999e-06
329200,948,948,948.0,1052.0,329200,0.00010518893412413015,0.00010518893412413015,9.99990000099999e-06,9.99990000099999e-06
329300,947,947,947.0,1053.0,329300,0.00010528891307745295,0.00010528891307745295,9.99990000099999e-06,9.99990000099999e-06
329400,952,952,952.0,1048.0,329400,0.00010478901811090198,0.00010478901811090198,9.99990000099999e-06,9.99990000099999e-06
329500,949,950,950.0,1050.0,329500,0.00010508895515081363,0.00010498897615750347,9.99990000099999e-06,9.99990000099999e-06
329600,949,949,949.0,1051.0,329600,0.00010508895515081363,0.00010508895515081363,9.99990000099999e-06,9.99990000099999e-06
329700,951,951,951.0,1049.0,329700,0.00010488899714419958,0.00010488899714419958,9.99990000099999e-06,9.99990000099999e-06
329800,953,954,953.0,1047.0,329800,0.00010468903905761067,0.00010458905998432565,9.99990000099999e-06,9.99990000099999e-06
329900,949,950,949.0,1050.0,329900,0.00010508895515081363,0.00010498897615750347,9.99990000099999e-06,9.99990000099999e-06
330000,950,950,950.0,1050.0,330000,0.00010498897615750347,0.00010498897615750347,9.99990000099999e-06,9.99990000099999e-06
330100,945,945,945.0,1055.0,330100,0.0001054888709241175,0.0001054888709241175,9.99990000099999e-06,9.99990000099999e-06
330200,944,944,944.0,1055.0,330200,0.00010558884981745929,0.00010558884981745929,9.99990000099999e-06,9.99990000099999e-06
330300,949,949,949.0,1051.0,330300,0.00010508895515081363,0.00010508895515081363,9.99990000099999e-06,9.99990000099999e-06
330400,951,951,951.0,1049.0,330400,0.00010488899714419958,0.00010488899714419958,9.99990000099999e-06,9.99990000099999e-06
330500,955,955,955.0,1045.0,330500,0.0001044890808910469,0.0001044890808910469,9.99990000099999e-06,9.99990000099999e-06
330600,961,961,961.0,1039.0,330600,0.00010388920591150579,0.00010388920591150579,9.99990000099999e-06,9.99990000099999e-06
330700,968,968,968.0,1032.0,330700,0.00010318935085899135,0.00010318935085899135,9.99990000099999e-06,9.99990000099999e-06
330800,962,962,962.0,1038.0,330800,0.0001037892266782708,0.0001037892266782708,9.99990000099999e-06,9.99990000099999e-06
330900,966,966,966.0,1034.0,330900,0.000103389309545393,0.000103389309545393,9.99990000099999e-06,9.99990000099999e-06
331000,977,977,977.0,1024.0,331000,0.00010228953578048966,0.00010228953578048966,9.99990000099999e-06,9.99990000099999e-06
331100,982,982,982.0,1018.0,331100,0.00010178963781487044,0.00010178963781487044,9.99990000099999e-06,9.99990000099999e-06
331200,984,984,984.0,1016.0,331200,0.00010158967848866555,0.00010158967848866555,9.99990000099999e-06,9.99990000099999e-06
331300,986,987,987.0,1014.0,331300,0.00010138971908248506,0.00010128973934940391,9.99990000099999e-06,9.99990000099999e-06
331400,984,984,984.0,1016.0,331400,0.00010158967848866555,0.00010158967848866555,9.99990000099999e-06,9.99990000099999e-06
331500,986,986,986.0,1014.0,331500,0.00010138971908248506,0.00010138971908248506,9.99990000099999e-06,9.99990000099999e-06
331600,983,983,983.0,1017.0,331600,0.00010168965816176495,0.00010168965816176495,9.99990000099999e-06,9.99990000099999e-06
331700,979,979,979.0,1021.0,331700,0.0001020895766542236,0.0001020895766542236,9.99990000099999e-06,9.99990000099999e-06
331800,986,987,986.0,1013.0,331800,0.00010138971908248506,0.00010128973934940391,9.99990000099999e-06,9.99990000099999e-06
331900,992,992,992.0,1008.0,331900,0.00010078984038408928,0.00010078984038408928,9.99990000099999e-06,9.99990000099999e-06
332000,991,991,991.0,1009.0,332000,0.00010088982021714009,0.00010088982021714009,9.99990000099999e-06,9.99990000099999e-06
332100,996,997,996.0,1003.0,332100,0.00010038992085194648,0.00010028994091892584,9.99990000099999e-06,9.99990000099999e-06
332200,998,998,1002.0,998.0,332200,0.0001001899609659112,0.0001001899609659112,9.99990000099999e-06,9.99990000099999e-06
332300,997,997,1003.0,997.0,332300,0.00010028994091892584,0.00010028994091892584,9.99990000099999e-06,9.99990000099999e-06
332400,992,992,1008.0,992.0,332400,0.00010078984038408928,0.00010078984038408928,9.99990000099999e-06,9.99990000099999e-06
332500,992,991,1008.0,992.0,332500,0.00010078984038408928,0.00010088982021714009,9.99990000099999e-06,9.99990000099999e-06
332600,985,985,1015.0,985.0,332600,0.00010148969879557225,0.00010148969879557225,9.99990000099999e-06,9.99990000099999e-06
332700,983,983,1017.0,983.0,332700,0.00010168965816176495,0.00010168965816176495,9.99990000099999e-06,9.99990000099999e-06
332800,986,986,1014.0,986.0,332800,0.00010138971908248506,0.00010138971908248506,9.99990000099999e-06,9.99990000099999e-06
332900,990,990,1010.0,990.0,332900,0.00010098980003019696,0.00010098980003019696,9.99990000099999e-06,9.99990000099999e-06
333000,984,983,1016.0,983.0,333000,0.00010158967848866555,0.00010168965816176495,9.99990000099999e-06,9.99990000099999e-06
333100,992,992,1008.0,992.0,333100,0.00010078984038408928,0.00010078984038408928,9.99990000099999e-06,9.99990000099999e-06
333200,994,994,1006.0,994.0,333200,0.00010058988065800582,0.00010058988065800582,9.99990000099999e-06,9.99990000099999e-06
333300,994,994,1006.0,994.0,333300,0.00010058988065800582,0.00010058988065800582,9.99990000099999e-06,9.99990000099999e-06
333400,994,993,1007.0,993.0,333400,0.00010058988065800582,0.00010068986053104453,9.99990000099999e-06,9.99990000099999e-06
333500,987,987,1013.0,987.0,333500,0.00010128973934940391,0.00010128973934940391,9.99990000099999e-06,9.99990000099999e-06
333600,975,975,1025.0,975.0,333600,0.00010248949482678026,0.00010248949482678026,9.99990000099999e-06,9.99990000099999e-06
333700,967,967,1033.0,967.0,333700,0.00010328933021218909,0.00010328933021218909,9.99990000099999e-06,9.99990000099999e-06
333800,969,969,1031.0,969.0,333800,0.0001030893714857998,0.0001030893714857998,9.99990000099999e-06,9.99990000099999e-06
333900,966,966,1034.0,966.0,333900,0.000103389309545393,0.000103389309545393,9.99990000099999e-06,9.99990000099999e-06
334000,977,977,1023.0,977.0,334000,0.00010228953578048966,0.00010228953578048966,9.99990000099999e-06,9.99990000099999e-06
334100,981,981,1019.0,981.0,334100,0.00010188961744798205,0.00010188961744798205,9.99990000099999e-06,9.99990000099999e-06
334200,973,973,1027.0,973.0,334200,0.00010268945379309543,0.00010268945379309543,9.99990000099999e-06,9.99990000099999e-06
334300,982,982,1018.0,982.0,334300,0.00010178963781487044,0.00010178963781487044,9.99990000099999e-06,9.99990000099999e-06
334400,968,968,1032.0,968.0,334400,0.00010318935085899135,0.00010318935085899135,9.99990000099999e-06,9.99990000099999e-06
334500,970,970,1030.0,970.0,334500,0.00010298939209261448,0.00010298939209261448,9.99990000099999e-06,9.99990000099999e-06
334600,970,970,1030.0,970.0,334600,0.00010298939209261448,0.00010298939209261448,9.99990000099999e-06,9.99990000099999e-06
334700,974,974,1026.0,974.0,334700,0.00010258947431993479,0.00010258947431993479,9.99990000099999e-06,9.99990000099999e-06
334800,967,966,1034.0,966.0,334800,0.00010328933021218909,0.000103389309545393,9.99990000099999e-06,9.99990000099999e-06
334900,974,974,1026.0,974.0,334900,0.00010258947431993479,0.00010258947431993479,9.99990000099999e-06,9.99990000099999e-06
335000,971,971,1029.0,971.0,335000,0.0001028894126794353,0.0001028894126794353,9.99990000099999e-06,9.99990000099999e-06
335100,972,971,1028.0,971.0,335100,0.00010278943324626227,0.0001028894126794353,9.99990000099999e-06,9.99990000099999e-06
335200,973,973,1027.0,973.0,335200,0.00010268945379309543,0.00010268945379309543,9.99990000099999e-06,9.99990000099999e-06
335300,974,974,1026.0,974.0,335300,0.00010258947431993479,0.00010258947431993479,9.99990000099999e-06,9.99990000099999e-06
335400,981,981,1019.0,981.0,335400,0.00010188961744798205,0.00010188961744798205,9.99990000099999e-06,9.99990000099999e-06
335500,985,985,1015.0,985.0,335500,0.00010148969879557225,0.00010148969879557225,9.99990000099999e-06,9.99990000099999e-06
335600,990,990,1010.0,990.0,335600,0.00010098980003019696,0.00010098980003019696,9.99990000099999e-06,9.99990000099999e-06
335700,986,986,1014.0,986.0,335700,0.00010138971908248506,0.00010138971908248506,9.99990000099999e-06,9.99990000099999e-06
335800,984,984,1016.0,984.0,335800,0.00010158967848866555,0.00010158967848866555,9.99990000099999e-06,9.99990000099999e-06
335900,982,982,1018.0,982.0,335900,0.00010178963781487044,0.00010178963781487044,9.99990000099999e-06,9.99990000099999e-06
336000,989,989,1011.0,989.0,336000,0.00010108977982325986,0.00010108977982325986,9.99990000099999e-06,9.99990000099999e-06
336100,989,989,1011.0,989.0,336100,0.00010108977982325986,0.00010108977982325986,9.99990000099999e-06,9.99990000099999e-06
336200,989,989,1011.0,989.0,336200,0.00010108977982325986,0.00010108977982325986,9.99990000099999e-06,9.99990000099999e-06
336300,979,979,1021.0,979.0,336300,0.0001020895766542236,0.0001020895766542236,9.99990000099999e-06,9.99990000099999e-06
336400,978,978,1022.0,978.0,336400,0.00010218955622735357,0.00010218955622735357,9.99990000099999e-06,9.99990000099999e-06
336500,984,983,1016.0,984.0,336500,0.00010158967848866555,0.00010168965816176495,9.99990000099999e-06,9.99990000099999e-06
336600,977,975,1023.0,975.0,336600,0.00010228953578048966,0.00010248949482678026,9.99990000099999e-06,9.99990000099999e-06
336700,979,979,1021.0,979.0,336700,0.0001020895766542236,0.0001020895766542236,9.99990000099999e-06,9.99990000099999e-06
336800,986,986,1014.0,986.0,336800,0.00010138971908248506,0.00010138971908248506,9.99990000099999e-06,9.99990000099999e-06
336900,990,990,1010.0,990.0,336900,0.00010098980003019696,0.00010098980003019696,9.99990000099999e-06,9.99990000099999e-06
337000,988,987,1013.0,988.0,337000,0.00010118975959632885,0.00010128973934940391,9.99990000099999e-06,9.99990000099999e-06
337100,987,987,1013.0,987.0,337100,0.00010128973934940391,0.00010128973934940391,9.99990000099999e-06,9.99990000099999e-06
337200,986,986,1014.0,986.0,337200,0.00010138971908248506,0.00010138971908248506,9.99990000099999e-06,9.99990000099999e-06
337300,987,987,1013.0,987.0,337300,0.00010128973934940391,0.00010128973934940391,9.99990000099999e-06,9.99990000099999e-06
337400,988,988,1012.0,988.0,337400,0.00010118975959632885,0.00010118975959632885,9.99990000099999e-06,9.99990000099999e-06
337500,992,992,1008.0,992.0,337500,0.00010078984038408928,0.00010078984038408928,9.99990000099999e-06,9.99990000099999e-06
337600,991,991,1009.0,991.0,337600,0.00010088982021714009,0.00010088982021714009,9.99990000099999e-06,9.99990000099999e-06
337700,994,994,1006.0,994.0,337700,0.00010058988065800582,0.00010058988065800582,9.99990000099999e-06,9.99990000099999e-06
337800,984,984,1016.0,984.0,337800,0.00010158967848866555,0.00010158967848866555,9.99990000099999e-06,9.99990000099999e-06
337900,985,985,1015.0,985.0,337900,0.00010148969879557225,0.00010148969879557225,9.99990000099999e-06,9.99990000099999e-06
338000,981,981,1019.0,980.0,338000,0.00010188961744798205,0.00010188961744798205,9.99990000099999e-06,9.99990000099999e-06
338100,987,987,1013.0,987.0,338100,0.00010128973934940391,0.00010128973934940391,9.99990000099999e-06,9.99990000099999e-06
338200,989,989,1011.0,989.0,338200,0.00010108977982325986,0.00010108977982325986,9.99990000099999e-06,9.99990000099999e-06
338300,984,984,1016.0,984.0,338300,0.00010158967848866555,0.00010158967848866555,9.99990000099999e-06,9.99990000099999e-06
338400,977,977,1023.0,977.0,338400,0.00010228953578048966,0.00010228953578048966,9.99990000099999e-06,9.99990000099999e-06
338500,976,976,1024.0,976.0,338500,0.00010238951531363188,0.00010238951531363188,9.99990000099999e-06,9.99990000099999e-06
338600,970,970,1030.0,970.0,338600,0.00010298939209261448,0.00010298939209261448,9.99990000099999e-06,9.99990000099999e-06
338700,968,968,1032.0,968.0,338700,0.00010318935085899135,0.00010318935085899135,9.99990000099999e-06,9.99990000099999e-06
338800,969,969,1031.0,969.0,338800,0.0001030893714857998,0.0001030893714857998,9.99990000099999e-06,9.99990000099999e-06
338900,967,967,1033.0,967.0,338900,0.00010328933021218909,0.00010328933021218909,9.99990000099999e-06,9.99990000099999e-06
339000,969,968,1031.0,969.0,339000,0.0001030893714857998,0.00010318935085899135,9.99990000099999e-06,9.99990000099999e-06
339100,976,976,1024.0,976.0,339100,0.00010238951531363188,0.00010238951531363188,9.99990000099999e-06,9.99990000099999e-06
339200,972,972,1028.0,972.0,339200,0.00010278943324626227,0.00010278943324626227,9.99990000099999e-06,9.99990000099999e-06
339300,968,968,1032.0,968.0,339300,0.00010318935085899135,0.00010318935085899135,9.99990000099999e-06,9.99990000099999e-06
339400,964,964,1036.0,964.0,339400,0.00010358926815181946,0.00010358926815181946,9.99990000099999e-06,9.99990000099999e-06
339500,964,964,1036.0,964.0,339500,0.00010358926815181946,0.00010358926815181946,9.99990000099999e-06,9.99990000099999e-06
339600,968,968,1032.0,968.0,339600,0.00010318935085899135,0.00010318935085899135,9.99990000099999e-06,9.99990000099999e-06
339700,967,966,1034.0,966.0,339700,0.00010328933021218909,0.000103389309545393,9.99990000099999e-06,9.99990000099999e-06
339800,968,968,1032.0,968.0,339800,0.00010318935085899135,0.00010318935085899135,9.99990000099999e-06,9.99990000099999e-06
339900,966,965,1034.0,966.0,339900,0.000103389309545393,0.00010348928885860313,9.99990000099999e-06,9.99990000099999e-06
340000,969,969,1031.0,969.0,340000,0.0001030893714857998,0.0001030893714857998,9.99990000099999e-06,9.99990000099999e-06
340100,960,960,1040.0,960.0,340100,0.00010398918512474702,0.00010398918512474702,9.99990000099999e-06,9.99990000099999e-06
340200,968,968,1032.0,968.0,340200,0.00010318935085899135,0.00010318935085899135,9.99990000099999e-06,9.99990000099999e-06
340300,966,966,1034.0,966.0,340300,0.000103389309545393,0.000103389309545393,9.99990000099999e-06,9.99990000099999e-06
340400,958,958,1042.0,958.0,340400,0.00010418914349124821,0.00010418914349124821,9.99990000099999e-06,9.99990000099999e-06
340500,967,967,1033.0,967.0,340500,0.00010328933021218909,0.00010328933021218909,9.99990000099999e-06,9.99990000099999e-06
340600,965,964,1036.0,964.0,340600,0.00010348928885860313,0.00010358926815181946,9.99990000099999e-06,9.99990000099999e-06
340700,965,965,1035.0,964.0,340700,0.00010348928885860313,0.00010348928885860313,9.99990000099999e-06,9.99990000099999e-06
340800,969,969,1030.0,969.0,340800,0.0001030893714857998,0.0001030893714857998,9.99990000099999e-06,9.99990000099999e-06
340900,976,976,1024.0,976.0,340900,0.00010238951531363188,0.00010238951531363188,9.99990000099999e-06,9.99990000099999e-06
341000,978,978,1022.0,978.0,341000,0.00010218955622735357,0.00010218955622735357,9.99990000099999e-06,9.99990000099999e-06
341100,973,973,1027.0,973.0,341100,0.00010268945379309543,0.00010268945379309543,9.99990000099999e-06,9.99990000099999e-06
341200,966,966,1034.0,966.0,341200,0.000103389309545393,0.000103389309545393,9.99990000099999e-06,9.99990000099999e-06
341300,968,968,1032.0,968.0,341300,0.00010318935085899135,0.00010318935085899135,9.99990000099999e-06,9.99990000099999e-06
341400,964,964,1036.0,964.0,341400,0.00010358926815181946,0.00010358926815181946,9.99990000099999e-06,9.99990000099999e-06
341500,967,967,1033.0,967.0,341500,0.00010328933021218909,0.00010328933021218909,9.99990000099999e-06,9.99990000099999e-06
341600,967,967,1033.0,967.0,341600,0.00010328933021218909,0.00010328933021218909,9.99990000099999e-06,9.99990000099999e-06
341700,962,962,1038.0,962.0,341700,0.0001037892266782708,0.0001037892266782708,9.99990000099999e-06,9.99990000099999e-06
341800,957,957,1043.0,957.0,341800,0.00010428912264450817,0.00010428912264450817,9.99990000099999e-06,9.99990000099999e-06
341900,964,964,1036.0,964.0,341900,0.00010358926815181946,0.00010358926815181946,9.99990000099999e-06,9.99990000099999e-06
342000,961,961,1039.0,961.0,342000,0.00010388920591150579,0.00010388920591150579,9.99990000099999e-06,9.99990000099999e-06
342100,956,956,1044.0,956.0,342100,0.0001043891017777744,0.0001043891017777744,9.99990000099999e-06,9.99990000099999e-06
342200,961,961,1039.0,961.0,342200,0.00010388920591150579,0.00010388920591150579,9.99990000099999e-06,9.99990000099999e-06
342300,957,957,1043.0,957.0,342300,0.00010428912264450817,0.00010428912264450817,9.99990000099999e-06,9.99990000099999e-06
342400,962,961,1038.0,961.0,342400,0.0001037892266782708,0.00010388920591150579,9.99990000099999e-06,9.99990000099999e-06
342500,958,958,1042.0,958.0,342500,0.00010418914349124821,0.00010418914349124821,9.99990000099999e-06,9.99990000099999e-06
342600,965,965,1035.0,965.0,342600,0.00010348928885860313,0.00010348928885860313,9.99990000099999e-06,9.99990000099999e-06
342700,965,965,1035.0,965.0,342700,0.00010348928885860313,0.00010348928885860313,9.99990000099999e-06,9.99990000099999e-06
342800,964,964,1036.0,964.0,342800,0.00010358926815181946,0.00010358926815181946,9.99990000099999e-06,9.99990000099999e-06
342900,974,974,1026.0,974.0,342900,0.00010258947431993479,0.00010258947431993479,9.99990000099999e-06,9.99990000099999e-06
343000,971,971,1029.0,971.0,343000,0.0001028894126794353,0.0001028894126794353,9.99990000099999e-06,9.99990000099999e-06
343100,980,980,1020.0,980.0,343100,0.00010198959706109978,0.00010198959706109978,9.99990000099999e-06,9.99990000099999e-06
343200,986,986,1014.0,988.0,343200,0.00010138971908248506,0.00010138971908248506,9.99990000099999e-06,9.99990000099999e-06
343300,988,988,1012.0,988.0,343300,0.00010118975959632885,0.00010118975959632885,9.99990000099999e-06,9.99990000099999e-06
343400,985,985,1016.0,984.0,343400,0.00010148969879557225,0.00010148969879557225,9.99990000099999e-06,9.99990000099999e-06
343500,982,982,1018.0,982.0,343500,0.00010178963781487044,0.00010178963781487044,9.99990000099999e-06,9.99990000099999e-06
343600,978,978,1022.0,978.0,343600,0.00010218955622735357,0.00010218955622735357,9.99990000099999e-06,9.99990000099999e-06
343700,978,978,1022.0,978.0,343700,0.00010218955622735357,0.00010218955622735357,9.99990000099999e-06,9.99990000099999e-06
343800,975,975,1025.0,975.0,343800,0.00010248949482678026,0.00010248949482678026,9.99990000099999e-06,9.99990000099999e-06
343900,978,978,1022.0,978.0,343900,0.00010218955622735357,0.00010218955622735357,9.99990000099999e-06,9.99990000099999e-06
344000,976,976,1024.0,977.0,344000,0.00010238951531363188,0.00010238951531363188,9.99990000099999e-06,9.99990000099999e-06
344100,979,979,1021.0,979.0,344100,0.0001020895766542236,0.0001020895766542236,9.99990000099999e-06,9.99990000099999e-06
344200,980,980,1020.0,980.0,344200,0.00010198959706109978,0.00010198959706109978,9.99990000099999e-06,9.99990000099999e-06
344300,982,982,1018.0,982.0,344300,0.00010178963781487044,0.00010178963781487044,9.99990000099999e-06,9.99990000099999e-06
344400,986,986,1014.0,986.0,344400,0.00010138971908248506,0.00010138971908248506,9.99990000099999e-06,9.99990000099999e-06
344500,987,986,1014.0,986.0,344500,0.00010128973934940391,0.00010138971908248506,9.99990000099999e-06,9.99990000099999e-06
344600,984,984,1016.0,984.0,344600,0.00010158967848866555,0.00010158967848866555,9.99990000099999e-06,9.99990000099999e-06
344700,978,978,1022.0,978.0,344700,0.00010218955622735357,0.00010218955622735357,9.99990000099999e-06,9.99990000099999e-06
344800,975,974,1026.0,975.0,344800,0.00010248949482678026,0.00010258947431993479,9.99990000099999e-06,9.99990000099999e-06
344900,976,976,1024.0,976.0,344900,0.00010238951531363188,0.00010238951531363188,9.99990000099999e-06,9.99990000099999e-06
345000,981,981,1019.0,981.0,345000,0.00010188961744798205,0.00010188961744798205,9.99990000099999e-06,9.99990000099999e-06
345100,983,983,1017.0,983.0,345100,0.00010168965816176495,0.00010168965816176495,9.99990000099999e-06,9.99990000099999e-06
345200,985,985,1015.0,985.0,345200,0.00010148969879557225,0.00010148969879557225,9.99990000099999e-06,9.99990000099999e-06
345300,983,983,1017.0,983.0,345300,0.00010168965816176495,0.00010168965816176495,9.99990000099999e-06,9.99990000099999e-06
345400,989,989,1011.0,989.0,345400,0.00010108977982325986,0.00010108977982325986,9.99990000099999e-06,9.99990000099999e-06
345500,996,996,1004.0,996.0,345500,0.00010038992085194648,0.00010038992085194648,9.99990000099999e-06,9.99990000099999e-06
345600,998,998,998.0,1002.0,345600,0.0001001899609659112,0.0001001899609659112,9.99990000099999e-06,9.99990000099999e-06
345700,995,995,995.0,1005.0,345700,0.00010048990076497312,0.00010048990076497312,9.99990000099999e-06,9.99990000099999e-06
345800,999,999,999.0,1001.0,345800,0.0001000899809929026,0.0001000899809929026,9.99990000099999e-06,9.99990000099999e-06
345900,999,999,999.0,1001.0,345900,0.0001000899809929026,0.0001000899809929026,9.99990000099999e-06,9.99990000099999e-06
346000,998,998,1002.0,998.0,346000,0.0001001899609659112,0.0001001899609659112,9.99990000099999e-06,9.99990000099999e-06
346100,995,995,995.0,1005.0,346100,0.00010048990076497312,0.00010048990076497312,9.99990000099999e-06,9.99990000099999e-06
346200,994,994,994.0,1006.0,346200,0.00010058988065800582,0.00010058988065800582,9.99990000099999e-06,9.99990000099999e-06
346300,993,993,993.0,1007.0,346300,0.00010068986053104453,0.00010068986053104453,9.99990000099999e-06,9.99990000099999e-06
346400,993,993,993.0,1007.0,346400,0.00010068986053104453,0.00010068986053104453,9.99990000099999e-06,9.99990000099999e-06
346500,994,994,994.0,1006.0,346500,0.00010058988065800582,0.00010058988065800582,9.99990000099999e-06,9.99990000099999e-06
346600,994,994,994.0,1006.0,346600,0.00010058988065800582,0.00010058988065800582,9.99990000099999e-06,9.99990000099999e-06
346700,987,987,987.0,1013.0,346700,0.00010128973934940391,0.00010128973934940391,9.99990000099999e-06,9.99990000099999e-06
346800,992,992,992.0,1008.0,346800,0.00010078984038408928,0.00010078984038408928,9.99990000099999e-06,9.99990000099999e-06
346900,992,992,992.0,1008.0,346900,0.00010078984038408928,0.00010078984038408928,9.99990000099999e-06,9.99990000099999e-06
347000,988,988,988.0,1012.0,347000,0.00010118975959632885,0.00010118975959632885,9.99990000099999e-06,9.99990000099999e-06
347100,995,995,995.0,1005.0,347100,0.00010048990076497312,0.00010048990076497312,9.99990000099999e-06,9.99990000099999e-06
347200,990,990,990.0,1010.0,347200,0.00010098980003019696,0.00010098980003019696,9.99990000099999e-06,9.99990000099999e-06
347300,983,983,983.0,1017.0,347300,0.00010168965816176495,0.00010168965816176495,9.99990000099999e-06,9.99990000099999e-06
347400,981,981,981.0,1019.0,347400,0.00010188961744798205,0.00010188961744798205,9.99990000099999e-06,9.99990000099999e-06
347500,986,986,986.0,1014.0,347500,0.00010138971908248506,0.00010138971908248506,9.99990000099999e-06,9.99990000099999e-06
347600,992,992,992.0,1008.0,347600,0.00010078984038408928,0.00010078984038408928,9.99990000099999e-06,9.99990000099999e-06
347700,982,982,982.0,1018.0,347700,0.00010178963781487044,0.00010178963781487044,9.99990000099999e-06,9.99990000099999e-06
347800,989,989,989.0,1011.0,347800,0.00010108977982325986,0.00010108977982325986,9.99990000099999e-06,9.99990000099999e-06
347900,993,993,993.0,1007.0,347900,0.00010068986053104453,0.00010068986053104453,9.99990000099999e-06,9.99990000099999e-06
348000,992,992,992.0,1008.0,348000,0.00010078984038408928,0.00010078984038408928,9.99990000099999e-06,9.99990000099999e-06
348100,988,988,988.0,1012.0,348100,0.00010118975959632885,0.00010118975959632885,9.99990000099999e-06,9.99990000099999e-06
348200,991,991,991.0,1009.0,348200,0.00010088982021714009,0.00010088982021714009,9.99990000099999e-06,9.99990000099999e-06
348300,992,992,992.0,1008.0,348300,0.00010078984038408928,0.00010078984038408928,9.99990000099999e-06,9.99990000099999e-06
348400,993,993,993.0,1007.0,348400,0.00010068986053104453,0.00010068986053104453,9.99990000099999e-06,9.99990000099999e-06
348500,993,993,993.0,1007.0,348500,0.00010068986053104453,0.00010068986053104453,9.99990000099999e-06,9.99990000099999e-06
348600,997,997,997.0,1003.0,348600,0.00010028994091892584,0.00010028994091892584,9.99990000099999e-06,9.99990000099999e-06
348700,998,998,1002.0,998.0,348700,0.0001001899609659112,0.0001001899609659112,9.99990000099999e-06,9.99990000099999e-06
348800,996,996,1004.0,996.0,348800,0.00010038992085194648,0.00010038992085194648,9.99990000099999e-06,9.99990000099999e-06
348900,986,985,1014.0,986.0,348900,0.00010138971908248506,0.00010148969879557225,9.99990000099999e-06,9.99990000099999e-06
349000,986,986,1013.0,987.0,349000,0.00010138971908248506,0.00010138971908248506,9.99990000099999e-06,9.99990000099999e-06
349100,989,989,1011.0,989.0,349100,0.00010108977982325986,0.00010108977982325986,9.99990000099999e-06,9.99990000099999e-06
349200,984,984,1016.0,984.0,349200,0.00010158967848866555,0.00010158967848866555,9.99990000099999e-06,9.99990000099999e-06
349300,987,987,1013.0,987.0,349300,0.00010128973934940391,0.00010128973934940391,9.99990000099999e-06,9.99990000099999e-06
349400,991,991,1009.0,991.0,349400,0.00010088982021714009,0.00010088982021714009,9.99990000099999e-06,9.99990000099999e-06
349500,989,989,1011.0,989.0,349500,0.00010108977982325986,0.00010108977982325986,9.99990000099999e-06,9.99990000099999e-06
349600,989,989,1011.0,989.0,349600,0.00010108977982325986,0.00010108977982325986,9.99990000099999e-06,9.99990000099999e-06
349700,985,985,1015.0,985.0,349700,0.00010148969879557225,0.00010148969879557225,9.99990000099999e-06,9.99990000099999e-06
349800,990,989,1011.0,989.0,349800,0.00010098980003019696,0.00010108977982325986,9.99990000099999e-06,9.99990000099999e-06
349900,989,989,1011.0,989.0,349900,0.00010108977982325986,0.00010108977982325986,9.99990000099999e-06,9.99990000099999e-06
350000,996,995,1005.0,996.0,350000,0.00010038992085194648,0.00010048990076497312,9.99990000099999e-06,9.99990000099999e-06
350100,991,992,992.0,1008.0,350100,0.00010088982021714009,0.00010078984038408928,9.99990000099999e-06,9.99990000099999e-06
350200,991,991,991.0,1009.0,350200,0.00010088982021714009,0.00010088982021714009,9.99990000099999e-06,9.99990000099999e-06
350300,984,984,984.0,1016.0,350300,0.00010158967848866555,0.00010158967848866555,9.99990000099999e-06,9.99990000099999e-06
350400,982,982,982.0,1018.0,350400,0.00010178963781487044,0.00010178963781487044,9.99990000099999e-06,9.99990000099999e-06
350500,982,982,982.0,1018.0,350500,0.00010178963781487044,0.00010178963781487044,9.99990000099999e-06,9.99990000099999e-06
350600,980,980,980.0,1022.0,350600,0.00010198959706109978,0.00010198959706109978,9.99990000099999e-06,9.99990000099999e-06
350700,977,977,977.0,1023.0,350700,0.00010228953578048966,0.00010228953578048966,9.99990000099999e-06,9.99990000099999e-06
350800,976,976,976.0,1024.0,350800,0.00010238951531363188,0.00010238951531363188,9.99990000099999e-06,9.99990000099999e-06
350900,977,977,977.0,1023.0,350900,0.00010228953578048966,0.00010228953578048966,9.99990000099999e-06,9.99990000099999e-06
351000,975,975,975.0,1025.0,351000,0.00010248949482678026,0.00010248949482678026,9.99990000099999e-06,9.99990000099999e-06
351100,975,975,975.0,1025.0,351100,0.00010248949482678026,0.00010248949482678026,9.99990000099999e-06,9.99990000099999e-06
351200,969,969,969.0,1031.0,351200,0.0001030893714857998,0.0001030893714857998,9.99990000099999e-06,9.99990000099999e-06
351300,976,976,976.0,1024.0,351300,0.00010238951531363188,0.00010238951531363188,9.99990000099999e-06,9.99990000099999e-06
351400,977,978,978.0,1023.0,351400,0.00010228953578048966,0.00010218955622735357,9.99990000099999e-06,9.99990000099999e-06
351500,978,978,978.0,1022.0,351500,0.00010218955622735357,0.00010218955622735357,9.99990000099999e-06,9.99990000099999e-06
351600,972,972,972.0,1028.0,351600,0.00010278943324626227,0.00010278943324626227,9.99990000099999e-06,9.99990000099999e-06
351700,971,971,971.0,1029.0,351700,0.0001028894126794353,0.0001028894126794353,9.99990000099999e-06,9.99990000099999e-06
351800,976,976,975.0,1025.0,351800,0.00010238951531363188,0.00010238951531363188,9.99990000099999e-06,9.99990000099999e-06
351900,974,974,974.0,1026.0,351900,0.00010258947431993479,0.00010258947431993479,9.99990000099999e-06,9.99990000099999e-06
352000,971,971,971.0,1029.0,352000,0.0001028894126794353,0.0001028894126794353,9.99990000099999e-06,9.99990000099999e-06
352100,971,971,971.0,1029.0,352100,0.0001028894126794353,0.0001028894126794353,9.99990000099999e-06,9.99990000099999e-06
352200,974,974,974.0,1026.0,352200,0.00010258947431993479,0.00010258947431993479,9.99990000099999e-06,9.99990000099999e-06
352300,963,963,963.0,1037.0,352300,0.00010368924742504205,0.00010368924742504205,9.99990000099999e-06,9.99990000099999e-06
352400,957,958,957.0,1043.0,352400,0.00010428912264450817,0.00010418914349124821,9.99990000099999e-06,9.99990000099999e-06
352500,952,952,952.0,1048.0,352500,0.00010478901811090198,0.00010478901811090198,9.99990000099999e-06,9.99990000099999e-06
352600,944,944,944.0,1056.0,352600,0.00010558884981745929,0.00010558884981745929,9.99990000099999e-06,9.99990000099999e-06
352700,943,943,944.0,1056.0,352700,0.00010568882869080739,0.00010568882869080739,9.99990000099999e-06,9.99990000099999e-06
352800,949,949,949.0,1051.0,352800,0.00010508895515081363,0.00010508895515081363,9.99990000099999e-06,9.99990000099999e-06
352900,953,953,953.0,1047.0,352900,0.00010468903905761067,0.00010468903905761067,9.99990000099999e-06,9.99990000099999e-06
353000,953,953,953.0,1047.0,353000,0.00010468903905761067,0.00010468903905761067,9.99990000099999e-06,9.99990000099999e-06
353100,951,951,951.0,1050.0,353100,0.00010488899714419958,0.00010488899714419958,9.99990000099999e-06,9.99990000099999e-06
353200,958,958,958.0,1042.0,353200,0.00010418914349124821,0.00010418914349124821,9.99990000099999e-06,9.99990000099999e-06
353300,960,960,960.0,1040.0,353300,0.00010398918512474702,0.00010398918512474702,9.99990000099999e-06,9.99990000099999e-06
353400,958,958,958.0,1042.0,353400,0.00010418914349124821,0.00010418914349124821,9.99990000099999e-06,9.99990000099999e-06
353500,958,958,958.0,1042.0,353500,0.00010418914349124821,0.00010418914349124821,9.99990000099999e-06,9.99990000099999e-06
353600,957,957,957.0,1043.0,353600,0.00010428912264450817,0.00010428912264450817,9.99990000099999e-06,9.99990000099999e-06
353700,952,952,952.0,1048.0,353700,0.00010478901811090198,0.00010478901811090198,9.99990000099999e-06,9.99990000099999e-06
353800,948,948,948.0,1052.0,353800,0.00010518893412413015,0.00010518893412413015,9.99990000099999e-06,9.99990000099999e-06
353900,954,954,954.0,1046.0,353900,0.00010458905998432565,0.00010458905998432565,9.99990000099999e-06,9.99990000099999e-06
354000,961,961,961.0,1039.0,354000,0.00010388920591150579,0.00010388920591150579,9.99990000099999e-06,9.99990000099999e-06
354100,959,959,959.0,1041.0,354100,0.0001040891643179945,0.0001040891643179945,9.99990000099999e-06,9.99990000099999e-06
354200,960,960,960.0,1040.0,354200,0.00010398918512474702,0.00010398918512474702,9.99990000099999e-06,9.99990000099999e-06
354300,964,965,964.0,1036.0,354300,0.00010358926815181946,0.00010348928885860313,9.99990000099999e-06,9.99990000099999e-06
354400,964,964,964.0,1036.0,354400,0.00010358926815181946,0.00010358926815181946,9.99990000099999e-06,9.99990000099999e-06
354500,969,970,969.0,1030.0,354500,0.0001030893714857998,0.00010298939209261448,9.99990000099999e-06,9.99990000099999e-06
354600,970,970,970.0,1030.0,354600,0.00010298939209261448,0.00010298939209261448,9.99990000099999e-06,9.99990000099999e-06
354700,970,970,970.0,1030.0,354700,0.00010298939209261448,0.00010298939209261448,9.99990000099999e-06,9.99990000099999e-06
354800,970,970,970.0,1030.0,354800,0.00010298939209261448,0.00010298939209261448,9.99990000099999e-06,9.99990000099999e-06
354900,971,971,971.0,1029.0,354900,0.0001028894126794353,0.0001028894126794353,9.99990000099999e-06,9.99990000099999e-06
355000,973,973,973.0,1027.0,355000,0.00010268945379309543,0.00010268945379309543,9.99990000099999e-06,9.99990000099999e-06
355100,972,972,972.0,1028.0,355100,0.00010278943324626227,0.00010278943324626227,9.99990000099999e-06,9.99990000099999e-06
355200,969,969,969.0,1031.0,355200,0.0001030893714857998,0.0001030893714857998,9.99990000099999e-06,9.99990000099999e-06
355300,970,970,970.0,1030.0,355300,0.00010298939209261448,0.00010298939209261448,9.99990000099999e-06,9.99990000099999e-06
355400,962,962,962.0,1038.0,355400,0.0001037892266782708,0.0001037892266782708,9.99990000099999e-06,9.99990000099999e-06
355500,964,964,964.0,1036.0,355500,0.00010358926815181946,0.00010358926815181946,9.99990000099999e-06,9.99990000099999e-06
355600,964,964,964.0,1036.0,355600,0.00010358926815181946,0.00010358926815181946,9.99990000099999e-06,9.99990000099999e-06
355700,957,957,957.0,1043.0,355700,0.00010428912264450817,0.00010428912264450817,9.99990000099999e-06,9.99990000099999e-06
355800,952,952,952.0,1048.0,355800,0.00010478901811090198,0.00010478901811090198,9.99990000099999e-06,9.99990000099999e-06
355900,951,951,951.0,1049.0,355900,0.00010488899714419958,0.00010488899714419958,9.99990000099999e-06,9.99990000099999e-06
356000,953,953,953.0,1047.0,356000,0.00010468903905761067,0.00010468903905761067,9.99990000099999e-06,9.99990000099999e-06
356100,949,949,949.0,1051.0,356100,0.00010508895515081363,0.00010508895515081363,9.99990000099999e-06,9.99990000099999e-06
356200,957,958,958.0,1042.0,356200,0.00010428912264450817,0.00010418914349124821,9.99990000099999e-06,9.99990000099999e-06
356300,957,957,957.0,1043.0,356300,0.00010428912264450817,0.00010428912264450817,9.99990000099999e-06,9.99990000099999e-06
356400,956,956,956.0,1044.0,356400,0.0001043891017777744,0.0001043891017777744,9.99990000099999e-06,9.99990000099999e-06
356500,941,941,941.0,1059.0,356500,0.00010588878637752262,0.00010588878637752262,9.99990000099999e-06,9.99990000099999e-06
356600,940,940,940.0,1060.0,356600,0.00010598876519088978,0.00010598876519088978,9.99990000099999e-06,9.99990000099999e-06
356700,946,946,946.0,1054.0,356700,0.00010538889201078208,0.00010538889201078208,9.99990000099999e-06,9.99990000099999e-06
356800,949,949,949.0,1051.0,356800,0.00010508895515081363,0.00010508895515081363,9.99990000099999e-06,9.99990000099999e-06
356900,947,947,947.0,1053.0,356900,0.00010528891307745295,0.00010528891307745295,9.99990000099999e-06,9.99990000099999e-06
357000,944,944,944.0,1056.0,357000,0.00010558884981745929,0.00010558884981745929,9.99990000099999e-06,9.99990000099999e-06
357100,940,940,940.0,1060.0,357100,0.00010598876519088978,0.00010598876519088978,9.99990000099999e-06,9.99990000099999e-06
357200,943,944,943.0,1057.0,357200,0.00010568882869080739,0.00010558884981745929,9.99990000099999e-06,9.99990000099999e-06
357300,932,932,932.0,1068.0,357300,0.00010678859497805635,0.00010678859497805635,9.99990000099999e-06,9.99990000099999e-06
357400,937,937,937.0,1063.0,357400,0.0001062887015110294,0.0001062887015110294,9.99990000099999e-06,9.99990000099999e-06
357500,936,936,936.0,1064.0,357500,0.00010638868024442201,0.00010638868024442201,9.99990000099999e-06,9.99990000099999e-06
357600,935,935,935.0,1065.0,357600,0.000106488658957821,0.000106488658957821,9.99990000099999e-06,9.99990000099999e-06
357700,930,930,930.0,1070.0,357700,0.00010698855222491194,0.00010698855222491194,9.99990000099999e-06,9.99990000099999e-06
357800,928,928,928.0,1072.0,357800,0.00010718850939179321,0.00010718850939179321,9.99990000099999e-06,9.99990000099999e-06
357900,923,923,923.0,1077.0,357900,0.000107688401959109,0.000107688401959109,9.99990000099999e-06,9.99990000099999e-06
358000,922,922,922.0,1078.0,358000,0.0001077883804125915,0.0001077883804125915,9.99990000099999e-06,9.99990000099999e-06
358100,919,919,919.0,1081.0,358100,0.0001080883156530779,0.0001080883156530779,9.99990000099999e-06,9.99990000099999e-06
358200,921,921,921.0,1079.0,358200,0.00010788835884608052,0.00010788835884608052,9.99990000099999e-06,9.99990000099999e-06
358300,931,931,931.0,1069.0,358300,0.00010688857361148093,0.00010688857361148093,9.99990000099999e-06,9.99990000099999e-06
358400,937,937,937.0,1063.0,358400,0.0001062887015110294,0.0001062887015110294,9.99990000099999e-06,9.99990000099999e-06
358500,927,927,927.0,1073.0,358500,0.00010728848794524348,0.00010728848794524348,9.99990000099999e-06,9.99990000099999e-06
358600,938,938,938.0,1062.0,358600,0.00010618872275764314,0.00010618872275764314,9.99990000099999e-06,9.99990000099999e-06
358700,937,937,937.0,1063.0,358700,0.0001062887015110294,0.0001062887015110294,9.99990000099999e-06,9.99990000099999e-06
358800,938,938,938.0,1062.0,358800,0.00010618872275764314,0.00010618872275764314,9.99990000099999e-06,9.99990000099999e-06
358900,941,941,942.0,1059.0,358900,0.00010588878637752262,0.00010588878637752262,9.99990000099999e-06,9.99990000099999e-06
359000,947,947,947.0,1053.0,359000,0.00010528891307745295,0.00010528891307745295,9.99990000099999e-06,9.99990000099999e-06
359100,949,949,949.0,1051.0,359100,0.00010508895515081363,0.00010508895515081363,9.99990000099999e-06,9.99990000099999e-06
359200,947,947,947.0,1053.0,359200,0.00010528891307745295,0.00010528891307745295,9.99990000099999e-06,9.99990000099999e-06
359300,953,953,953.0,1047.0,359300,0.00010468903905761067,0.00010468903905761067,9.99990000099999e-06,9.99990000099999e-06
359400,949,949,949.0,1051.0,359400,0.00010508895515081363,0.00010508895515081363,9.99990000099999e-06,9.99990000099999e-06
359500,951,951,951.0,1049.0,359500,0.00010488899714419958,0.00010488899714419958,9.99990000099999e-06,9.99990000099999e-06
359600,948,948,948.0,1052.0,359600,0.00010518893412413015,0.00010518893412413015,9.99990000099999e-06,9.99990000099999e-06
359700,947,947,947.0,1053.0,359700,0.00010528891307745295,0.00010528891307745295,9.99990000099999e-06,9.99990000099999e-06
359800,942,942,942.0,1058.0,359800,0.00010578880754416181,0.00010578880754416181,9.99990000099999e-06,9.99990000099999e-06
359900,947,948,947.0,1053.0,359900,0.00010528891307745295,0.00010518893412413015,9.99990000099999e-06,9.99990000099999e-06
360000,956,956,956.0,1044.0,360000,0.0001043891017777744,0.0001043891017777744,9.99990000099999e-06,9.99990000099999e-06
360100,952,952,953.0,1048.0,360100,0.00010478901811090198,0.00010478901811090198,9.99990000099999e-06,9.99990000099999e-06
360200,962,962,962.0,1038.0,360200,0.0001037892266782708,0.0001037892266782708,9.99990000099999e-06,9.99990000099999e-06
360300,957,957,957.0,1041.0,360300,0.00010428912264450817,0.00010428912264450817,9.99990000099999e-06,9.99990000099999e-06
360400,954,954,955.0,1045.0,360400,0.00010458905998432565,0.00010458905998432565,9.99990000099999e-06,9.99990000099999e-06
360500,950,950,950.0,1050.0,360500,0.00010498897615750347,0.00010498897615750347,9.99990000099999e-06,9.99990000099999e-06
360600,951,952,951.0,1049.0,360600,0.00010488899714419958,0.00010478901811090198,9.99990000099999e-06,9.99990000099999e-06
360700,954,954,954.0,1046.0,360700,0.00010458905998432565,0.00010458905998432565,9.99990000099999e-06,9.99990000099999e-06
360800,952,952,952.0,1048.0,360800,0.00010478901811090198,0.00010478901811090198,9.99990000099999e-06,9.99990000099999e-06
360900,962,962,962.0,1038.0,360900,0.0001037892266782708,0.0001037892266782708,9.99990000099999e-06,9.99990000099999e-06
361000,956,956,956.0,1044.0,361000,0.0001043891017777744,0.0001043891017777744,9.99990000099999e-06,9.99990000099999e-06
361100,964,964,963.0,1037.0,361100,0.00010358926815181946,0.00010358926815181946,9.99990000099999e-06,9.99990000099999e-06
361200,964,964,964.0,1036.0,361200,0.00010358926815181946,0.00010358926815181946,9.99990000099999e-06,9.99990000099999e-06
361300,965,965,965.0,1035.0,361300,0.00010348928885860313,0.00010348928885860313,9.99990000099999e-06,9.99990000099999e-06
361400,965,965,965.0,1035.0,361400,0.00010348928885860313,0.00010348928885860313,9.99990000099999e-06,9.99990000099999e-06
361500,954,954,954.0,1046.0,361500,0.00010458905998432565,0.00010458905998432565,9.99990000099999e-06,9.99990000099999e-06
361600,948,948,948.0,1052.0,361600,0.00010518893412413015,0.00010518893412413015,9.99990000099999e-06,9.99990000099999e-06
361700,954,954,954.0,1046.0,361700,0.00010458905998432565,0.00010458905998432565,9.99990000099999e-06,9.99990000099999e-06
361800,959,959,959.0,1041.0,361800,0.0001040891643179945,0.0001040891643179945,9.99990000099999e-06,9.99990000099999e-06
361900,956,956,956.0,1044.0,361900,0.0001043891017777744,0.0001043891017777744,9.99990000099999e-06,9.99990000099999e-06
362000,955,955,955.0,1045.0,362000,0.0001044890808910469,0.0001044890808910469,9.99990000099999e-06,9.99990000099999e-06
362100,957,957,957.0,1043.0,362100,0.00010428912264450817,0.00010428912264450817,9.99990000099999e-06,9.99990000099999e-06
362200,951,951,951.0,1049.0,362200,0.00010488899714419958,0.00010488899714419958,9.99990000099999e-06,9.99990000099999e-06
362300,946,946,946.0,1054.0,362300,0.00010538889201078208,0.00010538889201078208,9.99990000099999e-06,9.99990000099999e-06
362400,943,943,943.0,1057.0,362400,0.00010568882869080739,0.00010568882869080739,9.99990000099999e-06,9.99990000099999e-06
362500,948,948,948.0,1052.0,362500,0.00010518893412413015,0.00010518893412413015,9.99990000099999e-06,9.99990000099999e-06
362600,942,942,942.0,1058.0,362600,0.00010578880754416181,0.00010578880754416181,9.99990000099999e-06,9.99990000099999e-06
362700,939,939,939.0,1061.0,362700,0.00010608874398426327,0.00010608874398426327,9.99990000099999e-06,9.99990000099999e-06
362800,940,940,940.0,1060.0,362800,0.00010598876519088978,0.00010598876519088978,9.99990000099999e-06,9.99990000099999e-06
362900,941,941,941.0,1059.0,362900,0.00010588878637752262,0.00010588878637752262,9.99990000099999e-06,9.99990000099999e-06
363000,928,928,928.0,1072.0,363000,0.00010718850939179321,0.00010718850939179321,9.99990000099999e-06,9.99990000099999e-06
363100,931,931,931.0,1069.0,363100,0.00010688857361148093,0.00010688857361148093,9.99990000099999e-06,9.99990000099999e-06
363200,930,930,930.0,1070.0,363200,0.00010698855222491194,0.00010698855222491194,9.99990000099999e-06,9.99990000099999e-06
363300,928,928,928.0,1072.0,363300,0.00010718850939179321,0.00010718850939179321,9.99990000099999e-06,9.99990000099999e-06
363400,931,931,931.0,1069.0,363400,0.00010688857361148093,0.00010688857361148093,9.99990000099999e-06,9.99990000099999e-06
363500,929,929,929.0,1071.0,363500,0.00010708853081834937,0.00010708853081834937,9.99990000099999e-06,9.99990000099999e-06
363600,928,928,928.0,1072.0,363600,0.00010718850939179321,0.00010718850939179321,9.99990000099999e-06,9.99990000099999e-06
363700,921,921,921.0,1079.0,363700,0.00010788835884608052,0.00010788835884608052,9.99990000099999e-06,9.99990000099999e-06
363800,919,919,919.0,1081.0,363800,0.0001080883156530779,0.0001080883156530779,9.99990000099999e-06,9.99990000099999e-06
363900,928,928,928.0,1072.0,363900,0.00010718850939179321,0.00010718850939179321,9.99990000099999e-06,9.99990000099999e-06
364000,934,934,934.0,1066.0,364000,0.00010658863765122638,0.00010658863765122638,9.99990000099999e-06,9.99990000099999e-06
364100,932,932,932.0,1068.0,364100,0.00010678859497805635,0.00010678859497805635,9.99990000099999e-06,9.99990000099999e-06
364200,930,930,930.0,1070.0,364200,0.00010698855222491194,0.00010698855222491194,9.99990000099999e-06,9.99990000099999e-06
364300,933,933,933.0,1067.0,364300,0.00010668861632463818,0.00010668861632463818,9.99990000099999e-06,9.99990000099999e-06
364400,938,938,938.0,1062.0,364400,0.00010618872275764314,0.00010618872275764314,9.99990000099999e-06,9.99990000099999e-06
364500,937,937,938.0,1062.0,364500,0.0001062887015110294,0.0001062887015110294,9.99990000099999e-06,9.99990000099999e-06
364600,937,937,937.0,1063.0,364600,0.0001062887015110294,0.0001062887015110294,9.99990000099999e-06,9.99990000099999e-06
364700,940,940,940.0,1060.0,364700,0.00010598876519088978,0.00010598876519088978,9.99990000099999e-06,9.99990000099999e-06
364800,938,938,938.0,1062.0,364800,0.00010618872275764314,0.00010618872275764314,9.99990000099999e-06,9.99990000099999e-06
364900,935,935,935.0,1065.0,364900,0.000106488658957821,0.000106488658957821,9.99990000099999e-06,9.99990000099999e-06
365000,936,936,936.0,1064.0,365000,0.00010638868024442201,0.00010638868024442201,9.99990000099999e-06,9.99990000099999e-06
365100,933,933,933.0,1067.0,365100,0.00010668861632463818,0.00010668861632463818,9.99990000099999e-06,9.99990000099999e-06
365200,930,930,930.0,1070.0,365200,0.00010698855222491194,0.00010698855222491194,9.99990000099999e-06,9.99990000099999e-06
365300,930,930,930.0,1070.0,365300,0.00010698855222491194,0.00010698855222491194,9.99990000099999e-06,9.99990000099999e-06
365400,933,933,933.0,1067.0,365400,0.00010668861632463818,0.00010668861632463818,9.99990000099999e-06,9.99990000099999e-06
365500,935,935,935.0,1065.0,365500,0.000106488658957821,0.000106488658957821,9.99990000099999e-06,9.99990000099999e-06
365600,933,934,934.0,1066.0,365600,0.00010668861632463818,0.00010658863765122638,9.99990000099999e-06,9.99990000099999e-06
365700,945,945,945.0,1055.0,365700,0.0001054888709241175,0.0001054888709241175,9.99990000099999e-06,9.99990000099999e-06
365800,948,948,948.0,1052.0,365800,0.00010518893412413015,0.00010518893412413015,9.99990000099999e-06,9.99990000099999e-06
365900,947,947,947.0,1053.0,365900,0.00010528891307745295,0.00010528891307745295,9.99990000099999e-06,9.99990000099999e-06
366000,948,948,948.0,1052.0,366000,0.00010518893412413015,0.00010518893412413015,9.99990000099999e-06,9.99990000099999e-06
366100,952,952,952.0,1048.0,366100,0.00010478901811090198,0.00010478901811090198,9.99990000099999e-06,9.99990000099999e-06
366200,953,953,953.0,1047.0,366200,0.00010468903905761067,0.00010468903905761067,9.99990000099999e-06,9.99990000099999e-06
366300,958,959,959.0,1042.0,366300,0.00010418914349124821,0.0001040891643179945,9.99990000099999e-06,9.99990000099999e-06
366400,961,961,961.0,1039.0,366400,0.00010388920591150579,0.00010388920591150579,9.99990000099999e-06,9.99990000099999e-06
366500,955,955,954.0,1046.0,366500,0.0001044890808910469,0.0001044890808910469,9.99990000099999e-06,9.99990000099999e-06
366600,950,950,950.0,1050.0,366600,0.00010498897615750347,0.00010498897615750347,9.99990000099999e-06,9.99990000099999e-06
366700,961,960,961.0,1039.0,366700,0.00010388920591150579,0.00010398918512474702,9.99990000099999e-06,9.99990000099999e-06
366800,960,961,961.0,1039.0,366800,0.00010398918512474702,0.00010388920591150579,9.99990000099999e-06,9.99990000099999e-06
366900,964,964,964.0,1036.0,366900,0.00010358926815181946,0.00010358926815181946,9.99990000099999e-06,9.99990000099999e-06
367000,958,958,958.0,1042.0,367000,0.00010418914349124821,0.00010418914349124821,9.99990000099999e-06,9.99990000099999e-06
367100,960,960,960.0,1040.0,367100,0.00010398918512474702,0.00010398918512474702,9.99990000099999e-06,9.99990000099999e-06
367200,962,962,962.0,1038.0,367200,0.0001037892266782708,0.0001037892266782708,9.99990000099999e-06,9.99990000099999e-06
367300,960,960,960.0,1040.0,367300,0.00010398918512474702,0.00010398918512474702,9.99990000099999e-06,9.99990000099999e-06
367400,961,962,962.0,1038.0,367400,0.00010388920591150579,0.0001037892266782708,9.99990000099999e-06,9.99990000099999e-06
367500,958,958,958.0,1042.0,367500,0.00010418914349124821,0.00010418914349124821,9.99990000099999e-06,9.99990000099999e-06
367600,965,965,965.0,1035.0,367600,0.00010348928885860313,0.00010348928885860313,9.99990000099999e-06,9.99990000099999e-06
367700,969,969,969.0,1031.0,367700,0.0001030893714857998,0.0001030893714857998,9.99990000099999e-06,9.99990000099999e-06
367800,972,972,972.0,1028.0,367800,0.00010278943324626227,0.00010278943324626227,9.99990000099999e-06,9.99990000099999e-06
367900,973,973,973.0,1027.0,367900,0.00010268945379309543,0.00010268945379309543,9.99990000099999e-06,9.99990000099999e-06
368000,978,978,978.0,1022.0,368000,0.00010218955622735357,0.00010218955622735357,9.99990000099999e-06,9.99990000099999e-06
368100,982,982,982.0,1018.0,368100,0.00010178963781487044,0.00010178963781487044,9.99990000099999e-06,9.99990000099999e-06
368200,980,980,980.0,1020.0,368200,0.00010198959706109978,0.00010198959706109978,9.99990000099999e-06,9.99990000099999e-06
368300,975,975,975.0,1025.0,368300,0.00010248949482678026,0.00010248949482678026,9.99990000099999e-06,9.99990000099999e-06
368400,970,971,970.0,1030.0,368400,0.00010298939209261448,0.0001028894126794353,9.99990000099999e-06,9.99990000099999e-06
368500,970,970,970.0,1030.0,368500,0.00010298939209261448,0.00010298939209261448,9.99990000099999e-06,9.99990000099999e-06
368600,970,970,970.0,1030.0,368600,0.00010298939209261448,0.00010298939209261448,9.99990000099999e-06,9.99990000099999e-06
368700,973,973,973.0,1027.0,368700,0.00010268945379309543,0.00010268945379309543,9.99990000099999e-06,9.99990000099999e-06
368800,975,975,975.0,1025.0,368800,0.00010248949482678026,0.00010248949482678026,9.99990000099999e-06,9.99990000099999e-06
368900,974,974,974.0,1026.0,368900,0.00010258947431993479,0.00010258947431993479,9.99990000099999e-06,9.99990000099999e-06
369000,974,974,974.0,1026.0,369000,0.00010258947431993479,0.00010258947431993479,9.99990000099999e-06,9.99990000099999e-06
369100,960,960,960.0,1040.0,369100,0.00010398918512474702,0.00010398918512474702,9.99990000099999e-06,9.99990000099999e-06
369200,961,962,962.0,1038.0,369200,0.00010388920591150579,0.0001037892266782708,9.99990000099999e-06,9.99990000099999e-06
369300,967,967,967.0,1033.0,369300,0.00010328933021218909,0.00010328933021218909,9.99990000099999e-06,9.99990000099999e-06
369400,966,966,966.0,1034.0,369400,0.000103389309545393,0.000103389309545393,9.99990000099999e-06,9.99990000099999e-06
369500,973,973,973.0,1027.0,369500,0.00010268945379309543,0.00010268945379309543,9.99990000099999e-06,9.99990000099999e-06
369600,972,972,972.0,1028.0,369600,0.00010278943324626227,0.00010278943324626227,9.99990000099999e-06,9.99990000099999e-06
369700,976,976,976.0,1024.0,369700,0.00010238951531363188,0.00010238951531363188,9.99990000099999e-06,9.99990000099999e-06
369800,975,975,975.0,1025.0,369800,0.00010248949482678026,0.00010248949482678026,9.99990000099999e-06,9.99990000099999e-06
369900,974,974,974.0,1026.0,369900,0.00010258947431993479,0.00010258947431993479,9.99990000099999e-06,9.99990000099999e-06
370000,969,969,969.0,1031.0,370000,0.0001030893714857998,0.0001030893714857998,9.99990000099999e-06,9.99990000099999e-06
370100,969,969,969.0,1031.0,370100,0.0001030893714857998,0.0001030893714857998,9.99990000099999e-06,9.99990000099999e-06
370200,965,965,965.0,1035.0,370200,0.00010348928885860313,0.00010348928885860313,9.99990000099999e-06,9.99990000099999e-06
370300,963,963,963.0,1037.0,370300,0.00010368924742504205,0.00010368924742504205,9.99990000099999e-06,9.99990000099999e-06
370400,973,973,973.0,1027.0,370400,0.00010268945379309543,0.00010268945379309543,9.99990000099999e-06,9.99990000099999e-06
370500,968,968,968.0,1032.0,370500,0.00010318935085899135,0.00010318935085899135,9.99990000099999e-06,9.99990000099999e-06
370600,976,976,976.0,1024.0,370600,0.00010238951531363188,0.00010238951531363188,9.99990000099999e-06,9.99990000099999e-06
370700,976,976,976.0,1024.0,370700,0.00010238951531363188,0.00010238951531363188,9.99990000099999e-06,9.99990000099999e-06
370800,972,972,972.0,1028.0,370800,0.00010278943324626227,0.00010278943324626227,9.99990000099999e-06,9.99990000099999e-06
370900,978,978,978.0,1022.0,370900,0.00010218955622735357,0.00010218955622735357,9.99990000099999e-06,9.99990000099999e-06
371000,978,979,978.0,1022.0,371000,0.00010218955622735357,0.0001020895766542236,9.99990000099999e-06,9.99990000099999e-06
371100,976,976,976.0,1024.0,371100,0.00010238951531363188,0.00010238951531363188,9.99990000099999e-06,9.99990000099999e-06
371200,977,977,977.0,1023.0,371200,0.00010228953578048966,0.00010228953578048966,9.99990000099999e-06,9.99990000099999e-06
371300,982,982,982.0,1018.0,371300,0.00010178963781487044,0.00010178963781487044,9.99990000099999e-06,9.99990000099999e-06
371400,985,985,985.0,1015.0,371400,0.00010148969879557225,0.00010148969879557225,9.99990000099999e-06,9.99990000099999e-06
371500,991,991,991.0,1009.0,371500,0.00010088982021714009,0.00010088982021714009,9.99990000099999e-06,9.99990000099999e-06
371600,984,984,984.0,1016.0,371600,0.00010158967848866555,0.00010158967848866555,9.99990000099999e-06,9.99990000099999e-06
371700,982,982,983.0,1017.0,371700,0.00010178963781487044,0.00010178963781487044,9.99990000099999e-06,9.99990000099999e-06
371800,978,978,978.0,1022.0,371800,0.00010218955622735357,0.00010218955622735357,9.99990000099999e-06,9.99990000099999e-06
371900,973,973,973.0,1027.0,371900,0.00010268945379309543,0.00010268945379309543,9.99990000099999e-06,9.99990000099999e-06
372000,965,966,965.0,1035.0,372000,0.00010348928885860313,0.000103389309545393,9.99990000099999e-06,9.99990000099999e-06
372100,968,968,968.0,1032.0,372100,0.00010318935085899135,0.00010318935085899135,9.99990000099999e-06,9.99990000099999e-06
372200,971,971,971.0,1029.0,372200,0.0001028894126794353,0.0001028894126794353,9.99990000099999e-06,9.99990000099999e-06
372300,976,976,976.0,1024.0,372300,0.00010238951531363188,0.00010238951531363188,9.99990000099999e-06,9.99990000099999e-06
372400,973,973,973.0,1027.0,372400,0.00010268945379309543,0.00010268945379309543,9.99990000099999e-06,9.99990000099999e-06
372500,970,970,970.0,1030.0,372500,0.00010298939209261448,0.00010298939209261448,9.99990000099999e-06,9.99990000099999e-06
372600,968,969,968.0,1031.0,372600,0.00010318935085899135,0.0001030893714857998,9.99990000099999e-06,9.99990000099999e-06
372700,961,961,961.0,1039.0,372700,0.00010388920591150579,0.00010388920591150579,9.99990000099999e-06,9.99990000099999e-06
372800,963,963,963.0,1037.0,372800,0.00010368924742504205,0.00010368924742504205,9.99990000099999e-06,9.99990000099999e-06
372900,962,963,963.0,1038.0,372900,0.0001037892266782708,0.00010368924742504205,9.99990000099999e-06,9.99990000099999e-06
373000,960,960,960.0,1040.0,373000,0.00010398918512474702,0.00010398918512474702,9.99990000099999e-06,9.99990000099999e-06
373100,970,970,970.0,1030.0,373100,0.00010298939209261448,0.00010298939209261448,9.99990000099999e-06,9.99990000099999e-06
373200,967,968,967.0,1033.0,373200,0.00010328933021218909,0.00010318935085899135,9.99990000099999e-06,9.99990000099999e-06
373300,970,970,970.0,1030.0,373300,0.00010298939209261448,0.00010298939209261448,9.99990000099999e-06,9.99990000099999e-06
373400,965,965,965.0,1035.0,373400,0.00010348928885860313,0.00010348928885860313,9.99990000099999e-06,9.99990000099999e-06
373500,969,969,969.0,1031.0,373500,0.0001030893714857998,0.0001030893714857998,9.99990000099999e-06,9.99990000099999e-06
373600,968,968,968.0,1032.0,373600,0.00010318935085899135,0.00010318935085899135,9.99990000099999e-06,9.99990000099999e-06
373700,972,972,972.0,1028.0,373700,0.00010278943324626227,0.00010278943324626227,9.99990000099999e-06,9.99990000099999e-06
373800,973,973,973.0,1027.0,373800,0.00010268945379309543,0.00010268945379309543,9.99990000099999e-06,9.99990000099999e-06
373900,972,972,972.0,1028.0,373900,0.00010278943324626227,0.00010278943324626227,9.99990000099999e-06,9.99990000099999e-06
374000,972,972,972.0,1028.0,374000,0.00010278943324626227,0.00010278943324626227,9.99990000099999e-06,9.99990000099999e-06
374100,980,981,981.0,1019.0,374100,0.00010198959706109978,0.00010188961744798205,9.99990000099999e-06,9.99990000099999e-06
374200,980,980,982.0,1018.0,374200,0.00010198959706109978,0.00010198959706109978,9.99990000099999e-06,9.99990000099999e-06
374300,990,990,990.0,1010.0,374300,0.00010098980003019696,0.00010098980003019696,9.99990000099999e-06,9.99990000099999e-06
374400,995,995,995.0,1005.0,374400,0.00010048990076497312,0.00010048990076497312,9.99990000099999e-06,9.99990000099999e-06
374500,992,992,992.0,1008.0,374500,0.00010078984038408928,0.00010078984038408928,9.99990000099999e-06,9.99990000099999e-06
374600,986,986,986.0,1014.0,374600,0.00010138971908248506,0.00010138971908248506,9.99990000099999e-06,9.99990000099999e-06
374700,982,982,982.0,1018.0,374700,0.00010178963781487044,0.00010178963781487044,9.99990000099999e-06,9.99990000099999e-06
374800,993,993,993.0,1007.0,374800,0.00010068986053104453,0.00010068986053104453,9.99990000099999e-06,9.99990000099999e-06
374900,992,992,992.0,1008.0,374900,0.00010078984038408928,0.00010078984038408928,9.99990000099999e-06,9.99990000099999e-06
375000,996,997,997.0,1003.0,375000,0.00010038992085194648,0.00010028994091892584,9.99990000099999e-06,9.99990000099999e-06
375100,995,995,995.0,1005.0,375100,0.00010048990076497312,0.00010048990076497312,9.99990000099999e-06,9.99990000099999e-06
375200,993,993,993.0,1007.0,375200,0.00010068986053104453,0.00010068986053104453,9.99990000099999e-06,9.99990000099999e-06
375300,999,999,1001.0,999.0,375300,0.0001000899809929026,0.0001000899809929026,9.99990000099999e-06,9.99990000099999e-06
375400,998,998,1001.0,999.0,375400,0.0001001899609659112,0.0001001899609659112,9.99990000099999e-06,9.99990000099999e-06
375500,995,995,1005.0,995.0,375500,0.00010048990076497312,0.00010048990076497312,9.99990000099999e-06,9.99990000099999e-06
375600,989,989,1012.0,989.0,375600,0.00010108977982325986,0.00010108977982325986,9.99990000099999e-06,9.99990000099999e-06
375700,984,984,1016.0,984.0,375700,0.00010158967848866555,0.00010158967848866555,9.99990000099999e-06,9.99990000099999e-06
375800,990,990,1010.0,990.0,375800,0.00010098980003019696,0.00010098980003019696,9.99990000099999e-06,9.99990000099999e-06
375900,991,991,1009.0,991.0,375900,0.00010088982021714009,0.00010088982021714009,9.99990000099999e-06,9.99990000099999e-06
376000,997,997,1003.0,997.0,376000,0.00010028994091892584,0.00010028994091892584,9.99990000099999e-06,9.99990000099999e-06
376100,999,999,1001.0,999.0,376100,0.0001000899809929026,0.0001000899809929026,9.99990000099999e-06,9.99990000099999e-06
376200,990,990,1010.0,990.0,376200,0.00010098980003019696,0.00010098980003019696,9.99990000099999e-06,9.99990000099999e-06
376300,997,997,1003.0,997.0,376300,0.00010028994091892584,0.00010028994091892584,9.99990000099999e-06,9.99990000099999e-06
376400,995,995,1005.0,995.0,376400,0.00010048990076497312,0.00010048990076497312,9.99990000099999e-06,9.99990000099999e-06
376500,993,993,1007.0,993.0,376500,0.00010068986053104453,0.00010068986053104453,9.99990000099999e-06,9.99990000099999e-06
376600,992,992,1008.0,992.0,376600,0.00010078984038408928,0.00010078984038408928,9.99990000099999e-06,9.99990000099999e-06
376700,990,990,1010.0,990.0,376700,0.00010098980003019696,0.00010098980003019696,9.99990000099999e-06,9.99990000099999e-06
376800,982,982,1018.0,982.0,376800,0.00010178963781487044,0.00010178963781487044,9.99990000099999e-06,9.99990000099999e-06
376900,991,991,1009.0,991.0,376900,0.00010088982021714009,0.00010088982021714009,9.99990000099999e-06,9.99990000099999e-06
377000,990,990,1010.0,990.0,377000,0.00010098980003019696,0.00010098980003019696,9.99990000099999e-06,9.99990000099999e-06
377100,984,984,1016.0,985.0,377100,0.00010158967848866555,0.00010158967848866555,9.99990000099999e-06,9.99990000099999e-06
377200,979,979,1021.0,979.0,377200,0.0001020895766542236,0.0001020895766542236,9.99990000099999e-06,9.99990000099999e-06
377300,976,976,1024.0,976.0,377300,0.00010238951531363188,0.00010238951531363188,9.99990000099999e-06,9.99990000099999e-06
377400,972,972,1028.0,972.0,377400,0.00010278943324626227,0.00010278943324626227,9.99990000099999e-06,9.99990000099999e-06
377500,974,974,1026.0,974.0,377500,0.00010258947431993479,0.00010258947431993479,9.99990000099999e-06,9.99990000099999e-06
377600,982,982,1018.0,982.0,377600,0.00010178963781487044,0.00010178963781487044,9.99990000099999e-06,9.99990000099999e-06
377700,982,982,1018.0,982.0,377700,0.00010178963781487044,0.00010178963781487044,9.99990000099999e-06,9.99990000099999e-06
377800,985,984,1015.0,985.0,377800,0.00010148969879557225,0.00010158967848866555,9.99990000099999e-06,9.99990000099999e-06
377900,992,992,1008.0,992.0,377900,0.00010078984038408928,0.00010078984038408928,9.99990000099999e-06,9.99990000099999e-06
378000,992,992,1008.0,992.0,378000,0.00010078984038408928,0.00010078984038408928,9.99990000099999e-06,9.99990000099999e-06
378100,995,995,1005.0,995.0,378100,0.00010048990076497312,0.00010048990076497312,9.99990000099999e-06,9.99990000099999e-06
378200,988,989,1012.0,989.0,378200,0.00010118975959632885,0.00010108977982325986,9.99990000099999e-06,9.99990000099999e-06
378300,989,989,1010.0,990.0,378300,0.00010108977982325986,0.00010108977982325986,9.99990000099999e-06,9.99990000099999e-06
378400,992,992,1008.0,992.0,378400,0.00010078984038408928,0.00010078984038408928,9.99990000099999e-06,9.99990000099999e-06
378500,988,988,1012.0,988.0,378500,0.00010118975959632885,0.00010118975959632885,9.99990000099999e-06,9.99990000099999e-06
378600,989,989,1011.0,989.0,378600,0.00010108977982325986,0.00010108977982325986,9.99990000099999e-06,9.99990000099999e-06
378700,988,988,1012.0,988.0,378700,0.00010118975959632885,0.00010118975959632885,9.99990000099999e-06,9.99990000099999e-06
378800,975,975,1025.0,975.0,378800,0.00010248949482678026,0.00010248949482678026,9.99990000099999e-06,9.99990000099999e-06
378900,967,967,1033.0,967.0,378900,0.00010328933021218909,0.00010328933021218909,9.99990000099999e-06,9.99990000099999e-06
379000,963,963,1037.0,963.0,379000,0.00010368924742504205,0.00010368924742504205,9.99990000099999e-06,9.99990000099999e-06
379100,977,977,1023.0,977.0,379100,0.00010228953578048966,0.00010228953578048966,9.99990000099999e-06,9.99990000099999e-06
379200,981,981,1019.0,981.0,379200,0.00010188961744798205,0.00010188961744798205,9.99990000099999e-06,9.99990000099999e-06
379300,980,980,1020.0,980.0,379300,0.00010198959706109978,0.00010198959706109978,9.99990000099999e-06,9.99990000099999e-06
379400,980,980,1020.0,980.0,379400,0.00010198959706109978,0.00010198959706109978,9.99990000099999e-06,9.99990000099999e-06
379500,974,974,1026.0,974.0,379500,0.00010258947431993479,0.00010258947431993479,9.99990000099999e-06,9.99990000099999e-06
379600,974,974,1027.0,974.0,379600,0.00010258947431993479,0.00010258947431993479,9.99990000099999e-06,9.99990000099999e-06
379700,983,982,1017.0,983.0,379700,0.00010168965816176495,0.00010178963781487044,9.99990000099999e-06,9.99990000099999e-06
379800,983,983,1017.0,983.0,379800,0.00010168965816176495,0.00010168965816176495,9.99990000099999e-06,9.99990000099999e-06
379900,977,977,1023.0,977.0,379900,0.00010228953578048966,0.00010228953578048966,9.99990000099999e-06,9.99990000099999e-06
380000,977,977,1023.0,977.0,380000,0.00010228953578048966,0.00010228953578048966,9.99990000099999e-06,9.99990000099999e-06
380100,980,980,1020.0,980.0,380100,0.00010198959706109978,0.00010198959706109978,9.99990000099999e-06,9.99990000099999e-06
380200,980,980,1020.0,980.0,380200,0.00010198959706109978,0.00010198959706109978,9.99990000099999e-06,9.99990000099999e-06
380300,983,983,1017.0,983.0,380300,0.00010168965816176495,0.00010168965816176495,9.99990000099999e-06,9.99990000099999e-06
380400,982,982,1018.0,982.0,380400,0.00010178963781487044,0.00010178963781487044,9.99990000099999e-06,9.99990000099999e-06
380500,981,981,1019.0,981.0,380500,0.00010188961744798205,0.00010188961744798205,9.99990000099999e-06,9.99990000099999e-06
380600,983,983,1017.0,983.0,380600,0.00010168965816176495,0.00010168965816176495,9.99990000099999e-06,9.99990000099999e-06
380700,979,979,1021.0,979.0,380700,0.0001020895766542236,0.0001020895766542236,9.99990000099999e-06,9.99990000099999e-06
380800,987,987,1013.0,987.0,380800,0.00010128973934940391,0.00010128973934940391,9.99990000099999e-06,9.99990000099999e-06
380900,984,984,1016.0,984.0,380900,0.00010158967848866555,0.00010158967848866555,9.99990000099999e-06,9.99990000099999e-06
381000,998,998,1002.0,998.0,381000,0.0001001899609659112,0.0001001899609659112,9.99990000099999e-06,9.99990000099999e-06
381100,999,999,1001.0,999.0,381100,0.0001000899809929026,0.0001000899809929026,9.99990000099999e-06,9.99990000099999e-06
381200,992,992,1008.0,992.0,381200,0.00010078984038408928,0.00010078984038408928,9.99990000099999e-06,9.99990000099999e-06
381300,985,985,1015.0,985.0,381300,0.00010148969879557225,0.00010148969879557225,9.99990000099999e-06,9.99990000099999e-06
381400,985,985,1015.0,985.0,381400,0.00010148969879557225,0.00010148969879557225,9.99990000099999e-06,9.99990000099999e-06
381500,991,991,1009.0,991.0,381500,0.00010088982021714009,0.00010088982021714009,9.99990000099999e-06,9.99990000099999e-06
381600,984,984,1016.0,984.0,381600,0.00010158967848866555,0.00010158967848866555,9.99990000099999e-06,9.99990000099999e-06
381700,972,972,1028.0,972.0,381700,0.00010278943324626227,0.00010278943324626227,9.99990000099999e-06,9.99990000099999e-06
381800,961,961,1039.0,961.0,381800,0.00010388920591150579,0.00010388920591150579,9.99990000099999e-06,9.99990000099999e-06
381900,961,961,1039.0,961.0,381900,0.00010388920591150579,0.00010388920591150579,9.99990000099999e-06,9.99990000099999e-06
382000,963,963,1037.0,963.0,382000,0.00010368924742504205,0.00010368924742504205,9.99990000099999e-06,9.99990000099999e-06
382100,959,959,1041.0,959.0,382100,0.0001040891643179945,0.0001040891643179945,9.99990000099999e-06,9.99990000099999e-06
382200,966,965,1035.0,966.0,382200,0.000103389309545393,0.00010348928885860313,9.99990000099999e-06,9.99990000099999e-06
382300,971,971,1029.0,971.0,382300,0.0001028894126794353,0.0001028894126794353,9.99990000099999e-06,9.99990000099999e-06
382400,963,962,1038.0,962.0,382400,0.00010368924742504205,0.0001037892266782708,9.99990000099999e-06,9.99990000099999e-06
382500,961,961,1039.0,961.0,382500,0.00010388920591150579,0.00010388920591150579,9.99990000099999e-06,9.99990000099999e-06
382600,959,959,1039.0,961.0,382600,0.0001040891643179945,0.0001040891643179945,9.99990000099999e-06,9.99990000099999e-06
382700,963,963,1037.0,963.0,382700,0.00010368924742504205,0.00010368924742504205,9.99990000099999e-06,9.99990000099999e-06
382800,955,955,1045.0,955.0,382800,0.0001044890808910469,0.0001044890808910469,9.99990000099999e-06,9.99990000099999e-06
382900,958,958,1042.0,958.0,382900,0.00010418914349124821,0.00010418914349124821,9.99990000099999e-06,9.99990000099999e-06
383000,953,953,1047.0,953.0,383000,0.00010468903905761067,0.00010468903905761067,9.99990000099999e-06,9.99990000099999e-06
383100,956,956,1044.0,956.0,383100,0.0001043891017777744,0.0001043891017777744,9.99990000099999e-06,9.99990000099999e-06
383200,949,949,1051.0,949.0,383200,0.00010508895515081363,0.00010508895515081363,9.99990000099999e-06,9.99990000099999e-06
383300,943,943,1057.0,944.0,383300,0.00010568882869080739,0.00010568882869080739,9.99990000099999e-06,9.99990000099999e-06
383400,949,949,1051.0,949.0,383400,0.00010508895515081363,0.00010508895515081363,9.99990000099999e-06,9.99990000099999e-06
383500,949,949,1051.0,949.0,383500,0.00010508895515081363,0.00010508895515081363,9.99990000099999e-06,9.99990000099999e-06
383600,940,940,1060.0,941.0,383600,0.00010598876519088978,0.00010598876519088978,9.99990000099999e-06,9.99990000099999e-06
383700,933,933,1067.0,933.0,383700,0.00010668861632463818,0.00010668861632463818,9.99990000099999e-06,9.99990000099999e-06
383800,925,925,1075.0,925.0,383800,0.00010748844499216334,0.00010748844499216334,9.99990000099999e-06,9.99990000099999e-06
383900,918,917,1082.0,918.0,383900,0.00010818829402658634,0.00010828827238010124,9.99990000099999e-06,9.99990000099999e-06
384000,916,916,1084.0,916.0,384000,0.00010838825071362264,0.00010838825071362264,9.99990000099999e-06,9.99990000099999e-06
384100,914,914,1086.0,914.0,384100,0.00010858820732068498,0.00010858820732068498,9.99990000099999e-06,9.99990000099999e-06
384200,917,917,1083.0,917.0,384200,0.00010828827238010124,0.00010828827238010124,9.99990000099999e-06,9.99990000099999e-06
384300,920,920,1080.0,920.0,384300,0.00010798833725957598,0.00010798833725957598,9.99990000099999e-06,9.99990000099999e-06
384400,919,919,1080.0,920.0,384400,0.0001080883156530779,0.0001080883156530779,9.99990000099999e-06,9.99990000099999e-06
384500,910,910,1090.0,910.0,384500,0.00010898812029488787,0.00010898812029488787,9.99990000099999e-06,9.99990000099999e-06
384600,914,914,1086.0,914.0,384600,0.00010858820732068498,0.00010858820732068498,9.99990000099999e-06,9.99990000099999e-06
384700,918,918,1082.0,918.0,384700,0.00010818829402658634,0.00010818829402658634,9.99990000099999e-06,9.99990000099999e-06
384800,916,916,1084.0,916.0,384800,0.00010838825071362264,0.00010838825071362264,9.99990000099999e-06,9.99990000099999e-06
384900,917,917,1083.0,917.0,384900,0.00010828827238010124,0.00010828827238010124,9.99990000099999e-06,9.99990000099999e-06
385000,914,914,1086.0,914.0,385000,0.00010858820732068498,0.00010858820732068498,9.99990000099999e-06,9.99990000099999e-06
385100,917,917,1082.0,917.0,385100,0.00010828827238010124,0.00010828827238010124,9.99990000099999e-06,9.99990000099999e-06
385200,922,922,1078.0,922.0,385200,0.0001077883804125915,0.0001077883804125915,9.99990000099999e-06,9.99990000099999e-06
385300,928,928,1072.0,928.0,385300,0.00010718850939179321,0.00010718850939179321,9.99990000099999e-06,9.99990000099999e-06
385400,940,940,1060.0,940.0,385400,0.00010598876519088978,0.00010598876519088978,9.99990000099999e-06,9.99990000099999e-06
385500,945,945,1055.0,945.0,385500,0.0001054888709241175,0.0001054888709241175,9.99990000099999e-06,9.99990000099999e-06
385600,947,947,1053.0,947.0,385600,0.00010528891307745295,0.00010528891307745295,9.99990000099999e-06,9.99990000099999e-06
385700,947,947,1053.0,947.0,385700,0.00010528891307745295,0.00010528891307745295,9.99990000099999e-06,9.99990000099999e-06
385800,954,954,1046.0,954.0,385800,0.00010458905998432565,0.00010458905998432565,9.99990000099999e-06,9.99990000099999e-06
385900,957,957,1043.0,957.0,385900,0.00010428912264450817,0.00010428912264450817,9.99990000099999e-06,9.99990000099999e-06
386000,964,964,1036.0,964.0,386000,0.00010358926815181946,0.00010358926815181946,9.99990000099999e-06,9.99990000099999e-06
386100,957,956,1043.0,956.0,386100,0.00010428912264450817,0.0001043891017777744,9.99990000099999e-06,9.99990000099999e-06
386200,944,944,1056.0,944.0,386200,0.00010558884981745929,0.00010558884981745929,9.99990000099999e-06,9.99990000099999e-06
386300,947,945,1055.0,947.0,386300,0.00010528891307745295,0.0001054888709241175,9.99990000099999e-06,9.99990000099999e-06
386400,950,950,1050.0,950.0,386400,0.00010498897615750347,0.00010498897615750347,9.99990000099999e-06,9.99990000099999e-06
386500,942,942,1058.0,942.0,386500,0.00010578880754416181,0.00010578880754416181,9.99990000099999e-06,9.99990000099999e-06
386600,953,953,1047.0,953.0,386600,0.00010468903905761067,0.00010468903905761067,9.99990000099999e-06,9.99990000099999e-06
386700,952,952,1048.0,952.0,386700,0.00010478901811090198,0.00010478901811090198,9.99990000099999e-06,9.99990000099999e-06
386800,955,955,1045.0,955.0,386800,0.0001044890808910469,0.0001044890808910469,9.99990000099999e-06,9.99990000099999e-06
386900,958,958,1042.0,958.0,386900,0.00010418914349124821,0.00010418914349124821,9.99990000099999e-06,9.99990000099999e-06
387000,952,952,1048.0,952.0,387000,0.00010478901811090198,0.00010478901811090198,9.99990000099999e-06,9.99990000099999e-06
387100,954,954,1046.0,954.0,387100,0.00010458905998432565,0.00010458905998432565,9.99990000099999e-06,9.99990000099999e-06
387200,948,948,1052.0,948.0,387200,0.00010518893412413015,0.00010518893412413015,9.99990000099999e-06,9.99990000099999e-06
387300,954,954,1046.0,954.0,387300,0.00010458905998432565,0.00010458905998432565,9.99990000099999e-06,9.99990000099999e-06
387400,952,952,1048.0,952.0,387400,0.00010478901811090198,0.00010478901811090198,9.99990000099999e-06,9.99990000099999e-06
387500,955,955,1045.0,955.0,387500,0.0001044890808910469,0.0001044890808910469,9.99990000099999e-06,9.99990000099999e-06
387600,954,954,1046.0,954.0,387600,0.00010458905998432565,0.00010458905998432565,9.99990000099999e-06,9.99990000099999e-06
387700,945,945,1055.0,945.0,387700,0.0001054888709241175,0.0001054888709241175,9.99990000099999e-06,9.99990000099999e-06
387800,946,946,1054.0,946.0,387800,0.00010538889201078208,0.00010538889201078208,9.99990000099999e-06,9.99990000099999e-06
387900,946,946,1054.0,946.0,387900,0.00010538889201078208,0.00010538889201078208,9.99990000099999e-06,9.99990000099999e-06
388000,956,956,1044.0,956.0,388000,0.0001043891017777744,0.0001043891017777744,9.99990000099999e-06,9.99990000099999e-06
388100,961,961,1039.0,961.0,388100,0.00010388920591150579,0.00010388920591150579,9.99990000099999e-06,9.99990000099999e-06
388200,955,955,1045.0,955.0,388200,0.0001044890808910469,0.0001044890808910469,9.99990000099999e-06,9.99990000099999e-06
388300,960,960,1040.0,960.0,388300,0.00010398918512474702,0.00010398918512474702,9.99990000099999e-06,9.99990000099999e-06
388400,958,958,1042.0,958.0,388400,0.00010418914349124821,0.00010418914349124821,9.99990000099999e-06,9.99990000099999e-06
388500,965,965,1035.0,965.0,388500,0.00010348928885860313,0.00010348928885860313,9.99990000099999e-06,9.99990000099999e-06
388600,968,968,1032.0,968.0,388600,0.00010318935085899135,0.00010318935085899135,9.99990000099999e-06,9.99990000099999e-06
388700,964,964,1036.0,964.0,388700,0.00010358926815181946,0.00010358926815181946,9.99990000099999e-06,9.99990000099999e-06
388800,962,961,1039.0,961.0,388800,0.0001037892266782708,0.00010388920591150579,9.99990000099999e-06,9.99990000099999e-06
388900,951,951,1049.0,951.0,388900,0.00010488899714419958,0.00010488899714419958,9.99990000099999e-06,9.99990000099999e-06
389000,949,949,1051.0,949.0,389000,0.00010508895515081363,0.00010508895515081363,9.99990000099999e-06,9.99990000099999e-06
389100,950,950,1050.0,950.0,389100,0.00010498897615750347,0.00010498897615750347,9.99990000099999e-06,9.99990000099999e-06
389200,950,950,1050.0,950.0,389200,0.00010498897615750347,0.00010498897615750347,9.99990000099999e-06,9.99990000099999e-06
389300,951,951,1049.0,951.0,389300,0.00010488899714419958,0.00010488899714419958,9.99990000099999e-06,9.99990000099999e-06
389400,948,948,1052.0,948.0,389400,0.00010518893412413015,0.00010518893412413015,9.99990000099999e-06,9.99990000099999e-06
389500,945,945,1055.0,945.0,389500,0.0001054888709241175,0.0001054888709241175,9.99990000099999e-06,9.99990000099999e-06
389600,945,944,1056.0,945.0,389600,0.0001054888709241175,0.00010558884981745929,9.99990000099999e-06,9.99990000099999e-06
389700,939,939,1061.0,939.0,389700,0.00010608874398426327,0.00010608874398426327,9.99990000099999e-06,9.99990000099999e-06
389800,939,939,1061.0,939.0,389800,0.00010608874398426327,0.00010608874398426327,9.99990000099999e-06,9.99990000099999e-06
389900,936,936,1064.0,936.0,389900,0.00010638868024442201,0.00010638868024442201,9.99990000099999e-06,9.99990000099999e-06
390000,944,944,1056.0,944.0,390000,0.00010558884981745929,0.00010558884981745929,9.99990000099999e-06,9.99990000099999e-06
390100,949,948,1052.0,948.0,390100,0.00010508895515081363,0.00010518893412413015,9.99990000099999e-06,9.99990000099999e-06
390200,952,952,1048.0,952.0,390200,0.00010478901811090198,0.00010478901811090198,9.99990000099999e-06,9.99990000099999e-06
390300,954,954,1047.0,954.0,390300,0.00010458905998432565,0.00010458905998432565,9.99990000099999e-06,9.99990000099999e-06
390400,956,956,1044.0,956.0,390400,0.0001043891017777744,0.0001043891017777744,9.99990000099999e-06,9.99990000099999e-06
390500,961,961,1039.0,961.0,390500,0.00010388920591150579,0.00010388920591150579,9.99990000099999e-06,9.99990000099999e-06
390600,953,953,1047.0,955.0,390600,0.00010468903905761067,0.00010468903905761067,9.99990000099999e-06,9.99990000099999e-06
390700,950,950,1050.0,950.0,390700,0.00010498897615750347,0.00010498897615750347,9.99990000099999e-06,9.99990000099999e-06
390800,954,954,1046.0,954.0,390800,0.00010458905998432565,0.00010458905998432565,9.99990000099999e-06,9.99990000099999e-06
390900,957,957,1043.0,957.0,390900,0.00010428912264450817,0.00010428912264450817,9.99990000099999e-06,9.99990000099999e-06
391000,951,951,1049.0,951.0,391000,0.00010488899714419958,0.00010488899714419958,9.99990000099999e-06,9.99990000099999e-06
391100,943,943,1057.0,943.0,391100,0.00010568882869080739,0.00010568882869080739,9.99990000099999e-06,9.99990000099999e-06
391200,940,940,1060.0,940.0,391200,0.00010598876519088978,0.00010598876519088978,9.99990000099999e-06,9.99990000099999e-06
391300,942,942,1058.0,942.0,391300,0.00010578880754416181,0.00010578880754416181,9.99990000099999e-06,9.99990000099999e-06
391400,942,942,1058.0,942.0,391400,0.00010578880754416181,0.00010578880754416181,9.99990000099999e-06,9.99990000099999e-06
391500,943,943,1057.0,943.0,391500,0.00010568882869080739,0.00010568882869080739,9.99990000099999e-06,9.99990000099999e-06
391600,945,945,1055.0,945.0,391600,0.0001054888709241175,0.0001054888709241175,9.99990000099999e-06,9.99990000099999e-06
391700,944,943,1056.0,944.0,391700,0.00010558884981745929,0.00010568882869080739,9.99990000099999e-06,9.99990000099999e-06
391800,950,950,1050.0,950.0,391800,0.00010498897615750347,0.00010498897615750347,9.99990000099999e-06,9.99990000099999e-06
391900,953,953,1047.0,953.0,391900,0.00010468903905761067,0.00010468903905761067,9.99990000099999e-06,9.99990000099999e-06
392000,951,951,1049.0,951.0,392000,0.00010488899714419958,0.00010488899714419958,9.99990000099999e-06,9.99990000099999e-06
392100,951,951,1049.0,951.0,392100,0.00010488899714419958,0.00010488899714419958,9.99990000099999e-06,9.99990000099999e-06
392200,949,949,1051.0,950.0,392200,0.00010508895515081363,0.00010508895515081363,9.99990000099999e-06,9.99990000099999e-06
392300,960,960,1040.0,960.0,392300,0.00010398918512474702,0.00010398918512474702,9.99990000099999e-06,9.99990000099999e-06
392400,955,955,1045.0,955.0,392400,0.0001044890808910469,0.0001044890808910469,9.99990000099999e-06,9.99990000099999e-06
392500,957,957,1043.0,957.0,392500,0.00010428912264450817,0.00010428912264450817,9.99990000099999e-06,9.99990000099999e-06
392600,953,953,1047.0,953.0,392600,0.00010468903905761067,0.00010468903905761067,9.99990000099999e-06,9.99990000099999e-06
392700,949,950,1051.0,949.0,392700,0.00010508895515081363,0.00010498897615750347,9.99990000099999e-06,9.99990000099999e-06
392800,957,957,1043.0,957.0,392800,0.00010428912264450817,0.00010428912264450817,9.99990000099999e-06,9.99990000099999e-06
392900,950,950,1050.0,950.0,392900,0.00010498897615750347,0.00010498897615750347,9.99990000099999e-06,9.99990000099999e-06
393000,954,953,1047.0,953.0,393000,0.00010458905998432565,0.00010468903905761067,9.99990000099999e-06,9.99990000099999e-06
393100,958,958,1042.0,958.0,393100,0.00010418914349124821,0.00010418914349124821,9.99990000099999e-06,9.99990000099999e-06
393200,947,947,1053.0,947.0,393200,0.00010528891307745295,0.00010528891307745295,9.99990000099999e-06,9.99990000099999e-06
393300,946,946,1054.0,946.0,393300,0.00010538889201078208,0.00010538889201078208,9.99990000099999e-06,9.99990000099999e-06
393400,948,948,1052.0,948.0,393400,0.00010518893412413015,0.00010518893412413015,9.99990000099999e-06,9.99990000099999e-06
393500,948,948,1052.0,948.0,393500,0.00010518893412413015,0.00010518893412413015,9.99990000099999e-06,9.99990000099999e-06
393600,948,948,1052.0,948.0,393600,0.00010518893412413015,0.00010518893412413015,9.99990000099999e-06,9.99990000099999e-06
393700,949,949,1051.0,949.0,393700,0.00010508895515081363,0.00010508895515081363,9.99990000099999e-06,9.99990000099999e-06
393800,942,942,1058.0,942.0,393800,0.00010578880754416181,0.00010578880754416181,9.99990000099999e-06,9.99990000099999e-06
393900,940,940,1060.0,940.0,393900,0.00010598876519088978,0.00010598876519088978,9.99990000099999e-06,9.99990000099999e-06
394000,941,940,1060.0,941.0,394000,0.00010588878637752262,0.00010598876519088978,9.99990000099999e-06,9.99990000099999e-06
394100,942,942,1058.0,942.0,394100,0.00010578880754416181,0.00010578880754416181,9.99990000099999e-06,9.99990000099999e-06
394200,937,938,1062.0,938.0,394200,0.0001062887015110294,0.00010618872275764314,9.99990000099999e-06,9.99990000099999e-06
394300,943,943,1057.0,943.0,394300,0.00010568882869080739,0.00010568882869080739,9.99990000099999e-06,9.99990000099999e-06
394400,946,946,1054.0,946.0,394400,0.00010538889201078208,0.00010538889201078208,9.99990000099999e-06,9.99990000099999e-06
394500,943,942,1057.0,943.0,394500,0.00010568882869080739,0.00010578880754416181,9.99990000099999e-06,9.99990000099999e-06
394600,950,950,1050.0,950.0,394600,0.00010498897615750347,0.00010498897615750347,9.99990000099999e-06,9.99990000099999e-06
394700,951,951,1049.0,951.0,394700,0.00010488899714419958,0.00010488899714419958,9.99990000099999e-06,9.99990000099999e-06
394800,956,956,1044.0,956.0,394800,0.0001043891017777744,0.0001043891017777744,9.99990000099999e-06,9.99990000099999e-06
394900,956,956,1044.0,956.0,394900,0.0001043891017777744,0.0001043891017777744,9.99990000099999e-06,9.99990000099999e-06
395000,955,955,1045.0,955.0,395000,0.0001044890808910469,0.0001044890808910469,9.99990000099999e-06,9.99990000099999e-06
395100,957,957,1043.0,957.0,395100,0.00010428912264450817,0.00010428912264450817,9.99990000099999e-06,9.99990000099999e-06
395200,957,957,1043.0,956.0,395200,0.00010428912264450817,0.00010428912264450817,9.99990000099999e-06,9.99990000099999e-06
395300,959,959,1041.0,959.0,395300,0.0001040891643179945,0.0001040891643179945,9.99990000099999e-06,9.99990000099999e-06
395400,957,957,1043.0,957.0,395400,0.00010428912264450817,0.00010428912264450817,9.99990000099999e-06,9.99990000099999e-06
395500,960,960,1040.0,960.0,395500,0.00010398918512474702,0.00010398918512474702,9.99990000099999e-06,9.99990000099999e-06
395600,964,964,1036.0,964.0,395600,0.00010358926815181946,0.00010358926815181946,9.99990000099999e-06,9.99990000099999e-06
395700,965,965,1035.0,965.0,395700,0.00010348928885860313,0.00010348928885860313,9.99990000099999e-06,9.99990000099999e-06
395800,959,959,1041.0,959.0,395800,0.0001040891643179945,0.0001040891643179945,9.99990000099999e-06,9.99990000099999e-06
395900,951,951,1049.0,951.0,395900,0.00010488899714419958,0.00010488899714419958,9.99990000099999e-06,9.99990000099999e-06
396000,955,955,1045.0,955.0,396000,0.0001044890808910469,0.0001044890808910469,9.99990000099999e-06,9.99990000099999e-06
396100,953,953,1047.0,953.0,396100,0.00010468903905761067,0.00010468903905761067,9.99990000099999e-06,9.99990000099999e-06
396200,956,956,1044.0,956.0,396200,0.0001043891017777744,0.0001043891017777744,9.99990000099999e-06,9.99990000099999e-06
396300,957,957,1043.0,957.0,396300,0.00010428912264450817,0.00010428912264450817,9.99990000099999e-06,9.99990000099999e-06
396400,959,959,1041.0,959.0,396400,0.0001040891643179945,0.0001040891643179945,9.99990000099999e-06,9.99990000099999e-06
396500,959,959,1041.0,958.0,396500,0.0001040891643179945,0.0001040891643179945,9.99990000099999e-06,9.99990000099999e-06
396600,964,964,1036.0,964.0,396600,0.00010358926815181946,0.00010358926815181946,9.99990000099999e-06,9.99990000099999e-06
396700,966,966,1034.0,966.0,396700,0.000103389309545393,0.000103389309545393,9.99990000099999e-06,9.99990000099999e-06
396800,960,960,1040.0,960.0,396800,0.00010398918512474702,0.00010398918512474702,9.99990000099999e-06,9.99990000099999e-06
396900,968,968,1032.0,968.0,396900,0.00010318935085899135,0.00010318935085899135,9.99990000099999e-06,9.99990000099999e-06
397000,961,961,1039.0,961.0,397000,0.00010388920591150579,0.00010388920591150579,9.99990000099999e-06,9.99990000099999e-06
397100,958,958,1042.0,958.0,397100,0.00010418914349124821,0.00010418914349124821,9.99990000099999e-06,9.99990000099999e-06
397200,963,963,1037.0,963.0,397200,0.00010368924742504205,0.00010368924742504205,9.99990000099999e-06,9.99990000099999e-06
397300,961,961,1039.0,961.0,397300,0.00010388920591150579,0.00010388920591150579,9.99990000099999e-06,9.99990000099999e-06
397400,970,970,1030.0,970.0,397400,0.00010298939209261448,0.00010298939209261448,9.99990000099999e-06,9.99990000099999e-06
397500,968,968,1032.0,968.0,397500,0.00010318935085899135,0.00010318935085899135,9.99990000099999e-06,9.99990000099999e-06
397600,960,960,1040.0,960.0,397600,0.00010398918512474702,0.00010398918512474702,9.99990000099999e-06,9.99990000099999e-06
397700,966,966,1034.0,966.0,397700,0.000103389309545393,0.000103389309545393,9.99990000099999e-06,9.99990000099999e-06
397800,961,961,1039.0,961.0,397800,0.00010388920591150579,0.00010388920591150579,9.99990000099999e-06,9.99990000099999e-06
397900,960,960,1040.0,960.0,397900,0.00010398918512474702,0.00010398918512474702,9.99990000099999e-06,9.99990000099999e-06
398000,965,965,1035.0,965.0,398000,0.00010348928885860313,0.00010348928885860313,9.99990000099999e-06,9.99990000099999e-06
398100,971,971,1029.0,971.0,398100,0.0001028894126794353,0.0001028894126794353,9.99990000099999e-06,9.99990000099999e-06
398200,975,975,1025.0,975.0,398200,0.00010248949482678026,0.00010248949482678026,9.99990000099999e-06,9.99990000099999e-06
398300,969,969,1031.0,969.0,398300,0.0001030893714857998,0.0001030893714857998,9.99990000099999e-06,9.99990000099999e-06
398400,968,968,1032.0,968.0,398400,0.00010318935085899135,0.00010318935085899135,9.99990000099999e-06,9.99990000099999e-06
398500,967,967,1033.0,967.0,398500,0.00010328933021218909,0.00010328933021218909,9.99990000099999e-06,9.99990000099999e-06
398600,966,965,1035.0,966.0,398600,0.000103389309545393,0.00010348928885860313,9.99990000099999e-06,9.99990000099999e-06
398700,968,968,1032.0,969.0,398700,0.00010318935085899135,0.00010318935085899135,9.99990000099999e-06,9.99990000099999e-06
398800,969,969,1031.0,969.0,398800,0.0001030893714857998,0.0001030893714857998,9.99990000099999e-06,9.99990000099999e-06
398900,974,974,1025.0,974.0,398900,0.00010258947431993479,0.00010258947431993479,9.99990000099999e-06,9.99990000099999e-06
399000,974,974,1026.0,974.0,399000,0.00010258947431993479,0.00010258947431993479,9.99990000099999e-06,9.99990000099999e-06
399100,975,974,1025.0,974.0,399100,0.00010248949482678026,0.00010258947431993479,9.99990000099999e-06,9.99990000099999e-06
399200,970,970,1030.0,970.0,399200,0.00010298939209261448,0.00010298939209261448,9.99990000099999e-06,9.99990000099999e-06
399300,977,977,1023.0,977.0,399300,0.00010228953578048966,0.00010228953578048966,9.99990000099999e-06,9.99990000099999e-06
399400,977,977,1023.0,977.0,399400,0.00010228953578048966,0.00010228953578048966,9.99990000099999e-06,9.99990000099999e-06
399500,979,979,1021.0,979.0,399500,0.0001020895766542236,0.0001020895766542236,9.99990000099999e-06,9.99990000099999e-06
399600,979,979,1021.0,979.0,399600,0.0001020895766542236,0.0001020895766542236,9.99990000099999e-06,9.99990000099999e-06
399700,979,979,1021.0,979.0,399700,0.0001020895766542236,0.0001020895766542236,9.99990000099999e-06,9.99990000099999e-06
399800,983,983,1017.0,983.0,399800,0.00010168965816176495,0.00010168965816176495,9.99990000099999e-06,9.99990000099999e-06
399900,988,988,1012.0,988.0,399900,0.00010118975959632885,0.00010118975959632885,9.99990000099999e-06,9.99990000099999e-06
400000,989,989,1011.0,989.0,400000,0.00010108977982325986,0.00010108977982325986,9.99990000099999e-06,9.99990000099999e-06
400100,998,998,1002.0,998.0,400100,0.0001001899609659112,0.0001001899609659112,9.99990000099999e-06,9.99990000099999e-06
400200,989,989,1011.0,989.0,400200,0.00010108977982325986,0.00010108977982325986,9.99990000099999e-06,9.99990000099999e-06
400300,996,996,1004.0,996.0,400300,0.00010038992085194648,0.00010038992085194648,9.99990000099999e-06,9.99990000099999e-06
400400,997,996,1003.0,997.0,400400,0.00010028994091892584,0.00010038992085194648,9.99990000099999e-06,9.99990000099999e-06
400500,995,995,995.0,1005.0,400500,0.00010048990076497312,0.00010048990076497312,9.99990000099999e-06,9.99990000099999e-06
400600,985,985,985.0,1015.0,400600,0.00010148969879557225,0.00010148969879557225,9.99990000099999e-06,9.99990000099999e-06
400700,985,985,985.0,1015.0,400700,0.00010148969879557225,0.00010148969879557225,9.99990000099999e-06,9.99990000099999e-06
400800,987,987,987.0,1013.0,400800,0.00010128973934940391,0.00010128973934940391,9.99990000099999e-06,9.99990000099999e-06
400900,986,986,986.0,1014.0,400900,0.00010138971908248506,0.00010138971908248506,9.99990000099999e-06,9.99990000099999e-06
401000,990,990,990.0,1010.0,401000,0.00010098980003019696,0.00010098980003019696,9.99990000099999e-06,9.99990000099999e-06
401100,991,991,991.0,1009.0,401100,0.00010088982021714009,0.00010088982021714009,9.99990000099999e-06,9.99990000099999e-06
401200,992,993,992.0,1008.0,401200,0.00010078984038408928,0.00010068986053104453,9.99990000099999e-06,9.99990000099999e-06
401300,991,991,991.0,1009.0,401300,0.00010088982021714009,0.00010088982021714009,9.99990000099999e-06,9.99990000099999e-06
401400,984,985,984.0,1015.0,401400,0.00010158967848866555,0.00010148969879557225,9.99990000099999e-06,9.99990000099999e-06
401500,993,993,993.0,1007.0,401500,0.00010068986053104453,0.00010068986053104453,9.99990000099999e-06,9.99990000099999e-06
401600,990,990,990.0,1010.0,401600,0.00010098980003019696,0.00010098980003019696,9.99990000099999e-06,9.99990000099999e-06
401700,992,992,992.0,1008.0,401700,0.00010078984038408928,0.00010078984038408928,9.99990000099999e-06,9.99990000099999e-06
401800,991,991,991.0,1009.0,401800,0.00010088982021714009,0.00010088982021714009,9.99990000099999e-06,9.99990000099999e-06
401900,994,994,994.0,1006.0,401900,0.00010058988065800582,0.00010058988065800582,9.99990000099999e-06,9.99990000099999e-06
402000,988,988,988.0,1012.0,402000,0.00010118975959632885,0.00010118975959632885,9.99990000099999e-06,9.99990000099999e-06
402100,986,986,986.0,1014.0,402100,0.00010138971908248506,0.00010138971908248506,9.99990000099999e-06,9.99990000099999e-06
402200,991,991,991.0,1009.0,402200,0.00010088982021714009,0.00010088982021714009,9.99990000099999e-06,9.99990000099999e-06
402300,991,991,991.0,1009.0,402300,0.00010088982021714009,0.00010088982021714009,9.99990000099999e-06,9.99990000099999e-06
402400,984,985,984.0,1016.0,402400,0.00010158967848866555,0.00010148969879557225,9.99990000099999e-06,9.99990000099999e-06
402500,986,986,986.0,1014.0,402500,0.00010138971908248506,0.00010138971908248506,9.99990000099999e-06,9.99990000099999e-06
402600,988,988,988.0,1012.0,402600,0.00010118975959632885,0.00010118975959632885,9.99990000099999e-06,9.99990000099999e-06
402700,988,988,988.0,1012.0,402700,0.00010118975959632885,0.00010118975959632885,9.99990000099999e-06,9.99990000099999e-06
402800,987,987,987.0,1013.0,402800,0.00010128973934940391,0.00010128973934940391,9.99990000099999e-06,9.99990000099999e-06
402900,986,986,986.0,1014.0,402900,0.00010138971908248506,0.00010138971908248506,9.99990000099999e-06,9.99990000099999e-06
403000,986,986,986.0,1014.0,403000,0.00010138971908248506,0.00010138971908248506,9.99990000099999e-06,9.99990000099999e-06
403100,984,984,984.0,1016.0,403100,0.00010158967848866555,0.00010158967848866555,9.99990000099999e-06,9.99990000099999e-06
403200,985,985,985.0,1015.0,403200,0.00010148969879557225,0.00010148969879557225,9.99990000099999e-06,9.99990000099999e-06
403300,985,985,985.0,1015.0,403300,0.00010148969879557225,0.00010148969879557225,9.99990000099999e-06,9.99990000099999e-06
403400,980,980,980.0,1020.0,403400,0.00010198959706109978,0.00010198959706109978,9.99990000099999e-06,9.99990000099999e-06
403500,983,983,983.0,1017.0,403500,0.00010168965816176495,0.00010168965816176495,9.99990000099999e-06,9.99990000099999e-06
403600,987,987,987.0,1013.0,403600,0.00010128973934940391,0.00010128973934940391,9.99990000099999e-06,9.99990000099999e-06
403700,993,993,994.0,1006.0,403700,0.00010068986053104453,0.00010068986053104453,9.99990000099999e-06,9.99990000099999e-06
403800,996,996,996.0,1004.0,403800,0.00010038992085194648,0.00010038992085194648,9.99990000099999e-06,9.99990000099999e-06
403900,991,991,991.0,1009.0,403900,0.00010088982021714009,0.00010088982021714009,9.99990000099999e-06,9.99990000099999e-06
404000,999,999,1001.0,999.0,404000,0.0001000899809929026,0.0001000899809929026,9.99990000099999e-06,9.99990000099999e-06
404100,994,995,994.0,1005.0,404100,0.00010058988065800582,0.00010048990076497312,9.99990000099999e-06,9.99990000099999e-06
404200,991,991,991.0,1009.0,404200,0.00010088982021714009,0.00010088982021714009,9.99990000099999e-06,9.99990000099999e-06
404300,992,992,992.0,1008.0,404300,0.00010078984038408928,0.00010078984038408928,9.99990000099999e-06,9.99990000099999e-06
404400,983,984,984.0,1017.0,404400,0.00010168965816176495,0.00010158967848866555,9.99990000099999e-06,9.99990000099999e-06
404500,984,984,984.0,1016.0,404500,0.00010158967848866555,0.00010158967848866555,9.99990000099999e-06,9.99990000099999e-06
404600,984,984,984.0,1016.0,404600,0.00010158967848866555,0.00010158967848866555,9.99990000099999e-06,9.99990000099999e-06
404700,979,978,978.0,1022.0,404700,0.0001020895766542236,0.00010218955622735357,9.99990000099999e-06,9.99990000099999e-06
404800,972,972,972.0,1028.0,404800,0.00010278943324626227,0.00010278943324626227,9.99990000099999e-06,9.99990000099999e-06
404900,973,974,973.0,1026.0,404900,0.00010268945379309543,0.00010258947431993479,9.99990000099999e-06,9.99990000099999e-06
405000,979,979,979.0,1021.0,405000,0.0001020895766542236,0.0001020895766542236,9.99990000099999e-06,9.99990000099999e-06
405100,977,977,977.0,1023.0,405100,0.00010228953578048966,0.00010228953578048966,9.99990000099999e-06,9.99990000099999e-06
405200,981,981,981.0,1019.0,405200,0.00010188961744798205,0.00010188961744798205,9.99990000099999e-06,9.99990000099999e-06
405300,977,977,977.0,1023.0,405300,0.00010228953578048966,0.00010228953578048966,9.99990000099999e-06,9.99990000099999e-06
405400,974,974,974.0,1026.0,405400,0.00010258947431993479,0.00010258947431993479,9.99990000099999e-06,9.99990000099999e-06
405500,967,967,967.0,1033.0,405500,0.00010328933021218909,0.00010328933021218909,9.99990000099999e-06,9.99990000099999e-06
405600,964,964,964.0,1036.0,405600,0.00010358926815181946,0.00010358926815181946,9.99990000099999e-06,9.99990000099999e-06
405700,962,962,961.0,1039.0,405700,0.0001037892266782708,0.0001037892266782708,9.99990000099999e-06,9.99990000099999e-06
405800,962,962,962.0,1038.0,405800,0.0001037892266782708,0.0001037892266782708,9.99990000099999e-06,9.99990000099999e-06
405900,961,961,961.0,1039.0,405900,0.00010388920591150579,0.00010388920591150579,9.99990000099999e-06,9.99990000099999e-06
406000,960,960,960.0,1040.0,406000,0.00010398918512474702,0.00010398918512474702,9.99990000099999e-06,9.99990000099999e-06
406100,960,960,960.0,1040.0,406100,0.00010398918512474702,0.00010398918512474702,9.99990000099999e-06,9.99990000099999e-06
406200,961,961,961.0,1039.0,406200,0.00010388920591150579,0.00010388920591150579,9.99990000099999e-06,9.99990000099999e-06
406300,962,962,962.0,1038.0,406300,0.0001037892266782708,0.0001037892266782708,9.99990000099999e-06,9.99990000099999e-06
406400,962,962,962.0,1038.0,406400,0.0001037892266782708,0.0001037892266782708,9.99990000099999e-06,9.99990000099999e-06
406500,960,960,960.0,1040.0,406500,0.00010398918512474702,0.00010398918512474702,9.99990000099999e-06,9.99990000099999e-06
406600,955,955,955.0,1045.0,406600,0.0001044890808910469,0.0001044890808910469,9.99990000099999e-06,9.99990000099999e-06
406700,957,957,957.0,1043.0,406700,0.00010428912264450817,0.00010428912264450817,9.99990000099999e-06,9.99990000099999e-06
406800,962,962,963.0,1037.0,406800,0.0001037892266782708,0.0001037892266782708,9.99990000099999e-06,9.99990000099999e-06
406900,971,971,971.0,1029.0,406900,0.0001028894126794353,0.0001028894126794353,9.99990000099999e-06,9.99990000099999e-06
407000,967,967,967.0,1033.0,407000,0.00010328933021218909,0.00010328933021218909,9.99990000099999e-06,9.99990000099999e-06
407100,967,968,967.0,1033.0,407100,0.00010328933021218909,0.00010318935085899135,9.99990000099999e-06,9.99990000099999e-06
407200,974,974,974.0,1026.0,407200,0.00010258947431993479,0.00010258947431993479,9.99990000099999e-06,9.99990000099999e-06
407300,966,966,966.0,1034.0,407300,0.000103389309545393,0.000103389309545393,9.99990000099999e-06,9.99990000099999e-06
407400,973,973,973.0,1027.0,407400,0.00010268945379309543,0.00010268945379309543,9.99990000099999e-06,9.99990000099999e-06
407500,971,971,971.0,1028.0,407500,0.0001028894126794353,0.0001028894126794353,9.99990000099999e-06,9.99990000099999e-06
407600,969,969,969.0,1031.0,407600,0.0001030893714857998,0.0001030893714857998,9.99990000099999e-06,9.99990000099999e-06
407700,970,970,970.0,1030.0,407700,0.00010298939209261448,0.00010298939209261448,9.99990000099999e-06,9.99990000099999e-06
407800,975,976,975.0,1025.0,407800,0.00010248949482678026,0.00010238951531363188,9.99990000099999e-06,9.99990000099999e-06
407900,978,978,978.0,1022.0,407900,0.00010218955622735357,0.00010218955622735357,9.99990000099999e-06,9.99990000099999e-06
408000,983,983,983.0,1017.0,408000,0.00010168965816176495,0.00010168965816176495,9.99990000099999e-06,9.99990000099999e-06
408100,984,984,984.0,1016.0,408100,0.00010158967848866555,0.00010158967848866555,9.99990000099999e-06,9.99990000099999e-06
408200,987,987,987.0,1013.0,408200,0.00010128973934940391,0.00010128973934940391,9.99990000099999e-06,9.99990000099999e-06
408300,986,986,986.0,1014.0,408300,0.00010138971908248506,0.00010138971908248506,9.99990000099999e-06,9.99990000099999e-06
408400,992,992,992.0,1008.0,408400,0.00010078984038408928,0.00010078984038408928,9.99990000099999e-06,9.99990000099999e-06
408500,999,999,1001.0,999.0,408500,0.0001000899809929026,0.0001000899809929026,9.99990000099999e-06,9.99990000099999e-06
408600,996,995,1004.0,995.0,408600,0.00010038992085194648,0.00010048990076497312,9.99990000099999e-06,9.99990000099999e-06
408700,997,997,997.0,1003.0,408700,0.00010028994091892584,0.00010028994091892584,9.99990000099999e-06,9.99990000099999e-06
408800,998,998,998.0,1002.0,408800,0.0001001899609659112,0.0001001899609659112,9.99990000099999e-06,9.99990000099999e-06
408900,998,998,1001.0,998.0,408900,0.0001001899609659112,0.0001001899609659112,9.99990000099999e-06,9.99990000099999e-06
409000,993,993,993.0,1007.0,409000,0.00010068986053104453,0.00010068986053104453,9.99990000099999e-06,9.99990000099999e-06
409100,993,993,993.0,1007.0,409100,0.00010068986053104453,0.00010068986053104453,9.99990000099999e-06,9.99990000099999e-06
409200,997,997,997.0,1003.0,409200,0.00010028994091892584,0.00010028994091892584,9.99990000099999e-06,9.99990000099999e-06
409300,1000,999,1000.0,1000.0,409300,9.999000099990002e-05,0.0001000899809929026,9.99990000099999e-06,9.99990000099999e-06
409400,998,997,1002.0,998.0,409400,0.0001001899609659112,0.00010028994091892584,9.99990000099999e-06,9.99990000099999e-06
409500,991,991,1009.0,991.0,409500,0.00010088982021714009,0.00010088982021714009,9.99990000099999e-06,9.99990000099999e-06
409600,990,990,1010.0,990.0,409600,0.00010098980003019696,0.00010098980003019696,9.99990000099999e-06,9.99990000099999e-06
409700,991,991,1009.0,991.0,409700,0.00010088982021714009,0.00010088982021714009,9.99990000099999e-06,9.99990000099999e-06
409800,984,984,1016.0,984.0,409800,0.00010158967848866555,0.00010158967848866555,9.99990000099999e-06,9.99990000099999e-06
409900,980,980,1020.0,980.0,409900,0.00010198959706109978,0.00010198959706109978,9.99990000099999e-06,9.99990000099999e-06
410000,981,981,1019.0,981.0,410000,0.00010188961744798205,0.00010188961744798205,9.99990000099999e-06,9.99990000099999e-06
410100,975,975,1025.0,975.0,410100,0.00010248949482678026,0.00010248949482678026,9.99990000099999e-06,9.99990000099999e-06
410200,977,977,1024.0,977.0,410200,0.00010228953578048966,0.00010228953578048966,9.99990000099999e-06,9.99990000099999e-06
410300,972,972,1028.0,972.0,410300,0.00010278943324626227,0.00010278943324626227,9.99990000099999e-06,9.99990000099999e-06
410400,969,969,1031.0,969.0,410400,0.0001030893714857998,0.0001030893714857998,9.99990000099999e-06,9.99990000099999e-06
410500,976,976,1024.0,976.0,410500,0.00010238951531363188,0.00010238951531363188,9.99990000099999e-06,9.99990000099999e-06
410600,984,984,1016.0,984.0,410600,0.00010158967848866555,0.00010158967848866555,9.99990000099999e-06,9.99990000099999e-06
410700,988,987,1012.0,988.0,410700,0.00010118975959632885,0.00010128973934940391,9.99990000099999e-06,9.99990000099999e-06
410800,988,988,1012.0,988.0,410800,0.00010118975959632885,0.00010118975959632885,9.99990000099999e-06,9.99990000099999e-06
410900,989,989,1011.0,989.0,410900,0.00010108977982325986,0.00010108977982325986,9.99990000099999e-06,9.99990000099999e-06
411000,993,993,1007.0,993.0,411000,0.00010068986053104453,0.00010068986053104453,9.99990000099999e-06,9.99990000099999e-06
411100,998,998,998.0,1002.0,411100,0.0001001899609659112,0.0001001899609659112,9.99990000099999e-06,9.99990000099999e-06
411200,995,995,1005.0,995.0,411200,0.00010048990076497312,0.00010048990076497312,9.99990000099999e-06,9.99990000099999e-06
411300,999,999,1001.0,999.0,411300,0.0001000899809929026,0.0001000899809929026,9.99990000099999e-06,9.99990000099999e-06
411400,999,998,1001.0,998.0,411400,0.0001000899809929026,0.0001001899609659112,9.99990000099999e-06,9.99990000099999e-06
411500,999,999,1001.0,999.0,411500,0.0001000899809929026,0.0001000899809929026,9.99990000099999e-06,9.99990000099999e-06
411600,990,990,1010.0,990.0,411600,0.00010098980003019696,0.00010098980003019696,9.99990000099999e-06,9.99990000099999e-06
411700,991,991,1009.0,991.0,411700,0.00010088982021714009,0.00010088982021714009,9.99990000099999e-06,9.99990000099999e-06
411800,990,990,1011.0,990.0,411800,0.00010098980003019696,0.00010098980003019696,9.99990000099999e-06,9.99990000099999e-06
411900,987,987,1013.0,987.0,411900,0.00010128973934940391,0.00010128973934940391,9.99990000099999e-06,9.99990000099999e-06
412000,991,991,1009.0,991.0,412000,0.00010088982021714009,0.00010088982021714009,9.99990000099999e-06,9.99990000099999e-06
412100,994,994,1006.0,994.0,412100,0.00010058988065800582,0.00010058988065800582,9.99990000099999e-06,9.99990000099999e-06
412200,994,994,1006.0,994.0,412200,0.00010058988065800582,0.00010058988065800582,9.99990000099999e-06,9.99990000099999e-06
412300,994,994,1006.0,994.0,412300,0.00010058988065800582,0.00010058988065800582,9.99990000099999e-06,9.99990000099999e-06
412400,998,998,1002.0,998.0,412400,0.0001001899609659112,0.0001001899609659112,9.99990000099999e-06,9.99990000099999e-06
412500,993,993,1007.0,993.0,412500,0.00010068986053104453,0.00010068986053104453,9.99990000099999e-06,9.99990000099999e-06
412600,997,997,1003.0,997.0,412600,0.00010028994091892584,0.00010028994091892584,9.99990000099999e-06,9.99990000099999e-06
412700,994,994,1006.0,994.0,412700,0.00010058988065800582,0.00010058988065800582,9.99990000099999e-06,9.99990000099999e-06
412800,997,997,1003.0,997.0,412800,0.00010028994091892584,0.00010028994091892584,9.99990000099999e-06,9.99990000099999e-06
412900,993,994,1007.0,994.0,412900,0.00010068986053104453,0.00010058988065800582,9.99990000099999e-06,9.99990000099999e-06
413000,996,996,1004.0,996.0,413000,0.00010038992085194648,0.00010038992085194648,9.99990000099999e-06,9.99990000099999e-06
413100,1000,1000,999.0,1001.0,413100,9.999000099990002e-05,9.999000099990002e-05,9.99990000099999e-06,9.99990000099999e-06
413200,998,998,998.0,1002.0,413200,0.0001001899609659112,0.0001001899609659112,9.99990000099999e-06,9.99990000099999e-06
413300,999,999,999.0,1001.0,413300,0.0001000899809929026,0.0001000899809929026,9.99990000099999e-06,9.99990000099999e-06
413400,992,991,1009.0,991.0,413400,0.00010078984038408928,0.00010088982021714009,9.99990000099999e-06,9.99990000099999e-06
413500,986,986,1014.0,986.0,413500,0.00010138971908248506,0.00010138971908248506,9.99990000099999e-06,9.99990000099999e-06
413600,984,984,1017.0,984.0,413600,0.00010158967848866555,0.00010158967848866555,9.99990000099999e-06,9.99990000099999e-06
413700,975,975,1025.0,975.0,413700,0.00010248949482678026,0.00010248949482678026,9.99990000099999e-06,9.99990000099999e-06
413800,971,970,1029.0,971.0,413800,0.0001028894126794353,0.00010298939209261448,9.99990000099999e-06,9.99990000099999e-06
413900,968,968,1032.0,968.0,413900,0.00010318935085899135,0.00010318935085899135,9.99990000099999e-06,9.99990000099999e-06
414000,965,965,1035.0,965.0,414000,0.00010348928885860313,0.00010348928885860313,9.99990000099999e-06,9.99990000099999e-06
414100,964,964,1036.0,964.0,414100,0.00010358926815181946,0.00010358926815181946,9.99990000099999e-06,9.99990000099999e-06
414200,962,962,1039.0,962.0,414200,0.0001037892266782708,0.0001037892266782708,9.99990000099999e-06,9.99990000099999e-06
414300,968,967,1033.0,968.0,414300,0.00010318935085899135,0.00010328933021218909,9.99990000099999e-06,9.99990000099999e-06
414400,969,969,1031.0,969.0,414400,0.0001030893714857998,0.0001030893714857998,9.99990000099999e-06,9.99990000099999e-06
414500,969,969,1031.0,969.0,414500,0.0001030893714857998,0.0001030893714857998,9.99990000099999e-06,9.99990000099999e-06
414600,977,977,1023.0,977.0,414600,0.00010228953578048966,0.00010228953578048966,9.99990000099999e-06,9.99990000099999e-06
414700,970,970,1030.0,970.0,414700,0.00010298939209261448,0.00010298939209261448,9.99990000099999e-06,9.99990000099999e-06
414800,963,963,1037.0,963.0,414800,0.00010368924742504205,0.00010368924742504205,9.99990000099999e-06,9.99990000099999e-06
414900,956,956,1044.0,956.0,414900,0.0001043891017777744,0.0001043891017777744,9.99990000099999e-06,9.99990000099999e-06
415000,957,957,1043.0,957.0,415000,0.00010428912264450817,0.00010428912264450817,9.99990000099999e-06,9.99990000099999e-06
415100,951,951,1049.0,951.0,415100,0.00010488899714419958,0.00010488899714419958,9.99990000099999e-06,9.99990000099999e-06
415200,953,952,1047.0,953.0,415200,0.00010468903905761067,0.00010478901811090198,9.99990000099999e-06,9.99990000099999e-06
415300,946,946,1054.0,946.0,415300,0.00010538889201078208,0.00010538889201078208,9.99990000099999e-06,9.99990000099999e-06
415400,936,936,1064.0,936.0,415400,0.00010638868024442201,0.00010638868024442201,9.99990000099999e-06,9.99990000099999e-06
415500,938,938,1062.0,938.0,415500,0.00010618872275764314,0.00010618872275764314,9.99990000099999e-06,9.99990000099999e-06
415600,935,935,1065.0,935.0,415600,0.000106488658957821,0.000106488658957821,9.99990000099999e-06,9.99990000099999e-06
415700,932,932,1068.0,932.0,415700,0.00010678859497805635,0.00010678859497805635,9.99990000099999e-06,9.99990000099999e-06
415800,934,934,1066.0,934.0,415800,0.00010658863765122638,0.00010658863765122638,9.99990000099999e-06,9.99990000099999e-06
415900,939,939,1061.0,939.0,415900,0.00010608874398426327,0.00010608874398426327,9.99990000099999e-06,9.99990000099999e-06
416000,946,946,1054.0,946.0,416000,0.00010538889201078208,0.00010538889201078208,9.99990000099999e-06,9.99990000099999e-06
416100,940,940,1060.0,940.0,416100,0.00010598876519088978,0.00010598876519088978,9.99990000099999e-06,9.99990000099999e-06
416200,942,942,1058.0,942.0,416200,0.00010578880754416181,0.00010578880754416181,9.99990000099999e-06,9.99990000099999e-06
416300,941,941,1059.0,941.0,416300,0.00010588878637752262,0.00010588878637752262,9.99990000099999e-06,9.99990000099999e-06
416400,937,937,1063.0,937.0,416400,0.0001062887015110294,0.0001062887015110294,9.99990000099999e-06,9.99990000099999e-06
416500,942,942,1058.0,942.0,416500,0.00010578880754416181,0.00010578880754416181,9.99990000099999e-06,9.99990000099999e-06
416600,946,946,1054.0,946.0,416600,0.00010538889201078208,0.00010538889201078208,9.99990000099999e-06,9.99990000099999e-06
416700,950,950,1049.0,950.0,416700,0.00010498897615750347,0.00010498897615750347,9.99990000099999e-06,9.99990000099999e-06
416800,950,950,1050.0,950.0,416800,0.00010498897615750347,0.00010498897615750347,9.99990000099999e-06,9.99990000099999e-06
416900,953,953,1047.0,953.0,416900,0.00010468903905761067,0.00010468903905761067,9.99990000099999e-06,9.99990000099999e-06
417000,949,949,1051.0,949.0,417000,0.00010508895515081363,0.00010508895515081363,9.99990000099999e-06,9.99990000099999e-06
417100,950,949,1051.0,949.0,417100,0.00010498897615750347,0.00010508895515081363,9.99990000099999e-06,9.99990000099999e-06
417200,949,949,1051.0,949.0,417200,0.00010508895515081363,0.00010508895515081363,9.99990000099999e-06,9.99990000099999e-06
417300,959,959,1041.0,959.0,417300,0.0001040891643179945,0.0001040891643179945,9.99990000099999e-06,9.99990000099999e-06
417400,967,967,1033.0,967.0,417400,0.00010328933021218909,0.00010328933021218909,9.99990000099999e-06,9.99990000099999e-06
417500,972,972,1028.0,972.0,417500,0.00010278943324626227,0.00010278943324626227,9.99990000099999e-06,9.99990000099999e-06
417600,977,977,1023.0,977.0,417600,0.00010228953578048966,0.00010228953578048966,9.99990000099999e-06,9.99990000099999e-06
417700,977,977,1023.0,977.0,417700,0.00010228953578048966,0.00010228953578048966,9.99990000099999e-06,9.99990000099999e-06
417800,969,969,1031.0,969.0,417800,0.0001030893714857998,0.0001030893714857998,9.99990000099999e-06,9.99990000099999e-06
417900,967,967,1033.0,967.0,417900,0.00010328933021218909,0.00010328933021218909,9.99990000099999e-06,9.99990000099999e-06
418000,961,961,1039.0,961.0,418000,0.00010388920591150579,0.00010388920591150579,9.99990000099999e-06,9.99990000099999e-06
418100,966,966,1034.0,966.0,418100,0.000103389309545393,0.000103389309545393,9.99990000099999e-06,9.99990000099999e-06
418200,968,968,1032.0,968.0,418200,0.00010318935085899135,0.00010318935085899135,9.99990000099999e-06,9.99990000099999e-06
418300,967,967,1033.0,967.0,418300,0.00010328933021218909,0.00010328933021218909,9.99990000099999e-06,9.99990000099999e-06
418400,969,969,1031.0,969.0,418400,0.0001030893714857998,0.0001030893714857998,9.99990000099999e-06,9.99990000099999e-06
418500,967,967,1033.0,967.0,418500,0.00010328933021218909,0.00010328933021218909,9.99990000099999e-06,9.99990000099999e-06
418600,967,967,1033.0,967.0,418600,0.00010328933021218909,0.00010328933021218909,9.99990000099999e-06,9.99990000099999e-06
418700,974,971,1026.0,974.0,418700,0.00010258947431993479,0.0001028894126794353,9.99990000099999e-06,9.99990000099999e-06
418800,967,967,1033.0,967.0,418800,0.00010328933021218909,0.00010328933021218909,9.99990000099999e-06,9.99990000099999e-06
418900,967,967,1033.0,967.0,418900,0.00010328933021218909,0.00010328933021218909,9.99990000099999e-06,9.99990000099999e-06
419000,976,976,1024.0,976.0,419000,0.00010238951531363188,0.00010238951531363188,9.99990000099999e-06,9.99990000099999e-06
419100,974,974,1026.0,974.0,419100,0.00010258947431993479,0.00010258947431993479,9.99990000099999e-06,9.99990000099999e-06
419200,971,971,1029.0,971.0,419200,0.0001028894126794353,0.0001028894126794353,9.99990000099999e-06,9.99990000099999e-06
419300,971,971,1029.0,971.0,419300,0.0001028894126794353,0.0001028894126794353,9.99990000099999e-06,9.99990000099999e-06
419400,976,976,1024.0,976.0,419400,0.00010238951531363188,0.00010238951531363188,9.99990000099999e-06,9.99990000099999e-06
419500,983,983,1017.0,983.0,419500,0.00010168965816176495,0.00010168965816176495,9.99990000099999e-06,9.99990000099999e-06
419600,979,979,1023.0,977.0,419600,0.0001020895766542236,0.0001020895766542236,9.99990000099999e-06,9.99990000099999e-06
419700,980,979,1020.0,980.0,419700,0.00010198959706109978,0.0001020895766542236,9.99990000099999e-06,9.99990000099999e-06
419800,973,973,1027.0,973.0,419800,0.00010268945379309543,0.00010268945379309543,9.99990000099999e-06,9.99990000099999e-06
419900,968,968,1032.0,968.0,419900,0.00010318935085899135,0.00010318935085899135,9.99990000099999e-06,9.99990000099999e-06
420000,970,970,1030.0,970.0,420000,0.00010298939209261448,0.00010298939209261448,9.99990000099999e-06,9.99990000099999e-06
420100,967,967,1033.0,967.0,420100,0.00010328933021218909,0.00010328933021218909,9.99990000099999e-06,9.99990000099999e-06
420200,966,966,1034.0,966.0,420200,0.000103389309545393,0.000103389309545393,9.99990000099999e-06,9.99990000099999e-06
420300,962,962,1038.0,962.0,420300,0.0001037892266782708,0.0001037892266782708,9.99990000099999e-06,9.99990000099999e-06
420400,963,963,1037.0,963.0,420400,0.00010368924742504205,0.00010368924742504205,9.99990000099999e-06,9.99990000099999e-06
420500,968,967,1032.0,967.0,420500,0.00010318935085899135,0.00010328933021218909,9.99990000099999e-06,9.99990000099999e-06
420600,965,965,1035.0,965.0,420600,0.00010348928885860313,0.00010348928885860313,9.99990000099999e-06,9.99990000099999e-06
420700,961,960,1040.0,960.0,420700,0.00010388920591150579,0.00010398918512474702,9.99990000099999e-06,9.99990000099999e-06
420800,958,958,1042.0,958.0,420800,0.00010418914349124821,0.00010418914349124821,9.99990000099999e-06,9.99990000099999e-06
420900,960,960,1040.0,960.0,420900,0.00010398918512474702,0.00010398918512474702,9.99990000099999e-06,9.99990000099999e-06
421000,952,952,1048.0,952.0,421000,0.00010478901811090198,0.00010478901811090198,9.99990000099999e-06,9.99990000099999e-06
421100,953,952,1047.0,952.0,421100,0.00010468903905761067,0.00010478901811090198,9.99990000099999e-06,9.99990000099999e-06
421200,953,953,1047.0,953.0,421200,0.00010468903905761067,0.00010468903905761067,9.99990000099999e-06,9.99990000099999e-06
421300,951,951,1049.0,951.0,421300,0.00010488899714419958,0.00010488899714419958,9.99990000099999e-06,9.99990000099999e-06
421400,952,951,1048.0,951.0,421400,0.00010478901811090198,0.00010488899714419958,9.99990000099999e-06,9.99990000099999e-06
421500,948,948,1052.0,948.0,421500,0.00010518893412413015,0.00010518893412413015,9.99990000099999e-06,9.99990000099999e-06
421600,943,943,1057.0,943.0,421600,0.00010568882869080739,0.00010568882869080739,9.99990000099999e-06,9.99990000099999e-06
421700,953,953,1047.0,953.0,421700,0.00010468903905761067,0.00010468903905761067,9.99990000099999e-06,9.99990000099999e-06
421800,962,962,1038.0,962.0,421800,0.0001037892266782708,0.0001037892266782708,9.99990000099999e-06,9.99990000099999e-06
421900,956,956,1044.0,956.0,421900,0.0001043891017777744,0.0001043891017777744,9.99990000099999e-06,9.99990000099999e-06
422000,955,955,1045.0,955.0,422000,0.0001044890808910469,0.0001044890808910469,9.99990000099999e-06,9.99990000099999e-06
422100,958,958,1042.0,958.0,422100,0.00010418914349124821,0.00010418914349124821,9.99990000099999e-06,9.99990000099999e-06
422200,956,956,1044.0,956.0,422200,0.0001043891017777744,0.0001043891017777744,9.99990000099999e-06,9.99990000099999e-06
422300,959,959,1041.0,959.0,422300,0.0001040891643179945,0.0001040891643179945,9.99990000099999e-06,9.99990000099999e-06
422400,956,956,1044.0,956.0,422400,0.0001043891017777744,0.0001043891017777744,9.99990000099999e-06,9.99990000099999e-06
422500,954,954,1046.0,954.0,422500,0.00010458905998432565,0.00010458905998432565,9.99990000099999e-06,9.99990000099999e-06
422600,949,949,1051.0,949.0,422600,0.00010508895515081363,0.00010508895515081363,9.99990000099999e-06,9.99990000099999e-06
422700,949,949,1051.0,949.0,422700,0.00010508895515081363,0.00010508895515081363,9.99990000099999e-06,9.99990000099999e-06
422800,955,955,1046.0,954.0,422800,0.0001044890808910469,0.0001044890808910469,9.99990000099999e-06,9.99990000099999e-06
422900,951,951,1049.0,951.0,422900,0.00010488899714419958,0.00010488899714419958,9.99990000099999e-06,9.99990000099999e-06
423000,956,956,1044.0,956.0,423000,0.0001043891017777744,0.0001043891017777744,9.99990000099999e-06,9.99990000099999e-06
423100,956,956,1044.0,956.0,423100,0.0001043891017777744,0.0001043891017777744,9.99990000099999e-06,9.99990000099999e-06
423200,960,960,1040.0,960.0,423200,0.00010398918512474702,0.00010398918512474702,9.99990000099999e-06,9.99990000099999e-06
423300,954,954,1046.0,954.0,423300,0.00010458905998432565,0.00010458905998432565,9.99990000099999e-06,9.99990000099999e-06
423400,957,956,1044.0,957.0,423400,0.00010428912264450817,0.0001043891017777744,9.99990000099999e-06,9.99990000099999e-06
423500,954,954,1046.0,954.0,423500,0.00010458905998432565,0.00010458905998432565,9.99990000099999e-06,9.99990000099999e-06
423600,959,959,1041.0,959.0,423600,0.0001040891643179945,0.0001040891643179945,9.99990000099999e-06,9.99990000099999e-06
423700,968,968,1032.0,968.0,423700,0.00010318935085899135,0.00010318935085899135,9.99990000099999e-06,9.99990000099999e-06
423800,966,966,1034.0,966.0,423800,0.000103389309545393,0.000103389309545393,9.99990000099999e-06,9.99990000099999e-06
423900,973,973,1028.0,973.0,423900,0.00010268945379309543,0.00010268945379309543,9.99990000099999e-06,9.99990000099999e-06
424000,976,976,1024.0,976.0,424000,0.00010238951531363188,0.00010238951531363188,9.99990000099999e-06,9.99990000099999e-06
424100,971,971,1029.0,971.0,424100,0.0001028894126794353,0.0001028894126794353,9.99990000099999e-06,9.99990000099999e-06
424200,971,971,1029.0,971.0,424200,0.0001028894126794353,0.0001028894126794353,9.99990000099999e-06,9.99990000099999e-06
424300,974,974,1026.0,974.0,424300,0.00010258947431993479,0.00010258947431993479,9.99990000099999e-06,9.99990000099999e-06
424400,972,972,1028.0,972.0,424400,0.00010278943324626227,0.00010278943324626227,9.99990000099999e-06,9.99990000099999e-06
424500,972,972,1028.0,972.0,424500,0.00010278943324626227,0.00010278943324626227,9.99990000099999e-06,9.99990000099999e-06
424600,971,971,1029.0,971.0,424600,0.0001028894126794353,0.0001028894126794353,9.99990000099999e-06,9.99990000099999e-06
424700,972,972,1028.0,972.0,424700,0.00010278943324626227,0.00010278943324626227,9.99990000099999e-06,9.99990000099999e-06
424800,975,975,1025.0,975.0,424800,0.00010248949482678026,0.00010248949482678026,9.99990000099999e-06,9.99990000099999e-06
424900,974,974,1026.0,974.0,424900,0.00010258947431993479,0.00010258947431993479,9.99990000099999e-06,9.99990000099999e-06
425000,976,976,1024.0,976.0,425000,0.00010238951531363188,0.00010238951531363188,9.99990000099999e-06,9.99990000099999e-06
425100,977,977,1023.0,977.0,425100,0.00010228953578048966,0.00010228953578048966,9.99990000099999e-06,9.99990000099999e-06
425200,974,974,1026.0,974.0,425200,0.00010258947431993479,0.00010258947431993479,9.99990000099999e-06,9.99990000099999e-06
425300,979,979,1021.0,979.0,425300,0.0001020895766542236,0.0001020895766542236,9.99990000099999e-06,9.99990000099999e-06
425400,981,981,1019.0,981.0,425400,0.00010188961744798205,0.00010188961744798205,9.99990000099999e-06,9.99990000099999e-06
425500,983,983,1017.0,983.0,425500,0.00010168965816176495,0.00010168965816176495,9.99990000099999e-06,9.99990000099999e-06
425600,985,985,1015.0,985.0,425600,0.00010148969879557225,0.00010148969879557225,9.99990000099999e-06,9.99990000099999e-06
425700,990,990,1010.0,990.0,425700,0.00010098980003019696,0.00010098980003019696,9.99990000099999e-06,9.99990000099999e-06
425800,994,994,1006.0,994.0,425800,0.00010058988065800582,0.00010058988065800582,9.99990000099999e-06,9.99990000099999e-06
425900,991,991,1009.0,991.0,425900,0.00010088982021714009,0.00010088982021714009,9.99990000099999e-06,9.99990000099999e-06
426000,985,985,1015.0,985.0,426000,0.00010148969879557225,0.00010148969879557225,9.99990000099999e-06,9.99990000099999e-06
426100,986,986,1014.0,986.0,426100,0.00010138971908248506,0.00010138971908248506,9.99990000099999e-06,9.99990000099999e-06
426200,985,984,1015.0,985.0,426200,0.00010148969879557225,0.00010158967848866555,9.99990000099999e-06,9.99990000099999e-06
426300,980,980,1020.0,980.0,426300,0.00010198959706109978,0.00010198959706109978,9.99990000099999e-06,9.99990000099999e-06
426400,980,980,1019.0,980.0,426400,0.00010198959706109978,0.00010198959706109978,9.99990000099999e-06,9.99990000099999e-06
426500,976,976,1024.0,976.0,426500,0.00010238951531363188,0.00010238951531363188,9.99990000099999e-06,9.99990000099999e-06
426600,974,974,1026.0,974.0,426600,0.00010258947431993479,0.00010258947431993479,9.99990000099999e-06,9.99990000099999e-06
426700,967,967,1033.0,967.0,426700,0.00010328933021218909,0.00010328933021218909,9.99990000099999e-06,9.99990000099999e-06
426800,969,969,1031.0,969.0,426800,0.0001030893714857998,0.0001030893714857998,9.99990000099999e-06,9.99990000099999e-06
426900,968,967,1033.0,967.0,426900,0.00010318935085899135,0.00010328933021218909,9.99990000099999e-06,9.99990000099999e-06
427000,967,967,1034.0,967.0,427000,0.00010328933021218909,0.00010328933021218909,9.99990000099999e-06,9.99990000099999e-06
427100,965,965,1035.0,965.0,427100,0.00010348928885860313,0.00010348928885860313,9.99990000099999e-06,9.99990000099999e-06
427200,964,964,1036.0,964.0,427200,0.00010358926815181946,0.00010358926815181946,9.99990000099999e-06,9.99990000099999e-06
427300,965,965,1035.0,965.0,427300,0.00010348928885860313,0.00010348928885860313,9.99990000099999e-06,9.99990000099999e-06
427400,973,973,1027.0,973.0,427400,0.00010268945379309543,0.00010268945379309543,9.99990000099999e-06,9.99990000099999e-06
427500,975,975,1025.0,975.0,427500,0.00010248949482678026,0.00010248949482678026,9.99990000099999e-06,9.99990000099999e-06
427600,976,976,1024.0,976.0,427600,0.00010238951531363188,0.00010238951531363188,9.99990000099999e-06,9.99990000099999e-06
427700,985,985,1015.0,985.0,427700,0.00010148969879557225,0.00010148969879557225,9.99990000099999e-06,9.99990000099999e-06
427800,983,982,1017.0,983.0,427800,0.00010168965816176495,0.00010178963781487044,9.99990000099999e-06,9.99990000099999e-06
427900,982,981,1018.0,982.0,427900,0.00010178963781487044,0.00010188961744798205,9.99990000099999e-06,9.99990000099999e-06
428000,982,982,1018.0,982.0,428000,0.00010178963781487044,0.00010178963781487044,9.99990000099999e-06,9.99990000099999e-06
428100,977,977,1023.0,977.0,428100,0.00010228953578048966,0.00010228953578048966,9.99990000099999e-06,9.99990000099999e-06
428200,975,975,1025.0,975.0,428200,0.00010248949482678026,0.00010248949482678026,9.99990000099999e-06,9.99990000099999e-06
428300,974,974,1026.0,974.0,428300,0.00010258947431993479,0.00010258947431993479,9.99990000099999e-06,9.99990000099999e-06
428400,973,973,1027.0,973.0,428400,0.00010268945379309543,0.00010268945379309543,9.99990000099999e-06,9.99990000099999e-06
428500,972,972,1028.0,972.0,428500,0.00010278943324626227,0.00010278943324626227,9.99990000099999e-06,9.99990000099999e-06
428600,970,970,1030.0,970.0,428600,0.00010298939209261448,0.00010298939209261448,9.99990000099999e-06,9.99990000099999e-06
428700,968,968,1032.0,968.0,428700,0.00010318935085899135,0.00010318935085899135,9.99990000099999e-06,9.99990000099999e-06
428800,961,960,1040.0,960.0,428800,0.00010388920591150579,0.00010398918512474702,9.99990000099999e-06,9.99990000099999e-06
428900,970,970,1030.0,970.0,428900,0.00010298939209261448,0.00010298939209261448,9.99990000099999e-06,9.99990000099999e-06
429000,969,969,1031.0,969.0,429000,0.0001030893714857998,0.0001030893714857998,9.99990000099999e-06,9.99990000099999e-06
429100,965,965,1035.0,965.0,429100,0.00010348928885860313,0.00010348928885860313,9.99990000099999e-06,9.99990000099999e-06
429200,964,964,1036.0,964.0,429200,0.00010358926815181946,0.00010358926815181946,9.99990000099999e-06,9.99990000099999e-06
429300,970,970,1030.0,970.0,429300,0.00010298939209261448,0.00010298939209261448,9.99990000099999e-06,9.99990000099999e-06
429400,973,973,1027.0,973.0,429400,0.00010268945379309543,0.00010268945379309543,9.99990000099999e-06,9.99990000099999e-06
429500,968,968,1032.0,968.0,429500,0.00010318935085899135,0.00010318935085899135,9.99990000099999e-06,9.99990000099999e-06
429600,972,972,1028.0,972.0,429600,0.00010278943324626227,0.00010278943324626227,9.99990000099999e-06,9.99990000099999e-06
429700,977,977,1023.0,977.0,429700,0.00010228953578048966,0.00010228953578048966,9.99990000099999e-06,9.99990000099999e-06
429800,980,980,1020.0,980.0,429800,0.00010198959706109978,0.00010198959706109978,9.99990000099999e-06,9.99990000099999e-06
429900,979,979,1021.0,979.0,429900,0.0001020895766542236,0.0001020895766542236,9.99990000099999e-06,9.99990000099999e-06
430000,978,978,1022.0,978.0,430000,0.00010218955622735357,0.00010218955622735357,9.99990000099999e-06,9.99990000099999e-06
430100,974,974,1026.0,974.0,430100,0.00010258947431993479,0.00010258947431993479,9.99990000099999e-06,9.99990000099999e-06
430200,970,969,1031.0,969.0,430200,0.00010298939209261448,0.0001030893714857998,9.99990000099999e-06,9.99990000099999e-06
430300,969,969,1031.0,969.0,430300,0.0001030893714857998,0.0001030893714857998,9.99990000099999e-06,9.99990000099999e-06
430400,976,976,1024.0,976.0,430400,0.00010238951531363188,0.00010238951531363188,9.99990000099999e-06,9.99990000099999e-06
430500,975,974,1025.0,974.0,430500,0.00010248949482678026,0.00010258947431993479,9.99990000099999e-06,9.99990000099999e-06
430600,971,971,1029.0,971.0,430600,0.0001028894126794353,0.0001028894126794353,9.99990000099999e-06,9.99990000099999e-06
430700,974,974,1026.0,974.0,430700,0.00010258947431993479,0.00010258947431993479,9.99990000099999e-06,9.99990000099999e-06
430800,976,976,1024.0,976.0,430800,0.00010238951531363188,0.00010238951531363188,9.99990000099999e-06,9.99990000099999e-06
430900,973,973,1027.0,974.0,430900,0.00010268945379309543,0.00010268945379309543,9.99990000099999e-06,9.99990000099999e-06
431000,976,975,1024.0,975.0,431000,0.00010238951531363188,0.00010248949482678026,9.99990000099999e-06,9.99990000099999e-06
431100,979,979,1021.0,979.0,431100,0.0001020895766542236,0.0001020895766542236,9.99990000099999e-06,9.99990000099999e-06
431200,983,983,1017.0,983.0,431200,0.00010168965816176495,0.00010168965816176495,9.99990000099999e-06,9.99990000099999e-06
431300,979,979,1021.0,979.0,431300,0.0001020895766542236,0.0001020895766542236,9.99990000099999e-06,9.99990000099999e-06
431400,975,975,1025.0,975.0,431400,0.00010248949482678026,0.00010248949482678026,9.99990000099999e-06,9.99990000099999e-06
431500,979,979,1021.0,979.0,431500,0.0001020895766542236,0.0001020895766542236,9.99990000099999e-06,9.99990000099999e-06
431600,980,980,1020.0,980.0,431600,0.00010198959706109978,0.00010198959706109978,9.99990000099999e-06,9.99990000099999e-06
431700,986,986,1014.0,986.0,431700,0.00010138971908248506,0.00010138971908248506,9.99990000099999e-06,9.99990000099999e-06
431800,985,985,1015.0,985.0,431800,0.00010148969879557225,0.00010148969879557225,9.99990000099999e-06,9.99990000099999e-06
431900,981,981,1019.0,981.0,431900,0.00010188961744798205,0.00010188961744798205,9.99990000099999e-06,9.99990000099999e-06
432000,982,982,1018.0,982.0,432000,0.00010178963781487044,0.00010178963781487044,9.99990000099999e-06,9.99990000099999e-06
432100,981,981,1019.0,981.0,432100,0.00010188961744798205,0.00010188961744798205,9.99990000099999e-06,9.99990000099999e-06
432200,982,982,1018.0,982.0,432200,0.00010178963781487044,0.00010178963781487044,9.99990000099999e-06,9.99990000099999e-06
432300,984,984,1016.0,984.0,432300,0.00010158967848866555,0.00010158967848866555,9.99990000099999e-06,9.99990000099999e-06
432400,988,988,1012.0,988.0,432400,0.00010118975959632885,0.00010118975959632885,9.99990000099999e-06,9.99990000099999e-06
432500,988,988,1012.0,988.0,432500,0.00010118975959632885,0.00010118975959632885,9.99990000099999e-06,9.99990000099999e-06
432600,989,987,1013.0,987.0,432600,0.00010108977982325986,0.00010128973934940391,9.99990000099999e-06,9.99990000099999e-06
432700,985,985,1015.0,985.0,432700,0.00010148969879557225,0.00010148969879557225,9.99990000099999e-06,9.99990000099999e-06
432800,989,989,1011.0,989.0,432800,0.00010108977982325986,0.00010108977982325986,9.99990000099999e-06,9.99990000099999e-06
432900,987,987,1013.0,987.0,432900,0.00010128973934940391,0.00010128973934940391,9.99990000099999e-06,9.99990000099999e-06
433000,989,989,1011.0,989.0,433000,0.00010108977982325986,0.00010108977982325986,9.99990000099999e-06,9.99990000099999e-06
433100,990,990,1010.0,990.0,433100,0.00010098980003019696,0.00010098980003019696,9.99990000099999e-06,9.99990000099999e-06
433200,997,997,1003.0,997.0,433200,0.00010028994091892584,0.00010028994091892584,9.99990000099999e-06,9.99990000099999e-06
433300,998,998,1002.0,998.0,433300,0.0001001899609659112,0.0001001899609659112,9.99990000099999e-06,9.99990000099999e-06
433400,989,989,1011.0,989.0,433400,0.00010108977982325986,0.00010108977982325986,9.99990000099999e-06,9.99990000099999e-06
433500,994,994,1006.0,994.0,433500,0.00010058988065800582,0.00010058988065800582,9.99990000099999e-06,9.99990000099999e-06
433600,995,995,1005.0,995.0,433600,0.00010048990076497312,0.00010048990076497312,9.99990000099999e-06,9.99990000099999e-06
433700,992,992,1008.0,992.0,433700,0.00010078984038408928,0.00010078984038408928,9.99990000099999e-06,9.99990000099999e-06
433800,999,999,999.0,1001.0,433800,0.0001000899809929026,0.0001000899809929026,9.99990000099999e-06,9.99990000099999e-06
433900,1000,1000,1000.0,1000.0,433900,9.999000099990002e-05,9.999000099990002e-05,9.99990000099999e-06,9.99990000099999e-06
434000,996,996,996.0,1004.0,434000,0.00010038992085194648,0.00010038992085194648,9.99990000099999e-06,9.99990000099999e-06
434100,998,998,998.0,1002.0,434100,0.0001001899609659112,0.0001001899609659112,9.99990000099999e-06,9.99990000099999e-06
434200,999,999,1001.0,999.0,434200,0.0001000899809929026,0.0001000899809929026,9.99990000099999e-06,9.99990000099999e-06
434300,998,998,1002.0,998.0,434300,0.0001001899609659112,0.0001001899609659112,9.99990000099999e-06,9.99990000099999e-06
434400,996,995,1005.0,996.0,434400,0.00010038992085194648,0.00010048990076497312,9.99990000099999e-06,9.99990000099999e-06
434500,998,998,1002.0,998.0,434500,0.0001001899609659112,0.0001001899609659112,9.99990000099999e-06,9.99990000099999e-06
434600,993,992,1008.0,992.0,434600,0.00010068986053104453,0.00010078984038408928,9.99990000099999e-06,9.99990000099999e-06
434700,994,995,994.0,1006.0,434700,0.00010058988065800582,0.00010048990076497312,9.99990000099999e-06,9.99990000099999e-06
434800,999,999,999.0,1001.0,434800,0.0001000899809929026,0.0001000899809929026,9.99990000099999e-06,9.99990000099999e-06
434900,999,999,1001.0,999.0,434900,0.0001000899809929026,0.0001000899809929026,9.99990000099999e-06,9.99990000099999e-06
435000,996,996,1004.0,996.0,435000,0.00010038992085194648,0.00010038992085194648,9.99990000099999e-06,9.99990000099999e-06
435100,995,995,1005.0,995.0,435100,0.00010048990076497312,0.00010048990076497312,9.99990000099999e-06,9.99990000099999e-06
435200,997,997,1003.0,997.0,435200,0.00010028994091892584,0.00010028994091892584,9.99990000099999e-06,9.99990000099999e-06
435300,987,987,1013.0,987.0,435300,0.00010128973934940391,0.00010128973934940391,9.99990000099999e-06,9.99990000099999e-06
435400,991,991,1009.0,991.0,435400,0.00010088982021714009,0.00010088982021714009,9.99990000099999e-06,9.99990000099999e-06
435500,988,988,1012.0,988.0,435500,0.00010118975959632885,0.00010118975959632885,9.99990000099999e-06,9.99990000099999e-06
435600,988,987,1013.0,988.0,435600,0.00010118975959632885,0.00010128973934940391,9.99990000099999e-06,9.99990000099999e-06
435700,989,989,1011.0,989.0,435700,0.00010108977982325986,0.00010108977982325986,9.99990000099999e-06,9.99990000099999e-06
435800,986,986,1014.0,986.0,435800,0.00010138971908248506,0.00010138971908248506,9.99990000099999e-06,9.99990000099999e-06
435900,987,987,1013.0,987.0,435900,0.00010128973934940391,0.00010128973934940391,9.99990000099999e-06,9.99990000099999e-06
436000,991,991,1009.0,991.0,436000,0.00010088982021714009,0.00010088982021714009,9.99990000099999e-06,9.99990000099999e-06
436100,993,993,1007.0,993.0,436100,0.00010068986053104453,0.00010068986053104453,9.99990000099999e-06,9.99990000099999e-06
436200,995,994,1005.0,995.0,436200,0.00010048990076497312,0.00010058988065800582,9.99990000099999e-06,9.99990000099999e-06
436300,991,991,1009.0,991.0,436300,0.00010088982021714009,0.00010088982021714009,9.99990000099999e-06,9.99990000099999e-06
436400,991,991,1009.0,991.0,436400,0.00010088982021714009,0.00010088982021714009,9.99990000099999e-06,9.99990000099999e-06
436500,986,986,1014.0,986.0,436500,0.00010138971908248506,0.00010138971908248506,9.99990000099999e-06,9.99990000099999e-06
436600,983,983,1017.0,983.0,436600,0.00010168965816176495,0.00010168965816176495,9.99990000099999e-06,9.99990000099999e-06
436700,987,987,1013.0,987.0,436700,0.00010128973934940391,0.00010128973934940391,9.99990000099999e-06,9.99990000099999e-06
436800,994,994,1006.0,994.0,436800,0.00010058988065800582,0.00010058988065800582,9.99990000099999e-06,9.99990000099999e-06
436900,993,992,1008.0,993.0,436900,0.00010068986053104453,0.00010078984038408928,9.99990000099999e-06,9.99990000099999e-06
437000,995,995,1005.0,995.0,437000,0.00010048990076497312,0.00010048990076497312,9.99990000099999e-06,9.99990000099999e-06
437100,993,993,1007.0,993.0,437100,0.00010068986053104453,0.00010068986053104453,9.99990000099999e-06,9.99990000099999e-06
437200,991,991,1009.0,991.0,437200,0.00010088982021714009,0.00010088982021714009,9.99990000099999e-06,9.99990000099999e-06
437300,985,985,1015.0,985.0,437300,0.00010148969879557225,0.00010148969879557225,9.99990000099999e-06,9.99990000099999e-06
437400,986,985,1014.0,985.0,437400,0.00010138971908248506,0.00010148969879557225,9.99990000099999e-06,9.99990000099999e-06
437500,981,981,1019.0,981.0,437500,0.00010188961744798205,0.00010188961744798205,9.99990000099999e-06,9.99990000099999e-06
437600,983,983,1017.0,983.0,437600,0.00010168965816176495,0.00010168965816176495,9.99990000099999e-06,9.99990000099999e-06
437700,982,982,1018.0,982.0,437700,0.00010178963781487044,0.00010178963781487044,9.99990000099999e-06,9.99990000099999e-06
437800,979,979,1021.0,979.0,437800,0.0001020895766542236,0.0001020895766542236,9.99990000099999e-06,9.99990000099999e-06
437900,987,987,1013.0,987.0,437900,0.00010128973934940391,0.00010128973934940391,9.99990000099999e-06,9.99990000099999e-06
438000,983,983,1017.0,983.0,438000,0.00010168965816176495,0.00010168965816176495,9.99990000099999e-06,9.99990000099999e-06
438100,981,981,1019.0,981.0,438100,0.00010188961744798205,0.00010188961744798205,9.99990000099999e-06,9.99990000099999e-06
438200,976,976,1024.0,976.0,438200,0.00010238951531363188,0.00010238951531363188,9.99990000099999e-06,9.99990000099999e-06
438300,977,977,1023.0,977.0,438300,0.00010228953578048966,0.00010228953578048966,9.99990000099999e-06,9.99990000099999e-06
438400,970,970,1030.0,970.0,438400,0.00010298939209261448,0.00010298939209261448,9.99990000099999e-06,9.99990000099999e-06
438500,978,978,1022.0,978.0,438500,0.00010218955622735357,0.00010218955622735357,9.99990000099999e-06,9.99990000099999e-06
438600,975,975,1025.0,975.0,438600,0.00010248949482678026,0.00010248949482678026,9.99990000099999e-06,9.99990000099999e-06
438700,974,974,1026.0,974.0,438700,0.00010258947431993479,0.00010258947431993479,9.99990000099999e-06,9.99990000099999e-06
438800,983,983,1017.0,983.0,438800,0.00010168965816176495,0.00010168965816176495,9.99990000099999e-06,9.99990000099999e-06
438900,974,974,1026.0,974.0,438900,0.00010258947431993479,0.00010258947431993479,9.99990000099999e-06,9.99990000099999e-06
439000,979,979,1020.0,979.0,439000,0.0001020895766542236,0.0001020895766542236,9.99990000099999e-06,9.99990000099999e-06
439100,982,982,1018.0,982.0,439100,0.00010178963781487044,0.00010178963781487044,9.99990000099999e-06,9.99990000099999e-06
439200,984,984,1016.0,984.0,439200,0.00010158967848866555,0.00010158967848866555,9.99990000099999e-06,9.99990000099999e-06
439300,987,987,1013.0,987.0,439300,0.00010128973934940391,0.00010128973934940391,9.99990000099999e-06,9.99990000099999e-06
439400,982,982,1018.0,982.0,439400,0.00010178963781487044,0.00010178963781487044,9.99990000099999e-06,9.99990000099999e-06
439500,985,985,1015.0,985.0,439500,0.00010148969879557225,0.00010148969879557225,9.99990000099999e-06,9.99990000099999e-06
439600,986,986,1014.0,986.0,439600,0.00010138971908248506,0.00010138971908248506,9.99990000099999e-06,9.99990000099999e-06
439700,981,981,1019.0,981.0,439700,0.00010188961744798205,0.00010188961744798205,9.99990000099999e-06,9.99990000099999e-06
439800,982,982,1018.0,982.0,439800,0.00010178963781487044,0.00010178963781487044,9.99990000099999e-06,9.99990000099999e-06
439900,983,983,1017.0,983.0,439900,0.00010168965816176495,0.00010168965816176495,9.99990000099999e-06,9.99990000099999e-06
440000,980,980,1020.0,980.0,440000,0.00010198959706109978,0.00010198959706109978,9.99990000099999e-06,9.99990000099999e-06
440100,980,980,1020.0,980.0,440100,0.00010198959706109978,0.00010198959706109978,9.99990000099999e-06,9.99990000099999e-06
440200,983,983,1017.0,983.0,440200,0.00010168965816176495,0.00010168965816176495,9.99990000099999e-06,9.99990000099999e-06
440300,982,982,1018.0,982.0,440300,0.00010178963781487044,0.00010178963781487044,9.99990000099999e-06,9.99990000099999e-06
440400,978,978,1022.0,978.0,440400,0.00010218955622735357,0.00010218955622735357,9.99990000099999e-06,9.99990000099999e-06
440500,979,979,1021.0,979.0,440500,0.0001020895766542236,0.0001020895766542236,9.99990000099999e-06,9.99990000099999e-06
440600,980,980,1020.0,980.0,440600,0.00010198959706109978,0.00010198959706109978,9.99990000099999e-06,9.99990000099999e-06
440700,984,983,1017.0,984.0,440700,0.00010158967848866555,0.00010168965816176495,9.99990000099999e-06,9.99990000099999e-06
440800,991,991,1009.0,991.0,440800,0.00010088982021714009,0.00010088982021714009,9.99990000099999e-06,9.99990000099999e-06
440900,987,987,1013.0,987.0,440900,0.00010128973934940391,0.00010128973934940391,9.99990000099999e-06,9.99990000099999e-06
441000,979,979,1021.0,979.0,441000,0.0001020895766542236,0.0001020895766542236,9.99990000099999e-06,9.99990000099999e-06
441100,979,979,1021.0,979.0,441100,0.0001020895766542236,0.0001020895766542236,9.99990000099999e-06,9.99990000099999e-06
441200,977,976,1024.0,977.0,441200,0.00010228953578048966,0.00010238951531363188,9.99990000099999e-06,9.99990000099999e-06
441300,981,981,1019.0,981.0,441300,0.00010188961744798205,0.00010188961744798205,9.99990000099999e-06,9.99990000099999e-06
441400,975,975,1025.0,975.0,441400,0.00010248949482678026,0.00010248949482678026,9.99990000099999e-06,9.99990000099999e-06
441500,974,974,1026.0,974.0,441500,0.00010258947431993479,0.00010258947431993479,9.99990000099999e-06,9.99990000099999e-06
441600,976,976,1024.0,976.0,441600,0.00010238951531363188,0.00010238951531363188,9.99990000099999e-06,9.99990000099999e-06
441700,981,981,1019.0,981.0,441700,0.00010188961744798205,0.00010188961744798205,9.99990000099999e-06,9.99990000099999e-06
441800,976,976,1025.0,976.0,441800,0.00010238951531363188,0.00010238951531363188,9.99990000099999e-06,9.99990000099999e-06
441900,973,973,1026.0,974.0,441900,0.00010268945379309543,0.00010268945379309543,9.99990000099999e-06,9.99990000099999e-06
442000,977,977,1023.0,977.0,442000,0.00010228953578048966,0.00010228953578048966,9.99990000099999e-06,9.99990000099999e-06
442100,981,981,1019.0,981.0,442100,0.00010188961744798205,0.00010188961744798205,9.99990000099999e-06,9.99990000099999e-06
442200,987,987,1013.0,987.0,442200,0.00010128973934940391,0.00010128973934940391,9.99990000099999e-06,9.99990000099999e-06
442300,993,993,1007.0,993.0,442300,0.00010068986053104453,0.00010068986053104453,9.99990000099999e-06,9.99990000099999e-06
442400,999,999,1001.0,999.0,442400,0.0001000899809929026,0.0001000899809929026,9.99990000099999e-06,9.99990000099999e-06
442500,998,998,998.0,1002.0,442500,0.0001001899609659112,0.0001001899609659112,9.99990000099999e-06,9.99990000099999e-06
442600,998,998,998.0,1002.0,442600,0.0001001899609659112,0.0001001899609659112,9.99990000099999e-06,9.99990000099999e-06
442700,995,995,1005.0,995.0,442700,0.00010048990076497312,0.00010048990076497312,9.99990000099999e-06,9.99990000099999e-06
442800,996,996,1004.0,995.0,442800,0.00010038992085194648,0.00010038992085194648,9.99990000099999e-06,9.99990000099999e-06
442900,999,999,999.0,1001.0,442900,0.0001000899809929026,0.0001000899809929026,9.99990000099999e-06,9.99990000099999e-06
443000,1000,1000,1000.0,1000.0,443000,9.999000099990002e-05,9.999000099990002e-05,9.99990000099999e-06,9.99990000099999e-06
443100,999,999,999.0,1001.0,443100,0.0001000899809929026,0.0001000899809929026,9.99990000099999e-06,9.99990000099999e-06
443200,999,999,1001.0,999.0,443200,0.0001000899809929026,0.0001000899809929026,9.99990000099999e-06,9.99990000099999e-06
443300,999,998,1001.0,999.0,443300,0.0001000899809929026,0.0001001899609659112,9.99990000099999e-06,9.99990000099999e-06
443400,992,992,992.0,1008.0,443400,0.00010078984038408928,0.00010078984038408928,9.99990000099999e-06,9.99990000099999e-06
443500,994,994,994.0,1006.0,443500,0.00010058988065800582,0.00010058988065800582,9.99990000099999e-06,9.99990000099999e-06
443600,999,999,1001.0,999.0,443600,0.0001000899809929026,0.0001000899809929026,9.99990000099999e-06,9.99990000099999e-06
443700,990,990,1010.0,990.0,443700,0.00010098980003019696,0.00010098980003019696,9.99990000099999e-06,9.99990000099999e-06
443800,984,984,1016.0,984.0,443800,0.00010158967848866555,0.00010158967848866555,9.99990000099999e-06,9.99990000099999e-06
443900,977,976,1023.0,977.0,443900,0.00010228953578048966,0.00010238951531363188,9.99990000099999e-06,9.99990000099999e-06
444000,973,973,1027.0,973.0,444000,0.00010268945379309543,0.00010268945379309543,9.99990000099999e-06,9.99990000099999e-06
444100,973,973,1027.0,973.0,444100,0.00010268945379309543,0.00010268945379309543,9.99990000099999e-06,9.99990000099999e-06
444200,971,971,1029.0,971.0,444200,0.0001028894126794353,0.0001028894126794353,9.99990000099999e-06,9.99990000099999e-06
444300,967,967,1033.0,967.0,444300,0.00010328933021218909,0.00010328933021218909,9.99990000099999e-06,9.99990000099999e-06
444400,975,975,1025.0,975.0,444400,0.00010248949482678026,0.00010248949482678026,9.99990000099999e-06,9.99990000099999e-06
444500,980,980,1020.0,980.0,444500,0.00010198959706109978,0.00010198959706109978,9.99990000099999e-06,9.99990000099999e-06
444600,976,976,1024.0,976.0,444600,0.00010238951531363188,0.00010238951531363188,9.99990000099999e-06,9.99990000099999e-06
444700,969,969,1031.0,969.0,444700,0.0001030893714857998,0.0001030893714857998,9.99990000099999e-06,9.99990000099999e-06
444800,974,974,1026.0,974.0,444800,0.00010258947431993479,0.00010258947431993479,9.99990000099999e-06,9.99990000099999e-06
444900,977,976,1023.0,976.0,444900,0.00010228953578048966,0.00010238951531363188,9.99990000099999e-06,9.99990000099999e-06
445000,984,984,1016.0,984.0,445000,0.00010158967848866555,0.00010158967848866555,9.99990000099999e-06,9.99990000099999e-06
445100,986,986,1014.0,986.0,445100,0.00010138971908248506,0.00010138971908248506,9.99990000099999e-06,9.99990000099999e-06
445200,979,979,1021.0,979.0,445200,0.0001020895766542236,0.0001020895766542236,9.99990000099999e-06,9.99990000099999e-06
445300,974,974,1026.0,974.0,445300,0.00010258947431993479,0.00010258947431993479,9.99990000099999e-06,9.99990000099999e-06
445400,976,976,1024.0,976.0,445400,0.00010238951531363188,0.00010238951531363188,9.99990000099999e-06,9.99990000099999e-06
445500,974,974,1026.0,974.0,445500,0.00010258947431993479,0.00010258947431993479,9.99990000099999e-06,9.99990000099999e-06
445600,979,979,1021.0,979.0,445600,0.0001020895766542236,0.0001020895766542236,9.99990000099999e-06,9.99990000099999e-06
445700,973,973,1027.0,973.0,445700,0.00010268945379309543,0.00010268945379309543,9.99990000099999e-06,9.99990000099999e-06
445800,973,973,1027.0,973.0,445800,0.00010268945379309543,0.00010268945379309543,9.99990000099999e-06,9.99990000099999e-06
445900,974,974,1026.0,974.0,445900,0.00010258947431993479,0.00010258947431993479,9.99990000099999e-06,9.99990000099999e-06
446000,978,978,1022.0,978.0,446000,0.00010218955622735357,0.00010218955622735357,9.99990000099999e-06,9.99990000099999e-06
446100,980,980,1020.0,980.0,446100,0.00010198959706109978,0.00010198959706109978,9.99990000099999e-06,9.99990000099999e-06
446200,977,977,1023.0,977.0,446200,0.00010228953578048966,0.00010228953578048966,9.99990000099999e-06,9.99990000099999e-06
446300,978,978,1022.0,978.0,446300,0.00010218955622735357,0.00010218955622735357,9.99990000099999e-06,9.99990000099999e-06
446400,974,974,1026.0,974.0,446400,0.00010258947431993479,0.00010258947431993479,9.99990000099999e-06,9.99990000099999e-06
446500,965,965,1035.0,965.0,446500,0.00010348928885860313,0.00010348928885860313,9.99990000099999e-06,9.99990000099999e-06
446600,966,966,1034.0,966.0,446600,0.000103389309545393,0.000103389309545393,9.99990000099999e-06,9.99990000099999e-06
446700,965,965,1035.0,965.0,446700,0.00010348928885860313,0.00010348928885860313,9.99990000099999e-06,9.99990000099999e-06
446800,961,961,1039.0,961.0,446800,0.00010388920591150579,0.00010388920591150579,9.99990000099999e-06,9.99990000099999e-06
446900,958,958,1042.0,958.0,446900,0.00010418914349124821,0.00010418914349124821,9.99990000099999e-06,9.99990000099999e-06
447000,971,971,1029.0,971.0,447000,0.0001028894126794353,0.0001028894126794353,9.99990000099999e-06,9.99990000099999e-06
447100,978,978,1022.0,978.0,447100,0.00010218955622735357,0.00010218955622735357,9.99990000099999e-06,9.99990000099999e-06
447200,980,980,1020.0,980.0,447200,0.00010198959706109978,0.00010198959706109978,9.99990000099999e-06,9.99990000099999e-06
447300,977,976,1024.0,976.0,447300,0.00010228953578048966,0.00010238951531363188,9.99990000099999e-06,9.99990000099999e-06
447400,970,970,1030.0,970.0,447400,0.00010298939209261448,0.00010298939209261448,9.99990000099999e-06,9.99990000099999e-06
447500,963,963,1037.0,963.0,447500,0.00010368924742504205,0.00010368924742504205,9.99990000099999e-06,9.99990000099999e-06
447600,962,962,1038.0,962.0,447600,0.0001037892266782708,0.0001037892266782708,9.99990000099999e-06,9.99990000099999e-06
447700,959,959,1041.0,959.0,447700,0.0001040891643179945,0.0001040891643179945,9.99990000099999e-06,9.99990000099999e-06
447800,960,960,1041.0,960.0,447800,0.00010398918512474702,0.00010398918512474702,9.99990000099999e-06,9.99990000099999e-06
447900,965,965,1035.0,965.0,447900,0.00010348928885860313,0.00010348928885860313,9.99990000099999e-06,9.99990000099999e-06
448000,967,967,1033.0,967.0,448000,0.00010328933021218909,0.00010328933021218909,9.99990000099999e-06,9.99990000099999e-06
448100,961,961,1039.0,961.0,448100,0.00010388920591150579,0.00010388920591150579,9.99990000099999e-06,9.99990000099999e-06
448200,966,966,1034.0,966.0,448200,0.000103389309545393,0.000103389309545393,9.99990000099999e-06,9.99990000099999e-06
448300,970,970,1030.0,970.0,448300,0.00010298939209261448,0.00010298939209261448,9.99990000099999e-06,9.99990000099999e-06
448400,968,967,1033.0,967.0,448400,0.00010318935085899135,0.00010328933021218909,9.99990000099999e-06,9.99990000099999e-06
448500,966,966,1034.0,966.0,448500,0.000103389309545393,0.000103389309545393,9.99990000099999e-06,9.99990000099999e-06
448600,966,966,1034.0,966.0,448600,0.000103389309545393,0.000103389309545393,9.99990000099999e-06,9.99990000099999e-06
448700,968,968,1032.0,968.0,448700,0.00010318935085899135,0.00010318935085899135,9.99990000099999e-06,9.99990000099999e-06
448800,972,972,1028.0,972.0,448800,0.00010278943324626227,0.00010278943324626227,9.99990000099999e-06,9.99990000099999e-06
448900,969,968,1031.0,968.0,448900,0.0001030893714857998,0.00010318935085899135,9.99990000099999e-06,9.99990000099999e-06
449000,970,970,1030.0,970.0,449000,0.00010298939209261448,0.00010298939209261448,9.99990000099999e-06,9.99990000099999e-06
449100,971,971,1029.0,971.0,449100,0.0001028894126794353,0.0001028894126794353,9.99990000099999e-06,9.99990000099999e-06
449200,974,974,1026.0,974.0,449200,0.00010258947431993479,0.00010258947431993479,9.99990000099999e-06,9.99990000099999e-06
449300,974,974,1026.0,974.0,449300,0.00010258947431993479,0.00010258947431993479,9.99990000099999e-06,9.99990000099999e-06
449400,974,974,1026.0,974.0,449400,0.00010258947431993479,0.00010258947431993479,9.99990000099999e-06,9.99990000099999e-06
449500,973,973,1027.0,973.0,449500,0.00010268945379309543,0.00010268945379309543,9.99990000099999e-06,9.99990000099999e-06
449600,969,969,1031.0,969.0,449600,0.0001030893714857998,0.0001030893714857998,9.99990000099999e-06,9.99990000099999e-06
449700,964,964,1036.0,964.0,449700,0.00010358926815181946,0.00010358926815181946,9.99990000099999e-06,9.99990000099999e-06
449800,967,967,1034.0,967.0,449800,0.00010328933021218909,0.00010328933021218909,9.99990000099999e-06,9.99990000099999e-06
449900,974,974,1026.0,974.0,449900,0.00010258947431993479,0.00010258947431993479,9.99990000099999e-06,9.99990000099999e-06
450000,972,972,1028.0,972.0,450000,0.00010278943324626227,0.00010278943324626227,9.99990000099999e-06,9.99990000099999e-06
450100,973,973,1027.0,973.0,450100,0.00010268945379309543,0.00010268945379309543,9.99990000099999e-06,9.99990000099999e-06
450200,973,973,1027.0,973.0,450200,0.00010268945379309543,0.00010268945379309543,9.99990000099999e-06,9.99990000099999e-06
450300,978,978,1022.0,978.0,450300,0.00010218955622735357,0.00010218955622735357,9.99990000099999e-06,9.99990000099999e-06
450400,987,987,1014.0,986.0,450400,0.00010128973934940391,0.00010128973934940391,9.99990000099999e-06,9.99990000099999e-06
450500,988,988,1012.0,988.0,450500,0.00010118975959632885,0.00010118975959632885,9.99990000099999e-06,9.99990000099999e-06
450600,980,979,1021.0,979.0,450600,0.00010198959706109978,0.0001020895766542236,9.99990000099999e-06,9.99990000099999e-06
450700,979,979,1021.0,979.0,450700,0.0001020895766542236,0.0001020895766542236,9.99990000099999e-06,9.99990000099999e-06
450800,972,972,1028.0,972.0,450800,0.00010278943324626227,0.00010278943324626227,9.99990000099999e-06,9.99990000099999e-06
450900,969,969,1031.0,969.0,450900,0.0001030893714857998,0.0001030893714857998,9.99990000099999e-06,9.99990000099999e-06
451000,972,972,1028.0,972.0,451000,0.00010278943324626227,0.00010278943324626227,9.99990000099999e-06,9.99990000099999e-06
451100,969,969,1031.0,969.0,451100,0.0001030893714857998,0.0001030893714857998,9.99990000099999e-06,9.99990000099999e-06
451200,974,974,1025.0,974.0,451200,0.00010258947431993479,0.00010258947431993479,9.99990000099999e-06,9.99990000099999e-06
451300,975,975,1025.0,975.0,451300,0.00010248949482678026,0.00010248949482678026,9.99990000099999e-06,9.99990000099999e-06
451400,970,970,1030.0,970.0,451400,0.00010298939209261448,0.00010298939209261448,9.99990000099999e-06,9.99990000099999e-06
451500,974,973,1026.0,974.0,451500,0.00010258947431993479,0.00010268945379309543,9.99990000099999e-06,9.99990000099999e-06
451600,979,979,1021.0,979.0,451600,0.0001020895766542236,0.0001020895766542236,9.99990000099999e-06,9.99990000099999e-06
451700,987,987,1013.0,987.0,451700,0.00010128973934940391,0.00010128973934940391,9.99990000099999e-06,9.99990000099999e-06
451800,975,975,1025.0,975.0,451800,0.00010248949482678026,0.00010248949482678026,9.99990000099999e-06,9.99990000099999e-06
451900,975,975,1025.0,975.0,451900,0.00010248949482678026,0.00010248949482678026,9.99990000099999e-06,9.99990000099999e-06
452000,979,979,1021.0,979.0,452000,0.0001020895766542236,0.0001020895766542236,9.99990000099999e-06,9.99990000099999e-06
452100,988,988,1012.0,988.0,452100,0.00010118975959632885,0.00010118975959632885,9.99990000099999e-06,9.99990000099999e-06
452200,993,993,1007.0,993.0,452200,0.00010068986053104453,0.00010068986053104453,9.99990000099999e-06,9.99990000099999e-06
452300,995,995,995.0,1005.0,452300,0.00010048990076497312,0.00010048990076497312,9.99990000099999e-06,9.99990000099999e-06
452400,991,991,991.0,1009.0,452400,0.00010088982021714009,0.00010088982021714009,9.99990000099999e-06,9.99990000099999e-06
452500,981,981,981.0,1019.0,452500,0.00010188961744798205,0.00010188961744798205,9.99990000099999e-06,9.99990000099999e-06
452600,988,988,988.0,1012.0,452600,0.00010118975959632885,0.00010118975959632885,9.99990000099999e-06,9.99990000099999e-06
452700,982,984,984.0,1018.0,452700,0.00010178963781487044,0.00010158967848866555,9.99990000099999e-06,9.99990000099999e-06
452800,989,989,989.0,1011.0,452800,0.00010108977982325986,0.00010108977982325986,9.99990000099999e-06,9.99990000099999e-06
452900,991,991,991.0,1009.0,452900,0.00010088982021714009,0.00010088982021714009,9.99990000099999e-06,9.99990000099999e-06
453000,988,988,988.0,1012.0,453000,0.00010118975959632885,0.00010118975959632885,9.99990000099999e-06,9.99990000099999e-06
453100,987,987,987.0,1013.0,453100,0.00010128973934940391,0.00010128973934940391,9.99990000099999e-06,9.99990000099999e-06
453200,975,975,975.0,1025.0,453200,0.00010248949482678026,0.00010248949482678026,9.99990000099999e-06,9.99990000099999e-06
453300,984,984,984.0,1016.0,453300,0.00010158967848866555,0.00010158967848866555,9.99990000099999e-06,9.99990000099999e-06
453400,990,990,990.0,1010.0,453400,0.00010098980003019696,0.00010098980003019696,9.99990000099999e-06,9.99990000099999e-06
453500,986,986,986.0,1014.0,453500,0.00010138971908248506,0.00010138971908248506,9.99990000099999e-06,9.99990000099999e-06
453600,988,989,988.0,1012.0,453600,0.00010118975959632885,0.00010108977982325986,9.99990000099999e-06,9.99990000099999e-06
453700,987,987,987.0,1013.0,453700,0.00010128973934940391,0.00010128973934940391,9.99990000099999e-06,9.99990000099999e-06
453800,977,977,977.0,1023.0,453800,0.00010228953578048966,0.00010228953578048966,9.99990000099999e-06,9.99990000099999e-06
453900,975,975,975.0,1025.0,453900,0.00010248949482678026,0.00010248949482678026,9.99990000099999e-06,9.99990000099999e-06
454000,974,974,974.0,1026.0,454000,0.00010258947431993479,0.00010258947431993479,9.99990000099999e-06,9.99990000099999e-06
454100,979,979,979.0,1021.0,454100,0.0001020895766542236,0.0001020895766542236,9.99990000099999e-06,9.99990000099999e-06
454200,974,974,974.0,1026.0,454200,0.00010258947431993479,0.00010258947431993479,9.99990000099999e-06,9.99990000099999e-06
454300,981,981,981.0,1019.0,454300,0.00010188961744798205,0.00010188961744798205,9.99990000099999e-06,9.99990000099999e-06
454400,977,977,977.0,1023.0,454400,0.00010228953578048966,0.00010228953578048966,9.99990000099999e-06,9.99990000099999e-06
454500,973,973,973.0,1027.0,454500,0.00010268945379309543,0.00010268945379309543,9.99990000099999e-06,9.99990000099999e-06
454600,975,975,975.0,1025.0,454600,0.00010248949482678026,0.00010248949482678026,9.99990000099999e-06,9.99990000099999e-06
454700,970,970,970.0,1030.0,454700,0.00010298939209261448,0.00010298939209261448,9.99990000099999e-06,9.99990000099999e-06
454800,974,974,974.0,1026.0,454800,0.00010258947431993479,0.00010258947431993479,9.99990000099999e-06,9.99990000099999e-06
454900,973,973,973.0,1027.0,454900,0.00010268945379309543,0.00010268945379309543,9.99990000099999e-06,9.99990000099999e-06
455000,974,974,974.0,1026.0,455000,0.00010258947431993479,0.00010258947431993479,9.99990000099999e-06,9.99990000099999e-06
455100,976,976,976.0,1024.0,455100,0.00010238951531363188,0.00010238951531363188,9.99990000099999e-06,9.99990000099999e-06
455200,976,976,976.0,1024.0,455200,0.00010238951531363188,0.00010238951531363188,9.99990000099999e-06,9.99990000099999e-06
455300,974,974,974.0,1025.0,455300,0.00010258947431993479,0.00010258947431993479,9.99990000099999e-06,9.99990000099999e-06
455400,966,966,966.0,1034.0,455400,0.000103389309545393,0.000103389309545393,9.99990000099999e-06,9.99990000099999e-06
455500,963,964,963.0,1037.0,455500,0.00010368924742504205,0.00010358926815181946,9.99990000099999e-06,9.99990000099999e-06
455600,956,956,956.0,1044.0,455600,0.0001043891017777744,0.0001043891017777744,9.99990000099999e-06,9.99990000099999e-06
455700,957,957,957.0,1043.0,455700,0.00010428912264450817,0.00010428912264450817,9.99990000099999e-06,9.99990000099999e-06
455800,955,955,955.0,1045.0,455800,0.0001044890808910469,0.0001044890808910469,9.99990000099999e-06,9.99990000099999e-06
455900,958,958,958.0,1042.0,455900,0.00010418914349124821,0.00010418914349124821,9.99990000099999e-06,9.99990000099999e-06
456000,953,953,953.0,1047.0,456000,0.00010468903905761067,0.00010468903905761067,9.99990000099999e-06,9.99990000099999e-06
456100,947,947,947.0,1053.0,456100,0.00010528891307745295,0.00010528891307745295,9.99990000099999e-06,9.99990000099999e-06
456200,948,948,948.0,1052.0,456200,0.00010518893412413015,0.00010518893412413015,9.99990000099999e-06,9.99990000099999e-06
456300,955,955,954.0,1046.0,456300,0.0001044890808910469,0.0001044890808910469,9.99990000099999e-06,9.99990000099999e-06
456400,958,958,959.0,1041.0,456400,0.00010418914349124821,0.00010418914349124821,9.99990000099999e-06,9.99990000099999e-06
456500,965,965,965.0,1035.0,456500,0.00010348928885860313,0.00010348928885860313,9.99990000099999e-06,9.99990000099999e-06
456600,960,960,960.0,1040.0,456600,0.00010398918512474702,0.00010398918512474702,9.99990000099999e-06,9.99990000099999e-06
456700,955,955,955.0,1045.0,456700,0.0001044890808910469,0.0001044890808910469,9.99990000099999e-06,9.99990000099999e-06
456800,955,955,955.0,1045.0,456800,0.0001044890808910469,0.0001044890808910469,9.99990000099999e-06,9.99990000099999e-06
456900,960,960,960.0,1040.0,456900,0.00010398918512474702,0.00010398918512474702,9.99990000099999e-06,9.99990000099999e-06
457000,957,957,958.0,1042.0,457000,0.00010428912264450817,0.00010428912264450817,9.99990000099999e-06,9.99990000099999e-06
457100,956,956,956.0,1044.0,457100,0.0001043891017777744,0.0001043891017777744,9.99990000099999e-06,9.99990000099999e-06
457200,952,952,952.0,1048.0,457200,0.00010478901811090198,0.00010478901811090198,9.99990000099999e-06,9.99990000099999e-06
457300,951,951,951.0,1049.0,457300,0.00010488899714419958,0.00010488899714419958,9.99990000099999e-06,9.99990000099999e-06
457400,952,952,952.0,1048.0,457400,0.00010478901811090198,0.00010478901811090198,9.99990000099999e-06,9.99990000099999e-06
457500,957,957,957.0,1043.0,457500,0.00010428912264450817,0.00010428912264450817,9.99990000099999e-06,9.99990000099999e-06
457600,955,956,955.0,1045.0,457600,0.0001044890808910469,0.0001043891017777744,9.99990000099999e-06,9.99990000099999e-06
457700,949,949,949.0,1051.0,457700,0.00010508895515081363,0.00010508895515081363,9.99990000099999e-06,9.99990000099999e-06
457800,953,953,953.0,1047.0,457800,0.00010468903905761067,0.00010468903905761067,9.99990000099999e-06,9.99990000099999e-06
457900,950,950,950.0,1050.0,457900,0.00010498897615750347,0.00010498897615750347,9.99990000099999e-06,9.99990000099999e-06
458000,952,953,953.0,1047.0,458000,0.00010478901811090198,0.00010468903905761067,9.99990000099999e-06,9.99990000099999e-06
458100,951,951,951.0,1049.0,458100,0.00010488899714419958,0.00010488899714419958,9.99990000099999e-06,9.99990000099999e-06
458200,956,956,956.0,1044.0,458200,0.0001043891017777744,0.0001043891017777744,9.99990000099999e-06,9.99990000099999e-06
458300,962,962,962.0,1038.0,458300,0.0001037892266782708,0.0001037892266782708,9.99990000099999e-06,9.99990000099999e-06
458400,961,961,961.0,1039.0,458400,0.00010388920591150579,0.00010388920591150579,9.99990000099999e-06,9.99990000099999e-06
458500,967,967,967.0,1033.0,458500,0.00010328933021218909,0.00010328933021218909,9.99990000099999e-06,9.99990000099999e-06
458600,967,967,967.0,1033.0,458600,0.00010328933021218909,0.00010328933021218909,9.99990000099999e-06,9.99990000099999e-06
458700,967,967,967.0,1033.0,458700,0.00010328933021218909,0.00010328933021218909,9.99990000099999e-06,9.99990000099999e-06
458800,977,977,977.0,1023.0,458800,0.00010228953578048966,0.00010228953578048966,9.99990000099999e-06,9.99990000099999e-06
458900,978,978,978.0,1022.0,458900,0.00010218955622735357,0.00010218955622735357,9.99990000099999e-06,9.99990000099999e-06
459000,968,968,968.0,1032.0,459000,0.00010318935085899135,0.00010318935085899135,9.99990000099999e-06,9.99990000099999e-06
459100,973,973,973.0,1027.0,459100,0.00010268945379309543,0.00010268945379309543,9.99990000099999e-06,9.99990000099999e-06
459200,974,975,974.0,1026.0,459200,0.00010258947431993479,0.00010248949482678026,9.99990000099999e-06,9.99990000099999e-06
459300,979,979,979.0,1021.0,459300,0.0001020895766542236,0.0001020895766542236,9.99990000099999e-06,9.99990000099999e-06
459400,972,972,972.0,1028.0,459400,0.00010278943324626227,0.00010278943324626227,9.99990000099999e-06,9.99990000099999e-06
459500,970,970,970.0,1030.0,459500,0.00010298939209261448,0.00010298939209261448,9.99990000099999e-06,9.99990000099999e-06
459600,967,967,967.0,1033.0,459600,0.00010328933021218909,0.00010328933021218909,9.99990000099999e-06,9.99990000099999e-06
459700,968,968,968.0,1032.0,459700,0.00010318935085899135,0.00010318935085899135,9.99990000099999e-06,9.99990000099999e-06
459800,973,973,973.0,1027.0,459800,0.00010268945379309543,0.00010268945379309543,9.99990000099999e-06,9.99990000099999e-06
459900,960,960,960.0,1040.0,459900,0.00010398918512474702,0.00010398918512474702,9.99990000099999e-06,9.99990000099999e-06
460000,957,957,957.0,1043.0,460000,0.00010428912264450817,0.00010428912264450817,9.99990000099999e-06,9.99990000099999e-06
460100,961,962,962.0,1038.0,460100,0.00010388920591150579,0.0001037892266782708,9.99990000099999e-06,9.99990000099999e-06
460200,966,966,966.0,1034.0,460200,0.000103389309545393,0.000103389309545393,9.99990000099999e-06,9.99990000099999e-06
460300,955,955,955.0,1045.0,460300,0.0001044890808910469,0.0001044890808910469,9.99990000099999e-06,9.99990000099999e-06
460400,954,954,954.0,1046.0,460400,0.00010458905998432565,0.00010458905998432565,9.99990000099999e-06,9.99990000099999e-06
460500,955,955,955.0,1045.0,460500,0.0001044890808910469,0.0001044890808910469,9.99990000099999e-06,9.99990000099999e-06
460600,967,967,967.0,1033.0,460600,0.00010328933021218909,0.00010328933021218909,9.99990000099999e-06,9.99990000099999e-06
460700,963,964,964.0,1036.0,460700,0.00010368924742504205,0.00010358926815181946,9.99990000099999e-06,9.99990000099999e-06
460800,958,958,958.0,1042.0,460800,0.00010418914349124821,0.00010418914349124821,9.99990000099999e-06,9.99990000099999e-06
460900,960,960,960.0,1040.0,460900,0.00010398918512474702,0.00010398918512474702,9.99990000099999e-06,9.99990000099999e-06
461000,960,960,960.0,1040.0,461000,0.00010398918512474702,0.00010398918512474702,9.99990000099999e-06,9.99990000099999e-06
461100,959,959,959.0,1041.0,461100,0.0001040891643179945,0.0001040891643179945,9.99990000099999e-06,9.99990000099999e-06
461200,955,955,955.0,1045.0,461200,0.0001044890808910469,0.0001044890808910469,9.99990000099999e-06,9.99990000099999e-06
461300,959,959,959.0,1041.0,461300,0.0001040891643179945,0.0001040891643179945,9.99990000099999e-06,9.99990000099999e-06
461400,955,955,955.0,1045.0,461400,0.0001044890808910469,0.0001044890808910469,9.99990000099999e-06,9.99990000099999e-06
461500,958,958,958.0,1042.0,461500,0.00010418914349124821,0.00010418914349124821,9.99990000099999e-06,9.99990000099999e-06
461600,951,951,951.0,1049.0,461600,0.00010488899714419958,0.00010488899714419958,9.99990000099999e-06,9.99990000099999e-06
461700,948,948,948.0,1052.0,461700,0.00010518893412413015,0.00010518893412413015,9.99990000099999e-06,9.99990000099999e-06
461800,947,947,947.0,1053.0,461800,0.00010528891307745295,0.00010528891307745295,9.99990000099999e-06,9.99990000099999e-06
461900,947,947,947.0,1053.0,461900,0.00010528891307745295,0.00010528891307745295,9.99990000099999e-06,9.99990000099999e-06
462000,942,942,942.0,1058.0,462000,0.00010578880754416181,0.00010578880754416181,9.99990000099999e-06,9.99990000099999e-06
462100,942,942,942.0,1058.0,462100,0.00010578880754416181,0.00010578880754416181,9.99990000099999e-06,9.99990000099999e-06
462200,943,943,943.0,1057.0,462200,0.00010568882869080739,0.00010568882869080739,9.99990000099999e-06,9.99990000099999e-06
462300,944,944,944.0,1056.0,462300,0.00010558884981745929,0.00010558884981745929,9.99990000099999e-06,9.99990000099999e-06
462400,936,936,936.0,1064.0,462400,0.00010638868024442201,0.00010638868024442201,9.99990000099999e-06,9.99990000099999e-06
462500,945,945,945.0,1055.0,462500,0.0001054888709241175,0.0001054888709241175,9.99990000099999e-06,9.99990000099999e-06
462600,955,955,954.0,1046.0,462600,0.0001044890808910469,0.0001044890808910469,9.99990000099999e-06,9.99990000099999e-06
462700,959,959,960.0,1040.0,462700,0.0001040891643179945,0.0001040891643179945,9.99990000099999e-06,9.99990000099999e-06
462800,961,961,961.0,1039.0,462800,0.00010388920591150579,0.00010388920591150579,9.99990000099999e-06,9.99990000099999e-06
462900,959,959,959.0,1041.0,462900,0.0001040891643179945,0.0001040891643179945,9.99990000099999e-06,9.99990000099999e-06
463000,958,958,958.0,1042.0,463000,0.00010418914349124821,0.00010418914349124821,9.99990000099999e-06,9.99990000099999e-06
463100,954,954,954.0,1046.0,463100,0.00010458905998432565,0.00010458905998432565,9.99990000099999e-06,9.99990000099999e-06
463200,956,956,956.0,1044.0,463200,0.0001043891017777744,0.0001043891017777744,9.99990000099999e-06,9.99990000099999e-06
463300,959,959,959.0,1041.0,463300,0.0001040891643179945,0.0001040891643179945,9.99990000099999e-06,9.99990000099999e-06
463400,964,964,964.0,1036.0,463400,0.00010358926815181946,0.00010358926815181946,9.99990000099999e-06,9.99990000099999e-06
463500,966,966,966.0,1034.0,463500,0.000103389309545393,0.000103389309545393,9.99990000099999e-06,9.99990000099999e-06
463600,964,964,964.0,1036.0,463600,0.00010358926815181946,0.00010358926815181946,9.99990000099999e-06,9.99990000099999e-06
463700,961,961,961.0,1039.0,463700,0.00010388920591150579,0.00010388920591150579,9.99990000099999e-06,9.99990000099999e-06
463800,963,963,963.0,1037.0,463800,0.00010368924742504205,0.00010368924742504205,9.99990000099999e-06,9.99990000099999e-06
463900,962,962,962.0,1038.0,463900,0.0001037892266782708,0.0001037892266782708,9.99990000099999e-06,9.99990000099999e-06
464000,962,963,962.0,1038.0,464000,0.0001037892266782708,0.00010368924742504205,9.99990000099999e-06,9.99990000099999e-06
464100,958,958,958.0,1042.0,464100,0.00010418914349124821,0.00010418914349124821,9.99990000099999e-06,9.99990000099999e-06
464200,961,961,961.0,1039.0,464200,0.00010388920591150579,0.00010388920591150579,9.99990000099999e-06,9.99990000099999e-06
464300,970,970,970.0,1030.0,464300,0.00010298939209261448,0.00010298939209261448,9.99990000099999e-06,9.99990000099999e-06
464400,974,974,974.0,1026.0,464400,0.00010258947431993479,0.00010258947431993479,9.99990000099999e-06,9.99990000099999e-06
464500,977,977,977.0,1023.0,464500,0.00010228953578048966,0.00010228953578048966,9.99990000099999e-06,9.99990000099999e-06
464600,967,967,967.0,1033.0,464600,0.00010328933021218909,0.00010328933021218909,9.99990000099999e-06,9.99990000099999e-06
464700,975,975,975.0,1025.0,464700,0.00010248949482678026,0.00010248949482678026,9.99990000099999e-06,9.99990000099999e-06
464800,975,975,975.0,1025.0,464800,0.00010248949482678026,0.00010248949482678026,9.99990000099999e-06,9.99990000099999e-06
464900,976,976,976.0,1024.0,464900,0.00010238951531363188,0.00010238951531363188,9.99990000099999e-06,9.99990000099999e-06
465000,973,973,974.0,1027.0,465000,0.00010268945379309543,0.00010268945379309543,9.99990000099999e-06,9.99990000099999e-06
465100,974,974,974.0,1026.0,465100,0.00010258947431993479,0.00010258947431993479,9.99990000099999e-06,9.99990000099999e-06
465200,966,966,966.0,1034.0,465200,0.000103389309545393,0.000103389309545393,9.99990000099999e-06,9.99990000099999e-06
465300,964,964,964.0,1036.0,465300,0.00010358926815181946,0.00010358926815181946,9.99990000099999e-06,9.99990000099999e-06
465400,957,957,959.0,1041.0,465400,0.00010428912264450817,0.00010428912264450817,9.99990000099999e-06,9.99990000099999e-06
465500,958,958,958.0,1042.0,465500,0.00010418914349124821,0.00010418914349124821,9.99990000099999e-06,9.99990000099999e-06
465600,962,962,962.0,1038.0,465600,0.0001037892266782708,0.0001037892266782708,9.99990000099999e-06,9.99990000099999e-06
465700,966,967,967.0,1034.0,465700,0.000103389309545393,0.00010328933021218909,9.99990000099999e-06,9.99990000099999e-06
465800,967,967,967.0,1033.0,465800,0.00010328933021218909,0.00010328933021218909,9.99990000099999e-06,9.99990000099999e-06
465900,965,965,964.0,1035.0,465900,0.00010348928885860313,0.00010348928885860313,9.99990000099999e-06,9.99990000099999e-06
466000,971,971,971.0,1029.0,466000,0.0001028894126794353,0.0001028894126794353,9.99990000099999e-06,9.99990000099999e-06
466100,966,966,966.0,1034.0,466100,0.000103389309545393,0.000103389309545393,9.99990000099999e-06,9.99990000099999e-06
466200,967,967,967.0,1033.0,466200,0.00010328933021218909,0.00010328933021218909,9.99990000099999e-06,9.99990000099999e-06
466300,972,972,972.0,1028.0,466300,0.00010278943324626227,0.00010278943324626227,9.99990000099999e-06,9.99990000099999e-06
466400,974,974,974.0,1026.0,466400,0.00010258947431993479,0.00010258947431993479,9.99990000099999e-06,9.99990000099999e-06
466500,987,987,987.0,1013.0,466500,0.00010128973934940391,0.00010128973934940391,9.99990000099999e-06,9.99990000099999e-06
466600,984,984,984.0,1016.0,466600,0.00010158967848866555,0.00010158967848866555,9.99990000099999e-06,9.99990000099999e-06
466700,981,982,981.0,1019.0,466700,0.00010188961744798205,0.00010178963781487044,9.99990000099999e-06,9.99990000099999e-06
466800,983,983,983.0,1017.0,466800,0.00010168965816176495,0.00010168965816176495,9.99990000099999e-06,9.99990000099999e-06
466900,984,984,984.0,1016.0,466900,0.00010158967848866555,0.00010158967848866555,9.99990000099999e-06,9.99990000099999e-06
467000,982,982,982.0,1018.0,467000,0.00010178963781487044,0.00010178963781487044,9.99990000099999e-06,9.99990000099999e-06
467100,980,980,980.0,1020.0,467100,0.00010198959706109978,0.00010198959706109978,9.99990000099999e-06,9.99990000099999e-06
467200,978,978,978.0,1022.0,467200,0.00010218955622735357,0.00010218955622735357,9.99990000099999e-06,9.99990000099999e-06
467300,974,974,974.0,1026.0,467300,0.00010258947431993479,0.00010258947431993479,9.99990000099999e-06,9.99990000099999e-06
467400,976,976,976.0,1024.0,467400,0.00010238951531363188,0.00010238951531363188,9.99990000099999e-06,9.99990000099999e-06
467500,975,976,975.0,1025.0,467500,0.00010248949482678026,0.00010238951531363188,9.99990000099999e-06,9.99990000099999e-06
467600,977,977,977.0,1023.0,467600,0.00010228953578048966,0.00010228953578048966,9.99990000099999e-06,9.99990000099999e-06
467700,981,981,981.0,1019.0,467700,0.00010188961744798205,0.00010188961744798205,9.99990000099999e-06,9.99990000099999e-06
467800,972,972,972.0,1028.0,467800,0.00010278943324626227,0.00010278943324626227,9.99990000099999e-06,9.99990000099999e-06
467900,971,971,971.0,1029.0,467900,0.0001028894126794353,0.0001028894126794353,9.99990000099999e-06,9.99990000099999e-06
468000,967,967,967.0,1033.0,468000,0.00010328933021218909,0.00010328933021218909,9.99990000099999e-06,9.99990000099999e-06
468100,956,956,956.0,1044.0,468100,0.0001043891017777744,0.0001043891017777744,9.99990000099999e-06,9.99990000099999e-06
468200,956,956,956.0,1044.0,468200,0.0001043891017777744,0.0001043891017777744,9.99990000099999e-06,9.99990000099999e-06
468300,966,966,966.0,1034.0,468300,0.000103389309545393,0.000103389309545393,9.99990000099999e-06,9.99990000099999e-06
468400,955,955,955.0,1045.0,468400,0.0001044890808910469,0.0001044890808910469,9.99990000099999e-06,9.99990000099999e-06
468500,957,958,957.0,1043.0,468500,0.00010428912264450817,0.00010418914349124821,9.99990000099999e-06,9.99990000099999e-06
468600,955,955,955.0,1045.0,468600,0.0001044890808910469,0.0001044890808910469,9.99990000099999e-06,9.99990000099999e-06
468700,956,956,956.0,1044.0,468700,0.0001043891017777744,0.0001043891017777744,9.99990000099999e-06,9.99990000099999e-06
468800,948,949,948.0,1052.0,468800,0.00010518893412413015,0.00010508895515081363,9.99990000099999e-06,9.99990000099999e-06
468900,953,953,953.0,1047.0,468900,0.00010468903905761067,0.00010468903905761067,9.99990000099999e-06,9.99990000099999e-06
469000,953,953,953.0,1047.0,469000,0.00010468903905761067,0.00010468903905761067,9.99990000099999e-06,9.99990000099999e-06
469100,949,949,949.0,1051.0,469100,0.00010508895515081363,0.00010508895515081363,9.99990000099999e-06,9.99990000099999e-06
469200,946,946,946.0,1054.0,469200,0.00010538889201078208,0.00010538889201078208,9.99990000099999e-06,9.99990000099999e-06
469300,944,944,944.0,1056.0,469300,0.00010558884981745929,0.00010558884981745929,9.99990000099999e-06,9.99990000099999e-06
469400,944,944,944.0,1056.0,469400,0.00010558884981745929,0.00010558884981745929,9.99990000099999e-06,9.99990000099999e-06
469500,943,943,943.0,1057.0,469500,0.00010568882869080739,0.00010568882869080739,9.99990000099999e-06,9.99990000099999e-06
469600,934,934,934.0,1066.0,469600,0.00010658863765122638,0.00010658863765122638,9.99990000099999e-06,9.99990000099999e-06
469700,933,933,933.0,1067.0,469700,0.00010668861632463818,0.00010668861632463818,9.99990000099999e-06,9.99990000099999e-06
469800,935,935,935.0,1065.0,469800,0.000106488658957821,0.000106488658957821,9.99990000099999e-06,9.99990000099999e-06
469900,932,933,932.0,1068.0,469900,0.00010678859497805635,0.00010668861632463818,9.99990000099999e-06,9.99990000099999e-06
470000,926,926,926.0,1074.0,470000,0.00010738846647870019,0.00010738846647870019,9.99990000099999e-06,9.99990000099999e-06
470100,925,925,925.0,1075.0,470100,0.00010748844499216334,0.00010748844499216334,9.99990000099999e-06,9.99990000099999e-06
470200,931,931,931.0,1069.0,470200,0.00010688857361148093,0.00010688857361148093,9.99990000099999e-06,9.99990000099999e-06
470300,937,937,937.0,1063.0,470300,0.0001062887015110294,0.0001062887015110294,9.99990000099999e-06,9.99990000099999e-06
470400,938,938,938.0,1062.0,470400,0.00010618872275764314,0.00010618872275764314,9.99990000099999e-06,9.99990000099999e-06
470500,933,934,933.0,1066.0,470500,0.00010668861632463818,0.00010658863765122638,9.99990000099999e-06,9.99990000099999e-06
470600,936,936,936.0,1064.0,470600,0.00010638868024442201,0.00010638868024442201,9.99990000099999e-06,9.99990000099999e-06
470700,929,929,929.0,1071.0,470700,0.00010708853081834937,0.00010708853081834937,9.99990000099999e-06,9.99990000099999e-06
470800,930,930,930.0,1070.0,470800,0.00010698855222491194,0.00010698855222491194,9.99990000099999e-06,9.99990000099999e-06
470900,936,936,936.0,1064.0,470900,0.00010638868024442201,0.00010638868024442201,9.99990000099999e-06,9.99990000099999e-06
471000,934,934,934.0,1066.0,471000,0.00010658863765122638,0.00010658863765122638,9.99990000099999e-06,9.99990000099999e-06
471100,938,938,938.0,1062.0,471100,0.00010618872275764314,0.00010618872275764314,9.99990000099999e-06,9.99990000099999e-06
471200,937,938,937.0,1063.0,471200,0.0001062887015110294,0.00010618872275764314,9.99990000099999e-06,9.99990000099999e-06
471300,939,939,939.0,1061.0,471300,0.00010608874398426327,0.00010608874398426327,9.99990000099999e-06,9.99990000099999e-06
471400,942,943,943.0,1057.0,471400,0.00010578880754416181,0.00010568882869080739,9.99990000099999e-06,9.99990000099999e-06
471500,945,945,945.0,1055.0,471500,0.0001054888709241175,0.0001054888709241175,9.99990000099999e-06,9.99990000099999e-06
471600,941,941,941.0,1059.0,471600,0.00010588878637752262,0.00010588878637752262,9.99990000099999e-06,9.99990000099999e-06
471700,946,946,946.0,1054.0,471700,0.00010538889201078208,0.00010538889201078208,9.99990000099999e-06,9.99990000099999e-06
471800,948,948,948.0,1052.0,471800,0.00010518893412413015,0.00010518893412413015,9.99990000099999e-06,9.99990000099999e-06
471900,957,957,957.0,1043.0,471900,0.00010428912264450817,0.00010428912264450817,9.99990000099999e-06,9.99990000099999e-06
472000,962,962,962.0,1038.0,472000,0.0001037892266782708,0.0001037892266782708,9.99990000099999e-06,9.99990000099999e-06
472100,958,958,958.0,1042.0,472100,0.00010418914349124821,0.00010418914349124821,9.99990000099999e-06,9.99990000099999e-06
472200,956,956,955.0,1044.0,472200,0.0001043891017777744,0.0001043891017777744,9.99990000099999e-06,9.99990000099999e-06
472300,959,959,959.0,1041.0,472300,0.0001040891643179945,0.0001040891643179945,9.99990000099999e-06,9.99990000099999e-06
472400,958,958,958.0,1042.0,472400,0.00010418914349124821,0.00010418914349124821,9.99990000099999e-06,9.99990000099999e-06
472500,953,953,953.0,1047.0,472500,0.00010468903905761067,0.00010468903905761067,9.99990000099999e-06,9.99990000099999e-06
472600,958,958,958.0,1042.0,472600,0.00010418914349124821,0.00010418914349124821,9.99990000099999e-06,9.99990000099999e-06
472700,955,955,955.0,1045.0,472700,0.0001044890808910469,0.0001044890808910469,9.99990000099999e-06,9.99990000099999e-06
472800,959,959,959.0,1040.0,472800,0.0001040891643179945,0.0001040891643179945,9.99990000099999e-06,9.99990000099999e-06
472900,967,967,967.0,1033.0,472900,0.00010328933021218909,0.00010328933021218909,9.99990000099999e-06,9.99990000099999e-06
473000,960,960,960.0,1040.0,473000,0.00010398918512474702,0.00010398918512474702,9.99990000099999e-06,9.99990000099999e-06
473100,955,955,955.0,1045.0,473100,0.0001044890808910469,0.0001044890808910469,9.99990000099999e-06,9.99990000099999e-06
473200,956,956,956.0,1044.0,473200,0.0001043891017777744,0.0001043891017777744,9.99990000099999e-06,9.99990000099999e-06
473300,952,952,952.0,1048.0,473300,0.00010478901811090198,0.00010478901811090198,9.99990000099999e-06,9.99990000099999e-06
473400,949,950,950.0,1050.0,473400,0.00010508895515081363,0.00010498897615750347,9.99990000099999e-06,9.99990000099999e-06
473500,949,949,949.0,1051.0,473500,0.00010508895515081363,0.00010508895515081363,9.99990000099999e-06,9.99990000099999e-06
473600,945,946,946.0,1054.0,473600,0.0001054888709241175,0.00010538889201078208,9.99990000099999e-06,9.99990000099999e-06
473700,947,947,947.0,1053.0,473700,0.00010528891307745295,0.00010528891307745295,9.99990000099999e-06,9.99990000099999e-06
473800,948,948,948.0,1052.0,473800,0.00010518893412413015,0.00010518893412413015,9.99990000099999e-06,9.99990000099999e-06
473900,949,949,949.0,1051.0,473900,0.00010508895515081363,0.00010508895515081363,9.99990000099999e-06,9.99990000099999e-06
474000,944,945,945.0,1055.0,474000,0.00010558884981745929,0.0001054888709241175,9.99990000099999e-06,9.99990000099999e-06
474100,950,950,950.0,1050.0,474100,0.00010498897615750347,0.00010498897615750347,9.99990000099999e-06,9.99990000099999e-06
474200,949,949,949.0,1051.0,474200,0.00010508895515081363,0.00010508895515081363,9.99990000099999e-06,9.99990000099999e-06
474300,942,942,942.0,1058.0,474300,0.00010578880754416181,0.00010578880754416181,9.99990000099999e-06,9.99990000099999e-06
474400,945,945,945.0,1055.0,474400,0.0001054888709241175,0.0001054888709241175,9.99990000099999e-06,9.99990000099999e-06
474500,944,945,945.0,1056.0,474500,0.00010558884981745929,0.0001054888709241175,9.99990000099999e-06,9.99990000099999e-06
474600,946,946,946.0,1054.0,474600,0.00010538889201078208,0.00010538889201078208,9.99990000099999e-06,9.99990000099999e-06
474700,949,949,949.0,1051.0,474700,0.00010508895515081363,0.00010508895515081363,9.99990000099999e-06,9.99990000099999e-06
474800,955,955,955.0,1045.0,474800,0.0001044890808910469,0.0001044890808910469,9.99990000099999e-06,9.99990000099999e-06
474900,953,953,952.0,1048.0,474900,0.00010468903905761067,0.00010468903905761067,9.99990000099999e-06,9.99990000099999e-06
475000,950,950,950.0,1050.0,475000,0.00010498897615750347,0.00010498897615750347,9.99990000099999e-06,9.99990000099999e-06
475100,953,953,953.0,1047.0,475100,0.00010468903905761067,0.00010468903905761067,9.99990000099999e-06,9.99990000099999e-06
475200,949,949,949.0,1051.0,475200,0.00010508895515081363,0.00010508895515081363,9.99990000099999e-06,9.99990000099999e-06
475300,943,943,943.0,1057.0,475300,0.00010568882869080739,0.00010568882869080739,9.99990000099999e-06,9.99990000099999e-06
475400,943,943,943.0,1057.0,475400,0.00010568882869080739,0.00010568882869080739,9.99990000099999e-06,9.99990000099999e-06
475500,942,942,942.0,1058.0,475500,0.00010578880754416181,0.00010578880754416181,9.99990000099999e-06,9.99990000099999e-06
475600,947,947,947.0,1053.0,475600,0.00010528891307745295,0.00010528891307745295,9.99990000099999e-06,9.99990000099999e-06
475700,946,946,946.0,1054.0,475700,0.00010538889201078208,0.00010538889201078208,9.99990000099999e-06,9.99990000099999e-06
475800,939,939,939.0,1061.0,475800,0.00010608874398426327,0.00010608874398426327,9.99990000099999e-06,9.99990000099999e-06
475900,935,936,936.0,1064.0,475900,0.000106488658957821,0.00010638868024442201,9.99990000099999e-06,9.99990000099999e-06
476000,935,936,936.0,1064.0,476000,0.000106488658957821,0.00010638868024442201,9.99990000099999e-06,9.99990000099999e-06
476100,928,928,928.0,1072.0,476100,0.00010718850939179321,0.00010718850939179321,9.99990000099999e-06,9.99990000099999e-06
476200,929,929,929.0,1071.0,476200,0.00010708853081834937,0.00010708853081834937,9.99990000099999e-06,9.99990000099999e-06
476300,926,926,926.0,1074.0,476300,0.00010738846647870019,0.00010738846647870019,9.99990000099999e-06,9.99990000099999e-06
476400,922,922,922.0,1078.0,476400,0.0001077883804125915,0.0001077883804125915,9.99990000099999e-06,9.99990000099999e-06
476500,926,926,926.0,1074.0,476500,0.00010738846647870019,0.00010738846647870019,9.99990000099999e-06,9.99990000099999e-06
476600,922,922,922.0,1078.0,476600,0.0001077883804125915,0.0001077883804125915,9.99990000099999e-06,9.99990000099999e-06
476700,920,921,920.0,1080.0,476700,0.00010798833725957598,0.00010788835884608052,9.99990000099999e-06,9.99990000099999e-06
476800,924,924,924.0,1076.0,476800,0.00010758842348563294,0.00010758842348563294,9.99990000099999e-06,9.99990000099999e-06
476900,920,920,920.0,1080.0,476900,0.00010798833725957598,0.00010798833725957598,9.99990000099999e-06,9.99990000099999e-06
477000,915,915,915.0,1085.0,477000,0.00010848822902715054,0.00010848822902715054,9.99990000099999e-06,9.99990000099999e-06
477100,909,909,909.0,1091.0,477100,0.00010908809848845491,0.00010908809848845491,9.99990000099999e-06,9.99990000099999e-06
477200,903,903,903.0,1097.0,477200,0.00010968796722999486,0.00010968796722999486,9.99990000099999e-06,9.99990000099999e-06
477300,905,905,905.0,1095.0,477300,0.00010948801106278863,0.00010948801106278863,9.99990000099999e-06,9.99990000099999e-06
477400,911,911,911.0,1089.0,477400,0.00010888814208132734,0.00010888814208132734,9.99990000099999e-06,9.99990000099999e-06
477500,919,919,919.0,1081.0,477500,0.0001080883156530779,0.0001080883156530779,9.99990000099999e-06,9.99990000099999e-06
477600,914,914,914.0,1086.0,477600,0.00010858820732068498,0.00010858820732068498,9.99990000099999e-06,9.99990000099999e-06
477700,909,909,909.0,1091.0,477700,0.00010908809848845491,0.00010908809848845491,9.99990000099999e-06,9.99990000099999e-06
477800,907,908,907.0,1093.0,477800,0.00010928805481560865,0.0001091880766620285,9.99990000099999e-06,9.99990000099999e-06
477900,906,906,906.0,1094.0,477900,0.00010938803294919535,0.00010938803294919535,9.99990000099999e-06,9.99990000099999e-06
478000,901,901,901.0,1099.0,478000,0.00010988792331722744,0.00010988792331722744,9.99990000099999e-06,9.99990000099999e-06
478100,903,903,903.0,1097.0,478100,0.00010968796722999486,0.00010968796722999486,9.99990000099999e-06,9.99990000099999e-06
478200,904,906,906.0,1094.0,478200,0.00010958798915638846,0.00010938803294919535,9.99990000099999e-06,9.99990000099999e-06
478300,904,904,904.0,1096.0,478300,0.00010958798915638846,0.00010958798915638846,9.99990000099999e-06,9.99990000099999e-06
478400,905,905,905.0,1095.0,478400,0.00010948801106278863,0.00010948801106278863,9.99990000099999e-06,9.99990000099999e-06
478500,911,911,911.0,1089.0,478500,0.00010888814208132734,0.00010888814208132734,9.99990000099999e-06,9.99990000099999e-06
478600,906,906,906.0,1094.0,478600,0.00010938803294919535,0.00010938803294919535,9.99990000099999e-06,9.99990000099999e-06
478700,900,900,900.0,1100.0,478700,0.00010998790133085361,0.00010998790133085361,9.99990000099999e-06,9.99990000099999e-06
478800,904,904,904.0,1096.0,478800,0.00010958798915638846,0.00010958798915638846,9.99990000099999e-06,9.99990000099999e-06
478900,903,903,903.0,1097.0,478900,0.00010968796722999486,0.00010968796722999486,9.99990000099999e-06,9.99990000099999e-06
479000,906,906,906.0,1094.0,479000,0.00010938803294919535,0.00010938803294919535,9.99990000099999e-06,9.99990000099999e-06
479100,906,906,906.0,1094.0,479100,0.00010938803294919535,0.00010938803294919535,9.99990000099999e-06,9.99990000099999e-06
479200,911,911,912.0,1088.0,479200,0.00010888814208132734,0.00010888814208132734,9.99990000099999e-06,9.99990000099999e-06
479300,905,905,905.0,1095.0,479300,0.00010948801106278863,0.00010948801106278863,9.99990000099999e-06,9.99990000099999e-06
479400,912,912,912.0,1088.0,479400,0.00010878816384777336,0.00010878816384777336,9.99990000099999e-06,9.99990000099999e-06
479500,907,907,907.0,1093.0,479500,0.00010928805481560865,0.00010928805481560865,9.99990000099999e-06,9.99990000099999e-06
479600,914,914,914.0,1085.0,479600,0.00010858820732068498,0.00010858820732068498,9.99990000099999e-06,9.99990000099999e-06
479700,912,912,912.0,1088.0,479700,0.00010878816384777336,0.00010878816384777336,9.99990000099999e-06,9.99990000099999e-06
479800,911,911,911.0,1089.0,479800,0.00010888814208132734,0.00010888814208132734,9.99990000099999e-06,9.99990000099999e-06
479900,907,907,907.0,1093.0,479900,0.00010928805481560865,0.00010928805481560865,9.99990000099999e-06,9.99990000099999e-06
480000,907,907,907.0,1093.0,480000,0.00010928805481560865,0.00010928805481560865,9.99990000099999e-06,9.99990000099999e-06
480100,902,902,902.0,1098.0,480100,0.00010978794528360787,0.00010978794528360787,9.99990000099999e-06,9.99990000099999e-06
480200,904,904,904.0,1096.0,480200,0.00010958798915638846,0.00010958798915638846,9.99990000099999e-06,9.99990000099999e-06
480300,901,901,901.0,1100.0,480300,0.00010988792331722744,0.00010988792331722744,9.99990000099999e-06,9.99990000099999e-06
480400,894,894,894.0,1106.0,480400,0.0001105877689927494,0.0001105877689927494,9.99990000099999e-06,9.99990000099999e-06
480500,897,897,897.0,1103.0,480500,0.00011028783525177173,0.00011028783525177173,9.99990000099999e-06,9.99990000099999e-06
480600,897,897,897.0,1103.0,480600,0.00011028783525177173,0.00011028783525177173,9.99990000099999e-06,9.99990000099999e-06
480700,890,890,890.0,1110.0,480700,0.00011098768036747922,0.00011098768036747922,9.99990000099999e-06,9.99990000099999e-06
480800,889,890,889.0,1110.0,480800,0.00011108765816117828,0.00011098768036747922,9.99990000099999e-06,9.99990000099999e-06
480900,883,883,883.0,1117.0,480900,0.00011168752450351297,0.00011168752450351297,9.99990000099999e-06,9.99990000099999e-06
481000,886,886,886.0,1114.0,481000,0.00011138759142231556,0.00011138759142231556,9.99990000099999e-06,9.99990000099999e-06
481100,889,889,889.0,1111.0,481100,0.00011108765816117828,0.00011108765816117828,9.99990000099999e-06,9.99990000099999e-06
481200,885,885,885.0,1115.0,481200,0.00011148756913604133,0.00011148756913604133,9.99990000099999e-06,9.99990000099999e-06
481300,888,888,888.0,1112.0,481300,0.00011118763593488403,0.00011118763593488403,9.99990000099999e-06,9.99990000099999e-06
481400,885,885,885.0,1115.0,481400,0.00011148756913604133,0.00011148756913604133,9.99990000099999e-06,9.99990000099999e-06
481500,884,884,884.0,1116.0,481500,0.00011158754682977379,0.00011158754682977379,9.99990000099999e-06,9.99990000099999e-06
481600,879,880,880.0,1120.0,481600,0.00011208743499853669,0.00011198745740477069,9.99990000099999e-06,9.99990000099999e-06
481700,886,886,886.0,1114.0,481700,0.00011138759142231556,0.00011138759142231556,9.99990000099999e-06,9.99990000099999e-06
481800,887,887,887.0,1113.0,481800,0.00011128761368859648,0.00011128761368859648,9.99990000099999e-06,9.99990000099999e-06
481900,880,880,880.0,1120.0,481900,0.00011198745740477069,0.00011198745740477069,9.99990000099999e-06,9.99990000099999e-06
482000,878,879,878.0,1122.0,482000,0.0001121874125723094,0.00011208743499853669,9.99990000099999e-06,9.99990000099999e-06
482100,872,872,872.0,1128.0,482100,0.00011278727759508727,0.00011278727759508727,9.99990000099999e-06,9.99990000099999e-06
482200,877,877,877.0,1123.0,482200,0.00011228739012608884,0.00011228739012608884,9.99990000099999e-06,9.99990000099999e-06
482300,877,877,877.0,1123.0,482300,0.00011228739012608884,0.00011228739012608884,9.99990000099999e-06,9.99990000099999e-06
482400,871,871,871.0,1129.0,482400,0.00011288725502890725,0.00011288725502890725,9.99990000099999e-06,9.99990000099999e-06
482500,871,871,871.0,1129.0,482500,0.00011288725502890725,0.00011288725502890725,9.99990000099999e-06,9.99990000099999e-06
482600,877,877,877.0,1123.0,482600,0.00011228739012608884,0.00011228739012608884,9.99990000099999e-06,9.99990000099999e-06
482700,881,881,881.0,1119.0,482700,0.00011188747979101137,0.00011188747979101137,9.99990000099999e-06,9.99990000099999e-06
482800,883,883,883.0,1117.0,482800,0.00011168752450351297,0.00011168752450351297,9.99990000099999e-06,9.99990000099999e-06
482900,883,883,883.0,1117.0,482900,0.00011168752450351297,0.00011168752450351297,9.99990000099999e-06,9.99990000099999e-06
483000,881,881,881.0,1119.0,483000,0.00011188747979101137,0.00011188747979101137,9.99990000099999e-06,9.99990000099999e-06
483100,887,887,887.0,1113.0,483100,0.00011128761368859648,0.00011128761368859648,9.99990000099999e-06,9.99990000099999e-06
483200,888,888,888.0,1112.0,483200,0.00011118763593488403,0.00011118763593488403,9.99990000099999e-06,9.99990000099999e-06
483300,886,886,886.0,1114.0,483300,0.00011138759142231556,0.00011138759142231556,9.99990000099999e-06,9.99990000099999e-06
483400,893,893,893.0,1107.0,483400,0.00011068774686642189,0.00011068774686642189,9.99990000099999e-06,9.99990000099999e-06
483500,884,884,884.0,1116.0,483500,0.00011158754682977379,0.00011158754682977379,9.99990000099999e-06,9.99990000099999e-06
483600,878,878,878.0,1122.0,483600,0.0001121874125723094,0.0001121874125723094,9.99990000099999e-06,9.99990000099999e-06
483700,885,885,885.0,1115.0,483700,0.00011148756913604133,0.00011148756913604133,9.99990000099999e-06,9.99990000099999e-06
483800,878,878,878.0,1122.0,483800,0.0001121874125723094,0.0001121874125723094,9.99990000099999e-06,9.99990000099999e-06
483900,873,873,873.0,1127.0,483900,0.00011268730014127407,0.00011268730014127407,9.99990000099999e-06,9.99990000099999e-06
484000,879,879,879.0,1121.0,484000,0.00011208743499853669,0.00011208743499853669,9.99990000099999e-06,9.99990000099999e-06
484100,881,881,881.0,1119.0,484100,0.00011188747979101137,0.00011188747979101137,9.99990000099999e-06,9.99990000099999e-06
484200,879,879,879.0,1121.0,484200,0.00011208743499853669,0.00011208743499853669,9.99990000099999e-06,9.99990000099999e-06
484300,877,876,876.0,1124.0,484300,0.00011228739012608884,0.00011238736765987504,9.99990000099999e-06,9.99990000099999e-06
484400,879,879,879.0,1121.0,484400,0.00011208743499853669,0.00011208743499853669,9.99990000099999e-06,9.99990000099999e-06
484500,882,882,882.0,1118.0,484500,0.00011178750215725881,0.00011178750215725881,9.99990000099999e-06,9.99990000099999e-06
484600,885,885,885.0,1115.0,484600,0.00011148756913604133,0.00011148756913604133,9.99990000099999e-06,9.99990000099999e-06
484700,894,894,894.0,1106.0,484700,0.0001105877689927494,0.0001105877689927494,9.99990000099999e-06,9.99990000099999e-06
484800,900,900,900.0,1100.0,484800,0.00010998790133085361,0.00010998790133085361,9.99990000099999e-06,9.99990000099999e-06
484900,900,900,900.0,1100.0,484900,0.00010998790133085361,0.00010998790133085361,9.99990000099999e-06,9.99990000099999e-06
485000,891,891,891.0,1109.0,485000,0.00011088770255378679,0.00011088770255378679,9.99990000099999e-06,9.99990000099999e-06
485100,879,879,879.0,1121.0,485100,0.00011208743499853669,0.00011208743499853669,9.99990000099999e-06,9.99990000099999e-06
485200,884,884,884.0,1116.0,485200,0.00011158754682977379,0.00011158754682977379,9.99990000099999e-06,9.99990000099999e-06
485300,885,885,885.0,1115.0,485300,0.00011148756913604133,0.00011148756913604133,9.99990000099999e-06,9.99990000099999e-06
485400,882,882,882.0,1119.0,485400,0.00011178750215725881,0.00011178750215725881,9.99990000099999e-06,9.99990000099999e-06
485500,883,883,883.0,1117.0,485500,0.00011168752450351297,0.00011168752450351297,9.99990000099999e-06,9.99990000099999e-06
485600,889,889,889.0,1111.0,485600,0.00011108765816117828,0.00011108765816117828,9.99990000099999e-06,9.99990000099999e-06
485700,893,893,893.0,1107.0,485700,0.00011068774686642189,0.00011068774686642189,9.99990000099999e-06,9.99990000099999e-06
485800,892,893,892.0,1108.0,485800,0.000110787724720101,0.00011068774686642189,9.99990000099999e-06,9.99990000099999e-06
485900,899,899,899.0,1101.0,485900,0.00011008787932448639,0.00011008787932448639,9.99990000099999e-06,9.99990000099999e-06
486000,895,895,895.0,1105.0,486000,0.00011048779109908357,0.00011048779109908357,9.99990000099999e-06,9.99990000099999e-06
486100,901,901,901.0,1099.0,486100,0.00010988792331722744,0.00010988792331722744,9.99990000099999e-06,9.99990000099999e-06
486200,899,899,899.0,1101.0,486200,0.00011008787932448639,0.00011008787932448639,9.99990000099999e-06,9.99990000099999e-06
486300,900,900,900.0,1100.0,486300,0.00010998790133085361,0.00010998790133085361,9.99990000099999e-06,9.99990000099999e-06
486400,904,904,904.0,1096.0,486400,0.00010958798915638846,0.00010958798915638846,9.99990000099999e-06,9.99990000099999e-06
486500,907,907,907.0,1093.0,486500,0.00010928805481560865,0.00010928805481560865,9.99990000099999e-06,9.99990000099999e-06
486600,904,904,904.0,1096.0,486600,0.00010958798915638846,0.00010958798915638846,9.99990000099999e-06,9.99990000099999e-06
486700,907,907,907.0,1093.0,486700,0.00010928805481560865,0.00010928805481560865,9.99990000099999e-06,9.99990000099999e-06
486800,906,906,906.0,1094.0,486800,0.00010938803294919535,0.00010938803294919535,9.99990000099999e-06,9.99990000099999e-06
486900,902,903,903.0,1097.0,486900,0.00010978794528360787,0.00010968796722999486,9.99990000099999e-06,9.99990000099999e-06
487000,906,907,907.0,1094.0,487000,0.00010938803294919535,0.00010928805481560865,9.99990000099999e-06,9.99990000099999e-06
487100,901,901,901.0,1099.0,487100,0.00010988792331722744,0.00010988792331722744,9.99990000099999e-06,9.99990000099999e-06
487200,897,897,897.0,1103.0,487200,0.00011028783525177173,0.00011028783525177173,9.99990000099999e-06,9.99990000099999e-06
487300,894,894,894.0,1106.0,487300,0.0001105877689927494,0.0001105877689927494,9.99990000099999e-06,9.99990000099999e-06
487400,893,893,893.0,1107.0,487400,0.00011068774686642189,0.00011068774686642189,9.99990000099999e-06,9.99990000099999e-06
487500,897,897,897.0,1103.0,487500,0.00011028783525177173,0.00011028783525177173,9.99990000099999e-06,9.99990000099999e-06
487600,899,899,899.0,1101.0,487600,0.00011008787932448639,0.00011008787932448639,9.99990000099999e-06,9.99990000099999e-06
487700,896,896,896.0,1104.0,487700,0.00011038781318542434,0.00011038781318542434,9.99990000099999e-06,9.99990000099999e-06
487800,896,896,896.0,1104.0,487800,0.00011038781318542434,0.00011038781318542434,9.99990000099999e-06,9.99990000099999e-06
487900,899,899,899.0,1101.0,487900,0.00011008787932448639,0.00011008787932448639,9.99990000099999e-06,9.99990000099999e-06
488000,907,907,907.0,1093.0,488000,0.00010928805481560865,0.00010928805481560865,9.99990000099999e-06,9.99990000099999e-06
488100,898,898,898.0,1102.0,488100,0.00011018785729812575,0.00011018785729812575,9.99990000099999e-06,9.99990000099999e-06
488200,905,905,905.0,1095.0,488200,0.00010948801106278863,0.00010948801106278863,9.99990000099999e-06,9.99990000099999e-06
488300,902,902,902.0,1098.0,488300,0.00010978794528360787,0.00010978794528360787,9.99990000099999e-06,9.99990000099999e-06
488400,898,898,898.0,1102.0,488400,0.00011018785729812575,0.00011018785729812575,9.99990000099999e-06,9.99990000099999e-06
488500,895,895,895.0,1105.0,488500,0.00011048779109908357,0.00011048779109908357,9.99990000099999e-06,9.99990000099999e-06
488600,888,888,888.0,1111.0,488600,0.00011118763593488403,0.00011118763593488403,9.99990000099999e-06,9.99990000099999e-06
488700,888,888,888.0,1112.0,488700,0.00011118763593488403,0.00011118763593488403,9.99990000099999e-06,9.99990000099999e-06
488800,881,881,882.0,1119.0,488800,0.00011188747979101137,0.00011188747979101137,9.99990000099999e-06,9.99990000099999e-06
488900,881,881,881.0,1119.0,488900,0.00011188747979101137,0.00011188747979101137,9.99990000099999e-06,9.99990000099999e-06
489000,885,885,885.0,1115.0,489000,0.00011148756913604133,0.00011148756913604133,9.99990000099999e-06,9.99990000099999e-06
489100,890,890,890.0,1110.0,489100,0.00011098768036747922,0.00011098768036747922,9.99990000099999e-06,9.99990000099999e-06
489200,892,892,892.0,1108.0,489200,0.000110787724720101,0.000110787724720101,9.99990000099999e-06,9.99990000099999e-06
489300,904,904,904.0,1096.0,489300,0.00010958798915638846,0.00010958798915638846,9.99990000099999e-06,9.99990000099999e-06
489400,905,905,905.0,1095.0,489400,0.00010948801106278863,0.00010948801106278863,9.99990000099999e-06,9.99990000099999e-06
489500,905,905,905.0,1095.0,489500,0.00010948801106278863,0.00010948801106278863,9.99990000099999e-06,9.99990000099999e-06
489600,911,911,911.0,1089.0,489600,0.00010888814208132734,0.00010888814208132734,9.99990000099999e-06,9.99990000099999e-06
489700,907,907,907.0,1093.0,489700,0.00010928805481560865,0.00010928805481560865,9.99990000099999e-06,9.99990000099999e-06
489800,905,905,905.0,1095.0,489800,0.00010948801106278863,0.00010948801106278863,9.99990000099999e-06,9.99990000099999e-06
489900,901,902,902.0,1098.0,489900,0.00010988792331722744,0.00010978794528360787,9.99990000099999e-06,9.99990000099999e-06
490000,908,908,908.0,1092.0,490000,0.0001091880766620285,0.0001091880766620285,9.99990000099999e-06,9.99990000099999e-06
490100,906,906,906.0,1094.0,490100,0.00010938803294919535,0.00010938803294919535,9.99990000099999e-06,9.99990000099999e-06
490200,908,908,908.0,1092.0,490200,0.0001091880766620285,0.0001091880766620285,9.99990000099999e-06,9.99990000099999e-06
490300,912,913,913.0,1087.0,490300,0.00010878816384777336,0.00010868818559422593,9.99990000099999e-06,9.99990000099999e-06
490400,911,911,911.0,1089.0,490400,0.00010888814208132734,0.00010888814208132734,9.99990000099999e-06,9.99990000099999e-06
490500,907,907,907.0,1093.0,490500,0.00010928805481560865,0.00010928805481560865,9.99990000099999e-06,9.99990000099999e-06
490600,904,904,905.0,1096.0,490600,0.00010958798915638846,0.00010958798915638846,9.99990000099999e-06,9.99990000099999e-06
490700,900,900,900.0,1100.0,490700,0.00010998790133085361,0.00010998790133085361,9.99990000099999e-06,9.99990000099999e-06
490800,909,909,909.0,1091.0,490800,0.00010908809848845491,0.00010908809848845491,9.99990000099999e-06,9.99990000099999e-06
490900,909,909,909.0,1091.0,490900,0.00010908809848845491,0.00010908809848845491,9.99990000099999e-06,9.99990000099999e-06
491000,906,906,906.0,1094.0,491000,0.00010938803294919535,0.00010938803294919535,9.99990000099999e-06,9.99990000099999e-06
491100,903,903,903.0,1097.0,491100,0.00010968796722999486,0.00010968796722999486,9.99990000099999e-06,9.99990000099999e-06
491200,899,899,899.0,1101.0,491200,0.00011008787932448639,0.00011008787932448639,9.99990000099999e-06,9.99990000099999e-06
491300,900,900,900.0,1099.0,491300,0.00010998790133085361,0.00010998790133085361,9.99990000099999e-06,9.99990000099999e-06
491400,901,901,901.0,1099.0,491400,0.00010988792331722744,0.00010988792331722744,9.99990000099999e-06,9.99990000099999e-06
491500,900,900,900.0,1100.0,491500,0.00010998790133085361,0.00010998790133085361,9.99990000099999e-06,9.99990000099999e-06
491600,904,904,904.0,1096.0,491600,0.00010958798915638846,0.00010958798915638846,9.99990000099999e-06,9.99990000099999e-06
491700,902,902,902.0,1098.0,491700,0.00010978794528360787,0.00010978794528360787,9.99990000099999e-06,9.99990000099999e-06
491800,894,894,894.0,1106.0,491800,0.0001105877689927494,0.0001105877689927494,9.99990000099999e-06,9.99990000099999e-06
491900,901,901,901.0,1099.0,491900,0.00010988792331722744,0.00010988792331722744,9.99990000099999e-06,9.99990000099999e-06
492000,903,903,903.0,1097.0,492000,0.00010968796722999486,0.00010968796722999486,9.99990000099999e-06,9.99990000099999e-06
492100,909,909,909.0,1091.0,492100,0.00010908809848845491,0.00010908809848845491,9.99990000099999e-06,9.99990000099999e-06
492200,910,910,910.0,1091.0,492200,0.00010898812029488787,0.00010898812029488787,9.99990000099999e-06,9.99990000099999e-06
492300,908,908,908.0,1092.0,492300,0.0001091880766620285,0.0001091880766620285,9.99990000099999e-06,9.99990000099999e-06
492400,908,908,908.0,1092.0,492400,0.0001091880766620285,0.0001091880766620285,9.99990000099999e-06,9.99990000099999e-06
492500,912,912,912.0,1088.0,492500,0.00010878816384777336,0.00010878816384777336,9.99990000099999e-06,9.99990000099999e-06
492600,906,906,906.0,1094.0,492600,0.00010938803294919535,0.00010938803294919535,9.99990000099999e-06,9.99990000099999e-06
492700,906,906,906.0,1094.0,492700,0.00010938803294919535,0.00010938803294919535,9.99990000099999e-06,9.99990000099999e-06
492800,908,910,908.0,1092.0,492800,0.0001091880766620285,0.00010898812029488787,9.99990000099999e-06,9.99990000099999e-06
492900,908,908,908.0,1092.0,492900,0.0001091880766620285,0.0001091880766620285,9.99990000099999e-06,9.99990000099999e-06
493000,906,906,906.0,1093.0,493000,0.00010938803294919535,0.00010938803294919535,9.99990000099999e-06,9.99990000099999e-06
493100,904,904,904.0,1096.0,493100,0.00010958798915638846,0.00010958798915638846,9.99990000099999e-06,9.99990000099999e-06
493200,902,903,902.0,1097.0,493200,0.00010978794528360787,0.00010968796722999486,9.99990000099999e-06,9.99990000099999e-06
493300,904,905,904.0,1096.0,493300,0.00010958798915638846,0.00010948801106278863,9.99990000099999e-06,9.99990000099999e-06
493400,914,914,914.0,1086.0,493400,0.00010858820732068498,0.00010858820732068498,9.99990000099999e-06,9.99990000099999e-06
493500,910,910,910.0,1090.0,493500,0.00010898812029488787,0.00010898812029488787,9.99990000099999e-06,9.99990000099999e-06
493600,913,913,913.0,1087.0,493600,0.00010868818559422593,0.00010868818559422593,9.99990000099999e-06,9.99990000099999e-06
493700,917,917,917.0,1083.0,493700,0.00010828827238010124,0.00010828827238010124,9.99990000099999e-06,9.99990000099999e-06
493800,915,915,915.0,1085.0,493800,0.00010848822902715054,0.00010848822902715054,9.99990000099999e-06,9.99990000099999e-06
493900,909,909,909.0,1091.0,493900,0.00010908809848845491,0.00010908809848845491,9.99990000099999e-06,9.99990000099999e-06
494000,912,913,913.0,1088.0,494000,0.00010878816384777336,0.00010868818559422593,9.99990000099999e-06,9.99990000099999e-06
494100,915,915,915.0,1085.0,494100,0.00010848822902715054,0.00010848822902715054,9.99990000099999e-06,9.99990000099999e-06
494200,920,920,920.0,1080.0,494200,0.00010798833725957598,0.00010798833725957598,9.99990000099999e-06,9.99990000099999e-06
494300,917,918,917.0,1083.0,494300,0.00010828827238010124,0.00010818829402658634,9.99990000099999e-06,9.99990000099999e-06
494400,914,914,914.0,1086.0,494400,0.00010858820732068498,0.00010858820732068498,9.99990000099999e-06,9.99990000099999e-06
494500,921,921,921.0,1079.0,494500,0.00010788835884608052,0.00010788835884608052,9.99990000099999e-06,9.99990000099999e-06
494600,914,914,914.0,1086.0,494600,0.00010858820732068498,0.00010858820732068498,9.99990000099999e-06,9.99990000099999e-06
494700,914,914,914.0,1086.0,494700,0.00010858820732068498,0.00010858820732068498,9.99990000099999e-06,9.99990000099999e-06
494800,912,912,912.0,1088.0,494800,0.00010878816384777336,0.00010878816384777336,9.99990000099999e-06,9.99990000099999e-06
494900,916,916,916.0,1084.0,494900,0.00010838825071362264,0.00010838825071362264,9.99990000099999e-06,9.99990000099999e-06
495000,910,910,910.0,1090.0,495000,0.00010898812029488787,0.00010898812029488787,9.99990000099999e-06,9.99990000099999e-06
495100,906,906,906.0,1094.0,495100,0.00010938803294919535,0.00010938803294919535,9.99990000099999e-06,9.99990000099999e-06
495200,907,907,907.0,1093.0,495200,0.00010928805481560865,0.00010928805481560865,9.99990000099999e-06,9.99990000099999e-06
495300,905,905,905.0,1095.0,495300,0.00010948801106278863,0.00010948801106278863,9.99990000099999e-06,9.99990000099999e-06
495400,909,910,909.0,1090.0,495400,0.00010908809848845491,0.00010898812029488787,9.99990000099999e-06,9.99990000099999e-06
495500,909,909,909.0,1091.0,495500,0.00010908809848845491,0.00010908809848845491,9.99990000099999e-06,9.99990000099999e-06
495600,904,904,904.0,1096.0,495600,0.00010958798915638846,0.00010958798915638846,9.99990000099999e-06,9.99990000099999e-06
495700,896,896,896.0,1104.0,495700,0.00011038781318542434,0.00011038781318542434,9.99990000099999e-06,9.99990000099999e-06
495800,895,896,896.0,1105.0,495800,0.00011048779109908357,0.00011038781318542434,9.99990000099999e-06,9.99990000099999e-06
495900,896,896,896.0,1104.0,495900,0.00011038781318542434,0.00011038781318542434,9.99990000099999e-06,9.99990000099999e-06
496000,901,901,901.0,1099.0,496000,0.00010988792331722744,0.00010988792331722744,9.99990000099999e-06,9.99990000099999e-06
496100,906,906,906.0,1094.0,496100,0.00010938803294919535,0.00010938803294919535,9.99990000099999e-06,9.99990000099999e-06
496200,903,904,903.0,1097.0,496200,0.00010968796722999486,0.00010958798915638846,9.99990000099999e-06,9.99990000099999e-06
496300,902,903,903.0,1098.0,496300,0.00010978794528360787,0.00010968796722999486,9.99990000099999e-06,9.99990000099999e-06
496400,892,892,892.0,1108.0,496400,0.000110787724720101,0.000110787724720101,9.99990000099999e-06,9.99990000099999e-06
496500,896,896,896.0,1104.0,496500,0.00011038781318542434,0.00011038781318542434,9.99990000099999e-06,9.99990000099999e-06
496600,891,891,891.0,1109.0,496600,0.00011088770255378679,0.00011088770255378679,9.99990000099999e-06,9.99990000099999e-06
496700,890,890,890.0,1110.0,496700,0.00011098768036747922,0.00011098768036747922,9.99990000099999e-06,9.99990000099999e-06
496800,884,884,884.0,1116.0,496800,0.00011158754682977379,0.00011158754682977379,9.99990000099999e-06,9.99990000099999e-06
496900,879,879,879.0,1121.0,496900,0.00011208743499853669,0.00011208743499853669,9.99990000099999e-06,9.99990000099999e-06
497000,873,874,873.0,1126.0,497000,0.00011268730014127407,0.00011258732266746764,9.99990000099999e-06,9.99990000099999e-06
497100,870,871,870.0,1129.0,497100,0.00011298723244273397,0.00011288725502890725,9.99990000099999e-06,9.99990000099999e-06
497200,865,866,866.0,1134.0,497200,0.00011348711921196943,0.00011338714189810876,9.99990000099999e-06,9.99990000099999e-06
497300,860,860,860.0,1140.0,497300,0.00011398700548137514,0.00011398700548137514,9.99990000099999e-06,9.99990000099999e-06
497400,859,859,859.0,1141.0,497400,0.00011408698267527674,0.00011408698267527674,9.99990000099999e-06,9.99990000099999e-06
497500,871,871,871.0,1129.0,497500,0.00011288725502890725,0.00011288725502890725,9.99990000099999e-06,9.99990000099999e-06
497600,875,875,875.0,1125.0,497600,0.00011248734517366796,0.00011248734517366796,9.99990000099999e-06,9.99990000099999e-06
497700,879,879,879.0,1121.0,497700,0.00011208743499853669,0.00011208743499853669,9.99990000099999e-06,9.99990000099999e-06
497800,878,879,878.0,1121.0,497800,0.0001121874125723094,0.00011208743499853669,9.99990000099999e-06,9.99990000099999e-06
497900,883,884,884.0,1116.0,497900,0.00011168752450351297,0.00011158754682977379,9.99990000099999e-06,9.99990000099999e-06
498000,886,886,886.0,1114.0,498000,0.00011138759142231556,0.00011138759142231556,9.99990000099999e-06,9.99990000099999e-06
498100,890,890,890.0,1110.0,498100,0.00011098768036747922,0.00011098768036747922,9.99990000099999e-06,9.99990000099999e-06
498200,889,889,889.0,1111.0,498200,0.00011108765816117828,0.00011108765816117828,9.99990000099999e-06,9.99990000099999e-06
498300,892,893,892.0,1108.0,498300,0.000110787724720101,0.00011068774686642189,9.99990000099999e-06,9.99990000099999e-06
498400,889,889,889.0,1111.0,498400,0.00011108765816117828,0.00011108765816117828,9.99990000099999e-06,9.99990000099999e-06
498500,901,901,901.0,1099.0,498500,0.00010988792331722744,0.00010988792331722744,9.99990000099999e-06,9.99990000099999e-06
498600,902,902,902.0,1098.0,498600,0.00010978794528360787,0.00010978794528360787,9.99990000099999e-06,9.99990000099999e-06
498700,897,897,897.0,1103.0,498700,0.00011028783525177173,0.00011028783525177173,9.99990000099999e-06,9.99990000099999e-06
498800,892,892,892.0,1108.0,498800,0.000110787724720101,0.000110787724720101,9.99990000099999e-06,9.99990000099999e-06
498900,898,898,898.0,1102.0,498900,0.00011018785729812575,0.00011018785729812575,9.99990000099999e-06,9.99990000099999e-06
499000,891,892,892.0,1108.0,499000,0.00011088770255378679,0.000110787724720101,9.99990000099999e-06,9.99990000099999e-06
499100,894,894,894.0,1106.0,499100,0.0001105877689927494,0.0001105877689927494,9.99990000099999e-06,9.99990000099999e-06
499200,895,895,894.0,1105.0,499200,0.00011048779109908357,0.00011048779109908357,9.99990000099999e-06,9.99990000099999e-06
499300,893,893,893.0,1107.0,499300,0.00011068774686642189,0.00011068774686642189,9.99990000099999e-06,9.99990000099999e-06
499400,885,885,885.0,1115.0,499400,0.00011148756913604133,0.00011148756913604133,9.99990000099999e-06,9.99990000099999e-06
499500,885,885,885.0,1115.0,499500,0.00011148756913604133,0.00011148756913604133,9.99990000099999e-06,9.99990000099999e-06
499600,887,887,887.0,1113.0,499600,0.00011128761368859648,0.00011128761368859648,9.99990000099999e-06,9.99990000099999e-06
499700,892,892,892.0,1108.0,499700,0.000110787724720101,0.000110787724720101,9.99990000099999e-06,9.99990000099999e-06
499800,893,893,893.0,1107.0,499800,0.00011068774686642189,0.00011068774686642189,9.99990000099999e-06,9.99990000099999e-06
499900,893,893,893.0,1107.0,499900,0.00011068774686642189,0.00011068774686642189,9.99990000099999e-06,9.99990000099999e-06
500000,886,886,886.0,1114.0,500000,0.00011138759142231556,0.00011138759142231556,9.99990000099999e-06,9.99990000099999e-06
