Time\ number,r1_2_10:=Cell_1,r2_1_20:=Cell_1,r2_3_100:=Cell_1,r1_1_200:=Cell_1,rM_300:=Cell_1,r3_3_400:=Cell_1,r2_2_500:=Cell_1,r1_2_100::Cell_1::Mitochondria_1,r2_1_110::Cell_1::Mitochondria_1,rM_300::Cell_1::Mitochondria_1,rM_400::Cell_1::Mitochondria_1,rM_500::Cell_1::Mitochondria_1,r2_2_510::Cell_1::Mitochondria_1,rM_600::Cell_1::Mitochondria_1,rM_610::Cell_1::Mitochondria_1,rM_620::Cell_1::Mitochondria_1,rM_700::Cell_1::Mitochondria_1,r3_3_800::Cell_1::Mitochondria_1,rM_900::Cell_1::Mitochondria_1,r1_1_1100::Cell_1::Mitochondria_1,Time\ Probability,r1_2_10:=Cell_1,r2_1_20:=Cell_1,r2_3_100:=Cell_1,r1_1_200:=Cell_1,rM_300:=Cell_1,r3_3_400:=Cell_1,r2_2_500:=Cell_1,r1_2_100::Cell_1::Mitochondria_1,r2_1_110::Cell_1::Mitochondria_1,rM_300::Cell_1::Mitochondria_1,rM_400::Cell_1::Mitochondria_1,rM_500::Cell_1::Mitochondria_1,r2_2_510::Cell_1::Mitochondria_1,rM_600::Cell_1::Mitochondria_1,rM_610::Cell_1::Mitochondria_1,rM_620::Cell_1::Mitochondria_1,rM_700::Cell_1::Mitochondria_1,r3_3_800::Cell_1::Mitochondria_1,rM_900::Cell_1::Mitochondria_1,r1_1_1100::Cell_1::Mitochondria_1
0,10000000000000.0,10102923,0,0.0,0,0,100000000,100000000000.0,101024,0,0,0,0,0,0,0,0,10,0,0.0,0,9.99999000001e-07,0.9901988871228372,0.4736842105263158,0.999000999000999,0.9988015077764105,0.0,0.0009990009991125755,9.99999000001e-07,0.9902935238391054,1.7687357489907505e-06,0.9998000299960005,0.9993086219115123,0.999999000001,0.0,0.0,0.994361879320513,0.9948269138669141,0.9999999499000025,0.9999949900250499,0.9999999999999
100,9999990028288.0,61573,24,200.0,11000,64,95363004,100004739160.0,100477,1700,0,0,0,195,0,0,3,1930,0,200.0,100,9.99999000001e-07,0.7456435092038897,0.4736842105263158,0.999000999000999,0.9988138142567815,0.01871696907121021,0.000999000013358768,9.99999000001e-07,0.9953698773480509,0.0001743009758440508,0.9997988823115159,0.9993175536302994,0.999999000001,0.987157614255374,0.9252844599262263,0.9944111160215492,0.979100708862364,0.9999999499014115,0.9999949904702039,0.9999999999999
200,9999970417931.0,20005982,22,200.0,25,348,91515579,100009886764.0,100213,2000,2000,2000,0,10,10,85,400,22,336,399.0,200,9.99999000001e-07,0.9951739957905661,0.4736842105263158,0.999000999000999,0.9988189565222905,0.6987247854647167,0.0009989970485561235,9.99999000001e-07,0.9960398078514769,0.0002876939259745916,0.9997985868894624,0.9993256824835952,0.9999989966296791,0.9852936730049391,0.8997220233194426,0.9944474924885759,0.9948253321367824,0.9999999499013459,0.9999949908099867,0.9999999999999
300,9999970881489.0,9988948,18,200.0,22010,45,87843415,100014665862.0,201048,89,0,1,0,190,1,215,1,2000,9,399.0,300,9.99999000001e-07,0.9910681094170888,0.4736842105263158,0.999000999000999,0.9988223928699786,0.03530756974455902,0.0009989970945109682,9.99999000001e-07,0.9973555117745838,8.489057350536484e-05,0.9997982151757846,0.9993308212726874,0.9999989999910999,0.9898596173171684,0.9300981133972439,0.9944724016245016,0.9838914779082908,0.9999999626715653,0.9999949911125041,0.9999999999999
400,9999961828950.0,10090830,18,200.0,30,1057,84327728,100019403168.0,100438,84,0,4,0,122,10,69,10,2000,29,0.0,400,9.99999000001e-07,0.9914944404260401,0.4736842105263158,0.999000999000999,0.9988151292054684,0.0356205482476016,0.0009989971895923112,9.99999000001e-07,0.9937235604986003,0.00011195460203299276,0.999798047099027,0.9993375706033059,0.9999989999914,0.9901245725384994,0.7812474936495567,0.9945009912304084,0.9834707904394874,0.9999999646632228,0.9999949913801457,0.9999999999999
500,9999952923321.0,10075520,20,200.0,19000,87,80644689,100023416444.0,100390,2000,2001,2,999,258,1,0,380,496,9,400.0,500,9.99999000001e-07,0.9919397700932262,0.4736842105263158,0.999000999000999,0.998802369408382,0.03460309648108352,0.0009989963005229315,9.99999000001e-07,0.996356840214655,0.0006615967267717814,0.9997978960691039,0.9993437386991554,0.999999000001,0.9902444936819397,0.9397125658494051,0.9945226113531667,0.9948252804938584,0.9999999498962071,0.9999949916467598,0.9999999999999
600,9999944482856.0,99045,16,200.0,10,14,78005250,100028226056.0,100515,2000,0,1000,1000,210,0,0,222,2000,0,200.0,600,9.99999000001e-07,0.9668570947525832,0.4736842105263158,0.999000999000999,0.9987907721099607,0.7506364690905707,0.0009989944601435101,9.99999000001e-07,0.9922489632988413,0.0007750586806411001,0.9997977027385511,0.9993451476739386,0.999999000001,0.9909826302211796,0.8819954709549261,0.9945350680779025,0.9948236195679413,0.9999999501423877,0.999994991833199,0.9999999999999
700,9999936103639.0,10037251,25,200.0,24000,47949,76556048,100034202798.0,73268,2000,0,2,998,212,4,0,114,0,81,199.0,700,9.99999000001e-07,0.9926412491979881,0.4736842105263158,0.999000999000999,0.9987729802241941,0.762689770905105,0.0009989936237437345,9.99999000001e-07,0.9956267329070856,0.0009045038112741591,0.999798472609416,0.999350091682626,0.999999000001,0.9885158359474653,0.9362032987995816,0.9945440441757117,0.9948250454252154,0.9999999498893376,0.9999949919278737,0.9999999999999
800,9999918101919.0,19981397,25,201.0,18000,275,74627335,100039419495.0,199955,2000,0,0,0,34,0,227,360,18,904,0.0,800,9.99999000001e-07,0.9958391538370096,0.4736842105263158,0.999000999000999,0.9987524287149105,0.8391190215944997,0.0009989918280082712,9.99999000001e-07,0.9975958937865875,0.0019659130846900047,0.9997982472916379,0.9993501579845314,0.999999000001,0.989427334776827,0.9541299075085732,0.9945530283588179,0.9948739166900148,0.9999999498845954,0.9999949920513196,0.9999999999999
900,9999910083884.0,19995721,20,200.0,19017,86,73761047,100045780093.0,268,81,0,3002,3000,209,1,20,0,2000,100,200.0,900,9.99999000001e-07,0.9959296892899827,0.4736842105263158,0.999000999000999,0.9987298095020626,0.7756065514381371,0.0009989920327381106,9.99999000001e-07,0.9566386263116815,0.00023134732378043656,0.9997975948491811,0.9993510756746999,0.9999989999911999,0.9910020482993187,0.5738679550088419,0.9945587267548402,0.99482352153381,0.9999999518025849,0.9999949921081996,0.9999999999999
1000,9999912252148.0,10093758,24,200.0,12000,23992,72984219,100052211759.0,492,2000,0,0,0,16,1,170,1,22,0,0.0,1000,9.99999000001e-07,0.9933733327802275,0.4736842105263158,0.999000999000999,0.9987094280353122,0.7821665020516771,0.0009989912483197169,9.99999000001e-07,0.7051886792452831,0.001266961467672069,0.9997979283449079,0.9993529446613257,0.9999989931544572,0.9902047900191359,0.9238755034757876,0.9945633741817923,0.994824503744857,0.9999999498743167,0.999994992156527,0.9999999999999
1100,9999904248340.0,9951743,21,200.0,12032,59982,71439455,100057402893.0,101003,2000,3000,0,0,40,0,145,128,0,0,199.0,1100,9.99999000001e-07,0.9936496941406935,0.4736842105263158,0.999000999000999,0.9986747980001816,0.7859964835059667,0.00099899046314773,9.99999000001e-07,0.9965975168678102,0.0013509184854637376,0.9997981155915244,0.9993553679832208,0.9999989941671754,0.9894624203044989,0.20322304944537237,0.994569262809526,0.9948237696697375,0.9999999498661951,0.9999949922509186,0.9999999999999
1200,9999896361596.0,10037225,23,200.0,9000,18207,70542335,100063035716.0,507,2000,3,5999,5996,167,0,0,37,1670,60,0.0,1200,9.99999000001e-07,0.9939843773075553,0.4736842105263158,0.999000999000999,0.9986524885671242,0.7891387407200067,0.000998990662906517,9.99999000001e-07,0.9951571270140298,0.0014544054025181041,0.9997979483310888,0.9993558957327616,0.9999989999911999,0.9900092260640471,0.9214148716932713,0.9945723096162722,0.9948242927145781,0.9999999498610658,0.999994992304718,0.9999999999999
1300,9999888729745.0,9983954,18,200.0,10012,20027,69737446,100068890708.0,449,2000,3001,3004,3003,322,0,10,1,2000,59,201.0,1300,9.99999000001e-07,0.9941799435733889,0.4736842105263158,0.999000999000999,0.9986061511079696,0.7922951642840619,0.0009989889106203024,9.99999000001e-07,0.9962608016093509,0.0015660634030610038,0.9997972137652826,0.9993540122050761,0.9999989999914,0.991520063563674,0.938585258767944,0.9945764528973776,0.9948238384826128,0.9999999685017097,0.9999949923523749,0.9999999999999
1400,9999881145429.0,10045549,21,200.0,13,77,70093872,100075965341.0,100116,56,0,0,3,294,3,243,1,36,968,200.0,1400,9.99999000001e-07,0.9944203263048974,0.4736842105263158,0.999000999000999,0.9985660591001688,0.026152576051900904,0.0009989881395728489,9.99999000001e-07,0.9971470631868445,0.0003401641252104749,0.9997974466844378,0.9993554007253419,0.9999989999912999,0.9910561938064969,0.9518132173848353,0.9945788960137859,0.9948237820525484,0.999999949839523,0.999994992331318,0.9999999999999
1500,9999863554014.0,20052443,23,200.0,11021,43,70000294,100082592683.0,99909,2000,2000,3998,0,216,0,190,57,12,0,0.0,1500,9.99999000001e-07,0.9964963071953763,0.4736842105263158,0.999000999000999,0.9985168488509271,0.03230844665080801,0.0009989883776842941,9.99999000001e-07,0.9972222916649306,0.0017774071238432824,0.9997973824822477,0.9993565029159789,0.9999989923834263,0.9911506519361448,0.6599333941889051,0.9945813951142526,0.9948239188553467,0.9999999498272378,0.9999949923327133,0.9999999999999
1600,9999855780063.0,20050755,19,200.0,7026,69,70083158,100089304726.0,71592,2000,3000,3000,2998,220,0,16,279,2000,880,201.0,1600,9.99999000001e-07,0.9965893700829161,0.4736842105263158,0.999000999000999,0.9984674649650768,0.8710508642654943,0.00099898760268365,9.99999000001e-07,0.9960597654772412,0.0036294090134398696,0.9997978939842653,0.9993581312626243,0.9999989993605914,0.9898926935677458,0.9382456253346638,0.9945832980243006,0.9948740978362038,0.9999999543607239,0.9999949923330171,0.9999999999999
1700,9999858015497.0,9999135,18,200.0,28000,13298,69563198,100095399741.0,25444,36,0,0,0,226,0,186,129,8,0,200.0,1700,9.99999000001e-07,0.9950002847337844,0.4736842105263158,0.999000999000999,0.9984019878850585,0.023446941803453827,0.0009989858429139986,9.99999000001e-07,0.9900836936257983,0.0004005251749094749,0.9997983900134317,0.9993602899987997,0.9999989925052465,0.9892094265361278,0.9318562039852288,0.9945855159509949,0.9751946813714504,0.9999999497984186,0.9999949923625686,0.9999999999999
1800,9999840298141.0,19977769,23,200.0,20010,165,70118995,100102514492.0,100464,2000,12000,3,3,291,2,317,400,2000,1,400.0,1800,9.99999000001e-07,0.9967526355528669,0.4736842105263158,0.999000999000999,0.9983265195917678,0.8013691951932098,0.0009989850676796186,9.99999000001e-07,0.9909547284157206,0.0039837859031009205,0.9997968456303776,0.9993559756962777,0.9999989999912999,0.9920578306358016,0.7261199338632064,0.9945870824379043,0.9948726583125826,0.9999999652738991,0.9999949923274545,0.9999999999999
1900,9999832410417.0,20035124,27,200.0,10007,89,70883945,100110030907.0,100573,2000,3000,0,0,201,0,0,147,2000,608,401.0,1900,9.99999000001e-07,0.99684360372076,0.4736842105263158,0.999000999000999,0.9982351977886373,0.8031066376243877,0.0009989852688977875,9.99999000001e-07,0.9969593125613839,0.0021419566391465347,0.9997978020862945,0.9993586813443202,0.9999989938838197,0.9908334664363723,0.9486736995926066,0.9945884407748797,0.9948239464313228,0.9999999497574443,0.9999949922849106,0.9999999999999
2000,9999834471573.0,61433,21,200.0,11000,1557,71872879,100117878600.0,417,61,2,7998,0,348,23,0,220,8,0,200.0,2000,9.99999000001e-07,0.9919893381294768,0.4736842105263158,0.999000999000999,0.9981318433812715,0.8043290601308443,0.0009989844863079243,9.99999000001e-07,0.9963439201219668,0.0004559822516406266,0.9997971312884043,0.9993567896140841,0.999999000001,0.9918626183143648,0.7998015180781414,0.9945895340176238,0.9525782630062667,0.9999999497299825,0.9999949922216282,0.9999999999999
2100,9999826590216.0,35371,25,200.0,10012,32459,72949647,100126041500.0,621,2000,2000,6,5003,357,28,0,2,338,624,200.0,2100,9.99999000001e-07,0.9923870433263261,0.4736842105263158,0.999000999000999,0.9979718167825704,0.805709606591748,0.0009989836999331338,9.99999000001e-07,0.9969194845681579,0.0023315476716092415,0.9997967252133375,0.9993559457804047,0.9999989999912999,0.9919198044724044,0.9587303552108811,0.9945883074339451,0.9221566176667175,0.9999999496893086,0.9999949921574242,0.9999999999999
2200,9999818332984.0,10015149,20,201.0,12,94,74293520,100134519997.0,526,2000,2000,1999,5,221,3,1,2,2,469,400.0,2200,9.99999000001e-07,0.9958287381670166,0.4736842105263158,0.999000999000999,0.9977543623554707,0.8070826266267708,0.0009989828760131683,9.99999000001e-07,0.9962773521550409,0.002421698898852331,0.9997975297274003,0.9993588588926369,0.9999989999514977,0.9912682783927267,0.9390568254983278,0.9945919212169742,0.9948233399175066,0.9999999496355243,0.9999949920729672,0.9999999999999
2300,9999809923384.0,10035995,18,200.0,13025,402,75581863,100142798788.0,200971,2000,0,2,6015,301,3,112,263,2000,60,0.0,2300,9.99999000001e-07,0.9959883129929435,0.4736842105263158,0.999000999000999,0.9975760333585668,0.019176311764720663,0.000998982036842218,9.99999000001e-07,0.998218964113908,0.002498721790211051,0.9997962041375581,0.9993550782467784,0.9999989999926999,0.992483926505703,0.9531872175252037,0.9945925253192968,0.9948227251679451,0.9999999697382707,0.9999949919908304,0.9999999999999
2400,9999791548561.0,20053201,20,200.0,19016,9855,75080719,100149662869.0,30657,2000,0,0,0,246,0,0,18,0,0,200.0,2400,9.99999000001e-07,0.9972074963420297,0.4736842105263158,0.999000999000999,0.9972095073683779,0.8088040823337638,0.0009989791973448363,9.99999000001e-07,0.9900849717917447,0.005009932364525656,0.9997982721416102,0.9993609463443645,0.999999000001,0.9899318232146976,0.9439775587013046,0.9945938971903281,0.9948739733442498,0.9999999494956368,0.9999949920198706,0.9999999999999
2500,9999793094232.0,10036114,19,200.0,9034,1069,75156987,100156604625.0,200803,37,0,8,0,376,39,312,231,474,1127,201.0,2500,9.99999000001e-07,0.9962679543119981,0.4736842105263158,0.999000999000999,0.9964970185958418,0.016001749655436298,0.0009989793514765255,9.99999000001e-07,0.998142917365394,0.0005417090922289285,0.9997965574408798,0.9993568247052205,0.9999989875179184,0.9921752260527782,0.9659315181483287,0.9945952423095981,0.9773493105552005,0.9999999493210324,0.9999949920233575,0.9999999999999
2600,9999784732826.0,9983634,22,200.0,7045,14051,75419565,100164410927.0,100471,2000,1,3,5997,216,29,28,2,2000,171,0.0,2600,9.99999000001e-07,0.996360576866036,0.4736842105263158,0.999000999000999,0.9947855537111265,0.8105500049551553,0.0009989785300481674,9.99999000001e-07,0.9972257824680549,0.002741083210915,0.9997975948911407,0.9993602918270501,0.9999989988797464,0.9911777981313431,0.952442850875496,0.994596581457779,0.9948230946951153,0.9999999523736991,0.9999949919991991,0.9999999999999
2700,9999766330036.0,20043885,23,200.0,14002,26044,77042646,100173423055.0,100657,2000,0,3,6004,176,87,152,5,2000,1017,200.0,2700,9.99999000001e-07,0.9973955340232199,0.4736842105263158,0.999000999000999,0.9892639838894155,0.02621016230742166,0.0009989786758762718,9.99999000001e-07,0.9916217733354559,0.005488333399323561,0.9997968403739419,0.9993585194668753,0.9999989999914,0.9917945885148711,0.9460917883366231,0.9945957123430808,0.9948727226851335,0.9999999612049674,0.9999949919006887,0.9999999999999
2800,9999767346859.0,9987537,23,200.0,5480,6119,78313234,100182138546.0,13869,33,0,4007,4006,26,28,277,104,28,140,399.0,2800,9.99999000001e-07,0.9966097561116181,0.4736842105263158,0.999000999000999,0.5556130662968358,0.016028160731095687,0.0009989777880034648,9.99999000001e-07,0.9902047213243217,0.0005886255315653718,0.9997973972368418,0.9993603836115384,0.9999989999916999,0.9908181552391689,0.9508760901743704,0.9945977515818224,0.9948234343928195,0.9999998442750098,0.9999949918085745,0.9999999999999
2900,9999758455727.0,16830,21,200.0,19818,46,79627407,100190715684.0,257290,49,3,11006,0,27,1,204,331,1781,851,400.0,2900,9.99999000001e-07,0.9951355082022142,0.4736842105263158,0.999000999000999,0.6883894885894465,0.000634640916868421,0.0009989769007117933,9.99999000001e-07,0.9982068023160942,0.0006027867214704088,0.9997971724087423,0.9993596152527409,0.9999989996014412,0.9913341374611823,0.9142222914152979,0.994597474191243,0.9751549705465493,0.999999926336966,0.999994991721088,0.9999999999999
3000,9999749305046.0,47990,24,200.0,13300,596,80982754,100199920117.0,309,18,3,6998,6995,299,51,247,178,595,1736,201.0,3000,9.99999000001e-07,0.9953979968768966,0.4736842105263158,0.999000999000999,0.6693364923763861,0.0009629088916861827,0.0009989759828961972,9.99999000001e-07,0.9965312826276228,0.0006152620353003082,0.9997964526353346,0.9993572620114353,0.9999989930835919,0.992234392928082,0.9507233308544718,0.994594289226038,0.9428127483805326,0.999999791979714,0.9999949916273602,0.9999999999999
3100,9999740186637.0,31216,21,200.0,13377,65,84349379,100211225306.0,23994,0,2,9000,0,485,44,427,178,32,2000,0.0,3100,9.99999000001e-07,0.9955697084664378,0.4736842105263158,0.999000999000999,0.6781295867265603,0.00045915065524194763,0.000998975078036475,9.99999000001e-07,0.9925090266229194,0.0006317094405205526,0.9997960698773318,0.9993559671354473,0.9999989868708594,0.992646771540869,0.9704035003095005,0.9945913535479064,0.9748687714621705,0.9999997998972122,0.9999966535956528,0.9999999999999
3200,9999720773865.0,20024749,19,200.0,15123,243,86756074,100222025107.0,149643,72,0,8002,8000,334,37,142,265,2000,564,0.0,3200,9.99999000001e-07,0.9976998072231436,0.4736842105263158,0.999000999000999,0.8694971321656627,0.02215078569871877,0.000998974127810926,9.99999000001e-07,0.9950359644376492,0.0006473959689615616,0.9997971949200959,0.999359167809557,0.9999989999911999,0.991713918810521,0.7998506612399787,0.994595953965768,0.9814278902332326,0.9999999425298722,0.9999949912009916,0.9999999999999
3300,9999711108102.0,19981278,18,200.0,12084,87,88612379,100232289339.0,178233,2000,2,8000,7998,268,39,267,207,6,1068,0.0,3300,9.99999000001e-07,0.997748048515142,0.4736842105263158,0.999000999000999,0.8638091466068888,0.8876822108521134,0.0009989711690960464,9.99999000001e-07,0.9950503135626358,0.006282390347998454,0.9997970257510692,0.9993593914197998,0.999999000001,0.991515846943015,0.8176727277050233,0.9945955153706424,0.9948727613350214,0.9999999073417122,0.9999949910559861,0.9999999999999
3400,9999711296936.0,9988016,22,200.0,22164,70,88920981,100241511716.0,326,28,1,7009,0,104,6,331,305,699,928,0.0,3400,9.99999000001e-07,0.9971606849586321,0.4736842105263158,0.999000999000999,0.6892802983692234,0.8141366291479109,0.0009989721952240245,9.99999000001e-07,0.9722984016177734,0.0006783542383775777,0.9997958273240393,0.9993549188337542,0.9999989999918999,0.9926302189343021,0.7219142980842707,0.9945954647429558,0.9783225382624625,0.999999922466965,0.9999949910299596,0.9999999999999
3500,9999691416684.0,20004398,22,200.0,13814,19268,90871272,100252156372.0,100602,2000,20000,0,3,401,1,202,0,1613,1624,402.0,3500,9.99999000001e-07,0.9978336294112017,0.4736842105263158,0.999000999000999,0.6921130274813269,0.020757150012520303,0.0009989702113147084,9.99999000001e-07,0.9951527372492753,0.0033910255139679847,0.9997966579560428,0.9993570780298504,0.9999989918453394,0.9922948499810309,0.9540427545239615,0.9945949938089121,0.9948220519316406,0.9999999252414007,0.999994990876781,0.9999999999999
3600,9999681415942.0,19957077,21,200.0,16038,22569,92699295,100263108299.0,364,2000,12000,0,0,311,0,110,2,1403,448,201.0,3600,9.99999000001e-07,0.9978757570669048,0.4736842105263158,0.999000999000999,0.6980313404825338,0.030635736280304717,0.0009989701935127291,9.99999000001e-07,0.9958756763890722,0.006712932430752052,0.9997962880834798,0.9993558481287977,0.9999989955008483,0.9923450332202477,0.9331530944224076,0.9945944633039259,0.9719674534055157,0.999999913369969,0.9999949907115352,0.9999999999999
3700,9999680892918.0,10060486,21,200.0,8752,13277,94882916,100274357141.0,141255,26,16000,0,0,425,0,449,177,2000,1780,0.0,3700,9.99999000001e-07,0.9973843108137666,0.4736842105263158,0.999000999000999,0.9172996966618057,0.017275971246003285,0.0009989691552629019,9.99999000001e-07,0.9981317316045624,0.0007211509962071614,0.9997963332529092,0.9993544390018211,0.9999989818784546,0.9925169098029646,0.7405223326838157,0.9945938338464703,0.9581976250563475,0.9999999576463433,0.9999949905293775,0.9999999999999
3800,9999670453177.0,25473,19,200.0,24817,44,97347518,100286404606.0,305,2000,2,14,14,476,2,69,2,8,2000,200.0,3800,9.99999000001e-07,0.9965621560974338,0.4736842105263158,0.999000999000999,0.8348907737786337,0.00011748317613325363,0.0009989671122047268,9.99999000001e-07,0.9974166815207479,0.0036128052948856287,0.9997951449036074,0.9993520780214741,0.9999989787295928,0.9928750569356403,0.955364801656614,0.9945928309823061,0.957479490598094,0.9999999113787835,0.9999951894901312,0.9999999999999
3900,9999649609293.0,20035821,19,200.0,10709,17845,98895004,100297786042.0,100746,39,4,17996,17982,458,92,349,174,1468,2000,0.0,3900,9.99999000001e-07,0.9980046930019655,0.4736842105263158,0.999000999000999,0.8035529009044872,0.01922318464704048,0.0009989670276485175,9.99999000001e-07,0.9948689530611826,0.0007498922430136091,0.9997944578810015,0.9993507137765867,0.999998982696688,0.9932234398636101,0.9714016493715824,0.9945850809770779,0.9702334032642213,0.9999999323384,0.9999969383891002,0.9999999999999
4000,9999648695600.0,10008224,20,201.0,15177,27392,100122472,100308886227.0,49094,51,2,11000,10991,472,0,399,50,26,0,400.0,4000,9.99999000001e-07,0.9975605041325548,0.4736842105263158,0.999000999000999,0.9029038573946598,0.8174082333989149,0.0009989659487069052,9.99999000001e-07,0.997920539661547,0.0007653347872320553,0.99979540190655,0.9993529549773412,0.999998983864789,0.9928725122356621,0.17833614899813813,0.9945922882704449,0.9559305184964515,0.9999999276707503,0.9999949900127878,0.9999999999999
4100,9999637725144.0,23468,24,200.0,15,6374,102185659,100320984974.0,43060,23,0,9,9,404,0,161,63,1016,800,200.0,4100,9.99999000001e-07,0.9968644793483635,0.4736842105263158,0.999000999000999,0.6068312505877427,0.01143906029184024,0.000998964851664409,9.99999000001e-07,0.9901922322479404,0.0007796399758887366,0.9997960292155307,0.9993543785397229,0.9999989919374146,0.9924269587795705,0.2842820452034348,0.9945911431205641,0.9948223941185863,0.9999999252168569,0.9999949898099559,0.9999999999999
4200,9999616592682.0,19982955,21,200.0,11505,542,102998963,100331754862.0,100849,29,12000,12006,20990,326,44,147,84,2000,1653,0.0,4200,9.99999000001e-07,0.9981083199098137,0.4736842105263158,0.999000999000999,0.9050672979559666,0.014483023931728378,0.0009989637273294205,9.99999000001e-07,0.9982063391561543,0.0007934054829400515,0.9997955230768867,0.9993530870278073,0.9999989853494609,0.9927670670973131,0.9603748415041024,0.994587999582668,0.9693279123494986,0.9999999526970293,0.9999949897334213,0.9999999999999
4300,9999605160173.0,20022832,21,200.0,16859,18480,104392331,100343696164.0,201408,36,0,0,0,202,4,355,410,104,1497,400.0,4300,9.99999000001e-07,0.9981424959697736,0.4736842105263158,0.999000999000999,0.8068676302329487,0.026757780158416237,0.0009989616042901587,9.99999000001e-07,0.9981485184444593,0.0008074119752073293,0.9997964352768671,0.9993554051074811,0.999998984803524,0.9923038736399533,0.966493607768697,0.9945906466651525,0.9948228980936012,0.9999998788129671,0.9999949895740688,0.9999999999999
4400,9999603647486.0,36351,24,200.0,23,73,105117692,100354810339.0,446173,0,2,30,30,83,159,649,0,1053,2000,199.0,4400,9.99999000001e-07,0.997136599467333,0.4736842105263158,0.999000999000999,0.8496629935356308,8.440171590215309e-05,0.0009989614498002808,9.99999000001e-07,0.9987476157735289,0.0008189224432345009,0.9997954158471093,0.9993522772508231,0.9999989730151515,0.9927971661075872,0.9750346501126267,0.9945824215084543,0.994821298305841,0.999999899005617,0.9999978285670106,0.9999999999999
4500,9999592212958.0,10029117,20,200.0,14453,23631,107725863,100368064213.0,99851,2000,17000,7,0,426,1,70,0,2000,928,0.0,4500,9.99999000001e-07,0.9978153371329136,0.4736842105263158,0.999000999000999,0.8660020447102028,0.024036225600508398,0.0009989603024202957,9.99999000001e-07,0.9981115328687704,0.004094169144937312,0.9997953073309094,0.9993503406038021,0.9999989906246186,0.992994133361843,0.9592020702908194,0.9945898537312766,0.9948210257347851,0.999999933868605,0.9999949892016062,0.9999999999999
4600,9999580172038.0,43547,17,200.0,14698,117,108071428,100378768107.0,104598,17,6000,0,0,0,0,481,1,20,2000,200.0,4600,9.99999000001e-07,0.9972958912338229,0.4736842105263158,0.999000999000999,0.8948077023224618,0.00837022940839607,0.0009989591064968396,9.99999000001e-07,0.995812360237523,0.0008455200635202082,0.9997954529459218,0.9993521411903065,0.9999989794887443,0.9927388183366024,0.9682058929625046,0.9945893471915925,0.9402278027681668,0.999999926452863,0.9999950140351945,0.9999999999999
4700,9999558406321.0,19972584,21,200.0,15,6510,108187047,100389566379.0,202035,34,10001,3,5999,327,4,2,64,0,1372,0.0,4700,9.99999000001e-07,0.9982764882980277,0.4736842105263158,0.999000999000999,0.4008685914810082,0.016637038634290557,0.0009989579193709773,9.99999000001e-07,0.9983219561963446,0.0008574664943404659,0.9997963590893311,0.99935358920919,0.999999000001,0.9924380761275313,0.9690822098269506,0.9945842776529357,0.9666888868602587,0.9999888390129024,0.9999949891495978,0.9999999999999
4800,9999556280700.0,10020293,19,200.0,11126,925,109010400,100401118623.0,100675,2000,13001,5,13999,54,6,471,9,1093,0,199.0,4800,9.99999000001e-07,0.9979669224379893,0.4736842105263158,0.999000999000999,0.7299501132583947,0.005862602243441357,0.000998956726503401,9.99999000001e-07,0.9939996519798149,0.004259499604186881,0.9997940603739722,0.9993479081871974,0.9999989999914999,0.9932581170315689,0.8655504606742668,0.9945889231805609,0.9183577393457187,0.9999999336974278,0.9999949890347879,0.9999999999999
4900,9999544258567.0,44689,26,200.0,8390,30,110335043,100413477491.0,201326,33,1,8999,1,432,1,192,0,2000,565,200.0,4900,9.99999000001e-07,0.9975166103380084,0.4736842105263158,0.999000999000999,0.6505068914358998,0.01634447681093343,0.0009989555224289453,9.99999000001e-07,0.997344698025783,0.0008810921353217096,0.999795820282168,0.9993539465991047,0.9999989943190086,0.9926431074498998,0.9653263179065736,0.9945890185048207,0.9663436549637758,0.9999999339721917,0.9999949888861297,0.9999999999999
5000,9999532033018.0,9997418,20,200.0,3657,6385,110728620,100424785598.0,550,2000,0,0,0,367,0,282,11,2000,1132,0.0,5000,9.99999000001e-07,0.998055436926405,0.4736842105263158,0.999000999000999,0.8458240244194293,0.8196533407184222,0.0009989543067467131,9.99999000001e-07,0.9977403683199638,0.004359577440999748,0.999795399345432,0.9993517502814784,0.999999000001,0.9927641156355637,0.7081552152713217,0.9945887823195256,0.9948218034939297,0.9999999261575604,0.9999949888370621,0.9999999999999
5100,9999509884545.0,19952935,17,200.0,13285,330,111743007,100436712600.0,52912,2000,0,3,0,375,3,0,233,1150,0,400.0,5100,9.99999000001e-07,0.9984018540283195,0.4736842105263158,0.999000999000999,0.8775392008040206,0.015323982107456809,0.0009989510872786568,9.99999000001e-07,0.9901876128424523,0.008551280231259194,0.999796821143479,0.9993547302185234,0.9999989999912999,0.9921572456632725,0.9261012709256833,0.9945884360952637,0.9948722656332022,0.9999999123058337,0.9999949887088477,0.9999999999999
5200,9999507474077.0,10013086,19,200.0,7554,7309,112478199,100448254550.0,261026,18,1,5000,4995,30,47,406,187,612,1608,200.0,5200,9.99999000001e-07,0.9981364975307101,0.4736842105263158,0.999000999000999,0.9305125104373456,0.02976302508914121,0.0009989518559763689,9.99999000001e-07,0.998226984934691,0.0009144023056511454,0.9997965780466477,0.999354596993074,0.999999000001,0.9920195538252425,0.9699341112783255,0.9945881177847631,0.9675363110128197,0.9999999310670643,0.9999949886202859,0.9999999999999
5300,9999485229542.0,19958725,21,200.0,22504,33464,113755161,100461050494.0,201843,2000,9000,0,0,393,0,1,1,3,1344,200.0,5300,9.99999000001e-07,0.9984561701375847,0.4736842105263158,0.999000999000999,0.7394278480838304,0.8945595883198405,0.0009989486270102015,9.99999000001e-07,0.9985131062251782,0.004517496462644946,0.9997951964798488,0.9993508552184031,0.999999000001,0.9928953899587369,0.7233562205206159,0.9945822457321138,0.9948706944030626,0.9999998624151667,0.9999949884454027,0.9999999999999
5400,9999482805183.0,10027552,20,200.0,12531,20190,115002770,100473783250.0,19527,30,2,18,23996,178,124,459,63,26,240,0.0,5400,9.99999000001e-07,0.9982086800985326,0.4736842105263158,0.999000999000999,0.8930993016833322,0.021608012077093088,0.0009989493840325788,9.99999000001e-07,0.9901749835430974,0.0009382094231689066,0.9997951133685804,0.9993500939575553,0.9999989999923999,0.9929652744432389,0.9713695024102793,0.9945871485100768,0.9684900649285796,0.9999999181989525,0.9999949882632906,0.9999999999999
5500,9999470195410.0,29963,19,200.0,1132,301,114490341,100484683900.0,176271,2,0,0,0,343,2,286,21,28,1480,401.0,5500,9.99999000001e-07,0.9978678678928388,0.4736842105263158,0.999000999000999,0.9318460694986832,0.014536074019039572,0.000998948132803058,9.99999000001e-07,0.9983104426471309,0.0009502064125301126,0.9997960724498848,0.9993534138907803,0.999999000001,0.9926067297269141,0.9580429265955471,0.9945872105072736,0.7034120949614737,0.9999999273683502,0.9999949883458479,0.9999999999999
5600,9999457446115.0,10051974,25,200.0,10782,18767,116004822,100497566227.0,101346,17,1,14,12993,368,66,376,173,34,1626,0.0,5600,9.99999000001e-07,0.9982800189665748,0.4736842105263158,0.999000999000999,0.92586673735109,0.8205424534083288,0.0009989468635215539,9.99999000001e-07,0.9983617407487501,0.0009594528852378469,0.9997948761260713,0.9993490683024734,0.9999989999916999,0.9931215696586766,0.9652356597933008,0.9945861509741232,0.9677121090160395,0.9999999303438684,0.9999949881331973,0.9999999999999
5700,9999444494446.0,714,14,200.0,9789,1,118032920,100511039061.0,332706,2000,1,5,11002,341,56,334,361,30,2000,0.0,5700,9.99999000001e-07,0.9979786776363562,0.4736842105263158,0.999000999000999,0.8617546729009383,0.01867984906841749,0.0009989445617739955,9.99999000001e-07,0.9986542969643631,0.004715893885742104,0.9997950778222628,0.9993500400687324,0.9999989835143305,0.9929027442702638,0.9729206391483441,0.99457885824332,0.9948214687965616,0.9999998764056637,0.9999967240648895,0.9999999999999
5800,9999431704515.0,9967975,23,201.0,12454,6918,119927391,100525115264.0,100486,2000,13000,7,0,441,45,416,68,2000,1422,400.0,5800,9.99999000001e-07,0.9983422776021595,0.4736842105263158,0.999000999000999,0.9743249294021933,0.008073328984112026,0.000998943285056561,9.99999000001e-07,0.9973309489810898,0.004797718576612682,0.9997954540392373,0.9993508171184828,0.9999989855663335,0.992944802551313,0.9399846941436891,0.9945845268566859,0.9948210911387394,0.9999999553958984,0.9999949875585363,0.9999999999999
5900,9999418530194.0,1075,18,200.0,12308,7951,120843824,100537841027.0,75035,2000,11000,16,20008,707,23,615,155,2000,1345,399.0,5900,9.99999000001e-07,0.9980598354884066,0.4736842105263158,0.999000999000999,0.9700664813442309,0.02119145148769464,0.0009989419706611124,9.99999000001e-07,0.9950528112400129,0.0048414695155394516,0.9997938849063969,0.9993426316385878,0.9999989748130008,0.9934764803420837,0.8657681144162417,0.9945841147147393,0.9513181895215791,0.9999999793254085,0.9999949874132397,0.9999999999999
6000,9999405137391.0,10025547,23,200.0,17340,11374,121890586,100551264467.0,201719,22,0,0,0,267,0,0,497,0,0,200.0,6000,9.99999000001e-07,0.9984067815788199,0.4736842105263158,0.999000999000999,0.9724515958326042,0.026229117857386214,0.0009989406331926268,9.99999000001e-07,0.9980909436274744,0.0010014722109242208,0.9997972390151779,0.9993552796725592,0.999999000001,0.9919071933748095,0.9541075834325573,0.9945836751772064,0.9788284824521349,0.9999999425161717,0.99999498722251,0.9999999999999
6100,9999391649374.0,10004347,22,200.0,333,505,122324681,100563736099.0,130534,2000,11000,0,0,502,11,298,240,2000,1184,0.0,6100,9.99999000001e-07,0.9984392859689608,0.4736842105263158,0.999000999000999,0.9707014256054189,0.007824841282901653,0.0009989402844271641,9.99999000001e-07,0.9984222998450698,0.004940620917221606,0.9997948426073071,0.9993494745766714,0.9999989880191589,0.9930366983013194,0.9411735589320227,0.9945835116065607,0.970358786498896,0.999999975266337,0.9999949871705561,0.9999999999999
6200,9999368362652.0,20002678,19,200.0,530,141,123012703,100576773524.0,38449,26,1,13000,12986,497,57,456,226,0,0,399.0,6200,9.99999000001e-07,0.998668803184308,0.4736842105263158,0.999000999000999,0.9540371805927952,0.8960972674242066,0.0009989369635900434,9.99999000001e-07,0.9901759487577487,0.0010219172662159722,0.9997949409700315,0.9993502918193399,0.9999989814636571,0.9930000207820229,0.8621976459726429,0.9945833686586592,0.9948707654535299,0.999999938186724,0.9999949870359092,0.9999999999999
6300,9999364581376.0,25960,21,200.0,21063,18891,124099981,100590209674.0,100959,36,3,17000,16991,457,1,375,0,24,2000,0.0,6300,9.99999000001e-07,0.9982297308072017,0.4736842105263158,0.999000999000999,0.8954500593395338,0.035889820745076205,0.0009989375963956801,9.99999000001e-07,0.9980149238028502,0.0010300736210737541,0.9997951831837608,0.9993516351418843,0.9999989789052026,0.9927839819375102,0.9667424380665448,0.9945808201461602,0.9580171413988832,0.9999999175133816,0.9999955144143788,0.9999999999999
6400,9999341144461.0,20019310,18,200.0,17561,12965,123503992,100601784052.0,282443,2000,0,0,22,613,6,2,331,2000,2000,199.0,6400,9.99999000001e-07,0.9987101301553486,0.4736842105263158,0.999000999000999,0.8909321820268401,0.030205573045116143,0.0009989352573323432,9.99999000001e-07,0.9972317802697906,0.0051067807968492454,0.9997947429614056,0.999347317669027,0.9999989948568837,0.9931498108170077,0.9387419357658036,0.9945814081216575,0.9948210532138234,0.9999999500170943,0.9999959930163849,0.9999999999999
6500,9999337549323.0,10049857,26,200.0,16035,85,124683516,100615544469.0,101311,14,19000,8,8,507,5,379,2,500,1759,200.0,6500,9.99999000001e-07,0.9985451470900665,0.4736842105263158,0.999000999000999,0.7566831408065324,0.012384134886305282,0.0009989348986724738,9.99999000001e-07,0.9935520062932418,0.001051387714161607,0.9997943458322455,0.9993470953372084,0.9999989999918,0.9933166963979269,0.9670980140759355,0.9945819431578231,0.9575658815865514,0.9999999301980237,0.999994986769719,0.9999999999999
6600,9999323871115.0,10043600,21,200.0,10266,24600,125003421,100628401644.0,263,2000,12001,21999,0,33,110,193,225,2000,0,200.0,6600,9.99999000001e-07,0.9985702453064442,0.4736842105263158,0.999000999000999,0.8826845212124749,0.8221735168078984,0.0009989325327258139,9.99999000001e-07,0.9963074832544365,0.005176822420478255,0.999795520998878,0.9993504729540027,0.999999000001,0.9926732285545701,0.9646825294012135,0.9945827210162819,0.994820484759308,0.9999999569709632,0.9999949866911252,0.9999999999999
6700,9999310127965.0,10001797,16,200.0,20123,238,125148267,100641077124.0,59221,12,5001,5006,0,520,57,314,17,2000,2000,0.0,6700,9.99999000001e-07,0.9985944450359489,0.4736842105263158,0.999000999000999,0.9782138621313063,0.006182143448594853,0.0009989321620412028,9.99999000001e-07,0.9901905004806655,0.0010699804905041292,0.9997944341555837,0.9993469104375986,0.9999989928610973,0.9931994895520893,0.9720124192484186,0.9945759156160859,0.9290877772811033,0.9999999775590634,0.9999962951817879,0.9999999999999
6800,9999296314702.0,9961041,21,200.0,14399,134,126476468,100654708463.0,180351,2000,1,9000,8991,499,4,0,0,0,181,0.0,6800,9.99999000001e-07,0.9986197965588409,0.4736842105263158,0.999000999000999,0.9638598001890611,0.8216217849439021,0.0009989297731524337,9.99999000001e-07,0.995053863427277,0.005270871603586477,0.9997947016682737,0.9993494696385997,0.999999000001,0.9930103421353209,0.9277354291476262,0.9945808663150961,0.9948210581005529,0.9999999396622908,0.9999949864273279,0.9999999999999
6900,9999272434769.0,19997139,19,200.0,11705,3020,126847083,100667750522.0,201550,2000,0,0,6,459,0,209,197,2000,837,200.0,6900,9.99999000001e-07,0.9988054661344095,0.4736842105263158,0.999000999000999,0.8314568670779856,0.8970465963886425,0.000998927389620934,9.99999000001e-07,0.9980121260312096,0.010319900054063691,0.9997944540318525,0.9993471491277662,0.9999989999915999,0.9931246556998232,0.913040981931255,0.9945818540402457,0.9551171555241584,0.9999999411039069,0.9999949863750236,0.9999999999999
7000,9999258535439.0,19937480,19,200.0,24006,48944,127084490,100680895805.0,18420,2000,22000,6,0,573,37,305,50,2000,748,400.0,7000,9.99999000001e-07,0.9988204967841081,0.4736842105263158,0.999000999000999,0.9706953546167598,0.8972724752290442,0.0009989270133010939,9.99999000001e-07,0.9949448994034982,0.005356571810929433,0.9997957299153591,0.9993505881002023,0.9999989876407129,0.992889947238231,0.8674217707082428,0.994581121957934,0.9542869725545753,0.9999999754189199,0.9999949863246198,0.9999999999999
7100,9999244666976.0,19984232,24,200.0,239,536,127881091,100694356621.0,154,2000,28000,7,0,457,84,418,0,2000,1656,0.0,7100,9.99999000001e-07,0.9988379905239987,0.4736842105263158,0.999000999000999,0.9792386443292974,0.8972178074588364,0.00099892661067948,9.99999000001e-07,0.9976248892604618,0.010514554489069303,0.9997950281091372,0.9993484966978569,0.9999989999916999,0.9931019626735579,0.9651953923029224,0.9945803883940424,0.9539482203200468,0.9999999770478826,0.9999949861908465,0.9999999999999
7200,9999240592299.0,9978800,23,200.0,4317,49,128074782,100707449354.0,200794,21,3,7000,0,428,34,0,0,2000,561,200.0,7200,9.99999000001e-07,0.9987044005682499,0.4736842105263158,0.999000999000999,0.9771328298437116,0.8223347930542024,0.0009989252225989203,9.99999000001e-07,0.9972884370822498,0.0011171702876411828,0.9997961104132679,0.9993519969403606,0.999999000001,0.9926022948914244,0.908254919533372,0.9945803398855954,0.9239317875678876,0.9999999708704872,0.9999949861463332,0.9999999999999
7300,9999226508185.0,41398,20,201.0,333,37,130532867,100722581725.0,201459,0,6,30,22000,669,6,343,0,2000,1360,0.0,7300,9.99999000001e-07,0.9985422533975262,0.4736842105263158,0.999000999000999,0.9667394806112907,0.020233946091570105,0.0009989228059835945,9.99999000001e-07,0.9963066786330279,0.0011246408489031562,0.9997935886903199,0.9993453068336133,0.999999000001,0.9933623436093316,0.9443104958314507,0.9945793150600781,0.9495393275975743,0.99999997673988,0.9999949856579026,0.9999999999999
7400,9999211998764.0,48869,23,201.0,1402,29,132239637,100738013371.0,4094,0,0,4,9000,50,3,315,0,2000,1196,0.0,7400,9.99999000001e-07,0.9985676111118026,0.4736842105263158,0.999000999000999,0.9149998360057339,0.040716822419614364,0.0009989223694533227,9.99999000001e-07,0.9932520884786159,0.0011336035461302948,0.999795495568295,0.9993491064332471,0.999999000001,0.9927409040743979,0.24736679173198128,0.9945783443107807,0.9723146843387283,0.9999999669610184,0.9999949852959729,0.9999999999999
7500,9999197541356.0,9987215,17,200.0,10562,21164,131412270,100750397346.0,101553,8,0,0,0,395,0,331,37,24,2000,199.0,7500,9.99999000001e-07,0.9987658612286234,0.4736842105263158,0.999000999000999,0.957547608250115,0.823221611810522,0.0009989199309732308,9.99999000001e-07,0.9981537995727893,0.0011427040802900437,0.9997950314157229,0.9993481516127048,0.9999989765433981,0.992917681721527,0.9625281864298539,0.994574934549687,0.9198438063858343,0.9999999403246499,0.9999956224653284,0.9999999999999
7600,9999183128014.0,10047773,21,200.0,18591,28739,131437269,100763523584.0,100794,2000,5,23,21982,435,132,360,1,42,459,200.0,7600,9.99999000001e-07,0.9987846908035256,0.4736842105263158,0.999000999000999,0.9668171314822436,0.034240750407267685,0.000998919488035477,9.99999000001e-07,0.993321088662548,0.005657997740083226,0.9997949945651141,0.9993475910619474,0.9999989855043794,0.9931023005419743,0.9636622954340717,0.9945787831418129,0.9510328273500215,0.9999999414036648,0.9999949854496473,0.9999999999999
7700,9999168939432.0,10038172,20,200.0,2386,36356,131705231,100776869348.0,200723,12,0,20,0,474,139,185,64,1748,740,200.0,7700,9.99999000001e-07,0.9988004301273701,0.4736842105263158,0.999000999000999,0.534355539799313,0.8233310339502986,0.0009989170714093452,9.99999000001e-07,0.9981574394304277,0.0011622218555289152,0.999794066415569,0.9993453464960429,0.9999989999929999,0.9932577668549843,0.9658898166772494,0.9945793348500335,0.9948195140349135,0.9999999248617439,0.9999949854107749,0.9999999999999
7800,9999154607714.0,9998806,16,200.0,8801,228,130806153,100789001230.0,103923,2000,0,7,8993,23,44,475,284,540,0,200.0,7800,9.99999000001e-07,0.9988191567910387,0.4736842105263158,0.999000999000999,0.9451788030724159,0.8233278091389022,0.0009989156309543506,9.99999000001e-07,0.9954739662538924,0.00571868585144637,0.9997955699602773,0.9993490236976886,0.9999989807161692,0.992821344077108,0.9684492348342711,0.9945793802947481,0.9948217306278448,0.9999999377338423,0.9999949855764079,0.9999999999999
7900,9999130081917.0,20019152,27,200.0,18178,196,130539917,100802085314.0,100890,2000,10000,0,0,375,3,149,427,1962,1136,0.0,7900,9.99999000001e-07,0.9989586476048082,0.4736842105263158,0.999000999000999,0.8495381491926338,0.8231285964922581,0.000998914193948651,9.99999000001e-07,0.9981913219627774,0.005748612182050106,0.9997958005577229,0.9993506868911592,0.9999989940052775,0.9927613147608327,0.9651238306521704,0.994579914055445,0.9948221549930344,0.9999999233404471,0.9999949856489517,0.9999999999999
8000,9999125878225.0,10024038,23,200.0,196,15,131212633,100815494254.0,63509,20,2,18000,0,84,0,625,6,74,2000,0.0,8000,9.99999000001e-07,0.9988545551729159,0.4736842105263158,0.999000999000999,0.9785473079796481,0.8237133070694439,0.0009989127630242794,9.99999000001e-07,0.990168028394734,0.0011862148282820075,0.99979315101337,0.9993431783634643,0.9999989735177853,0.9934211418007939,0.8598287751417892,0.9945780176248324,0.9948194797788097,0.9999999450937803,0.99999610953618,0.9999999999999
8100,9999111231032.0,9990942,19,200.0,23200,34953,131751188,100829332335.0,70331,0,16000,16003,0,214,0,339,113,2000,869,200.0,8100,9.99999000001e-07,0.9988712653273703,0.4736842105263158,0.999000999000999,0.9846596050511921,0.8235007654489144,0.000998912312687224,9.99999000001e-07,0.9960264005944505,0.0011934797743946514,0.9997960390585768,0.9993509648950193,0.9999989912251721,0.9925191290520045,0.908420040155947,0.9945777495154116,0.9760441452209603,0.9999999798281689,0.9999949854009372,0.9999999999999
8200,9999087020895.0,19946643,20,200.0,107,686,132247327,100843299626.0,61010,2000,0,0,0,396,0,327,338,30,644,0.0,8200,9.99999000001e-07,0.9989972334774686,0.4736842105263158,0.999000999000999,0.9843868677985835,0.8982872171358128,0.000998908885393617,9.99999000001e-07,0.990263849673839,0.011403754118685317,0.9997961501811885,0.9993511150738248,0.9999989935192706,0.9923446208563327,0.9636144870351926,0.9945773007950177,0.9948223773281109,0.9999999462734886,0.9999949852942563,0.9999999999999
8300,9999082298824.0,10012537,19,200.0,213,5449,133263341,100857414771.0,155786,10,0,0,0,532,1,243,105,2000,0,200.0,8300,9.99999000001e-07,0.9989033162871032,0.4736842105263158,0.999000999000999,0.9876245384372678,0.0318689921001335,0.0009989084140303276,9.99999000001e-07,0.9950808220930119,0.001210002442397459,0.999794346948837,0.9993454630885267,0.9999989902264014,0.9931539135535777,0.9029472846809002,0.9945763327188301,0.9657847764871397,0.9999999767654598,0.9999949850408067,0.9999999999999
8400,9999067836817.0,10036834,22,200.0,17000,5444,134335252,100871753766.0,92532,0,0,0,4,764,2,632,104,34,2000,202.0,8400,9.99999000001e-07,0.9989169778622478,0.4736842105263158,0.999000999000999,0.9891555117740783,0.03395768475271681,0.0009989079711657173,9.99999000001e-07,0.9964580706402392,0.0012196445485364424,0.9997932526496232,0.9993418724209783,0.9999989937121095,0.9934350675601434,0.8498975501134339,0.9945726108835584,0.9675647449708314,0.9999999475031749,0.9999961752578312,0.9999999999999
8500,9999053008583.0,10004244,24,200.0,7003,435,133861136,100885089286.0,101092,2000,14004,22001,21993,498,5,249,106,2000,2000,200.0,8500,9.99999000001e-07,0.9989330390000493,0.4736842105263158,0.999000999000999,0.9909678423208806,0.004125701208594151,0.0009989054915744108,9.99999000001e-07,0.9985717897046033,0.00600124427026673,0.9997933520976646,0.9993446464387845,0.9999989887769409,0.9933430359765247,0.7736689072542804,0.9945662350817821,0.9285511047688718,0.999999977978287,0.9999967694353205,0.9999999999999
8600,9999038348072.0,26535,21,200.0,8000,15,134944538,100899962324.0,43021,0,0,19,0,502,132,377,0,2000,1982,0.0,8600,9.99999000001e-07,0.9988210292308707,0.4736842105263158,0.999000999000999,0.9927713261033589,0.016365752847120225,0.0009989050366617034,9.99999000001e-07,0.9819702870330305,0.0012370270052736267,0.9997946320220382,0.9993449694683353,0.9999989797718342,0.9932320833905075,0.9343038767071509,0.9945730098055924,0.9391259327253128,0.999999978541775,0.9999949846816559,0.9999999999999
8700,9999013592700.0,19946526,23,200.0,13131,340,137117872,100915506409.0,44118,2000,36010,67988,0,83,0,561,187,58,2000,200.0,8700,9.99999000001e-07,0.9990574513204711,0.4736842105263158,0.999000999000999,0.9929007412547843,0.8985365153332675,0.0009989015574067108,9.99999000001e-07,0.9989047841219982,0.01177927191760239,0.9997930207678175,0.9993399228589804,0.9999989595049741,0.9934342320361395,0.9729894409356226,0.9945646121640149,0.9582275434160491,0.9999999484608819,0.9999974147877723,0.9999999999999
8800,9999008229019.0,10006256,18,200.0,16067,5162,139308890,100931981542.0,321,2000,19001,19011,39984,664,80,626,349,720,2000,0.0,8800,9.99999000001e-07,0.9989739991479678,0.4736842105263158,0.999000999000999,0.9938820554566916,0.03354678407960662,0.0009989020338635156,9.99999000001e-07,0.998400969652003,0.0061086570705275855,0.9997935349378216,0.9993391919904199,0.999998968988196,0.9935273715967499,0.9480187332529344,0.994566244173693,0.9948186181633972,0.9999999487077308,0.9999960026850775,0.9999999999999
8900,9998983046830.0,19921071,20,200.0,11044,22510,140567874,100947333429.0,183,18,1,9,19990,394,99,157,617,2000,823,398.0,8900,9.99999000001e-07,0.999079685444952,0.4736842105263158,0.999000999000999,0.9939425768363626,0.8988698867339441,0.0009988995207965573,9.99999000001e-07,0.9958515347247285,0.001260450079901961,0.9997953227217447,0.9993468536665866,0.9999989937218305,0.9929649412448649,0.9657088586675446,0.9945674283102552,0.9948214664227027,0.9999999791198446,0.9999949832224354,0.9999999999999
9000,9998977549322.0,35361,24,200.0,9109,18079,141176514,100961710689.0,201754,18,23000,22993,22975,520,114,177,219,2000,741,200.0,9000,9.99999000001e-07,0.9988927843319594,0.4736842105263158,0.999000999000999,0.9943775026158072,0.021621439197739335,0.0009988979603666574,9.99999000001e-07,0.9983741925833918,0.001264973834921495,0.9997944127859894,0.9993422990397408,0.999999000001,0.9934029540545635,0.9740430321033995,0.9945650695560065,0.9948198382012169,0.9999999633830525,0.9999949830516771,0.9999999999999
9100,9998961752642.0,17871,19,200.0,11000,19922,142950388,100978112901.0,207012,17,1,6,15999,699,80,579,214,996,2000,201.0,9100,9.99999000001e-07,0.9989099061288554,0.4736842105263158,0.999000999000999,0.9952991036688047,0.02119789779576822,0.0009988973940927544,9.99999000001e-07,0.9986869903060495,0.0012713385125437521,0.9997940727216232,0.9993386974659458,0.9999989773806833,0.9934217953217926,0.9730891052659576,0.994552208986656,0.9700278927078572,0.9999999490905903,0.9999978347489699,0.9999999999999
9200,9998946226254.0,9977185,18,200.0,68,36088,145169297,100995041708.0,278106,9,13000,0,0,594,82,576,62,32,2000,0.0,9200,9.99999000001e-07,0.9990289485300285,0.4736842105263158,0.999000999000999,0.9950456365082626,0.824786028347989,0.0009988948340204206,9.99999000001e-07,0.9988332831645094,0.0012794227622600818,0.9997933528602574,0.9993383455338146,0.9999989809239148,0.9934377105624843,0.9755430561623047,0.9945524718147412,0.9017179814336768,0.9999999490368149,0.9999975825836644,0.9999999999999
9300,9998929969013.0,9921311,21,201.0,31,48696,146075618,101010512541.0,202099,2000,1,21,21990,478,111,517,85,54,2000,199.0,9300,9.99999000001e-07,0.9990430132526874,0.4736842105263158,0.999000999000999,0.9960552829127783,0.8245386373057042,0.000998893234951514,9.99999000001e-07,0.9986889303769587,0.006232156993692959,0.9997923705667091,0.9993356113981686,0.9999989705495855,0.9935947729425257,0.977365404888229,0.9945416811918881,0.9948189322575043,0.9999999492879461,0.9999980332513102,0.9999999999999
9400,9998913838250.0,10009601,21,200.0,25000,75,147443093,101026792400.0,979,9,0,18,35000,260,175,497,0,2000,2000,200.0,9400,9.99999000001e-07,0.9990580067303724,0.4736842105263158,0.999000999000999,0.9962834368542397,0.8244934537578578,0.000998891601695204,9.99999000001e-07,0.9983919701421016,0.0012886110687724528,0.9997934028950586,0.9993342193906638,0.9999989798010817,0.9934553781813087,0.9699194951662278,0.9945508992086833,0.8984371369853179,0.9999999512741596,0.9999956891989825,0.9999999999999
9500,9998897591726.0,9980412,22,200.0,8050,341,147270438,101041281446.0,85938,2000,18000,24,40000,635,8,195,161,2000,1652,0.0,9500,9.99999000001e-07,0.9990698478935283,0.4736842105263158,0.999000999000999,0.9964453069557487,0.8241596110813034,0.0009988899978858722,9.99999000001e-07,0.9901804827274692,0.006327553838474562,0.999793665940505,0.9993329115963526,0.999999000001,0.9934863225117393,0.9215400425920995,0.994546043143701,0.9572139603338014,0.999999983577317,0.9999949811131923,0.9999999999999
9600,9998881589623.0,9900194,20,200.0,6057,12318,148228717,101057225076.0,338639,2000,0,1,0,384,1,500,341,26,2000,200.0,9600,9.99999000001e-07,0.9990798854155545,0.4736842105263158,0.999000999000999,0.9965532545056769,0.8247469030372203,0.0009988884089724317,9.99999000001e-07,0.9987253612326267,0.0063156812789180415,0.9997953709048877,0.9993411003249304,0.9999989638605974,0.9927565299659572,0.9615242886642096,0.9945410406122058,0.9948211236950374,0.99999994941201,0.9999971137625838,0.9999999999999
9700,9998865595906.0,38450,18,200.0,36,59,148456799,101072560416.0,245,38,10,27006,16,664,34,579,1,56,2000,400.0,9700,9.99999000001e-07,0.9990000520772878,0.4736842105263158,0.999000999000999,0.9968783661539209,0.02135395190446545,0.0009988877961034438,9.99999000001e-07,0.9985558044385906,0.001312541853672207,0.9997922836677164,0.9993335769395937,0.9999989809158143,0.9935564870607979,0.8068903688419825,0.9945342565327979,0.9517683033489004,0.9999999494951041,0.9999975773572163,0.9999999999999
9800,9998849522039.0,10001851,19,200.0,9033,0,149322651,101088588300.0,188,2000,11000,10997,16,740,5,402,187,2000,2000,200.0,9800,9.99999000001e-07,0.9991014652164112,0.4736842105263158,0.999000999000999,0.9969843295927503,0.8246447202368268,0.000998885182460443,9.99999000001e-07,0.9987319107062242,0.006454405927908498,0.9997915844936868,0.9993290157973829,0.9999989740460321,0.9937240586874282,0.8461656332491124,0.9945342681094919,0.9948184213804251,0.999999986090631,0.9999960277645396,0.9999999999999
9900,9998833018270.0,16275,23,201.0,9054,24050,150362836,101104543925.0,202178,0,4,28,32000,477,61,0,491,28,1152,199.0,9900,9.99999000001e-07,0.9990261992806242,0.4736842105263158,0.999000999000999,0.9970848936097827,0.030629275371585545,0.0009988845488780934,9.99999000001e-07,0.9987113302422441,0.0013268829541146201,0.9997939666925862,0.9993331900125222,0.999999000001,0.9932423132511173,0.9364080462473555,0.9945281376587777,0.9797476338815991,0.9999999495539524,0.9999949799255533,0.9999999999999
10000,9998807136873.0,19953118,27,200.0,15,16111,149042370,101118636280.0,248764,2000,35002,11998,0,343,59,413,16,2000,1644,200.0,10000,9.99999000001e-07,0.9991920259293746,0.4736842105263158,0.999000999000999,0.9970925149346996,0.8997531888179017,0.0009988809531634656,9.99999000001e-07,0.9986309790279677,0.012664639868970415,0.999795497908836,0.9993390469757804,0.999999000001,0.9928489912656354,0.9629012578606447,0.9945366041836216,0.9948710327449203,0.9999999851840355,0.9999949804640595,0.9999999999999
10100,9998800679989.0,24548,22,200.0,9016,10248,149290363,101133904803.0,151624,2000,8,31,52969,500,224,284,280,2000,1649,199.0,10100,9.99999000001e-07,0.9990493547267053,0.4736842105263158,0.999000999000999,0.9971871536801061,0.01214034414746192,0.0009988813188952243,9.99999000001e-07,0.9986718570493179,0.006557350477331378,0.9997937674162297,0.9993325745781584,0.999999000001,0.9932898501010919,0.9587247498248056,0.9945306709811875,0.9948202478456032,0.9999999810995711,0.9999949803626845,0.9999999999999
10200,9998784574517.0,10010169,20,200.0,62,330,149312049,101148961854.0,17960,8,2,12015,20983,281,35,515,3,2000,208,200.0,10200,9.99999000001e-07,0.9991413846297631,0.4736842105263158,0.999000999000999,0.9973461927100419,0.004243555570507179,0.0009988796998604216,9.99999000001e-07,0.9715997841583596,0.0013506254438749902,0.9997940976424371,0.9993331841776152,0.999999000001,0.9931986883313988,0.9083399505417535,0.9945261593218346,0.8914010101619505,0.9999999811478911,0.9999949803544104,0.9999999999999
10300,9998768398146.0,10004491,18,200.0,46,6,149242436,101163789664.0,202417,8,15000,15027,15021,598,189,188,0,2000,2000,0.0,10300,9.99999000001e-07,0.9991509658675968,0.4736842105263158,0.999000999000999,0.9974604097819865,0.004235512882309355,0.000998877087167278,9.99999000001e-07,0.9989145725152394,0.0013579400013401298,0.9997929996888885,0.9993270604241052,0.9999989724237585,0.9935831898817059,0.9746053057629296,0.9945096394351295,0.8912160881125197,0.9999999828143946,0.9999971917068033,0.9999999999999
10400,9998752059454.0,8413,21,200.0,9000,48596,148503172,101177927464.0,68092,0,0,0,28,638,182,400,0,2000,823,200.0,10400,9.99999000001e-07,0.9990833376683823,0.4736842105263158,0.999000999000999,0.9975519324781001,0.8251523862999673,0.0009988764689951865,9.99999000001e-07,0.9920058836696192,0.0013647490105663635,0.9997929967162535,0.9993290783481368,0.9999989837334341,0.9934544947305494,0.9749439805460686,0.9945185081068307,0.9634774036854035,0.9999999533256463,0.99999498063741,0.9999999999999
10500,9998725558970.0,19926352,20,200.0,8024,24080,150377861,101195242231.0,202298,2000,2,8,15011,666,18,464,202,2000,2000,0.0,10500,9.99999000001e-07,0.9992348082424864,0.4736842105263158,0.999000999000999,0.9975501490841819,0.8248306667494805,0.0009988738243891756,9.99999000001e-07,0.9989822898072254,0.006649595631218373,0.9997916282235851,0.99931978044215,0.9999989535393444,0.9937088434729918,0.9355836528240947,0.994490714149064,0.9948671446330173,0.9999999864593049,0.9999984237265229,0.9999999999999
10600,9998719156931.0,9992721,22,201.0,7058,143,149841255,101209569355.0,234301,8,2,11,11998,66,59,203,1,2000,931,0.0,10600,9.99999000001e-07,0.9991803978642184,0.4736842105263158,0.999000999000999,0.9976497651986039,0.0040511847552152855,0.0009988731854850591,9.99999000001e-07,0.9973937632755183,0.0013765482610124597,0.9997952492786017,0.9993294475509213,0.999999000001,0.9927798080412475,0.898414004858387,0.9945047274998615,0.8869766045315041,0.9999999771526835,0.9999949801424795,0.9999999999999
10700,9998692754858.0,19982900,19,200.0,15,101,150594176,101225933177.0,100979,2000,18003,28011,11988,478,32,423,161,18,2000,200.0,10700,9.99999000001e-07,0.9992512639226537,0.4736842105263158,0.999000999000999,0.9977214231137406,0.8248915667767653,0.0009988695375576131,9.99999000001e-07,0.9985888223440226,0.006757839497714265,0.9997945900126348,0.9993242038545942,0.9999989820857267,0.9931569036294392,0.7783115636687032,0.9944824472828413,0.9948202322081994,0.9999999497140434,0.9999973202536708,0.9999999999999
10800,9998686203012.0,42035,17,200.0,17022,45,150771934,101241013862.0,203359,8,0,2,23,317,9,406,0,14,717,200.0,10800,9.99999000001e-07,0.9991297955455505,0.4736842105263158,0.999000999000999,0.9978155552616069,0.0039730468374714585,0.0009988698924834002,9.99999000001e-07,0.9983688356259348,0.0013882102718687584,0.9997956766438644,0.9993236264624291,0.9999989835265226,0.9927305810262944,0.9698951228532864,0.9944745932530256,0.8850699909151816,0.9999999497385491,0.9999949797410298,0.9999999999999
10900,9998669840216.0,9928829,24,200.0,4000,41325,150500036,101255624035.0,298,2000,10000,10014,17986,661,5,0,78,140,1539,0.0,10900,9.99999000001e-07,0.9992086246178379,0.4736842105263158,0.999000999000999,0.9978969150563478,0.8253058735857275,0.0009988672507504064,9.99999000001e-07,0.9985575439011514,0.006768785829909537,0.9997932746405203,0.9993110565128228,0.9999989862135176,0.9934585229548385,0.9704409045510453,0.9944480526942627,0.9341196977215994,0.9999999497586418,0.9999949798840418,0.9999999999999
11000,9998653077376.0,10002012,24,200.0,6001,9901,152846410,101273408207.0,76166,19,2,23,13000,508,64,335,119,2000,0,200.0,11000,9.99999000001e-07,0.9992185610260781,0.4736842105263158,0.999000999000999,0.9979286200275856,0.011806471215268639,0.0009988655778731816,9.99999000001e-07,0.9933481890444673,0.0013981138442427843,0.9997944501556839,0.9993007934017722,0.999999000001,0.9930788315669631,0.8956798717097739,0.9944015141907209,0.94655701488507,0.9999999831876055,0.9999949788232018,0.9999999999999
11100,9998626295266.0,19918511,20,200.0,13024,327,155026176,101291149699.0,102787,2000,17004,31993,0,367,0,453,887,2000,1812,0.0,11100,9.99999000001e-07,0.9992825990695353,0.4736842105263158,0.999000999000999,0.9979384093156448,0.8999807192466949,0.0009988648913461355,9.99999000001e-07,0.9982849900615174,0.006852232556070458,0.9997956091747059,0.9992818775180976,0.9999989815466437,0.9929644285573055,0.7564973131201893,0.9943197471621119,0.994871224101399,0.9999999733192406,0.9999949778667734,0.9999999999999
11200,9998619443695.0,10012266,24,200.0,9015,800,156204956,101308903609.0,137088,7,4,16996,16976,709,46,597,180,2000,2000,400.0,11200,9.99999000001e-07,0.9992352338648723,0.4736842105263158,0.999000999000999,0.9979597964722353,0.0037950177880239186,0.0009988622206537547,9.99999000001e-07,0.998852442461465,0.0014106822035519645,0.9997927172067246,0.9992330766619121,0.9999989057776036,0.993530871390508,0.8898389029071094,0.9941214822917656,0.9574257803749313,0.9999999866039511,0.9999988383950779,0.9999999999999
11300,9998592352014.0,19954306,18,201.0,7026,30625,156607299,101324609264.0,64963,13,0,0,0,573,0,311,54,2000,2000,400.0,11300,9.99999000001e-07,0.9992967783432821,0.4736842105263158,0.999000999000999,0.9979845699388938,0.8253386942705707,0.0009988595173633789,9.99999000001e-07,0.9902877732777794,0.0014161932179944001,0.9997937360174725,0.9991964852170989,0.9999989866141868,0.9931226161579797,0.038022992853043364,0.9940095351940094,0.9948693015182023,0.9999999823742507,0.9999951716782374,0.9999999999999
11400,9998585139456.0,9963654,25,200.0,19000,38004,155594055,101339111697.0,760,2000,35000,4,4,372,21,308,0,32,1425,199.0,11400,9.99999000001e-07,0.9992520334256688,0.4736842105263158,0.999000999000999,0.9980190715837551,0.8259664450568482,0.0009988588173802458,9.99999000001e-07,0.9976681714733425,0.006930747863437337,0.9997961286008245,0.9992140223034317,0.9999989875995113,0.9923266668916294,0.9643669686794297,0.9940370705086091,0.9948212579936101,0.9999999498106866,0.99999497757764,0.9999999999999
11500,9998568599547.0,9993020,18,200.0,35,97,153740445,101352407232.0,203233,2000,4,26996,26977,27,134,283,39,2000,0,200.0,11500,9.99999000001e-07,0.9992590182261214,0.4736842105263158,0.999000999000999,0.998096525167897,0.8253838181246073,0.0009988571472435103,9.99999000001e-07,0.9957763849233836,0.006987854503670713,0.9997942950694799,0.9991613581753243,0.999999000001,0.9928507348940628,0.9664788042007298,0.9938594700060948,0.9948201651891698,0.9999999812904473,0.9999949784079528,0.9999999999999
11600,9998551664986.0,9941459,22,200.0,10051,712,154431879,101368945454.0,63916,2000,15010,48002,2,571,1,463,539,40,2000,400.0,11600,9.99999000001e-07,0.9992675657741132,0.4736842105263158,0.999000999000999,0.9981044586530146,0.8247119606819109,0.0009988564484380178,9.99999000001e-07,0.9902649870524328,0.007007691416533861,0.9997943135035628,0.9989343768221545,0.9999989600680698,0.9924688175380522,0.9681980512229622,0.9930521041788818,0.994820464007212,0.9999999498270918,0.9999973739557304,0.9999999999999
11700,9998534721875.0,10007348,23,200.0,32,0,154351565,101384188310.0,202016,7,3,42106,0,545,209,204,0,228,980,400.0,11700,9.99999000001e-07,0.9992753674857855,0.4736842105263158,0.999000999000999,0.9981390594134186,0.0036961710168219608,0.0009988547640659552,9.99999000001e-07,0.9988343344457669,0.0014394295854404647,0.9997929085968256,0.9914209999296062,0.9999989900947484,0.987881821345542,0.9605250625022725,0.9489909381365627,0.9070137454360583,0.9999999498349929,0.9999949781923115,0.9999999999999
11800,9998518133675.0,10002568,20,200.0,11036,187,151026353,101395676000.0,146,7,0,65,66,0,104,17,70,1228,2000,400.0,11800,9.99999000001e-07,0.9992814207025541,0.4736842105263158,0.999000999000999,0.9982238976547716,0.03728435201531378,0.0009988531233415606,9.99999000001e-07,0.9992198172655999,0.0014475797623664432,0.9997849956771349,0.9974749158934139,0.9999989757116653,0.9850300046653532,0.9598613900044679,0.9872718758569561,0.9736540096127941,0.9999999498421109,0.9999957638007284,0.9999999999999
11900,9998501592610.0,10015780,23,200.0,11023,3596,148090916,101405815978.0,203050,2000,0,72,72,401,3,45,70,2000,301,200.0,11900,9.99999000001e-07,0.9992896427540954,0.4736842105263158,0.999000999000999,0.9982983464288734,0.02155995028286745,0.000998850473402396,9.99999000001e-07,0.9996574697288872,0.0071103650341364415,0.9997543174375207,0.9965064041644849,0.9999989969891621,0.9911487105039393,0.8482345357845238,0.9843321230531829,0.9519609298177811,0.9999999745462987,0.9999949808073699,0.9999999999999
12000,9998485455988.0,10000978,21,200.0,10033,20499,145241377,101416635674.0,101448,2000,8003,10997,10967,1,0,147,399,12,736,400.0,12000,9.99999000001e-07,0.9992970076074322,0.4736842105263158,0.999000999000999,0.9983581931331926,0.8257715936409504,0.0009988498614785703,9.99999000001e-07,0.999756965844952,0.007108819281343443,0.9997273035251808,0.9967040008688955,0.999999000001,0.9918204132464365,0.16518747842068277,0.9846512191638178,0.9947559378108024,0.9999999498561126,0.99999498178764,0.9999999999999
12100,9998469780862.0,13091,25,201.0,19000,6,142563142,101427341390.0,101523,2000,4,15435,34565,66,175,166,0,120,2000,0.0,12100,9.99999000001e-07,0.9992521735146795,0.4736842105263158,0.999000999000999,0.9984108053915645,6.53919197501881e-05,0.0009988472846034096,9.99999000001e-07,0.9998233689268496,0.0071435153450644315,0.9996642417072434,0.96719084898861,0.9999989947839338,0.9927867123042334,0.9448361483454328,0.9477226922240058,0.011795933719614264,0.9999999498616411,0.9999960128192011,0.9999999999999
12200,9998444141956.0,19953643,20,200.0,12,172,140290669,101436958798.0,100718,2000,0,106,21999,165,4,0,193,1686,613,200.0,12200,9.99999000001e-07,0.999355742992969,0.4736842105263158,0.999000999000999,0.9984528950651061,0.9006205495566934,0.000998844726211756,9.99999000001e-07,0.9998788805901907,0.013919069093518258,0.9993681774191967,0.9942846407122692,0.999999000001,0.9934555597454394,0.8891037240277189,0.9854675489377834,0.9943962610839172,0.9999999498658928,0.9999949832944589,0.9999999999999
12300,9998438764694.0,9990982,16,200.0,25016,28378,137914488,101447034291.0,101308,2000,15000,14911,0,398,0,375,0,2000,1,402.0,12300,9.99999000001e-07,0.999318279257767,0.4736842105263158,0.999000999000999,0.9984888072779526,0.047203773694179954,0.0009988441896708058,9.99999000001e-07,0.9998947590867109,0.007198047710766518,0.9938873821577553,0.9791330353179901,0.999999000001,0.9936847755830224,0.49667601957897833,0.9905597317729697,0.9028731048926811,0.9999999845081857,0.9999949839538758,0.9999999999999
12400,9998422614852.0,10013368,23,200.0,22000,3350,136267976,101458261785.0,202969,50,191,26500,26307,1,2,498,5,2000,267,200.0,12400,9.99999000001e-07,0.9993295112075018,0.4736842105263158,0.999000999000999,0.9985177787688225,0.007104960069819791,0.0009988435760215244,9.99999000001e-07,0.9999019856722656,0.0014689032622737512,0.921853500405894,0.9925590509784252,0.9999989999609985,0.9936593442742372,0.9581174278318714,0.9857502502463116,0.880854720481802,0.9999999873477189,0.9999949843677933,0.9999999999999
12500,9998407149913.0,9976889,23,200.0,16000,11209,134607293,101469806258.0,101000,2000,577,75,75,2,0,1,251,40,668,400.0,12500,9.99999000001e-07,0.9993380828755322,0.4736842105263158,0.999000999000999,0.9985419700734833,0.8256899722514325,0.0009988410344869262,9.99999000001e-07,0.9999011908186114,0.007203249964500244,0.9529393907365147,0.9933441260414778,0.9999989999971,0.9937472263109257,0.39389800592212587,0.9800689818821416,0.9678961706817076,0.9999999498753064,0.99999498476422,0.9999999999999
12600,9998391667393.0,12140,19,200.0,9011,3569,132852733,101480977518.0,101447,17,0,0,0,670,66,0,0,780,1454,0.0,12600,9.99999000001e-07,0.9993010684440887,0.4736842105263158,0.999000999000999,0.9985657108166541,0.006001023229864386,0.0009988404989586463,9.99999000001e-07,0.99990122104616,0.0014694509827034516,0.9526565348552718,0.9955985574116601,0.9999989852373342,0.9937473069101143,0.9692239708346215,0.9866275896844806,0.7183025869279357,0.9999999498775151,0.9999949851578959,0.9999999999999
12700,9998376160760.0,10009337,23,202.0,13009,16121,131433834,101491952580.0,203202,2000,35931,0,0,402,2,292,46,2000,1277,400.0,12700,9.99999000001e-07,0.9993568572939718,0.4736842105263158,0.999000999000999,0.9985805900726719,0.046722221746019796,0.0009988379416454001,9.99999000001e-07,0.9999019418552464,0.007174508836526196,0.9753256163004959,0.9975054105541438,0.9999989988253217,0.9937291423270543,0.8539023250194817,0.9917164992069835,0.9749185308335933,0.999999981663692,0.9999949854685579,0.9999999999999
12800,9998360408683.0,11892,26,200.0,13,23994,130463622,101503661359.0,101862,11,44987,21,19630,800,99,39,41,80,132,200.0,12800,9.99999000001e-07,0.9993244636765132,0.4736842105263158,0.999000999000999,0.9986008189008023,0.8256371622288777,0.0009988373790794103,9.99999000001e-07,0.999901388440891,0.001459371466768366,0.9874439643871095,0.9197890550057345,0.9999989999961,0.9937383499130745,0.9467951511046435,0.9797995140831489,0.9671972603261664,0.9999999498818357,0.9999949856709909,0.9999999999999
12900,9998335176314.0,19939325,18,200.0,36,40006,129345079,101515052499.0,202289,2000,939,744,0,402,1,5,0,2,600,200.0,12900,9.99999000001e-07,0.9994127232900195,0.4736842105263158,0.999000999000999,0.9986105400615258,0.9007779856674039,0.0009988348619692155,9.99999000001e-07,0.9999019808590182,0.013852586788357681,0.7460405223330633,0.9971254297050169,0.9999989998009604,0.9937360217422558,0.30831724021187995,0.9871640570774922,0.9707110198142618,0.9999999498827075,0.9999949858837981,0.9999999999999
13000,9998330162678.0,10022368,25,200.0,9022,538,128181728,101526263699.0,101068,1,31190,18026,0,8,0,595,242,2000,188,200.0,13000,9.99999000001e-07,0.9993847966594852,0.4736842105263158,0.999000999000999,0.9986235675262832,0.01869805852750743,0.0009988343507544852,9.99999000001e-07,0.999900423776492,0.0014543914246688285,0.9882404761051131,0.9972041398735115,0.9999989758274802,0.9936308088250586,0.237938578107508,0.9894826449974309,0.9632061841803741,0.9999999888562907,0.9999949861081703,0.9999999999999
13100,9998315351894.0,9977919,21,200.0,7000,14146,127483408,101537956174.0,101130,2000,22216,19126,18801,5,0,352,9,48,14,200.0,13100,9.99999000001e-07,0.9993924841209474,0.4736842105263158,0.999000999000999,0.9986347899707588,0.8256742292160019,0.0009988318726416546,9.99999000001e-07,0.9998961486304185,0.007112584627104659,0.9874250281992597,0.9838565183199142,0.999998985877122,0.9936729876751982,0.9135719011241826,0.9754560759181772,0.7086157685071255,0.999999949885472,0.9999949862353876,0.9999999999999
13200,9998300435726.0,10012507,19,200.0,12016,14820,126633310,101549251991.0,101159,29,13455,21342,204,205,107,48,3,2000,234,200.0,13200,9.99999000001e-07,0.9994006590125748,0.4736842105263158,0.999000999000999,0.9986457778649752,0.039825018498530367,0.0009988313824829953,9.99999000001e-07,0.9998949878984054,0.001451200854680726,0.9871026481268408,0.9942501742649049,0.9999989995961369,0.9936657936197258,0.9466202655800094,0.9794455757676093,0.9405661877032513,0.9999999859320488,0.9999949863992503,0.9999999999999
13300,9998285178086.0,23504,27,200.0,9000,2866,125811735,101560204422.0,26,0,4,102,26532,400,0,0,0,104,0,200.0,13300,9.99999000001e-07,0.9993726409810911,0.4736842105263158,0.999000999000999,0.9986526095851087,0.03422753036498057,0.000998829871797361,9.99999000001e-07,0.9999008035310769,0.0014451593788956667,0.988807365237195,0.9966523818189597,0.9999989999915999,0.9937553441100319,0.9237958696243952,0.9846666069078481,0.9767212995782885,0.9999999498875197,0.9999949865686855,0.9999999999999
13400,9998270418046.0,10220,23,200.0,12000,2,124962925,101571331656.0,202796,0,0,0,26,1132,34,0,0,46,723,199.0,13400,9.99999000001e-07,0.9993812589217823,0.4736842105263158,0.999000999000999,0.9986626316782493,0.028447632802064145,0.0009988283986093025,9.99999000001e-07,0.9998880782521047,0.0014428439701002146,0.9319307469624646,0.9962771811582533,0.9999989927203903,0.9937537240688934,0.9771560413089231,0.9829218809159356,0.0,0.999999949888592,0.999994986720414,0.9999999999999
13500,9998255571388.0,10021669,23,200.0,10000,2865,124347885,101582683964.0,9,5,2,2,2,401,0,5,0,8,1260,200.0,13500,9.99999000001e-07,0.9994256737689514,0.4736842105263158,0.999000999000999,0.9986669512363747,0.007320846069137071,0.0009988269064658626,9.99999000001e-07,0.9999004325706966,0.0014378933976528698,0.9767365256549547,0.9976675855196672,0.9999989872392141,0.9937498683711679,0.8700768466346257,0.9881051543236389,0.9239283837798122,0.9999999498887946,0.9999949868282765,0.9999999999999
13600,9998230795094.0,19962275,19,200.0,22,45133,123827203,101593504138.0,202719,10,0,323,26512,144,137,625,0,2000,2000,0.0,13600,9.99999000001e-07,0.9994638020455383,0.4736842105263158,0.999000999000999,0.9986743566374745,0.8260162550641162,0.0009988254249584392,9.99999000001e-07,0.9998962373052828,0.001433838453014473,0.9644739371092117,0.9955827213010008,0.999998999997,0.993734482149632,0.9464844527857871,0.9798715311422922,0.8084593070319804,0.999999987305259,0.9999963070811957,0.9999999999999
13700,9998226476196.0,16959,20,200.0,8015,8607,123605016,101605001155.0,202935,17,19568,3634,0,392,210,427,107,0,2000,200.0,13700,9.99999000001e-07,0.9994065059893605,0.4736842105263158,0.999000999000999,0.99867926466558,0.016983075534915654,0.0009988230027256682,9.99999000001e-07,0.9999007854518136,0.0014344983424538717,0.9628280761401666,0.9068017560172449,0.9999989987127451,0.9937188821638693,0.9692248825371829,0.9761434685721363,0.8888752530592822,0.9999999498905867,0.9999952891753467,0.9999999999999
13800,9998201919634.0,19994846,22,200.0,11027,7270,122811211,101616050483.0,101173,9,35005,26633,0,807,0,1,12,2000,4,200.0,13800,9.99999000001e-07,0.9994756913138483,0.4736842105263158,0.999000999000999,0.9986836367056671,0.8255677178479881,0.0009988205518557777,9.99999000001e-07,0.9998915492814164,0.0014318147492511151,0.9912671436233693,0.9980946581902862,0.9999989999574982,0.9937444468236281,0.22921892568596658,0.9880134270610759,0.8964341035819685,0.999999987422138,0.9999949870904452,0.9999999999999
13900,9998197232378.0,10291,23,200.0,12010,4,122497247,101627181464.0,17,0,95,2,2,2,1,134,0,16,532,401.0,13900,9.99999000001e-07,0.9994221186969698,0.4736842105263158,0.999000999000999,0.9986871400240884,0.017062565445521344,0.0009988210944314798,9.99999000001e-07,0.999900184190114,0.001428491810146073,0.9428014411743189,0.9971576444702017,0.999999,0.9937470027341827,0.8346404843804298,0.9868396179321403,0.0,0.9999999498913303,0.9999949871426357,0.9999999999999
14000,9998182845284.0,10017610,20,200.0,18,222,121912346,101637981206.0,10,2000,20900,131,100,260,5,216,55,32,12,200.0,14000,9.99999000001e-07,0.9994601382203796,0.4736842105263158,0.999000999000999,0.9986909857488103,0.061000378607524434,0.0009988186593277379,9.99999000001e-07,0.999897593487929,0.006983753659374319,0.9798559322647219,0.9983837673142272,0.9999989999911999,0.9937388297292998,0.9461484488709851,0.9910633292445947,0.9448129464854716,0.9999999498914212,0.9999949872191392,0.9999999999999
14100,9998168366237.0,10015737,20,200.0,18,2695,121976802,101649304549.0,101824,5,11432,1921,0,1,10,373,52,2000,1440,199.0,14100,9.99999000001e-07,0.9994668040947121,0.4736842105263158,0.999000999000999,0.9986944056136261,0.022369124063481818,0.0009988182135234288,9.99999000001e-07,0.9998990374839495,0.0014233471101565242,0.9543843971345352,0.99452177395004,0.9999989999996,0.9936527497578566,0.9458720407978499,0.9757893912200603,0.8674277803271152,0.9999999502893215,0.9999949872319799,0.9999999999999
14200,9998144180731.0,19869894,26,200.0,8000,5038,121530059,101660460169.0,101728,10,1,1,243,0,0,5,0,10,2000,200.0,14200,9.99999000001e-07,0.9994992360946777,0.4736842105263158,0.999000999000999,0.9986973557181852,0.029064897650973646,0.0009988167718555754,9.99999000001e-07,0.9999013440881431,0.001420114109133539,0.9700148765956987,0.996535977824548,0.999998999995,0.9937360551833158,0.909261350590287,0.9834684581852812,0.9297214951082416,0.9999999498926129,0.9999949888158436,0.9999999999999
14300,9998129731215.0,19848718,19,200.0,7000,68031,121156153,101671582333.0,20,2000,63,11308,5393,404,0,330,67,2000,1358,202.0,14300,9.99999000001e-07,0.9995050245551379,0.4736842105263158,0.999000999000999,0.9986993171472431,0.9004604140594317,0.0009988153280522903,9.99999000001e-07,0.999895323318008,0.013372846955467931,0.9682346081391298,0.9982046509103719,0.9999989867878144,0.9937325013649742,0.9487481814196315,0.9905439823112878,0.9709555552528712,0.9999999754426004,0.9999949873635734,0.9999999999999
14400,9998125337652.0,9903918,21,200.0,20000,6481,121022715,101682803178.0,203322,2000,2,28,13778,0,0,0,0,82,0,200.0,14400,9.99999000001e-07,0.9994851786591192,0.4736842105263158,0.999000999000999,0.998702654411626,0.8243856091294127,0.0009988129092582904,9.99999000001e-07,0.9999022347857041,0.00685545496576735,0.958640443739002,0.9961480687454359,0.9999989999933,0.9937594078542593,0.8694794149097471,0.9817991248402095,0.44267296243627474,0.9999999498932851,0.9999949873695961,0.9999999999999
14500,9998111046124.0,10001229,28,200.0,3019,1819,120841162,101694272634.0,101938,2000,0,104,28049,142,140,13,0,4,2000,200.0,14500,9.99999000001e-07,0.9994912827457672,0.4736842105263158,0.999000999000999,0.9987038854085125,0.004843157227791067,0.0009988124800895948,9.99999000001e-07,0.9999012813093732,0.006911918318542823,0.9631550435344663,0.9962929424399217,0.999998998277739,0.993731511544094,0.9468020358418021,0.9823224467012585,0.5815082587190006,0.999999949893392,0.9999952705078909,0.9999999999999
14600,9998096693508.0,20935,17,200.0,15011,6,120467902,101705050951.0,101580,29,0,13233,0,402,2,166,1,2000,2000,0.0,14600,9.99999000001e-07,0.9994702967667132,0.4736842105263158,0.999000999000999,0.9987068943817935,0.03092406685977064,0.000998811060441272,9.99999000001e-07,0.999901953430821,0.0014105071892597154,0.9894973289742736,0.9973198219986434,0.9999989838043823,0.99374430632208,0.9754787726821428,0.9873634265622994,0.9477080417847302,0.999999974704733,0.9999955348035243,0.9999999999999
14700,9998082335767.0,4924,19,200.0,19008,1,120300781,101716038345.0,101709,2000,0,32453,0,4,163,758,0,2000,2000,200.0,14700,9.99999000001e-07,0.9994770697216979,0.4736842105263158,0.999000999000999,0.9987095241744541,0.006799387564874965,0.0009988086175419769,9.99999000001e-07,0.99988765495331,0.0068914967522589795,0.9896304028106792,0.9978075116191101,0.999998999542791,0.9935693029883809,0.9461440693154457,0.9903216577933363,0.8604054641171542,0.9999999908815576,0.999996704285388,0.9999999999999
14800,9998067737804.0,9985742,20,200.0,16000,10519,120164679,101727045474.0,101611,9,0,0,0,0,0,158,0,28,0,400.0,14800,9.99999000001e-07,0.9995090547101773,0.4736842105263158,0.999000999000999,0.9987120414291609,0.8253096301390624,0.000998808170653927,9.99999000001e-07,0.9998998260178278,0.0014008291230192314,0.9855564807821454,0.9923762020104637,0.9999990000003,0.9937408571490508,0.9211860503836266,0.9751715512502205,0.9085528622970821,0.9999999498944677,0.9999949875181718,0.9999999999999
14900,9998043677521.0,19897333,21,201.0,9028,4560,119665062,101737776506.0,101881,2000,0,0,22,646,5,0,0,120,2000,201.0,14900,9.99999000001e-07,0.999536795911431,0.4736842105263158,0.999000999000999,0.9987112280672695,0.010492700144790102,0.0009988067441741594,9.99999000001e-07,0.9999012352214558,0.013225800810070534,0.9705891816944278,0.9984001539825951,0.999998998995993,0.9937488719296858,0.9204026213721425,0.9906330949673647,0.8188045915120122,0.9999999498937829,0.9999952265954131,0.9999999999999
15000,9998039305264.0,9989456,22,200.0,14,2387,119656201,101748576410.0,8,2000,53,14266,14249,0,0,358,0,44,96,0.0,15000,9.99999000001e-07,0.9995196159402461,0.4736842105263158,0.999000999000999,0.9987115022658014,0.05139510117976269,0.000998804336556458,9.99999000001e-07,0.9998963708877636,0.006818727406309273,0.9925945763483793,0.9985064651525222,0.9999989855933974,0.9937097316393858,0.8735656123454809,0.9909983918301164,0.9770672324992855,0.9999999498940223,0.9999949875800422,0.9999999999999
15100,9998014854854.0,19974746,28,200.0,17006,18529,119475686,101759541622.0,22,2000,12000,221,0,619,92,259,285,2000,0,400.0,15100,9.99999000001e-07,0.9995471378300235,0.4736842105263158,0.999000999000999,0.9987131899279523,0.9002316015677149,0.0009988018829121268,9.99999000001e-07,0.9998956674554554,0.006793919130292656,0.9756148832099748,0.9987099111138434,0.9999990000005,0.9937462715151438,0.9691675124572156,0.9917766289914415,0.9739485832826054,0.9999999803321769,0.9999949876116885,0.9999999999999
15200,9998010529968.0,9885433,19,200.0,6023,12665,119523004,101770656787.0,202538,2000,0,0,0,572,116,473,0,1368,132,200.0,15200,9.99999000001e-07,0.9995304301126341,0.4736842105263158,0.999000999000999,0.9987160188988846,0.8238629020720541,0.00099880246117166,9.99999000001e-07,0.9999014920991738,0.006774957834569596,0.9880318173514506,0.9974479555309889,0.9999989986748463,0.9937429129046164,0.9692484843600617,0.9884535867185186,0.5631045679413799,0.999999949894842,0.9999949876011889,0.9999999999999
15300,9997996593479.0,9837202,22,200.0,8,100703,119415073,101782347088.0,101141,4,20307,19623,5,3,2,490,4,2000,0,0.0,15300,9.99999000001e-07,0.999535306475324,0.4736842105263158,0.999000999000999,0.9987158992294036,0.8251911446982282,0.0009988000604562296,9.99999000001e-07,0.9999003740654963,0.0013833348338745696,0.9873098754331856,0.9971941301157932,0.9999989802071464,0.9937320607631741,0.19868501275499242,0.9884183435180324,0.7709746044832272,0.9999999872206295,0.999994987615796,0.9999999999999
15400,9997982235087.0,9955735,15,200.0,21011,21330,119460857,101793158902.0,101697,2000,146,13266,0,400,1,165,1,2000,659,200.0,15400,9.99999000001e-07,0.9995404782106324,0.4736842105263158,0.999000999000999,0.998717314523881,0.8251703211016707,0.0009987986278687576,9.99999000001e-07,0.999899383067277,0.006719855839569894,0.9883061811434446,0.9964886920604652,0.9999989933575693,0.9937534447104701,0.9260960768936591,0.9848494830461013,0.7804089983845074,0.9999999747694798,0.9999949876270587,0.9999999999999
15500,9997957959754.0,20012107,23,200.0,19,819,119296844,101804327804.0,14,8,5,939,2156,400,0,174,380,2000,705,0.0,15500,9.99999000001e-07,0.999565184816085,0.4736842105263158,0.999000999000999,0.9987176409089129,0.004262291532962467,0.0009987962043804678,9.99999000001e-07,0.9998957344548414,0.001377019057057146,0.4738754747361035,0.997356786762539,0.9999989999972,0.9937320328322807,0.5412202626397543,0.9887698859040329,0.9707188009939665,0.9999999754571893,0.9999949876522142,0.9999999999999
15600,9997943764846.0,20000651,18,200.0,19000,2,119251712,101815596877.0,101377,8,356,25733,25615,800,1,498,25,2000,131,0.0,15600,9.99999000001e-07,0.9995694562758458,0.4736842105263158,0.999000999000999,0.998720082037144,0.00420915361478507,0.0009987967835320233,9.99999000001e-07,0.9998941691655091,0.001373753411460643,0.951895126758572,0.9958934014910746,0.9999989999955,0.9937472876031603,0.9593779459337136,0.9791652932503717,0.9825968993080924,0.999999987348422,0.9999949876429073,0.9999999999999
15700,9997939609811.0,9982473,21,200.0,14000,729,119232830,101826584996.0,11,2000,307,1,0,3,0,16,0,12,2000,400.0,15700,9.99999000001e-07,0.9995545978677273,0.4736842105263158,0.999000999000999,0.9987199251199249,0.8250241502583092,0.0009987943739765508,9.99999000001e-07,0.9999005708723365,0.006694486308208334,0.9765106498555385,0.9965698070503864,0.9999989990333665,0.9937360765973277,0.9633654003639929,0.98321814705147,0.3429342223680498,0.9999999498953258,0.9999952182043469,0.9999999999999
15800,9997925492413.0,10004999,16,200.0,13000,13277,118983427,101837521832.0,101984,2000,27064,3674,3666,5,60,370,0,104,0,200.0,15800,9.99999000001e-07,0.9995587384184885,0.4736842105263158,0.999000999000999,0.9987206038693218,0.03356929814240296,0.000998793974345447,9.99999000001e-07,0.9998963606739748,0.0067067028500279735,0.9737785880618546,0.9975372697703655,0.9999989853061164,0.9936897666622155,0.9461472615464245,0.9869674003326069,0.7849584756857662,0.999999949895418,0.9999949876819082,0.9999999999999
15900,9997911389455.0,9986540,26,200.0,5,17395,118933203,101848627092.0,203014,2000,13277,1051,0,0,0,0,29,12,2000,200.0,15900,9.99999000001e-07,0.9995632181152806,0.4736842105263158,0.999000999000999,0.9987199757388165,0.825218370521097,0.0009987915570867719,9.99999000001e-07,0.9999019864696241,0.006673700781509174,0.9396418934512456,0.9979034205189863,0.9999989713052809,0.993754379768029,0.8981674655226083,0.9884205169126999,0.7667331174339288,0.9999999498951276,0.9999964028744609,0.9999999999999
16000,9997897160309.0,10039956,22,200.0,27,2081,119109911,101860279607.0,101386,3,14902,20935,0,779,4,486,5,2000,2000,0.0,16000,9.99999000001e-07,0.9995676659060468,0.4736842105263158,0.999000999000999,0.9987222869254968,0.040019637382219954,0.000998791139526035,9.99999000001e-07,0.9998919804095671,0.0013628839287654273,0.9870588391461532,0.9923628854021884,0.9999989914995514,0.9937451091239856,0.9083986498439774,0.9827900004695425,0.7771753561465887,0.9999999871275654,0.9999963788495725,0.9999999999999
16100,9997883132088.0,10031011,19,200.0,25000,2143,118930904,101871257177.0,15,2000,85,9230,9202,2,0,185,0,2000,1056,399.0,16100,9.99999000001e-07,0.999571719260862,0.4736842105263158,0.999000999000999,0.9987225987967664,0.047114689564859126,0.0009987887379261198,9.99999000001e-07,0.9999001371915263,0.006675562456447404,0.9303997851073499,0.9969977298450398,0.9999989902632092,0.9936769711216255,0.8182139940236383,0.9845758074983368,0.9753725090676654,0.9999999762214232,0.9999949877078782,0.9999999999999
16200,9997858871701.0,19944787,22,200.0,26000,2573,118958177,101882251381.0,101619,2000,25000,1338,0,301,53,547,523,2000,2000,200.0,16200,9.99999000001e-07,0.9995930583121841,0.4736842105263158,0.999000999000999,0.9987224443535371,0.8243738620875406,0.0009987873256170471,9.99999000001e-07,0.9998975874994482,0.006600775999674234,0.9873715542885259,0.9969612238565829,0.9999989975045884,0.9937438003705609,0.9461339975514906,0.9881564649779531,0.9770996021572594,0.9999999873549387,0.9999955413298036,0.9999999999999
16300,9997854751019.0,9999670,24,201.0,13000,1566,119019448,101893458161.0,203896,30,6045,29564,0,802,1,332,262,92,1328,401.0,16300,9.99999000001e-07,0.9995800182458553,0.4736842105263158,0.999000999000999,0.9987227721169045,0.8249861343933315,0.0009987859044547815,9.99999000001e-07,0.9998937315086183,0.001354290947454681,0.9752764490373778,0.9898136516115262,0.9999989865407545,0.9937438750193648,0.9540512483128925,0.9771070077228018,0.9355482415739268,0.9999999498957136,0.9999949876966351,0.9999999999999
16400,9997840515017.0,10015310,25,200.0,21000,8821,118647500,101904454230.0,102334,2000,15,0,0,754,24,625,0,342,1142,200.0,16400,9.99999000001e-07,0.9995841511589911,0.4736842105263158,0.999000999000999,0.998724299111369,0.8249011690362019,0.0009987844839212542,9.99999000001e-07,0.9999010870532844,0.006584679170111284,0.9239274889413612,0.9960622127410048,0.9999989884468492,0.9937361309245887,0.9692062643542054,0.9825150770311666,0.6092953124989995,0.9999999498959088,0.9999949877508684,0.9999999999999
16500,9997826549744.0,10007899,20,200.0,5000,86382,118673159,101915481027.0,24,4,79602,70,44,3,0,432,6,2000,1704,400.0,16500,9.99999000001e-07,0.9995875605166783,0.4736842105263158,0.999000999000999,0.9987246189611118,0.8249222444366034,0.0009987840998114906,9.99999000001e-07,0.999899720189244,0.0013497489751768954,0.9925535230644342,0.7099510335683744,0.9999989999962999,0.9937054128874168,0.12957374743707364,0.9798553344832592,0.792422011279872,0.9999999651497778,0.9999949877469154,0.9999999999999
16600,9997802321000.0,19974685,17,200.0,13021,317,118482321,101926918507.0,12,2000,46995,13488,0,5,4,867,333,1778,2000,200.0,16600,9.99999000001e-07,0.9996077657471295,0.4736842105263158,0.999000999000999,0.998724491331572,0.8241474401815475,0.0009987806720541301,9.99999000001e-07,0.9998978529194402,0.006565345819721688,0.9883302583226192,0.994090731067849,0.9999989518675572,0.9937068069786322,0.7184957631100681,0.9847451916083321,0.9866618568334815,0.999999949896021,0.9999978102019478,0.9999999999999
16700,9997798211424.0,9926234,24,200.0,10014,53894,118761348,101937970295.0,101887,2000,1,3268,0,548,129,350,293,0,0,200.0,16700,9.99999000001e-07,0.9995953415721789,0.4736842105263158,0.999000999000999,0.9987250807220704,0.8250276586820987,0.0009987802615063547,9.99999000001e-07,0.9998982935901977,0.006555941106353571,0.9409399076691641,0.8946608228933162,0.9999989999978,0.9937167031595502,0.9692078761587727,0.9777736992206921,0.9769990617929518,0.9999999498959427,0.9999949877336448,0.9999999999999
16800,9997783984036.0,10029273,19,200.0,17,17777,118731101,101949049364.0,101676,35,1,0,0,1010,96,0,0,0,0,199.0,16800,9.99999000001e-07,0.9995991121826148,0.4736842105263158,0.999000999000999,0.9987240151178666,0.05851509721471172,0.0009987798517594763,9.99999000001e-07,0.9999014487623246,0.0013396894013261481,0.9771989220087243,0.9939423021122624,0.999999,0.9937246938929182,0.9771297022023494,0.9728377254512576,0.9526434018003322,0.9999999498959338,0.9999949877382048,0.9999999999999
16900,9997769935799.0,9940825,20,200.0,8019,38732,118545315,101960082687.0,11,2000,9,13435,37858,406,1,617,1,2000,0,199.0,16900,9.99999000001e-07,0.9996028045667672,0.4736842105263158,0.999000999000999,0.9987231091966848,0.8248562129237278,0.0009987774396028259,9.99999000001e-07,0.999900811599171,0.006487553659168549,0.9885237556005168,0.997854422137399,0.9999989749474071,0.9936746684869241,0.9434947930054898,0.9896221646192214,0.7604796398337804,0.9999999892596267,0.9999949877507117,0.9999999999999
17000,9997755959025.0,10006128,19,200.0,16012,393,118524504,101971325007.0,204176,34,29018,14263,35,1,0,440,17,2000,2000,0.0,17000,9.99999000001e-07,0.9996061311484493,0.4736842105263158,0.999000999000999,0.9987237569337204,0.0012247273416838935,0.0009987760451239506,9.99999000001e-07,0.9999019710869602,0.0013354315414352018,0.9859368701366917,0.9974051613827772,0.9999989922543663,0.9937324158729078,0.1676239148069219,0.9885218990976977,0.7803240000338091,0.999999986170828,0.9999960085474615,0.9999999999999
17100,9997741689066.0,9950433,24,200.0,12,22282,118689111,101982258460.0,204422,2000,83,13200,12939,400,2,2,7,2000,947,200.0,17100,9.99999000001e-07,0.9996096690701385,0.4736842105263158,0.999000999000999,0.9987246152107927,0.8248052632714322,0.0009987756306876507,9.99999000001e-07,0.9998977683756489,0.006482892303281327,0.9669508767918326,0.9801675614101919,0.9999989999981,0.9937581222394873,0.9409416489254384,0.9229012187074951,0.7952610586017231,0.9999999746818197,0.9999949877445116,0.9999999999999
17200,9997727773871.0,9953358,23,200.0,8006,25248,118695960,101993541804.0,101777,3,101,7466,0,224,298,0,0,2000,0,200.0,17200,9.99999000001e-07,0.9996128906724754,0.4736842105263158,0.999000999000999,0.9987249425003294,0.8246430442852976,0.0009987732325728884,9.99999000001e-07,0.9999013131470034,0.0013297481795307236,0.9667237994862005,0.9961562924771171,0.9999989999914999,0.9937312597116847,0.9692099242566853,0.9550811924554038,0.9485269160428235,0.9999999709608735,0.9999949877434186,0.9999999999999
17300,9997713589474.0,31885,19,200.0,14000,8,118738502,102004492638.0,204688,0,9,10,456,796,4,0,338,48,292,200.0,17300,9.99999000001e-07,0.9996011923312396,0.4736842105263158,0.999000999000999,0.9987250531970714,0.032407225769391645,0.0009987718170511987,9.99999000001e-07,0.9998928819636365,0.0013259704416344398,0.030059710021448107,0.9765787057263915,0.999998999994,0.9937569098095161,0.9466056926782853,0.9091852889285937,0.9825199292145392,0.9999999498960774,0.999994987723531,0.9999999999999
17400,9997699343029.0,6567,22,200.0,24018,3463,118539035,102015480838.0,102102,6,20,0,0,530,140,5,0,2000,1778,200.0,17400,9.99999000001e-07,0.9996047437719684,0.4736842105263158,0.999000999000999,0.9987253037881917,0.057574589841787385,0.000998771404479265,9.99999000001e-07,0.9998998593424324,0.0013223960456153496,0.9774509702952661,0.9945189302577019,0.9999989818904788,0.9937311038205122,0.9461508216898584,0.9752142018078231,0.019198600782161814,0.9999999854032988,0.9999949877670139,0.9999999999999
17500,9997684967557.0,10033194,26,200.0,19,18945,118535065,102026245784.0,203233,37,0,26433,4,800,3,660,0,56,0,0.0,17500,9.99999000001e-07,0.9996233950603893,0.4736842105263158,0.999000999000999,0.9987249252731021,0.030145736294578212,0.0009987699698524905,9.99999000001e-07,0.9998930331758674,0.0013173838314861756,0.9400702850495065,0.9920477880863937,0.9999989732209873,0.993758542508437,0.946364300799829,0.9846202127246227,0.9384020848184064,0.9999999498959192,0.9999949877498414,0.9999999999999
17600,9997670707210.0,9971184,19,201.0,19005,39378,118560670,102037444467.0,102385,2000,6,100,98,550,128,10,0,1500,36,0.0,17600,9.99999000001e-07,0.9996269622717102,0.4736842105263158,0.999000999000999,0.9987270159361801,0.8251753150202971,0.0009987675368620709,9.99999000001e-07,0.9999016716507668,0.0063922875655660506,0.9850330377063767,0.9896682671799738,0.9999989999936,0.9937539107603399,0.9691717417414638,0.9577978503040677,0.8708231752186895,0.9999999498962849,0.999994987763803,0.9999999999999
17700,9997656638827.0,9948393,23,201.0,16,1882,118374977,102048583272.0,101743,3,78,13392,18935,403,1,334,0,102,2000,200.0,17700,9.99999000001e-07,0.9996299666491532,0.4736842105263158,0.999000999000999,0.9987253559132501,0.005076382941293486,0.000998766132308223,9.99999000001e-07,0.9999009278797566,0.0013090145244062227,0.22473882559708,0.997129615822023,0.9999989801441199,0.9937450739180124,0.9377411743342582,0.9848407258977554,0.8330173371836863,0.9999999498958416,0.9999970743448859,0.9999999999999
17800,9997632486817.0,19932138,18,201.0,16,32300,118542386,102059867465.0,203504,2000,0,24566,0,744,27,0,0,0,72,0.0,17800,9.99999000001e-07,0.9996460034715873,0.4736842105263158,0.999000999000999,0.9987267728959911,0.8243556267308753,0.0009987647322340103,9.99999000001e-07,0.999902387046683,0.006382220736400916,0.9747009984468914,0.9943810534785369,0.999998999275876,0.9937338148894811,0.9691521821934554,0.9744368040022038,0.8474838579568277,0.9999999498961143,0.9999949877665474,0.9999999999999
17900,9997628492501.0,10029304,24,200.0,13000,2401,118638663,102071064980.0,102122,32,0,0,13419,0,0,0,0,64,1039,400.0,17900,9.99999000001e-07,0.9996360496623629,0.4736842105263158,0.999000999000999,0.998724897087978,0.0033584210631981966,0.0009987633241266634,9.99999000001e-07,0.9999013040498501,0.0013039818204669215,0.9652036029025768,0.9967446963454434,0.999998990870099,0.9937483196967253,0.9649909495121862,0.9838180834179786,0.611947249891549,0.9999999498958397,0.9999949877498869,0.9999999999999
18000,9997604371738.0,19953427,16,200.0,10027,20133,118394866,102082011939.0,205141,2000,104,16001,16103,498,4,730,17,78,0,200.0,18000,9.99999000001e-07,0.9996514770793465,0.4736842105263158,0.999000999000999,0.9987260767948943,0.8993890082782191,0.0009987619263022416,9.99999000001e-07,0.9998931413410933,0.006351694037715883,0.9648445423607508,0.9980386287236911,0.9999989701771542,0.9937136916083773,0.9556383023297568,0.9885529201989123,0.9752645336924297,0.9999999498958749,0.9999949877709303,0.9999999999999
18100,9997600300924.0,6722,24,200.0,9003,0,118532128,102093411358.0,102544,17,37231,0,0,800,0,0,0,24,213,400.0,18100,9.99999000001e-07,0.999628482383229,0.4736842105263158,0.999000999000999,0.9987260095237047,0.021664381411912053,0.000998761519431495,9.99999000001e-07,0.9999013979211132,0.0012993883380210914,0.9871983345539064,0.9968432897000038,0.9999989978654534,0.9937374410721495,0.8812657202152766,0.983997544338244,0.9708749356884883,0.9999999498960496,0.9999949877654393,0.9999999999999
18200,9997586367182.0,9941977,20,200.0,18016,36231,118392073,102104045765.0,204642,0,7701,106,0,803,0,0,5,6,308,0.0,18200,9.99999000001e-07,0.9996446069573114,0.4736842105263158,0.999000999000999,0.998726929850729,0.8244585855406223,0.0009987601113586701,9.99999000001e-07,0.9998929212256793,0.0012967496500148102,0.9328294072140555,0.9970986914156094,0.9999989969061577,0.99375767812155,0.9693257320230951,0.9849983722190526,0.36952918568951343,0.9999999498960183,0.9999949877890535,0.9999999999999
18300,9997562409465.0,19903521,24,200.0,24015,60,118689879,102115536400.0,22,2000,13000,30361,0,411,0,480,126,2000,1896,200.0,18300,9.99999000001e-07,0.9996591453741741,0.4736842105263158,0.999000999000999,0.9987246220190097,0.8224365522483852,0.0009987577384951178,9.99999000001e-07,0.9998931980166444,0.00624787887044836,0.9866198398749484,0.995579459468706,0.999999000001,0.9937395023275997,0.9472331887341858,0.9856925803941624,0.9793505407386508,0.9999999870128874,0.9999949877622978,0.9999999999999
18400,9997558281741.0,3533,21,200.0,34,292,118444290,102126241200.0,204141,3,233,22585,22508,3,0,499,124,2000,39,200.0,18400,9.99999000001e-07,0.9996374197088154,0.4736842105263158,0.999000999000999,0.998724825136318,0.8241554307433764,0.0009987563172420499,9.99999000001e-07,0.9999019622933255,0.0012925693994604078,0.30976038217749735,0.9971304838018448,0.9999989798360515,0.9936323195724805,0.8928347207658118,0.9881708786966179,0.9826357785881676,0.9999999873803443,0.9999949877641007,0.9999999999999
18500,9997534240731.0,19972701,22,200.0,12007,21478,118568647,102137358669.0,15,2000,58623,7164,7138,800,38,661,0,92,2000,200.0,18500,9.99999000001e-07,0.9996644390171184,0.4736842105263158,0.999000999000999,0.9987253968027426,0.8993720889953425,0.000998755910243554,9.99999000001e-07,0.999891153287519,0.012228854957230724,0.987231549036355,0.9971729238361227,0.9999989731342132,0.9937399639581159,0.9468146515559549,0.9888439801915964,0.8347265600966258,0.9999999498957787,0.9999962672072468,0.9999999999999
18600,9997529942004.0,9987353,18,200.0,8009,25499,118254916,102148046473.0,102046,19,31,26466,0,0,0,330,1,2000,0,401.0,18600,9.99999000001e-07,0.9996555989521158,0.4736842105263158,0.999000999000999,0.9987253904711662,0.8247466956744757,0.0009987544981309947,9.99999000001e-07,0.9998957112176873,0.001286587604001064,0.9874832747978973,0.9984357854308297,0.9999989999962,0.9936816948249666,0.7936441809642786,0.9909629946890062,0.8135681202813414,0.9999999831285136,0.9999949878094567,0.9999999999999
18700,9997515808234.0,9974166,16,200.0,22012,162,118325509,102159262273.0,203680,2000,100,0,280,0,0,0,1,0,16,400.0,18700,9.99999000001e-07,0.9996582734268995,0.4736842105263158,0.999000999000999,0.9987249057845523,0.8241460821214261,0.0009987520925721228,9.99999000001e-07,0.999902160109111,0.006266844437651601,0.966522842950145,0.998613445284746,0.999998999999,0.9937348194922612,0.25756616881132793,0.9909530220233587,0.09044773867406034,0.9999999498955241,0.9999949877815761,0.9999999999999
18800,9997492023415.0,19912998,23,200.0,11,508,118385522,102170452576.0,204478,2000,9700,18062,0,801,101,233,264,2000,933,200.0,18800,9.99999000001e-07,0.9996718435339994,0.4736842105263158,0.999000999000999,0.9987269749684569,0.0032407023903316123,0.0009987497044420728,9.99999000001e-07,0.9998927027574533,0.012125623873498354,0.9282234274364095,0.9925441964672872,0.9999989905831502,0.9937453427649765,0.9467009301314583,0.9779875056391073,0.9827195270630301,0.999999988921831,0.999994987789988,0.9999999999999
18900,9997487905571.0,1215,24,200.0,8010,0,118347618,102181284165.0,204292,23,50,10266,10250,0,0,578,238,72,0,200.0,18900,9.99999000001e-07,0.9996514577210949,0.4736842105263158,0.999000999000999,0.9987249388066001,0.03816090246147511,0.0009987503029627342,9.99999000001e-07,0.9998956803529175,0.0012799753555007452,0.9861791527830189,0.9982874789183971,0.9999989765790107,0.9936602459700188,0.8485231271610882,0.9896067595963607,0.9614073707021302,0.9999999498958053,0.9999949877804195,0.9999999999999
19000,9997473931738.0,27336,25,200.0,12009,8,118649115,102192885374.0,8,2000,12042,2558,0,800,3,320,0,2000,1256,0.0,19000,9.99999000001e-07,0.9996542203488711,0.4736842105263158,0.999000999000999,0.9987263552010888,0.054442317157903264,0.0009987478984383727,9.99999000001e-07,0.9998949418051141,0.006236084631781685,0.9871647833474761,0.956952647067496,0.9999989872769579,0.9937344538367785,0.955112569693588,0.979800284908486,0.9660508670446698,0.9999999758693003,0.9999949877515815,0.9999999999999
19100,9997459867808.0,978,21,200.0,8000,404,118360891,102203906798.0,203941,0,3,19243,0,0,0,498,167,160,2000,0.0,19100,9.99999000001e-07,0.9996566941088688,0.4736842105263158,0.999000999000999,0.9987262605832974,0.0028551757994227937,0.0009987475046586258,9.99999000001e-07,0.9999020142153857,0.0012762931994862866,0.9862017761056864,0.9935656849343852,0.9999989655336502,0.9937567763572058,0.9154903340531869,0.9831991562196885,0.9322619106607978,0.9999999498960044,0.9999969864871329,0.9999999999999
19200,9997446028464.0,10013293,17,200.0,19018,20646,118483770,102215159886.0,11,2000,26,0,0,0,0,385,0,104,1508,400.0,19200,9.99999000001e-07,0.9996702993425792,0.4736842105263158,0.999000999000999,0.9987272330321489,0.06587826023913786,0.0009987451246374324,9.99999000001e-07,0.9999004502139076,0.006253456905035802,0.9770103208564751,0.9834608414634869,0.9999989846862254,0.9937369187517009,0.9530164862080558,0.9752727258469077,0.9562077769745476,0.9999999498962628,0.99999498776967,0.9999999999999
19300,9997431932501.0,9977035,21,200.0,19000,46098,118354556,102225944564.0,22,2000,0,0,60,394,3,3,0,0,928,400.0,19300,9.99999000001e-07,0.9996727058492423,0.4736842105263158,0.999000999000999,0.9987276504166546,0.8247821674612523,0.0009987437214371137,9.99999000001e-07,0.9999008630663172,0.006210092537865332,0.9884644135830658,0.9943172911192555,0.9999989999958,0.9937552902152448,0.9461423629753147,0.9741601804220159,0.9738011995664813,0.9999999498963544,0.99999498779468,0.9999999999999
19400,9997418018975.0,3236,20,201.0,10015,37886,118355143,102236940491.0,204847,0,4,0,2076,0,0,0,0,88,2000,399.0,19400,9.99999000001e-07,0.9996641671004565,0.4736842105263158,0.999000999000999,0.9987251462699263,0.8240907132090074,0.0009987423192426793,9.99999000001e-07,0.999902146111903,0.0012706234766399695,0.925409624136128,0.998465486438066,0.9999989968228377,0.9937345074414068,0.6654283411626795,0.9903520512396001,0.740580005907417,0.9999999498955017,0.9999956715207322,0.9999999999999
19500,9997403927254.0,10017575,21,200.0,13010,1680,118386386,102248232460.0,102499,3,364,152,13782,0,0,246,0,2000,1861,0.0,19500,9.99999000001e-07,0.9996773148516921,0.4736842105263158,0.999000999000999,0.9987261314936903,0.057322815682331066,0.000998741921912431,9.99999000001e-07,0.9998980473207244,0.0012690299217625006,0.3713149481851566,0.9957312821091044,0.999998982457672,0.9936842379264764,0.8823235895800845,0.9796226725060403,0.9511549829934434,0.9999999797269337,0.9999949877899535,0.9999999999999
19600,9997390137599.0,9977387,19,200.0,24,1635,118478199,102259412730.0,102596,3,43,0,0,1054,7,68,0,22,1060,399.0,19600,9.99999000001e-07,0.9996794358244898,0.4736842105263158,0.999000999000999,0.9987263443467397,0.03603318748282782,0.0009987395358817324,9.99999000001e-07,0.9999011638744473,0.0012683314521469613,0.9469839333979466,0.9960593107440204,0.9999989999955999,0.9937345890410084,0.9234779342206837,0.9819714515270794,0.9692777188027869,0.9999999498960936,0.9999949877743332,0.9999999999999
19700,9997365949736.0,19976166,20,200.0,9012,13955,118522925,102270413887.0,102607,23,9,26569,0,800,0,0,3,2000,221,400.0,19700,9.99999000001e-07,0.9996916779316759,0.4736842105263158,0.999000999000999,0.9987263933086953,0.8241299406127014,0.0009987371219167044,9.99999000001e-07,0.9998948309849793,0.0012646014870610124,0.47977676692384985,0.9965375177886813,0.9999989977822926,0.9937331333580983,0.5556059429566373,0.9827672356252185,0.9112429508726887,0.9999999873490489,0.9999949877549985,0.9999999999999
19800,9997351803728.0,20009593,23,200.0,8,3059,118533003,102281410672.0,103139,6,2,0,0,324,43,0,58,0,1364,200.0,19800,9.99999000001e-07,0.9996938535425779,0.4736842105263158,0.999000999000999,0.9987262946346106,0.051937577544241574,0.0009987377066339943,9.99999000001e-07,0.9999013919317695,0.0012607288801436182,0.9725773778567579,0.9947712113265477,0.9999989861649021,0.9937318817561369,0.9461345081505064,0.9758928009838005,0.9479059580729176,0.9999999498961156,0.9999949877706695,0.9999999999999
19900,9997347643007.0,9993822,22,200.0,24008,2461,118476398,102292356262.0,22,2000,12602,0,28380,130,7,0,0,1740,301,200.0,19900,9.99999000001e-07,0.9996864878495356,0.4736842105263158,0.999000999000999,0.998726305212282,0.0030290719022307024,0.0009987362922012253,9.99999000001e-07,0.999899557651899,0.0061426906154830145,0.9889003756458166,0.9954615307667546,0.9999989999944,0.9937439438760737,0.946583793270037,0.985197060821767,0.6085042372651909,0.9999999498961077,0.9999949877632023,0.9999999999999
20000,9997333500796.0,16024,27,200.0,5019,3,118346864,102303190663.0,102362,0,750,16052,0,399,0,335,0,62,696,0.0,20000,9.99999000001e-07,0.9996787677138886,0.4736842105263158,0.999000999000999,0.9987265716469113,0.009880792143490953,0.0009987338840436641,9.99999000001e-07,0.9999009516466739,0.0012538592999030236,0.8999408566605751,0.9962619286911897,0.9999989866204512,0.9937319539692148,0.9459515133528131,0.9854443179331253,0.8085725084636878,0.9999999498960782,0.9999949877900632,0.9999999999999
20100,9997309476292.0,20028812,18,200.0,13039,2972,118498086,102314070309.0,26,2000,2,29,29,0,200,528,1,2000,251,200.0,20100,9.99999000001e-07,0.9997001345460308,0.4736842105263158,0.999000999000999,0.9987270583411249,0.07817101567770585,0.0009987314861900783,9.99999000001e-07,0.9998915579725115,0.011901350197910283,0.9811158798677789,0.9945711227037335,0.999998978585222,0.9936598317902561,0.9796432487921485,0.9847817398691288,0.9785882239750249,0.9999999879000981,0.9999949877591883,0.9999999999999
20200,9997295293424.0,19945811,20,200.0,7018,36500,118544766,102325177445.0,101967,2000,3,13,12,405,2,0,0,106,0,200.0,20200,9.99999000001e-07,0.9997021439502725,0.4736842105263158,0.999000999000999,0.9987275268064105,0.8243224778707295,0.000998731080178887,9.99999000001e-07,0.9999015568392107,0.011834691290551813,0.981481185634374,0.9483335594860962,0.9999989999929,0.9937394403799364,0.4536727919140637,0.8744558165173124,0.9486475255079749,0.9999999498964192,0.9999949877640315,0.9999999999999
20300,9997291176662.0,9907896,21,200.0,9015,58400,118230168,102336016855.0,23,2000,9,8587,15489,256,47,338,1,116,2000,200.0,20300,9.99999000001e-07,0.9996951473803892,0.4736842105263158,0.999000999000999,0.9987281103075608,0.8242013525630528,0.0009987306693085161,9.99999000001e-07,0.9998990334268014,0.006033290394362036,0.14083776238272766,0.9953359441722284,0.9999989730512209,0.9937212655295017,0.9460901069923638,0.9774854083595662,0.9782041147130094,0.9999999498962197,0.9999963895759757,0.9999999999999
20400,9997276959365.0,5778,24,200.0,8,9472,118506257,102347080699.0,102697,2000,11,0,0,484,5,5,0,2000,1594,200.0,20400,9.99999000001e-07,0.999687919975841,0.4736842105263158,0.999000999000999,0.9987247417377186,0.8236140253598793,0.0009987292504956891,9.99999000001e-07,0.9999011133646276,0.0060561916596263655,0.8873242223694688,0.9975383655789916,0.9999989997978591,0.9937475958247824,0.8191496341170156,0.9867264020271227,0.619906153685445,0.9999999498960461,0.9999949877781377,0.9999999999999
20500,9997262861258.0,9939556,28,200.0,19011,144,118136114,102358080610.0,22,2000,8,23733,0,718,42,8,0,4,2000,400.0,20500,9.99999000001e-07,0.9996993752199371,0.4736842105263158,0.999000999000999,0.9987267352839869,0.8230661980611581,0.0009987268517203253,9.99999000001e-07,0.9999000091191683,0.006070223148437608,0.8985928826089007,0.9977654425691725,0.9999989722275324,0.9937282031154798,0.9692067775299318,0.9876100382765112,0.0009939308472674394,0.9999999498959955,0.9999963305723713,0.9999999999999
20600,9997249073738.0,5909,21,200.0,9000,1,118487602,102369055878.0,204628,5,50400,6,34,508,156,119,8,2000,0,200.0,20600,9.99999000001e-07,0.9996921049524189,0.4736842105263158,0.999000999000999,0.9987270292199728,0.0021269802456644385,0.0009987254579113685,9.99999000001e-07,0.9998987490751994,0.0012371385502941681,0.9829299856231932,0.9945992461330792,0.9999989999969,0.9937434635521046,0.969245167941998,0.9773591915891641,0.9478396140985259,0.9999999813365728,0.9999949877596935,0.9999999999999
20700,9997234948531.0,9977912,23,200.0,11,25761,118349168,102379837167.0,204282,2000,158,3,13686,1,400,169,0,2000,0,400.0,20700,9.99999000001e-07,0.9997033161352422,0.4736842105263158,0.999000999000999,0.9987248253929347,0.8236004684454039,0.0009987240485050096,9.99999000001e-07,0.9998975400912815,0.006023052564418109,0.9635987675704394,0.9984509008811965,0.9999989999988,0.9937103308782703,0.9741261574502842,0.9905910410349652,0.957716586432466,0.9999999750817808,0.9999949877777919,0.9999999999999
20800,9997210988819.0,19963139,20,200.0,11010,13796,118317149,102391156462.0,102673,2000,302,466,466,3,1,164,397,58,640,400.0,20800,9.99999000001e-07,0.9997135546213827,0.4736842105263158,0.999000999000999,0.998725534877225,0.031220001539897672,0.0009987226665577164,9.99999000001e-07,0.9999013046732632,0.00602728799923932,0.9715871090500385,0.9983117955093473,0.9999989999937,0.9937371437139537,0.3174008594224845,0.9900942821302133,0.9749914026576357,0.9999999498957567,0.9999949878002634,0.9999999999999
20900,9997196903779.0,19933780,23,200.0,12,34849,118415595,102402223210.0,102112,2000,83,0,5139,400,0,0,0,1586,810,200.0,20900,9.99999000001e-07,0.9997153870055645,0.4736842105263158,0.999000999000999,0.9987277063481086,0.8242879567595507,0.0009987212608901703,9.99999000001e-07,0.9999018161556606,0.011657059858046465,0.980344450871689,0.996447338499884,0.9999989923547943,0.9937425758618045,0.7487640910127917,0.9824154773405392,0.8546201920206276,0.9999999498963309,0.9999949877855664,0.9999999999999
21000,9997192794741.0,2799,23,200.0,12019,1477,118453521,102413378484.0,102600,24,371,13268,11378,401,1,0,2,0,1455,200.0,21000,9.99999000001e-07,0.9997002963484691,0.4736842105263158,0.999000999000999,0.9987260994439183,0.0556395413554226,0.0009987208507199906,9.99999000001e-07,0.9998972715846526,0.0012270070210023726,0.9850758950980703,0.9938608809094186,0.999998986402899,0.9937529520952114,0.943889283288442,0.9723786601787803,0.9831618091696291,0.9999999498961065,0.9999949877797556,0.9999999999999
21100,9997168792066.0,19962154,23,200.0,36,14129,118356240,102423985911.0,204211,2000,11,227,0,1,4,0,265,804,1245,400.0,21100,9.99999000001e-07,0.9997189695476638,0.4736842105263158,0.999000999000999,0.9987265823063537,0.898703795625556,0.0009987184553387964,9.99999000001e-07,0.9999022216511967,0.011619697697818036,0.40812044951826487,0.996741966171639,0.999998987393351,0.9937535541986926,0.9692086503610973,0.9835753943243684,0.9707246793701354,0.9999999498962272,0.9999949877944666,0.9999999999999
21200,9997164689354.0,47712,25,200.0,31,4,118548912,102435052878.0,102486,47,0,0,1,0,0,0,0,136,1617,401.0,21200,9.99999000001e-07,0.9997042806639571,0.4736842105263158,0.999000999000999,0.9987265668570323,0.039859534016046964,0.0009987180458738037,9.99999000001e-07,0.9999014603380817,0.001221796935618508,0.9772480416951961,0.9933051230562294,0.9999990000007,0.9937365988990425,0.9412987093727538,0.9702632429398553,0.0,0.9999999498961661,0.9999949877720795,0.9999999999999
21300,9997151076170.0,218,19,200.0,11021,112354,118510026,102446168444.0,206237,2000,41442,4956,0,4,0,151,26,2000,588,200.0,21300,9.99999000001e-07,0.9997058945496672,0.4736842105263158,0.999000999000999,0.9987253007514967,0.8238636871519986,0.0009987156774291116,9.99999000001e-07,0.9999001724919512,0.00597018931083167,0.981929239319455,0.9968536569767925,0.9999989999996,0.9937092916683234,0.16556467976468076,0.9854469674535905,0.9676111141686173,0.9999999733850685,0.9999949877657709,0.9999999999999
21400,9997136897254.0,5119,21,200.0,8000,39248,118455872,102457609720.0,7,5,82,24,35651,6,0,5,5,26,1057,400.0,21400,9.99999000001e-07,0.999707818310147,0.4736842105263158,0.999000999000999,0.9987259443365573,0.8239231341833557,0.000998715272239364,9.99999000001e-07,0.9998999941496578,0.0012203693366345679,0.37561541840034246,0.9955318368370452,0.9999989931458403,0.9937330321989404,0.940832377712057,0.9788376973279843,0.8697613513666261,0.9999999498960642,0.9999949877795661,0.9999999999999
21500,9997122758646.0,9846539,19,200.0,21020,50855,118462026,102468347908.0,204131,2000,56415,0,0,662,1,69,0,2000,1716,0.0,21500,9.99999000001e-07,0.9997179304390456,0.4736842105263158,0.999000999000999,0.9987269748853945,0.8227261583913242,0.0009987128513473755,9.99999000001e-07,0.999895112735978,0.00588540706997057,0.9846175150277817,0.9966308138023432,0.9999989825409108,0.993762854614883,0.9644264769062985,0.9839462737544027,0.8940909015026932,0.9999999848039842,0.9999949877865932,0.9999999999999
21600,9997108643812.0,5295,24,200.0,22011,65577,118371772,102479632119.0,101756,5,0,2,13198,0,193,4,1,10,1461,200.0,21600,9.99999000001e-07,0.9997116950380228,0.4736842105263158,0.999000999000999,0.9987265549357863,0.8242683042511493,0.0009987124520254877,9.99999000001e-07,0.9999015779418058,0.0012134958413062683,0.982188249008042,0.9960095843409591,0.9999989999951999,0.9937515825829386,0.9461375861212886,0.9807222635000057,0.8024790287375297,0.9999999498961679,0.9999949877921911,0.9999999999999
21700,9997094432397.0,2806,20,200.0,15019,54402,118318440,102490382775.0,13,0,526,19,10335,800,0,2,0,8,840,400.0,21700,9.99999000001e-07,0.9997136600828377,0.4736842105263158,0.999000999000999,0.9987253311281704,0.8239744119562533,0.0009987110342468402,9.99999000001e-07,0.999899992809483,0.0012092050750580046,0.9870601813061883,0.9985226824000155,0.9999989999989,0.9937451159121982,0.8339240101252654,0.9905607926024161,0.05239979288407933,0.9999999498956351,0.9999949877949731,0.9999999999999
21800,9997070618505.0,19921494,26,200.0,17,2699,118439630,102501434850.0,205167,5,241,3,3,802,0,0,0,172,2000,401.0,21800,9.99999000001e-07,0.9997307009284457,0.4736842105263158,0.999000999000999,0.9987275950350176,0.005028548003132631,0.0009987096359092983,9.99999000001e-07,0.9999022132180153,0.001207417927521111,0.9505735922950886,0.9884780402750498,0.9999989898910314,0.9937353032329683,0.35003100460717124,0.9519851877026818,0.7022155540538988,0.9999999498962554,0.9999966554244388,0.9999999999999
21900,9997056576708.0,19938295,21,200.0,22011,54335,118571463,102512707913.0,24,5,262,39,32346,1,4,743,0,1054,2000,200.0,21900,9.99999000001e-07,0.9997323011343362,0.4736842105263158,0.999000999000999,0.9987261481057047,0.8986033898503535,0.0009987082361119723,9.99999000001e-07,0.9998893755626636,0.00120542217464303,0.9394590332504913,0.9906849878487811,0.9999989999966,0.9937348499869151,0.9374503135814849,0.9825672269577035,0.8403797316258056,0.9999999498961593,0.9999968936104479,0.9999999999999
22000,9997052612481.0,9912741,21,200.0,12,49659,118472846,102523729730.0,102338,2,366,4904,351,148,0,136,0,1546,730,400.0,22000,9.99999000001e-07,0.9997265429118202,0.4736842105263158,0.999000999000999,0.9987267661066308,0.8234878601065264,0.0009987058515793163,9.99999000001e-07,0.9998994074090467,0.0012033611076394893,0.6462150368743641,0.8821751179785629,0.9999989926744263,0.9937321599005687,0.34917463303721924,0.9319883625198969,0.8931523605421299,0.9999999498963181,0.9999949877770424,0.9999999999999
22100,9997038729330.0,14777,28,200.0,6016,79968,118398468,102534557259.0,7,0,0,0,0,18,200,40,0,2000,133,400.0,22100,9.99999000001e-07,0.999720491228281,0.4736842105263158,0.999000999000999,0.9987250061134948,0.823455505029215,0.000998704465905028,9.99999000001e-07,0.9998979263534558,0.0012026130024342504,0.9620371505753307,0.998060473418374,0.9999989986645189,0.9937445005918832,0.956677290930609,0.9887412467249753,0.7198672025937141,0.9999999565684322,0.9999949877723865,0.9999999999999
22200,9997024573857.0,10014452,23,200.0,8012,1387,118469966,102545758303.0,102343,16,15283,0,400,400,106,175,27,2000,148,200.0,22200,9.99999000001e-07,0.9997297014915715,0.4736842105263158,0.999000999000999,0.9987266036221805,0.007402398009301836,0.000998704062266269,9.99999000001e-07,0.9998986954609286,0.0012012175792193022,0.9750632565604256,0.9967596640293327,0.9999989985528087,0.9937332961592501,0.946349420096613,0.9875457978901454,0.8445487379228105,0.9999999755652144,0.9999949877773654,0.9999999999999
22300,9997010526183.0,9996651,19,200.0,15,21496,118342890,102556484615.0,102942,2,0,0,0,400,1,504,26,1898,2000,200.0,22300,9.99999000001e-07,0.9997313089497585,0.4736842105263158,0.999000999000999,0.9987274171977267,0.8234585163685194,0.0009987016629356945,9.99999000001e-07,0.9998987948183352,0.0011986378380747509,0.9934368638101894,0.9946111887287357,0.9999989994381845,0.9937183413374295,0.9227044749653448,0.9796285802800356,0.9317477936934662,0.9999999498964466,0.9999951245732245,0.9999999999999
22400,9996996809521.0,10000157,25,200.0,15,1345,118394690,102567931332.0,103029,2,8191,10,0,328,33,0,0,72,2000,0.0,22400,9.99999000001e-07,0.9997327507534939,0.4736842105263158,0.999000999000999,0.9987261347520411,0.0531814087200354,0.0009987012795948293,9.99999000001e-07,0.9999011192216422,0.0011980751760120307,0.969881699463938,0.9977597606464561,0.9999989954786495,0.9937415782819304,0.9452270457316486,0.9875483098328078,0.7056769749401004,0.999999949895846,0.9999959064930758,0.9999999999999
22500,9996982685236.0,10001502,16,200.0,30,1330,118334939,102578464149.0,203889,2,0,20,10800,279,66,340,27,2000,0,200.0,22500,9.99999000001e-07,0.9997343883230817,0.4736842105263158,0.999000999000999,0.9987242525049017,0.006074281860223248,0.0009986998698602585,9.99999000001e-07,0.999896150550132,0.0011953666930189946,0.9696883398933582,0.9982198847538338,0.9999989862500019,0.9937277429329248,0.9464691503784516,0.9904764963524205,0.8277092984267259,0.9999999834753635,0.9999949877799315,0.9999999999999
22600,9996958888285.0,19826391,20,200.0,9020,83434,118496934,102589627318.0,205174,4,500,4674,0,396,2,336,264,110,3,200.0,22600,9.99999000001e-07,0.9997425758588078,0.4736842105263158,0.999000999000999,0.9987270163308892,0.8982639163884937,0.0009986964967688653,9.99999000001e-07,0.9999017724763728,0.0011938301104700783,0.9602122230846658,0.9909884623566847,0.9999989999986,0.9937470478728716,0.9461472352907873,0.9780274974325378,0.9704812609248041,0.9999999498962331,0.9999949877556294,0.9999999999999
22700,9996954783128.0,9897546,24,201.0,12000,69980,118310007,102600368979.0,102498,2000,0,0,67,784,8,646,0,84,1,0.0,22700,9.99999000001e-07,0.999737347136953,0.4736842105263158,0.999000999000999,0.9987277568213269,0.8237805521315541,0.0009986960877590443,9.99999000001e-07,0.9999010342906286,0.005766591700930956,0.011853131746086695,0.9972715406842926,0.9999989999973,0.9937465652641871,0.9691461634960788,0.9856582600594039,0.9208091237733128,0.9999999498962175,0.9999949877977852,0.9999999999999
22800,9996940700470.0,10004168,20,200.0,20000,21293,118388913,102611292882.0,102829,5,0,0,0,548,129,126,0,0,220,0.0,22800,9.99999000001e-07,0.9997388941062488,0.4736842105263158,0.999000999000999,0.9987267680165878,0.03835292456360013,0.0009986956801424356,9.99999000001e-07,0.9998951707799032,0.0011894281601577512,0.9729016490852851,0.9967574960211798,0.9999989999978,0.9937490963400175,0.9692266584217798,0.9836538872058674,0.30687188059520815,0.9999999498961522,0.9999949877811162,0.9999999999999
22900,9996926825526.0,9991342,26,201.0,21,51,118247223,102622666612.0,4,2000,62626,155,6254,3,0,0,26,2000,2000,201.0,22900,9.99999000001e-07,0.9997402804220333,0.4736842105263158,0.999000999000999,0.9987277790912192,0.028632113815591546,0.000998694294323209,9.99999000001e-07,0.9998969591830594,0.005806077505519629,0.9894924452239529,0.9704779182890982,0.9999989677918011,0.9936955593173206,0.7567548774244899,0.9488848263949221,0.9556292262787457,0.9999999602137645,0.9999968460658111,0.9999999999999
23000,9996902785793.0,19906996,22,200.0,13011,31194,118491362,102633359110.0,205847,2000,11552,13331,13281,155,129,5,49,22,2000,201.0,23000,9.99999000001e-07,0.9997482663519016,0.4736842105263158,0.999000999000999,0.99872600998664,0.8232177277617637,0.0009986928846076805,9.99999000001e-07,0.9998992828434871,0.011218218082497271,0.9726199625510855,0.9961124855921609,0.9999989795059278,0.9937439815490747,0.9465002646698856,0.9804894193953978,0.7924009421114004,0.9999999498960987,0.9999953520620801,0.9999999999999
23100,9996898670171.0,20357,17,200.0,10000,11271,118475013,102644376147.0,102939,2000,0,51,0,14,201,83,18,1520,85,200.0,23100,9.99999000001e-07,0.9997365383027268,0.4736842105263158,0.999000999000999,0.9987272608278791,0.020703514208186495,0.0009986904876815423,9.99999000001e-07,0.9998996667430872,0.00577531663546663,0.1334016597126771,0.656994197063638,0.9999989999928,0.9937045803991835,0.9582584026863208,0.9485083033954943,0.9089154571696505,0.9999999498963663,0.999994987760162,0.9999999999999
23200,9996874596741.0,19975863,19,200.0,11000,1736,118401881,102655445062.0,102537,26,0,0,0,618,1,91,5,24,45,0.0,23200,9.99999000001e-07,0.9997511135744894,0.4736842105263158,0.999000999000999,0.9987284406114074,0.002419062781320971,0.0009986900781211176,9.99999000001e-07,0.9999002131845525,0.00118013337197728,0.9633265590977076,0.9854764901645947,0.9999990000001,0.9937361745167136,0.9623938314731458,0.9575455535215679,0.9204888033307534,0.9999999498964735,0.9999949877705526,0.9999999999999
23300,9996870257228.0,40846,21,200.0,18,3,118269479,102666029798.0,102765,0,33,0,0,0,68,0,0,490,125,400.0,23300,9.99999000001e-07,0.9997397430470611,0.4736842105263158,0.999000999000999,0.9987254211427821,0.037246563305413455,0.0009986886614108692,9.99999000001e-07,0.9999012789899182,0.0011752653412133332,0.9862870415646401,0.998590296564771,0.9999989999912999,0.9937359688376405,0.9692322985745874,0.9908753494957285,0.9701852134960175,0.9999999498955342,0.9999949877916009,0.9999999999999
23400,9996846482116.0,19951508,20,200.0,15,65,118359046,102677045171.0,205916,2000,31920,35,35,400,0,0,7,10,1242,200.0,23400,9.99999000001e-07,0.9997537852307666,0.4736842105263158,0.999000999000999,0.9987266469322341,0.0021371960267316135,0.0009986862886605503,9.99999000001e-07,0.9998980999305449,0.005724472118726345,0.9752883730190549,0.9954296639143947,0.9999989874243163,0.9937606873849091,0.9052590936253853,0.9784292309303624,0.7466409174876514,0.9999999498961335,0.9999949877940028,0.9999999999999
23500,9996842681287.0,10041018,22,200.0,11007,41459,117981339,102687777357.0,205683,2,956,25554,0,6,0,658,1,8,2000,400.0,23500,9.99999000001e-07,0.9997489264458883,0.4736842105263158,0.999000999000999,0.998725536077833,0.8232336539365092,0.0009986848999979853,9.99999000001e-07,0.9999020334524411,0.0011745947854674532,0.9869412258587534,0.998678497317622,0.9999989936355499,0.9936488267235237,0.0,0.9918532829744071,0.8757434761276197,0.9999999498955163,0.9999961891980691,0.9999999999999
23600,9996818666636.0,19975462,25,200.0,20000,22419,118320879,102699015681.0,205263,44,8474,237,236,2,0,260,230,44,1032,200.0,23600,9.99999000001e-07,0.9997563734246947,0.4736842105263158,0.999000999000999,0.9987269458568557,0.043125549475354914,0.0009986825029325874,9.99999000001e-07,0.9999020332508943,0.001172442801456121,0.9686296635400268,0.9970303233460792,0.9999989999951999,0.9937448559646151,0.2559224383460207,0.986763456938494,0.9608584154699201,0.9999999498961551,0.9999949877996932,0.9999999999999
23700,9996814475830.0,10018841,22,200.0,11018,22320,118364435,102710020731.0,102600,2000,0,0,0,798,2,2,333,2000,56,0.0,23700,9.99999000001e-07,0.9997516912760352,0.4736842105263158,0.999000999000999,0.9987270210297547,0.8230804268925249,0.0009986830944110168,9.99999000001e-07,0.9999014211326672,0.005726752583400612,0.9750309532389388,0.996333366010643,0.9999989999955999,0.9937377167794758,0.9692704580528003,0.982022498575419,0.982581410936362,0.9999999873334976,0.9999949877763384,0.9999999999999
23800,9996790387857.0,19943844,24,200.0,21011,49559,118302785,102720916149.0,102508,2000,1,26633,10,800,0,0,0,0,1,0.0,23800,9.99999000001e-07,0.9997590252420674,0.4736842105263158,0.999000999000999,0.9987273663685898,0.8981465321068816,0.0009986806904421195,9.99999000001e-07,0.9998918944279902,0.005696424425030957,0.9312542351323699,0.9977301234952033,0.9999989999916999,0.9937479701802594,0.8608921840298868,0.9875021509938909,0.8793036173254296,0.9999999498959906,0.9999949877847568,0.9999999999999
23900,9996776497944.0,19968884,23,200.0,18000,94,118432605,102731903182.0,102710,4,105,3,205,1,128,124,0,1992,623,200.0,23900,9.99999000001e-07,0.9997602887634428,0.4736842105263158,0.999000999000999,0.9987268407754545,0.002367449036938015,0.0009986802871111255,9.99999000001e-07,0.9998991773476504,0.001163889616402274,0.9282948132994494,0.9970321644300179,0.999998999998,0.9937231175504501,0.9461310330266111,0.9847754229874587,0.0,0.9999999498962179,0.9999949877776219,0.9999999999999
24000,9996762415794.0,19951033,19,200.0,9011,42466,118386096,102742857623.0,10,2000,6285,44,23731,406,119,334,42,78,1854,200.0,24000,9.99999000001e-07,0.9997615804176079,0.4736842105263158,0.999000999000999,0.9987252104677375,0.8980639695975543,0.0009986788792376727,9.99999000001e-07,0.9999000828013825,0.005677723967841924,0.9730493578114738,0.997975682841527,0.9999989999982,0.9937337696175164,0.9466802856161728,0.9884943685149906,0.8013034560025772,0.9999999498958045,0.9999949878027075,0.9999999999999
24100,9996758590624.0,9943598,19,200.0,15,38153,118349823,102753482852.0,204860,2000,100,0,0,1,0,0,0,78,725,400.0,24100,9.99999000001e-07,0.999756937063602,0.4736842105263158,0.999000999000999,0.9987262228772009,0.8232063336969091,0.0009986765078067682,9.99999000001e-07,0.9999024393004157,0.005683593459030536,0.9776369197013388,0.9969848554856097,0.9999989926957346,0.993748484458133,0.4737386850169894,0.9846122253790813,0.6110042638101321,0.9999999498960439,0.9999949877953728,0.9999999999999
24200,9996744602360.0,9962282,20,200.0,20006,41575,118472818,102764516308.0,102950,2000,306,4,21249,3,0,6,0,40,1776,200.0,24200,9.99999000001e-07,0.9997582158180406,0.4736842105263158,0.999000999000999,0.9987263469774679,0.8235243987412009,0.000998675111514538,9.99999000001e-07,0.9999012660165034,0.005662655101748159,0.9428653792310668,0.9957666614754669,0.9999989999933999,0.9937469716202504,0.9107535205575412,0.9797734714119193,0.8753139212657784,0.999999949896228,0.9999949877918572,0.9999999999999
24300,9996730760542.0,10022768,21,200.0,11011,9247,118534144,102775644216.0,103158,2000,2,0,0,141,140,0,0,0,1524,200.0,24300,9.99999000001e-07,0.9997593889256366,0.4736842105263158,0.999000999000999,0.9987266362436614,0.022738698310419494,0.0009986737301403625,9.99999000001e-07,0.9999010432515208,0.0056814346262840255,0.21192156513809218,0.9760581194176154,0.9999989845160016,0.9937159046820725,0.9462414933126593,0.9073944636016652,0.9734505214745571,0.9999999498963177,0.9999949877761991,0.9999999999999
24400,9996716578776.0,10023228,19,200.0,8,14610,118359643,102786360563.0,102693,2,0,39266,0,1182,2,0,0,2000,36,400.0,24400,9.99999000001e-07,0.9997606812436232,0.4736842105263158,0.999000999000999,0.998726918627684,0.04152395664183817,0.0009986733242700425,9.99999000001e-07,0.9998905089668777,0.0011563321514243899,0.9010075549917891,0.9974419805951562,0.9999989999968,0.9937461911793117,0.9454447098891466,0.9806897430774527,0.9390534322360525,0.9999999914072569,0.9999949877767598,0.9999999999999
24500,9996702410246.0,9984660,21,200.0,13010,18212,118453675,102797432486.0,102331,2000,537,35500,0,5,2,472,22,2000,2000,0.0,24500,9.99999000001e-07,0.9997620134514947,0.4736842105263158,0.999000999000999,0.9987275197654276,0.8230282214726018,0.0009986719102873904,9.99999000001e-07,0.9998883683380457,0.0056082632396526454,0.9781050864953804,0.9946724712455314,0.9999989994339799,0.9936962747724642,0.24840064399918957,0.9837301130202277,0.9396440368299679,0.9999999811205944,0.9999951255619866,0.9999999999999
24600,9996678307551.0,19991273,21,200.0,15000,13252,118308011,102808325671.0,102639,2000,15504,333,0,805,1,0,8,2000,1075,0.0,24600,9.99999000001e-07,0.9997687826955286,0.4736842105263158,0.999000999000999,0.9987287555651919,0.8977388070153286,0.000998669504741394,9.99999000001e-07,0.9998935876899686,0.0056077029347871045,0.9872916976052262,0.9635183536102562,0.9999989891273571,0.9937411632471855,0.6824058883017043,0.7659738038057525,0.9283840596621684,0.9999999880397872,0.9999949878015783,0.9999999999999
24700,9996674155329.0,9990378,17,200.0,14000,6605,118293615,102819408218.0,102884,2,1,5,0,0,0,2,0,6,2000,200.0,24700,9.99999000001e-07,0.9997646004000692,0.4736842105263158,0.999000999000999,0.998727380662865,0.8229619897476844,0.000998669090390335,9.99999000001e-07,0.999901189256466,0.0011451495410597966,0.9484380337700821,0.9921971764827457,0.9999989769840857,0.9937469230170538,0.9442622429111076,0.9661196084050767,0.8641002286094096,0.9999999498963369,0.99999555892391,0.9999999999999
24800,9996650334747.0,19946386,20,201.0,19016,5467,118555788,102830390603.0,102994,2000,116,174,30284,507,10,435,45,2000,1700,201.0,24800,9.99999000001e-07,0.9997711339080353,0.4736842105263158,0.999000999000999,0.9987266621473536,0.8221466474543085,0.0009986657039452451,9.99999000001e-07,0.999899838569823,0.010833277239658422,0.952145103486882,0.8062942954436717,0.9999989999930999,0.9937319246363611,0.956960451605977,0.9760647755425835,0.9513242104865778,0.9999999842175077,0.999994987777993,0.9999999999999
24900,9996645925737.0,9966232,24,200.0,23000,134,118586395,102841320140.0,32,2,20,3942,3889,6,0,13,2,112,2000,0.0,24900,9.99999000001e-07,0.9997671044131748,0.4736842105263158,0.999000999000999,0.9987269202589039,0.0011086338307535882,0.000998666273136576,9.99999000001e-07,0.9998999669090535,0.0011380528861877172,0.3974871244723808,0.9846097119545307,0.9999989998578798,0.9937323848694578,0.8724465101758665,0.9406142476149808,0.3013335624473484,0.999999949896338,0.9999950232926962,0.9999999999999
25000,9996631906580.0,28553,18,200.0,15,2,118256304,102852088071.0,205686,0,2,1,189,0,0,0,0,84,2000,401.0,25000,9.99999000001e-07,0.9997628313498923,0.4736842105263158,0.999000999000999,0.9987282380641943,0.02330051881588618,0.0009986648738636794,9.99999000001e-07,0.9999025081627478,0.0011357605868563961,0.9799799428597965,0.9938333804558876,0.9999989730462642,0.9937499305864367,0.9391128311318317,0.9723949521740961,0.9554410840250422,0.9999999498963021,0.9999961806244702,0.9999999999999
25100,9996617830686.0,9921796,19,200.0,7021,44625,118280099,102863044787.0,102368,2000,37,22866,0,4,0,405,1,2000,0,400.0,25100,9.99999000001e-07,0.9997694748095811,0.4736842105263158,0.999000999000999,0.9987264990411336,0.8227461329281924,0.0009986634691759107,9.99999000001e-07,0.9998936917085061,0.005528477414138314,0.9824536682011779,0.9977856710609053,0.9999989999998,0.9936575495260271,0.9136979146360464,0.9875055940420224,0.8832113008080095,0.9999999853189594,0.9999949878058187,0.9999999999999
25200,9996593899344.0,19867351,23,201.0,13000,79910,118409071,102874117279.0,102794,2000,0,0,0,0,0,0,1,10,1320,400.0,25200,9.99999000001e-07,0.999775777024709,0.4736842105263158,0.999000999000999,0.998726724572479,0.8976244771851147,0.0009986610808469343,9.99999000001e-07,0.9999015088353962,0.0055213495486503205,0.9795085326841919,0.9925410732092004,0.9999989999943,0.9937386430259838,0.9518476559655847,0.967270726887124,0.98264402085104,0.9999999498963067,0.9999949877865734,0.9999999999999
25300,9996589985188.0,9962856,19,201.0,11000,3640,118416757,102884806040.0,11,2000,0,0,0,800,0,0,0,0,891,400.0,25300,9.99999000001e-07,0.999771774856005,0.4736842105263158,0.999000999000999,0.9987254481595302,0.8221661028993745,0.0009986596803847018,9.99999000001e-07,0.99990036834818,0.005485723848756447,0.9719561699724669,0.9977534604225456,0.999998999999,0.9937492056163203,0.9227823426284999,0.9876908255382967,0.3864081385117199,0.9999999498958742,0.9999949877843071,0.9999999999999
25400,9996575924905.0,9965542,24,200.0,13015,57455,118168536,102896013251.0,102497,2,182,26501,44910,800,2,663,0,186,1356,0.0,25400,9.99999000001e-07,0.9997728966979843,0.4736842105263158,0.999000999000999,0.9987279735561241,0.8235730504418954,0.0009986592869453046,9.99999000001e-07,0.9999012894850697,0.0011272760368332187,0.9779884667190722,0.9975962425870425,0.9999989733489604,0.9937501829349743,0.9511919466930419,0.9866825290597482,0.9377773818794717,0.9999999498961023,0.9999949878185544,0.9999999999999
25500,9996561921295.0,10035052,22,200.0,20000,21091,118464770,102906701777.0,22,2,31,0,16323,801,2,6,0,2000,254,400.0,25500,9.99999000001e-07,0.9997740716052123,0.4736842105263158,0.999000999000999,0.9987262471006086,0.04642582986073145,0.000998657881393648,9.99999000001e-07,0.9999006709182825,0.0011241585573084163,0.986320740947627,0.9965990311640126,0.9999989990883696,0.9937532982499853,0.8890987977878332,0.9832585254639026,0.9526767663432455,0.9999999874272105,0.9999949877642438,0.9999999999999
25600,9996547999989.0,10019783,21,200.0,11025,1129,118486983,102917810458.0,102796,4,0,0,0,542,130,59,0,912,185,0.0,25600,9.99999000001e-07,0.9997751441142408,0.4736842105263158,0.999000999000999,0.9987270987761449,0.05743771809155642,0.0009986554909051644,9.99999000001e-07,0.9999013633362391,0.0011223452572391179,0.9707203315433834,0.9889608903170224,0.9999989999936,0.99373699115946,0.9692105620327577,0.9230711210151386,0.979076506152169,0.9999999498963639,0.9999949877631765,0.9999999999999
25700,9996533632866.0,9959511,19,200.0,15000,42922,118455291,102928718307.0,103189,2,291,16,17210,800,0,326,0,0,2000,400.0,25700,9.99999000001e-07,0.999776348730157,0.4736842105263158,0.999000999000999,0.9987267548132106,0.8226325528621359,0.0009986550661616816,9.99999000001e-07,0.999901043300483,0.0011173004173710603,0.9873319886533052,0.9918964656144791,0.9999989740194011,0.9937330575622982,0.8907389748648241,0.9798159025305148,0.8785319917028328,0.9999999498962399,0.9999962902028385,0.9999999999999
25800,9996509780806.0,19959506,23,200.0,8003,10175,118357405,102939669787.0,10,2000,130,11716,5864,351,29,7,0,2000,1382,200.0,25800,9.99999000001e-07,0.9997822780128718,0.4736842105263158,0.999000999000999,0.9987271995705945,0.015563544386546654,0.0009986516763305698,9.99999000001e-07,0.9998983049778798,0.010575640518141272,0.9350303529123986,0.9966100698480653,0.9999989865798855,0.9937292478047417,0.9464645304240017,0.9684134038667174,0.11446615342671906,0.9999999737866884,0.9999949877917857,0.9999999999999
25900,9996505765434.0,38199,23,200.0,18000,6,118350442,102950458668.0,205728,2,382,46734,0,409,1,465,0,2000,1828,200.0,25900,9.99999000001e-07,0.9997734574600083,0.4736842105263158,0.999000999000999,0.9987277721959774,0.053648247461008915,0.0009986522850642199,9.99999000001e-07,0.9998937787036498,0.0011142170461098055,0.4195223565229588,0.9946055876922827,0.999998999995,0.9937151172941818,0.9524074152019322,0.9827744660513129,0.9710814559947778,0.9999999775050599,0.9999949877953694,0.9999999999999
26000,9996491765795.0,9993410,19,200.0,26,21168,118462633,102961525686.0,102767,39,2,9700,7,676,63,62,395,2000,333,200.0,26000,9.99999000001e-07,0.9997795173856053,0.4736842105263158,0.999000999000999,0.9987259126701766,0.06518163712179743,0.0009986508878658345,9.99999000001e-07,0.9999004288628448,0.001112740306661538,0.9268338136366748,0.995628402877682,0.9999989999948999,0.9937461648575258,0.9461463333369344,0.9806783185782711,0.966520583645666,0.9999999851164465,0.9999949877785227,0.9999999999999
26100,9996467764079.0,19998949,17,200.0,20019,2117,118346135,102972454845.0,206141,44,182,12866,0,388,6,327,0,128,3,400.0,26100,9.99999000001e-07,0.9997852868413528,0.4736842105263158,0.999000999000999,0.9987279832188127,0.02906078023207468,0.0009986484924839056,9.99999000001e-07,0.9999024522433009,0.00111085852372293,0.977277200185313,0.9961586052037203,0.999999,0.9937494105560256,0.946150936625045,0.9809072740223309,0.9631741348092855,0.999999949896347,0.9999949877782885,0.9999999999999
26200,9996463797352.0,9915805,21,202.0,11012,21962,118370375,102983331136.0,206187,2000,174,5,0,728,34,607,0,0,2000,0.0,26200,9.99999000001e-07,0.9997815607709655,0.4736842105263158,0.999000999000999,0.9987271727663578,0.8218743412604134,0.000998647107120037,9.99999000001e-07,0.9999017233691706,0.005397327030604432,0.890468780006232,0.9953917927999368,0.999998999478328,0.9937291043310021,0.9691190801440887,0.9792420247304008,0.9515957111930878,0.9999999498962482,0.9999958830981226,0.9999999999999
26300,9996449919624.0,10023835,24,200.0,10008,250,118362333,102994796670.0,23,2,11240,5317,15462,0,0,295,22,68,1455,400.0,26300,9.99999000001e-07,0.99978259062657,0.4736842105263158,0.999000999000999,0.9987270218075868,0.040754753525418595,0.0009986467116068782,9.99999000001e-07,0.9998961575273695,0.0011079468604695806,0.9638031656972937,0.9936002057362054,0.9999989868248733,0.9936867275906777,0.23391381027106967,0.980507473988965,0.9402830745075111,0.9999999498963262,0.9999949877935534,0.9999999999999
26400,9996436010869.0,10009703,20,200.0,12000,1052,118272261,103005592513.0,206727,2000,66,13288,8112,400,1,536,1,156,2000,200.0,26400,9.99999000001e-07,0.9997836173384977,0.4736842105263158,0.999000999000999,0.9987270117998388,0.023340622361602236,0.0009986443140248304,9.99999000001e-07,0.9999023403166517,0.005414790588630293,0.9685159399125672,0.9968031881093163,0.9999989867860692,0.993718008307626,0.912511665007775,0.9836137828663466,0.9556329770350616,0.9999999498961998,0.9999971120619272,0.9999999999999
26500,9996422021624.0,9975498,18,200.0,10000,48023,118291571,103016537743.0,206271,2000,123,19834,3,600,2,0,0,0,594,200.0,26500,9.99999000001e-07,0.9997845608330319,0.4736842105263158,0.999000999000999,0.9987269173494827,0.8222923756157132,0.0009986429320462784,9.99999000001e-07,0.9998956380133527,0.005393885916411972,0.9749522072374887,0.9977080130497997,0.9999989940203564,0.9937603119585949,0.382815288602983,0.9875673925874917,0.9746300703212786,0.9999999498960608,0.9999949878041485,0.9999999999999
26600,9996408031157.0,4101,25,200.0,12000,2056,118297953,103027369939.0,206286,2000,15941,0,0,1062,71,69,285,36,402,200.0,26600,9.99999000001e-07,0.9997808785099853,0.4736842105263158,0.999000999000999,0.9987277548286215,0.004508431652907784,0.0009986425306790258,9.99999000001e-07,0.999889656706566,0.005398113637315326,0.9904117315860629,0.9973217174396162,0.9999989959567177,0.9937589110683372,0.969223600981465,0.9860764293080116,0.9839690891680009,0.9999999498961829,0.9999949877995445,0.9999999999999
26700,9996393913080.0,10016160,23,201.0,14022,6739,118300446,103038340180.0,20,0,7,12367,0,394,3,329,21,0,0,199.0,26700,9.99999000001e-07,0.9997866296897626,0.4736842105263158,0.999000999000999,0.9987274767135721,0.8224100321358043,0.0009986401227062422,9.99999000001e-07,0.9999003749885431,0.0010999968651058015,0.9724955111932863,0.9970271402940771,0.999998986784632,0.993748942047239,0.9461498139647818,0.9872656864101709,0.9381257322947699,0.9999999498960125,0.9999949877850923,0.9999999999999
26800,9996370079622.0,19982129,21,200.0,10000,20011,118398858,103049598903.0,21,4,314,9,0,792,4,497,0,2000,230,0.0,26800,9.99999000001e-07,0.9997919991192411,0.4736842105263158,0.999000999000999,0.9987277446011035,0.8227175343894437,0.0009986397283119394,9.99999000001e-07,0.9999000411630491,0.0010984387134761297,0.9103977111842548,0.9784889604443651,0.9999989976866608,0.9937332723335786,0.9692064685832189,0.9787511544766662,0.9475730024652744,0.9999999873463322,0.9999949877879722,0.9999999999999
26900,9996366294988.0,9930959,21,200.0,9012,1039,118295400,103060279086.0,103512,2000,0,5667,0,800,2,497,638,2000,2000,200.0,26900,9.99999000001e-07,0.9997884657412811,0.4736842105263158,0.999000999000999,0.9987247432710787,0.001364941067563479,0.000998638347279183,9.99999000001e-07,0.9999010243583013,0.0053300861218696875,0.9873838056644002,0.9985547539978005,0.9999989704036347,0.9937330243396527,0.9429473531131266,0.9915405587470335,0.9825663534686869,0.9999999873547794,0.9999965091305569,0.9999999999999
27000,9996352278457.0,9911361,21,200.0,16,65394,118420729,103071092072.0,102593,2,0,5,26214,0,3,498,0,2000,1264,0.0,27000,9.99999000001e-07,0.9997894448399267,0.4736842105263158,0.999000999000999,0.9987277397342188,0.8226354536223048,0.000998636946859602,9.99999000001e-07,0.9998952695891687,0.0010955015845123784,0.9767370479987274,0.995666892008081,0.999998999998,0.9936628867532381,0.9539199698041846,0.9796891873275557,0.9799403979984646,0.9999999873744498,0.9999949877860086,0.9999999999999
27100,9996338502664.0,3731,23,200.0,9000,1939,118240798,103082237242.0,206279,2000,0,89,89,0,0,0,0,0,2000,400.0,27100,9.99999000001e-07,0.9997857678353392,0.4736842105263158,0.999000999000999,0.9987277246211921,0.0359745207302775,0.0009986355921176495,9.99999000001e-07,0.9999021169940755,0.005369588895097298,0.21131650946913516,0.9966215669642314,0.9999989966655182,0.993745136127533,0.9562046926232971,0.9834032090198935,0.9773869174372223,0.9999999498961336,0.9999957004466178,0.9999999999999
27200,9996324577521.0,10035116,21,200.0,18,1032,118364607,103093123773.0,102957,2,0,0,0,722,41,639,0,252,52,200.0,27200,9.99999000001e-07,0.9997912269488664,0.4736842105263158,0.999000999000999,0.9987270053088605,0.03438035894747124,0.0009986341941958642,9.99999000001e-07,0.9999004645716583,0.00109604021946772,0.9318796022285256,0.9956309389493715,0.9999989999971,0.9937412857124355,0.9692075245818698,0.9795718009881187,0.9681054343743439,0.9999999498963679,0.9999949877762526,0.9999999999999
27300,9996310918224.0,3367,22,200.0,7,1663,118249612,103104135963.0,19,3,7439,15965,22,770,0,15,223,2000,526,199.0,27300,9.99999000001e-07,0.9997876086895274,0.4736842105263158,0.999000999000999,0.9987268504996446,0.8223918366458313,0.000998631829444586,9.99999000001e-07,0.99989124826976,0.00109795455598765,0.9820326109253913,0.9980016445941721,0.9999989947074363,0.9937339098815506,0.35245998612568435,0.9866780296590832,0.9429075649339554,0.999999986720955,0.999994987810399,0.9999999999999
27400,9996296925798.0,2148,21,200.0,22000,50894,118427993,103115430102.0,103221,2,222,2626,2453,398,0,14,0,2000,2000,199.0,27400,9.99999000001e-07,0.9997885358232242,0.4736842105263158,0.999000999000999,0.9987276368218447,0.8228655643008865,0.0009986314426020716,9.99999000001e-07,0.999900614223973,0.0010968728542571655,0.986247880596125,0.930035699589683,0.9999989966826315,0.9937397473653228,0.9602756266546287,0.6262407538680804,0.8442516575745826,0.9999999754344389,0.999995697287759,0.9999999999999
27500,9996283215654.0,41035,19,200.0,16021,14487,118337479,103126356084.0,102775,28,402,271,1,399,2,7,198,4,1364,200.0,27500,9.99999000001e-07,0.9997893952359311,0.4736842105263158,0.999000999000999,0.9987272319762074,0.03188063444437956,0.0009986300703466351,9.99999000001e-07,0.9999010251517854,0.0010978572864867098,0.9526650859700596,0.995060394171848,0.9999989997176203,0.9937327396882252,0.9464645939144907,0.9776005494126414,0.9324250407421575,0.9999999498962835,0.9999949877971993,0.9999999999999
27600,9996269341739.0,43,19,200.0,16000,22,118398053,103137343973.0,206545,0,104,6500,6483,1,0,274,21,64,1140,400.0,27600,9.99999000001e-07,0.9997902812035664,0.4736842105263158,0.999000999000999,0.998727865356739,0.05531722345532286,0.0009986286897998803,9.99999000001e-07,0.9999020753753255,0.0010971090890178666,0.9080581830503094,0.994860669396603,0.9999989891225544,0.9937039432404533,0.7966290552554063,0.9761139830365035,0.9357807207352162,0.9999999498963438,0.9999949877833237,0.9999999999999
27700,9996245359508.0,19954772,18,200.0,17000,23155,118487392,103148240706.0,103499,2000,50,11,0,0,1,1,0,0,989,200.0,27700,9.99999000001e-07,0.9997996393500286,0.4736842105263158,0.999000999000999,0.9987260599812521,0.8970720675953655,0.000998625287250828,9.99999000001e-07,0.9999013231090917,0.010356858694890276,0.3886872283445991,0.9970072378068041,0.9999989900059064,0.9937451492609527,0.9402720803424477,0.9850556569826705,0.9537838335060064,0.9999999498960739,0.9999949877718874,0.9999999999999
27800,9996241367685.0,9996202,26,200.0,9000,10045,118446163,103159276868.0,103396,20,356,23377,2409,704,120,584,0,586,2000,200.0,27800,9.99999000001e-07,0.9997964443990542,0.4736842105263158,0.999000999000999,0.9987278590713862,0.020109095234406616,0.0009986258861116584,9.99999000001e-07,0.9998994569974059,0.0010925462241071998,0.42947728103667054,0.9958139897917484,0.9999989864980253,0.9937331095255812,0.9464768839022694,0.9790927870689884,0.9043698013475501,0.9999999498962695,0.9999972256500894,0.9999999999999
27900,9996217354054.0,19963261,23,201.0,7,16371,118192527,103169932015.0,206111,2000,0,1,0,0,0,0,1,60,2000,200.0,27900,9.99999000001e-07,0.999801374531542,0.4736842105263158,0.999000999000999,0.9987265126361564,0.8970279901606761,0.0009986224917720662,9.99999000001e-07,0.9999021373592197,0.0053260466025715865,0.9113237817254821,0.9974490863957971,0.9999989769589676,0.9937571050801252,0.9259573978239594,0.9868256305349183,0.9379325008777769,0.9999999498959244,0.9999955479274579,0.9999999999999
28000,9996213065306.0,604,19,200.0,24016,303,118553607,103181184024.0,205894,0,44380,2840,2742,800,1,529,39,1706,2000,0.0,28000,9.99999000001e-07,0.9997941570346259,0.4736842105263158,0.999000999000999,0.9987267247348955,0.0018456248879347458,0.0009986230734081536,9.99999000001e-07,0.999901796148445,0.0010860478579179254,0.9853812977283977,0.9631662500541393,0.9999989983021221,0.9937503379731302,0.8525670326161792,0.9798732755554819,0.8223554853568381,0.9999999498962967,0.9999953786288194,0.9999999999999
28100,9996189180720.0,19976285,23,200.0,26000,1937,118160274,103191832359.0,206354,3,4,10235,10201,0,0,0,1,0,2000,400.0,28100,9.99999000001e-07,0.9998031412138372,0.4736842105263158,0.999000999000999,0.9987270996218003,0.05282767588260691,0.000998621673689328,9.99999000001e-07,0.999902160606886,0.0010828834621289347,0.925675017168237,0.9974275752750712,0.999998974441545,0.9937345099458198,0.833554380840834,0.9865689512980292,0.9776734548065633,0.9999999498959895,0.9999961331347955,0.9999999999999
28200,9996184910347.0,9993449,17,202.0,28,15638,118431232,103202759161.0,206494,2000,0,622,0,15,199,163,0,82,737,0.0,28200,9.99999000001e-07,0.9998001205964386,0.4736842105263158,0.999000999000999,0.9987257714247653,0.8221753270898358,0.0009986192663877008,9.99999000001e-07,0.9998997453833501,0.005279104514327079,0.9284675648955854,0.9973465626307993,0.9999989925680739,0.9937317236504607,0.9518892892841108,0.9873905584053447,0.9349251181750295,0.9999999498959288,0.999994987776534,0.9999999999999
28300,9996170947400.0,9874641,27,200.0,17010,11215,118377353,103213797179.0,103495,2000,101,1,1,0,57,8,22,664,796,399.0,28300,9.99999000001e-07,0.9998009247915383,0.4736842105263158,0.999000999000999,0.998728332560379,0.820680206590375,0.0009986188700601487,9.99999000001e-07,0.9999012375039518,0.005282084481401985,0.9674921413513885,0.9890988858494293,0.9999989919770444,0.9937472609718637,0.9691516234036712,0.9560748425299651,0.9418216584788641,0.9999999498964057,0.9999949877861964,0.9999999999999
28400,9996157115392.0,19629,24,200.0,12,13,118263239,103224803720.0,103127,0,1715,26466,25895,800,3,498,0,2000,1426,0.0,28400,9.99999000001e-07,0.9997977679515337,0.4736842105263158,0.999000999000999,0.9987291415799254,0.07082678328392553,0.000998617489578133,9.99999000001e-07,0.9998919947245903,0.0010774309052038276,0.9642351951268835,0.9782034414325645,0.9999989803773623,0.9937483288642409,0.9483640179142676,0.9768852306814892,0.0,0.9999999873020925,0.9999949878082719,0.9999999999999
28500,9996133131563.0,19957779,21,202.0,33,48760,118372861,103235753397.0,103579,3,1,0,11,552,129,122,38,2000,217,199.0,28500,9.99999000001e-07,0.9998064392171458,0.4736842105263158,0.999000999000999,0.9987268267523653,0.8226741691055092,0.0009986150960090178,9.99999000001e-07,0.9998972004812662,0.0010757559467762146,0.9629405382983606,0.9960392436350017,0.9999989951354508,0.9937481274941566,0.9459220763657709,0.9813860304496359,0.8770535548410878,0.9999999817869376,0.9999949877774897,0.9999999999999
28600,9996119570688.0,19876344,22,200.0,12,68352,118351724,103246753560.0,205751,3,4,3340,19418,400,0,233,0,64,1106,200.0,28600,9.99999000001e-07,0.9998071300398319,0.4736842105263158,0.999000999000999,0.998726900790398,0.8968813621637451,0.0009986127329066506,9.99999000001e-07,0.9999020348248564,0.0010765706847452273,0.9091496503057706,0.9946884740170956,0.9999989907901528,0.9937330185835329,0.7243774061415434,0.9816651791141251,0.6895490858704868,0.9999999498963192,0.9999949877951388,0.9999999999999
28700,9996115369479.0,10008057,23,201.0,24010,23369,118270818,103257397487.0,103934,2000,11,0,0,0,0,4,0,4,1148,399.0,28700,9.99999000001e-07,0.9998042110510343,0.4736842105263158,0.999000999000999,0.9987248577464118,0.8220884649198896,0.0009986133233611109,9.99999000001e-07,0.9999011724309823,0.005248102776637261,0.9289950530625366,0.9985215873140686,0.9999989885514134,0.9937339642381133,0.9477615373986968,0.9912545802083267,0.6357530093527767,0.9999999498954785,0.9999949878066917,0.9999999999999
28800,9996091634056.0,19849520,16,201.0,8014,89150,118174384,103268244662.0,103304,3,7,13159,0,399,2,166,0,2000,828,199.0,28800,9.99999000001e-07,0.99980871802784,0.4736842105263158,0.999000999000999,0.9987243576270083,0.8968729089689617,0.000998611926168305,9.99999000001e-07,0.9998969628034691,0.0010727043485656512,0.07234560789732629,0.9985401268236456,0.9999989916475138,0.9937448292167889,0.9028389072130794,0.9915346926225223,0.9838892192179236,0.9999999748955527,0.9999949878216028,0.9999999999999
28900,9996087547436.0,3901,19,201.0,18000,190,118272026,103279256103.0,206157,2000,4000,114,0,0,0,0,35,0,888,399.0,28900,9.99999000001e-07,0.9998019607160523,0.4736842105263158,0.999000999000999,0.9987268031402354,0.8217944597571765,0.0009986105467536352,9.99999000001e-07,0.9999020578718488,0.005232394983262031,0.9032901565697274,0.9975916152594124,0.9999989910396248,0.9937452875440385,0.5894373590241122,0.9876956905475499,0.8764818369481974,0.9999999498960389,0.9999949878070892,0.9999999999999
29000,9996074039204.0,10014692,21,200.0,11007,8734,118132030,103289936490.0,103288,17,0,21,21,502,1,415,0,1804,118,200.0,29000,9.99999000001e-07,0.9998064854744495,0.4736842105263158,0.999000999000999,0.9987249030360424,0.07674622291433716,0.0009986091882066219,9.99999000001e-07,0.999901041900146,0.0010740605941664092,0.0009988637289574285,0.9986121034945977,0.9999989999998,0.9937451464810365,0.2921066584548409,0.9918618029364171,0.9301205491058362,0.9999999498954149,0.9999949878120321,0.9999999999999
29100,9996060039825.0,3848,20,200.0,21000,3285,118390655,103301193540.0,206252,0,850,26533,33,800,0,0,0,0,0,0.0,29100,9.99999000001e-07,0.9998035166117412,0.4736842105263158,0.999000999000999,0.9987285519530387,0.8220362217758141,0.0009986067919769885,9.99999000001e-07,0.9998945319009359,0.0010723667253794025,0.9858086522097234,0.9894424348350545,0.9999989999997,0.993765051460716,0.16555573592412404,0.9565019107662094,0.0,0.9999999498963852,0.9999949877715626,0.9999999999999
29200,9996035855969.0,19977165,26,201.0,19013,1789,118382073,103312276840.0,103996,2000,7340,2965,138,196,108,0,38,2000,1,199.0,29200,9.99999000001e-07,0.9998117838697387,0.4736842105263158,0.999000999000999,0.9987273713479022,0.0362136594649217,0.0009986043785215983,9.99999000001e-07,0.9998998677252651,0.010137859085065922,0.9403533799268009,0.9967779780012461,0.9999990000002,0.9937188961847836,0.9463542453927153,0.9744370862130604,0.9464444158013186,0.9999999686071818,0.9999949877905359,0.9999999999999
29300,9996021785143.0,19961772,23,200.0,15019,26648,118449063,103323108893.0,102845,2000,0,8933,8855,270,271,295,2,0,0,0.0,29300,9.99999000001e-07,0.9998125815040869,0.4736842105263158,0.999000999000999,0.9987279190721108,0.8967533036842956,0.0009986049659073063,9.99999000001e-07,0.9998980355321699,0.00521121323498201,0.9257624942509626,0.991493154773247,0.9999989999979,0.9936965121047435,0.9692242624196147,0.9746676074746241,0.5764255114477866,0.9999999498962936,0.9999949877627865,0.9999999999999
29400,9996017850993.0,10011131,20,200.0,11,11892,118351050,103333694741.0,103305,2000,231,142,0,0,68,62,0,0,0,200.0,29400,9.99999000001e-07,0.999809731136987,0.4736842105263158,0.999000999000999,0.9987258168525446,0.09598391849417393,0.0009986035909770477,9.99999000001e-07,0.9999003990214403,0.005206406480935807,0.3332896627777163,0.9979538681410713,0.9999989999933,0.9937451631318307,0.9461458258698489,0.989473387026842,0.653198562532067,0.9999999498958347,0.9999949877952135,0.9999999999999
29500,9995993908493.0,19750873,24,200.0,15,41593,118396669,103344661081.0,11,2000,222,5,11262,292,56,54,42,1436,320,200.0,29500,9.99999000001e-07,0.9998140607654513,0.4736842105263158,0.999000999000999,0.9987261985664385,0.8959380737186167,0.00099860019247972,9.99999000001e-07,0.9999001710070649,0.009988252322837026,0.9386820854925404,0.9972719286671081,0.9999989999999,0.9937493648012332,0.9461467845236119,0.9868228595854301,0.9619188775518488,0.9999999498960847,0.9999949877883435,0.9999999999999
29600,9995989475522.0,27592,17,201.0,6013,1,118542238,103355617633.0,103209,12,186,5302,26498,160,328,185,1,124,265,400.0,29600,9.99999000001e-07,0.9998078190281293,0.4736842105263158,0.999000999000999,0.9987270063222863,0.028394520772481148,0.0009986007563045594,9.99999000001e-07,0.9998958567872527,0.0010559580971446164,0.9755682444057217,0.9867613952242682,0.9999989999997,0.9937036590404007,0.9692272781057788,0.9731215751988395,0.9291085143968604,0.9999999498962298,0.999994987766496,0.9999999999999
29700,9995975619194.0,3812,22,200.0,18000,36128,118307266,103366373017.0,104086,2000,2,13920,24489,414,1,0,2,446,1304,201.0,29700,9.99999000001e-07,0.9998085596385582,0.4736842105263158,0.999000999000999,0.9987272587783625,0.8222676529433343,0.0009985993758249887,9.99999000001e-07,0.9999010442405472,0.005153285881138185,0.3597501199996154,0.995793328755944,0.9999989999973999,0.9937335465559284,0.942064490062717,0.9812906460219939,0.9682004741263083,0.9999999498962895,0.9999949878017252,0.9999999999999
29800,9995951999511.0,19880800,15,200.0,6013,6830,118237386,103377444974.0,102950,2000,53,13336,13319,1,0,333,0,50,2000,0.0,29800,9.99999000001e-07,0.999816267830734,0.4736842105263158,0.999000999000999,0.9987256230300781,0.8961424893324645,0.0009985960094914985,9.99999000001e-07,0.9999016054546,0.009978003568054533,0.9738166069626509,0.9977897720965452,0.9999989714287595,0.9937490314168654,0.9460421504165473,0.9891342953325506,0.8679027650948039,0.9999999498958367,0.9999965526123836,0.9999999999999
29900,9995948023342.0,700,17,201.0,29,3186,118352958,103388393222.0,10,0,33,4314,4304,0,72,0,0,336,452,199.0,29900,9.99999000001e-07,0.9998099979771244,0.4736842105263158,0.999000999000999,0.9987262740879778,0.8217093096114602,0.0009985966221180303,9.99999000001e-07,0.9998995559166185,0.0010562038573370977,0.24239467470252296,0.9974947399799362,0.9999989999985,0.9937273642314447,0.9459182478715961,0.9881778537927163,0.699902123395028,0.9999999498959878,0.9999949877948787,0.9999999999999
30000,9995934133280.0,3680,26,200.0,22,0,118389824,103399495102.0,103673,3,1567,25602,25347,8,0,485,0,2000,8,200.0,30000,9.99999000001e-07,0.9998107404592543,0.4736842105263158,0.999000999000999,0.9987276595320601,0.006168541122803867,0.000998595235470685,9.99999000001e-07,0.9999010318224257,0.0010551987775160431,0.9476729181772036,0.9897560952626969,0.9999989805449232,0.9937460949205644,0.9211723353869028,0.9806626906111771,0.06726421921293245,0.9999999871153172,0.9999949877718075,0.9999999999999
30100,9995920509527.0,35558,21,200.0,23,3,118255368,103410079115.0,205904,2000,50,24845,24982,561,123,613,3,2000,8,400.0,30100,9.99999000001e-07,0.999811436202724,0.4736842105263158,0.999000999000999,0.998727834434595,0.057411066076611596,0.0009985928669462686,9.99999000001e-07,0.9998929705062035,0.005152726877144773,0.24468419843593506,0.9953956501438056,0.9999989750685423,0.9937321816739794,0.9692551492112996,0.9858610469671705,0.9790966897024803,0.9999999872413167,0.9999949877919686,0.9999999999999
30200,9995906675044.0,9888845,23,200.0,24,54382,118277835,103421236706.0,103110,2000,0,14,14,2,194,187,2,20,875,399.0,30200,9.99999000001e-07,0.9998155600971832,0.4736842105263158,0.999000999000999,0.9987250546197185,0.8215861065872285,0.0009985924955293697,9.99999000001e-07,0.9999012675957188,0.005158164734667534,0.9587688230259807,0.9976820458695441,0.9999989924992577,0.9937340091173886,0.9691497569742197,0.9896177391122445,0.9770250370342903,0.9999999498957969,0.9999949878060859,0.9999999999999
30300,9995892539131.0,10016048,22,200.0,9023,19087,118392193,103432179293.0,103592,2000,2,10,10,400,116,334,0,48,185,200.0,30300,9.99999000001e-07,0.9998163473863529,0.4736842105263158,0.999000999000999,0.9987263731426571,0.039855709340009454,0.000998591084774931,9.99999000001e-07,0.9999010575268359,0.005158572321479353,0.9679343798333773,0.9969796602729974,0.9999989866155218,0.9937365260982693,0.9461292803883398,0.9873390817631015,0.947135474083848,0.9999999498960148,0.9999949877890106,0.9999999999999
30400,9995878683244.0,1090,20,200.0,19017,3717,118477228,103443478272.0,103779,2000,625,445,3558,800,0,619,360,2000,440,400.0,30400,9.99999000001e-07,0.9998136677833643,0.4736842105263158,0.999000999000999,0.9987266333514871,0.8217026681857778,0.0009985886925609783,9.99999000001e-07,0.9998992317529614,0.00513716665170455,0.9733242531511354,0.9938639215640441,0.9999989999973999,0.9937163632116788,0.570149474378458,0.9847708450288046,0.9696846906200444,0.9999999892917246,0.9999949877708703,0.9999999999999
30500,9995864766522.0,3581,18,200.0,19000,0,118131818,103453833602.0,206451,0,265,10026,0,1,58,57,0,18,785,400.0,30500,9.99999000001e-07,0.9998143537227495,0.4736842105263158,0.999000999000999,0.9987248867978066,4.240396461110828e-05,0.0009985883126578503,9.99999000001e-07,0.9999010878359799,0.0010517338109332292,0.9679794503265021,0.9979821476270772,0.9999989920845375,0.9937412572232354,0.9692166052912756,0.9915915071473119,0.0,0.9999999498952629,0.9999949878278066,0.9999999999999
30600,9995850958344.0,10025063,20,200.0,11034,869,118455937,103465130365.0,103492,38,1300,0,0,348,26,0,346,0,0,400.0,30600,9.99999000001e-07,0.9998183971737094,0.4736842105263158,0.999000999000999,0.9987280567153689,0.07165653497104055,0.0009985869350172666,9.99999000001e-07,0.9998974655535527,0.0010513656793417548,0.9626183733584962,0.9809599474479591,0.9999989999933999,0.9937445935571002,0.9461483758230476,0.9275629653004097,0.9588429049418159,0.9999999498963634,0.9999949877617528,0.9999999999999
30700,9995837202096.0,9955209,19,201.0,9018,54918,118421500,103476057312.0,207140,1,100,1,0,982,116,109,0,0,666,201.0,30700,9.99999000001e-07,0.9998190711149034,0.4736842105263158,0.999000999000999,0.9987277612298131,0.8224316044978307,0.000998584552465668,9.99999000001e-07,0.9999022601748135,0.0010509711072758281,0.9625821993641019,0.9914123497282024,0.9999989975684017,0.9937356517830499,0.9771696291792136,0.9731244645381684,0.9686784716121942,0.9999999498962392,0.9999949877820099,0.9999999999999
30800,9995823050352.0,10033290,22,200.0,9016,9921,118341335,103487274947.0,6,19,1556,13247,13427,401,3,411,0,106,2000,200.0,30800,9.99999000001e-07,0.9998197901731928,0.4736842105263158,0.999000999000999,0.9987267971881909,0.05566491021093766,0.00099858414985256,9.99999000001e-07,0.9998992642157584,0.0010483214821503033,0.9540150753644406,0.9655793136457608,0.9999989828287248,0.99372401610259,0.9428808838558488,0.9741593747745501,0.626403919429215,0.9999999498962537,0.9999970761567067,0.9999999999999
30900,9995809321313.0,10015768,21,200.0,13,11630,118268565,103498091686.0,103664,2000,193,18733,18669,4,0,422,4,2000,0,400.0,30900,9.99999000001e-07,0.9998204431274004,0.4736842105263158,0.999000999000999,0.9987269389372373,0.060004275616197825,0.000998581769708233,9.99999000001e-07,0.9998931973550539,0.005129991710001356,0.9410734066739154,0.9963608536973723,0.9999989829967222,0.9936452441659203,0.897663960051814,0.9884147894591364,0.9796435162403075,0.9999999857398472,0.9999949877898706,0.9999999999999
31000,9995795326832.0,9935829,23,200.0,10019,50414,118158386,103508830305.0,103555,0,569,10211,0,400,0,333,17,2000,282,200.0,31000,9.99999000001e-07,0.9998211427821874,0.4736842105263158,0.999000999000999,0.9987223041179758,0.8220037645527221,0.000998581365063287,9.99999000001e-07,0.9998944350597212,0.001045790328030504,0.9702058591588112,0.9977142697849122,0.9999989999981,0.9937448065474846,0.9373042047484145,0.9924194040184365,0.8675310108768592,0.9999999832450116,0.9999949878135312,0.9999999999999
31100,9995771268351.0,19947903,22,200.0,10,30401,118502355,103519795327.0,206674,2000,1,20,454,0,0,0,0,0,5,200.0,31100,9.99999000001e-07,0.9998249746625884,0.4736842105263158,0.999000999000999,0.998726054785645,0.8964146897753369,0.000998577972408322,9.99999000001e-07,0.9999021776717602,0.005100251732127145,0.933243768971516,0.9926282116407753,0.9999989999916999,0.9937460920351541,0.7554274276333922,0.97447788139684,0.7567717417515171,0.9999999498961643,0.99999498777257,0.9999999999999
31200,9995757287194.0,19939075,20,200.0,14007,31505,118383669,103530758591.0,103232,0,300,51,9264,267,1,292,32,60,0,400.0,31200,9.99999000001e-07,0.9998256360601674,0.4736842105263158,0.999000999000999,0.9987268641509308,0.8963565129065467,0.0009985785665403678,9.99999000001e-07,0.9998972106041653,0.0010407595146068626,0.9635387894212774,0.9939015049926219,0.9999990000008,0.993735177713265,0.828779133800432,0.9820258381165603,0.7403776781541862,0.9999999498961554,0.9999949877768095,0.9999999999999
31300,9995753509399.0,3459,22,201.0,19000,5,118128891,103541617578.0,23,3,7191,10989,31239,225,297,0,1,2000,2000,401.0,31300,9.99999000001e-07,0.9998199733287246,0.4736842105263158,0.999000999000999,0.9987265198405385,0.0017023818649105288,0.0009985762001699639,9.99999000001e-07,0.9999000184465966,0.0010417533666876497,0.9754963977870805,0.9937049867273152,0.9999989799223211,0.9937030025645411,0.9694104823855118,0.9901227024227428,0.9693853353323744,0.9999999499457449,0.9999956032750414,0.9999999999999
31400,9995739566775.0,1774,19,200.0,14005,785,118396552,103552950609.0,24,0,30805,2065,0,7,1,479,279,1672,1896,200.0,31400,9.99999000001e-07,0.99982061920657,0.4736842105263158,0.999000999000999,0.9987280811535729,0.01601486462449175,0.0009985758179248108,9.99999000001e-07,0.9998980342533532,0.0010415502452076262,0.9845154737702029,0.9126704777245351,0.9999989999975,0.993634249475438,0.25752346139468096,0.9786704401566169,0.9389072012511226,0.9999999498963776,0.9999949877842085,0.9999999999999
31500,9995725572394.0,10020446,20,200.0,22014,12704,118513301,103563438442.0,206730,1,161,8062,0,0,0,0,18,0,685,400.0,31500,9.99999000001e-07,0.9998244857155909,0.4736842105263158,0.999000999000999,0.9987256578054632,0.021246075473233494,0.000998574411964137,9.99999000001e-07,0.999901608039489,0.0010383658919589384,0.9783777300175878,0.9334983136714272,0.9999989931003206,0.9937514874381559,0.9778736789190132,0.9868126661786555,0.9307629202303082,0.9999999498958076,0.9999949877634273,0.9999999999999
31600,9995711637072.0,10026843,19,200.0,20,887,118502217,103574718041.0,10,2000,14416,8663,0,401,9,0,8,2000,1928,200.0,31600,9.99999000001e-07,0.9998251063882649,0.4736842105263158,0.999000999000999,0.9987260207153482,0.05544483992801745,0.0009985730307230166,9.99999000001e-07,0.9999001624257495,0.005088122749427592,0.9755457257867157,0.9743144304656205,0.9999989803365033,0.9937468836941431,0.9463031420860665,0.973967562753908,0.9786807525754481,0.9999999753502674,0.9999949877837542,0.9999999999999
31700,9995698049221.0,25773,16,200.0,12000,4,118377715,103586059961.0,103324,0,642,17,0,0,1,0,0,80,1417,399.0,31700,9.99999000001e-07,0.9998225499143268,0.4736842105263158,0.999000999000999,0.9987265425120665,0.024984880439680553,0.000998571674669214,9.99999000001e-07,0.9999010596119795,0.0010413242261961056,0.9020048106670616,0.9419655387335435,0.9999989856248845,0.9937461848802059,0.8717210674355624,0.9799276859621071,0.9580735124734243,0.9999999498962039,0.9999949877912707,0.9999999999999
31800,9995684530743.0,9991585,23,200.0,22000,11,118476972,103597432497.0,103256,2000,194,997,23212,1,0,0,0,1790,80,201.0,31800,9.99999000001e-07,0.9998261484132088,0.4736842105263158,0.999000999000999,0.9987265911780194,0.0008586142253592124,0.0009985703254977425,9.99999000001e-07,0.9998990373208544,0.0051041299255985256,0.9694152457638667,0.9107209701339678,0.9999989999923999,0.9937423338914608,0.9175805676807567,0.9835650780984216,0.6129451801387558,0.9999999498961842,0.9999949877597921,0.9999999999999
31900,9995670861546.0,9956324,21,200.0,20000,432,118538161,103608843805.0,104486,2000,88,13074,12839,400,1,7,17,2000,2000,0.0,31900,9.99999000001e-07,0.9998266915209973,0.4736842105263158,0.999000999000999,0.9987258876521898,0.001285188335059449,0.000998568961341838,9.99999000001e-07,0.9998976853876829,0.005097799995995033,0.9930707091206343,0.9812546725932315,0.9999989991378574,0.9937281368469663,0.9331251215284121,0.976145832934636,0.6808868112303653,0.9999999748210011,0.9999951292581424,0.9999999999999
32000,9995657787028.0,10011338,22,200.0,12000,13624,118444708,103620599878.0,103311,2000,9159,41841,0,281,63,461,0,2000,0,200.0,32000,9.99999000001e-07,0.9998270774353193,0.4736842105263158,0.999000999000999,0.9987256852133607,0.023129395972629134,0.0009985676564353233,9.99999000001e-07,0.9998993915097903,0.005168489303562681,0.9940917319513423,0.988123935105593,0.999999000001,0.9936492751137699,0.9463742669876893,0.9882579878589032,0.7593736571220359,0.9999999866229007,0.9999949877811586,0.9999999999999
32100,9995644382025.0,10000497,24,200.0,8011,1515,118424005,103631721701.0,103982,2000,17294,10,5558,1199,3,0,0,0,0,199.0,32100,9.99999000001e-07,0.999827547907368,0.4736842105263158,0.999000999000999,0.9987265866540724,0.08575119676945002,0.0009985663186128414,9.99999000001e-07,0.9999011102647248,0.0051831296946000405,0.9915883554061286,0.9318651912495532,0.9999989999971,0.993733772283698,0.7416593915457103,0.9856606033916687,0.9860496041197128,0.9999999498959775,0.9999949877818666,0.9999999999999
32200,9995631149233.0,9954102,21,200.0,12023,684,118559836,103643860771.0,103432,2000,11095,11406,11545,605,102,763,241,2000,39,199.0,32200,9.99999000001e-07,0.9998279518631749,0.4736842105263158,0.999000999000999,0.9987258880988212,0.8215726377495248,0.000998564004774908,9.99999000001e-07,0.9998969778344721,0.005201479677464838,0.993464732321786,0.9568693867156305,0.9999989689356817,0.9936826213132767,0.9462121888668769,0.983484644604917,0.9511072506913261,0.9999999748460277,0.9999949877639621,0.9999999999999
32300,9995618102981.0,10035484,25,200.0,20001,35,118498573,103655080303.0,206615,1,0,0,0,403,0,332,16,2000,0,200.0,32300,9.99999000001e-07,0.9998283567324645,0.4736842105263158,0.999000999000999,0.9987249182933364,0.04272391397794528,0.0009985636880254461,9.99999000001e-07,0.9998981142475508,0.0010767103570539461,0.9973407573499112,0.9902634490073561,0.999999000001,0.9936802129184575,0.9463711384711349,0.9875478289058308,0.971743589975463,0.9999999753017054,0.999994987773145,0.9999999999999
32400,9995594740176.0,20016172,18,200.0,5020,6642,118624460,103666529913.0,206899,2000,898,9033,8738,274,5,288,0,94,87,399.0,32400,9.99999000001e-07,0.9998316861596704,0.4736842105263158,0.999000999000999,0.998725284026516,0.03500627232548778,0.0009985623516494603,9.99999000001e-07,0.9998986945167597,0.005298207645082583,0.9728278468502701,0.9676360704182619,0.9999989999969,0.9937405939599083,0.9272164434900149,0.9691271973729296,0.8983436543686977,0.9999999498960778,0.9999949877376701,0.9999999999999
32500,9995590905385.0,9957047,25,200.0,19010,43092,118579305,103677764664.0,103764,2000,35719,0,0,798,1,255,0,2000,0,0.0,32500,9.99999000001e-07,0.9998293877385352,0.4736842105263158,0.999000999000999,0.9987268591678182,0.8225917852534955,0.000998559972178582,9.99999000001e-07,0.9998921295683533,0.0052846825599179225,0.987385567034083,0.9637028643518155,0.999998989896031,0.9937490332713443,0.9692263957662849,0.9797855357216291,0.9723608944973638,0.9999999795793193,0.9999949877608681,0.9999999999999
32600,9995577126735.0,9975758,23,201.0,20011,48285,118544439,103688875836.0,207404,2000,1287,5548,5171,402,1,336,244,44,1523,400.0,32600,9.99999000001e-07,0.9998299090110842,0.4736842105263158,0.999000999000999,0.9987255040980934,0.8223782219156675,0.000998558611156681,9.99999000001e-07,0.9999027150384359,0.005290241242894769,0.9860055589194344,0.9279331842231352,0.9999989986002434,0.9937512755905032,0.97043530406712,0.9860471082953212,0.958323341570438,0.9999999498958958,0.9999949877602708,0.9999999999999
32700,9995563308762.0,9996407,31,200.0,23009,861,118526227,103700276973.0,14,1,28655,8961,0,572,3,426,16,2000,0,0.0,32700,9.99999000001e-07,0.9998305172316647,0.4736842105263158,0.999000999000999,0.9987255486995097,0.015922029547382047,0.000998558215688162,9.99999000001e-07,0.9998920359334643,0.0010830058277447802,0.9820524934079513,0.9895645223559664,0.9999990000001,0.9937189301848702,0.31038773549937665,0.9869300281863266,0.9214952102362933,0.9999999858471177,0.999994987751173,0.9999999999999
32800,9995539832681.0,19970697,24,200.0,19001,5673,118547576,103711864877.0,10,2000,10055,133,7822,407,1,311,10,70,1364,201.0,32800,9.99999000001e-07,0.9998337613946943,0.4736842105263158,0.999000999000999,0.9987265969943365,0.8222757230099295,0.0009985558845509916,9.99999000001e-07,0.9998937102622529,0.005311994368472957,0.995339088150335,0.9758904591698392,0.9999989876001264,0.9937183457111078,0.19866707886209334,0.9766724926258752,0.9904155809199011,0.9999999498962089,0.9999949877684806,0.9999999999999
32900,9995526647826.0,19966365,20,200.0,10000,20061,118534302,103723205085.0,22,2000,65,8779,146,721,3,0,35,2000,40,0.0,32900,9.99999000001e-07,0.999834164292119,0.4736842105263158,0.999000999000999,0.9987247510894788,0.8225942695989887,0.0009985555518687917,9.99999000001e-07,0.9999005562584571,0.00533958096823597,0.9817133108808215,0.9560399554045307,0.9999989999951,0.9937394085623876,0.22923022511747798,0.9864891088908357,0.9812022988057997,0.9999999859332321,0.9999949877535673,0.9999999999999
33000,9995512799679.0,19931158,20,200.0,12,1138,118717564,103734564581.0,103518,2000,353,2030,1780,403,2,500,296,2000,2000,200.0,33000,9.99999000001e-07,0.9998347154586457,0.4736842105263158,0.999000999000999,0.9987239989956538,0.00163936373778039,0.0009985541663864019,9.99999000001e-07,0.9998964531904222,0.010370784304392379,0.9809053592214956,0.8706988752883094,0.9999989963104372,0.9937025614984164,0.9368666335448557,0.9760805730554414,0.9759011171142171,0.9999999766726884,0.9999957642372643,0.9999999999999
33100,9995509049153.0,9904518,21,200.0,8000,61790,118296512,103745211715.0,103696,2000,141,4,0,722,1,38,0,2000,0,0.0,33100,9.99999000001e-07,0.999832477483131,0.4736842105263158,0.999000999000999,0.9987229738500218,0.8224585198687892,0.000998551803014585,9.99999000001e-07,0.9999005961250381,0.0053596862654812436,0.8751462267945562,0.9561575329637837,0.9999989999951999,0.9937457937816785,0.9667470196731525,0.991689644537128,0.9120899869444633,0.9999999860140794,0.9999949877856816,0.9999999999999
33200,9995495421445.0,10003897,20,200.0,15000,15785,118795693,103757345892.0,103777,3,13000,12961,0,406,0,661,0,2000,2000,200.0,33200,9.99999000001e-07,0.9998329817300903,0.4736842105263158,0.999000999000999,0.9987238143100872,0.028748276294252778,0.0009985514406770956,9.99999000001e-07,0.9998978806976954,0.0010988632530822028,0.9966714954280369,0.9877781831448431,0.9999989940662989,0.9936914823895888,0.9369142532728492,0.9843200813630297,0.6131133231367067,0.9999999762329477,0.9999961266865276,0.9999999999999
33300,9995472054877.0,19754859,21,200.0,10000,132015,118584655,103768479961.0,104026,2000,72,9853,0,385,8,327,110,92,1552,199.0,33300,9.99999000001e-07,0.9998361029903831,0.4736842105263158,0.999000999000999,0.9987248785833791,0.897258491547213,0.0009985491203680361,9.99999000001e-07,0.9999007508988494,0.005391424385562152,0.9745474802348331,0.924530828613294,0.9999989842318243,0.9937317981553079,0.9462413504926671,0.9861835975872625,0.9255512492692671,0.9999999498958788,0.9999949877572497,0.9999999999999
33400,9995468671308.0,10017389,18,200.0,9038,25619,118754380,103780160058.0,15,4,145,23085,307,0,0,0,467,0,510,200.0,33400,9.99999000001e-07,0.9998337968564494,0.4736842105263158,0.999000999000999,0.9987251916723272,0.04516819656806254,0.0009985487826510017,9.99999000001e-07,0.9998986639551843,0.0011117237500069953,0.9888270607061016,0.9598109456414637,0.9999989949044672,0.9937155190120014,0.8872524855498358,0.9651733894184873,0.967800537024065,0.99999994989596,0.9999949877244271,0.9999999999999
33500,9995445311626.0,20037767,18,200.0,22008,1673,118706938,103791540603.0,22,2000,13000,127,0,0,0,0,0,140,662,201.0,33500,9.99999000001e-07,0.9998369508714665,0.4736842105263158,0.999000999000999,0.9987238129388755,0.04162070548992504,0.000998545441494314,9.99999000001e-07,0.9998982130382787,0.005447872394072549,0.9945300642309369,0.9812870554779681,0.9999989999937,0.993710232288048,0.8260661280228373,0.9846513753343796,0.9896424403154729,0.9999999498957881,0.9999949877405363,0.9999999999999
33600,9995442065834.0,9999261,23,200.0,11022,852,118669529,103803060427.0,13,22,91,643,26003,159,129,253,15,202,1776,200.0,33600,9.99999000001e-07,0.9998346294500994,0.4736842105263158,0.999000999000999,0.9987245586333895,0.05716423715343143,0.0009985461157487469,9.99999000001e-07,0.9999000824020431,0.0011226337003865463,0.9658479299410723,0.9432031605492122,0.9999989945223589,0.9937315245070462,0.9462457111696356,0.969867902403914,0.9211641155044041,0.9999999498960872,0.999994987747471,0.9999999999999
33700,9995427881085.0,24163,18,200.0,12000,29070,118678999,103814048271.0,207195,0,1000,2,334,10,3,8,0,136,4,400.0,33700,9.99999000001e-07,0.9998324819184962,0.4736842105263158,0.999000999000999,0.9987255373273631,0.8225908836507444,0.000998544709359147,9.99999000001e-07,0.999901996459524,0.001119961438631964,0.8464933208384083,0.9836947588056765,0.999998999994,0.9937578259071776,0.9692060422849033,0.9767536403810239,0.48096729521663384,0.9999999498960632,0.9999949877423774,0.9999999999999
33800,9995403817461.0,19986604,20,200.0,21,1613,118497121,103824952957.0,103754,3,389,23579,22852,709,51,1072,21,2000,98,200.0,33800,9.99999000001e-07,0.9998385167904137,0.4736842105263158,0.999000999000999,0.9987250214919269,0.0021836498485269655,0.0009985432954229372,9.99999000001e-07,0.9998857924558836,0.0011164217996841013,0.8903090064436072,0.9679095435068473,0.9999989557624422,0.993674519057959,0.9468227860371509,0.9861900260822438,0.5274843341319938,0.9999999860264627,0.9999949877570313,0.9999999999999
33900,9995389852839.0,19995884,21,201.0,10000,1645,118439591,103836020159.0,207243,3,8,13328,20831,399,0,665,13,36,2000,199.0,33900,9.99999000001e-07,0.9998390682282156,0.4736842105263158,0.999000999000999,0.9987241862995186,0.01827054397689388,0.0009985419027884182,9.99999000001e-07,0.9999020003684786,0.0011148692458648052,0.6048386725589877,0.9635430888693767,0.999999,0.9936966468557353,0.9610013634930864,0.9896089048628463,0.9476785238779102,0.9999999498956933,0.9999964868712063,0.9999999999999
34000,9995386390366.0,9898139,17,200.0,26,52284,118396037,103847366990.0,103885,2000,49503,23642,23176,1,0,0,13,78,2000,0.0,34000,9.99999000001e-07,0.9998368741503662,0.4736842105263158,0.999000999000999,0.998721199382966,0.8224443707239025,0.0009985395618342064,9.99999000001e-07,0.9999001665920079,0.005461784583641792,0.9916364322972554,0.9793804713928823,0.9999989867441821,0.9937220454227793,0.9223129404471477,0.9917567822841692,0.8974401101343182,0.999999949894846,0.9999969651209005,0.9999999999999
34100,9995372484728.0,9951352,19,200.0,14000,188,118607150,103858585248.0,103584,2000,1435,14533,13955,403,1,415,4,2000,439,200.0,34100,9.99999000001e-07,0.999837411427599,0.4736842105263158,0.999000999000999,0.998725302819167,0.8226045245651049,0.0009985381737580598,9.99999000001e-07,0.9998961840043014,0.0054598887672486635,0.9645402246950026,0.9615985720135082,0.9999989969893632,0.993748931047718,0.8697976384548854,0.9850105715693358,0.6311500916391517,0.9999999855898801,0.999994987745593,0.9999999999999
34200,9995358494229.0,9947363,25,200.0,12,24496,118527117,103869921162.0,103896,2000,39726,12520,0,764,18,648,0,180,1,0.0,34200,9.99999000001e-07,0.9998379564727071,0.4736842105263158,0.999000999000999,0.9987261569096662,0.8224640501632237,0.0009985377869607818,9.99999000001e-07,0.9999012163234099,0.005456008376022519,0.9826484515092111,0.9531057971757938,0.999998999999,0.9937363907716809,0.9692130983816653,0.9838882308399819,0.730072599641078,0.9999999498960793,0.9999949877688873,0.9999999999999
34300,9995334760218.0,19984141,23,200.0,17,1549,118619175,103880768509.0,207494,2000,14,0,0,0,0,0,0,20,951,400.0,34300,9.99999000001e-07,0.9998410527453065,0.4736842105263158,0.999000999000999,0.9987252293847461,0.0442017265725888,0.0009985364028575843,9.99999000001e-07,0.999902397555254,0.010605443703536386,0.9503137402528015,0.9708322861669306,0.9999989999993,0.9937472350433548,0.522297902800516,0.9842550626658977,0.9741293562524965,0.9999999498958394,0.9999949877514972,0.9999999999999
34400,9995330995242.0,416,17,200.0,7020,1635,118440159,103892122752.0,11,3,117,767,17634,399,0,0,31,60,2000,199.0,34400,9.99999000001e-07,0.9998363247248584,0.4736842105263158,0.999000999000999,0.9987230063059143,0.048797091252378175,0.0009985350425707484,9.99999000001e-07,0.9998997740807555,0.0011195685292450064,0.9330974963723067,0.8602311038692272,0.9999989789696333,0.9937435073424941,0.94001399797914,0.9898189053843309,0.9209700770969115,0.9999999498953086,0.9999955158250395,0.9999999999999
34500,9995317101396.0,20555,25,200.0,9014,10461,118613675,103903261659.0,103761,0,10,160,10437,0,0,3,6,4,116,400.0,34500,9.99999000001e-07,0.9998368829977256,0.4736842105263158,0.999000999000999,0.9987235869863954,0.018226945273196432,0.0009985336559025736,9.99999000001e-07,0.9999010380024956,0.00111911636376702,0.013805320475161807,0.9717513134377536,0.9999989998770848,0.9937324866830642,0.8379332718824306,0.9880272394218251,0.37804162309485745,0.9999999498957347,0.9999949877397359,0.9999999999999
34600,9995293159854.0,20005611,19,200.0,18,79,118490183,103914208026.0,104099,2000,5,41,40,800,1,665,31,12,761,200.0,34600,9.99999000001e-07,0.9998425860391141,0.4736842105263158,0.999000999000999,0.9987241012144855,0.02643939103759632,0.0009985322527984676,9.99999000001e-07,0.9999010406368708,0.010608753633086014,0.2088396861111759,0.9872053324210998,0.9999989923313392,0.9937354322742866,0.8519239742851001,0.9887289784006532,0.9515195141095231,0.9999999498956624,0.9999949877680494,0.9999999999999
34700,9995289293287.0,9992798,18,200.0,18023,18516,118708489,103925558985.0,104280,35,4,52,51,397,4,0,6,0,1887,201.0,34700,9.99999000001e-07,0.999840582253297,0.4736842105263158,0.999000999000999,0.9987256393448766,0.03837653700285293,0.000998530868986073,9.99999000001e-07,0.9999011851165418,0.0011163675168084917,0.9345895045447481,0.9573236691525118,0.9999989999959,0.9937341546746448,0.9466877913429547,0.969058801829558,0.9460979091213229,0.9999999498960263,0.9999949877521428,0.9999999999999
34800,9995275348818.0,1532,24,200.0,7,0,118557336,103936750335.0,208236,1,20882,6,5,400,1,332,72,0,1378,200.0,34800,9.99999000001e-07,0.9998385216624611,0.4736842105263158,0.999000999000999,0.9987260853161474,0.007066316603320866,0.0009985294888136946,9.99999000001e-07,0.9999018541228384,0.0011162236944103718,0.9753943412708828,0.9181241922907257,0.9999989860194388,0.9937477086028896,0.9322397748000527,0.9741305522356474,0.9463093697169134,0.9999999498960879,0.9999949877642695,0.9999999999999
34900,9995251966596.0,20006260,20,200.0,12000,1524,118584772,103948218400.0,7,0,0,4,4,306,54,4,29,4,1073,200.0,34900,9.99999000001e-07,0.9998439776707083,0.4736842105263158,0.999000999000999,0.9987249536635168,0.023149597900509064,0.00099852614623582,9.99999000001e-07,0.9998972494394186,0.0011202408655619862,0.9961339082664238,0.9843074452079983,0.9999989891550488,0.9937042784418031,0.9461048452315539,0.9781008034529518,0.9515974811868199,0.9999999498960425,0.9999949877601352,0.9999999999999
35000,9995248634383.0,3181,22,200.0,8011,8003,118509778,103960390509.0,104378,16,10004,27,25,3,0,630,0,190,2000,200.0,35000,9.99999000001e-07,0.9998393110415915,0.4736842105263158,0.999000999000999,0.9987266260595272,0.01558432089793184,0.000998526822573013,9.99999000001e-07,0.9998905424279441,0.0011276715446474083,0.9988780582956006,0.9694085486038218,0.9999989949790157,0.9936098408794202,0.12955591026115318,0.9806980305129839,0.7562638485668283,0.9999999498961853,0.9999959872639961,0.9999999999999
35100,9995235248184.0,10047250,26,200.0,24011,787,118530303,103971360202.0,104389,1,0,240,0,3,0,340,7,2000,180,200.0,35100,9.99999000001e-07,0.9998422346156608,0.4736842105263158,0.999000999000999,0.9987238693587019,0.04538504866290427,0.0009985254869039149,9.99999000001e-07,0.9998975890412081,0.001133377813517424,0.9969730712151376,0.9898315912128547,0.999998999995,0.993620202177536,0.9003182155034265,0.9902133383247905,0.6001279309776463,0.9999999834482172,0.9999949877532702,0.9999999999999
35200,9995222190437.0,9991409,20,200.0,26010,26741,118677307,103982993367.0,104319,53,1,326,0,40,194,268,696,2000,1501,200.0,35200,9.99999000001e-07,0.9998425342430586,0.4736842105263158,0.999000999000999,0.9987251534974211,0.06575950097637673,0.000998524183804871,9.99999000001e-07,0.9998891578780872,0.0011424564518765733,0.9964577613316328,0.9845882666882038,0.9999989953218165,0.9936418868237071,0.9469047669011608,0.9798351986760883,0.9915361696146624,0.9999999857117475,0.9999949877463096,0.9999999999999
35300,9995198937918.0,19858810,22,200.0,14030,1503,118734027,103994241704.0,207788,2000,1100,2,2,4,2,636,764,116,2000,401.0,35300,9.99999000001e-07,0.9998453441825008,0.4736842105263158,0.999000999000999,0.9987253534876062,0.0015785410046079953,0.0009985208534684775,9.99999000001e-07,0.9999022395740461,0.005555348833998925,0.9628666762953334,0.9512899636327454,0.9999989948851716,0.9937480021778055,0.2292590036868441,0.9830750900789026,0.9822026621763078,0.9999999498959719,0.999996002057446,0.9999999999999
35400,9995185217290.0,20003113,24,200.0,15013,1065,118543292,104005853045.0,103772,2000,21000,551,35986,4,179,7,1,2000,1964,200.0,35400,9.99999000001e-07,0.9998457624198874,0.4736842105263158,0.999000999000999,0.9987250012394313,0.822984858704489,0.0009985204938472334,9.99999000001e-07,0.9998974929859575,0.01091668937765477,0.9938598508065879,0.9762631148777942,0.9999989997109164,0.9937233291180679,0.9461229890456947,0.9718945075312727,0.9889188718469121,0.99999995154009,0.9999949877664469,0.9999999999999
35500,9995181710793.0,9995360,24,201.0,7,121,118654474,104017115337.0,10,1,119,9881,9621,1,48,216,1,2000,2000,200.0,35500,9.99999000001e-07,0.999843780735652,0.4736842105263158,0.999000999000999,0.9987242680538266,0.0007722234579757551,0.0009985201322086233,9.99999000001e-07,0.9998966217005524,0.0011532155621450514,0.9895764341835499,0.9740677614817962,0.9999989938332037,0.9936654350957628,0.9460987940286771,0.9858334609566926,0.6008328696617872,0.9999999751556347,0.9999961607328522,0.9999999999999
35600,9995158505202.0,19975263,21,200.0,21,572,118777595,104028866334.0,104302,2000,14119,3782,3602,2,20,0,402,1232,880,200.0,35600,9.99999000001e-07,0.999846504764364,0.4736842105263158,0.999000999000999,0.9987243990650378,0.0015566810172585465,0.0009985188121918022,9.99999000001e-07,0.9998972647352163,0.011030249968946599,0.9949042754320888,0.948695565851469,0.9999989999992,0.9937014956582874,0.9461002837907596,0.9633935041022298,0.9908269971571126,0.9999999498960725,0.9999949877265188,0.9999999999999
35700,9995155142739.0,9964040,24,200.0,8000,190,118660099,104040146451.0,18,2000,752,12441,12643,1,0,167,0,2000,778,399.0,35700,9.99999000001e-07,0.9998444720288854,0.4736842105263158,0.999000999000999,0.9987249548922731,0.8232098166224349,0.0009985164824339884,9.99999000001e-07,0.9998976311227593,0.005695856417892807,0.7999596423704262,0.979623497589954,0.999998999997,0.9937041915638164,0.8987521001859039,0.9839320996879317,0.9689651880299333,0.9999999749085001,0.9999949877463639,0.9999999999999
35800,9995131560789.0,19949818,23,200.0,11026,45,118615279,104051910000.0,9,2000,0,0,2,1,0,656,3,254,2000,200.0,35800,9.99999000001e-07,0.9998472411232053,0.4736842105263158,0.999000999000999,0.9987256005874174,0.8223087674045311,0.0009985151388558805,9.99999000001e-07,0.9998974748990358,0.005683977397282293,0.9960777622543556,0.7412233838036052,0.9999989695408645,0.993695446463531,0.44150895179480126,0.9799843870297684,0.9911216216333548,0.9999999498959292,0.9999966047887203,0.9999999999999
35900,9995118534367.0,19928593,22,200.0,13038,49404,118693940,104063644787.0,104121,2000,36000,0,0,400,2,330,87,60,1300,400.0,35900,9.99999000001e-07,0.9998475462366309,0.4736842105263158,0.999000999000999,0.9987246102365189,0.8234544535350349,0.0009985128291136183,9.99999000001e-07,0.9998909799063975,0.011140165736681999,0.9981330900308096,0.9900710767432176,0.999999000001,0.993676280612823,0.2837977331447583,0.9787384141919664,0.9932430077026101,0.9999999498960286,0.9999949877437183,0.9999999999999
36000,9995115207315.0,9990373,23,200.0,27,1063,118728397,104074717871.0,208732,2000,15269,13968,13276,800,2,497,260,2000,0,0.0,36000,9.99999000001e-07,0.9998455391864558,0.4736842105263158,0.999000999000999,0.9987245341364254,0.8232584563954446,0.0009985134940143025,9.99999000001e-07,0.9998938579524329,0.005785951015421065,0.9698495111852581,0.9373777362191155,0.9999989999951,0.9937480528478585,0.85494458863578,0.9805862771883005,0.9481291273910594,0.9999999873552697,0.9999949877206489,0.9999999999999
36100,9995091435717.0,20001175,22,200.0,10000,5,118644946,104086007183.0,104132,2000,13252,27748,27091,0,3,408,30,156,1,400.0,36100,9.99999000001e-07,0.9998483325838208,0.4736842105263158,0.999000999000999,0.9987246835173721,0.823308901086242,0.000998512120496367,9.99999000001e-07,0.9999006300551354,0.005797925444038869,0.9823514328437036,0.9751332949540511,0.9999989839473847,0.9937375343763819,0.9277744894422084,0.9786816757494156,0.9317325494772959,0.9999999498960535,0.9999949877332772,0.9999999999999
36200,9995087375595.0,9862375,24,200.0,12,10782,118727666,104097196708.0,103534,2000,56,5567,4580,168,334,288,4,2000,46,0.0,36200,9.99999000001e-07,0.9998464588744971,0.4736842105263158,0.999000999000999,0.9987243677891454,0.8217026088793754,0.0009985097450266466,9.99999000001e-07,0.9999012434437992,0.005727762917067786,0.9375694049204549,0.9774325915643779,0.9999989999928,0.993727798414305,0.9692077198363437,0.9837570192605777,0.39303391571120305,0.9999999735246347,0.9999949877385869,0.9999999999999
36300,9995063588445.0,19949576,16,200.0,7013,40291,118660310,104108537493.0,103911,2000,3,25233,25068,802,2,0,41,0,125,200.0,36300,9.99999000001e-07,0.9998492810796423,0.4736842105263158,0.999000999000999,0.9987240202818094,0.898256495397102,0.000998507345858512,9.99999000001e-07,0.9999011506655624,0.005795821336324549,0.9129345265889086,0.9932934195643304,0.9999989999955999,0.9937342725673723,0.9185222456215141,0.9839612894896127,0.9826609296050106,0.9999999498958055,0.9999949877488646,0.9999999999999
36400,9995059309676.0,43663,18,200.0,30,22755,118813383,104119704186.0,12,0,16,75,18906,52,184,0,17,72,683,200.0,36400,9.99999000001e-07,0.9998451943763792,0.4736842105263158,0.999000999000999,0.9987242411984756,0.040297567597027274,0.0009985069189406516,9.99999000001e-07,0.999900021255481,0.0011783862832093362,0.11503227656661744,0.9470972759738268,0.9999989999978,0.993707493975503,0.946353301954296,0.8622829437450052,0.9526598908654007,0.999999949895997,0.999994987718114,0.9999999999999
36500,9995045279989.0,32024,21,200.0,17000,17070,118712473,104130802027.0,208019,34,15025,7554,7304,801,1,335,29,134,54,400.0,36500,9.99999000001e-07,0.9998456832560562,0.4736842105263158,0.999000999000999,0.99872465152511,0.06574757660786781,0.0009985065248969427,9.99999000001e-07,0.9998929159167211,0.0011774678424727163,0.9737881537983,0.963246344657565,0.9999989868631611,0.9937572407476473,0.9616330413226669,0.9700113492085777,0.9472091542684619,0.9999999498961052,0.9999949877238683,0.9999999999999
36600,9995031101281.0,28830,21,200.0,13013,1463,118666514,104141869265.0,15,28,1,1,300,108,152,231,0,2000,915,200.0,36600,9.99999000001e-07,0.9998462359816881,0.4736842105263158,0.999000999000999,0.9987256160999889,0.0311851556421189,0.0009985051101411636,9.99999000001e-07,0.9999002568386405,0.0011739160315530682,0.9646079080062483,0.9885366968520543,0.9999989907924953,0.9937147090255372,0.946132661604612,0.9751680289498336,0.8946977906864008,0.9999999649065754,0.999994987743997,0.9999999999999
36700,9995017039423.0,9943180,19,200.0,17022,54386,118672532,104152657514.0,208723,35,62,50,50,400,0,0,1,10,43,200.0,36700,9.99999000001e-07,0.9998490647622503,0.4736842105263158,0.999000999000999,0.9987242151862833,0.8236785307370145,0.0009985037096290929,9.99999000001e-07,0.9999020642121869,0.0011717374783793723,0.14014007762276495,0.9945868632945448,0.9999989999977,0.9937330310081459,0.7279412177626697,0.9830250670669776,0.5668060324356309,0.9999999498959472,0.9999949877469945,0.9999999999999
36800,9995002864284.0,9851531,17,201.0,12014,27466,118643727,104163583993.0,15,2000,100,0,0,0,0,52,60,4,0,401.0,36800,9.99999000001e-07,0.9998495615535414,0.4736842105263158,0.999000999000999,0.9987248744085502,0.8219613245394102,0.0009985013118519474,9.99999000001e-07,0.9998995734079221,0.005629860432012458,0.9744585734347054,0.9919320009906688,0.9999989999940999,0.9937497657006079,0.42068349919045844,0.9779617876061932,0.9659737067288399,0.9999999498960951,0.9999949877334463,0.9999999999999
36900,9994988912094.0,9935747,21,201.0,5,3857,118580613,104174580202.0,104109,2000,17,266,13,12,199,203,6,160,979,199.0,36900,9.99999000001e-07,0.9998500577902018,0.4736842105263158,0.999000999000999,0.9987258262298516,0.8224912592001524,0.000998499910967511,9.99999000001e-07,0.999901371829092,0.0056661454436722014,0.9829449204064364,0.9917836083420565,0.9999989901059672,0.9937246408711101,0.9555821941420277,0.979530896752186,0.30171848353666536,0.9999999498960471,0.9999949877606756,0.9999999999999
37000,9994974856647.0,1994,25,200.0,11029,21434,118551759,104185551482.0,14,41,366,8530,0,400,1,501,410,2000,0,0.0,37000,9.99999000001e-07,0.9998483037337157,0.4736842105263158,0.999000999000999,0.9987258645091844,0.040997476220543096,0.0009984994995602232,9.99999000001e-07,0.9998955627974633,0.0011638481329647287,0.9627922671753719,0.993797388961649,0.9999990000004,0.9936796738768506,0.9142159621980802,0.9843894439715941,0.9573877824536371,0.9999999873962373,0.999994987765156,0.9999999999999
37100,9994951083476.0,19963146,19,200.0,26,235,118447629,104196365071.0,104301,0,10323,9,0,802,4,0,29,4,0,0.0,37100,9.99999000001e-07,0.999853188496856,0.4736842105263158,0.999000999000999,0.998726172583208,0.005482219345312349,0.0009984971271204826,9.99999000001e-07,0.9999011486037982,0.0011642533858167387,0.9870475207461449,0.9824213578096979,0.9999989999911999,0.993734251395079,0.8059975302318044,0.987204458902358,0.8744261719822739,0.9999999498959854,0.9999949877806792,0.9999999999999
37200,9994947241571.0,9836301,20,200.0,12012,99385,118408814,104207163937.0,104227,1,0,515,9371,0,49,375,254,2000,0,200.0,37200,9.99999000001e-07,0.9998514712315898,0.4736842105263158,0.999000999000999,0.998725031339591,0.8231274550908688,0.0009984967156155878,9.99999000001e-07,0.9998967142958363,0.001161479943177498,0.8800797526209135,0.7084131302751212,0.999998984894829,0.9936799455199194,0.9460829630865901,0.9887181879794255,0.9414403755142826,0.9999999830382607,0.9999949877688354,0.9999999999999
37300,9994933284743.0,9896996,17,200.0,6020,4130,118673018,104218656004.0,103911,1,16262,438,10226,3,0,374,389,2000,1565,0.0,37300,9.99999000001e-07,0.9998519159838581,0.4736842105263158,0.999000999000999,0.9987246566750041,0.8217975620232327,0.0009984943410248364,9.99999000001e-07,0.9998962581454214,0.0011619151419217301,0.98200374587297,0.7551074880623027,0.9999989851564929,0.993693170994492,0.8360767631893964,0.9810175222763973,0.971856755520724,0.9999999766403823,0.9999949877544462,0.9999999999999
37400,9994919706871.0,63,25,200.0,23,0,118552968,104230110188.0,104166,0,715,20916,22061,0,1,455,13,2000,0,199.0,37400,9.99999000001e-07,0.9998500793385388,0.4736842105263158,0.999000999000999,0.9987263500060803,0.03153203085774239,0.0009984939957511777,9.99999000001e-07,0.9998945946891745,0.0011657130662563104,0.9865130134763378,0.9565502799109982,0.9999989820022062,0.9937293354867648,0.9108755403830356,0.9784234670137012,0.9540939847712021,0.9999999864915492,0.9999949877649261,0.9999999999999
37500,9994906127684.0,4049,23,200.0,9027,1528,118573578,104241470331.0,103981,0,46,160,13128,206,309,0,0,112,1960,0.0,37500,9.99999000001e-07,0.9998504700500146,0.4736842105263158,0.999000999000999,0.9987252944774098,0.00199880419764159,0.0009984926406572407,9.99999000001e-07,0.9998926788863202,0.0011691452294575878,0.9951520564843029,0.9818332677956676,0.9999989999988,0.993659467229016,0.9691722755063908,0.9796027869645108,0.5981013998641276,0.9999999498960328,0.9999949877762319,0.9999999999999
37600,9994882754749.0,19977896,21,200.0,13,1451,118470015,104252836694.0,104941,2,51,13239,21188,799,1,330,4,118,1912,399.0,37600,9.99999000001e-07,0.9998551582415764,0.4736842105263158,0.999000999000999,0.9987270037271155,0.023326073200778074,0.0009984892983824134,9.99999000001e-07,0.9999011348532465,0.001172715386962361,0.9008793388875911,0.9874581988005428,0.9999989999948999,0.9937339574015419,0.9090801200756182,0.9754279887374289,0.9560434660447026,0.9999999498962261,0.9999949877774112,0.9999999999999
37700,9994878633388.0,9999065,24,200.0,40,750,118531621,104263685634.0,208718,2,6,100,24470,800,1,0,7,0,824,0.0,37700,9.99999000001e-07,0.9998535214776323,0.4736842105263158,0.999000999000999,0.9987259296771653,0.043091301352385834,0.000998489884922448,9.99999000001e-07,0.9999022718281736,0.0011693453705962716,0.9565113376345301,0.9893164006756533,0.9999989941659614,0.9937356433654665,0.9185478380228898,0.9785381322533037,0.7225138442300317,0.9999999498960794,0.9999949877627627,0.9999999999999
37800,9994865025122.0,10010822,19,200.0,29,726,118437938,104274972142.0,208422,1,910,249,0,403,1,292,296,70,1761,200.0,37800,9.99999000001e-07,0.99985390156442,0.4736842105263158,0.999000999000999,0.9987259258739482,0.013465556259930435,0.0009984885276067433,9.99999000001e-07,0.9999019952301078,0.0011725521950862565,0.9755925838589671,0.9583121051761282,0.9999989938310777,0.9937331286647396,0.27301260387308196,0.983489020761632,0.9721684909125856,0.9999999498961236,0.9999949877822354,0.9999999999999
37900,9994851206458.0,1467,23,200.0,20,764,118514408,104286455604.0,104509,0,0,17,17,978,115,243,0,56,226,200.0,37900,9.99999000001e-07,0.9998521448798907,0.4736842105263158,0.999000999000999,0.9987260116803489,0.031037836327085656,0.0009984871594311546,9.99999000001e-07,0.9998897123333705,0.0011736650998797123,0.9696792946880207,0.9872951965373079,0.9999989903406904,0.9937490699159753,0.9691854667070309,0.9753329823368911,0.9554297223606961,0.9999999498961424,0.999994987756356,0.9999999999999
38000,9994837117586.0,18828,24,200.0,8000,43,118341102,104297411782.0,11,2000,905,21400,5525,644,81,78,0,0,2000,200.0,38000,9.99999000001e-07,0.9998526654142265,0.4736842105263158,0.999000999000999,0.9987269644150233,0.0014046953839710727,0.0009984847437425515,9.99999000001e-07,0.9999003510830642,0.005710162975407785,0.9706813568373087,0.9861647434899757,0.9999989767023784,0.9937369655884216,0.9461340885569506,0.970403316499918,0.8893382083852818,0.9999999498961567,0.9999956997540952,0.9999999999999
38100,9994823289366.0,9893309,18,200.0,16001,70882,118474489,104308444270.0,15,2000,15404,21390,0,801,4,7,1,2000,784,0.0,38100,9.99999000001e-07,0.9998551967366569,0.4736842105263158,0.999000999000999,0.9987267505191039,0.8231173496083017,0.000998483364106373,9.99999000001e-07,0.9998936469472154,0.005660996478864883,0.9874595351492477,0.98844289009521,0.9999989920915471,0.9937329429215185,0.7310254660766942,0.9515787889802795,0.981103452146673,0.9999999873017658,0.9999949877767371,0.9999999999999
38200,9994809584901.0,28072,19,200.0,13000,14421,118494307,104319417911.0,103932,28,18347,7765,0,799,0,333,0,40,1320,399.0,38200,9.99999000001e-07,0.9998535016412738,0.4736842105263158,0.999000999000999,0.9987247324937164,0.027937864749427915,0.0009984819970068177,9.99999000001e-07,0.99990120102992,0.0011710652177713702,0.9713134643087903,0.928654472982968,0.9999989999953,0.9937348770506479,0.7996726970713093,0.9899875956123725,0.9118438833606669,0.999999949895601,0.9999949877758175,0.9999999999999
38300,9994796098028.0,10011656,20,200.0,27,696,118632272,104331203083.0,104067,2000,14000,0,0,406,1,165,13,2000,586,200.0,38300,9.99999000001e-07,0.999855936559209,0.4736842105263158,0.999000999000999,0.9987246538181527,0.03601489437081998,0.0009984816596441289,9.99999000001e-07,0.9998995415780833,0.0057392097979775715,0.9941269152530474,0.9741799134982095,0.9999989935192706,0.9937174368476582,0.25753783879859893,0.9866155304518212,0.9633347843193558,0.9999999748332588,0.9999949877440213,0.9999999999999
38400,9994782983239.0,1408,23,200.0,9013,76450,118557199,104342615770.0,103903,2000,85,18,23977,6,0,625,31,106,2000,400.0,38400,9.99999000001e-07,0.9998541256959842,0.4736842105263158,0.999000999000999,0.998725687340161,0.823482722301178,0.0009984793413937273,9.99999000001e-07,0.9999010227223126,0.0057071721808207914,0.37922959510161414,0.8210395688726659,0.9999989994742237,0.9936511636834077,0.9173307173990406,0.9875599728375207,0.9790177264590654,0.9999999498958949,0.9999963651275557,0.9999999999999
38500,9994759279338.0,19978296,24,200.0,6025,1417,118565674,104353969522.0,9,2000,139,2,0,0,0,663,53,80,2000,400.0,38500,9.99999000001e-07,0.9998586324634359,0.4736842105263158,0.999000999000999,0.9987242353412831,0.03332157913902225,0.0009984769756664663,9.99999000001e-07,0.9998998957614564,0.01123657833462876,0.9470422955633172,0.9787422339763943,0.999998993678692,0.9937438361006002,0.9140597592405937,0.9890748992310066,0.9607387659111977,0.9999999498958794,0.9999961829679687,0.9999999999999
38600,9994755264848.0,10016806,24,200.0,10000,720,118543491,104364902913.0,208782,1,1,6,3293,605,103,501,1,1186,824,199.0,38600,9.99999000001e-07,0.9998570508669251,0.4736842105263158,0.999000999000999,0.9987257879998449,0.04764934759288545,0.0009984775745729838,9.99999000001e-07,0.9998953944586051,0.0011826893081226192,0.9175486439218473,0.985567536650319,0.9999989920224626,0.9937586485545523,0.9692524529135526,0.9852026955265107,0.932314249226253,0.9999999498960058,0.9999949877609776,0.9999999999999
38700,9994741305885.0,9948995,19,200.0,23,11988,118400977,104376181767.0,104072,1,1,3,136,0,0,0,0,56,1309,201.0,38700,9.99999000001e-07,0.9998574487978854,0.4736842105263158,0.999000999000999,0.9987247488916431,0.82292226407342,0.000998475198500105,9.99999000001e-07,0.9999010517408363,0.0011831262482896478,0.18098096222361115,0.9833769115624322,0.9999989867475702,0.9937330504277359,0.5558078993465003,0.9888646695254377,0.39894112549468425,0.9999999498957325,0.9999949877877349,0.9999999999999
38800,9994728122768.0,9965243,17,200.0,12000,1493,118603147,104387679196.0,208858,2000,18001,484,478,400,1,501,239,2000,340,200.0,38800,9.99999000001e-07,0.9998577491171964,0.4736842105263158,0.999000999000999,0.9987250734201985,0.0015607038823718794,0.0009984738667241822,9.99999000001e-07,0.9998920545336178,0.005804565959048051,0.9948068466158031,0.9797130747475471,0.9999989966281689,0.9937126672625486,0.9552236200833776,0.9863523743539843,0.9519714793450894,0.9999999874146854,0.9999949877483187,0.9999999999999
38900,9994704345602.0,19901727,22,200.0,17000,76079,118433321,104398932375.0,30,2,27225,28709,0,1,2,731,11,2000,2000,199.0,38900,9.99999000001e-07,0.9998601088440205,0.4736842105263158,0.999000999000999,0.9987271988567434,0.8233818058552846,0.0009984725025590322,9.99999000001e-07,0.9998856718863167,0.001189812331232314,0.9911357847576442,0.9878247948376916,0.9999989999935,0.9935906239581944,0.3255121030064615,0.9845531492246378,0.7198211444476477,0.9999999677625144,0.9999965067796889,0.9999999999999
39000,9994700131853.0,1353,21,200.0,19000,25137,118559979,104409958235.0,104112,0,1382,8966,8506,401,0,332,0,0,2000,200.0,39000,9.99999000001e-07,0.9998565978838273,0.4736842105263158,0.999000999000999,0.9987256060590363,0.8233032809716336,0.0009984710727854913,9.99999000001e-07,0.9999012157476719,0.0011850560143874195,0.9482014406163797,0.9487287500474391,0.9999989993759107,0.9937350388028513,0.2133558907467668,0.9852596712526852,0.8111220520142699,0.9999999498958407,0.9999951392193005,0.9999999999999
39100,9994676062360.0,19893428,20,200.0,9000,61810,118394954,104420882070.0,103998,2000,89,650,7526,400,0,0,3,0,2000,200.0,39100,9.99999000001e-07,0.9998610064470352,0.4736842105263158,0.999000999000999,0.9987259064929342,0.8235666833508547,0.0009984696799200323,9.99999000001e-07,0.9999012045145586,0.005728864956412881,0.9421390131729007,0.8047543218528252,0.9999989720693775,0.9937472580652384,0.9406828243933465,0.9752415715227064,0.9108793815770845,0.9999999498960982,0.9999964067942919,0.9999999999999
39200,9994672497778.0,9964893,19,200.0,19021,42333,118556670,104432275281.0,104235,2000,11,100,4666,801,0,119,0,26,0,400.0,39200,9.99999000001e-07,0.9998594063468708,0.4736842105263158,0.999000999000999,0.9987258885375294,0.8236404984336432,0.0009984683145367074,9.99999000001e-07,0.9999013634724476,0.005790467641075225,0.9696067976503727,0.9794512367387812,0.9999989999973999,0.9937390654029333,0.7597273329424186,0.9839633998366096,0.8087839036090975,0.9999999498959112,0.999994987746585,0.9999999999999
39300,9994658915186.0,9989532,19,200.0,26,258,118303070,104443260535.0,103940,2000,61453,233,0,405,1,968,27,70,49,0.0,39300,9.99999000001e-07,0.9998597585154952,0.4736842105263158,0.999000999000999,0.9987247819035296,0.038496420656766166,0.0009984669589488881,9.99999000001e-07,0.9999007331846979,0.005803252345635067,0.9893227510889369,0.9669212344479279,0.9999989999996,0.9936341107032481,0.7151704272486716,0.9901582264789529,0.9552816818517129,0.99999994989563,0.999994987785441,0.9999999999999
39400,9994644979465.0,92,18,200.0,9006,48624,118493050,104454480891.0,208051,0,100,489,23539,800,4,0,5,0,236,200.0,39400,9.99999000001e-07,0.999858163498827,0.4736842105263158,0.999000999000999,0.9987258052918954,0.8233414354322682,0.0009984665778941702,9.99999000001e-07,0.9998916069176899,0.0011885447323895107,0.9911877990237402,0.9822653884736531,0.9999989999939,0.9937430777928623,0.9207458196834778,0.9863572427620912,0.9666695096150115,0.9999999498959712,0.9999949877740039,0.9999999999999
39500,9994631654609.0,82,18,200.0,10015,23669,118633705,104466221652.0,104554,2000,0,22,0,4,0,502,9,2000,0,0.0,39500,9.99999000001e-07,0.9998584864895141,0.4736842105263158,0.999000999000999,0.9987243717887193,0.8236218482868974,0.0009984642390588672,9.99999000001e-07,0.9998930354069917,0.0058132004582378775,0.9935013049438328,0.9780532419549027,0.9999989999932,0.9936488589315003,0.9262874607546935,0.9838742971509196,0.811209058233644,0.9999999873710217,0.9999949877379801,0.9999999999999
39600,9994618343187.0,9995082,26,200.0,17013,47,118711692,104478034764.0,104868,1,29,5400,0,402,2,305,13,2000,1168,200.0,39600,9.99999000001e-07,0.9998607229797142,0.4736842105263158,0.999000999000999,0.9987251918148654,0.03199660440802742,0.0009984639195946708,9.99999000001e-07,0.9998924145246847,0.0012002224920635816,0.9969833060536721,0.8918498388803077,0.999999000001,0.9936970242345171,0.7006903578549115,0.9653732887880845,0.9643791013745042,0.9999999774747431,0.99999498774082,0.9999999999999
39700,9994605377629.0,9982750,25,200.0,7000,14017,118577117,104489473157.0,104256,15,17446,237,8472,400,1,331,25,116,2000,0.0,39700,9.99999000001e-07,0.9998609641463517,0.4736842105263158,0.999000999000999,0.9987247638161896,0.823730142495841,0.0009984616165030703,9.99999000001e-07,0.9999012149474824,0.0012094100170513418,0.9754097908617396,0.9635279080981328,0.9999989730920332,0.9937473543967906,0.8952764853292888,0.9870546626938252,0.9531532470406817,0.9999999498956789,0.9999974984029635,0.9999999999999
39800,9994591495696.0,9996893,21,200.0,20024,25,118568913,104500659682.0,8,2,791,11330,11195,2,0,8,0,2000,140,200.0,39800,9.99999000001e-07,0.99986135572102,0.4736842105263158,0.999000999000999,0.9987240235630555,0.0013635041273438995,0.0009984602309411786,9.99999000001e-07,0.9998999322140818,0.0012089256153871005,0.9719359227069556,0.9896950153841544,0.9999989997198215,0.9937319719587392,0.9497721314287877,0.9893858975215053,0.2878000130284631,0.9999999519110407,0.999994987762569,0.9999999999999
39900,9994577351036.0,9989289,25,200.0,21007,695,118578096,104511667039.0,103887,0,210,12700,0,623,94,253,13,2000,0,400.0,39900,9.99999000001e-07,0.9998617972415473,0.4736842105263158,0.999000999000999,0.9987239691698647,0.01910080739010242,0.000998459816720285,9.99999000001e-07,0.9998965916290717,0.00120510619034012,0.20883952925862725,0.992396456653358,0.999998999994,0.9937449787838257,0.9691975867994621,0.9880326421353902,0.9235120052733845,0.9999999747449848,0.9999949877496824,0.9999999999999
40000,9994563407377.0,9922031,22,202.0,22,38521,118593015,104522782452.0,104494,2000,81,3200,3173,348,24,0,0,1072,0,198.0,40000,9.99999000001e-07,0.9998622013436497,0.4736842105263158,0.999000999000999,0.9987233593479371,0.8233606214617504,0.000998458417748407,9.99999000001e-07,0.9999016360869655,0.00587752682015548,0.9794580549424537,0.9898357904162086,0.9999989999971,0.9937401071222053,0.9456852980509535,0.9882794436858813,0.9697506401412439,0.9999999498957144,0.9999949877411098,0.9999999999999
40100,9994549178529.0,9953081,22,200.0,12013,6123,118672324,104534028453.0,208692,2000,206,187,185,6,200,371,5,2000,729,200.0,40100,9.99999000001e-07,0.9998626227144068,0.4736842105263158,0.999000999000999,0.9987253922318434,0.8226911252443933,0.000998456023686214,9.99999000001e-07,0.9998996388201861,0.005863929804650164,0.3905750740251616,0.9912063287047849,0.9999989855084961,0.9936916717138945,0.9729476435411498,0.9730936382855141,0.8644086061725675,0.9999999593773782,0.9999949877433238,0.9999999999999
40200,9994535449877.0,1432,17,200.0,17,17,118547510,104545128746.0,104932,2000,33,1308,0,40,188,646,0,2000,1119,200.0,40200,9.99999000001e-07,0.9998611074003638,0.4736842105263158,0.999000999000999,0.9987248087201203,0.006041525384841605,0.0009984546377749056,9.99999000001e-07,0.9998961284367724,0.0058612077252742124,0.9761837131953132,0.9894671099206859,0.9999989886829578,0.9936439992466326,0.9460529598223284,0.9847959253364774,0.5035642616215712,0.9999999860226322,0.9999949877648141,0.9999999999999
40300,9994521349340.0,9949147,23,200.0,24020,48070,118559061,104555890795.0,104753,2000,22501,3458,0,404,2,200,75,2000,0,200.0,40300,9.99999000001e-07,0.9998634330730264,0.4736842105263158,0.999000999000999,0.9987250393333791,0.8240837777525831,0.0009984532295888404,9.99999000001e-07,0.9998964390891486,0.005828859356850549,0.9753317442821382,0.990350888491146,0.999999000001,0.993734220533121,0.7104753959850065,0.9853574346459641,0.941933366614029,0.9999999772100937,0.9999949877534527,0.9999999999999
40400,9994497397793.0,19868493,22,201.0,11026,266,118620652,104566873927.0,104648,0,37601,225,219,400,192,330,26,94,1292,199.0,40400,9.99999000001e-07,0.9998656535069194,0.4736842105263158,0.999000999000999,0.9987253272623218,0.010406363534000087,0.000998452822671335,9.99999000001e-07,0.9999011306110108,0.0011952969473096767,0.9819503670709967,0.9838273273644529,0.9999990000008,0.9937517014855882,0.9462597900303692,0.9866041891917927,0.8999542684950592,0.999999949895854,0.9999949877564095,0.9999999999999
40500,9994492982165.0,9843670,26,200.0,15,676,118485446,104578058929.0,104529,1,0,0,9,0,0,0,0,0,1599,400.0,40500,9.99999000001e-07,0.9998642506998093,0.4736842105263158,0.999000999000999,0.9987268883334004,0.01792538374584983,0.0009984514085161027,9.99999000001e-07,0.999901354296992,0.001191328746182509,0.9684148439028403,0.9872819799250346,0.9999989837500619,0.9937488588287107,0.8753286191297173,0.9639649733317546,0.9438144537134217,0.9999999498960835,0.9999949877751485,0.9999999999999
40600,9994468891873.0,19919086,25,200.0,19,34964,118317973,104588964768.0,8,2000,1,18700,0,566,3,0,5,36,1644,0.0,40600,9.99999000001e-07,0.9998664988628574,0.4736842105263158,0.999000999000999,0.9987258855421381,0.82334716919436,0.0009984490042880068,9.99999000001e-07,0.9999010874446337,0.005765782484237195,0.9915949319746447,0.9938208324209162,0.9999989832816942,0.9937591660793512,0.9598898962867186,0.9871774146086031,0.8567023751103291,0.9999999498959509,0.9999949878002219,0.9999999999999
40700,9994455130630.0,19921558,22,200.0,16006,37083,118516600,104599836208.0,104009,2,13,160,156,400,1,0,0,42,1428,0.0,40700,9.99999000001e-07,0.9998668636147887,0.4736842105263158,0.999000999000999,0.9987256375289204,0.8982037722286598,0.0009984466216458297,9.99999000001e-07,0.9999013591135893,0.0011872355751937095,0.9694034202658954,0.9835688547654405,0.9999989999940999,0.993736795475766,0.9463575536683035,0.9870006046623687,0.9408425699878578,0.9999999498959316,0.9999949877740929,0.9999999999999
40800,9994451127097.0,10052434,19,200.0,22012,9956,118461840,104610818828.0,104557,1,20800,0,0,208,3,0,0,1116,97,200.0,40800,9.99999000001e-07,0.9998654616363211,0.4736842105263158,0.999000999000999,0.9987249817539687,0.06390112076174695,0.0009984472256296293,9.99999000001e-07,0.9999003321033982,0.001185780209723589,0.9744975594686359,0.9888624003780999,0.999998999021243,0.9937494127567993,0.9085469970678027,0.9879176536643309,0.9339388584080968,0.9999999498959388,0.9999949877786839,0.9999999999999
40900,9994427417099.0,20006695,19,200.0,9023,1264,118679680,104622391956.0,12,2,48,243,239,0,1,332,400,54,2000,0.0,40900,9.99999000001e-07,0.9998675776503305,0.4736842105263158,0.999000999000999,0.9987245887134725,0.017921723488272475,0.0009984458525125095,9.99999000001e-07,0.9998983952133579,0.0011877453490373906,0.9947776763492511,0.9771799075798125,0.9999989712041057,0.9937127696360895,0.9051361036272313,0.9798141253365709,0.9898768388438396,0.9999999498959717,0.9999964182068045,0.9999999999999
41000,9994423841017.0,16285,20,200.0,7000,8306,118554974,104633863377.0,105124,16,29301,30057,29326,11,0,989,0,86,2000,200.0,41000,9.99999000001e-07,0.9998642791864539,0.4736842105263158,0.999000999000999,0.9987263658244682,0.02029070058724428,0.0009984445081995807,9.99999000001e-07,0.9999009332386123,0.0011916456116642658,0.9915040844455063,0.9745229878496221,0.9999989803350476,0.9937340705348651,0.35250384818569785,0.9861482747264312,0.6520508276106685,0.9999999498960305,0.9999974423676875,0.9999999999999
41100,9994410101789.0,9992568,21,200.0,12,700,118436271,104644827933.0,104148,2,79600,13618,0,400,0,499,4,2000,1972,200.0,41100,9.99999000001e-07,0.9998664550056853,0.4736842105263158,0.999000999000999,0.9987256219237148,0.030720143980813037,0.0009984421281759458,9.99999000001e-07,0.9998948663667414,0.001191168515737564,0.9882399675323604,0.9855927855635084,0.9999989999958,0.9937450472632744,0.939407440723642,0.9854567416985784,0.5577913091931251,0.9999999873899414,0.9999949877824664,0.9999999999999
41200,9994396133079.0,9939518,23,201.0,23011,186,118304551,104655654645.0,209555,2000,353,11,8182,718,47,636,0,82,652,201.0,41200,9.99999000001e-07,0.9998668056725291,0.4736842105263158,0.999000999000999,0.9987243103960521,0.0006546885190529728,0.000998441742912825,9.99999000001e-07,0.9999016815889435,0.005814680146911286,0.8999392708883107,0.9865057371157949,0.9999989741413872,0.9937281801564762,0.9459196656180016,0.9910793436470628,0.15532590060152382,0.9999999498953749,0.9999949878022009,0.9999999999999
41300,9994382129594.0,9982173,22,200.0,31,12043,118517559,104666761092.0,208846,1,30806,128,88,312,45,302,0,42,688,200.0,41300,9.99999000001e-07,0.9998672204242415,0.4736842105263158,0.999000999000999,0.9987242071097561,0.8234289606043599,0.0009984403315719326,9.99999000001e-07,0.9999023626862993,0.0011877401160788207,0.9884256989429057,0.9848008892705978,0.9999989878868272,0.9937367211009845,0.9461570279918717,0.9880217148631352,0.6737743966977554,0.9999999498958388,0.9999949877628416,0.9999999999999
41400,9994358344371.0,19922225,21,202.0,20007,40612,118463185,104678281538.0,10,2000,11945,3485,2,399,1,309,220,2000,1320,0.0,41400,9.99999000001e-07,0.9998692933128732,0.4736842105263158,0.999000999000999,0.9987270683589747,0.8233757431290738,0.0009984369625931587,9.99999000001e-07,0.9998906417198558,0.005785770437888907,0.9816185831374822,0.9590802049288151,0.9999989988383522,0.9936804072419623,0.9461136274038032,0.9790327307016959,0.9818513962492891,0.9999999872413702,0.9999949877784249,0.9999999999999
41500,9994344234079.0,19861490,24,200.0,17007,68758,118560092,104689267631.0,209827,2000,664,3501,0,801,0,165,0,46,648,400.0,41500,9.99999000001e-07,0.9998696603735923,0.4736842105263158,0.999000999000999,0.9987255035563648,0.8981699422609507,0.0009984365633850226,9.99999000001e-07,0.999902265600658,0.011258851397851653,0.917308574463668,0.9941819163636947,0.9999989999991,0.993735399990441,0.8758483365680624,0.9870080028812682,0.626659389381167,0.9999999498959498,0.9999949877558315,0.9999999999999
41600,9994340266314.0,10012845,19,200.0,8025,50112,118657323,104700448887.0,104861,2000,575,28466,0,3,145,0,0,120,1093,200.0,41600,9.99999000001e-07,0.9998683351882909,0.4736842105263158,0.999000999000999,0.9987247887932166,0.8233034890233975,0.0009984351580553936,9.99999000001e-07,0.9999014523072035,0.005793177944074213,0.9814107819385336,0.9921518829828931,0.999998988940526,0.9937258265335959,0.9461369789496166,0.9846315229956818,0.8927342413553606,0.9999999498957624,0.9999949877478885,0.9999999999999
41700,9994316277248.0,19892133,21,200.0,23000,371,118468493,104711191486.0,209349,48,31218,285,39260,1,0,337,0,70,1940,200.0,41700,9.99999000001e-07,0.9998703891179844,0.4736842105263158,0.999000999000999,0.9987251757303419,0.8977470956907673,0.0009984337732126902,9.99999000001e-07,0.999898113375564,0.001182336609107609,0.9756290825020648,0.9927862371606447,0.9999989865403437,0.9936974154980217,0.9444454976392086,0.9888486845485858,0.9541407541829607,0.9999999498957052,0.9999949877889792,0.9999999999999
41800,9994302564260.0,20015974,19,200.0,9025,1279,118621440,104722395568.0,104934,2,5,66,0,0,143,0,99,86,567,400.0,41800,9.99999000001e-07,0.9998707242601705,0.4736842105263158,0.999000999000999,0.9987244979408367,0.04013443945399895,0.0009984333925315998,9.99999000001e-07,0.9999012311829354,0.0011829963980764713,0.9464974887484314,0.9769963058385834,0.9999990000002,0.9937474269675821,0.9692081419732921,0.9830725774188652,0.9761679963135252,0.9999999498959061,0.9999949877480868,0.9999999999999
41900,9994288442749.0,20025731,17,201.0,9031,1340,118603179,104733389177.0,208955,2000,3,0,0,454,11,11,0,1952,41,199.0,41900,9.99999000001e-07,0.9998711050028001,0.4736842105263158,0.999000999000999,0.9987250332130113,0.06743280629747027,0.0009984319848588485,9.99999000001e-07,0.9999002051283586,0.011210483685630103,0.9595847668463029,0.9895919493762816,0.9999989995908326,0.9937357110683706,0.9533812725510642,0.9791283567198431,0.9772757322944424,0.9999999498962222,0.9999949877401881,0.9999999999999
42000,9994284324829.0,30288,27,200.0,13017,842,118612807,104744501913.0,209460,2000,586,2475,7398,400,2,200,320,114,850,0.0,42000,9.99999000001e-07,0.9998680795992395,0.4736842105263158,0.999000999000999,0.9987266430339099,0.8225933175379759,0.0009984305843898861,9.99999000001e-07,0.9999008305146886,0.005728961084286553,0.9629494688983875,0.7268124207793607,0.9999989921775848,0.9937482799549915,0.8296067849809372,0.9653732877458954,0.9704300262952109,0.9999999498961724,0.9999949877520395,0.9999999999999
42100,9994260335645.0,19959851,22,200.0,11011,22616,118341186,104755404240.0,104514,2,205,13484,0,405,1,0,6,0,1417,200.0,42100,9.99999000001e-07,0.9998718222326539,0.4736842105263158,0.999000999000999,0.9987258635813835,0.8232581444023591,0.000998428190215983,9.99999000001e-07,0.9999010495182843,0.0011755120335544766,0.43689307150128964,0.9798559649517775,0.9999989856256047,0.9937330154052285,0.8516407818951676,0.9888283787496783,0.5732752502317146,0.9999999498956558,0.9999949877933503,0.9999999999999
42200,9994256808267.0,16597,26,200.0,8000,321,118424630,104766530518.0,13,0,13046,7106,6346,345,31,38,24,2000,215,0.0,42200,9.99999000001e-07,0.9998687668655821,0.4736842105263158,0.999000999000999,0.9987238433474454,0.038392406793996955,0.0009984268291208685,9.99999000001e-07,0.9998996547622094,0.0011773583965607056,0.9741718220170702,0.8888561559509798,0.9999989984738745,0.9937300734273352,0.9462428367673641,0.9902627382322331,0.816835100037633,0.9999999734405913,0.9999949877720886,0.9999999999999
42300,9994242733508.0,9991524,17,200.0,13000,26745,118478403,104777662934.0,11,2000,21,13167,0,401,3,329,15,66,783,0.0,42300,9.99999000001e-07,0.9998708375685371,0.4736842105263158,0.999000999000999,0.9987250362048286,0.8229765095307007,0.0009984254242149649,9.99999000001e-07,0.999900383295195,0.005734491524981226,0.9772195950875254,0.9617420173625487,0.9999989921069883,0.9937381290622934,0.9517886693954185,0.98923446940743,0.9607882638374198,0.9999999498956123,0.9999949877701438,0.9999999999999
42400,9994228863212.0,2538,19,200.0,20000,12,118512640,104788697984.0,209062,3,15246,535,11544,401,64,415,399,2000,112,200.0,42400,9.99999000001e-07,0.9998694998619009,0.4736842105263158,0.999000999000999,0.9987247248582755,0.0012520731419596405,0.000998424040355368,9.99999000001e-07,0.9999011436298042,0.0011749398359248268,0.9678745143901857,0.9031595907973096,0.9999989999946,0.9937317383273641,0.946603106765329,0.9876380466353525,0.9564776915708183,0.9999999666734061,0.9999949877609179,0.9999999999999
42500,9994205008439.0,19917633,26,200.0,9028,1275,118659838,104799860455.0,209245,2,347,6,0,400,1,202,0,30,132,200.0,42500,9.99999000001e-07,0.9998731437932039,0.4736842105263158,0.999000999000999,0.9987252597869285,0.04711960938031598,0.0009984236469915337,9.99999000001e-07,0.9999022232382314,0.0011729271237188323,0.9426415657360809,0.9501721484526762,0.9999989986720389,0.9937349426387346,0.9008649336998079,0.9656009415415054,0.9754984516405548,0.999999949896139,0.9999949877357309,0.9999999999999
42600,9994201004241.0,10011972,18,200.0,9017,665,118629064,104811053298.0,104664,1,44,294,9650,0,0,0,0,118,2000,201.0,42600,9.99999000001e-07,0.9998718716377676,0.4736842105263158,0.999000999000999,0.9987258553855429,0.04754362826703322,0.0009984222589547857,9.99999000001e-07,0.9999010513883677,0.0011721957812289088,0.9245833904276485,0.9612947947176509,0.999998980082646,0.9937343701277508,0.9390977021965458,0.9779353778602414,0.543023893192698,0.9999999498959913,0.999995108382915,0.9999999999999
42700,9994187127823.0,10010048,19,200.0,10011,625,118489679,104822272910.0,104753,22,777,1650,1566,146,134,130,12,1486,1574,200.0,42700,9.99999000001e-07,0.999872205144726,0.4736842105263158,0.999000999000999,0.998725300306888,0.021266520199152088,0.000998419875520066,9.99999000001e-07,0.9998994341562234,0.001172055333208583,0.8482619717583553,0.9540051556254102,0.9999989841681591,0.9937446977715553,0.9461433834497188,0.9831333220984486,0.8905346436896767,0.9999999498960302,0.9999949877744854,0.9999999999999
42800,9994173716461.0,1290,24,200.0,29000,974,118579160,104833864344.0,9,2000,1,650,6981,0,0,46,579,2000,1579,0.0,42800,9.99999000001e-07,0.9998707970029256,0.4736842105263158,0.999000999000999,0.9987260963589575,0.0019877308553369047,0.0009984195456946617,9.99999000001e-07,0.9998961294185896,0.005753374181641418,0.9642465950334923,0.9178594776311712,0.9999989864425542,0.993686407229948,0.9111443902516441,0.9655954325360129,0.9665260375502381,0.9999999711275456,0.9999949877611156,0.9999999999999
42900,9994160156716.0,10035304,18,200.0,22000,672,118495843,104845041828.0,24,1,183,2476,0,12,0,533,3,1724,2000,0.0,42900,9.99999000001e-07,0.9998727231232697,0.4736842105263158,0.999000999000999,0.9987261847687843,0.04181041039784019,0.0009984181924010222,9.99999000001e-07,0.9998909308571439,0.0011811927942841536,0.9760422224807584,0.841994716519481,0.9999989990176359,0.993624345912092,0.597476824437025,0.9800140974906764,0.5470884092405293,0.9999999498962205,0.9999954551706864,0.9999999999999
43000,9994146390703.0,20453,24,201.0,8008,34001,118543384,104856242847.0,104600,0,15,26605,26315,1,0,664,9,124,136,0.0,43000,9.99999000001e-07,0.999871428002975,0.4736842105263158,0.999000999000999,0.9987250010556437,0.8233714812799214,0.0009984158099500156,9.99999000001e-07,0.9999009238160619,0.0011803371093916904,0.49285077928618415,0.9898273622230835,0.9999989731313661,0.9936298920532818,0.9697736842525311,0.9838690349319346,0.8493615980443332,0.9999999498960337,0.9999949877530475,0.9999999999999
43100,9994132288120.0,901,21,200.0,10013,10657,118573358,104867212949.0,209124,2000,12958,5837,5734,1,0,415,204,158,2000,400.0,43100,9.99999000001e-07,0.9998717779246175,0.4736842105263158,0.999000999000999,0.9987259175660685,0.04263095585971013,0.0009984154110054353,9.99999000001e-07,0.9999021141771561,0.00575448343813239,0.9801776450283773,0.9803138590726662,0.9999989979080328,0.9937574083256491,0.7847562617797265,0.9860394281168503,0.9476197600004618,0.9999999498959736,0.9999954605474621,0.9999999999999
43200,9994108713626.0,19864753,21,200.0,12,61159,118512779,104878429293.0,105094,2000,10511,10276,9599,406,1,226,62,2000,36,0.0,43200,9.99999000001e-07,0.9998752719686927,0.4736842105263158,0.999000999000999,0.9987264092030158,0.8981759107820713,0.0009984140315678674,9.99999000001e-07,0.9998958158824937,0.0111346284835679,0.9791607457760318,0.9301743423266664,0.9999989909125622,0.993747360409923,0.824511854786963,0.9830290567062591,0.9687422940831271,0.9999999787097591,0.9999949877537407,0.9999999999999
43300,9994105160851.0,10039991,19,200.0,10033,22243,118383296,104890143706.0,8,1,331,211,0,5,0,668,548,104,2000,0.0,43300,9.99999000001e-07,0.9998739586684181,0.4736842105263158,0.999000999000999,0.9987256231293313,0.8225266856825244,0.0009984127037495668,9.99999000001e-07,0.9998993637879309,0.0011846022365877933,0.9820943119199705,0.978508674794571,0.9999989624316203,0.9936216236120607,0.8744614967244836,0.9864922469199745,0.9820781212172078,0.9999999498959784,0.999997226036313,0.9999999999999
43400,9994091050519.0,20356,20,200.0,13014,10645,118555816,104900969902.0,210473,25,5,21,0,418,9,24,5,2000,1523,199.0,43400,9.99999000001e-07,0.9998727166716923,0.4736842105263158,0.999000999000999,0.9987257656653168,0.020186822024915126,0.000998411295544122,9.99999000001e-07,0.9999020002244194,0.0011823305131574084,0.9097944281425193,0.9377674273331661,0.9999989855199201,0.9937341784452179,0.9498625365512057,0.9793801302630453,0.9056234994346,0.9999999541085541,0.9999949877606333,0.9999999999999
43500,9994077999636.0,2425,25,200.0,6000,0,118483687,104912468028.0,210353,1,0,7,262,795,3,0,119,66,492,200.0,43500,9.99999000001e-07,0.9998729289323629,0.4736842105263158,0.999000999000999,0.9987254994961182,1.1857101201674323e-05,0.000998408983849084,9.99999000001e-07,0.9999003711473647,0.001189839126758888,0.9959788334892001,0.9806986761593636,0.9999989999979,0.9937100327139885,0.9692235246082453,0.9860229732530347,0.9134135192158898,0.9999999498959055,0.9999949877649777,0.9999999999999
43600,9994054380391.0,20037108,21,200.0,8020,1268,118363938,104923691246.0,210179,2000,35537,21752,20921,200,104,921,6,98,0,200.0,43600,9.99999000001e-07,0.999876333481232,0.4736842105263158,0.999000999000999,0.9987263954377283,0.0603001404020364,0.0009984076358738796,9.99999000001e-07,0.9998934698623577,0.005852726064939708,0.9818629860017909,0.9614091869056313,0.9999989999998,0.9936194381768237,0.9464532725804404,0.9881933416755463,0.9799845164310971,0.9999999498959479,0.9999949877755728,0.9999999999999
43700,9994041027981.0,19960407,15,200.0,32,740,118611748,104935753392.0,104936,2000,22000,0,0,4,4,133,607,16,632,200.0,43700,9.99999000001e-07,0.999876564493358,0.4736842105263158,0.999000999000999,0.998725198991203,0.8983158572101594,0.0009984063032380957,9.99999000001e-07,0.9998975109089389,0.011372016146012546,0.9970366079085105,0.9881823497433672,0.999999000001,0.9936576558932783,0.9460781344640912,0.984420078090691,0.9924944916068946,0.9999999498959552,0.9999949877560655,0.9999999999999
43800,9994027574572.0,19951773,19,200.0,9022,1099,118659853,104946866697.0,105269,2000,9000,8847,8241,401,3,9,181,2000,696,0.0,43800,9.99999000001e-07,0.9998768284598052,0.4736842105263158,0.999000999000999,0.9987251661371921,0.0012229313972050469,0.0009984059425542937,9.99999000001e-07,0.9998960905417142,0.011396601530320757,0.9819504172963666,0.9336282269408243,0.9999989999911999,0.9937205686742181,0.8226528232257174,0.9680892685189384,0.9500308882563165,0.9999999764770172,0.99999498774152,0.9999999999999
43900,9994013725011.0,19949243,17,200.0,15,24666,118476074,104957991345.0,105069,2000,280,6709,421,0,34,231,9,68,2000,399.0,43900,9.99999000001e-07,0.9998771332951258,0.4736842105263158,0.999000999000999,0.9987254257777128,0.8238341832532555,0.0009984025693226923,9.99999000001e-07,0.9999010333307866,0.011392199196493601,0.9603343453737727,0.9484364631078877,0.9999989974987594,0.9936962671757109,0.9691498663543777,0.980160634885849,0.5721615366153125,0.9999999498960918,0.9999955425365827,0.9999999999999
44000,9994009478738.0,1147,20,200.0,11000,78947,118584872,104969061562.0,7,2000,238,8824,8743,2,0,332,138,78,1304,401.0,44000,9.99999000001e-07,0.9998744008438264,0.4736842105263158,0.999000999000999,0.9987254345533604,0.8236658780287847,0.0009984031546170203,9.99999000001e-07,0.9998954581260138,0.005772925428092126,0.9638008659344304,0.9902957442620746,0.9999989999968,0.9936917487492174,0.9694358491736536,0.9848097034049781,0.9705984156085089,0.9999999498959563,0.9999949877569962,0.9999999999999
44100,9993995576163.0,9993990,23,201.0,12016,606,118589280,104980106415.0,210418,1,22700,6306,0,798,4,575,0,56,655,0.0,44100,9.99999000001e-07,0.9998762933122876,0.4736842105263158,0.999000999000999,0.9987262307419543,0.0025744233705525706,0.0009984017554627482,9.99999000001e-07,0.999893244512768,0.0011965991978596985,0.9837272612013694,0.955790983538749,0.9999989770779536,0.9937480359506483,0.9269455706509339,0.9797262417317012,0.3942546882416691,0.9999999498960372,0.9999949877515416,0.9999999999999
44200,9993971726037.0,19965158,26,200.0,11025,38072,118737809,104991285798.0,9,2000,8000,8057,794,4,13,36,66,2000,1728,0.0,44200,9.99999000001e-07,0.9998781036472254,0.4736842105263158,0.999000999000999,0.9987238871967081,0.8239339631451398,0.0009984003704923072,9.99999000001e-07,0.9998973718048123,0.005833673921390566,0.9750873613684587,0.8892738690135835,0.999998999997,0.9937413394683692,0.7710469522082142,0.9795994637035694,0.964318594716853,0.9999999558043579,0.9999949877486491,0.9999999999999
44300,9993968066511.0,10034418,17,200.0,17000,87,118553641,105002466693.0,105152,0,19107,3177,3122,292,16,242,12,98,524,400.0,44300,9.99999000001e-07,0.9998768781614702,0.4736842105263158,0.999000999000999,0.9987249280229772,0.0372300809799931,0.0009983990133719679,9.99999000001e-07,0.9999008763914724,0.001198735541212702,0.9654332050456379,0.9839273228839239,0.9999989905493208,0.9937352094956574,0.9692805355782126,0.9854677206115142,0.9386583630309483,0.999999949895981,0.9999949877600489,0.9999999999999
44400,9993953782634.0,1247,22,200.0,11028,23716,118611935,105013484148.0,9,1,853,13700,0,403,1,8,0,2,1608,0.0,44400,9.99999000001e-07,0.9998757040908022,0.4736842105263158,0.999000999000999,0.9987256655860268,0.8237210437054243,0.0009983975962378402,9.99999000001e-07,0.9998955123931184,0.001194794116127122,0.9137385055897509,0.97819334997483,0.9999989836512168,0.993734156375064,0.8728454658464507,0.9823615159478494,0.28789415870093393,0.9999999498959125,0.999994987762475,0.9999999999999
44500,9993939793034.0,1546,20,200.0,10023,789,118475682,105024505180.0,10,0,2,675,17352,0,0,0,0,96,2000,400.0,44500,9.99999000001e-07,0.9998760364468714,0.4736842105263158,0.999000999000999,0.998725527124622,0.022410753921623276,0.0009983961999821555,9.99999000001e-07,0.9998995093948164,0.0011928000759568365,0.9751389770428284,0.9267946230976646,0.9999989799185751,0.9937279218996858,0.9597079185328912,0.9742718802796473,0.9302694562749232,0.9999999498961022,0.9999953197405164,0.9999999999999
44600,9993926159701.0,97,26,200.0,21,49,118376461,105035691863.0,104812,0,49122,18218,0,7,2,775,11,2000,2000,0.0,44600,9.99999000001e-07,0.9998763108231091,0.4736842105263158,0.999000999000999,0.9987259744448898,0.04468514224505914,0.000998394839326575,9.99999000001e-07,0.9998879267273909,0.0011947795619496224,0.9902478116340956,0.9882338891318236,0.9999989999936,0.9937249986997752,0.25751247210756295,0.9886740766185396,0.9655795449426061,0.9999999910511447,0.9999967333525716,0.9999999999999
44700,9993912337613.0,1191,19,200.0,22000,614,118470961,105046933984.0,105297,1,0,0,0,798,1,495,370,2000,520,0.0,44700,9.99999000001e-07,0.9998766143569325,0.4736842105263158,0.999000999000999,0.9987262511107601,0.03533300905091053,0.0009983934598262758,9.99999000001e-07,0.9998895954412633,0.0011949001918872357,0.9960017643459825,0.9804791975499653,0.9999989804251831,0.9937225921357843,0.9691776421007443,0.9838334597027746,0.9910463991596186,0.9999999873050124,0.9999949877773208,0.9999999999999
44800,9993899123768.0,9877970,25,200.0,7008,43694,118497346,105058269158.0,12,2000,1276,29,9417,800,1,161,481,2000,776,400.0,44800,9.99999000001e-07,0.9998783391641317,0.4736842105263158,0.999000999000999,0.9987256136474957,0.8228365710649808,0.0009983911318686763,9.99999000001e-07,0.9998954068329042,0.005866975380260915,0.9230909684960142,0.6602683289283408,0.9999989931344861,0.9937464098326007,0.8223435215847993,0.9880002528912174,0.9840630093385739,0.9999999744506565,0.9999949877671931,0.9999999999999
44900,9993875080072.0,19917414,26,200.0,7014,37368,118368921,105069523294.0,210503,2000,1686,13468,12906,801,0,13,0,2,2000,400.0,44900,9.99999000001e-07,0.9998801030765361,0.4736842105263158,0.999000999000999,0.9987274054395969,0.8983234699848436,0.0009983897415985039,9.99999000001e-07,0.9999021324267664,0.011393535953008807,0.9798505219311101,0.9578945616519274,0.9999989899351074,0.9937386174054217,0.9407119625431922,0.9544844359204516,0.9690426686230958,0.9999999498961959,0.9999966506166427,0.9999999999999
45000,9993861165213.0,19932792,19,200.0,32,9400,118591400,105080544927.0,104760,2,3,25,24,192,110,106,0,1922,426,0.0,45000,9.99999000001e-07,0.9998804184253051,0.4736842105263158,0.999000999000999,0.9987237702445457,0.8981557123862266,0.0009983893322888307,9.99999000001e-07,0.9999012103217432,0.001197318436345236,0.9442197565320871,0.9705263910082428,0.9999989999948999,0.9937348974130589,0.9461469008195125,0.9884406897069771,0.8992590394908905,0.9999999498956308,0.9999949877477714,0.9999999999999
45100,9993846802262.0,19942814,23,201.0,10026,56529,118158262,105091254447.0,210245,2000,0,17,17,800,2,4,0,2000,2000,400.0,45100,9.99999000001e-07,0.9998807628259261,0.4736842105263158,0.999000999000999,0.99872452713934,0.8238318468023804,0.0009983869193357833,9.99999000001e-07,0.9998952840655333,0.005785839105820548,0.8749114166253278,0.9908528292713443,0.999998976325165,0.9937590271984893,0.9363990127463115,0.9914941218860556,0.9776313256006379,0.9999999873481702,0.9999956644249843,0.9999999999999
45200,9993842838049.0,3364,22,202.0,21000,444,118163060,105102095803.0,104738,0,10000,4896,123,8,0,335,423,2000,408,198.0,45200,9.99999000001e-07,0.9998781717441236,0.4736842105263158,0.999000999000999,0.9987226220490755,0.0005579731798172769,0.0009983865234662304,9.99999000001e-07,0.9998963743133892,0.0011916018109977729,0.9845690580894377,0.9069260196026274,0.9999989959073182,0.9936765671472276,0.2820387350410431,0.9923845797434102,0.9548872183835173,0.9999999830713854,0.9999949878179812,0.9999999999999
45300,9993819158459.0,19937796,15,200.0,26,51552,118606690,105113847506.0,21,2000,303,3,63,0,0,6,27,6,1070,200.0,45300,9.99999000001e-07,0.9998813317480963,0.4736842105263158,0.999000999000999,0.9987257492179175,0.8240307285371078,0.0009983841606229615,9.99999000001e-07,0.9999001409510476,0.0057982816011213365,0.957525878294346,0.9041841821383548,0.9999989891817174,0.993734434258231,0.667614448761477,0.9503691736292719,0.897249230850865,0.9999999498961833,0.9999949877569217,0.9999999999999
45400,9993815138748.0,1881,25,200.0,23009,65796,118513667,105125164914.0,104988,2000,191,21233,21003,1,3,608,6,154,2000,199.0,45400,9.99999000001e-07,0.9998787692152719,0.4736842105263158,0.999000999000999,0.998725525946946,0.823801468258234,0.0009983837592450221,9.99999000001e-07,0.9999011883093912,0.005809264328083754,0.9737663962652127,0.9901805336199376,0.999998999288394,0.9937374216372957,0.9082535034694766,0.9816019549498939,0.667883467733264,0.999999949896084,0.9999962525698386,0.9999999999999
45500,9993800951690.0,9951634,23,200.0,8016,35982,118525671,105135796116.0,210547,2000,27054,12896,0,402,0,0,63,0,1040,0.0,45500,9.99999000001e-07,0.9998805495322591,0.4736842105263158,0.999000999000999,0.9987258986470492,0.8236287993625944,0.0009983813504842638,9.99999000001e-07,0.9998976740806912,0.005805759188465204,0.9685604446176875,0.9844484753821311,0.9999989894900906,0.9937570917515713,0.5534521988520817,0.9772861616439569,0.9732443132820486,0.9999999498961205,0.999994987769045,0.9999999999999
45600,9993777147671.0,19944433,22,200.0,8012,22461,118425541,105147030719.0,104994,2000,15,19346,0,584,3,105,3,96,1780,199.0,45600,9.99999000001e-07,0.9998822390332099,0.4736842105263158,0.999000999000999,0.9987268275570632,0.8232958869104757,0.0009983799678915115,9.99999000001e-07,0.9999011571238977,0.011234066504628245,0.25481780161980055,0.9751221193086916,0.9999989999918999,0.9937477963985736,0.9608788746636302,0.9569852490006715,0.9474662754138293,0.9999999498963078,0.9999949877840697,0.9999999999999
45700,9993773190180.0,10024678,22,200.0,13012,159,118402476,105157987056.0,105494,0,44837,11328,11199,2,0,672,23,168,2000,0.0,45700,9.99999000001e-07,0.9998811548554444,0.4736842105263158,0.999000999000999,0.9987237079157076,0.01964288364479248,0.0009983795636369212,9.99999000001e-07,0.9999010648097719,0.0011842384075773126,0.987600601563636,0.9898147664182464,0.9999989623862957,0.9936378771549678,0.9351883346892671,0.9915496258256257,0.9265418815499821,0.9999999498952178,0.9999973119173793,0.9999999999999
45800,9993758958066.0,2341,17,200.0,17,0,118464992,105168962157.0,8,0,4,15,1239,403,1,0,0,46,1332,200.0,45800,9.99999000001e-07,0.9998800548978657,0.4736842105263158,0.999000999000999,0.9987245324783325,0.0013142651875228835,0.0009983781525798854,9.99999000001e-07,0.9999003423340483,0.0011813514284017069,0.9699140910061184,0.9905182606566968,0.9999989866215808,0.9937491861497061,0.6373973895547741,0.9901234874842583,0.0249939999225607,0.9999999498954657,0.9999949877803943,0.9999999999999
45900,9993745126436.0,10056619,21,201.0,13027,36110,118599092,105179724108.0,209743,72,9,35,33,0,0,0,0,0,0,400.0,45900,9.99999000001e-07,0.9998817729511265,0.4736842105263158,0.999000999000999,0.9987235926929449,0.11446490423239518,0.0009983767666290394,9.99999000001e-07,0.9999020912525192,0.0011794556458163692,0.6500399036248593,0.9019203522760018,0.999998999996,0.9937456053966384,0.9622856463809664,0.9878449007723225,0.5435419500856724,0.9999999498956382,0.9999949877401861,0.9999999999999
46000,9993731220386.0,9944501,18,200.0,8001,33633,118590955,105191120440.0,210332,2000,47,139,124,0,200,0,0,12,1092,200.0,46000,9.99999000001e-07,0.9998820406568604,0.4736842105263158,0.999000999000999,0.998725265322681,0.8232394044170351,0.0009983743919534857,9.99999000001e-07,0.9999020787218531,0.00573774095694437,0.9089999058207157,0.9124687795877308,0.9999989889679213,0.9937330191292604,0.9534203166129996,0.9647704498318254,0.8507118719370611,0.9999999498960392,0.9999949877591862,0.9999999999999
46100,9993717936558.0,9923821,23,200.0,19000,45243,118567430,105202707057.0,105188,1,114,26663,1811,802,1,0,0,0,1304,0.0,46100,9.99999000001e-07,0.999882266486133,0.4736842105263158,0.999000999000999,0.9987270827170419,0.8233386589207602,0.0009983730490143172,9.99999000001e-07,0.9998925314286463,0.0011839466723138502,0.6727072107062236,0.9746059071019939,0.9999989999812996,0.9937330269185832,0.5426207883196204,0.9434841222334915,0.46532956874462433,0.9999999498962215,0.9999949877645805,0.9999999999999
46200,9993693920164.0,20022767,21,201.0,22006,3632,118239872,105213553615.0,105047,2,9593,272,266,399,0,121,138,2000,2000,199.0,46200,9.99999000001e-07,0.9998839309618808,0.4736842105263158,0.999000999000999,0.9987252032336275,0.8232534520053906,0.0009983706527777623,9.99999000001e-07,0.9998966570626631,0.0011830735639653523,0.9753441434849968,0.9724458575617225,0.9999989694530423,0.993746121213632,0.04730610976538056,0.9895742994374438,0.9384981853221291,0.9999999749205112,0.9999966172880644,0.9999999999999
46300,9993680139349.0,20003789,23,200.0,8000,773,118696798,105224921665.0,210489,2,355,15400,0,2,0,168,16,2000,1064,200.0,46300,9.99999000001e-07,0.9998841932042156,0.4736842105263158,0.999000999000999,0.9987258418921711,0.014933084464994363,0.000998371273171838,9.99999000001e-07,0.9998996437251888,0.0011834483080059375,0.9787802426234624,0.9635066543023314,0.9999989892394431,0.9936906062183305,0.3244369974871344,0.9753166881538508,0.6480962050567894,0.9999999750081557,0.9999949877414981,0.9999999999999
46400,9993676334572.0,1140,19,200.0,22006,580,118518891,105236102334.0,209990,1,2285,10,12605,1,0,334,0,50,1468,400.0,46400,9.99999000001e-07,0.999881707503078,0.4736842105263158,0.999000999000999,0.998726481147631,0.015604725995854829,0.0009983699066621957,9.99999000001e-07,0.9999025976714025,0.0011848549536790749,0.9826483949442041,0.8898419271777019,0.9999989863964265,0.9937036778896836,0.9296386054148132,0.9812436794330051,0.02904251518304804,0.9999999498961518,0.9999949877635751,0.9999999999999
46500,9993662719901.0,9998857,24,200.0,17,619,118588686,105247567423.0,104687,1,109,19261,20799,405,0,453,12,1058,0,0.0,46500,9.99999000001e-07,0.9998833483779125,0.4736842105263158,0.999000999000999,0.9987252527346914,0.027980540195879096,0.0009983685361015504,9.99999000001e-07,0.9998929413788744,0.0011861342498048764,0.9860779672899217,0.9718421476137398,0.9999989999953,0.9937057459982453,0.9104709838495224,0.9762807981355786,0.9486824661950612,0.9999999498960621,0.9999949877417615,0.9999999999999
46600,9993649396297.0,33171,23,200.0,21,1,118553853,105259334474.0,14,33,0,15958,15780,670,68,0,320,2000,993,200.0,46600,9.99999000001e-07,0.9998821670594354,0.4736842105263158,0.999000999000999,0.99872705318674,0.030662524226660656,0.0009983672149871225,9.99999000001e-07,0.9998858596027458,0.001193331274707711,0.9975878040377819,0.9887574257930708,0.9999989999968,0.9936644908681328,0.9691354398506787,0.1217638554664504,0.992721927763243,0.9999999864373853,0.9999949877648778,0.9999999999999
46700,9993635772335.0,2229,19,200.0,26,32848,118560818,105270339700.0,104906,2000,2252,39913,0,405,2,495,0,2000,1978,200.0,46700,9.99999000001e-07,0.9998824102537271,0.4736842105263158,0.999000999000999,0.9987251930656558,0.8234166968446097,0.0009983658584112045,9.99999000001e-07,0.9998956005551962,0.005805224110247163,0.9139238507784564,0.9813857572795186,0.9999989997746492,0.9937343284239037,0.9478290514969951,0.9869573300825668,0.9536536115643457,0.9999999873173496,0.9999949877638498,0.9999999999999
46800,9993622052357.0,9971318,18,200.0,19000,24199,118251144,105281375512.0,25,2000,832,14,11605,1,112,499,0,2000,2000,200.0,46800,9.99999000001e-07,0.9998840268105984,0.4736842105263158,0.999000999000999,0.9987230559182924,0.8233508960504565,0.000998364489356836,9.99999000001e-07,0.9998938272546074,0.005817024078149293,0.9430257751971195,0.972232626706293,0.9999989999918999,0.9936572379440406,0.946130319786343,0.9919385681235887,0.9718775243343095,0.9999999873670986,0.9999952007370462,0.9999999999999
46900,9993608448675.0,1171,20,200.0,29006,39424,118757686,105292953900.0,105253,0,30455,48,0,1,0,330,99,168,1280,401.0,46900,9.99999000001e-07,0.999882914018714,0.4736842105263158,0.999000999000999,0.9987255846679701,0.8233150741591249,0.0009983631317211298,9.99999000001e-07,0.999900971538527,0.001199194417061451,0.9752116443010032,0.9445425812247006,0.9999989999992,0.9937424234695887,0.9550182394643268,0.9673174398049152,0.9751155757179905,0.9999999498962102,0.9999949877355673,0.9999999999999
47000,9993594534501.0,9996766,19,200.0,5040,54455,118566433,105304128400.0,210536,11,20793,19698,0,800,2,662,10,150,623,0.0,47000,9.99999000001e-07,0.999884562020479,0.4736842105263158,0.999000999000999,0.9987249876486908,0.8235649116890401,0.000998360733856084,9.99999000001e-07,0.9999013916011676,0.001197476459797192,0.9874940545831876,0.9839309082648917,0.9999989999914,0.9937478858770549,0.915083850569046,0.9845139868511302,0.901871359268911,0.9999999498958837,0.9999949877545005,0.9999999999999
47100,9993570637451.0,19783527,18,200.0,12,18984,118649628,105314950242.0,210544,2000,49,67,51,488,367,357,16,44,136,200.0,47100,9.99999000001e-07,0.9998861474151678,0.4736842105263158,0.999000999000999,0.9987247720268146,0.8209214171470994,0.0009983583484969181,9.99999000001e-07,0.9999020997642563,0.005735145354606607,0.9331732480402566,0.7856616426691864,0.9999989859193893,0.9937332560161212,0.9771946806684938,0.9760781614262382,0.9483970609667072,0.9999999498959921,0.9999949877346094,0.9999999999999
47200,9993566395491.0,10014182,23,200.0,8000,554,118520545,105326011020.0,10,0,28001,3660,28575,0,124,328,11,1482,1300,200.0,47200,9.99999000001e-07,0.9998851538894584,0.4736842105263158,0.999000999000999,0.9987253268503599,0.0022271667679859036,0.0009983579251149593,9.99999000001e-07,0.9998998746631033,0.0011922843363586393,0.9744759767828168,0.9649444654082322,0.9999989999925,0.9937309090463502,0.9461268850246403,0.9832752938218887,0.6725154196867861,0.9999999498960808,0.9999949877698415,0.9999999999999
47300,9993552754642.0,16374,28,200.0,7011,34032,118720176,105337318035.0,211045,2000,1642,17085,4317,6,200,202,6,96,328,0.0,47300,9.99999000001e-07,0.9998840497419743,0.4736842105263158,0.999000999000999,0.9987246318348647,0.8233697488005274,0.0009983575717546773,9.99999000001e-07,0.9998999900490099,0.0058003667119331335,0.9599069995392606,0.9672345089666488,0.9999989999944999,0.9937069793118206,0.9642605622583404,0.9628952553014378,0.8510038350089117,0.9999999498961128,0.9999949877268481,0.9999999999999
47400,9993538949544.0,9953737,20,200.0,19010,25310,118467145,105348477817.0,210790,0,0,42,0,383,9,550,0,62,400,200.0,47400,9.99999000001e-07,0.9998856335091192,0.4736842105263158,0.999000999000999,0.9987254439234735,0.8234212695189347,0.0009983561956591665,9.99999000001e-07,0.9999014543757411,0.0011959874165908858,0.9848244734457547,0.9543319064317234,0.9999989959790971,0.9937083211994916,0.9462121439563007,0.9886172097101805,0.9232934153210043,0.9999999498958287,0.9999949877660813,0.9999999999999
47500,9993525538924.0,10015798,18,200.0,18000,12008,118414518,105360010829.0,105315,1,664,16,16971,232,87,286,11,102,2000,0.0,47500,9.99999000001e-07,0.9998858389886796,0.4736842105263158,0.999000999000999,0.9987257661331019,0.8235298824740326,0.0009983548572192517,9.99999000001e-07,0.9999010477068796,0.0012010334192949724,0.9181351331599327,0.9562005219010918,0.9999989763669749,0.9937333500559964,0.946144563614875,0.9782208868301155,0.9293355026632173,0.9999999498960321,0.9999959531599555,0.9999999999999
47600,9993501375071.0,19988974,18,200.0,11025,1134,118512879,105371117742.0,105668,2000,5,12,11,800,0,0,5,172,2000,400.0,47600,9.99999000001e-07,0.9998874226836723,0.4736842105263158,0.999000999000999,0.9987263073776139,0.038240445208381275,0.0009983524457133435,9.99999000001e-07,0.9999010676188974,0.011377474684585609,0.9707336898775051,0.9804388102168317,0.9999989939160089,0.9937369731791247,0.967530131414316,0.9538145431593429,0.9710979693585713,0.999999949896127,0.9999961487205918,0.9999999999999
47700,9993487279619.0,19915938,19,200.0,7019,28383,118488646,105382020806.0,105188,2000,11001,8596,14719,0,0,176,49,68,1704,400.0,47700,9.99999000001e-07,0.9998877086130858,0.4736842105263158,0.999000999000999,0.9987265186166239,0.8231902456730235,0.0009983510389585273,9.99999000001e-07,0.9999008513006475,0.005791996226715397,0.976276346582725,0.9860265124689964,0.999998984180542,0.9937181393423334,0.845043156772814,0.9802404237222536,0.9634286840465303,0.9999999498961212,0.9999949877725355,0.9999999999999
47800,9993483310342.0,10006116,20,200.0,6035,120,118602403,105392999811.0,105437,12,6353,17734,1457,386,9,178,10,2000,775,200.0,47800,9.99999000001e-07,0.9998867082179534,0.4736842105263158,0.999000999000999,0.9987251596723903,0.06669308111136203,0.0009983506427810622,9.99999000001e-07,0.9998964386387025,0.0011924281939315142,0.954406363150729,0.9636169078603687,0.9999989923325576,0.9937417872978693,0.9465882929800065,0.9751476397631945,0.9385182339442332,0.9999999747957734,0.9999949877531868,0.9999999999999
47900,9993469754889.0,1112,21,200.0,12,20068,118196705,105403865305.0,105435,0,652,13550,18075,3,0,171,0,2000,34,400.0,47900,9.99999000001e-07,0.9998856526364114,0.4736842105263158,0.999000999000999,0.9987225338325613,0.8234560343671837,0.000998348280256885,9.99999000001e-07,0.9999010353581862,0.0011946450917937437,0.6939329941172356,0.954959296828451,0.9999989999957,0.993721207989844,0.9290003988877843,0.9924943955353366,0.6577725161014272,0.9999999750316215,0.9999949878011228,0.9999999999999
48000,9993446235309.0,19942766,23,201.0,17,40676,118552272,105415699568.0,105646,2000,1180,13175,12782,12,199,359,0,2000,0,199.0,48000,9.99999000001e-07,0.9998884194578943,0.4736842105263158,0.999000999000999,0.9987246552403846,0.8984342272028256,0.0009983459334433808,9.99999000001e-07,0.9998967616397638,0.005870007914543872,0.9455633203493163,0.9689983022926457,0.9999989999918,0.9937345243953111,0.9527220189833978,0.9880124904114735,0.8028948713378588,0.9999999840431173,0.9999949877472533,0.9999999999999
48100,9993432517412.0,19937489,23,200.0,5016,2885,118589122,105426915037.0,105110,2000,1136,26466,7,795,0,211,0,2000,987,199.0,48100,9.99999000001e-07,0.9998886533579555,0.4736842105263158,0.999000999000999,0.9987256822258104,0.8982088512293778,0.000998344564206722,9.99999000001e-07,0.9998987717469922,0.011355642245157999,0.9804290301716667,0.985893947454781,0.9999989984407726,0.9937508047733739,0.9690798630903336,0.9785004870280727,0.7388310467016478,0.9999999873679171,0.9999949877565646,0.9999999999999
48200,9993418742452.0,19946828,24,200.0,21007,358,118768044,105438203053.0,210926,44,34279,945,0,0,0,12,42,16,2000,0.0,48200,9.99999000001e-07,0.9998888921073141,0.4736842105263158,0.999000999000999,0.9987243060596542,0.822918309538428,0.0009983451804429445,9.99999000001e-07,0.9999020910032793,0.0012001980961650546,0.9730345947764033,0.9243170619421734,0.9999989660010815,0.9937573720104547,0.9661072910248133,0.8300785980257429,0.9707287494600775,0.9999999498959712,0.9999969867148281,0.9999999999999
48300,9993405202504.0,19890005,18,200.0,9023,23889,118507336,105449656734.0,105026,2,15010,88,71,400,1,14,12,52,2000,200.0,48300,9.99999000001e-07,0.9998890866526864,0.4736842105263158,0.999000999000999,0.9987258282795584,0.898166959276743,0.0009983428476401084,9.99999000001e-07,0.9998967143065042,0.001204397676173053,0.9754840590334029,0.8584328617743047,0.9999989925003743,0.9937346591874233,0.9428142572587143,0.6921171960001954,0.8685528785396791,0.999999949896086,0.9999963440826233,0.9999999999999
48400,9993401357918.0,10028670,20,201.0,29,44786,118423657,105460727026.0,106003,1,74,234,0,0,58,57,11,152,2000,199.0,48400,9.99999000001e-07,0.9998880987612045,0.4736842105263158,0.999000999000999,0.998724863086247,0.8234621127408128,0.000998342463929806,9.99999000001e-07,0.9998997087843973,0.001204773369230764,0.9926603382913948,0.9762872838490357,0.9999989791978905,0.9937130102578917,0.9458980334388876,0.9855864551721264,0.9667575908135216,0.9999999498959117,0.9999950808194904,0.9999999999999
48500,9993378442546.0,19941415,25,200.0,13034,440,118736440,105472753841.0,9,2000,14000,14077,0,6,0,18,619,2000,1590,0.0,48500,9.99999000001e-07,0.999889479109617,0.4736842105263158,0.999000999000999,0.9987225970071686,0.8983246767142954,0.0009983391679999967,9.99999000001e-07,0.9998962167691284,0.011490335102901619,0.9976996699935476,0.9911783364200261,0.9999989999919999,0.9936358179208824,0.3059023149399566,0.9876071197865056,0.9929971426484007,0.9999999547693869,0.9999949877473802,0.9999999999999
48600,9993375235154.0,9959974,24,200.0,8012,18135,118660980,105484045918.0,105218,2000,14456,8032,7637,226,43,274,32,2000,10,200.0,48600,9.99999000001e-07,0.9998884147522606,0.4736842105263158,0.999000999000999,0.9987243592887154,0.8238325263637359,0.0009983388479952013,9.99999000001e-07,0.9998979663572632,0.005948963125641161,0.9531428186164995,0.9490150946029206,0.999998999999,0.9937328594258644,0.9463674682052646,0.9866926041641192,0.9544563673832601,0.9999999671948878,0.9999949877334072,0.9999999999999
48700,9993361883345.0,9981440,21,200.0,6020,546,118603766,105495727293.0,8,2000,5,625,0,3,3,14,377,2000,1919,0.0,48700,9.99999000001e-07,0.9998886020927487,0.4736842105263158,0.999000999000999,0.9987235594411756,0.0005685832827958715,0.0009983375155149226,9.99999000001e-07,0.9998987938043187,0.005988162284087673,0.9906756697167352,0.9705303461934789,0.9999989810101043,0.9937172621891761,0.8425444141309913,0.9848065130629956,0.9857721375031755,0.9999999527260458,0.9999949877572891,0.9999999999999
48800,9993348130248.0,9988102,22,200.0,12000,179,118670821,105506903769.0,105568,1,330,25996,25206,2,126,168,241,46,1017,200.0,48800,9.99999000001e-07,0.999888838723534,0.4736842105263158,0.999000999000999,0.9987233076909147,0.0005424211831087703,0.000998337140071585,9.99999000001e-07,0.9999007590542973,0.001227772261579798,0.9902323471722423,0.9689529293836359,0.999999000001,0.993708075052343,0.9461408780060104,0.9868672099524688,0.9220449075751329,0.9999999498957309,0.999994987747271,0.9999999999999
48900,9993334211988.0,1103,20,200.0,24,50322,118694192,105517905923.0,210751,0,0,15035,0,403,74,379,88,2000,1653,199.0,48900,9.99999000001e-07,0.9998878536669609,0.4736842105263158,0.999000999000999,0.998724370373839,0.8237785033271965,0.0009983347529836633,9.99999000001e-07,0.9998987690211744,0.001226560508936838,0.9758353190090394,0.9872720839596961,0.9999989983417548,0.9937565500606662,0.9462356246487084,0.9867843957120476,0.9709804618478238,0.999999975421968,0.9999949877507714,0.9999999999999
49000,9993320155862.0,10010359,22,201.0,8021,37973,118641797,105528912562.0,210875,2000,26,174,166,2,1,0,0,0,994,399.0,49000,9.99999000001e-07,0.9998893701008013,0.4736842105263158,0.999000999000999,0.9987255357886675,0.8236629389148871,0.000998333350953849,9.99999000001e-07,0.9999022323674608,0.00594650364859917,0.9392443986778704,0.9673530935542701,0.9999989999922999,0.9937348635507732,0.40087133944118114,0.944921077023347,0.9693967300710419,0.9999999498960335,0.9999949877515966,0.9999999999999
49100,9993305766057.0,10019070,21,200.0,5024,545,118592526,105540070554.0,211354,2000,845,23,0,4,9,13,162,122,2000,200.0,49100,9.99999000001e-07,0.9998896674661061,0.4736842105263158,0.999000999000999,0.9987250846264429,0.03456636300308339,0.0009983319240505694,9.99999000001e-07,0.999902089411949,0.00596737053845809,0.9211103271673373,0.9669800732228546,0.9999989754442679,0.9937580140726568,0.9461619312202321,0.8651013712716166,0.971791696494086,0.9999999498961062,0.9999958637336089,0.9999999999999
49200,9993291738182.0,9977183,20,201.0,19009,19513,118608820,105550744587.0,106518,1,97,303,0,212,98,175,210,1138,2000,400.0,49200,9.99999000001e-07,0.9998899452546206,0.4736842105263158,0.999000999000999,0.9987251164792256,0.037921282456740216,0.0009983315100090108,9.99999000001e-07,0.9999000362168786,0.0012158539090540632,0.8999294191734806,0.9797601513880203,0.9999989995272767,0.993746512427134,0.946146178547937,0.9805418795337993,0.9517353336450628,0.999999949896117,0.9999951034106769,0.9999999999999
49300,9993277671291.0,9938169,18,200.0,23013,2090,118720038,105561892667.0,104943,2000,100,0,0,0,0,0,4,0,1759,400.0,49300,9.99999000001e-07,0.9998902069000354,0.4736842105263158,0.999000999000999,0.9987259664487846,0.8228544222192704,0.0009983291113908187,9.99999000001e-07,0.9999015735243805,0.005948794615377383,0.9814937538873363,0.9578087010361441,0.9999989820883171,0.99373932820118,0.8019366738214009,0.9334360548406345,0.7014366592949639,0.9999999498962009,0.9999949877484741,0.9999999999999
49400,9993263912122.0,18496,26,200.0,9008,3,118383435,105573006700.0,8,18,0,6,6,1,0,9,101,24,2000,201.0,49400,9.99999000001e-07,0.9998892192577413,0.4736842105263158,0.999000999000999,0.9987268692483063,0.07856943164222467,0.0009983287448964797,9.99999000001e-07,0.9998993610230072,0.0012151917116118348,0.9865323628065,0.9566583557267059,0.9999989756004416,0.9937371329283177,0.09031137073478802,0.9783522467284897,0.9693044979040104,0.9999999498960968,0.9999957896274502,0.9999999999999
49500,9993249822523.0,9993572,20,201.0,13,933,118337548,105584025130.0,105941,2,823,2,0,399,0,183,3,2000,2000,199.0,49500,9.99999000001e-07,0.9998906997217348,0.4736842105263158,0.999000999000999,0.9987268477624854,0.014555849079427731,0.0009983273406189434,9.99999000001e-07,0.9998967900146404,0.0012130772424374548,0.6249840523492115,0.9775710700768385,0.9999989723418131,0.9937327079967367,0.5469073063983902,0.9848427482357949,0.6389340101289068,0.9999999760752507,0.9999962723580874,0.9999999999999
49600,9993235789574.0,9990796,20,200.0,10028,10590,118445525,105594855533.0,210340,20,50,26547,0,800,2,663,0,164,2000,0.0,49600,9.99999000001e-07,0.9998909623938042,0.4736842105263158,0.999000999000999,0.9987255627152393,0.050678792465388256,0.00099832594007873,9.99999000001e-07,0.9999020767849224,0.0012107321453970555,0.16176079144191666,0.9677824079617241,0.9999989905443277,0.9937329934567076,0.9580494751373926,0.9840173147837035,0.9665240099580429,0.9999999498959331,0.9999971603573607,0.9999999999999
49700,9993221831344.0,1091,21,200.0,6000,0,118579858,105606060404.0,212221,1,350,5579,5214,1,0,644,119,428,0,0.0,49700,9.99999000001e-07,0.9998900184946329,0.4736842105263158,0.999000999000999,0.9987252417325861,0.006679232083463391,0.0009983245471110696,9.99999000001e-07,0.9999013356781238,0.0012093120687870855,0.9636649094244136,0.9186931275189555,0.9999989741000267,0.9937231896417031,0.9696525691975006,0.979909976040295,0.920183858764151,0.9999999498961394,0.9999949877430883,0.9999999999999
49800,9993208353834.0,9989320,19,200.0,16007,526,118569494,105617853500.0,11,1,0,0,349,400,0,462,330,2000,812,200.0,49800,9.99999000001e-07,0.9998914079215341,0.4736842105263158,0.999000999000999,0.9987248688384124,0.018452024073087405,0.0009983232020454192,9.99999000001e-07,0.9998959570036074,0.0012130224342440901,0.9956595519413284,0.9821768447933412,0.9999989999959,0.9936867050156375,0.8591521205499556,0.9848035322725132,0.9717518811648929,0.9999999717904393,0.9999949877616964,0.9999999999999
49900,9993195287199.0,9997829,21,201.0,11011,22316,118597269,105629187383.0,105697,2000,12000,1600,0,800,1,166,205,2000,611,199.0,49900,9.99999000001e-07,0.9998915667401678,0.4736842105263158,0.999000999000999,0.9987262956947064,0.8234523721676441,0.0009983208892624478,9.99999000001e-07,0.9998999919693551,0.0059547657331803115,0.9939834418924971,0.9050111921298994,0.9999989938534507,0.9937229828087326,0.8158990710487452,0.9798954470561727,0.9858390892341823,0.9999999833345489,0.999994987749675,0.9999999999999
50000,9993181575063.0,1114,22,200.0,17000,558,118589038,105640584305.0,106090,1,40128,163,0,1,0,170,0,2000,582,400.0,50000,9.99999000001e-07,0.9998905893015799,0.4736842105263158,0.999000999000999,0.998726959350807,0.0007477367083573054,0.0009983205293599214,9.99999000001e-07,0.9998973583951287,0.0012236259403629103,0.9871794022038453,0.9619662573345983,0.9999989999951,0.9936878566803543,0.7119259873481454,0.9796693254241612,0.045898072280964194,0.9999999751683095,0.9999949877504783,0.9999999999999
50100,9993167779022.0,10027508,19,200.0,10031,21979,118510018,105651545215.0,210753,1,27,0,12099,244,88,80,11,60,1508,200.0,50100,9.99999000001e-07,0.9998920143422577,0.4736842105263158,0.999000999000999,0.9987250607692999,0.08350289302350804,0.0009983181439837975,9.99999000001e-07,0.9998996805628482,0.001222408344035538,0.9534619295093398,0.9550287013958798,0.9999989890078872,0.9937599395153899,0.9465939594462541,0.9830015549327029,0.9840368108136393,0.9999999498959975,0.9999949877714176,0.9999999999999
50200,9993153709226.0,128,18,200.0,20,58630,118576566,105662573833.0,106140,2000,94,5288,4812,726,39,0,14,10,168,400.0,50200,9.99999000001e-07,0.9998911020352934,0.4736842105263158,0.999000999000999,0.9987254415608189,0.8235152051439096,0.0009983167389100236,9.99999000001e-07,0.9999007443676151,0.005954209073016893,0.25868427361401475,0.9571208870306281,0.9999989999937,0.9937290638388958,0.9692233641938108,0.9841298650955714,0.9786124320260268,0.9999999498958659,0.9999949877614398,0.9999999999999
50300,9993140091334.0,9929091,26,200.0,17009,41248,118475277,105673906469.0,105388,2000,38,101,89,0,0,212,0,44,210,401.0,50300,9.99999000001e-07,0.9998924810849688,0.4736842105263158,0.999000999000999,0.9987257772364185,0.8238013908114366,0.0009983163710900263,9.99999000001e-07,0.9999013603395571,0.005930196431119831,0.9720940416580591,0.8812694567698575,0.9999989915618942,0.9937061665233806,0.3493800575444978,0.9876646009506443,0.45627807277116117,0.9999999498958804,0.9999949877620025,0.9999999999999
50400,9993126436733.0,2071,21,201.0,8035,1046,118657001,105685205791.0,211820,0,294,203,0,0,0,0,0,36,1473,400.0,50400,9.99999000001e-07,0.9998915283600377,0.4736842105263158,0.999000999000999,0.9987243291543638,0.016843081329864368,0.0009983140177366487,9.99999000001e-07,0.999902089411949,0.0012245726430103663,0.41652759876537293,0.9735073550813778,0.999998999995,0.9937576699097921,0.8923883008681466,0.9820821827487368,0.35642193284016277,0.9999999498958893,0.9999949877560791,0.9999999999999
50500,9993112897484.0,9982443,23,201.0,14,1715,118646230,105696689137.0,105216,2000,12379,2881,2739,801,2,1,4,2,793,201.0,50500,9.99999000001e-07,0.9998928851089868,0.4736842105263158,0.999000999000999,0.9987247553808573,0.8237348715603435,0.0009983126662297497,9.99999000001e-07,0.999891820165738,0.00599514494023344,0.9875138056171412,0.9480731573800687,0.9999989923247391,0.9937468473377185,0.8973947611239351,0.9813570358461378,0.6618401050952921,0.9999999498958991,0.999994987745038,0.9999999999999
50600,9993099058582.0,40214,21,201.0,6018,20931,118532403,105708147684.0,105595,2000,1528,24933,24424,404,1,649,0,2000,2000,201.0,50600,9.99999000001e-07,0.9998919673124892,0.4736842105263158,0.999000999000999,0.9987252903784857,0.03804794962127828,0.0009983112849115583,9.99999000001e-07,0.999901198501695,0.005992716417295982,0.9634554567213989,0.9810180559272835,0.9999989938252059,0.9937346531304322,0.9190127978022967,0.9831719685918369,0.9701790334280173,0.9999999756946075,0.9999961618937846,0.9999999999999
50700,9993074852989.0,19895260,23,201.0,22000,58674,118478122,105718900183.0,105191,2000,22011,162,0,796,2,0,99,2000,1,0.0,50700,9.99999000001e-07,0.9998944984432359,0.4736842105263158,0.999000999000999,0.9987263161418664,0.8236195021479225,0.000998309878619102,9.99999000001e-07,0.9999009627902348,0.011576648010494506,0.9874466525652061,0.9922038227640748,0.9999990000002,0.9937353541015375,0.9692038584141943,0.9856093862848875,0.9769450820298416,0.9999999873237154,0.9999949877696517,0.9999999999999
50800,9993061089168.0,19825828,23,200.0,12019,13022,118407641,105729964898.0,21,26,2,28900,0,868,170,0,0,0,341,200.0,50800,9.99999000001e-07,0.9998947263601752,0.4736842105263158,0.999000999000999,0.9987257478401891,0.040663943217664866,0.000998307495605802,9.99999000001e-07,0.9999001300606221,0.001222456195392593,0.9166010106527424,0.9929393794601254,0.9999989965759156,0.9937101825536373,0.9771514243300616,0.9887686013101649,0.9364054458977038,0.9999999498958114,0.9999949877832017,0.9999999999999
50900,9993056705080.0,9987565,25,200.0,7013,1076,118531972,105741077910.0,7,2000,25144,4700,0,401,1,117,161,30,720,200.0,50900,9.99999000001e-07,0.9998938804811579,0.4736842105263158,0.999000999000999,0.9987262705692587,0.0046827913942772146,0.0009983080674446476,9.99999000001e-07,0.9999001402131268,0.0059536094147412295,0.9667166026111591,0.9901041805532111,0.999998992740885,0.9937364634605129,0.7657922181070937,0.9820882348921948,0.9216244682536343,0.9999999498960883,0.9999949877660469,0.9999999999999
51000,9993042967814.0,10041415,20,201.0,21016,522,118485845,105752290878.0,105387,0,213,4,430,2,0,11,0,32,1584,400.0,51000,9.99999000001e-07,0.9998940948633379,0.4736842105263158,0.999000999000999,0.9987262230143686,0.05906251276349855,0.000998306696477046,9.99999000001e-07,0.9999011457015482,0.0012208385759811663,0.9146117522381372,0.9852592453193337,0.9999989839466621,0.9937466891953977,0.524502789286789,0.9601938246805405,0.6392603393282003,0.9999999498962321,0.9999949877751048,0.9999999999999
51100,9993029134947.0,1,21,200.0,22000,97776,118544730,105763246976.0,25,2000,0,15414,0,85,166,158,1,1998,801,200.0,51100,9.99999000001e-07,0.9998931903208125,0.4736842105263158,0.999000999000999,0.9987253366363955,0.8240837008822275,0.0009983053158669221,9.99999000001e-07,0.9998976948710654,0.005982317162761078,0.9741578607841184,0.9839508371018404,0.9999989983029248,0.9937281346276661,0.9462357285047462,0.9865456720163861,0.951761517598434,0.9999999498959982,0.9999949877595281,0.9999999999999
51200,9993005397994.0,19925508,24,200.0,12,18369,118577835,105774515291.0,10,2000,13187,19,18,400,2,77,5,2000,1018,200.0,51200,9.99999000001e-07,0.9998956309863861,0.4736842105263158,0.999000999000999,0.9987258000609653,0.8985572004172105,0.000998302947011391,9.99999000001e-07,0.9998987901885185,0.011564683048919644,0.9566927198940035,0.9332705118594181,0.9999989927706111,0.9937183776719858,0.7481631337295584,0.972578545032658,0.9447905311102309,0.9999999771380007,0.9999949877613135,0.9999999999999
51300,9993001562334.0,9995470,19,201.0,10007,527,118536035,105785658295.0,105905,1,605,37,1310,399,2,0,1,0,886,199.0,51300,9.99999000001e-07,0.999894753770352,0.4736842105263158,0.999000999000999,0.9987255586655402,0.0005275721595817049,0.000998302564145669,9.99999000001e-07,0.9999010723656634,0.0012218750940148427,0.9752106430683314,0.9764961128033043,0.9999989911851779,0.9937455930587729,0.4468168326984973,0.9821361183891403,0.16810850562436097,0.9999999498959017,0.9999949877674988,0.9999999999999
51400,9992977827834.0,19927052,20,200.0,13030,41641,118533086,105797145576.0,11,2000,28124,14889,0,800,90,660,71,1114,153,200.0,51400,9.99999000001e-07,0.9998960679383101,0.4736842105263158,0.999000999000999,0.9987245051064244,0.8242042733559654,0.000998301174433833,9.99999000001e-07,0.9999000213454428,0.01156565574496073,0.986275729697455,0.9912042039623762,0.9999989733483279,0.9937330374582806,0.9469118323902583,0.9857719634244513,0.9825349331510829,0.9999999498958875,0.9999949877563611,0.9999999999999
51500,9992963973546.0,19986931,22,201.0,11000,12026,118399238,105807796852.0,211982,24,0,10233,10,308,49,0,1,10,97,400.0,51500,9.99999000001e-07,0.9998962854954063,0.4736842105263158,0.999000999000999,0.9987244417178925,0.08335685102596416,0.0009982997980932566,9.99999000001e-07,0.9998983076356729,0.0012205553434514928,0.9258200943125746,0.9942734283324516,0.9999989990244492,0.9937528456364679,0.9461467876231026,0.9896537146121237,0.9415248762400744,0.9999999498956379,0.9999949877879409,0.9999999999999
51600,9992959661074.0,1030,16,200.0,20,20,118231399,105819109608.0,15,0,0,99,8073,2,0,0,0,0,2000,399.0,51600,9.99999000001e-07,0.9998943534773418,0.4736842105263158,0.999000999000999,0.9987245042534122,0.025415066822681444,0.0009982983823558537,9.99999000001e-07,0.9999001409011884,0.0012171855823995602,0.9349346134072751,0.9953625167140404,0.9999989729598824,0.9937347233491487,0.8071213908851461,0.9898944763630314,0.0,0.9999999498954641,0.9999963027280153,0.9999999999999
51700,9992945805862.0,9946507,19,200.0,11008,41656,118620829,105830250188.0,106032,1,2,33,0,800,2,13,2,20,1411,400.0,51700,9.99999000001e-07,0.9998956902310874,0.4736842105263158,0.999000999000999,0.9987251842319822,0.8238837943690845,0.000998296983173643,9.99999000001e-07,0.9999010687933975,0.001215235363959183,0.9874912597583685,0.9935151337786392,0.9999989856889845,0.9937330244786063,0.9055141718021202,0.9835762845998944,0.9717099840466763,0.9999999498958659,0.9999949877581737,0.9999999999999
51800,9992921689716.0,19919693,20,201.0,20,42152,118649379,105841175518.0,105754,1,177,21616,21375,0,1,0,7,108,2000,201.0,51800,9.99999000001e-07,0.9998970100250164,0.4736842105263158,0.999000999000999,0.9987256405068026,0.8985045024662196,0.000998295571138729,9.99999000001e-07,0.9999010511435965,0.0012117060787370524,0.984753885876135,0.9885511429349977,0.9999989927098382,0.9937452529140403,0.9138300370308478,0.9687966084750501,0.5477078538396084,0.9999999498959633,0.9999963164636071,0.9999999999999
51900,9992907637960.0,19933579,25,200.0,10009,10976,118729740,105852303206.0,106160,21,584,267,0,4,2,588,719,314,2000,200.0,51900,9.99999000001e-07,0.9998972455704119,0.4736842105263158,0.999000999000999,0.9987256918873045,0.021478892044511283,0.0009982941705366495,9.99999000001e-07,0.999901072629903,0.0012094350123744873,0.5239825461033238,0.9693757110156247,0.9999989990940801,0.99363058111314,0.24673855750250992,0.978325762785209,0.9814811033446015,0.9999999498961017,0.9999957976995719,0.9999999999999
52000,9992903622790.0,9921070,17,200.0,11000,25143,118576089,105863391445.0,20,2000,5,70,36013,2,180,344,2,2000,0,200.0,52000,9.99999000001e-07,0.9998963935223341,0.4736842105263158,0.999000999000999,0.9987255270890496,0.8232834146904892,0.0009982917997636992,9.99999000001e-07,0.999893642682808,0.005868327273240161,0.9645159685863981,0.9891460418389028,0.9999989999937999,0.9936573520393918,0.9461482822935897,0.9844246888417401,0.8129041002952523,0.9999999836042285,0.9999949877436567,0.9999999999999
52100,9992889845704.0,46913,16,200.0,7028,71846,118590242,105874205666.0,105621,0,973,26333,26011,18,201,223,18,40,2000,200.0,52100,9.99999000001e-07,0.9998955497034492,0.4736842105263158,0.999000999000999,0.9987246692062629,0.8234274780265374,0.0009982904062276806,9.99999000001e-07,0.9998978502273905,0.001207643633512665,0.9160572351296323,0.9872364466690368,0.9999989938898933,0.993703736690894,0.946624451484146,0.980806882019314,0.9589062403620495,0.9999999498958783,0.9999961525252592,0.9999999999999
52200,9992875816471.0,9977834,25,200.0,18000,77716,118365007,105885095676.0,106120,2000,25,302,13279,0,0,167,0,28,1182,399.0,52200,9.99999000001e-07,0.9998968434004193,0.4736842105263158,0.999000999000999,0.9987257544314057,0.823973361534408,0.0009982900146688312,9.99999000001e-07,0.9999012661139873,0.005834138493805922,0.9526007084167857,0.9712286566922521,0.9999989893971593,0.9937350818441973,0.8744996369612466,0.9892036098170105,0.5007135091881945,0.9999999498956764,0.9999949877877821,0.9999999999999
52300,9992851637173.0,19946120,24,200.0,9,581,118601568,105896248445.0,211710,2000,24035,220,4680,803,2,0,403,2000,2000,200.0,52300,9.99999000001e-07,0.9998981430000125,0.4736842105263158,0.999000999000999,0.9987258457785525,0.0010060160363524065,0.0009982876015328687,9.99999000001e-07,0.9998911041451642,0.00587801058304945,0.9847850138951264,0.949347485533631,0.9999989971919369,0.9937397092312281,0.7008083498735864,0.9816748646809466,0.9867971774636035,0.9999999889023854,0.9999956020300695,0.9999999999999
52400,9992837712864.0,19930139,18,201.0,16000,19402,118611396,105907324970.0,105880,2000,836,2030,2002,261,71,4,0,832,127,199.0,52400,9.99999000001e-07,0.9998983727155677,0.4736842105263158,0.999000999000999,0.9987259036986021,0.8982502221501817,0.000998285202054286,9.99999000001e-07,0.9999005539245847,0.011392505006535311,0.8720507638139223,0.986503207474875,0.9999990000005,0.9937367061046601,0.9460198925212424,0.97292110064333,0.9389753914970619,0.9999999498961917,0.9999949877402459,0.9999999999999
52500,9992833462422.0,9994273,18,200.0,10009,76033,118493744,105918156936.0,105922,2000,3,15,16164,237,86,0,3,830,0,200.0,52500,9.99999000001e-07,0.9998975829541329,0.4736842105263158,0.999000999000999,0.9987246749226871,0.823693186483226,0.0009982847784427245,9.99999000001e-07,0.9999010672567543,0.005773487401096829,0.04579683931140791,0.9937595330740281,0.9999989999989,0.9937225244182601,0.9462414449533514,0.9883240874244366,0.9267227277338128,0.9999999498957771,0.9999949877560645,0.9999999999999
52600,9992809535729.0,19972899,20,200.0,11014,985,118474032,105929293135.0,106046,2000,24510,22,2678,363,20,386,0,2000,0,200.0,52600,9.99999000001e-07,0.9998988241307083,0.4736842105263158,0.999000999000999,0.9987270256047444,0.042506205847722425,0.0009982833998289477,9.99999000001e-07,0.9998964491373695,0.005837970914360748,0.9730191575760846,0.99062086240832,0.9999989845569388,0.9937350580020599,0.9461911536529023,0.9802189232115731,0.9732720324692722,0.9999999728252841,0.9999949877768424,0.9999999999999
52700,9992795601960.0,19927695,22,200.0,15,66,118392600,105940151539.0,8,2000,382,7170,7076,1,0,10,20,6,2000,400.0,52700,9.99999000001e-07,0.9998990519635761,0.4736842105263158,0.999000999000999,0.998725089011721,0.005041352215086076,0.0009982829888047153,9.99999000001e-07,0.9999003425128177,0.0057984799973112055,0.9711192260871364,0.988315514774494,0.9999989954593759,0.9937369921425871,0.7747898277333258,0.9898180393309168,0.8349493113932036,0.9999999498955559,0.9999958420454912,0.9999999999999
52800,9992791610715.0,10002499,25,200.0,8,22282,118425752,105951181193.0,106880,2000,78,11922,0,0,0,389,39,2000,1101,400.0,52800,9.99999000001e-07,0.9998982488992711,0.4736842105263158,0.999000999000999,0.9987272166084201,0.8234171184676611,0.0009982806013243192,9.99999000001e-07,0.9998921958413468,0.005794183839858122,0.9920597449979625,0.9770354616252307,0.9999989888684528,0.9936380789521334,0.28380324610526864,0.9845587267918422,0.9873494696259024,0.999999984917333,0.9999949877828137,0.9999999999999
52900,9992767840488.0,20016895,20,200.0,22007,1009,118488592,105962516724.0,105779,2,0,0,0,0,0,0,0,0,1673,402.0,52900,9.99999000001e-07,0.9998994699390684,0.4736842105263158,0.999000999000999,0.9987261700320488,0.05605623246600301,0.0009982782297011045,9.99999000001e-07,0.9999012055589261,0.001192362027397433,0.9343236460408787,0.9751192083740972,0.9999989829847242,0.9937347180196466,0.6737988658737778,0.9639248688424176,0.6436682118440924,0.9999999498962002,0.9999949877746411,0.9999999999999
53000,9992763864751.0,929,23,200.0,7009,478,118667457,105973950716.0,106273,0,0,0,0,0,0,132,0,48,108,0.0,53000,9.99999000001e-07,0.9998976205925121,0.4736842105263158,0.999000999000999,0.998725587521571,0.027527922680469507,0.0009982788418621575,9.99999000001e-07,0.9998997176651143,0.0011916976489732586,0.9563732378285807,0.9876588439860906,0.9999989989107148,0.9937480631804922,0.8317998007360137,0.9753614778763187,0.0,0.9999999498959766,0.9999949877314925,0.9999999999999
53100,9992749671681.0,9869469,17,200.0,9,84378,118515622,105984750017.0,20,2000,13584,31,18264,403,0,168,2,2000,1256,200.0,53100,9.99999000001e-07,0.9998988869288087,0.4736842105263158,0.999000999000999,0.9987242866396238,0.823710210993987,0.000998276440478342,9.99999000001e-07,0.9998953559274536,0.005735971548501829,0.9756290780305754,0.9933258554517117,0.9999989999912999,0.9937325941933297,0.8958349532983583,0.9887537870109712,0.9832996507648927,0.9999999752772655,0.9999949877716576,0.9999999999999
53200,9992735731065.0,5304,22,200.0,9000,44417,118638588,105995457146.0,211861,0,26220,277,0,3,0,166,144,2000,2000,0.0,53200,9.99999000001e-07,0.9998981000082143,0.4736842105263158,0.999000999000999,0.9987263101907612,0.8232856534416398,0.000998275024869715,9.99999000001e-07,0.9999020576799952,0.0011847125005456651,0.9755156253801665,0.9715193814538516,0.9999989998071628,0.9936951979299855,0.9398949306158086,0.9814076449854987,0.9290207680619873,0.999999974896118,0.9999950357489084,0.9999999999999
53300,9992721525403.0,10026499,22,202.0,19,20536,118363285,106006354106.0,30,41,0,26400,0,796,2,662,10,84,2000,202.0,53300,9.99999000001e-07,0.9998993558096495,0.4736842105263158,0.999000999000999,0.9987244980000972,0.03929131230208751,0.0009982746163776125,9.99999000001e-07,0.9999004886702868,0.0011824103113661365,0.979101364737589,0.9856550074670777,0.9999989999951,0.9937386024459187,0.938200399882148,0.9897316141980111,0.947155387251003,0.9999999498957497,0.9999961718484286,0.9999999999999
53400,9992707631658.0,9990602,19,200.0,13000,474,118433298,106017393277.0,105931,26,1,30,690,0,1,115,260,2000,456,400.0,53400,9.99999000001e-07,0.9998995759709858,0.4736842105263158,0.999000999000999,0.9987274966841454,0.04514401557668298,0.000998272220954159,9.99999000001e-07,0.9998914332354568,0.0011799109424655025,0.9919130137611931,0.9497543502193696,0.9999990000003,0.9936613671159804,0.895773747903641,0.9798918093553062,0.9737344569253708,0.999999984772504,0.9999949877828396,0.9999999999999
53500,9992694776003.0,9993806,19,201.0,11,43,118661761,106029681590.0,106394,0,0,0,0,405,0,661,9,2000,2000,201.0,53500,9.99999000001e-07,0.9998996798986205,0.4736842105263158,0.999000999000999,0.9987259942387822,0.03842837984644265,0.0009982709378444838,9.99999000001e-07,0.9998886711048302,0.0011911467429095263,0.9965036105085143,0.9861233068027302,0.9999989938028316,0.993629680636637,0.9465389860835689,0.9865274562060051,0.9686224874455373,0.9999999898276395,0.9999961651205056,0.9999999999999
53600,9992671254703.0,20025892,20,201.0,9032,1043,118655837,106040808950.0,7,2000,548,4010,7919,0,0,0,0,0,1851,199.0,53600,9.99999000001e-07,0.9999008427619571,0.4736842105263158,0.999000999000999,0.998725887080368,0.041637896359543375,0.000998270588333543,9.99999000001e-07,0.9999000656868241,0.005858105076679295,0.9608381614852229,0.9549985174244808,0.9999989819581607,0.9937358742883664,0.7488077807061259,0.9700428259396063,0.6461920888640432,0.9999999498960417,0.9999949877595267,0.9999999999999
53700,9992666886106.0,9949602,16,200.0,23000,53448,118232044,106051502739.0,106194,1,249,12068,11985,800,2,464,1,2000,120,400.0,53700,9.99999000001e-07,0.9999000906028368,0.4736842105263158,0.999000999000999,0.9987262657383275,0.8239456127482782,0.0009982691632893664,9.99999000001e-07,0.9998930852226243,0.0011901613374693887,0.3328547521047784,0.9929699360381947,0.9999989999944999,0.9937449079675822,0.8529094019360725,0.9911156966761128,0.87950473362105,0.9999999866961462,0.9999949878129722,0.9999999999999
53800,9992653008277.0,9944036,23,200.0,13026,42034,118512208,106062582275.0,211824,2000,5086,818,552,552,126,124,269,24,488,200.0,53800,9.99999000001e-07,0.999900290236973,0.4736842105263158,0.999000999000999,0.9987259640117243,0.8236080637987451,0.0009982677782687575,9.99999000001e-07,0.9998962933694647,0.0058106414727856605,0.9338869349594876,0.690283677482929,0.9999989999975,0.9937587548308552,0.9692227551048425,0.9866566967872027,0.9489204249170725,0.9999999498958807,0.9999949877606291,0.9999999999999
53900,9992639112143.0,37919,17,200.0,18014,966,118539619,106073758988.0,212231,1,54,26434,0,800,3,660,0,58,2000,0.0,53900,9.99999000001e-07,0.9998995181223754,0.4736842105263158,0.999000999000999,0.9987245960414148,0.003088898119489143,0.0009982653826563488,9.99999000001e-07,0.9999022108560813,0.0011869164477863157,0.9398200648729129,0.9833887861241857,0.9999989944035541,0.993747358035904,0.9520337662791959,0.9902054078663246,0.4972207601977556,0.9999999498955185,0.9999968437328691,0.9999999999999
54000,9992625373840.0,10028160,24,200.0,12010,18414,118366193,106085203744.0,106327,12,3,13200,12680,553,127,0,10,0,2000,200.0,54000,9.99999000001e-07,0.999900691061902,0.4736842105263158,0.999000999000999,0.9987260864171458,0.03528665720134952,0.000998265020311067,9.99999000001e-07,0.9999002735198173,0.0011895004284404218,0.987691535355368,0.9600708194309171,0.9999989923529666,0.9937093284842706,0.9692282548897604,0.9780552012589339,0.9586204771970809,0.9999999498959541,0.9999963632793689,0.9999999999999
54100,9992611520092.0,9925202,18,200.0,20008,39376,118533203,106096289803.0,27,0,488,12946,0,400,1,336,10,46,2000,200.0,54100,9.99999000001e-07,0.9999008946358169,0.4736842105263158,0.999000999000999,0.9987240376512777,0.8232698634819364,0.0009982626283581274,9.99999000001e-07,0.9999000472176943,0.0011880033104992237,0.9120734499145996,0.9794167170876312,0.9999989644507328,0.9937333433804768,0.9705299822444781,0.9899152683497158,0.8482661742669255,0.9999999498955027,0.999997074850992,0.9999999999999
54200,9992597227684.0,9965019,21,200.0,10005,29472,118513912,106107109501.0,23,2000,138,4,11989,402,2,0,7,0,100,201.0,54200,9.99999000001e-07,0.9999011274884341,0.4736842105263158,0.999000999000999,0.9987240581550584,0.8236948887721395,0.0009982612169831962,9.99999000001e-07,0.9999001189583206,0.005770381485239677,0.9092057925821304,0.9720818455704742,0.9999989999966,0.9937342003133075,0.9293616836940306,0.9886382442300591,0.9051307134673996,0.9999999498957515,0.9999949877708604,0.9999999999999
54300,9992573452208.0,19939481,21,200.0,19000,1097,118380010,106118218541.0,25,2000,146,14481,13574,799,2,0,370,2000,1025,399.0,54300,9.99999000001e-07,0.9999022953339984,0.4736842105263158,0.999000999000999,0.9987245268076635,0.897958997945552,0.0009982588294934146,9.99999000001e-07,0.9998904419833332,0.0057545239400145125,0.9774734192552185,0.9861470710802247,0.9999989910232346,0.9937330318306614,0.9550733095348339,0.9899365157780525,0.9825793640759494,0.9999999873548071,0.9999949877908741,0.9999999999999
54400,9992569617160.0,9987935,24,200.0,9,23,118513854,106129231836.0,212175,1,312,6346,0,2,1,336,1,2000,1343,0.0,54400,9.99999000001e-07,0.9999015265242989,0.4736842105263158,0.999000999000999,0.9987246942647998,0.04688451610547595,0.0009982594439206598,9.99999000001e-07,0.9999020597615664,0.0011829156305146185,0.4268911305531261,0.9837029010454055,0.9999989863811181,0.9936821968427797,0.8301059976918633,0.9887240947377964,0.4946965717101905,0.9999999833395529,0.9999949877732319,0.9999999999999
54500,9992555460925.0,9984682,17,200.0,15000,110,118306754,106140410846.0,106448,2000,16635,17967,531,682,65,466,0,2000,2000,200.0,54500,9.99999000001e-07,0.9999017397818625,0.4736842105263158,0.999000999000999,0.9987262136855526,0.8230303187070623,0.0009982580430153857,9.99999000001e-07,0.9999010583099988,0.0057610751290450395,0.9543464707276537,0.9525982747331463,0.9999989787120701,0.9937244647480453,0.9692053181073849,0.9842604387396648,0.9805061695952754,0.9999999867418387,0.9999952027215159,0.9999999999999
54600,9992541415845.0,10002075,18,200.0,11000,480,118690623,106151275896.0,212666,2000,920,13073,23050,1,0,163,1,2000,1470,200.0,54600,9.99999000001e-07,0.9999019647483018,0.4736842105263158,0.999000999000999,0.9987244639352109,0.0645437175856338,0.0009982566303199814,9.99999000001e-07,0.9999021607983366,0.005755919111195652,0.9290149846189338,0.9749990260543938,0.999998993919754,0.9937523829459753,0.9409910701498091,0.9854715048530149,0.9504979130323958,0.9999999746307263,0.9999949877485518,0.9999999999999
54700,9992527226833.0,9994936,18,200.0,9,486,118564465,106162262285.0,106412,1,1726,26372,25797,800,4,5,0,2000,1592,400.0,54700,9.99999000001e-07,0.9999021908980618,0.4736842105263158,0.999000999000999,0.9987253113737504,0.03845235705245973,0.0009982552134493222,9.99999000001e-07,0.999901275754194,0.001172896108040534,0.9549179918954276,0.9778588134979738,0.9999990000006,0.9937354971246596,0.8675874313761969,0.9848789452643264,0.4931702364753408,0.9999999873172531,0.9999949877693686,0.9999999999999
54800,9992512898763.0,9875025,16,201.0,6011,71877,118184710,106172746154.0,212339,2000,1592,26357,0,798,4,4,0,2000,739,0.0,54800,9.99999000001e-07,0.9999024085744374,0.4736842105263158,0.999000999000999,0.9987244070897745,0.8233257015845953,0.000998252809830761,9.99999000001e-07,0.9998932630520342,0.005646918151730162,0.9607815566719037,0.9805380594198096,0.9999989999914,0.9937604583530473,0.9546306487478352,0.9916303068586653,0.9218174167456076,0.9999999872530894,0.999994987820005,0.9999999999999
54900,9992489536793.0,19956973,21,201.0,17000,242,118252437,106184488594.0,106413,2000,9283,10336,9740,728,37,642,339,62,2000,201.0,54900,9.99999000001e-07,0.9999035186626972,0.4736842105263158,0.999000999000999,0.9987244540325302,0.8229547977627835,0.0009982504548905564,9.99999000001e-07,0.9999007748196657,0.005711839145555257,0.9865303323394655,0.9410446533087791,0.9999989799615486,0.9937278510452762,0.9691414538580616,0.9916186872549627,0.9798135760598872,0.9999999498953351,0.9999951380895713,0.9999999999999
55000,9992476136071.0,19923449,19,200.0,13,43454,118335596,106196127106.0,105990,1,73,14246,13322,2,0,10,27,10,2000,0.0,55000,9.99999000001e-07,0.999903664946963,0.4736842105263158,0.999000999000999,0.9987253317990933,0.8981390374949992,0.0009982491176528537,9.99999000001e-07,0.9999010687542479,0.0011765727885592178,0.10151724934671784,0.9357991088045335,0.9999989530497243,0.9937260710386083,0.9515165278185984,0.9780046870698674,0.9738260414861802,0.9999999498959282,0.9999978408407773,0.9999999999999
55100,9992472265300.0,1824,22,200.0,17,67916,118499234,106207064912.0,211782,2000,70,23833,23310,405,0,304,15,62,2000,200.0,55100,9.99999000001e-07,0.9999019690071919,0.4736842105263158,0.999000999000999,0.9987258004071412,0.8231765527002778,0.0009982487308479668,9.99999000001e-07,0.9998980203818505,0.005674288578113795,0.9574753196894338,0.9774500001773658,0.9999989810772805,0.9937602832874219,0.9164941256470969,0.9728323916440614,0.9807960729647859,0.999999949896215,0.9999952038372121,0.9999999999999
55200,9992448586879.0,19982308,21,202.0,23013,4612,118587513,106218358813.0,10,1,848,563,281,1,0,132,0,2000,151,198.0,55200,9.99999000001e-07,0.9999040235937341,0.4736842105263158,0.999000999000999,0.9987248089028314,0.8226104971230284,0.000998248361806362,9.99999000001e-07,0.9998984715294879,0.0011784093477184288,0.8879917762672466,0.5027937832021586,0.9999989947689788,0.9937146955471761,0.7402481260362755,0.984776085124359,0.6479500528284486,0.9999999719475227,0.9999949877597385,0.9999999999999
55300,9992445330894.0,9997789,21,201.0,15,479,118608652,106230176005.0,13,0,9004,925,13714,401,0,496,9,2000,0,0.0,55300,9.99999000001e-07,0.9999032270669659,0.4736842105263158,0.999000999000999,0.99872561007631,0.03251943992231401,0.0009982470401944106,9.99999000001e-07,0.9998904064670705,0.0011850618965945799,0.9886283235051445,0.9644277722143916,0.9999989800455084,0.9936780575147416,0.8673048012635476,0.9818276015759007,0.9544977945105471,0.9999999873333124,0.9999949877387432,0.9999999999999
55400,9992421836039.0,19877977,28,200.0,10009,8222,118617886,106241278705.0,106334,2000,642,8427,0,321,250,240,14,70,642,200.0,55400,9.99999000001e-07,0.9999043058042609,0.4736842105263158,0.999000999000999,0.998724779504444,0.822095830160779,0.0009982456822941134,9.99999000001e-07,0.9998982809997554,0.005755313909987957,0.9186928261750985,0.9741253863590935,0.9999989935350732,0.9937338653292993,0.9692528187112641,0.9814506682790975,0.958981798539267,0.9999999498959474,0.9999949877500474,0.9999999999999
55500,9992418425824.0,9948362,20,201.0,10,18343,118459247,106252949754.0,24,2000,16002,177,994,398,2,327,32,42,2000,0.0,55500,9.99999000001e-07,0.9999035281101433,0.4736842105263158,0.999000999000999,0.9987248098708601,0.8232117184294864,0.0009982433580834318,9.99999000001e-07,0.9998994577757848,0.005825985761639486,0.9867703810528689,0.92211542733361,0.9999989939154016,0.9937302990673414,0.40594783410188723,0.9889399671072627,0.9784466301111663,0.9999999498956522,0.9999961488203308,0.9999999999999
55600,9992394936711.0,19905058,17,200.0,8018,73,118593569,106264410133.0,19,0,187,39,0,800,69,665,18,120,433,200.0,55600,9.99999000001e-07,0.9999046013300841,0.4736842105263158,0.999000999000999,0.998724274149224,0.025273780726121974,0.000998242999597218,9.99999000001e-07,0.9998990998292163,0.0011971117190874923,0.9874664869725918,0.8300526485048484,0.9999989956465295,0.9937325681447752,0.9467832948592964,0.9860399005645962,0.9486780356846145,0.9999999498957783,0.9999949877499638,0.9999999999999
55700,9992390765971.0,10028622,23,200.0,7015,48834,118619403,106275281911.0,106013,0,79,1,12920,1,0,0,16,1916,813,400.0,55700,9.99999000001e-07,0.999903890398271,0.4736842105263158,0.999000999000999,0.9987257035710444,0.8235872008783599,0.0009982406056047509,9.99999000001e-07,0.9999013874003865,0.001195311464011357,0.9702802226315794,0.9332755784364078,0.9999989931065051,0.9937266130053052,0.9485699520633716,0.9844148221880955,0.9683319246058336,0.9999999498960623,0.9999949877528094,0.9999999999999
55800,9992366943956.0,19967232,19,200.0,10,976,118538890,106286277222.0,213093,1,23,22833,0,690,55,570,0,660,573,200.0,55800,9.99999000001e-07,0.9999049927299012,0.4736842105263158,0.999000999000999,0.9987249545711799,0.022736604458919243,0.0009982382194952107,9.99999000001e-07,0.9999022232669122,0.0011940026953721893,0.9615975217418689,0.9834314266156504,0.9999989942318189,0.9937607260043491,0.9692414146312397,0.9844084003380371,0.954367222599593,0.9999999498960557,0.9999949877671094,0.9999999999999
55900,9992363201782.0,10029523,20,200.0,6016,13911,118546034,106297514476.0,16,27,0,0,0,652,74,0,0,0,148,0.0,55900,9.99999000001e-07,0.9999042556039274,0.4736842105263158,0.999000999000999,0.9987241511635467,0.07733277105675702,0.0009982388473223887,9.99999000001e-07,0.9998993228454586,0.0011950631121364584,0.9511805920582588,0.9866260289253515,0.9999990000002,0.9937373278353672,0.9692084214197594,0.9873708396543922,0.9493205359312311,0.9999999498957508,0.9999949877522264,0.9999999999999
56000,9992349156650.0,1873,21,200.0,9014,0,118683580,106308761774.0,106345,0,625,175,167,2,1,167,152,48,902,200.0,56000,9.99999000001e-07,0.9999035257289332,0.4736842105263158,0.999000999000999,0.998725316630203,0.022429136308307576,0.000998237453778837,9.99999000001e-07,0.9999008975117744,0.0011944168802343613,0.939686598874908,0.9579933815520948,0.9999989999937,0.9937307528610266,0.5682528655566714,0.981739253502991,0.9713596399503647,0.9999999498960287,0.9999949877410481,0.9999999999999
56100,9992335190282.0,10038451,23,200.0,25006,496,118490241,106319951687.0,106185,2000,1,41,13549,22,200,189,9,60,2000,199.0,56100,9.99999000001e-07,0.9999046408712321,0.4736842105263158,0.999000999000999,0.9987266497228567,0.06876418644043521,0.0009982360599085345,9.99999000001e-07,0.9999010115530407,0.005856867117661322,0.0049746262067403724,0.8989105388160048,0.9999989910904203,0.9937471904109809,0.9488297278943265,0.9560197012698886,0.6751458980239854,0.9999999498961072,0.9999965193733626,0.9999999999999
56200,9992311461260.0,19917579,24,200.0,12005,26135,118526870,106330821692.0,211402,2000,505,13332,5536,400,1,1,0,2000,814,200.0,56200,9.99999000001e-07,0.9999057206948565,0.4736842105263158,0.999000999000999,0.9987234939485634,0.8981609562319369,0.0009982326827630093,9.99999000001e-07,0.9999022092399555,0.011312143035564309,0.9323840275547328,0.9883662025433466,0.9999989923494129,0.9937345106769394,0.9332351832532125,0.9901372878577653,0.722154816538113,0.9999999748454172,0.9999949877633267,0.9999999999999
56300,9992307606641.0,9942258,24,200.0,10018,10483,118711811,106342183939.0,106402,20,101,740,22519,802,2,2,1,148,1808,401.0,56300,9.99999000001e-07,0.9999050008951861,0.4736842105263158,0.999000999000999,0.9987247483684203,0.027645074030353656,0.0009982322981226814,9.99999000001e-07,0.999901050889033,0.001192964880223618,0.6967161608893885,0.9238173891500245,0.9999989999928,0.9937455351437348,0.9166749287422309,0.9531470746207614,0.9163049733690695,0.9999999498960609,0.9999949877534678,0.9999999999999
56400,9992283745158.0,19894050,21,201.0,9032,25458,118601189,106353406317.0,8,2000,1741,40,14522,2,199,46,2,2000,1383,199.0,56400,9.99999000001e-07,0.9999060686559711,0.4736842105263158,0.999000999000999,0.9987245898584513,0.8229153410346014,0.000998230925653075,9.99999000001e-07,0.9998999687902625,0.011278307751242389,0.9285447139203614,0.9333589669337804,0.9999989999971,0.9937405340224202,0.9671964181279683,0.9853360584936005,0.8137078078823824,0.9999999605259077,0.9999949877576746,0.9999999999999
56500,9992280481684.0,10008706,17,200.0,8018,618,118751786,106365032991.0,105668,1,0,0,0,396,2,0,429,152,580,200.0,56500,9.99999000001e-07,0.9999053056279418,0.4736842105263158,0.999000999000999,0.9987254990611544,0.07866926580380715,0.0009982306000145744,9.99999000001e-07,0.9998988434570127,0.0011995891794487812,0.9953673716943808,0.9504703738677072,0.999999000001,0.9937037579231814,0.9461116693442566,0.864610420261382,0.9835588695598205,0.9999999498960922,0.9999949877258786,0.9999999999999
56600,9992256729346.0,19974874,23,200.0,36,942,118558735,106376178849.0,106521,2000,40527,1817,0,403,0,209,18,2000,816,200.0,56600,9.99999000001e-07,0.9999063616953983,0.4736842105263158,0.999000999000999,0.9987262205092368,0.03876057057037626,0.000998228229497909,9.99999000001e-07,0.9998964047045524,0.011396937797862454,0.9782101290102214,0.9765676333062205,0.9999990000001,0.993734988972266,0.6435885950413115,0.9863880883425474,0.9477158414492068,0.9999999777231886,0.9999949877641022,0.9999999999999
56700,9992252673739.0,9939409,22,200.0,20000,464,118615115,106387162498.0,8,0,268,12759,9538,400,1,1,39,0,1303,200.0,56700,9.99999000001e-07,0.9999056701512656,0.4736842105263158,0.999000999000999,0.998725129041556,0.0038772996422039197,0.000998227824779523,9.99999000001e-07,0.9998999930995238,0.0011986566068008795,0.9746115647633136,0.9286792309143007,0.9999989878104031,0.9937326744395766,0.9096546405689699,0.9853146448221958,0.972003346900819,0.9999999498957814,0.9999949877574084,0.9999999999999
56800,9992238582452.0,9958520,26,200.0,22,74,118549604,106398043515.0,213282,2000,47265,10928,0,402,0,178,3,2000,2000,200.0,56800,9.99999000001e-07,0.9999058727049156,0.4736842105263158,0.999000999000999,0.9987220150857037,0.8229129409204649,0.0009982254247327886,9.99999000001e-07,0.9999000140280319,0.005829663012919284,0.9875251171222601,0.9795800558866833,0.9999989936724134,0.9937445436526173,0.9744780695348415,0.9905254695308947,0.9657354475534183,0.9999999757291453,0.9999961838659038,0.9999999999999
56900,9992214636971.0,19968040,18,200.0,18000,510,118507112,106409260263.0,106322,2000,25085,217,8963,1,0,0,361,48,1228,400.0,56900,9.99999000001e-07,0.9999069370309708,0.4736842105263158,0.999000999000999,0.9987245621403504,0.8231757364176265,0.0009982240286218324,9.99999000001e-07,0.9999004682867576,0.005851739696123901,0.9884540060247854,0.9738107427201198,0.9999989999964,0.9937176693829207,0.8175594819190654,0.9865813596804521,0.9868339359840538,0.9999999498958289,0.9999949877718116,0.9999999999999
57000,9992211435698.0,9956995,26,200.0,14007,22701,118502708,106420891567.0,27,2000,19024,19028,5160,405,1,708,39,2000,52,0.0,57000,9.99999000001e-07,0.9999061797169684,0.4736842105263158,0.999000999000999,0.9987256736205223,0.8233931159094278,0.0009982227155407592,9.99999000001e-07,0.9998899824632046,0.005840910780878334,0.996602088205856,0.9852418373842745,0.9999989999959,0.9936134786662127,0.735617895286176,0.9871582985372935,0.9916817032790282,0.9999999903631219,0.9999949877725107,0.9999999999999
57100,9992198280369.0,9927159,23,200.0,10000,20046,118542074,106432223796.0,212168,2000,32746,18,514,794,3,323,35,2000,0,199.0,57100,9.99999000001e-07,0.9999063032455524,0.4736842105263158,0.999000999000999,0.9987254465637837,0.8231094458009423,0.0009982213875986963,9.99999000001e-07,0.9999017027733678,0.005894623671956409,0.9858341468918254,0.9586036611197446,0.9999989870310599,0.9937277531766731,0.9462689477430049,0.9868526580120326,0.9815676628893144,0.9999999828776158,0.9999949877487851,0.9999999999999
57200,9992174627641.0,19916709,16,200.0,13022,52907,118140270,106443401344.0,106773,2000,2,3,3,1104,50,49,0,0,1266,400.0,57200,9.99999000001e-07,0.9999073348834829,0.4736842105263158,0.999000999000999,0.9987220992890244,0.8985504330377203,0.0009982190268203162,9.99999000001e-07,0.999901285470475,0.005935320012622882,0.9553605536917562,0.9795338413328419,0.9999989871773616,0.9937355722361378,0.9771929186872854,0.9924024429634561,0.9764694644615352,0.9999999498947292,0.999994987826679,0.9999999999999
57300,9992170599498.0,9903432,20,200.0,14022,68081,118420736,106454860347.0,212942,2000,69900,10116,19446,998,103,107,0,2000,2000,200.0,57300,9.99999000001e-07,0.9999066410497176,0.4736842105263158,0.999000999000999,0.9987255781734685,0.823842072608865,0.0009982186453453491,9.99999000001e-07,0.999893502695287,0.0059272634078897865,0.9899538026631575,0.9867317791745277,0.9999989960612471,0.9937536247329225,0.9692294582786308,0.9819491933596375,0.9706984856278448,0.9999999898496786,0.9999958079265558,0.9999999999999
57400,9992147026138.0,19985615,21,200.0,10007,13432,118541773,106466162328.0,106321,1,24427,145,14779,1,3,474,31,84,0,200.0,57400,9.99999000001e-07,0.9999076694760582,0.4736842105263158,0.999000999000999,0.9987255098161646,0.8984693372478367,0.0009982162725258314,9.99999000001e-07,0.999895198904619,0.001211134032600191,0.9637542487794457,0.9505683811282822,0.9999989809645191,0.993661416936858,0.8770789831297707,0.9805643190975498,0.9371883527772727,0.9999999498961416,0.999994987751843,0.9999999999999
57500,9992143100648.0,10013910,21,200.0,18010,459,118663857,106477318995.0,105981,2000,1385,86,32562,2,0,348,0,80,0,0.0,57500,9.99999000001e-07,0.9999069899877735,0.4736842105263158,0.999000999000999,0.9987252479157204,0.05426935470594841,0.0009982158804558462,9.99999000001e-07,0.9998970681403764,0.005904607925702992,0.9644028513349121,0.9783006529477043,0.9999989861245056,0.9936846215336131,0.9410549339037982,0.9797190959575721,0.45564876084227324,0.9999999498959691,0.9999949877304043,0.9999999999999
57600,9992129191803.0,19814,19,200.0,9,17272,118491377,106488562358.0,106129,2000,160,33645,2878,1,0,0,35,1482,2000,200.0,57600,9.99999000001e-07,0.9999062915365693,0.4736842105263158,0.999000999000999,0.9987248294141525,0.8233203475810584,0.0009982154991580224,9.99999000001e-07,0.9999000728868364,0.0059068102926726936,0.9901058478339403,0.965303846175022,0.9999989638092774,0.9937198799688362,0.9335095862544187,0.9625768046986752,0.9492277283239452,0.9999999498960006,0.999997148098508,0.9999999999999
57700,9992115666622.0,9943677,26,202.0,19006,3230,118431549,106499949751.0,9,2000,2825,35633,34712,5,176,890,5,218,2000,202.0,57700,9.99999000001e-07,0.9999073004514408,0.4736842105263158,0.999000999000999,0.9987254015983875,0.8235363482512946,0.0009982131590118618,9.99999000001e-07,0.999887047537851,0.005904118519371213,0.9644097985403897,0.972951035513053,0.9999989636810629,0.9937463660024323,0.9467051413037233,0.9867490533497474,0.33252494572714836,0.9999999498959579,0.9999973915962413,0.9999999999999
57800,9992091879292.0,19883525,21,200.0,14017,913,118601888,106510788765.0,8,2000,4,47,25358,948,9,123,118,2000,742,400.0,57800,9.99999000001e-07,0.9999083304280725,0.4736842105263158,0.999000999000999,0.9987242926390774,0.027051733047628992,0.0009982127522193108,9.99999000001e-07,0.9998986278570852,0.011437771346664592,0.910932579703843,0.9776565390392558,0.9999989999922999,0.9937456924962526,0.8842680721384812,0.98798914174733,0.9845014253346287,0.9999999893650513,0.9999949877509529,0.9999999999999
57900,9992087792040.0,9995532,21,200.0,34,437,118709192,106521998922.0,18,2,8,224,5034,557,32,30,0,38,1075,199.0,57900,9.99999000001e-07,0.999907674091819,0.4736842105263158,0.999000999000999,0.9987243007249437,0.005034624650253924,0.0009982103603120296,9.99999000001e-07,0.9998999755340157,0.0012108163401597567,0.029123294763693013,0.9539120880923494,0.9999989896471161,0.9937454201916243,0.9103028535181633,0.9816623935828991,0.8323558388412188,0.9999999498958266,0.9999949877397938,0.9999999999999
58000,9992074504569.0,9971872,20,200.0,18013,36137,118479951,106533500039.0,212419,0,119,14891,14378,168,125,7,232,4,1851,201.0,58000,9.99999000001e-07,0.9999077855311294,0.4736842105263158,0.999000999000999,0.9987250670468721,0.8240835272473618,0.0009982100433565545,9.99999000001e-07,0.9999002147677554,0.001218241451083036,0.9803764276976499,0.9657682927436055,0.9999989999919999,0.9937091046232148,0.9468195258725156,0.9828151831888005,0.9864542065663319,0.9999999498959534,0.9999949877759068,0.9999999999999
58100,9992050784618.0,19889438,19,200.0,8,8604,118375301,106544601671.0,106908,2000,44975,24983,0,1200,2,3,0,2000,1912,200.0,58100,9.99999000001e-07,0.999908796146195,0.4736842105263158,0.999000999000999,0.9987253269022272,0.8981902844369465,0.0009982066670369018,9.99999000001e-07,0.9999012270465237,0.011519420474454008,0.9916053301201017,0.9873810957991724,0.9999989806323198,0.9937477528183082,0.9188839644343559,0.9857445966594738,0.8913299343974151,0.9999999915277503,0.9999949877915937,0.9999999999999
58200,9992046558046.0,10034299,21,200.0,7029,54179,118713602,106555855279.0,14,2000,92,485,1,14,200,204,0,56,1528,0.0,58200,9.99999000001e-07,0.9999081521260428,0.4736842105263158,0.999000999000999,0.9987228568845492,0.8235649818799844,0.000998207254355812,9.99999000001e-07,0.9999000263430586,0.005960040311966815,0.4161864629094552,0.9918599791582977,0.9999989844833111,0.9937180472232743,0.9719274349791027,0.9870502560408871,0.4751985699405876,0.9999999498957102,0.9999949877480795,0.9999999999999
58300,9992032786119.0,10010947,22,200.0,27,41910,118509506,106566721102.0,212944,2000,13135,18549,18101,0,0,8,13,0,2000,200.0,58300,9.99999000001e-07,0.9999083234995236,0.4736842105263158,0.999000999000999,0.9987258621294609,0.8234831141191834,0.0009982048714603862,9.99999000001e-07,0.9999020931601205,0.0059443888556012575,0.985531440192883,0.975040316276323,0.9999989988147969,0.9937566099164209,0.96848949825797,0.9790564198961857,0.8776538646699114,0.9999999498959771,0.9999952674032034,0.9999999999999
58400,9992019137816.0,9984829,21,200.0,10030,478,118592130,106578039305.0,213584,0,5,125,13321,401,2,0,397,2000,1315,200.0,58400,9.99999000001e-07,0.999908474094966,0.4736842105263158,0.999000999000999,0.9987232755143469,0.041259473263877564,0.0009982035083165577,9.99999000001e-07,0.9999002960906994,0.0012163055256410695,0.9346226288028937,0.9906678922975416,0.9999989880345201,0.9937595342554211,0.8924000257594561,0.9890065241425918,0.9725910691232479,0.9999999748706146,0.999994987761047,0.9999999999999
58500,9992005020465.0,9998461,21,201.0,12,433,118706004,106589273590.0,16,2000,2605,24,655,26,400,242,0,2000,257,201.0,58500,9.99999000001e-07,0.9999086550823096,0.4736842105263158,0.999000999000999,0.9987240928836455,0.05945449025088687,0.0009982021110703102,9.99999000001e-07,0.9999000195661709,0.0059350979972215495,0.9000589528109707,0.9840261191098512,0.9999989903472145,0.9937150078404444,0.9709220377103271,0.9761506944106545,0.9796136409856221,0.9999999783629778,0.9999949877279213,0.9999999999999
58600,9991991122480.0,1782,23,200.0,20006,310,118447742,106600329600.0,9,0,28000,0,0,0,107,0,0,0,1405,400.0,58600,9.99999000001e-07,0.9999079890063425,0.4736842105263158,0.999000999000999,0.9987247388396251,0.0008798787388892527,0.0009982017217925311,9.99999000001e-07,0.999898817264891,0.0012140417482377104,0.9931393608441725,0.9779793847983964,0.999999000001,0.9937172123980159,0.9692034538009533,0.9878051659312252,0.2338718538467051,0.9999999498957826,0.9999949877807476,0.9999999999999
58700,9991977346959.0,9907081,17,201.0,12000,46728,118542655,106611550388.0,25,0,9,2937,2741,398,2,0,323,2000,871,199.0,58700,9.99999000001e-07,0.9999089806380582,0.4736842105263158,0.999000999000999,0.9987264002815687,0.8235615507973026,0.0009981993583242361,9.99999000001e-07,0.9998932811293076,0.0012150896336818298,0.9859340999032912,0.9287835052640908,0.9999989999947,0.9936531540899397,0.9434024139151704,0.9734913000131273,0.985960515980491,0.9999999893344647,0.9999949877664644,0.9999999999999
58800,9991963282994.0,1809,24,200.0,7,14626,118529614,106622482823.0,15,1,1,0,47,334,0,32,0,2000,0,401.0,58800,9.99999000001e-07,0.999908339977776,0.4736842105263158,0.999000999000999,0.9987262532955661,0.8235033560357653,0.000998198943215102,9.99999000001e-07,0.9998996406331793,0.001212204668922228,0.36624950420639085,0.9850090442581346,0.9999989999998,0.9937456591480676,0.9693727292718222,0.9831596314974745,0.0009304169420011561,0.9999999695930698,0.9999949877506628,0.9999999999999
58900,9991949499392.0,1518,21,200.0,35,768,118435497,106633973812.0,106486,42,26080,14550,0,6,3,590,425,2000,2000,0.0,58900,9.99999000001e-07,0.9999085042804589,0.4736842105263158,0.999000999000999,0.9987239893238815,0.01125263326026665,0.0009981975675791342,9.99999000001e-07,0.9998932156256294,0.0012127683720442903,0.9908906226336448,0.991442936832877,0.9999989981515897,0.9936367446096311,0.283802301501874,0.9896713672080104,0.9649750725414409,0.9999999887969969,0.9999960204638513,0.9999999999999
59000,9991935603628.0,10032360,21,200.0,11025,495,118501924,106644640469.0,106650,2000,7,29,18766,401,0,8,0,2000,504,200.0,59000,9.99999000001e-07,0.9999095056511087,0.4736842105263158,0.999000999000999,0.9987245285216224,0.0766025996214269,0.0009981951798633997,9.99999000001e-07,0.9999011376290747,0.005936120070331551,0.9199717341422603,0.9577262630659141,0.9999989968274668,0.993734273745752,0.8991544012734574,0.9891271200610683,0.9832229376261057,0.9999999748329901,0.9999949877693324,0.9999999999999
59100,9991921622862.0,9962229,23,200.0,16,20343,118472514,106655889173.0,107225,2000,4,13,0,0,0,5,0,0,1023,200.0,59100,9.99999000001e-07,0.9999096752270269,0.4736842105263158,0.999000999000999,0.9987254916149624,0.823575141596117,0.000998193791515737,9.99999000001e-07,0.9999010767107571,0.00590802850693244,0.943273648060837,0.9780782858996058,0.999998989868788,0.993746245168722,0.2853608313875147,0.9873202497326236,0.9483093397642864,0.9999999498958405,0.9999949877769682,0.9999999999999
59200,9991907867500.0,894,23,200.0,9000,0,118596268,106667081252.0,12,2000,303,855,18064,798,0,717,0,2000,181,399.0,59200,9.99999000001e-07,0.9999090141833986,0.4736842105263158,0.999000999000999,0.9987254070295628,9.487389083044595e-05,0.0009981934129042254,9.99999000001e-07,0.9998973670544139,0.005923672757166986,0.9013973268762692,0.8916112560583674,0.9999989999911999,0.9937146032114704,0.9180275215727335,0.9843329142088355,0.9427805728261578,0.9999999904746614,0.9999949877584351,0.9999999999999
59300,9991894475414.0,9995109,21,201.0,21010,912,118285301,106678241912.0,18,0,9715,19820,30345,694,56,460,9,2000,1160,201.0,59300,9.99999000001e-07,0.9999099701733615,0.4736842105263158,0.999000999000999,0.9987234968600749,0.006040575277134688,0.0009981920646515926,9.99999000001e-07,0.9998911754854063,0.0012148489538085917,0.9857823405942182,0.9632584232090149,0.9999989815427021,0.9937260281274768,0.969265363228209,0.9918892985884532,0.8417556806721596,0.9999999866114762,0.9999949878047084,0.9999999999999
59400,9991880887375.0,850,20,200.0,10016,9999,118769944,106689962912.0,106458,21,130,16870,16426,400,1,332,214,12,165,200.0,59400,9.99999000001e-07,0.9999092882821207,0.4736842105263158,0.999000999000999,0.9987235479826236,0.06755017611450209,0.0009981907202919731,9.99999000001e-07,0.9998959919023456,0.001218591411158284,0.9824045547345283,0.972787939959832,0.999998999991,0.9937384387600158,0.9666594121928836,0.9790722445779214,0.9691230537557922,0.9999999498958353,0.9999949877198763,0.9999999999999
59500,9991866815006.0,1713,26,200.0,16,0,118420682,106701163138.0,106617,0,31812,27496,26755,0,5,950,0,264,2000,0.0,59500,9.99999000001e-07,0.9999094719753712,0.4736842105263158,0.999000999000999,0.998725669338312,0.05866810915384169,0.0009981893158166435,9.99999000001e-07,0.999900060243685,0.0012156697790591713,0.9912042689073424,0.9727250971706658,0.9999989597398518,0.9937453175790364,0.9246466654367274,0.9853061396588565,0.9709847732286693,0.9999999498961178,0.9999975710515691,0.9999999999999
59600,9991852666754.0,11789,23,200.0,5016,13561,118417236,106711755766.0,106413,1,10619,13,13,400,32,2,0,2000,616,200.0,59600,9.99999000001e-07,0.9999096617527794,0.4736842105263158,0.999000999000999,0.9987251193845684,0.8235493972668947,0.0009981879026729412,9.99999000001e-07,0.9999011704384969,0.0012126627035111623,0.9751509901524978,0.9595876137142545,0.9999989938001993,0.9937342163374465,0.9467459618083247,0.9875461807278009,0.9037532138489702,0.9999999766076137,0.9999949877853224,0.9999999999999
59700,9991838666231.0,1749,20,200.0,22000,0,118617943,106722794074.0,213209,0,426,5,7,0,0,0,0,52,726,200.0,59700,9.99999000001e-07,0.9999098474171954,0.4736842105263158,0.999000999000999,0.9987256716826004,0.003784643356624189,0.0009981854974466698,9.99999000001e-07,0.9999024030515833,0.0012094353421563393,0.9690755558160539,0.975240645001584,0.9999989999946,0.9937614123488394,0.4370615110453468,0.9815236174881852,0.5023752697615262,0.9999999498959308,0.9999949877482925,0.9999999999999
59800,9991824974021.0,23195,20,200.0,10015,1,118485691,106734170271.0,106789,0,671,870,17454,5,0,7,0,4,1779,400.0,59800,9.99999000001e-07,0.9999099902546359,0.4736842105263158,0.999000999000999,0.998725380419827,0.021632874610726868,0.000998185137812609,9.99999000001e-07,0.9999010204004873,0.0012124200739544939,0.719658954730777,0.7687523614569587,0.9999989836947027,0.9937323245794697,0.8920681411106338,0.9798327970598448,0.6464000015651397,0.9999999498960409,0.9999949877750969,0.9999999999999
59900,9991801834392.0,19941422,24,200.0,13021,26711,118681876,106746135425.0,106763,2000,9000,9134,0,802,3,665,321,12,1648,400.0,59900,9.99999000001e-07,0.9999116902873394,0.4736842105263158,0.999000999000999,0.9987249717083724,0.8985548385885194,0.0009981818217849423,9.99999000001e-07,0.9998905694622923,0.00596123281334102,0.9944104557972894,0.979466680755873,0.9999989999992,0.9937334088698897,0.7456358969289503,0.981875926877784,0.9874977426429244,0.9999999498958666,0.9999949877525514,0.9999999999999
60000,9991787816661.0,19936256,22,200.0,23,41822,118565336,106756838507.0,106398,1,92,1600,0,0,0,430,42,136,1856,200.0,60000,9.99999000001e-07,0.9999118592084688,0.4736842105263158,0.999000999000999,0.998725434746025,0.8986393671078727,0.0009981804232291522,9.99999000001e-07,0.999895991220827,0.0012166590817500283,0.9690163314270601,0.9813532191237472,0.9999989999985,0.9937345192222965,0.5816496202467757,0.9854460234904329,0.8934676346415534,0.9999999498959508,0.9999949877631503,0.9999999999999
60100,9991783411678.0,9953944,27,200.0,6012,16210,118414203,106767916308.0,106860,0,16,7200,0,0,37,187,2,496,2000,400.0,60100,9.99999000001e-07,0.9999112658618705,0.4736842105263158,0.999000999000999,0.9987270461009402,0.8233815586259485,0.0009981799988409545,9.99999000001e-07,0.9999011666193419,0.0012120241634349768,0.901820522608143,0.9912067017551168,0.9999989842296575,0.9937067557846466,0.9692221903651745,0.9782690529573785,0.8109522413953126,0.99999994989615,0.9999956030633208,0.9999999999999
60200,9991769365707.0,9989828,17,200.0,11013,11423,118447891,106778771575.0,212887,21,0,0,0,400,0,332,216,0,1975,0.0,60200,9.99999000001e-07,0.9999114437079204,0.4736842105263158,0.999000999000999,0.9987253843890516,0.05254764837083214,0.0009981795903124468,9.99999000001e-07,0.9999021404142181,0.001209304449282373,0.7931366568809827,0.9913121740384511,0.9999989999998,0.9937334814548869,0.7217048743915447,0.9818626314247131,0.9535265000394701,0.9999999498960143,0.9999949877806474,0.9999999999999
60300,9991745502457.0,19941045,20,201.0,14000,1673,118627804,106789775089.0,213199,2000,14969,174,0,795,3,98,282,18,662,400.0,60300,9.99999000001e-07,0.9999123856972746,0.4736842105263158,0.999000999000999,0.9987254943610695,0.001785626764081359,0.000998178189967328,9.99999000001e-07,0.9999022405870883,0.011442845612186761,0.9659410353096611,0.9789854831257928,0.9999989960966229,0.993734261476175,0.969237081904789,0.9662916835327146,0.9399422534200019,0.999999949896091,0.9999949877500565,0.9999999999999
60400,9991741581025.0,1713,20,200.0,11000,10988,118528231,106800998404.0,25,1,230,8,0,1202,3,0,0,10,1335,200.0,60400,9.99999000001e-07,0.9999109804591488,0.4736842105263158,0.999000999000999,0.9987264276152747,0.02137077456404721,0.0009981768174650379,9.99999000001e-07,0.9999001258115152,0.0012081088057166905,0.9217945375532809,0.9779925871989176,0.9999989999986,0.9937344019511145,0.9426943856428828,0.9820185733270727,0.0026965443783791075,0.9999999498960093,0.9999949877709506,0.9999999999999
60500,9991727342498.0,1040,23,200.0,10010,23139,118469035,106811955903.0,212867,2000,11612,3416,0,806,0,420,3,2000,1913,401.0,60500,9.99999000001e-07,0.9999111705077999,0.4736842105263158,0.999000999000999,0.9987273026645409,0.8232989610490977,0.0009981753964832711,9.99999000001e-07,0.999901836944883,0.0058724538573437365,0.9551541824858988,0.9689037814045952,0.9999989804922286,0.9937309374529101,0.16556103731148333,0.9751943493205404,0.9553275854682318,0.9999999856919563,0.9999949877746374,0.9999999999999
60600,9991713367696.0,10016083,20,200.0,20022,463,118477293,106822810853.0,213487,2000,17,25000,24761,406,2,480,7,2000,284,200.0,60600,9.99999000001e-07,0.9999121179163061,0.4736842105263158,0.999000999000999,0.998726740261232,0.0693195386405585,0.0009981740017143918,9.99999000001e-07,0.9998964637075787,0.005885791737197992,0.8679684375143395,0.990604592732763,0.9999989996315644,0.9937342818361738,0.2292251739152789,0.9867166146073756,0.9820271800356932,0.9999999870194876,0.9999949877702793,0.9999999999999
60700,9991699540275.0,9964618,25,200.0,10018,24194,118457881,106833805807.0,213689,2000,1916,8900,8262,313,48,287,43,2000,1194,200.0,60700,9.99999000001e-07,0.9999122813404078,0.4736842105263158,0.999000999000999,0.9987251683613683,0.8236490483376985,0.0009981716125630142,9.99999000001e-07,0.9999021228860868,0.005873130584400603,0.887803552696003,0.9274423055617569,0.9999989887553642,0.9937267020847407,0.9464647748331778,0.9872598535570156,0.964248751388353,0.9999999734268005,0.9999949877792034,0.9999999999999
60800,9991685876915.0,10030041,20,200.0,20000,55,118579344,106845333773.0,107063,2000,559,4504,0,0,144,1,0,6,4,400.0,60800,9.99999000001e-07,0.9999124128639049,0.4736842105263158,0.999000999000999,0.9987256246166495,0.823510305095832,0.000998171258104097,9.99999000001e-07,0.9999009468196352,0.005876380745808513,0.933395003656572,0.9499973809887241,0.9999989999601984,0.9937312826632618,0.9692062267800988,0.9845699250125909,0.9263665423563903,0.9999999498958674,0.9999949877549131,0.9999999999999
60900,9991672554795.0,9861695,22,200.0,14007,14426,118532065,106856755191.0,214116,0,58446,2318,0,9,2,95,277,2000,0,199.0,60900,9.99999000001e-07,0.9999125163110604,0.4736842105263158,0.999000999000999,0.9987267409430152,0.03974833315824532,0.00099816992856988,9.99999000001e-07,0.9998896607974302,0.001209733082387166,0.985969170625191,0.9198371452150244,0.9999989999928,0.9936062009432274,0.35244999703098034,0.9842157128814579,0.9622333100264587,0.9999999901536339,0.999994987768062,0.9999999999999
61000,9991658628730.0,9963416,19,200.0,16015,30014,118524675,106867867733.0,107095,2000,465,11700,50,0,0,2,52,2000,1,200.0,61000,9.99999000001e-07,0.9999126930823478,0.4736842105263158,0.999000999000999,0.9987237679816979,0.82340572023698,0.0009981675294626884,9.99999000001e-07,0.999901699159518,0.005893063944017747,0.9851998626254359,0.9864457333421269,0.9999989999918999,0.9937354765466323,0.7152039847478172,0.989310393941925,0.9707760886526312,0.9999999505861183,0.9999949877562393,0.9999999999999
61100,9991644740426.0,10023446,24,200.0,12020,12420,118680088,106879043151.0,23,24,125,1,0,3,0,2,13,92,1774,400.0,61100,9.99999000001e-07,0.9999128513207278,0.4736842105263158,0.999000999000999,0.9987248967650412,0.06301904949466984,0.000998167144208338,9.99999000001e-07,0.9999000146878424,0.0012069739302847731,0.5189474420223505,0.9649408144060341,0.9999989999928,0.9937329018304323,0.8810684054669664,0.9666719625547914,0.9401880393473174,0.9999999498960683,0.9999949877583325,0.9999999999999
61200,9991630519207.0,24283,20,200.0,10021,1,118192417,106889702300.0,16,0,14268,8722,13016,400,1,165,0,2000,1446,199.0,61200,9.99999000001e-07,0.9999122644869233,0.4736842105263158,0.999000999000999,0.9987199268072642,0.03177009950783566,0.0009981657334088858,9.99999000001e-07,0.9999000101589679,0.0012032224577347348,0.9755607661075689,0.9924534771673845,0.9999989866642995,0.9937346846799479,0.9531498635820136,0.9930088888731955,0.9424319122578371,0.9999999747687339,0.999994987825803,0.9999999999999
61300,9991616455249.0,1727,22,200.0,22000,0,118418815,106900920775.0,106062,0,0,0,0,400,65,332,0,78,2000,400.0,61300,9.99999000001e-07,0.9999124465765535,0.4736842105263158,0.999000999000999,0.9987255682016255,0.0010533028998741673,0.000998163321092583,9.99999000001e-07,0.9998969302637379,0.0011988990904749173,0.9704958126653482,0.9903903897811972,0.999998989024956,0.9937493563448945,0.9692338496798383,0.9849410084681294,0.0,0.9999999498959071,0.9999958031343216,0.9999999999999
61400,9991602200227.0,10029019,18,200.0,4029,440,118635339,106911791026.0,214061,2000,9,0,21620,0,0,15,0,20,2000,400.0,61400,9.99999000001e-07,0.9999133881313634,0.4736842105263158,0.999000999000999,0.9987260160672322,0.04583732471601617,0.0009981628987510783,9.99999000001e-07,0.9999028546548261,0.005854311687725516,0.9872103916874874,0.9768184336002488,0.9999989943683623,0.9937513228391185,0.9153315017438823,0.950501258627003,0.9536999713576256,0.9999999498961721,0.9999960816729333,0.9999999999999
61500,9991587998020.0,19754,18,200.0,9013,883,118515015,106922534293.0,213789,0,303,6,152,3,196,0,0,102,1296,401.0,61500,9.99999000001e-07,0.9999128049967424,0.4736842105263158,0.999000999000999,0.9987231249723534,0.0025290247698726166,0.0009981614898113959,9.99999000001e-07,0.9999001907853139,0.0011911833326064276,0.9623503325849045,0.9743394852739551,0.9999989999919999,0.993747736714372,0.9692845260937021,0.9902418208983699,0.2206493158092757,0.9999999498953909,0.9999949877750499,0.9999999999999
61600,9991573820296.0,10009439,20,200.0,11,433,118513525,106933607144.0,106645,2000,0,0,0,738,31,0,0,372,4,0.0,61600,9.99999000001e-07,0.9999137333260721,0.4736842105263158,0.999000999000999,0.9987252362644361,0.029554856535966907,0.0009981600747638209,9.99999000001e-07,0.9999018885954812,0.005809993468901364,0.9881149981334477,0.982919668020848,0.9999989999559981,0.9937553241580726,0.9692323994606448,0.9847117378607707,0.9636504390263119,0.9999999498959724,0.9999949877707609,0.9999999999999
61700,9991559816513.0,832,23,200.0,10007,34219,118609875,106944814446.0,17,0,488,5597,2835,365,20,326,199,42,116,200.0,61700,9.99999000001e-07,0.9999131545069765,0.4736842105263158,0.999000999000999,0.9987245696597797,0.823314843695451,0.000998157667846796,9.99999000001e-07,0.9998957621258355,0.0011836391066543392,0.9451480806514879,0.9917982244203963,0.999998999997,0.9937297553164416,0.9462405797065977,0.9833044532827934,0.950668229113829,0.9999999498960008,0.9999949877433234,0.9999999999999
61800,9991545717089.0,9982387,22,201.0,6011,4773,118601334,106955959364.0,18,0,9,37,38863,0,1,15,0,28,2000,0.0,61800,9.99999000001e-07,0.9999140604958437,0.4736842105263158,0.999000999000999,0.9987259756141117,0.8232080763882316,0.000998157270086641,9.99999000001e-07,0.9999002150764242,0.0011820887329396877,0.9547467899980235,0.9541939324770112,0.999998958546072,0.9937481211095403,0.9707768837816213,0.8894221830440887,0.9229701784227113,0.9999999498960951,0.9999976989597444,0.9999999999999
61900,9991532100243.0,9994928,19,200.0,12000,12412,118476484,106967110900.0,23,24,1,6,65,3,1,383,241,166,1304,200.0,61900,9.99999000001e-07,0.999914202059038,0.4736842105263158,0.999000999000999,0.9987263255643283,0.026177627205356,0.0009981549018880924,9.99999000001e-07,0.9998937957945896,0.001183329362972726,0.9920030907666677,0.9707272565882734,0.9999989867857613,0.9937324265885948,0.3713350274483347,0.972073120369011,0.9517830113673705,0.9999999498961767,0.9999949877764657,0.9999999999999
62000,9991518690580.0,9993702,20,200.0,6035,20,118449677,106978304720.0,14,0,13,9397,8786,107,152,147,0,710,1761,200.0,62000,9.99999000001e-07,0.9999143096822104,0.4736842105263158,0.999000999000999,0.9987240731005944,0.08417754600230676,0.0009981545728439513,9.99999000001e-07,0.9998999899389879,0.0011884208093542428,0.926013893406101,0.9366368985588752,0.9999989829787251,0.9937326447419297,0.9462411774101097,0.9887236892224521,0.9507291130205223,0.9999999498956544,0.9999949877804187,0.9999999999999
62100,9991505051755.0,9903213,24,200.0,5017,66044,118514964,106989863761.0,106408,2000,24134,6,4,400,2,190,0,1940,2000,0.0,62100,9.99999000001e-07,0.9999144436398619,0.4736842105263158,0.999000999000999,0.998725651046859,0.8237032636383833,0.000998152203026227,9.99999000001e-07,0.9999009208024305,0.005762697172091005,0.9752751922358726,0.9618252914916353,0.999998972582121,0.9937339434907118,0.9236609049925638,0.9664960865368996,0.916946241884291,0.9999999498960682,0.9999962407011651,0.9999999999999
62200,9991490675723.0,46848,19,200.0,28,70608,118463867,107000439812.0,107575,0,17,382,0,6,2,380,0,2000,1492,200.0,62200,9.99999000001e-07,0.9999138963230516,0.4736842105263158,0.999000999000999,0.9987260431396039,0.8232219262775939,0.000998151772283809,9.99999000001e-07,0.9998970999048792,0.0011847489131925294,0.9848867672481284,0.9886137417816984,0.9999989999923999,0.9936589097115778,0.9461375284445929,0.9867399946955555,0.0,0.999999984675388,0.9999949877782982,0.9999999999999
62300,9991466716284.0,19877676,18,200.0,8032,47158,118394739,107011410865.0,213870,2000,671,92,92,280,65,294,273,28,2000,0.0,62300,9.99999000001e-07,0.999915510101913,0.4736842105263158,0.999000999000999,0.9987245201611289,0.8980369145326513,0.000998148377198779,9.99999000001e-07,0.9999019390570852,0.005771264235513348,0.9654209294918321,0.988034392186461,0.999998970718167,0.9937371091911072,0.946369339371374,0.9882710279255608,0.9817190168891687,0.9999999498957634,0.9999964739491225,0.9999999999999
62400,9991462714763.0,1682,24,201.0,13013,0,118564428,107022516042.0,214148,1,1,1,1,564,123,118,0,60,766,200.0,62400,9.99999000001e-07,0.999914210698699,0.4736842105263158,0.999000999000999,0.9987266372784828,0.027397449177554795,0.00099814898629432,9.99999000001e-07,0.9999024609778072,0.0011816550546274926,0.9767325717991931,0.9342641351444821,0.9999989954552386,0.9937380244687187,0.969228227353213,0.9717155523990869,0.0009603588538290728,0.9999999498962511,0.999994987756955,0.9999999999999
62500,9991448673461.0,9977464,20,200.0,23,110,118582763,107033796354.0,106579,2000,13301,0,3,140,4,129,9,1448,500,201.0,62500,9.99999000001e-07,0.9999150980829482,0.4736842105263158,0.999000999000999,0.9987255924986042,0.03385131073809141,0.0009981475851815504,9.99999000001e-07,0.9999013856694049,0.005754338471049318,0.9782729778874794,0.9782735625013312,0.9999989999968,0.9937378196653375,0.8751527473476509,0.965470831661901,0.9037153042047417,0.999999949896272,0.9999949877605515,0.9999999999999
62600,9991434567921.0,9935987,21,200.0,9020,409,118545085,107044744166.0,17,2000,290,7578,7544,1,1,115,451,2000,540,401.0,62600,9.99999000001e-07,0.9999152588260227,0.4736842105263158,0.999000999000999,0.9987258940985462,0.001208744021887163,0.0009981461774057974,9.99999000001e-07,0.9998987264958122,0.005716348726956656,0.9194177832047042,0.9877193902058788,0.999998995325854,0.9937177477331287,0.7881218532151634,0.9845934764070688,0.980215296299738,0.9999999701872557,0.9999949877634529,0.9999999999999
62700,9991420374879.0,9982737,17,202.0,18000,18406,118675303,107055880856.0,107380,2000,7216,156,151,398,0,164,341,2000,1233,0.0,62700,9.99999000001e-07,0.9999154319013183,0.4736842105263158,0.999000999000999,0.9987252725983001,0.07602420264976405,0.0009981447609116712,9.99999000001e-07,0.9998991859873362,0.0057195538687662565,0.9336445130922353,0.9912448166276251,0.9999989875231465,0.993747312330873,0.5607371983692342,0.9808153946074992,0.9588973882198895,0.9999999747071773,0.9999949877527055,0.9999999999999
62800,9991406053068.0,10008666,18,200.0,18000,12949,118581539,107066777768.0,107189,0,8015,15325,0,800,0,0,8,972,929,400.0,62800,9.99999000001e-07,0.9999156190416285,0.4736842105263158,0.999000999000999,0.9987257298806353,0.8230779587399629,0.0009981433211578433,9.99999000001e-07,0.999900629630535,0.0011648798944748752,0.9816640045909837,0.9870788283534981,0.9999989906146339,0.9937456073565251,0.5510206433333926,0.9564086018754342,0.9576526054936768,0.9999999498962234,0.9999949877605709,0.9999999999999
62900,9991392065224.0,9942145,22,200.0,11006,11407,118499895,107077779846.0,107160,2000,0,5,0,400,1,18,0,2000,2000,0.0,62900,9.99999000001e-07,0.9999157682588473,0.4736842105263158,0.999000999000999,0.9987265994859336,0.0392115920927463,0.0009981409263869541,9.99999000001e-07,0.9999009763827683,0.0056903235734583725,0.9221199265857204,0.9916860661686339,0.999998965966119,0.993746904215421,0.7466660943172957,0.9756642297039047,0.9460581635014094,0.9999999748207871,0.9999970146489677,0.9999999999999
63000,9991368081125.0,19856778,19,200.0,6012,76917,118358967,107088825930.0,214643,2000,21929,6146,6478,400,159,332,1,2000,2000,200.0,63000,9.99999000001e-07,0.9999166173267764,0.4736842105263158,0.999000999000999,0.9987255895334833,0.8979725004924866,0.000998139541902916,9.99999000001e-07,0.9999023078309555,0.010959947250875733,0.9753908551618082,0.9913048224869758,0.9999989774553445,0.9937460382303668,0.9463337973014926,0.9833824097410667,0.5930622278788686,0.9999999759038581,0.9999965117689572,0.9999999999999
63100,9991364215739.0,174,18,200.0,5028,17064,118516270,107099802728.0,106515,2000,3165,28955,11,1,3,598,6,2000,0,0.0,63100,9.99999000001e-07,0.9999153500190285,0.4736842105263158,0.999000999000999,0.9987274976501864,0.822952608142971,0.000998139156216009,9.99999000001e-07,0.9998936652565262,0.0056778856028177945,0.9889099232863987,0.9916318663986916,0.9999989999966,0.9936428835591016,0.9287952278489421,0.9793142906228995,0.9413309208767271,0.9999999889434787,0.9999949877526728,0.9999999999999
63200,9991350255341.0,32767,27,201.0,13019,2,118451860,107110852990.0,15,0,23,134,0,147,134,250,147,12,1408,0.0,63200,9.99999000001e-07,0.9999155050380268,0.4736842105263158,0.999000999000999,0.9987259114451844,0.030633893651126426,0.0009981377629335562,9.99999000001e-07,0.9998986297273393,0.001160456469279121,0.9425419204974741,0.9892495246139099,0.9999989857127498,0.9937295378360953,0.9464670690615381,0.9811082922862374,0.9647824276338627,0.9999999498959637,0.9999949877801,0.9999999999999
63300,9991336186588.0,39309,19,200.0,20,20620,118650460,107121770645.0,214204,39,326,3,26425,401,0,9,7,4,1558,200.0,63300,9.99999000001e-07,0.9999156652770803,0.4736842105263158,0.999000999000999,0.9987245954045837,0.043177788100707507,0.0009981363549825264,9.99999000001e-07,0.9999024870102946,0.0011576823661212687,0.9804327029608144,0.9886711123639887,0.9999989999955,0.9937389553052371,0.9462729885063554,0.9856089164936109,0.9510267435839985,0.9999999498958405,0.9999949877559267,0.9999999999999
63400,9991312251259.0,19944543,26,200.0,13009,361,118352374,107132798635.0,213989,2000,17748,21989,21773,5,0,0,0,50,2000,0.0,63400,9.99999000001e-07,0.999917214208237,0.4736842105263158,0.999000999000999,0.9987255220932921,0.8977414855092711,0.0009981329610436996,9.99999000001e-07,0.9999023203889289,0.010944643494275619,0.9879959159906705,0.9899315387114348,0.9999989692771407,0.9937373774604384,0.1986884424934046,0.9834481140192325,0.2448320113722815,0.999999949895943,0.9999968613533207,0.9999999999999
63500,9991308558832.0,1639,20,201.0,11000,64046,118569251,107143946279.0,107196,2000,40357,13300,13081,398,0,0,8,2000,0,199.0,63500,9.99999000001e-07,0.9999159528674674,0.4736842105263158,0.999000999000999,0.9987246702165253,0.8232643270586999,0.0009981325925839458,9.99999000001e-07,0.9998971018001731,0.005595288284404166,0.9789388961637792,0.9848754379347661,0.9999989999941999,0.9937509663544526,0.9692745074727664,0.9880764309528903,0.9148370526874037,0.9999999499458013,0.9999949877625081,0.9999999999999
63600,9991294429026.0,1616,23,200.0,10,20246,118485709,107155095256.0,108036,1,520,8,0,0,0,1,0,0,1455,400.0,63600,9.99999000001e-07,0.9999161081668545,0.4736842105263158,0.999000999000999,0.9987264594700683,0.8229402383437614,0.0009981321912467223,9.99999000001e-07,0.9999013353860835,0.0011544133140945392,0.9642265498857719,0.985571362042725,0.9999989852289932,0.9937486878451525,0.9054230614558968,0.9780795525437952,0.3243661581207118,0.9999999498961065,0.9999949877749702,0.9999999999999
63700,9991280470028.0,14837,21,200.0,7000,431,118423889,107166227011.0,106551,2000,126,23050,22911,0,0,332,0,2000,1308,400.0,63700,9.99999000001e-07,0.999916259098092,0.4736842105263158,0.999000999000999,0.9987248511791438,0.007491220451784976,0.0009981307968196386,9.99999000001e-07,0.9998962677230485,0.0056235354438481395,0.9856695189076835,0.9934904810390869,0.999998999996,0.9936614532148149,0.2142677913070081,0.9887525184435872,0.2808192522030512,0.9999999832070416,0.9999949877842532,0.9999999999999
63800,9991256793622.0,20049833,19,200.0,10040,794,118482916,107177139889.0,106926,1,15498,0,0,626,89,87,0,2000,0,0.0,63800,9.99999000001e-07,0.9999177704021465,0.4736842105263158,0.999000999000999,0.9987245489879718,0.09974020997711526,0.000998127426407239,9.99999000001e-07,0.9999001998398407,0.001153110918934623,0.9840271220706303,0.9912150067109143,0.9999989965022081,0.9937348669045599,0.9692241243460505,0.9879854824936953,0.9861960312997144,0.9999999837668447,0.9999949877607092,0.9999999999999
63900,9991243083664.0,19980414,15,200.0,43,216,118572796,107188708188.0,107032,1,17000,16948,0,2,112,107,2,2000,2,200.0,63900,9.99999000001e-07,0.9999178898129932,0.4736842105263158,0.999000999000999,0.998724359216455,0.0008274740208271804,0.0009981270671353124,9.99999000001e-07,0.9998955409786473,0.0011561615276229804,0.997071438542143,0.9886446834578181,0.999999000001,0.9936763249810026,0.9460519662310742,0.988434167792582,0.6211533397553347,0.9999999694823065,0.9999949877441966,0.9999999999999
64000,9991239691424.0,9969209,23,200.0,9000,24892,118499029,107199922658.0,22,0,77,302,8940,1,0,332,7,2000,0,400.0,64000,9.99999000001e-07,0.9999173247966292,0.4736842105263158,0.999000999000999,0.9987252956529146,0.8232415488019352,0.0009981267144627919,9.99999000001e-07,0.9998928301781644,0.0011595506873244266,0.9861717198024893,0.9577616094138596,0.9999989999936,0.9936468017036189,0.955918203161417,0.9882064682575172,0.8024666223839223,0.9999999831848138,0.999994987772962,0.9999999999999
64100,9991225728702.0,9964665,17,200.0,24001,455,118478752,107211050824.0,20,2000,829,17,25393,801,1,227,11,2000,1169,400.0,64100,9.99999000001e-07,0.9999174683645987,0.4736842105263158,0.999000999000999,0.9987263061176054,0.8226108266606262,0.0009981243262283546,9.99999000001e-07,0.9998917033503518,0.005680484208826178,0.9400430430127306,0.9802982131322144,0.9999989998810859,0.9937114076641855,0.9215641560736225,0.9796353696594907,0.6015185422609002,0.9999999804030925,0.9999949877760609,0.9999999999999
64200,9991201713204.0,19927206,25,200.0,24,7788,118510060,107222109589.0,15,2000,21513,3,131,396,5,3,13,2000,644,199.0,64200,9.99999000001e-07,0.9999182836193345,0.4736842105263158,0.999000999000999,0.9987243161014902,0.822504579588952,0.0009981229383685198,9.99999000001e-07,0.9999001150375113,0.00562019160198015,0.9748406202213196,0.9783498164786216,0.9999990000004,0.9937481114545695,0.9461305179928995,0.9868214226269253,0.942464132039083,0.9999999742416946,0.9999949877713834,0.9999999999999
64300,9991188423078.0,19871858,23,200.0,22006,59150,118715549,107233684082.0,106936,2,0,371,8603,18,76,52,455,2000,2000,199.0,64300,9.99999000001e-07,0.9999183885114293,0.4736842105263158,0.999000999000999,0.9987259620792681,0.8978633656915157,0.0009981225860757367,9.99999000001e-07,0.9998979760800839,0.0011614304819378392,0.926323850044971,0.9064655782500606,0.9999989918483885,0.9937105778165854,0.9458548421907729,0.9606704212939917,0.9582224557863931,0.9999999641306657,0.9999964273364057,0.9999999999999
64400,9991184283827.0,786,22,200.0,9015,21915,118527092,107244786101.0,107606,2000,61,120,36863,24,12,8,24,68,2000,200.0,64400,9.99999000001e-07,0.9999171850360297,0.4736842105263158,0.999000999000999,0.9987255070517509,0.8230916056312919,0.0009981211989111068,9.99999000001e-07,0.9999009213128957,0.005672262278292411,0.9168724393226191,0.8918346505437577,0.9999989798082631,0.993746839389206,0.6622903583578043,0.9462876955811291,0.7954612965930978,0.9999999498960163,0.9999957287093436,0.9999999999999
64500,9991171049951.0,21639,24,200.0,11015,1,118623778,107256439394.0,106731,2000,84,11067,10781,400,0,478,0,862,0,200.0,64500,9.99999000001e-07,0.999917281956082,0.4736842105263158,0.999000999000999,0.9987260124357801,0.019386126245947866,0.0009981198781822526,9.99999000001e-07,0.9998927484894161,0.005708058955372404,0.9904486204149171,0.9734634659106114,0.999998980918826,0.9937028629632318,0.8285038565320881,0.9765374134750291,0.9387254999254574,0.9999999498961283,0.9999949877543162,0.9999999999999
64600,9991157596107.0,9964380,17,200.0,10017,26776,118507085,107267531591.0,107441,0,338,7044,21683,402,1,830,47,2000,2000,199.0,64600,9.99999000001e-07,0.9999180654907088,0.4736842105263158,0.999000999000999,0.998725434576939,0.8234141940380942,0.0009981175410935308,9.99999000001e-07,0.9999004509769841,0.0011717936013339806,0.955374785766875,0.9306953909911183,0.9999989874859336,0.9936713930126563,0.941275551431143,0.9834361312154858,0.9714332650299446,0.9999999873648509,0.9999968975597036,0.9999999999999
64700,9991143682302.0,9947320,20,201.0,9,27442,118586576,107278729345.0,8,0,7,1576,1,632,86,0,0,996,0,199.0,64700,9.99999000001e-07,0.9999182063542084,0.4736842105263158,0.999000999000999,0.9987260358754098,0.8231210536372491,0.000998117146905103,9.99999000001e-07,0.9999001582591435,0.0011705275347022655,0.9325666613595297,0.9515283617755519,0.9999989999929999,0.9937346688580774,0.9691482999738569,0.9801501911109677,0.3710077006049301,0.9999999498961185,0.9999949877599534,0.9999999999999
64800,9991120542655.0,19934841,23,201.0,9008,18007,118740511,107290487538.0,107493,2000,586,7844,7649,257,0,117,23,2000,1461,200.0,64800,9.99999000001e-07,0.9999189630695251,0.4736842105263158,0.999000999000999,0.9987233991521384,0.898003423773129,0.000998113828584967,9.99999000001e-07,0.9998999536985717,0.005736207400232766,0.9650173669624958,0.9762304314459297,0.9999989999966,0.9937240535547307,0.3407167502916627,0.9836879495831984,0.9578467401833722,0.99999997058763,0.9999949877436073,0.9999999999999
64900,9991116579350.0,9947289,18,201.0,30,49019,118671700,107301577489.0,107438,0,203,4400,4267,0,0,111,4,48,0,400.0,64900,9.99999000001e-07,0.9999184317379902,0.4736842105263158,0.999000999000999,0.9987255582575378,0.8236836407393672,0.0009981144419878394,9.99999000001e-07,0.9999013654766148,0.0011777054229181014,0.9667936727107621,0.9710954752801916,0.9999989956992831,0.9937490243027228,0.721276901058186,0.9755819871472651,0.4305628131712148,0.999999949895965,0.9999949877292186,0.9999999999999
65000,9991092621798.0,19961953,21,200.0,7000,14954,118663684,107312509800.0,213648,2000,10,97,2598,804,171,0,15,2000,26,200.0,65000,9.99999000001e-07,0.9999192414231227,0.4736842105263158,0.999000999000999,0.9987254155671258,0.8233428239846123,0.0009981130341619932,9.99999000001e-07,0.9998932223643195,0.00572575669505123,0.9421652492968642,0.9625698667960925,0.9999990000005,0.9937486528847844,0.9467640645680108,0.9261395119441612,0.7120546453950924,0.9999999898460149,0.9999949877308234,0.9999999999999
65100,9991088807003.0,10005770,23,200.0,12,12,118429712,107323360981.0,214631,0,17445,7274,0,400,2,165,8,2000,657,0.0,65100,9.99999000001e-07,0.9999187148816283,0.4736842105263158,0.999000999000999,0.9987204731947324,0.05060535022082857,0.0009981116602711996,9.99999000001e-07,0.9999018960068241,0.0011746136055855135,0.9752782123131507,0.9817327016152771,0.9999989999831997,0.9937476450933871,0.9523486978467021,0.9921617470457434,0.9358236637885088,0.9999999746678714,0.9999949877833884,0.9999999999999
65200,9991064970128.0,19931557,21,200.0,10000,39201,118513862,107334831218.0,15,2000,17389,21510,20675,798,1,0,0,2000,680,200.0,65200,9.99999000001e-07,0.9999194942689874,0.4736842105263158,0.999000999000999,0.9987261660876932,0.8230464530475087,0.0009981092913525739,9.99999000001e-07,0.9998918567833427,0.005738512500558669,0.9828284132931072,0.9595815076389268,0.9999989999991,0.9937381650693777,0.9692122715528868,0.979501593000361,0.9701765794799959,0.9999999873206593,0.9999949877708247,0.9999999999999
65300,9991051062190.0,20008353,25,201.0,12027,6,118585027,107346265197.0,14,0,14092,30622,0,3,0,660,16,2000,0,201.0,65300,9.99999000001e-07,0.9999196354718365,0.4736842105263158,0.999000999000999,0.9987249844191817,0.07038089050308015,0.0009981088912840953,9.99999000001e-07,0.999899897064151,0.0011732564471166015,0.9906767015206177,0.9906104539432851,0.9999989999957,0.9937315483815591,0.9705431602079703,0.98663077694084,0.9720781986474571,0.9999999898234428,0.9999949877601082,0.9999999999999
65400,9991046907410.0,10015836,20,200.0,12000,12221,118585590,107357215346.0,6,23,252,12200,12116,1,0,330,7,2000,129,0.0,65400,9.99999000001e-07,0.9999191284229467,0.4736842105263158,0.999000999000999,0.9987227056619699,0.024149148200879194,0.0009981074886782973,9.99999000001e-07,0.9998959223630786,0.001171786854634144,0.9751514091795244,0.994368789866511,0.9999989999207938,0.9936888793289941,0.9509205842575867,0.9899380523838326,0.5644424899346875,0.9999999831339461,0.9999949877600345,0.9999999999999
65500,9991032848762.0,9970355,20,200.0,24007,404,118384426,107368163209.0,27,48,42,2,0,232,1,89,0,24,2000,0.0,65500,9.99999000001e-07,0.9999192723581712,0.4736842105263158,0.999000999000999,0.9987252613442955,0.009715715117376096,0.0009981050906350778,9.99999000001e-07,0.9998974907582793,0.0011693205070969664,0.8615425041430432,0.9917013828237848,0.9999989827179031,0.9937337626799735,0.28306618692546326,0.9889673348740663,0.4020479261213931,0.999999949895688,0.9999951024646978,0.9999999999999
65600,9991019061802.0,9995509,20,200.0,9000,778,118608683,107379033985.0,214752,18,126,0,241,800,3,1,0,2000,598,200.0,65600,9.99999000001e-07,0.9999194085961007,0.4736842105263158,0.999000999000999,0.9987253838836195,0.03843062175723114,0.0009981046979362625,9.99999000001e-07,0.9998929734615926,0.0011679166658161578,0.9874624042437856,0.9852794218856948,0.9999989999976,0.9937580729273656,0.8999080779712267,0.9706781316749886,0.5799496466665127,0.999999987358596,0.9999949877504688,0.9999999999999
65700,9991005372518.0,9885980,18,200.0,6000,396,118554975,107390499692.0,107315,2000,22001,10192,9625,8,0,298,7,2000,2000,200.0,65700,9.99999000001e-07,0.9999195220613522,0.4736842105263158,0.999000999000999,0.9987256122875148,0.022591009411305433,0.0009981023343976479,9.99999000001e-07,0.9999001748039009,0.005708684150090618,0.9701455033826376,0.9457600013834813,0.9999989787897698,0.9936656284582317,0.2838116898406759,0.9759390915444556,0.9257628665921634,0.9999999643341989,0.9999953865055669,0.9999999999999
65800,9990991371264.0,9949594,21,200.0,21000,4054,118600818,107401544123.0,107649,2000,4400,104,0,0,0,248,0,58,976,200.0,65800,9.99999000001e-07,0.9999196655249065,0.4736842105263158,0.999000999000999,0.9987252389223811,0.8231390223615925,0.0009981009368053085,9.99999000001e-07,0.9999011086217954,0.0057233446355479415,0.9266788960835504,0.9787371213492764,0.9999989901395203,0.9937108597122069,0.5663183026625332,0.9803337348777766,0.972152166294727,0.9999999498960165,0.9999949877578037,0.9999999999999
65900,9990967678303.0,19876199,22,200.0,12004,24319,118640373,107412773174.0,107110,2000,122,0,10710,1,0,1,0,14,112,399.0,65900,9.99999000001e-07,0.9999204259985257,0.4736842105263158,0.999000999000999,0.9987259674856312,0.8977935076688645,0.0009980985724816459,9.99999000001e-07,0.9999013545597276,0.011037544374693262,0.9797515094515905,0.9780506755826985,0.9999989999517976,0.9937387361074131,0.8394446863061008,0.9726339196008422,0.24631057008970578,0.9999999498961241,0.9999949877482036,0.9999999999999
66000,9990963473207.0,77,20,200.0,9023,0,118459411,107424044538.0,13,18,13443,21604,0,350,3,816,0,2000,2000,200.0,66000,9.99999000001e-07,0.9999192863429522,0.4736842105263158,0.999000999000999,0.9987255740188552,0.07529496350720588,0.0009980991618544772,9.99999000001e-07,0.9998883651353154,0.001166295031759341,0.9872543353675134,0.981709263424528,0.9999989999955999,0.9936197240466963,0.22925137834863032,0.9847803515164365,0.9706787185560908,0.9999999914187515,0.9999968749618688,0.9999999999999
66100,9990949437852.0,10006201,22,200.0,8000,21,118432061,107434544185.0,2,1,259,17529,14346,527,141,0,0,16,644,401.0,66100,9.99999000001e-07,0.9999200806919679,0.4736842105263158,0.999000999000999,0.9987232656213914,0.0008275489836863915,0.0009980967525083143,9.99999000001e-07,0.9999000171670525,0.0011630540952095839,0.981328925829983,0.9861231657545186,0.9999989999951,0.9937259992520151,0.9693101172657947,0.9909572715893165,0.21961916366131357,0.9999999498952797,0.9999949877750142,0.9999999999999
66200,9990935774465.0,793,23,200.0,9019,0,118433346,107445750371.0,107350,2000,3,867,25824,8,0,495,1,2000,259,400.0,66200,9.99999000001e-07,0.9999195491928725,0.4736842105263158,0.999000999000999,0.9987262370504488,0.06265372370268915,0.000998096397544553,9.99999000001e-07,0.9998949454803813,0.005700387585751618,0.9456164110717433,0.9561009044866291,0.9999989999928,0.9936465637886346,0.9242079001248485,0.9861596095329591,0.9318366711726408,0.9999999873144757,0.999994987782875,0.9999999999999
66300,9990912087567.0,20025402,21,200.0,30,77,118668767,107457125688.0,214437,0,36889,22704,3178,0,200,0,15,2000,1680,200.0,66300,9.99999000001e-07,0.9999209467155724,0.4736842105263158,0.999000999000999,0.9987261639923494,0.035438799484691634,0.0009980950227796608,9.99999000001e-07,0.9998970322108987,0.0011666120343550503,0.9772527246166793,0.9681256567700596,0.9999989832418946,0.9936740382057929,0.9507601658023186,0.9778193402928446,0.8507080887196653,0.9999999855777493,0.9999949877550073,0.9999999999999
66400,9990908143384.0,9843532,16,200.0,13000,415,118586514,107468158544.0,214132,2000,19057,2248,0,3,40,203,154,2000,61,400.0,66400,9.99999000001e-07,0.999920440581095,0.4736842105263158,0.999000999000999,0.9987257591089979,0.8206284193546661,0.000998092630812734,9.99999000001e-07,0.999899722572469,0.005687626597965255,0.9615319456140692,0.9801804788656188,0.999998999387425,0.9936965245836443,0.9692066597768817,0.9837170179612098,0.9705149793334745,0.9999999748961051,0.9999949877430043,0.9999999999999
66500,9990894341467.0,9996901,23,200.0,26,774,118331516,107479313287.0,6,1,1,6,13124,117,154,143,0,46,1347,0.0,66500,9.99999000001e-07,0.999920574626123,0.4736842105263158,0.999000999000999,0.9987224427297441,0.04115432309503966,0.0009980922508037392,9.99999000001e-07,0.9999001208637428,0.0011653230840488608,0.924798194083767,0.977194875994693,0.9999989933935411,0.9937471407723129,0.9462429771955824,0.9915491273672198,0.5925706473744067,0.9999999498950705,0.9999949877980706,0.9999999999999
66600,9990880510660.0,9910524,23,200.0,11017,71837,118644016,107490589943.0,107264,0,11,28,12423,0,0,3,0,16,228,200.0,66600,9.99999000001e-07,0.9999207005850819,0.4736842105263158,0.999000999000999,0.9987252551801663,0.8235550168587604,0.0009980898735501842,9.99999000001e-07,0.9999012807831198,0.0011649328646624736,0.9607833018856184,0.8369241721487584,0.9999989999115921,0.9937480416604982,0.9214299428096807,0.9819245738682743,0.39490017672209715,0.9999999498959772,0.9999949877368464,0.9999999999999
66700,9990866478627.0,36202,23,200.0,9013,0,118537202,107501582694.0,27,0,946,12826,12861,400,3,168,0,2000,385,400.0,66700,9.99999000001e-07,0.9999202028014521,0.4736842105263158,0.999000999000999,0.9987245725835263,0.03828745746606257,0.000998089481754152,9.99999000001e-07,0.9998975868491683,0.001164270108589159,0.9751510600321076,0.947382585752727,0.9999989999969,0.9937325188651978,0.5364526112608347,0.9866230468529323,0.6492278146745364,0.9999999748459231,0.999994987758027,0.9999999999999
66800,9990852663290.0,23083,18,200.0,11,11811,118525898,107513143121.0,26,23,0,0,0,0,0,0,0,0,2000,400.0,66800,9.99999000001e-07,0.9999203285810572,0.4736842105263158,0.999000999000999,0.9987252739264165,0.026235941471979163,0.0009980881029723714,9.99999000001e-07,0.9999000250437265,0.0011646416300307707,0.32383462933329904,0.9780470933770959,0.9999989732023262,0.9937330797295728,0.9628343923143243,0.9385081485115742,0.0,0.9999999498959943,0.9999961562382136,0.9999999999999
66900,9990838615263.0,9952740,23,200.0,22000,47532,118346250,107523743046.0,214167,1,3,35,0,1200,1,0,1,0,1260,400.0,66900,9.99999000001e-07,0.9999210942729551,0.4736842105263158,0.999000999000999,0.9987265811623274,0.8235589646831519,0.000998086700980188,9.99999000001e-07,0.9999023241385184,0.0011620367324206293,0.9560054822948649,0.9852914311448062,0.9999989872376756,0.9937354706107993,0.9771797583151701,0.9870653472039157,0.475480204268481,0.999999949895922,0.9999949877892962,0.9999999999999
67000,9990824729171.0,10002795,20,200.0,11034,51217,118592689,107535178191.0,107840,2000,15202,21,217,400,0,441,0,2000,1734,200.0,67000,9.99999000001e-07,0.9999212231005395,0.4736842105263158,0.999000999000999,0.9987254293187503,0.8232932629363356,0.0009980853152086735,9.99999000001e-07,0.9999007477367755,0.005630832582073851,0.9754554882056817,0.8831157496072166,0.9999989999948,0.9937321452023659,0.35230667664684856,0.984712988944466,0.9619601211001697,0.9999999696297175,0.9999949877556885,0.9999999999999
67100,9990811233928.0,9996664,24,200.0,29,396,118753101,107546459858.0,17,0,57,63,12838,0,0,16,11,672,56,400.0,67100,9.99999000001e-07,0.9999213335854078,0.4736842105263158,0.999000999000999,0.9987253673801714,0.0037148466946868115,0.0009980829589383365,9.99999000001e-07,0.9998993433056604,0.0011640539783474649,0.10312867180596491,0.46004200598109163,0.9999989999933999,0.9937249582221863,0.9586373613199813,0.8702986440657999,0.8208960852960756,0.99999994989621,0.9999949877348384,0.9999999999999
67200,9990787791779.0,19930378,23,201.0,28,653,118504074,107557931098.0,107360,2000,9072,368,20560,594,104,0,645,0,1461,199.0,67200,9.99999000001e-07,0.999922037559971,0.4736842105263158,0.999000999000999,0.9987261494070655,0.8227331671816002,0.0009980816287963991,9.99999000001e-07,0.9998911246680255,0.011075013204735824,0.9944365232554158,0.9757180446129194,0.9999989872812655,0.99371090393801,0.9691951838570122,0.963645693828063,0.9909137468139674,0.9999999498962071,0.9999949877722587,0.9999999999999
67300,9990774724778.0,19959977,19,200.0,11000,253,118494972,107569202635.0,215302,2000,140,5957,5470,1,1,9,160,2000,0,200.0,67300,9.99999000001e-07,0.9999221194476445,0.4736842105263158,0.999000999000999,0.9987231004594354,0.8231180197294112,0.0009980793158865609,9.99999000001e-07,0.9999023468111986,0.011167114715083432,0.41890058320658935,0.914235456165282,0.9999990000007,0.9937294658576276,0.4568765074896601,0.9911606860717912,0.9517623074746615,0.9999999525468665,0.9999949877558797,0.9999999999999
67400,9990771268050.0,99,18,200.0,10000,29106,118626172,107580793851.0,215301,2000,115,479,467,400,2,534,0,114,2000,200.0,67400,9.99999000001e-07,0.9999209901541066,0.4736842105263158,0.999000999000999,0.9987240600678576,0.8234669101590368,0.0009980789709869674,9.99999000001e-07,0.9999011429848096,0.005748320295200219,0.9889597060377288,0.9657684038523014,0.9999989974338316,0.9937093443385878,0.7125172024917796,0.9853505048957675,0.8799538371115756,0.9999999498958806,0.9999957517690279,0.9999999999999
67500,9990757592840.0,9975906,22,200.0,10000,20326,118739108,107592259622.0,107908,2000,129,3,11009,0,56,0,0,584,110,400.0,67500,9.99999000001e-07,0.9999217213686458,0.4736842105263158,0.999000999000999,0.9987241400030789,0.8234840601418673,0.000998077605773832,9.99999000001e-07,0.9999011639428272,0.005789501512657482,0.8886267492035778,0.9459525649025724,0.999999,0.9937269746788792,0.9692075480458802,0.9790048742075987,0.7819702749151052,0.9999999498960268,0.9999949877369642,0.9999999999999
67600,9990743716988.0,1037,20,200.0,11000,11404,118545707,107603609194.0,19,22,9,32564,31861,406,0,486,220,2000,1953,200.0,67600,9.99999000001e-07,0.999921223240294,0.4736842105263158,0.999000999000999,0.9987239873167605,0.03496178972487242,0.0009980772301082428,9.99999000001e-07,0.9998905863205547,0.0011846120497806963,0.987306789704284,0.9785814175682106,0.9999990000008,0.9937222961832247,0.22922838407004667,0.9898730670538828,0.9602562759806895,0.9999999871405351,0.9999949877661568,0.9999999999999
67700,9990730124697.0,10010654,24,201.0,10000,10012,118795835,107614770774.0,107899,0,106,334,0,398,0,0,7,124,1158,199.0,67700,9.99999000001e-07,0.9999219524002925,0.4736842105263158,0.999000999000999,0.9987242205866477,0.02725138745909959,0.0009980758636839236,9.99999000001e-07,0.9999003187706035,0.0011858710675591605,0.9846778195567425,0.9512085447728896,0.9999989882792147,0.9937375755989344,0.9607398100431153,0.9750599797324883,0.946203864312082,0.9999999498958542,0.9999949877279584,0.9999999999999
67800,9990716616926.0,18537,21,200.0,10012,1,118612012,107626086397.0,7,0,10,47,44,338,46,65,17,2000,7,201.0,67800,9.99999000001e-07,0.9999214363102382,0.4736842105263158,0.999000999000999,0.9987248406683903,0.034373925427193114,0.0009980745236766895,9.99999000001e-07,0.9999000160974083,0.0011907177547691025,0.4483831223424949,0.9280937397888359,0.9999989974287053,0.9937456640810903,0.948479634252778,0.9889580089241438,0.9234176185577385,0.9999999559590907,0.9999949877530421,0.9999999999999
67900,9990702853079.0,9973596,20,200.0,20000,31257,118595486,107637123106.0,215471,2000,1884,26434,26429,800,3,660,0,142,2000,200.0,67900,9.99999000001e-07,0.9999221707059575,0.4736842105263158,0.999000999000999,0.9987244947035359,0.8233312568567765,0.0009980721428300334,9.99999000001e-07,0.9999024928578456,0.005778750201122926,0.9755547819317572,0.9748315229263522,0.9999989732156105,0.9937617890001013,0.9435448950926838,0.9838277146247217,0.8430741816484668,0.9999999498959785,0.9999965070149386,0.9999999999999
68000,9990678864600.0,19967299,24,201.0,10000,847,118600631,107648159047.0,215235,1,619,6672,6466,786,7,8,15,2000,105,0.0,68000,9.99999000001e-07,0.9999228998453131,0.4736842105263158,0.999000999000999,0.9987247494495873,0.8228424173794692,0.0009980717416406654,9.99999000001e-07,0.999902240902465,0.0011886202394583234,0.9305152956933452,0.9642239830582866,0.9999989999111921,0.9937344515092226,0.9692206615150348,0.9831060477443779,0.935919611913334,0.9999999871213614,0.99999498775777,0.9999999999999
68100,9990675101157.0,9981157,19,200.0,21000,114,118668646,107659626906.0,107616,2000,8533,18152,20661,296,56,9,2,2000,36,0.0,68100,9.99999000001e-07,0.9999224165403672,0.4736842105263158,0.999000999000999,0.998723686925877,0.0003457157236200167,0.0009980703697089416,9.99999000001e-07,0.999899509526095,0.005804748926734882,0.9708319741607732,0.9750055802078959,0.9999989999979,0.9937221699754573,0.9461239514528819,0.9860010081368435,0.4342732860089917,0.9999999719158434,0.9999949877302245,0.9999999999999
68200,9990661059122.0,10021981,17,200.0,21010,0,118578799,107670767773.0,107675,2000,75,10999,0,3,0,468,0,2000,1865,0.0,68200,9.99999000001e-07,0.9999225418191432,0.4736842105263158,0.999000999000999,0.9987238581292278,0.8231369562776188,0.0009980689808317899,9.99999000001e-07,0.9998932362494962,0.005803382081046238,0.9948158792930571,0.9822211019915434,0.999998999991,0.9936054943868338,0.16556763328021695,0.9880812688058215,0.9898645527390313,0.9999999867657283,0.9999949877610539,0.9999999999999
68300,9990647165802.0,1273,21,200.0,10000,26340,118679315,107681865106.0,107879,2000,0,13424,0,402,0,0,2,16,714,0.0,68300,9.99999000001e-07,0.9999220627754338,0.4736842105263158,0.999000999000999,0.9987248455808964,0.8233496603692475,0.0009980675942191076,9.99999000001e-07,0.999901084176772,0.005808206733277315,0.214432532841657,0.9670005474091814,0.9999990000001,0.9937330139885366,0.9160847411349663,0.9838594872262993,0.51441896074832,0.999999949895789,0.9999949877388544,0.9999999999999
68400,9990633294963.0,10010404,17,200.0,6015,32942,118626807,107692969065.0,14,0,36427,1326,1233,1,0,338,6,68,201,0.0,68400,9.99999000001e-07,0.999922787096604,0.4736842105263158,0.999000999000999,0.99872414684938,0.8234628288529013,0.0009980662099807747,9.99999000001e-07,0.9998959173475493,0.0011880491393493186,0.9798063631331383,0.928655677942898,0.9999989981062204,0.993746548181306,0.910476415559189,0.9883224884063615,0.9507615412427715,0.9999999498956756,0.9999949877390368,0.9999999999999
68500,9990619334948.0,9993047,16,200.0,9,398,118583423,107704078126.0,107967,0,101,618,33090,1,0,9,7,28,2000,399.0,68500,9.99999000001e-07,0.9999229124861,0.4736842105263158,0.999000999000999,0.9987253634396945,0.03443643397610541,0.0009980648168074003,9.99999000001e-07,0.9999009541286875,0.0011864751940499105,0.7088929068944178,0.938336595278204,0.9999989890380383,0.9937452211536162,0.9364473057610508,0.9794726054907408,0.6797061711962615,0.9999999498959864,0.9999967456470051,0.9999999999999
68600,9990605640900.0,10009026,21,200.0,9026,198,118720593,107715260229.0,107752,2000,9326,9256,8992,400,1,0,6,70,1322,200.0,68600,9.99999000001e-07,0.9999230300348688,0.4736842105263158,0.999000999000999,0.9987248263101727,0.0634297267690957,0.0009980624403007213,9.99999000001e-07,0.9999007474609464,0.005793202725749048,0.975626202430535,0.9689672038232003,0.9999989999991,0.993746718520223,0.9572014694928915,0.9787059227024474,0.4337793585032731,0.99999994989587,0.9999949877418006,0.9999999999999
68700,9990581938200.0,19949001,19,200.0,21000,768,118485850,107726326400.0,22,2000,11000,10759,0,804,0,669,685,1930,1,0.0,68700,9.99999000001e-07,0.9999237263116854,0.4736842105263158,0.999000999000999,0.9987250801408334,0.0008095675071895876,0.000998060075111806,9.99999000001e-07,0.9998976942535476,0.005821761077985447,0.9783504408179872,0.9187502837820303,0.999998999991,0.9937451347859458,0.9692870024142919,0.9891688563722184,0.9862058191007981,0.999999949895934,0.9999949877750308,0.9999999999999
68800,9990577992690.0,9967212,22,200.0,7015,4493,118558897,107737632600.0,108049,2000,34792,12265,0,722,40,40,7,0,177,199.0,68800,9.99999000001e-07,0.9999232642600459,0.4736842105263158,0.999000999000999,0.9987259349467654,0.8230538356082729,0.000998059681768343,9.99999000001e-07,0.9998935245688862,0.005794494238820345,0.9860347766544664,0.9805488574537617,0.9999989998284706,0.9937371521977899,0.9692697252449426,0.9831441426481462,0.9812617003957521,0.9999999498959409,0.9999949877640409,0.9999999999999
68900,9990564089662.0,21570,19,200.0,10023,13884,118569620,107748830987.0,107596,0,28905,0,10,400,75,165,117,2000,94,200.0,68900,9.99999000001e-07,0.9999227891568391,0.4736842105263158,0.999000999000999,0.9987249604061987,0.8230363203202837,0.0009980593032686063,9.99999000001e-07,0.9999009547859589,0.0011876860185500659,0.9754527404645369,0.9874130535367364,0.9999989933884749,0.9937490585380353,0.9462411654667096,0.9874739912795946,0.9569277829130367,0.9999999748332518,0.9999949877624887,0.9999999999999
69000,9990540498856.0,19825444,24,200.0,11025,161,118448748,107760084359.0,13,23,11281,9996,13607,404,1,641,5,2000,2000,200.0,69000,9.99999000001e-07,0.9999240699107345,0.4736842105263158,0.999000999000999,0.9987251638608318,0.8210167374858509,0.0009980559393938538,9.99999000001e-07,0.999900032529415,0.0011876281096550134,0.9761152803439717,0.9615038626951011,0.9999989739664508,0.9937331621066627,0.8672132340064149,0.9831699315387646,0.5507613104743531,0.9999999756478696,0.999996247312447,0.9999999999999
69100,9990536572569.0,457,23,201.0,12013,30659,118554789,107771082648.0,215716,0,27,329,13691,1,1,6,7,2,1464,400.0,69100,9.99999000001e-07,0.9999230164858663,0.4736842105263158,0.999000999000999,0.9987243283142379,0.8232100545021096,0.0009980565569850245,9.99999000001e-07,0.9999027387787297,0.0011893021613331636,0.9860700999026497,0.9569821757946397,0.9999989999943,0.9937531029992164,0.8672123312632073,0.9891805122637496,0.5231540799257189,0.9999999498956176,0.9999949877688993,0.9999999999999
69200,9990522290973.0,1499,23,200.0,18009,843,118597714,107782391522.0,215879,0,16008,9731,0,3,3,662,359,88,2000,200.0,69200,9.99999000001e-07,0.9999231613576919,0.4736842105263158,0.999000999000999,0.9987223808300202,0.004788444637443045,0.000998055131687343,9.99999000001e-07,0.9999021303482829,0.0011843131200053032,0.9874453147064378,0.9949220585560482,0.9999989999973999,0.9937575346341844,0.8975021253676768,0.9911200737604313,0.9552101891350852,0.9999999498952595,0.9999961888928266,0.9999999999999
69300,9990508572094.0,9990949,19,200.0,11015,11380,118646540,107793398662.0,25,21,501,26410,0,800,4,0,10,0,326,200.0,69300,9.99999000001e-07,0.999923863080404,0.4736842105263158,0.999000999000999,0.9987246931979443,0.0436991942276215,0.0009980537508260244,9.99999000001e-07,0.9998906065244676,0.0011842564739253613,0.9304084597795307,0.9857504326550299,0.9999989967206813,0.9937345580998362,0.4083121581139671,0.9774179605236432,0.9308847818097042,0.9999999498959611,0.9999949877508949,0.9999999999999
69400,9990484434187.0,19925721,20,200.0,11011,8406,118586978,107804421038.0,25,2000,6,266,506,382,2,160,379,2000,332,0.0,69400,9.99999000001e-07,0.9999245698635504,0.4736842105263158,0.999000999000999,0.998723524526066,0.8980164288497279,0.0009980523331815352,9.99999000001e-07,0.9998962148195482,0.011175181713763544,0.9640181262385933,0.9933322392932639,0.9999989999999,0.9937345790743009,0.9445001590570418,0.9900349150506591,0.9735805702268502,0.9999999744373137,0.999994987750336,0.9999999999999
69500,9990480337352.0,9975498,22,200.0,12009,22100,118720508,107815501464.0,107953,2000,119,1,26975,0,304,0,0,0,2000,400.0,69500,9.99999000001e-07,0.9999241190922438,0.4736842105263158,0.999000999000999,0.998725938859821,0.8234737195053721,0.0009980509447326772,9.99999000001e-07,0.9999013025886949,0.005771930287391692,0.9566956906842172,0.8716455789999235,0.9999989803732038,0.9937483022598478,0.9692088064956882,0.6463677583216194,0.951855133057477,0.999999949896211,0.9999954314201892,0.9999999999999
69600,9990466317754.0,10013797,23,201.0,13010,746,118446227,107826436954.0,108282,1,39612,4,0,398,0,0,8,0,2000,199.0,69600,9.99999000001e-07,0.9999242519624697,0.4736842105263158,0.999000999000999,0.9987258951387402,0.006516584785440801,0.0009980485370306943,9.99999000001e-07,0.9999015381319184,0.0011757931390956509,0.9786004088149155,0.9844808776319214,0.9999989774561809,0.9937384688883574,0.9129303708227288,0.971530628269882,0.8646482931202268,0.9999999498960146,0.9999954521765597,0.9999999999999
69700,9990452410950.0,29890,18,200.0,16000,16098,118323035,107837488097.0,108122,32,89,4125,0,404,1,425,0,48,1684,201.0,69700,9.99999000001e-07,0.9999237903051471,0.4736842105263158,0.999000999000999,0.9987256411690739,0.071623753967663,0.000998048154654199,9.99999000001e-07,0.9999013107024299,0.0011755535694029189,0.9578468348575881,0.9927416534972457,0.99999898286566,0.9937483231582042,0.09031394353613868,0.9901952945751957,0.9504712993360626,0.999999949895694,0.9999949877946164,0.9999999999999
69800,9990438476983.0,12629,23,200.0,6016,332,118471622,107848369205.0,214564,0,24,368,14209,0,0,0,0,50,1153,399.0,69800,9.99999000001e-07,0.9999239114830599,0.4736842105263158,0.999000999000999,0.9987258717315675,0.07346269292066579,0.0009980467657876642,9.99999000001e-07,0.999902122656168,0.0011738755292041018,0.2475296131981962,0.9840944460089297,0.9999989897851111,0.9937580718752105,0.8768150925939362,0.9850255655418886,0.39252628064250095,0.9999999498959595,0.9999949877753842,0.9999999999999
69900,9990424682994.0,9938059,19,200.0,28,51985,118488786,107859557581.0,25,2000,33,415,26591,5,0,502,5,2000,2000,0.0,69900,9.99999000001e-07,0.9999246030050587,0.4736842105263158,0.999000999000999,0.9987241114415182,0.823581090284134,0.0009980443820814917,9.99999000001e-07,0.9998915769610583,0.005753516731481156,0.9530702873377077,0.9741544510697302,0.9999989999928,0.9936757910529137,0.9305237682570602,0.9883961841367875,0.38975276439453893,0.9999999873645593,0.999995472546852,0.9999999999999
70000,9990410782909.0,1486,25,200.0,22006,743,118528147,107870525034.0,216038,1,3,0,0,1080,72,60,0,12,241,400.0,70000,9.99999000001e-07,0.9999241502889088,0.4736842105263158,0.999000999000999,0.9987252172618318,0.0007354340571256311,0.0009980429938289195,9.99999000001e-07,0.9999024158898159,0.0011730513556139873,0.9671538757660435,0.9130496506099485,0.9999989975807614,0.9937365320173644,0.9461495893181571,0.9860812900662167,0.25392909497881,0.9999999498959202,0.9999949877611275,0.9999999999999
70100,9990386988330.0,20004450,25,200.0,11021,730,118529689,107881874947.0,108272,1,0,17632,7,786,0,483,0,2000,28,200.0,70100,9.99999000001e-07,0.9999253924750486,0.4736842105263158,0.999000999000999,0.9987258194541938,0.03240840603989854,0.0009980406194013802,9.99999000001e-07,0.9999015912498088,0.001173524403193154,0.9808272390145796,0.9585581579040104,0.9999989999975,0.9937391159800831,0.944505548401958,0.9851856313369912,0.966432305628336,0.9999999870757036,0.9999949877510732,0.9999999999999
70200,9990383121239.0,9897882,20,200.0,17007,403,118688367,107893128988.0,215193,0,1,0,276,802,2,665,0,204,1030,200.0,70200,9.99999000001e-07,0.9999249348407394,0.4736842105263158,0.999000999000999,0.998724354873442,0.012637621090951307,0.0009980412424924747,9.99999000001e-07,0.9999022242611723,0.0011744689949700665,0.911365815769933,0.9766312095426887,0.9999989999955,0.993734249275901,0.9388871217030877,0.980685385029094,0.41253813607059325,0.9999999498959963,0.9999949877473812,0.9999999999999
70300,9990369384016.0,9931805,19,200.0,20019,54014,118579742,107904460109.0,216973,0,7007,401,9640,0,0,0,7,62,1991,0.0,70300,9.99999000001e-07,0.9999250440822686,0.4736842105263158,0.999000999000999,0.9987245261582128,0.8235610754679772,0.000998039871526636,9.99999000001e-07,0.9999017236878933,0.00117559656937778,0.9805175950940882,0.9411115969051054,0.9999989999977,0.9937401537284036,0.9530557484352068,0.976985967277387,0.8838349911334776,0.9999999498958316,0.9999949877609317,0.9999999999999
70400,9990345522182.0,19992406,19,200.0,18011,159,118625279,107915436259.0,216002,36,12361,2760,13085,208,1,103,15,2000,140,0.0,70400,9.99999000001e-07,0.9999257238794726,0.4736842105263158,0.999000999000999,0.9987246783142383,0.018212721595292056,0.0009980384762866194,9.99999000001e-07,0.9999009432971697,0.0011740731635649917,0.954972324820356,0.9800871434298218,0.9999989999059912,0.9937331604413571,0.6349113740928465,0.9863463660188099,0.857182043774409,0.9999999689554564,0.9999949877540439,0.9999999999999
70500,9990341566887.0,316,22,200.0,13014,180,118634963,107926640535.0,107591,0,5,13451,0,4,0,166,0,20,624,0.0,70500,9.99999000001e-07,0.9999247182482575,0.4736842105263158,0.999000999000999,0.9987249306313342,0.09020501372955544,0.0009980370953549952,9.99999000001e-07,0.9998986750444842,0.0011728264079029732,0.9757235062850735,0.9701400744483388,0.9999989933488546,0.99370385065008,0.8562059598645171,0.9797550948535849,0.9613970646880023,0.9999999498959782,0.9999949877526075,0.9999999999999
70600,9990327837236.0,10010451,21,200.0,11000,349,118805051,107937875677.0,107432,0,1795,76,69,16,200,195,0,194,1685,200.0,70600,9.99999000001e-07,0.9999253921070599,0.4736842105263158,0.999000999000999,0.998724373496125,0.07480507494722102,0.0009980357155268613,9.99999000001e-07,0.9999009443372552,0.0011729545940829373,0.873169790088116,0.9509910007927246,0.9999989999944999,0.9937332835867095,0.9729663916801148,0.9787179570502995,0.40443497428245523,0.9999999498959923,0.9999949877345304,0.9999999999999
70700,9990313690493.0,9954302,21,200.0,14023,43730,118582987,107949065801.0,18,0,7094,24097,1711,402,0,271,7,2000,1995,200.0,70700,9.99999000001e-07,0.9999255122522044,0.4736842105263158,0.999000999000999,0.9987250681702377,0.8235955635955639,0.0009980343132425151,9.99999000001e-07,0.9998936579403436,0.0011715469532089903,0.9875385061537921,0.9807487444081788,0.9999989798196076,0.9937135973551253,0.6136920782213108,0.9755113121423202,0.8686713570673799,0.9999999808703038,0.9999949877603785,0.9999999999999
70800,9990290177739.0,19978306,22,200.0,9012,621,118525394,107960417931.0,108137,2000,28648,10934,0,789,1,658,181,218,676,0.0,70800,9.99999000001e-07,0.9999261631761113,0.4736842105263158,0.999000999000999,0.9987256860543446,0.8231442935414337,0.0009980329512406377,9.99999000001e-07,0.9999010859966259,0.005727494835011479,0.9873386774114804,0.9799364731121266,0.9999989931867943,0.993736118910205,0.7241448410286637,0.9835392361434822,0.9755323524028067,0.9999999498959656,0.9999949877614736,0.9999999999999
70900,9990286628094.0,9999767,19,200.0,25000,7558,118472989,107971528246.0,108158,2000,121,108,12428,1,0,160,11,2000,0,200.0,70900,9.99999000001e-07,0.9999257015273122,0.4736842105263158,0.999000999000999,0.9987252141533907,0.8230829514267811,0.0009980316124549465,9.99999000001e-07,0.9998974884044008,0.005737615340165782,0.983167875962441,0.9529196654589678,0.9999989999925,0.9937143918715158,0.8574255562877288,0.9889273714285268,0.5670003258740515,0.9999999743727582,0.9999949877769824,0.9999999999999
71000,9990272756489.0,10022879,23,200.0,16000,16261,118791178,107982768964.0,108180,33,35469,14831,0,1,0,497,7,2000,1952,200.0,71000,9.99999000001e-07,0.9999258208876984,0.4736842105263158,0.999000999000999,0.9987239675734598,0.03606023222266693,0.0009980302192889605,9.99999000001e-07,0.9999005504433511,0.0011769582470956882,0.9874785847433089,0.9830173044185888,0.9999989999987,0.9937444474784876,0.9757839408338296,0.9894241629565237,0.4449467953865008,0.9999999873549057,0.9999949877406561,0.9999999999999
71100,9990258469197.0,9988913,21,200.0,10011,376,118562569,107993608140.0,108131,0,776,23,26071,0,0,332,7,2000,513,0.0,71100,9.99999000001e-07,0.9999259498599734,0.4736842105263158,0.999000999000999,0.998724574007599,0.057976858809847605,0.0009980288021044846,9.99999000001e-07,0.9999011637572242,0.0011720879653809879,0.9146196444247515,0.9883490248049481,0.9999989866209646,0.9937466483221835,0.9587648425989181,0.9868673663900432,0.5490343967576926,0.9999999831846593,0.9999949877634108,0.9999999999999
71200,9990244517694.0,10028368,20,200.0,11029,41985,118442477,108004386856.0,107936,2000,596,10016,0,183,0,116,74,2000,1042,0.0,71200,9.99999000001e-07,0.9999260744582197,0.4736842105263158,0.999000999000999,0.9987217591449131,0.8231138955166487,0.0009980264007599861,9.99999000001e-07,0.9998990241797708,0.005667630910394754,0.9308218474129735,0.9817333624371329,0.9999989894636426,0.9937448076088755,0.4216603637797753,0.9918081232829726,0.9687767396511783,0.9999999705007243,0.9999949877827231,0.9999999999999
71300,9990230341835.0,1490,20,201.0,38,46461,118425223,108015446682.0,108060,0,17101,17387,0,4,0,576,6,64,347,0.0,71300,9.99999000001e-07,0.9999256457505219,0.4736842105263158,0.999000999000999,0.9987251090088658,0.8229681350028145,0.0009980259950349486,9.99999000001e-07,0.9998938207047927,0.0011669150922275927,0.9855330463660469,0.9854318308495723,0.9999989965121774,0.9936374809421433,0.8916699890300266,0.9896142611610793,0.9742239336579055,0.9999999498957121,0.9999949877715825,0.9999999999999
71400,9990206387212.0,19886311,22,200.0,9011,25181,118391871,108026268392.0,107588,2000,496,22208,23683,3,108,511,14,2000,0,400.0,71400,9.99999000001e-07,0.9999268549931597,0.4736842105263158,0.999000999000999,0.9987256935394763,0.8222172139826854,0.0009980245795760112,9.99999000001e-07,0.9998939979520405,0.005651799082540637,0.6878212874513154,0.9669881912088851,0.9999989999929,0.9936602374328888,0.969112349951905,0.9892126750819713,0.5576012469090759,0.9999999875989218,0.9999949877740819,0.9999999999999
71500,9990192402177.0,19941680,19,200.0,17013,26251,118693285,108037618840.0,15,2000,5060,25000,24247,3,1,666,25,200,2000,0.0,71500,9.99999000001e-07,0.9999269697791145,0.4736842105263158,0.999000999000999,0.9987257345600525,0.8979238937307747,0.000998021199912587,9.99999000001e-07,0.9998904358734862,0.005683314706415312,0.9875549901645101,0.9707339478481575,0.9999989939627706,0.99374665208426,0.37639741865460313,0.9820757334112858,0.7263532294359801,0.9999999498960457,0.9999961418878992,0.9999999999999
71600,9990188977960.0,606,18,200.0,11014,0,118638000,108049072384.0,18,2000,279,21209,0,446,182,6,29,2000,2000,400.0,71600,9.99999000001e-07,0.9999259754441865,0.4736842105263158,0.999000999000999,0.9987254011905224,0.03437366670603503,0.000998020858343495,9.99999000001e-07,0.9998999863381338,0.005693074698031387,0.9844942053201721,0.9524509556992216,0.9999989986333347,0.9937452829532563,0.969265380234323,0.9812821485918871,0.9780765149224375,0.999999953167027,0.9999953073843006,0.9999999999999
71700,9990175073546.0,10588,19,200.0,7027,1,118461218,108060119036.0,215689,2000,235,466,913,2,3,151,0,2000,792,400.0,71700,9.99999000001e-07,0.9999260830615104,0.4736842105263158,0.999000999000999,0.998725291604336,0.0364610725156163,0.0009980204781477192,9.99999000001e-07,0.9999011293695504,0.005696663212816448,0.9862346460849314,0.9769829065101181,0.9999989999977,0.9937205760040311,0.969190613175885,0.9871871027749711,0.8860389557400316,0.9999999732719045,0.9999949877786702,0.9999999999999
71800,9990161390204.0,5676,19,200.0,23026,744,118710889,108071551537.0,108188,1,23420,4630,4425,8,0,322,439,2000,1340,0.0,71800,9.99999000001e-07,0.9999261839261177,0.4736842105263158,0.999000999000999,0.9987252737697697,0.0011090969902294561,0.0009980191130830266,9.99999000001e-07,0.9998984236673668,0.001169511810627818,0.9851945147814973,0.9585749954342498,0.999998999996,0.9937144246790859,0.8674532332388066,0.9797999866255377,0.9542439456177378,0.9999999757298801,0.9999949877435361,0.9999999999999
71900,9990147755174.0,9987525,18,200.0,14017,14368,118527933,108082702423.0,216373,28,8000,7958,7765,2,39,486,277,1610,0,200.0,71900,9.99999000001e-07,0.99992682028916,0.4736842105263158,0.999000999000999,0.998726100377559,0.02705599251915158,0.0009980177528846029,9.99999000001e-07,0.999893221406588,0.0011722643100361251,0.9941135516078021,0.9768947754015571,0.9999989804667627,0.9936203088451697,0.9459919601328847,0.9786661739190217,0.953941881046464,0.9999999498962555,0.999994987750916,0.9999999999999
72000,9990134417730.0,1504,20,200.0,19008,12039,118318060,108094171716.0,216124,23,1000,627,26972,4,0,0,225,110,2000,200.0,72000,9.99999000001e-07,0.9999263629740026,0.4736842105263158,0.999000999000999,0.9987246142657749,0.022912931276069016,0.0009980164215880995,9.99999000001e-07,0.999901436494104,0.0011775665193004845,0.9746398033296289,0.9517261661687642,0.9999989973138037,0.9937497968925536,0.9248482787492569,0.9889393600419553,0.9385862262113619,0.9999999498955557,0.9999955786234671,0.9999999999999
72100,9990110595590.0,19983768,23,200.0,15,96,118582322,108105530436.0,107631,1,585,5322,6128,1,0,0,0,0,1630,200.0,72100,9.99999000001e-07,0.9999275419731851,0.4736842105263158,0.999000999000999,0.9987261104225684,0.0007359594796806547,0.000998013035008545,9.99999000001e-07,0.9999009184954553,0.0011764684210497315,0.9428115770252941,0.9515799995019774,0.9999989840553584,0.9937436917798329,0.9457910613255126,0.961386344290626,0.9381680589703195,0.9999999498959918,0.9999949877604933,0.9999999999999
72200,9990106902995.0,9938163,22,200.0,23,39307,118716144,108116911792.0,108053,2000,101,564,26600,3,7,210,3,34,616,200.0,72200,9.99999000001e-07,0.9999271025408646,0.4736842105263158,0.999000999000999,0.9987238642631924,0.8236626269778204,0.0009980126840214742,9.99999000001e-07,0.9999013741733677,0.005739366168848479,0.9700342080795241,0.9520075562597159,0.9999989916017569,0.9937495141753587,0.9488120854618634,0.9813137608036198,0.36568130252428577,0.9999999498959238,0.9999949877318118,0.9999999999999
72300,9990092678520.0,9877425,20,200.0,32,383,118305447,108127814645.0,108204,0,1876,39533,0,412,2,989,120,184,0,200.0,72300,9.99999000001e-07,0.9999272259458348,0.4736842105263158,0.999000999000999,0.9987258067271717,0.011754028316774625,0.0009980122561775414,9.99999000001e-07,0.999901053268171,0.0011750957355790151,0.9428277734899959,0.9841802146928893,0.9999989594140253,0.9937475516174722,0.40906096757107546,0.9902629970569593,0.9711226950016965,0.9999999498957328,0.999994987784343,0.9999999999999
72400,9990079282226.0,9970495,21,200.0,6012,3806,118388856,108138766473.0,215842,2000,1,2,85,1164,0,0,0,0,31,200.0,72400,9.99999000001e-07,0.9999273211168731,0.4736842105263158,0.999000999000999,0.9987234756600799,0.8231912441395277,0.0009980109053718228,9.99999000001e-07,0.9999022815976607,0.005747696606011733,0.392427090424569,0.9833537569653993,0.9999989996979087,0.9937348860071347,0.9681093936935928,0.9908876526715978,0.1705271729994873,0.9999999498953466,0.9999949877741021,0.9999999999999
72500,9990065141455.0,1428,21,200.0,5014,6068,118572063,108150143933.0,108284,2000,0,1533,1522,46,189,0,0,2000,0,400.0,72500,9.99999000001e-07,0.9999269130899229,0.4736842105263158,0.999000999000999,0.9987247308883652,0.8231784150195925,0.0009980084988099674,9.99999000001e-07,0.9999009636729801,0.005729576367896664,0.9783746932434835,0.9902652199842041,0.9999989999925,0.9937369473905888,0.9461342739212274,0.9850842894940491,0.5062586075574302,0.9999999528148724,0.9999949877620098,0.9999999999999
72600,9990050945445.0,1416,23,200.0,7000,6987,118589958,108160983543.0,107897,0,4,0,0,608,100,0,0,1152,267,0.0,72600,9.99999000001e-07,0.9999270325739082,0.4736842105263158,0.999000999000999,0.9987255632270488,0.03978232987645713,0.0009980080912262309,9.99999000001e-07,0.9999005276016011,0.0011719742995381008,0.9830515571426361,0.8941311447880749,0.9999989999929,0.9937525233450412,0.969230715531327,0.9699033526244949,0.9044051867707616,0.9999999498961097,0.9999949877476985,0.9999999999999
72700,9990037165074.0,10010672,20,200.0,10007,343,118523807,108171976737.0,216985,1,822,5700,5426,800,0,258,0,54,249,400.0,72700,9.99999000001e-07,0.9999276687595938,0.4736842105263158,0.999000999000999,0.9987250569152133,0.022997929430291487,0.0009980057071608914,9.99999000001e-07,0.9998992841013206,0.0011715058908612606,0.973747752806457,0.9497547552848717,0.9999989999932,0.9937373453698058,0.4810856121006176,0.9859646201456151,0.9548640641678986,0.9999999498959811,0.9999949877552873,0.9999999999999
72800,9990023353307.0,1446,19,200.0,18012,0,118549669,108183329778.0,108118,0,0,0,9,1,65,397,0,84,1,200.0,72800,9.99999000001e-07,0.9999272470670223,0.4736842105263158,0.999000999000999,0.9987265097661443,0.0231486447593122,0.000998004328779878,9.99999000001e-07,0.9998994521954513,0.001171575837387698,0.9938619664603587,0.9775272812348774,0.9999989999918999,0.9936599926510665,0.9460564798324287,0.9776103092463205,0.9494477067355692,0.9999999498962024,0.9999949877476555,0.9999999999999
72900,9990009253715.0,9909139,20,200.0,13014,54352,118352464,108194291002.0,216417,0,47,26533,0,800,2,0,4,0,0,0.0,72900,9.99999000001e-07,0.9999278798536,0.4736842105263158,0.999000999000999,0.9987235430010757,0.8232026221292273,0.0009980039303883626,9.99999000001e-07,0.9998931142717459,0.0011701901946866754,0.9285584942190623,0.9929981692875536,0.9999989999987,0.993747259237722,0.858355968423437,0.9911336632485028,0.90192349395365,0.9999999498953328,0.9999949877811926,0.9999999999999
73000,9989995386077.0,1317,22,202.0,10000,0,118522795,108205689244.0,14,2000,14600,115,0,364,2,133,218,2000,611,400.0,73000,9.99999000001e-07,0.9999274687876851,0.4736842105263158,0.999000999000999,0.9987253708700421,0.0018389090706352595,0.0009980025461760011,9.99999000001e-07,0.9999003206684097,0.005718809005462775,0.9761792984531686,0.9922561696970429,0.9999989938481866,0.9937366029235405,0.969343212723467,0.9875443072964767,0.9680355197305812,0.9999999721183038,0.9999949877664299,0.9999999999999
73100,9989971508376.0,19996358,19,200.0,10010,10345,118548254,108216854591.0,108426,1,2,32899,1,7,0,649,7,2000,0,0.0,73100,9.99999000001e-07,0.9999286158752848,0.4736842105263158,0.999000999000999,0.9987253803499231,0.05535171150107798,0.000998001150389672,9.99999000001e-07,0.9998891552119663,0.0011674381005610016,0.16316307128920624,0.9934004425842767,0.9999989999944999,0.9935865672406292,0.936209556167,0.9828096714285234,0.935018198868753,0.9999999914999378,0.999994987750866,0.9999999999999
73200,9989967184604.0,9948996,19,200.0,11034,44811,118621941,108227991321.0,108531,2000,10003,10093,33583,400,0,333,1,124,1644,200.0,73200,9.99999000001e-07,0.9999282226538331,0.4736842105263158,0.999000999000999,0.9987241938256424,0.8234598367617109,0.0009979987390034137,9.99999000001e-07,0.9999010203025176,0.005677440363068343,0.9755368940901364,0.9938260399133393,0.9999989867441821,0.9937469666667558,0.9396167233630361,0.9855501995002385,0.9732548638236482,0.9999999498957626,0.9999949877546107,0.9999999999999
73300,9989953307433.0,38415,23,200.0,8016,1,118798155,108239349965.0,108259,38,0,6,13165,1,0,1,1,2,1992,200.0,73300,9.99999000001e-07,0.9999278218718574,0.4736842105263158,0.999000999000999,0.9987230781831707,0.03635621911876376,0.0009979973380385256,9.99999000001e-07,0.9999010957111639,0.0011610217582889448,0.34465559950422436,0.9943379012438492,0.9999989999933,0.9937330863974465,0.9387801594045518,0.9809689819064203,0.9451747601071702,0.9999999498957464,0.9999949877426229,0.9999999999999
73400,9989939423673.0,9982591,21,201.0,8022,359,118447026,108250245909.0,108466,2000,20981,2,2,281,62,292,0,82,1204,201.0,73400,9.99999000001e-07,0.9999284356443566,0.4736842105263158,0.999000999000999,0.9987243006055744,0.04755859374424412,0.000997996961253214,9.99999000001e-07,0.9999011099517902,0.005669961148724603,0.9654162660047952,0.9959796421409967,0.999998987811735,0.9937270617227849,0.9460176874247962,0.9889715002213683,0.382222409052586,0.9999999498956831,0.9999949877808337,0.9999999999999
73500,9989925176202.0,9941838,22,200.0,10029,43647,118581648,108261194688.0,216381,2000,42292,21042,2,801,0,746,2,1680,131,400.0,73500,9.99999000001e-07,0.9999285564874876,0.4736842105263158,0.999000999000999,0.9987259017224077,0.8234345710474547,0.0009979945471940786,9.99999000001e-07,0.9999005034921284,0.005627598142358005,0.9904617916976916,0.9947442984527791,0.9999989999914999,0.9937305612274954,0.37195387018854625,0.9833882975537047,0.3696883649316385,0.9999999498960487,0.9999949877447941,0.9999999999999
73600,9989911054213.0,45334,20,200.0,24,3,118485314,108272134200.0,216673,2000,27767,26,3381,1201,3,3,442,2,694,200.0,73600,9.99999000001e-07,0.9999281662190361,0.4736842105263158,0.999000999000999,0.9987264121857495,0.04189302544095335,0.0009979941300086242,9.99999000001e-07,0.9999023555741297,0.005628522119704212,0.9915959379972784,0.9949928034359231,0.9999989933488546,0.993735730746492,0.890220186614511,0.9829207951952601,0.9842228579285272,0.9999999498960839,0.9999949877751465,0.9999999999999
73700,9989897405596.0,753,19,200.0,18,384,118511104,108283388007.0,217268,0,15357,21641,21567,1,0,501,3,2000,2000,200.0,73700,9.99999000001e-07,0.9999282638887401,0.4736842105263158,0.999000999000999,0.998723792251825,0.03616060597446224,0.000997991759767384,9.99999000001e-07,0.9998930746595497,0.001154442056071142,0.987565445024289,0.996544735616638,0.9999989784583424,0.9937323263153108,0.9380142579475221,0.9886487626482571,0.9694116900304954,0.9999999874301074,0.9999956857827274,0.9999999999999
73800,9989873208853.0,19901668,23,201.0,7016,45889,118520712,108294362729.0,22,2000,246,19113,0,576,120,117,1,36,2000,201.0,73800,9.99999000001e-07,0.9999293961988769,0.4736842105263158,0.999000999000999,0.9987246857138509,0.8228655831608658,0.000997989343906924,9.99999000001e-07,0.9998999709215469,0.01086874374569156,0.9523030275806224,0.9963845727280926,0.9999989783359197,0.9937480672045987,0.9461283383382763,0.9890873244740213,0.8854959633984988,0.9999999498956805,0.9999952720660618,0.9999999999999
73900,9989868945779.0,9968429,21,200.0,8000,364,118536288,108305132744.0,215647,2000,22,0,17281,624,1,93,209,44,1068,199.0,73900,9.99999000001e-07,0.9999290106572304,0.4736842105263158,0.999000999000999,0.9987269201505851,0.00042545218588565045,0.0009979899275120141,9.99999000001e-07,0.9998961481558717,0.005592428221020331,0.9829703307227036,0.9909739714523689,0.9999990000006,0.9937647482565013,0.12956971474117027,0.9698558892123897,0.9791579926000314,0.9999999498962765,0.9999949877657291,0.9999999999999
74000,9989855071217.0,18052,25,200.0,9011,1,118582395,108316268293.0,17,0,401,13081,0,0,198,349,7,2000,180,200.0,74000,9.99999000001e-07,0.999928615404032,0.4736842105263158,0.999000999000999,0.9987259080459232,0.03582202735641845,0.0009979875342413889,9.99999000001e-07,0.9998980572151841,0.0011444284593487891,0.8888944767304287,0.9895440394164354,0.9999989981956502,0.9936789440343092,0.9460994105437398,0.9819980823935791,0.9252349335029423,0.9999999749086453,0.9999949877454203,0.9999999999999
74100,9989841174916.0,9986685,22,200.0,18000,333,118491363,108327154809.0,107793,36,0,13,38434,0,3,0,0,36,2000,200.0,74100,9.99999000001e-07,0.9999292232211792,0.4736842105263158,0.999000999000999,0.9987250157160501,0.05808956381371034,0.000997987144183302,9.99999000001e-07,0.9999013054817403,0.0011436966890212036,0.9629767708170504,0.9908029343997781,0.9999989805436761,0.9937483367551525,0.9444948361094337,0.9787882433355108,0.3918596748744889,0.9999999498959633,0.999995626555023,0.9999999999999
74200,9989827030298.0,10010117,20,200.0,9000,346,118628665,108337909152.0,108326,0,454,3297,0,400,2,0,6,24,1828,200.0,74200,9.99999000001e-07,0.999929339393431,0.4736842105263158,0.999000999000999,0.9987263111694439,0.026286441885851868,0.0009979857342822444,9.99999000001e-07,0.9999010656417595,0.00114044178378017,0.9115375602051551,0.9803380404537263,0.9999989813758842,0.9937329957266895,0.7235659261121061,0.9609787196289132,0.9365265201071983,0.9999999498962405,0.9999949877632673,0.9999999999999
74300,9989813174673.0,9858692,22,201.0,33,143,118462027,108348945221.0,15,2000,5755,12580,5947,338,0,144,184,2000,1181,201.0,74300,9.99999000001e-07,0.9999294338846094,0.4736842105263158,0.999000999000999,0.9987251069909875,0.8222933699063014,0.0009979833526677989,9.99999000001e-07,0.9998955110939006,0.005552420268003037,0.9421923765410474,0.9289183143471702,0.9999989886490009,0.9937254740387527,0.12693224785610255,0.9868943603634889,0.978328825486432,0.9999999730864287,0.9999949877785709,0.9999999999999
74400,9989789542425.0,19888299,25,200.0,5,38,118610881,108360174451.0,21,1,355,17,4952,1,1,0,2,22,2000,400.0,74400,9.99999000001e-07,0.9999300235465938,0.4736842105263158,0.999000999000999,0.9987253975307627,0.0006932170469510387,0.0009979829793350754,9.99999000001e-07,0.9999000006999951,0.0011411332740543629,0.3145674612505455,0.9719540813962235,0.9999989992873926,0.993732923787155,0.9560659086524044,0.9838843149084271,0.19962112299804313,0.9999999498959755,0.9999951599042708,0.9999999999999
74500,9989785626602.0,9989859,20,200.0,21009,309,118387692,108371172561.0,216652,0,0,0,7,400,0,332,3,0,272,200.0,74500,9.99999000001e-07,0.9999296284506116,0.4736842105263158,0.999000999000999,0.9987242936572582,0.0007208397457507512,0.0009979816122101986,9.99999000001e-07,0.9999008158098012,0.0011424502070458472,0.9942604160339747,0.9820010175718846,0.999998986655982,0.9937151853318694,0.5795014685082223,0.9908022681000802,0.5864083937189608,0.999999949895344,0.9999949877896954,0.9999999999999
74600,9989772438220.0,9925839,22,200.0,18005,12259,118741314,108383185102.0,20,2000,7164,7458,9244,399,1,474,7,2000,1956,199.0,74600,9.99999000001e-07,0.9999296927024599,0.4736842105263158,0.999000999000999,0.9987247498488311,0.8223491979499911,0.00099798029608098,9.99999000001e-07,0.9998988940832615,0.005579043825892127,0.9907573110716565,0.9670481446214694,0.9999989810047049,0.9937345199808273,0.816950267988115,0.985819831882098,0.6806282657654922,0.9999999868989065,0.9999949877482366,0.9999999999999
74700,9989758871739.0,9883643,22,200.0,9014,61060,118704009,108394299055.0,217689,2000,37441,22095,0,406,0,551,108,2000,2000,201.0,74700,9.99999000001e-07,0.9999297818814513,0.4736842105263158,0.999000999000999,0.9987243609681306,0.8230209554349628,0.000997977933362536,9.99999000001e-07,0.9999008618083004,0.005570376480806716,0.9912051190357274,0.974552423469871,0.9999989985140953,0.9937168794306815,0.09030374112506512,0.978670439687039,0.9821502098915502,0.9999999797185883,0.9999953332788444,0.9999999999999
74800,9989745524295.0,515,23,200.0,14018,63067,118345354,108405766881.0,108455,0,239,881,0,400,0,0,392,120,2000,200.0,74800,9.99999000001e-07,0.9999293606440012,0.4736842105263158,0.999000999000999,0.9987252299590623,0.8229312282939074,0.000997977609966488,9.99999000001e-07,0.9999010919644936,0.001158200813531411,0.22598357366186228,0.9033067375585798,0.999998968779277,0.9937330155344073,0.9243404063379422,0.9857749410302825,0.9705635849134514,0.9999999498958747,0.9999966848902943,0.9999999999999
74900,9989731900041.0,9901311,17,200.0,31,57004,118349015,108416759637.0,217432,0,11390,7,250,397,1,162,7,2000,647,400.0,74900,9.99999000001e-07,0.9999299396959506,0.4736842105263158,0.999000999000999,0.998723704785324,0.8230625932018477,0.0009979762503418037,9.99999000001e-07,0.9999022561432502,0.001161283588929466,0.9752107834808718,0.9707593153345435,0.9999989999929999,0.9937343801003645,0.969259825116939,0.9919853628621194,0.8741254146231202,0.999999974578797,0.9999949877955777,0.9999999999999
75000,9989718906788.0,9977790,22,200.0,12010,24098,118446359,108429055074.0,108595,2000,0,0,2,7,1,540,28,144,2000,200.0,75000,9.99999000001e-07,0.9999300061407993,0.4736842105263158,0.999000999000999,0.9987247039767138,0.8233925966141677,0.0009979739448955573,9.99999000001e-07,0.9998974337409146,0.005696125870602079,0.9971201934574404,0.9898741637942122,0.9999989751065684,0.9936978526392222,0.2575417319326465,0.9885959935089444,0.9921798100578989,0.9999999498958209,0.9999958708522498,0.9999999999999
75100,9989705375877.0,57,23,201.0,12,22875,118433293,108440481164.0,108351,0,23,86,7217,798,4,658,1,112,2000,0.0,75100,9.99999000001e-07,0.9999295917649492,0.4736842105263158,0.999000999000999,0.9987223598794508,0.8230815505028438,0.0009979736031300258,9.99999000001e-07,0.999897943812762,0.0011743284032021207,0.9966344438955355,0.9888598417087391,0.9999989716220122,0.9937163569034441,0.951972789358826,0.9912298048919059,0.9504079386064609,0.9999999498952854,0.9999964563975849,0.9999999999999
75200,9989682360926.0,19904444,23,200.0,9013,37,118564197,108452086398.0,108185,2000,25045,33056,32058,127,143,7,1,14,2000,0.0,75200,9.99999000001e-07,0.9999306313605449,0.4736842105263158,0.999000999000999,0.9987248049601625,0.8977920336317108,0.000997970297540387,9.99999000001e-07,0.999899933696067,0.011178717629927355,0.9929005725371963,0.9692191612525415,0.9999989975889005,0.9937103680988311,0.9462235913342939,0.972810634892702,0.9880149428328167,0.9999999498958746,0.9999955247277146,0.9999999999999
75300,9989678530930.0,10010718,23,200.0,8010,38,118919873,108463148052.0,6,0,9,684,10125,402,144,332,5,60,1567,200.0,75300,9.99999000001e-07,0.9999302438768654,0.4736842105263158,0.999000999000999,0.9987234810030764,0.04263372997997697,0.000997970913768688,9.99999000001e-07,0.9998997107055011,0.0011825186293201195,0.9859662508878886,0.9510911694700906,0.9999989851238438,0.9937419074821572,0.9464694862696695,0.9790417858467343,0.9435832438043877,0.9999999498958163,0.9999949877153734,0.9999999999999
75400,9989655043028.0,20008229,23,200.0,21000,705,118723451,108474843009.0,13,2000,19244,7533,0,414,200,371,0,2000,75,200.0,75400,9.99999000001e-07,0.9999307999131243,0.4736842105263158,0.999000999000999,0.9987257027432874,0.06687759725373049,0.0009979685798832648,9.99999000001e-07,0.9998977678321781,0.005790517302066677,0.9763170300948423,0.9743997585509518,0.9999989999962,0.9937061919645134,0.9515625400414182,0.9787353659895219,0.9634800534370817,0.9999999844066892,0.999994987739193,0.9999999999999
75500,9989651159009.0,1351,20,200.0,21014,42053,118546535,108485539348.0,216992,41,1014,8,10329,1,0,94,0,2000,650,400.0,75500,9.99999000001e-07,0.9999299296697017,0.4736842105263158,0.999000999000999,0.9987232785222063,0.823892222383375,0.000997968192315984,9.99999000001e-07,0.9999024621860526,0.0011881240080749385,0.9719164589487425,0.9595494374377775,0.9999989999925,0.9937366261031844,0.8332585232989695,0.9907914838191006,0.2878824214046309,0.999999967844127,0.9999949877642145,0.9999999999999
75600,9989637714994.0,43102,18,200.0,33,22476,118821991,108497117440.0,108779,44,5770,6,286,796,2,497,0,2000,1951,200.0,75600,9.99999000001e-07,0.9999300107196282,0.4736842105263158,0.999000999000999,0.9987238670070351,0.04188193823193034,0.000997966850615046,9.99999000001e-07,0.9999011284213274,0.0011919388251346572,0.9874786226711326,0.974573197905539,0.9999989999973,0.9937334245651991,0.9692229308008835,0.9884152228653841,0.9518037030012628,0.9999999873550068,0.9999949877359894,0.9999999999999
75700,9989613845015.0,19922278,21,200.0,10010,23799,118754449,108508426518.0,108791,2000,31010,1281,15321,239,1,343,24,2000,154,0.0,75700,9.99999000001e-07,0.9999310711342806,0.4736842105263158,0.999000999000999,0.9987256156523151,0.8982086971056245,0.0009979644683508091,9.99999000001e-07,0.9998942386281142,0.011270699275120274,0.9748697818508061,0.8932378700301062,0.9999989999911999,0.9936976080794507,0.5032811246463729,0.9751384810713032,0.9714797607940111,0.9999999835563181,0.9999949877345883,0.9999999999999
75800,9989609919646.0,9860633,25,200.0,6010,92460,118572282,108519588763.0,108520,2000,8,6,6895,7,39,513,0,1016,2000,400.0,75800,9.99999000001e-07,0.999930693171339,0.4736842105263158,0.999000999000999,0.9987250781361733,0.8234344850837814,0.0009979640766206463,9.99999000001e-07,0.9999001651866821,0.005819594603059428,0.9315718012190115,0.786834816056371,0.9999989998362732,0.9937233029165742,0.9692239765767445,0.9778495077961743,0.9842800523649294,0.9999999498961968,0.9999950286003658,0.9999999999999
75900,9989595917667.0,9979290,17,200.0,7,348,118608709,108530788042.0,29,2000,9939,3414,0,418,200,171,234,2000,1944,200.0,75900,9.99999000001e-07,0.9999307959311788,0.4736842105263158,0.999000999000999,0.9987261552871349,0.022662566772806775,0.000997961683296404,9.99999000001e-07,0.9998981647972609,0.005802352358576612,0.9832259231591007,0.9240866392115112,0.9999989999923999,0.9937488022344731,0.9494716856057974,0.9451381434648644,0.965082589230674,0.9999999777526808,0.9999949877565203,0.9999999999999
76000,9989581804483.0,9971180,23,200.0,12013,329,118461813,108541637757.0,11,0,404,2,0,402,0,335,402,12,843,0.0,76000,9.99999000001e-07,0.9999309053317672,0.4736842105263158,0.999000999000999,0.9987232453493663,0.03165484339832575,0.0009979612706333821,9.99999000001e-07,0.9998960818060649,0.0011858342470653215,0.9588293963021854,0.9934103088794606,0.9999989914911096,0.9937357972044968,0.4814536944367784,0.9906338145090066,0.9777972966924507,0.9999999498952495,0.9999949877785497,0.9999999999999
76100,9989567833079.0,9913347,20,200.0,11004,61840,118644702,108552914065.0,108541,0,100,23,34032,1,2,338,0,2000,0,0.0,76100,9.99999000001e-07,0.9999310032592591,0.4736842105263158,0.999000999000999,0.9987242785967895,0.8232685178373061,0.000997959876358217,9.99999000001e-07,0.999901129701913,0.0011841598656447826,0.9091633349598504,0.9910982397391518,0.9999990000002,0.9936979339258407,0.9382297418930703,0.9871969887183532,0.9124742788440376,0.9999999833614308,0.9999949877366192,0.9999999999999
76200,9989553788747.0,25252,22,200.0,12014,46690,118705881,108563410717.0,217423,0,32786,0,0,400,1,5,0,2000,255,200.0,76200,9.99999000001e-07,0.9999306415373151,0.4736842105263158,0.999000999000999,0.9987241897372258,0.8231935568882457,0.0009979574658204628,9.99999000001e-07,0.9999001548498434,0.0011801677822319096,0.9753323499193509,0.9008982074977707,0.9999989976392399,0.9937620915051876,0.9292333707817154,0.9809841584357373,0.9370523945687644,0.9999999747069261,0.9999949877279061,0.9999999999999
76300,9989540113633.0,10033387,24,200.0,22000,347,118671951,108574775291.0,108062,0,10,16,0,834,9,8,0,108,32,400.0,76300,9.99999000001e-07,0.9999312047323053,0.4736842105263158,0.999000999000999,0.9987242487334348,0.008622524133157604,0.0009979561012327446,9.99999000001e-07,0.9999010882860242,0.0011821345718382378,0.012831884244421695,0.9116334476545007,0.9999989996720925,0.993745801374167,0.9706503142901265,0.9835421088956973,0.9764092674203008,0.9999999498958577,0.9999949877363022,0.9999999999999
76400,9989516507148.0,19952162,17,200.0,23031,23653,118519549,108585938964.0,6,2000,2,1,129,798,2,661,0,1324,0,0.0,76400,9.99999000001e-07,0.999931757221692,0.4736842105263158,0.999000999000999,0.9987255079323031,0.0721240368055293,0.0009979557367102896,9.99999000001e-07,0.9998987848309231,0.011229456556725905,0.9695456230198103,0.9207194293724337,0.9999989999925999,0.9937495035604891,0.9692452276793909,0.98713152744359,0.9654864611330461,0.9999999498960563,0.9999949877521789,0.9999999999999
76500,9989502774316.0,19926761,18,200.0,37,50340,118135958,108596920974.0,217618,2000,7196,17664,17278,241,88,282,12,102,2000,201.0,76500,9.99999000001e-07,0.9999318465667782,0.4736842105263158,0.999000999000999,0.9987218577208091,0.8983036540838053,0.00099795237437047,9.99999000001e-07,0.999901896382174,0.005810325190299032,0.983531186503195,0.9769160701693113,0.9999989754440579,0.9937470494874056,0.9467178316925111,0.9922081733655558,0.9760015799312637,0.9999999498947054,0.9999972804384992,0.9999999999999
76600,9989498953017.0,26003,21,201.0,13010,6,118651859,108608605600.0,108973,0,1040,13133,12787,0,197,344,7,2000,1759,199.0,76600,9.99999000001e-07,0.9999309954996417,0.4736842105263158,0.999000999000999,0.9987250326025761,0.02463966981589354,0.000997952999530739,9.99999000001e-07,0.999894716051296,0.0011870901301964598,0.7361434699672548,0.9734794239070047,0.9999989834175064,0.9936780401013287,0.9458575754301937,0.9755778721682836,0.9352220072994141,0.9999999517729529,0.9999949877501478,0.9999999999999
76700,9989485366492.0,9884682,27,200.0,17008,349,118580945,108619756688.0,217411,2000,18516,4866,4714,0,0,166,79,2000,0,200.0,76700,9.99999000001e-07,0.9999315438958831,0.4736842105263158,0.999000999000999,0.9987240409426348,0.00047110400879666096,0.0009979516461149766,9.99999000001e-07,0.9999022499041804,0.005756841183814178,0.9700520832165419,0.9700875525763419,0.9999989999937999,0.9937343004564902,0.9546204898666042,0.9893475968216191,0.9706580010302924,0.9999999748956868,0.9999949877429243,0.9999999999999
76800,9989471996001.0,410,21,200.0,11000,3397,118792107,108631506214.0,108357,0,265,844,25812,802,0,2,225,2,2000,401.0,76800,9.99999000001e-07,0.9999311559149885,0.4736842105263158,0.999000999000999,0.9987252984023236,0.8233553613254052,0.0009979493027429261,9.99999000001e-07,0.9999010911916464,0.0011942403196999979,0.23015395234765498,0.8901052152586831,0.9999989804600062,0.9937330173800984,0.9224168054943519,0.7037573919947732,0.982634392604056,0.9999999498960308,0.9999953895499841,0.9999999999999
76900,9989458307505.0,10005590,24,200.0,21013,1160,118672320,108642847242.0,20,2000,552,8600,8416,404,1,6,357,4,2000,200.0,76900,9.99999000001e-07,0.9999317079462129,0.4736842105263158,0.999000999000999,0.9987248229846332,0.8231708328058551,0.0009979479471097861,9.99999000001e-07,0.9999006791362025,0.005856775526706038,0.9852618823318501,0.9785307118101201,0.9999989960182082,0.993740919567834,0.8125300936830593,0.9830605945167833,0.9787214956114286,0.9999999498957729,0.9999957731442112,0.9999999999999
77000,9989444169522.0,9992406,22,200.0,11008,321,118707549,108653865498.0,217690,0,734,23116,0,2,0,442,7,2000,89,0.0,77000,9.99999000001e-07,0.9999318143049655,0.4736842105263158,0.999000999000999,0.9987244547116768,0.021317857842780744,0.0009979475346669129,9.99999000001e-07,0.9999002649163292,0.00119412188818555,0.8888724434116907,0.9897002399657552,0.9999989999958,0.9936615005948052,0.9164677801532876,0.9783216617153685,0.9808823977891631,0.9999999499958645,0.999994987728468,0.9999999999999
77100,9989430435289.0,9932600,22,200.0,8020,54084,118733496,108664933050.0,108544,2000,1,8,8,2,0,0,2,20,0,200.0,77100,9.99999000001e-07,0.9999319073561612,0.4736842105263158,0.999000999000999,0.998723768094171,0.8240096886884298,0.000997946146505788,9.99999000001e-07,0.9999016713510435,0.0058004438877587525,0.9838839296602342,0.977165605444006,0.9999989999973999,0.9937381744068695,0.8726147563369546,0.9804764870883188,0.9004221469836379,0.9999999498958264,0.9999949877198687,0.9999999999999
77200,9989416179703.0,10025992,22,200.0,21000,21108,118619216,108675908151.0,25,42,22417,5986,0,1,0,0,8,64,1332,400.0,77200,9.99999000001e-07,0.9999320134693881,0.4736842105263158,0.999000999000999,0.9987261487254698,0.04388692633140993,0.0009979447412438412,9.99999000001e-07,0.9999000247338808,0.0011908856368494382,0.9753588578979394,0.9530684106036234,0.9999989864918621,0.9937301353970498,0.9231848873830266,0.9264049232665744,0.9735666044685345,0.9999999498961282,0.9999949877486496,0.9999999999999
77300,9989392318617.0,19844077,18,200.0,20000,84027,118533538,108686959923.0,217655,2000,1155,26567,26182,5,200,210,5,54,2000,200.0,77300,9.99999000001e-07,0.9999325645599204,0.4736842105263158,0.999000999000999,0.9987262433708363,0.8982579322065511,0.0009979423598950688,9.99999000001e-07,0.9999001792780167,0.011305738112882378,0.9736275828943867,0.9851743493765001,0.9999989798371963,0.993708513675803,0.9514059567418638,0.9725888290371768,0.5149269026607688,0.9999999498959967,0.9999955201802385,0.9999999999999
77400,9989388301547.0,24435,19,200.0,9,12889,118574168,108697872232.0,5,24,582,775,631,708,47,500,0,2000,0,0.0,77400,9.99999000001e-07,0.9999317459754667,0.4736842105263158,0.999000999000999,0.9987261913920963,0.05482412732122356,0.0009979419565696662,9.99999000001e-07,0.9998980442127193,0.00118779845832785,0.9882884161588681,0.8133892796241455,0.9999989999985,0.9937226303076484,0.969151151147279,0.9813179844658118,0.9668242852372364,0.999999973566646,0.9999949877617759,0.9999999999999
77500,9989374453058.0,9937958,19,201.0,20,46140,118413946,108709116040.0,108406,2000,54,26400,25657,800,4,662,22,120,2000,199.0,77500,9.99999000001e-07,0.9999323048020102,0.4736842105263158,0.999000999000999,0.9987248836679817,0.8235819633293501,0.000997939568786043,9.99999000001e-07,0.9998919539512062,0.005810736963945286,0.9486440083595634,0.9721300096436067,0.9999989920928678,0.9937476677309377,0.9270266449122371,0.9899484429673141,0.9747608599856866,0.9999999498956361,0.9999963966065407,0.9999999999999
77600,9989360425395.0,10037001,21,200.0,23012,656,118491956,108720272549.0,17,1,562,13310,26386,400,3,339,0,2000,1572,200.0,77600,9.99999000001e-07,0.9999324000401303,0.4736842105263158,0.999000999000999,0.998725891790295,0.015806767496967522,0.0009979391769268187,9.99999000001e-07,0.99989587020179,0.0011855558928774426,0.8969548359840774,0.9865231249706888,0.9999989867444901,0.9937322765087115,0.9239921618333868,0.98657183069967,0.9791847481796778,0.9999999754101192,0.9999949877671853,0.9999999999999
77700,9989346658079.0,9871838,18,200.0,33,87014,118691925,108731549164.0,217370,2000,7000,6974,0,800,0,0,154,36,472,200.0,77700,9.99999000001e-07,0.9999324828307147,0.4736842105263158,0.999000999000999,0.998724769927695,0.8239104992738516,0.0009979378029933313,9.99999000001e-07,0.9998901831415749,0.0057367516455778065,0.9961480399802422,0.9741661267352273,0.9999989952586255,0.9937274618597708,0.9691818522133775,0.9322661959365954,0.9910906267813467,0.9999999498960576,0.9999949877440781,0.9999999999999
77800,9989333162741.0,9926698,23,200.0,12007,1661,118649711,108742904960.0,108782,2000,4,2473,0,2,0,0,630,20,597,399.0,77800,9.99999000001e-07,0.9999325607176226,0.4736842105263158,0.999000999000999,0.998725560346803,0.8224558845219353,0.0009979354654469706,9.99999000001e-07,0.9999011897348782,0.005782390276608847,0.8783165968462637,0.9573684561087366,0.9999989939890848,0.9937463223505577,0.29873062615723517,0.9661668237756409,0.9806354335719725,0.9999999498961304,0.9999949877503177,0.9999999999999
77900,9989309306101.0,19748268,21,200.0,11025,142506,118576317,108754081439.0,8,2000,296,15170,7,6,3,421,250,2000,0,200.0,77900,9.99999000001e-07,0.9999331109374567,0.4736842105263158,0.999000999000999,0.9987249292177612,0.8237911379629695,0.000997935037539299,9.99999000001e-07,0.9998917690819767,0.005678136106377488,0.985775135674615,0.9928903499363051,0.9999989999985,0.9936377131888476,0.35901000026885505,0.9873803680063145,0.9808636428690845,0.9999999857315965,0.9999949877436224,0.9999999999999
78000,9989305077610.0,659,20,200.0,9,11641,118755246,108765015784.0,217358,2000,0,11,478,18,201,0,0,0,5,0.0,78000,9.99999000001e-07,0.9999323142977866,0.4736842105263158,0.999000999000999,0.9987244003157891,0.8230412068909722,0.0009979326448549383,9.99999000001e-07,0.9998997811822333,0.005776634625667476,0.89998807657469,0.9793588199570795,0.9999989999962999,0.9937325421250853,0.9487559846466539,0.9357419948781963,0.029268685104201515,0.999999949896032,0.9999949877166503,0.9999999999999
78100,9989291412756.0,9990182,17,200.0,14000,349,118526326,108776062771.0,109212,28,19177,22,0,498,151,0,6,20,660,199.0,78100,9.99999000001e-07,0.999932851565159,0.4736842105263158,0.999000999000999,0.998724743697792,0.03713081524383896,0.0009979312805494878,9.99999000001e-07,0.9999012864644099,0.0011862581537359599,0.9801765584658912,0.9915921617373035,0.9999989933534146,0.9937134131815689,0.9692083574274077,0.98771082191248,0.9704480779395703,0.9999999498957621,0.9999949877610927,0.9999999999999
78200,9989267615496.0,19861573,22,200.0,30,14156,118559177,108787156000.0,109024,0,180,26,30312,401,0,508,12,104,726,200.0,78200,9.99999000001e-07,0.9999333866610859,0.4736842105263158,0.999000999000999,0.99872407725212,0.8977669232051259,0.0009979308877271823,9.99999000001e-07,0.9998943007157322,0.0011855250749443988,0.9752116783800059,0.9832681121954716,0.9999989957542498,0.9937208488531794,0.9339163414540964,0.9874140160420676,0.5775788853993497,0.9999999498958484,0.9999949877571522,0.9999999999999
78300,9989263787221.0,10007876,18,200.0,9023,9363,118442527,108798303731.0,108924,0,237,7177,4032,764,20,0,0,2000,0,200.0,78300,9.99999000001e-07,0.9999330295191574,0.4736842105263158,0.999000999000999,0.9987243974174427,0.01812825377182247,0.0009979285236460282,9.99999000001e-07,0.9998921528935486,0.001186960391892222,0.9531734607294544,0.9604781765918834,0.9999989999988,0.9937328521932342,0.9692085184004885,0.9893290290136413,0.943987233779984,0.9999999871178317,0.9999949877814774,0.9999999999999
78400,9989240295137.0,19989499,18,200.0,13000,647,118557224,108809815405.0,108579,2000,3,188,385,0,0,0,12,24,550,400.0,78400,9.99999000001e-07,0.9999335432949195,0.4736842105263158,0.999000999000999,0.9987232039269208,0.025273148531157245,0.0009979271878946911,9.99999000001e-07,0.9999004965817591,0.011317058771939894,0.982871160052593,0.9495532493415759,0.9999989999986,0.9937382268497208,0.866037887257304,0.9897261911890989,0.942150087883905,0.9999999498955695,0.9999949877586948,0.9999999999999
78500,9989236182471.0,35253,13,200.0,26,37909,118575786,108820843848.0,217455,2000,14518,321,14103,224,69,23,0,804,1403,200.0,78500,9.99999000001e-07,0.9999327532509962,0.4736842105263158,0.999000999000999,0.9987257568502348,0.8230948870119101,0.000997926773958186,9.99999000001e-07,0.9998998862407353,0.005801036651314389,0.9570517046680825,0.9682517542063745,0.9999989872103916,0.9937600163993543,0.9406091630547343,0.9769961346255837,0.969354588561158,0.9999999498960415,0.9999949877615698,0.9999999999999
78600,9989222517040.0,10006663,25,200.0,9008,299,118577841,108832167179.0,109242,0,21717,3475,0,386,7,245,12,190,695,0.0,78600,9.99999000001e-07,0.9999332870316424,0.4736842105263158,0.999000999000999,0.998725197226061,0.033969935484747034,0.0009979254035662856,9.99999000001e-07,0.9998982450734843,0.0011895055314021282,0.9746540041381974,0.975263335921943,0.9999989929958836,0.993748350827879,0.9461291897413142,0.9806150333358827,0.8691267628103261,0.9999999498959898,0.9999949877565758,0.9999999999999
78700,9989208335444.0,9958584,21,200.0,9013,42930,118379715,108843106840.0,108568,2000,261,27,18462,1016,93,92,5,180,1840,400.0,78700,9.99999000001e-07,0.9999333861290893,0.4736842105263158,0.999000999000999,0.998726359568362,0.823543702463409,0.000997923998325039,9.99999000001e-07,0.9999010942438333,0.0058050905970717165,0.40963986409582626,0.98523006667736,0.9999989999983,0.9937463574685638,0.9771671853010273,0.9778735589106825,0.9725324359808832,0.9999999498961829,0.9999949877909889,0.9999999999999
78800,9989194379450.0,9963348,19,200.0,4033,48216,118818878,108854340747.0,108732,2000,1729,26733,0,4,0,501,0,2000,1988,200.0,78800,9.99999000001e-07,0.999933479070313,0.4736842105263158,0.999000999000999,0.9987246233175744,0.8239681486669512,0.0009979216111902327,9.99999000001e-07,0.9999013868655391,0.0057822473751625945,0.973747361936153,0.9771983959008042,0.9999989999932,0.9936229577335863,0.8523106289726511,0.9812996686611264,0.8905586039100662,0.999999987427323,0.9999949877370181,0.9999999999999
78900,9989180470070.0,293,18,200.0,8021,147,118529130,108865256715.0,109396,0,1,22864,22556,802,1,892,6,2000,725,400.0,78900,9.99999000001e-07,0.9999331340899051,0.4736842105263158,0.999000999000999,0.9987252024604465,0.007973695579958612,0.0009979202083699368,9.99999000001e-07,0.9998930573013951,0.001183347022304033,0.9855315768982889,0.987424256922712,0.9999990000008,0.9936712774538081,0.9122984178145445,0.9854815397780898,0.8779559033722808,0.9999999854452989,0.9999949877640565,0.9999999999999
79000,9989166579769.0,10018654,20,200.0,5026,51177,118729688,108876350068.0,217975,2000,5,600,0,18,200,6,0,2000,1030,200.0,79000,9.99999000001e-07,0.9999336697263433,0.4736842105263158,0.999000999000999,0.9987239517118367,0.8232244943723784,0.0009979188223699159,9.99999000001e-07,0.9999018916371548,0.005767533720791447,0.9288382636262765,0.9820786354833488,0.9999989999988,0.9937209776760417,0.9620778527307134,0.9773949442423628,0.894962181058189,0.9999999596057934,0.999994987737536,0.9999999999999
79100,9989142688158.0,19804163,23,200.0,20,94424,118507636,108887291252.0,108652,2000,24001,591,0,1,1,85,95,2000,123,400.0,79100,9.99999000001e-07,0.9999341946692658,0.4736842105263158,0.999000999000999,0.9987267341509988,0.8981078575189103,0.0009979164379986612,9.99999000001e-07,0.9998913194213498,0.011213474754223617,0.9912285268537183,0.9490009636109183,0.9999990000002,0.9936303081416273,0.8250427158250367,0.9796589729589166,0.9869898848814835,0.9999999853361748,0.999994987755831,0.9999999999999
79200,9989129381797.0,19782664,18,200.0,13006,17344,118567437,108899158888.0,108509,1,6000,0,0,800,0,494,13,2000,652,0.0,79200,9.99999000001e-07,0.999934253414803,0.4736842105263158,0.999000999000999,0.9987256849621914,0.8209132763376185,0.0009979161186531766,9.99999000001e-07,0.9998884079146017,0.0011870957433829134,0.9971416651438304,0.9747692871017741,0.9999989934382237,0.9937097213621799,0.2575196415022576,0.9799786150209207,0.7475792361616764,0.9999999872859444,0.9999949877627414,0.9999999999999
79300,9989125765531.0,269,20,200.0,20000,41274,118664975,108910253287.0,218073,0,0,6,0,404,2,332,6,66,1310,200.0,79300,9.99999000001e-07,0.9999334619048502,0.4736842105263158,0.999000999000999,0.9987240725884842,0.8238570300732201,0.000997914748842285,9.99999000001e-07,0.9999004774098649,0.001190358742271962,0.9939800440322755,0.9797549298798186,0.9999989999915999,0.9937423624267453,0.8221157914268349,0.9850816790895772,0.6230056361229699,0.9999999498958019,0.9999949877560244,0.9999999999999
79400,9989112330788.0,42650,20,200.0,11028,1,118653821,108921792640.0,108907,42,262,26535,10,0,2,333,0,2000,347,200.0,79400,9.99999000001e-07,0.9999335347673869,0.4736842105263158,0.999000999000999,0.9987250120100004,0.04610978324729069,0.000997913408904579,9.99999000001e-07,0.9998926342131387,0.0011946093675929673,0.5484773537385167,0.9853647395418835,0.9999989965180178,0.9936962354929124,0.9316963663789396,0.9798990819429786,0.9630055623867735,0.999999975338079,0.9999949877404888,0.9999999999999
79500,9989088311019.0,19997861,22,201.0,19012,682,118602811,108932695865.0,218806,39,25,154,13178,1,80,181,0,16,852,199.0,79500,9.99999000001e-07,0.9999344979411193,0.4736842105263158,0.999000999000999,0.9987253766025813,0.05793648834205536,0.0009979130067425276,9.99999000001e-07,0.9999012767678171,0.0011926893832091918,0.09337225486348263,0.986100663623829,0.9999989927390588,0.9937332879165478,0.9459350745155651,0.979985403762111,0.9792527411397002,0.9999999498959617,0.9999949877574555,0.9999999999999
79600,9989084689261.0,10008745,23,200.0,9023,23,118662318,108943840312.0,217693,0,2,75,73,4,0,900,6,168,2000,0.0,79600,9.99999000001e-07,0.9999341438539434,0.4736842105263158,0.999000999000999,0.9987244156394974,0.036459063982595616,0.0009979106494563072,9.99999000001e-07,0.9999010643595139,0.0011952453087750751,0.9910602553069122,0.9715723012556347,0.9999989974823775,0.9935877309162623,0.3302664574165008,0.9855593205900077,0.9615615467333342,0.9999999498959395,0.999997353365705,0.9999999999999
79700,9989070999733.0,10008903,22,200.0,10006,25,118497689,108955329380.0,217891,0,191,15004,0,120,150,0,6,2000,2000,0.0,79700,9.99999000001e-07,0.9999342242122233,0.4736842105263158,0.999000999000999,0.99872507533592,0.021329996820837662,0.0009979102822512808,9.99999000001e-07,0.9998990520278782,0.001197106197999248,0.9825732772152269,0.9458806933908775,0.9999989788745482,0.9937371679428619,0.9461593079214509,0.9804908186282231,0.9174128637698815,0.9999999651737593,0.9999951543786025,0.9999999999999
79800,9989056991902.0,9988805,23,200.0,14,672,118617568,108966759092.0,25,1,0,544,13456,1,200,650,181,2000,0,200.0,79800,9.99999000001e-07,0.9999343130053309,0.4736842105263158,0.999000999000999,0.998724739788215,0.0022095743599119806,0.0009979088941100124,9.99999000001e-07,0.9998963368876995,0.0011964569180103884,0.9924342756484058,0.6852631559878583,0.999999000001,0.9935463050768836,0.9727074298858945,0.9828044625432988,0.9391035173357634,0.9999999915461338,0.9999949877374014,0.9999999999999
79900,9989043746229.0,9988435,25,200.0,15000,30057,118706983,108978119677.0,17,0,185,5752,0,1,0,0,10,104,907,400.0,79900,9.99999000001e-07,0.9999343738354288,0.4736842105263158,0.999000999000999,0.9987242534083014,0.8234413024049734,0.000997907572127701,9.99999000001e-07,0.9999000043998064,0.0012030644501607954,0.6505289088591601,0.8996349547780322,0.9999989908402607,0.9937328173607974,0.9579995707139819,0.9728543113255013,0.9432593513151888,0.999999949895867,0.9999949877416449,0.9999999999999
80000,9989029956968.0,10001438,24,200.0,7,26295,118555614,108989172776.0,109126,2000,45,1359,0,802,0,0,1,0,89,401.0,80000,9.99999000001e-07,0.9999344584436344,0.4736842105263158,0.999000999000999,0.9987237929471309,0.8235050448103493,0.0009979051980223727,9.99999000001e-07,0.9999010679321002,0.005884581817394268,0.9223760952886668,0.9664506340918246,0.9999989991062018,0.993747251302547,0.3985637560026242,0.989937577337638,0.9586076251244279,0.9999999498955203,0.9999949877646718,0.9999999999999
80100,9989016024212.0,653,22,200.0,20000,0,118633196,109000337194.0,218120,2000,6,96,94,784,9,9,0,0,1,200.0,80100,9.99999000001e-07,0.9999341175003563,0.4736842105263158,0.999000999000999,0.99872453361811,0.006182160662339164,0.0009979048054922625,9.99999000001e-07,0.9998933541733498,0.005865268542439073,0.9362841355191646,0.987551089693032,0.999999,0.9937601185449082,0.9463862316254158,0.9871988360581057,0.00512103384521368,0.9999999498956567,0.999994987752921,0.9999999999999
80200,9989002204778.0,9954444,26,200.0,18013,16009,118335082,109011721859.0,108947,2000,170,20401,105,5,0,4,4,82,2000,200.0,80200,9.99999000001e-07,0.9999346380376688,0.4736842105263158,0.999000999000999,0.9987247001540717,0.8232706892978914,0.0009979024173705372,9.99999000001e-07,0.9999006989404379,0.005861136177274692,0.9526086016328613,0.9923658775133448,0.9999989661840883,0.9937275663672746,0.9061489780459377,0.9893900910965391,0.9442514306574431,0.9999999498953663,0.9999969316631231,0.9999999999999
80300,9988988120780.0,9997741,24,201.0,6010,82,118553123,109022801544.0,109126,0,325,13142,22377,804,1,0,6,82,1631,400.0,80300,9.99999000001e-07,0.9999347284067247,0.4736842105263158,0.999000999000999,0.9987256406405189,0.02221153797746186,0.0009979020207435134,9.99999000001e-07,0.9999011356449599,0.001199582282403144,0.9245365396525822,0.9909144586189622,0.9999989857195397,0.9937472696548255,0.9411370381624141,0.9800642434238147,0.9310804390962917,0.9999999498958604,0.9999949877631086,0.9999999999999
80400,9988974201502.0,9929063,23,200.0,12016,35662,118572218,109033522929.0,218547,24,18,1368,0,802,181,838,0,146,147,200.0,80400,9.99999000001e-07,0.9999348170251222,0.4736842105263158,0.999000999000999,0.998725683993149,0.8233434645859398,0.0009979006315708836,9.99999000001e-07,0.9999019151941113,0.001198612763374282,0.9847653605015746,0.960742014834129,0.9999989985205143,0.9937532590112271,0.9465907821893544,0.9836577577584105,0.36857516611666374,0.999999949895995,0.9999949877620097,0.9999999999999
80500,9988950298024.0,19958042,19,200.0,18020,18665,118683152,109045035756.0,108993,2000,1,28,13187,285,66,6,0,706,24,200.0,80500,9.99999000001e-07,0.9999353305039619,0.4736842105263158,0.999000999000999,0.9987241564371947,0.05799827586878255,0.0009978992293353595,9.99999000001e-07,0.9998982294053718,0.005835272287305789,0.964725824302455,0.9924005324601363,0.9999989999921,0.9937362818250121,0.9462454362628266,0.9824622643375259,0.9537686812213112,0.999999949895943,0.999994987745355,0.9999999999999
80600,9988936458720.0,19995809,20,200.0,10012,638,118725747,109056011936.0,109342,1,13,155,152,516,146,143,0,46,897,200.0,80600,9.99999000001e-07,0.9999354145011001,0.4736842105263158,0.999000999000999,0.9987238642969126,0.06667484553266464,0.0009978978517104404,9.99999000001e-07,0.9999010517212548,0.0011962173189455625,0.9807463254512511,0.9915313426773482,0.9999989999994,0.9937330240319364,0.9461450353976076,0.9852905032576106,0.5345252826430867,0.999999949895736,0.9999949877346066,0.9999999999999
80700,9988922256609.0,19904859,19,200.0,32,53480,118561697,109066869898.0,109214,2000,6,0,0,1200,2,743,0,2000,0,200.0,80700,9.99999000001e-07,0.9999355082847434,0.4736842105263158,0.999000999000999,0.9987261807374193,0.8237432794124405,0.0009978954475440512,9.99999000001e-07,0.9999013992238935,0.011284018952141187,0.9693209559626056,0.9873020338723458,0.9999989699972561,0.9937490979625075,0.9772243641829531,0.9847662110574976,0.9766633703021637,0.999999969107938,0.9999949877458272,0.9999999999999
80800,9988918605315.0,10005753,22,200.0,10000,35,118712110,109078299903.0,109830,0,28,853,843,1,0,166,6,2000,2000,200.0,80800,9.99999000001e-07,0.9999351709081084,0.4736842105263158,0.999000999000999,0.9987254497012455,0.8232749462829232,0.000997895073258766,9.99999000001e-07,0.999896165247609,0.0011948008325297092,0.9963192447924134,0.9829032734017283,0.9999989988678196,0.9936954111932228,0.9314857135850462,0.9770855554200989,0.9442067075907681,0.9999999748961999,0.9999952555685384,0.9999999999999
80900,9988904898933.0,9332,23,200.0,8004,0,118496994,109089554219.0,109212,9,341,7164,20583,401,0,54,159,2000,2000,200.0,80900,9.99999000001e-07,0.9999348235116178,0.4736842105263158,0.999000999000999,0.9987258162917794,0.00828711560194774,0.0009978937142771714,9.99999000001e-07,0.999896552990472,0.0011974867687889667,0.9646524997746292,0.8873111062075107,0.9999989918950377,0.993745347856486,0.9577057862573898,0.9658227525923604,0.9338838955070172,0.9999999705878386,0.9999961417276882,0.9999999999999
81000,9988891048756.0,10018347,25,200.0,14024,320,118710186,109100800513.0,10,0,6,1,358,1,128,0,1,1130,0,400.0,81000,9.99999000001e-07,0.9999353339990832,0.4736842105263158,0.999000999000999,0.9987238868703172,0.06603906918854385,0.0009978913241210589,9.99999000001e-07,0.9998988908017625,0.0011955402305254999,0.22658151992593728,0.992793364556405,0.9999989999939,0.9937195696183942,0.9692221309903584,0.982262613486781,0.38106086700130903,0.9999999498959579,0.9999949877233972,0.9999999999999
81100,9988876622571.0,10056911,17,200.0,27012,8105,118444539,109111560138.0,108801,15,38,129,31479,3,200,498,0,50,1980,200.0,81100,9.99999000001e-07,0.9999354375733349,0.4736842105263158,0.999000999000999,0.998722794826211,0.016330768083731424,0.0009978908931355015,9.99999000001e-07,0.99990109531988,0.0011903044747739102,0.08591445138315253,0.9935462172297053,0.9999989999911999,0.9937330164493692,0.9723088795584216,0.9909120784545794,0.9386386162801269,0.9999999498953722,0.9999949877811692,0.9999999999999
81200,9988852983531.0,19960695,15,200.0,26,795,118534781,109122566132.0,109185,2000,801,6956,6689,1,0,333,0,88,0,200.0,81200,9.99999000001e-07,0.99993593086048,0.4736842105263158,0.999000999000999,0.9987249055112366,0.898138908553117,0.0009978895174428972,9.99999000001e-07,0.9998968069596689,0.005811074848825965,0.9256075393020657,0.9596561197197353,0.9999989867377139,0.9937334825444281,0.7924577673614337,0.9847868767005523,0.42411323911397975,0.9999999498958989,0.999994987749892,0.9999999999999
81300,9988849225107.0,9885453,23,201.0,27007,10257,118547610,109133597059.0,217565,2000,12003,537,17464,618,92,0,410,1168,175,199.0,81300,9.99999000001e-07,0.9999355932637316,0.4736842105263158,0.999000999000999,0.9987262054921953,0.8232552881984504,0.0009978871505030606,9.99999000001e-07,0.9999017415813415,0.005802844892043272,0.9813141622080059,0.9440600487851515,0.9999989999914,0.9937329722712048,0.9691540512053702,0.9809240945147203,0.9773811522871525,0.9999999498962502,0.9999949877657185,0.9999999999999
81400,9988835713469.0,9962841,19,200.0,11000,18968,118488092,109145304494.0,109066,2000,324,8,5,402,1,4,6,2000,2000,200.0,81400,9.99999000001e-07,0.999935660929392,0.4736842105263158,0.999000999000999,0.9987262876172295,0.8232669415292728,0.0009978858161801575,9.99999000001e-07,0.9998989067676763,0.005832276051200396,0.9165888065405307,0.9035938355146917,0.9999989787460718,0.993734272349177,0.9424630387085625,0.9767914555325016,0.9337635750132542,0.9999999749832263,0.9999951831031739,0.9999999999999
81500,9988822260464.0,639,27,200.0,17000,471,118660848,109156752614.0,108653,2000,25576,18448,0,399,2,10,372,2000,2000,0.0,81500,9.99999000001e-07,0.9999353187619254,0.4736842105263158,0.999000999000999,0.9987248860082056,0.8231546339397473,0.0009978844594260856,9.99999000001e-07,0.9998986995965914,0.005852894455196814,0.9876460796272595,0.9776655548246344,0.9999989935909861,0.9937258338079562,0.9464549893418924,0.9704176864490833,0.986522490117285,0.9999999745152524,0.9999961954523425,0.9999999999999
81600,9988808725572.0,872,24,200.0,7008,7006,118600704,109168239830.0,217462,14,26,5600,5003,1,0,516,172,2000,2000,0.0,81600,9.99999000001e-07,0.9999353899282569,0.4736842105263158,0.999000999000999,0.9987253036078299,0.016840772774529316,0.0009978831085212187,9.99999000001e-07,0.9998955216941366,0.001203695813376954,0.9974084196949026,0.9020271209896894,0.9999989794993669,0.9936591479324967,0.7174401385792968,0.9810051032576499,0.9923498503677741,0.9999999618444209,0.9999951310533822,0.9999999999999
81700,9988785209975.0,19927290,20,200.0,36,1317,118594584,109179307115.0,10,2000,54489,13,135,801,0,332,0,2000,1309,400.0,81700,9.99999000001e-07,0.9999362773293822,0.4736842105263158,0.999000999000999,0.9987239997968717,0.8981908524815643,0.000997881770169158,9.99999000001e-07,0.9998961308211534,0.011446756947676388,0.98746400099015,0.8576865278797909,0.999998999995,0.9937514028929633,0.9437164215537226,0.9866123756486465,0.5655228029801876,0.9999999874052354,0.9999949877587224,0.9999999999999
81800,9988781587332.0,10018063,23,200.0,15009,607,118581493,109190803192.0,218174,0,352,4376,4247,401,2,537,6,1704,2000,200.0,81800,9.99999000001e-07,0.9999359419627623,0.4736842105263158,0.999000999000999,0.99872599819111,0.04700903031552536,0.0009978814085931597,9.99999000001e-07,0.9999017470938756,0.0012109181472834166,0.930707189500795,0.9712198398770537,0.9999989723398065,0.9936967612948495,0.9063555095069897,0.9799330084872705,0.9587462390425721,0.9999999498960828,0.9999963302873017,0.9999999999999
81900,9988768263238.0,9967551,18,203.0,15000,79212,118764273,109202279058.0,109025,2000,1993,13083,19596,394,0,160,8,2000,2000,197.0,81900,9.99999000001e-07,0.9999360068175982,0.4736842105263158,0.999000999000999,0.9987239242480045,0.8239387217327171,0.0009978790702001269,9.99999000001e-07,0.9999012478323899,0.0059260911463113455,0.9543007028539645,0.9496327263587084,0.9999989936054698,0.9937482930891034,0.9379958342582737,0.9837315999709603,0.9754335487919803,0.9999999743856888,0.9999950064003889,0.9999999999999
82000,9988754504359.0,10055497,25,200.0,11030,315,118706909,109213256077.0,218816,0,8901,113,10,90,10,229,5,38,904,399.0,82000,9.99999000001e-07,0.9999360860545135,0.4736842105263158,0.999000999000999,0.9987239799404283,0.08670342126879886,0.0009978787004898849,9.99999000001e-07,0.9999022243758933,0.0012164774632331746,0.9396032295192801,0.9445109087825385,0.9999989908699972,0.9937257169759085,0.9691769320617544,0.9861187728905021,0.3453124988306225,0.9999999498957488,0.999994987737557,0.9999999999999
82100,9988730802717.0,19957714,20,201.0,9012,607,118580098,109224717189.0,26,2000,14221,701,22074,0,3,449,289,836,2000,0.0,82100,9.99999000001e-07,0.999936562491235,0.4736842105263158,0.999000999000999,0.9987257615345986,0.047084486527106534,0.0009978763402665725,9.99999000001e-07,0.9998931194239735,0.011556992761518455,0.977076453094739,0.9317483999995612,0.9999989868643929,0.9936706812147272,0.9420403683231594,0.9753328386453886,0.9825093893349499,0.9999999498960402,0.9999969215464183,0.9999999999999
82200,9988716952808.0,19967106,20,200.0,15012,649,118432909,109235872846.0,109020,2000,25,12933,29531,405,3,0,12,64,2000,202.0,82200,9.99999000001e-07,0.999936643175933,0.4736842105263158,0.999000999000999,0.9987254347905622,0.030062829647069172,0.000997874958025117,9.99999000001e-07,0.9999011365539485,0.011563661030167751,0.9699331360576655,0.9331627183163631,0.9999989997868546,0.9937495781387445,0.9454863905786973,0.9870779162307715,0.940693342943893,0.9999999498957473,0.9999950407359948,0.9999999999999
82300,9988713428891.0,10001539,20,200.0,12000,20,118388392,109246995351.0,218337,0,9000,0,0,4,0,329,6,2000,5,400.0,82300,9.99999000001e-07,0.9999363079589063,0.4736842105263158,0.999000999000999,0.9987236118167406,0.022658656647955747,0.0009978736082399864,9.99999000001e-07,0.9998962465853455,0.0012227621905238956,0.9948269505875389,0.9836788626144853,0.9999989867887383,0.9937080366649091,0.0,0.99146445875533,0.9502414166008706,0.999999983088628,0.9999949877896017,0.9999999999999
82400,9988700124648.0,9802,27,201.0,9,5051,118647776,109258854184.0,218664,9,0,338,335,114,150,143,0,100,2000,199.0,82400,9.99999000001e-07,0.9999359601963829,0.4736842105263158,0.999000999000999,0.9987254111827368,0.031834356203532733,0.0009978732776117257,9.99999000001e-07,0.9998995697064071,0.0012285364878848453,0.9924552370202907,0.9709057469488441,0.9999989998547789,0.9937411962134174,0.9461418724222725,0.966954924304634,0.9592446876492207,0.9999999498959184,0.9999950240350791,0.9999999999999
82500,9988686884108.0,10002127,20,201.0,9024,66,118558705,109270489459.0,11,2000,39000,14796,14056,0,0,0,0,158,2000,398.0,82500,9.99999000001e-07,0.9999364283136367,0.4736842105263158,0.999000999000999,0.9987261876410328,0.8236461755507093,0.000997870948563477,9.99999000001e-07,0.9998995790756535,0.006022283437448865,0.9879860845940537,0.9517412417953278,0.9999989729599879,0.9937457030594841,0.2265983275263792,0.9081448178629234,0.5412953131117465,0.9999999498960003,0.9999963821578255,0.9999999999999
82600,9988673029384.0,33183,23,200.0,16000,619,118670962,109281671011.0,13,0,26,21012,2523,636,84,83,1,0,353,200.0,82600,9.99999000001e-07,0.9999361005947582,0.4736842105263158,0.999000999000999,0.998725625869478,0.0006575056764540095,0.0009978705711722812,9.99999000001e-07,0.999900019016383,0.0012355770256600495,0.03567625079434091,0.9808506928763815,0.999998999997,0.9937457972699036,0.9692643395461539,0.9752325293963533,0.9372270103588453,0.9999999498960997,0.9999949877423949,0.9999999999999
82700,9988659031405.0,9990109,19,200.0,10013,2194,118778962,109292776683.0,109575,4,22412,637,0,2,0,12,186,2000,0,0.0,82700,9.99999000001e-07,0.9999365959692809,0.4736842105263158,0.999000999000999,0.9987230396714653,0.02622700911868954,0.0009978691660152122,9.99999000001e-07,0.9998987862753784,0.0012326428655360373,0.9758075576551616,0.9882987672946211,0.9999989999973999,0.9937312665840424,0.09031054141034522,0.9876196962275783,0.9293343824538046,0.9999999530353243,0.9999949877129805,0.9999999999999
82800,9988644903601.0,9911163,16,201.0,16000,38284,118748044,109303614716.0,219461,2000,0,0,1,36,206,222,0,432,1316,199.0,82800,9.99999000001e-07,0.9999366849115868,0.4736842105263158,0.999000999000999,0.9987237072306415,0.8240767945951676,0.000997866759029919,9.99999000001e-07,0.999902659422451,0.005976434571035773,0.983219231792216,0.985777625790836,0.9999989999962,0.9937391558178817,0.9486698943245473,0.9818200204990282,0.8669273957187332,0.9999999498959049,0.9999949877423862,0.9999999999999
82900,9988630647302.0,9941051,23,200.0,11009,45620,118569475,109314728169.0,109527,2000,32342,40,13166,399,15,36,2,2000,0,200.0,82900,9.99999000001e-07,0.999936780040472,0.4736842105263158,0.999000999000999,0.9987241004809492,0.8240039450651468,0.000997866344680589,9.99999000001e-07,0.9998969907707851,0.006001586022428307,0.9752701302305613,0.9941728327001141,0.9999989985508029,0.9937496341720782,0.9487861781411354,0.9892802328339052,0.9013591827676742,0.9999999560361809,0.9999949877446542,0.9999999999999
83000,9988616845456.0,27267,21,200.0,13010,0,118607321,109325858242.0,109688,1,586,26920,0,5,0,349,0,2000,2000,198.0,83000,9.99999000001e-07,0.9999364636329421,0.4736842105263158,0.999000999000999,0.9987245911064692,0.04531012738547041,0.0009978639584589815,9.99999000001e-07,0.9998960329608784,0.001224490437750548,0.4462447521220967,0.9927329224859013,0.9999989741480171,0.9936847019998089,0.9307897954102593,0.9868309952801086,0.9628122339989922,0.9999999836039181,0.9999960197420156,0.9999999999999
83100,9988602703929.0,9930643,18,200.0,21,41120,118692735,109337061138.0,3,2000,11600,0,0,116,0,142,0,82,1294,0.0,83100,9.99999000001e-07,0.9999369480298518,0.4736842105263158,0.999000999000999,0.9987243859553583,0.8239162994086233,0.000997862564924663,9.99999000001e-07,0.999900075592814,0.005940030595097179,0.9638814944293584,0.9777803683257376,0.9999989999955999,0.9937346592390347,0.5571449304171748,0.9588609691274548,0.8726831655783327,0.9999999498959713,0.9999949877438985,0.9999999999999
83200,9988578886409.0,19925273,22,200.0,9,33153,118671338,109347906460.0,109394,2000,423,13358,20142,404,170,333,5,0,360,199.0,83200,9.99999000001e-07,0.9999374279177042,0.4736842105263158,0.999000999000999,0.9987240123457226,0.8236236962028357,0.000997862158727935,9.99999000001e-07,0.9998996122220914,0.005966083375554714,0.9776793955205955,0.9885607342781535,0.9999989999943,0.9937510042623374,0.9463756471359641,0.9813589643162123,0.8509635156121369,0.9999999498958352,0.9999949877347164,0.9999999999999
83300,9988574894365.0,10022299,20,200.0,24,305,118654404,109358894848.0,20,0,3,475,458,0,0,0,0,0,1088,201.0,83300,9.99999000001e-07,0.9999371159542809,0.4736842105263158,0.999000999000999,0.9987245007913026,0.13072977104422356,0.0009978597803563174,9.99999000001e-07,0.999900019716112,0.0012195808104802468,0.048520309863582876,0.9773191890109738,0.9999989999984,0.9937330164796445,0.9533810762006468,0.9437613684758287,0.9884403287037193,0.999999949896139,0.999994987749663,0.9999999999999
83400,9988560487361.0,9969967,21,200.0,9,20047,118610491,109369889200.0,109034,0,5,25411,38125,406,0,492,10,112,1932,199.0,83400,9.99999000001e-07,0.9999372208788875,0.4736842105263158,0.999000999000999,0.9987258802114741,0.8236994702275067,0.0009978593290651178,9.99999000001e-07,0.9999009883638554,0.0012131943144982804,0.015746439381533688,0.9882697281651663,0.9999989999972,0.9937459209915245,0.9442796979923304,0.9768131004254222,0.949797948517906,0.9999999498961072,0.9999949877563531,0.9999999999999
83500,9988546528582.0,9974620,22,200.0,24005,467,118522935,109380795752.0,219546,0,421,3,5705,1,0,0,10,10,2000,200.0,83500,9.99999000001e-07,0.9999372995018333,0.4736842105263158,0.999000999000999,0.9987268734826332,0.8233162457728538,0.0009978579495955753,9.99999000001e-07,0.9999021683887476,0.0012129753688136624,0.5517148735421571,0.9235296171879178,0.999998979704798,0.993758628249109,0.9504739532438883,0.7780505007815137,0.9746265537223535,0.9999999498961908,0.9999951008921182,0.9999999999999
83600,9988532883672.0,121,17,200.0,8,54,118538027,109392100716.0,109141,2000,43859,6247,6,8,0,603,12,2000,0,200.0,83600,9.99999000001e-07,0.9999369767214603,0.4736842105263158,0.999000999000999,0.9987266156353931,0.015229374778572646,0.0009978565878588862,9.99999000001e-07,0.9998901714423785,0.005930074223272822,0.991097459172961,0.9488922538633958,0.9999989999962999,0.9936162931812299,0.28378338761710686,0.9820580207323579,0.9255754536098215,0.9999999910435965,0.9999949877493951,0.9999999999999
83700,9988519189098.0,9900479,16,200.0,20000,6701,118469606,109403533765.0,109628,0,29931,2,2,662,3,549,0,826,2000,201.0,83700,9.99999000001e-07,0.9999374404513252,0.4736842105263158,0.999000999000999,0.9987262803968157,0.8224706181220321,0.0009978552211373567,9.99999000001e-07,0.9999005802039875,0.0012169622547349495,0.984886196126273,0.9646074096361598,0.9999989914205186,0.9937489959687064,0.9239848326250742,0.9843092301388635,0.19475034218499798,0.9999999498959943,0.9999966441371105,0.9999999999999
83800,9988505417854.0,9992602,17,200.0,11017,11308,118542152,109414391612.0,218953,20,76,10309,9901,800,3,663,0,20,2000,0.0,83800,9.99999000001e-07,0.9999375244041392,0.4736842105263158,0.999000999000999,0.998725112606066,0.10082894174323358,0.0009978538349444403,9.99999000001e-07,0.9999015360184198,0.001215494561601626,0.9801512352768438,0.9601763680574276,0.9999989903982839,0.9937459309795277,0.9393426014789252,0.9816530370877284,0.3819047567050498,0.9999999498959816,0.9999965992320825,0.9999999999999
83900,9988491691712.0,625,19,200.0,10028,27964,118742478,109425825346.0,218488,2000,822,9844,0,305,52,170,0,2000,320,200.0,83900,9.99999000001e-07,0.9999372019017055,0.4736842105263158,0.999000999000999,0.998724654876672,0.8237459176248226,0.0009978524768532537,9.99999000001e-07,0.9998996298952758,0.005947297431404634,0.9654913302725148,0.9725075535584743,0.9999989967830847,0.9937437759750618,0.9462635980118018,0.9559004667555019,0.8835114089035123,0.9999999778987961,0.999994987723353,0.9999999999999
84000,9988467968330.0,19997335,15,200.0,9017,9362,118519091,109436940808.0,108752,18,112,5751,5581,1,2,187,5,54,1865,200.0,84000,9.99999000001e-07,0.9999380576327926,0.4736842105263158,0.999000999000999,0.9987243528856504,0.06831647674955137,0.000997851096292573,9.99999000001e-07,0.9999012045145586,0.0012187113946510186,0.9433442951353995,0.9709463280077887,0.9999989999935,0.9937344845249784,0.9147684113530441,0.9886733157355696,0.933337880417699,0.9999999498956161,0.9999949877672176,0.9999999999999
84100,9988464602422.0,9988801,21,201.0,15,324,118341765,109448447178.0,109494,0,0,1,164,7,0,0,6,132,2000,400.0,84100,9.99999000001e-07,0.9999377310805438,0.4736842105263158,0.999000999000999,0.998723969310608,0.06254252687187146,0.0009978497614882358,9.99999000001e-07,0.9998974042348043,0.0012234299433258877,0.9971643279016074,0.9902309762076397,0.9999989773351912,0.9936835237278056,0.22894649381848767,0.9895489423305875,0.9778203802872627,0.9999999498954766,0.9999954792052248,0.9999999999999
84200,9988451074574.0,9960449,18,200.0,12026,41994,118684091,109459772883.0,22,2000,917,10608,10303,0,0,4,0,0,1980,200.0,84200,9.99999000001e-07,0.999937795894472,0.4736842105263158,0.999000999000999,0.9987233435451742,0.8242086396307929,0.0009978474144985362,9.99999000001e-07,0.9999000133882073,0.005988930651439499,0.9243443702017357,0.9717342236869067,0.9999989998373735,0.9937283586772201,0.9032846627035829,0.9868208842503318,0.8755293687160678,0.9999999498956295,0.9999949877608291,0.9999999999999
84300,9988437279861.0,9836093,20,200.0,10000,92760,118622510,109470720957.0,218991,2000,13000,14,3174,708,17,29,3,2000,144,200.0,84300,9.99999000001e-07,0.9999378732775783,0.4736842105263158,0.999000999000999,0.9987262368917056,0.8236388128649502,0.0009978460369510197,9.99999000001e-07,0.9999022654000653,0.005989556426519145,0.985895466900953,0.9638347602958783,0.9999989988771406,0.9937318813982092,0.967362784787139,0.9663130615029467,0.9843478067853959,0.9999999861334669,0.999994987754539,0.9999999999999
84400,9988423287712.0,9998318,23,200.0,8007,8306,118767644,109482124085.0,19,16,2436,25766,0,1,2,480,1,2000,1916,400.0,84400,9.99999000001e-07,0.9999379560919035,0.4736842105263158,0.999000999000999,0.9987252126200205,0.03271214848627558,0.0009978456398481023,9.99999000001e-07,0.9998909531458382,0.0012258627055313134,0.9490167097736872,0.9697669023969057,0.9999989995991394,0.9936351919135452,0.9205493479385235,0.9782876898169705,0.9664664037461803,0.9999999870162761,0.9999949877436636,0.9999999999999
84500,9988409644037.0,9940373,21,200.0,13044,50393,118504561,109493341185.0,109772,2000,2589,7380,6937,1,0,235,267,2000,44,399.0,84500,9.99999000001e-07,0.9999380190800936,0.4736842105263158,0.999000999000999,0.9987243837495593,0.82413831825368,0.0009978432964804444,9.99999000001e-07,0.9998980981237623,0.006028878523157393,0.9685453487628635,0.9397365124112508,0.9999989907532816,0.9936959196542575,0.7604572745234316,0.9898088704210911,0.9331169895684842,0.9999999791230714,0.9999949877550985,0.9999999999999
84600,9988395553035.0,10004831,21,200.0,13000,293,118642228,109504283600.0,219008,2000,63100,0,0,634,85,442,5,2000,747,0.0,84600,9.99999000001e-07,0.999938112181038,0.4736842105263158,0.999000999000999,0.9987264188366834,0.03206176492878241,0.0009978418737102014,9.99999000001e-07,0.9998970082970116,0.005975502416338567,0.987882970884492,0.9736042202539752,0.9999990000006,0.993756557948922,0.9692493544139112,0.9804026235223345,0.4172188826808452,0.9999999862088582,0.9999949877449479,0.9999999999999
84700,9988381182898.0,20400,24,200.0,10014,298,118291908,109515342573.0,109381,0,10,13286,27899,401,202,8,2,2000,2000,200.0,84700,9.99999000001e-07,0.9999378219476182,0.4736842105263158,0.999000999000999,0.9987243513468096,0.021956218204279343,0.0009978414459382782,9.99999000001e-07,0.9998969072483792,0.0012200779875692499,0.9390469432612895,0.9947587598074187,0.9999989796267168,0.9937476235854379,0.949246389100864,0.9908517080507286,0.9272560181537309,0.9999999746682918,0.9999955936202063,0.9999999999999
84800,9988367344170.0,1099,21,200.0,21,588,118566386,109526397173.0,109350,0,56303,13449,3972,400,4,493,236,2000,1992,200.0,84800,9.99999000001e-07,0.9999379034457759,0.4736842105263158,0.999000999000999,0.9987227015147543,0.06533867643843275,0.0009978390585372089,9.99999000001e-07,0.9998964969496098,0.0012183533745881501,0.9874308538273442,0.9947657315774749,0.999998980082542,0.993744627758708,0.861580543809729,0.9918341702651257,0.9810571404253475,0.9999999872689247,0.9999949877750854,0.9999999999999
84900,9988353131887.0,93,16,200.0,16016,53748,118623197,109537319787.0,219129,0,30959,1484,1482,385,9,125,5,2000,528,200.0,84900,9.99999000001e-07,0.9999379952761019,0.4736842105263158,0.999000999000999,0.9987237310927725,0.8239808056086593,0.0009978376396525877,9.99999000001e-07,0.9999021720925937,0.0012142817609194596,0.9721236710440952,0.995028061400188,0.9999989999991,0.993731988707306,0.9462415901731054,0.988600687774203,0.7922557932953971,0.9999999713244068,0.9999949877445152,0.9999999999999
85000,9988329139268.0,19815629,21,200.0,9,16510,118508084,109548332402.0,22,1,1,25933,0,788,6,0,0,72,0,200.0,85000,9.99999000001e-07,0.9999388354046604,0.4736842105263158,0.999000999000999,0.9987243800277504,0.8978751951362335,0.0009978372225184992,9.99999000001e-07,0.9999000801357312,0.0012109336259484183,0.8570345402616858,0.993995025977754,0.9999989999944,0.9937337365140346,0.9461299926469999,0.9878462525560576,0.6294439277543858,0.999999949895745,0.9999949877539083,0.9999999999999
85100,9988324991628.0,28044,27,200.0,15,50307,118626249,109559221252.0,108833,2000,78,18,8630,75,172,164,2,1980,652,201.0,85100,9.99999000001e-07,0.999938168015754,0.4736842105263158,0.999000999000999,0.9987231755134924,0.8233978634670195,0.0009978348318581238,9.99999000001e-07,0.9999010989195749,0.005843811909102665,0.2635963386257177,0.9887711487786908,0.9999989999962,0.9937329212066732,0.94646464288923,0.9891304946245201,0.9423314210459809,0.9999999498957365,0.9999949877459249,0.9999999999999
85200,9988310688006.0,9902430,19,200.0,9027,74049,118626160,109570157496.0,29,0,7,86,0,2,0,166,14,88,644,400.0,85200,9.99999000001e-07,0.9999386319155995,0.4736842105263158,0.999000999000999,0.9987251389780821,0.8239169237228597,0.000997834412600677,9.99999000001e-07,0.9998999392931691,0.001205251258067781,0.4905261265091146,0.9867636168521966,0.9999989935123821,0.993732323046941,0.7404072992016093,0.9860198549525558,0.9819113976901208,0.9999999498959423,0.9999949877458176,0.9999999999999
85300,9988296471402.0,10008986,20,200.0,9023,9584,118702174,109581077956.0,109849,1,0,0,8,0,0,0,0,0,79,200.0,85300,9.99999000001e-07,0.9999387250076555,0.4736842105263158,0.999000999000999,0.9987243105223627,0.059569421897236796,0.0009978329938245256,9.99999000001e-07,0.9999016036828561,0.0012004514611363161,0.9807194123266001,0.9828363517794292,0.9999990000007,0.9937518893033687,0.9466114774056638,0.9757884104714126,0.9280455511308944,0.999999949896054,0.9999949877425477,0.9999999999999
85400,9988282248629.0,622,21,200.0,10000,21948,118622033,109591849540.0,11,0,0,13,315,0,161,184,0,56,187,400.0,85400,9.99999000001e-07,0.9999384386348303,0.4736842105263158,0.999000999000999,0.998725899153468,0.8233445763729313,0.0009978315742689287,9.99999000001e-07,0.9998996625752744,0.0011959089400692343,0.038457684298742016,0.9510444738806665,0.9999990000005,0.9937287643989066,0.9692166757733365,0.9751596392660891,0.9515696401499506,0.9999999498961137,0.9999949877545457,0.9999999999999
85500,9988268488589.0,10006057,19,200.0,6000,14,118612226,109603373428.0,109827,0,23400,8434,8354,803,2,881,6,164,2000,0.0,85500,9.99999000001e-07,0.9999388916375804,0.4736842105263158,0.999000999000999,0.9987255063621605,0.025654131881701934,0.0009978301905262496,9.99999000001e-07,0.9999005478520474,0.0011957065611937429,0.9875753254918651,0.9916940110163089,0.9999989850543158,0.9937178232703741,0.8045621348368857,0.9871777485039357,0.924128609876895,0.9999999498958893,0.999997108114654,0.9999999999999
85600,9988254369815.0,9925181,22,200.0,25,312,118355984,109614167318.0,218928,2000,1091,30,0,302,53,49,322,152,2000,200.0,85600,9.99999000001e-07,0.9999389698790703,0.4736842105263158,0.999000999000999,0.9987263996110965,0.01113991131311365,0.000997827801599176,9.99999000001e-07,0.9998991125638453,0.0058219882093229125,0.9137747313734118,0.9828729645237592,0.9999989671701609,0.993759219949473,0.9461468369180388,0.9630537353821185,0.9720804172945685,0.9999999498962016,0.9999968418689704,0.9999999999999
85700,9988240707807.0,9995999,25,200.0,6010,291,118711029,109625502308.0,109651,2000,46475,13363,14929,374,0,267,7,2000,1064,0.0,85700,9.99999000001e-07,0.9999390405729274,0.4736842105263158,0.999000999000999,0.9987252376640715,0.03028184285264318,0.000997827428582904,9.99999000001e-07,0.9998994644370024,0.00583371335229553,0.9884062236694781,0.983140937074346,0.9999989999985,0.9937125651672132,0.22923260731831316,0.9847834710526601,0.9644135335059006,0.9999999807095503,0.9999949877393505,0.9999999999999
85800,9988217122570.0,19940248,21,202.0,23001,27179,118737600,109636487532.0,218932,2000,3,0,0,0,170,0,0,1990,968,400.0,85800,9.99999000001e-07,0.9999394782730093,0.4736842105263158,0.999000999000999,0.9987248104623764,0.8982025312164253,0.0009978240662912227,9.99999000001e-07,0.9999024582948247,0.011337353544852477,0.9696877851876033,0.9183963893835084,0.9999989999979,0.9937620706193778,0.9692132761445026,0.9577442482283081,0.9749376212291019,0.9999999498961355,0.9999949877408261,0.9999999999999
85900,9988213517924.0,9995155,17,200.0,8026,294,118541461,109647786009.0,218626,2000,3,585,17956,1,0,4,6,4,1332,401.0,85900,9.99999000001e-07,0.9999391758144645,0.4736842105263158,0.999000999000999,0.9987254704533887,0.04370654608507645,0.0009978237059110923,9.99999000001e-07,0.9999018124537352,0.005853530131171165,0.9809114363614534,0.9399417132170025,0.9999989999910999,0.9937515921828813,0.8998050700072912,0.9745875412373821,0.9601162929675472,0.9999999498959603,0.9999949877667006,0.9999999999999
86000,9988199948045.0,9963221,17,200.0,25008,3543,118645204,109659261678.0,219066,2000,7728,3919,3685,1,0,102,8,2000,222,0.0,86000,9.99999000001e-07,0.999939234301016,0.4736842105263158,0.999000999000999,0.9987244603097283,0.8231402667264254,0.0009978233607650145,9.99999000001e-07,0.9999009797656112,0.005901556434704769,0.9501610751914149,0.9404599192779777,0.9999989999935,0.9937182965307083,0.7234658157763839,0.9870866820978561,0.9756303745712412,0.9999999688206621,0.9999949877365764,0.9999999999999
86100,9988186056758.0,9951583,19,200.0,14,22481,118569651,109670461681.0,219202,2000,6,211,209,391,6,6,0,6,663,0.0,86100,9.99999000001e-07,0.9999393097538201,0.4736842105263158,0.999000999000999,0.9987242984253548,0.8234057561556789,0.0009978219742937664,9.99999000001e-07,0.9999021477109659,0.005873378808126473,0.08171809747312599,0.9876871309437303,0.999998993584909,0.9937330352651859,0.9462411943422022,0.9850108279212499,0.7970480297287726,0.9999999498959165,0.9999949877623715,0.9999999999999
86200,9988172585547.0,10014688,24,201.0,14,308,118599305,109681825930.0,12,2000,5,1030,23232,52,12,50,5,2000,428,400.0,86200,9.99999000001e-07,0.9999393721676086,0.4736842105263158,0.999000999000999,0.9987252498419634,0.028791580157705284,0.0009978196304625236,9.99999000001e-07,0.9998977137174702,0.005909179366159877,0.9594755088906101,0.8924070490793505,0.9999989999951999,0.9937427019653695,0.7726450070952325,0.9836147643690438,0.9307506490858676,0.9999999520034808,0.9999949877579296,0.9999999999999
86300,9988158766693.0,9985497,22,200.0,22024,53642,118662807,109693068697.0,109717,2000,18887,34,33,502,150,0,0,1798,887,200.0,86300,9.99999000001e-07,0.9999394481853426,0.4736842105263158,0.999000999000999,0.998725056613629,0.8237882464450533,0.0009978182422930588,9.99999000001e-07,0.9999012891635244,0.005911858189854625,0.9802951293774859,0.9727069997380863,0.9999989910487866,0.9937352694036826,0.9692249059308623,0.9810375206330054,0.9014172274483553,0.9999999498961303,0.9999949877439557,0.9999999999999
86400,9988144795423.0,10018873,22,200.0,20,39154,118593265,109704210781.0,109473,0,0,0,0,770,15,15,0,0,0,200.0,86400,9.99999000001e-07,0.9999395234875973,0.4736842105263158,0.999000999000999,0.9987263007201553,0.8234651695383756,0.000997817856469077,9.99999000001e-07,0.9999018528513169,0.0012059515462528754,0.9871303609834028,0.9859845082102201,0.9999989993936326,0.9937421597338216,0.9692172794882037,0.9741118459949354,0.9701475583872611,0.9999999498961984,0.9999949877589381,0.9999999999999
86500,9988130830820.0,22628,17,200.0,11023,1,118628560,109715136753.0,220141,2000,1,24966,0,754,23,0,0,0,0,0.0,86500,9.99999000001e-07,0.9999392387291096,0.4736842105263158,0.999000999000999,0.9987257937038012,0.04400546587863877,0.0009978154541641817,9.99999000001e-07,0.9999027353352606,0.005868723439741582,0.9832575165241254,0.9690888267143358,0.9999989999914999,0.9937375901140131,0.9692155679096842,0.9075794751606403,0.36226192331663054,0.9999999498961923,0.9999949877357373,0.9999999999999
86600,9988116673363.0,1169,26,200.0,11009,10999,118484028,109726342159.0,20,2000,30636,1188,1140,4,0,104,214,2000,408,0.0,86600,9.99999000001e-07,0.9999393194420937,0.4736842105263158,0.999000999000999,0.9987279688328665,0.025815180314986304,0.0009978150497093339,9.99999000001e-07,0.9998868990152976,0.005862005708552517,0.9915936730204268,0.9617868493570216,0.9999990000003,0.9935795685998912,0.16553788542041,0.9847302382198144,0.9478590096926186,0.9999999905993119,0.99999498777198,0.9999999999999
86700,9988102661532.0,9853788,20,200.0,21013,175,118424329,109737596974.0,109570,2000,53418,4194,0,2,2,777,128,832,2000,0.0,86700,9.99999000001e-07,0.9999397590791842,0.4736842105263158,0.999000999000999,0.9987271887504326,0.8216706964120865,0.0009978126681116394,9.99999000001e-07,0.9999010111512918,0.005780094900001891,0.9899988868722154,0.9139883919740734,0.9999989642032797,0.9937316723215901,0.7184762165391952,0.9828594012824261,0.9742474158044161,0.9999999498961629,0.9999970942930488,0.9999999999999
86800,9988089066671.0,9963514,19,200.0,14,512,118426981,109748546190.0,109942,0,702,22503,31,403,0,601,239,2000,2000,0.0,86800,9.99999000001e-07,0.9999398323390584,0.4736842105263158,0.999000999000999,0.9987241108975119,0.8230366999262828,0.0009978112861480524,9.99999000001e-07,0.9998900983202408,0.001200275586812502,0.9854506346124255,0.9725605652366809,0.9999989962198644,0.9936745601793415,0.16557284867226374,0.9899320632665151,0.9841811598293752,0.9999999890497699,0.9999957802441739,0.9999999999999
86900,9988075417394.0,1188,23,201.0,23010,18589,118680176,109759828484.0,109770,0,2600,5,67,26,199,19,1,2000,2000,199.0,86900,9.99999000001e-07,0.9999395352140836,0.4736842105263158,0.999000999000999,0.9987250697239113,0.8233476080335694,0.0009978099240863852,9.99999000001e-07,0.9999011074091219,0.0012020315442895278,0.9673415223729369,0.9219757848148384,0.9999989959678067,0.9937492882263882,0.9464096624681375,0.9804978889438603,0.9443932056311695,0.9999999552133095,0.999995824033066,0.9999999999999
87000,9988061524852.0,9893318,19,200.0,20000,8103,118597272,109771000533.0,11,2000,0,21966,4,662,74,452,0,2000,0,200.0,87000,9.99999000001e-07,0.9999399647217095,0.4736842105263158,0.999000999000999,0.9987258926500533,0.8222648394557083,0.0009978085586761069,9.99999000001e-07,0.9999003624614378,0.005895051709831652,0.9716276223257307,0.9565298919883475,0.9999989999925,0.9937270828907857,0.9692696586754267,0.9812228412215702,0.5827767087080415,0.9999999864373456,0.9999949877404608,0.9999999999999
87100,9988037580264.0,19880273,21,200.0,10000,27689,118530878,109781894643.0,109824,2000,502,1,90,378,11,158,377,2000,1,0.0,87100,9.99999000001e-07,0.9999404015534614,0.4736842105263158,0.999000999000999,0.9987234514867596,0.8981148736483504,0.0009978071563142763,9.99999000001e-07,0.9999012128103276,0.005863016167246849,0.9756012029445529,0.9788287760542794,0.9999989999916999,0.9937472272569043,0.9461490603672164,0.9905440589950034,0.9798251550681029,0.9999999742677518,0.9999949877682809,0.9999999999999
87200,9988034075595.0,11125,23,200.0,5000,0,118342046,109792977740.0,219644,0,176,951,730,814,199,0,0,0,388,199.0,87200,9.99999000001e-07,0.9999397442828952,0.4736842105263158,0.999000999000999,0.9987232313869738,0.009816111147936669,0.000997806806531155,9.99999000001e-07,0.9999020717984113,0.0012054995865621414,0.8896209730712513,0.7727913459829613,0.9999989999937,0.9937038788951301,0.9771217381418624,0.991232951052729,0.805036645032177,0.9999999498953657,0.9999949877965604,0.9999999999999
87300,9988020708847.0,16889,26,200.0,8009,8565,118637156,109804686683.0,219438,17,484,10539,10153,800,1,0,9,86,1720,200.0,87300,9.99999000001e-07,0.9999398043977735,0.4736842105263158,0.999000999000999,0.9987239680863585,0.01559986588912808,0.0009978044635861694,9.99999000001e-07,0.9999021599463758,0.001209330639805981,0.5367688226959085,0.9646191002544576,0.9999989999988,0.9937330518763544,0.8681449249773932,0.9857756272151822,0.9361096606773219,0.9999999498957728,0.9999949877627707,0.9999999999999
87400,9988006724996.0,9950946,24,200.0,10008,33426,118571004,109815705054.0,219235,0,56,21801,0,658,0,71,5,12,533,0.0,87400,9.99999000001e-07,0.9999402403780119,0.4736842105263158,0.999000999000999,0.9987253528038165,0.8234058683211518,0.0009978040616094599,9.99999000001e-07,0.9998949009956869,0.0012071486501905784,0.9287778952106113,0.9730882475469725,0.9999989946423485,0.9937600509651472,0.9641656051385471,0.9784728686090395,0.6017177133728887,0.9999999498960107,0.9999949877622756,0.9999999999999
87500,9987992555362.0,9989488,28,200.0,20000,0,118496118,109826880521.0,110049,0,7154,7724,1,4,0,143,6,2000,390,0.0,87500,9.99999000001e-07,0.9999403197409507,0.4736842105263158,0.999000999000999,0.9987234532136654,0.009564112953218224,0.000997802662817482,9.99999000001e-07,0.9998991620670283,0.001205023866680021,0.9677482803144277,0.9843798932604584,0.999998996084025,0.9936842265175777,0.7911270175489608,0.9905505961234022,0.8788984702741934,0.9999999730282157,0.9999949877735197,0.9999999999999
87600,9987978563241.0,9983642,22,200.0,11009,11318,118514032,109837846518.0,110456,0,7234,1574,0,803,2,829,213,2000,7,400.0,87600,9.99999000001e-07,0.9999403962414003,0.4736842105263158,0.999000999000999,0.9987245847451601,0.05481883988998262,0.0009978012663405735,9.99999000001e-07,0.9998865046028058,0.0012034023213941408,0.9912323597434138,0.9265209724073581,0.9999989999217939,0.9936941687195691,0.4502004404872664,0.9893570691772381,0.9691446471805558,0.9999999915234846,0.9999949877564279,0.9999999999999
87700,9987965043894.0,589,21,200.0,37,53971,118690504,109849301046.0,110326,2000,60,459,440,0,0,0,0,0,973,200.0,87700,9.99999000001e-07,0.9999401043623866,0.4736842105263158,0.999000999000999,0.9987251124575656,0.823206011360343,0.000997798909010911,9.99999000001e-07,0.9999011013061847,0.005875867890132162,0.2897436622935188,0.9567916375436499,0.9999989999933999,0.9937330649639095,0.9655363700647853,0.9459767719076023,0.900645414470522,0.9999999498961097,0.9999949877443682,0.9999999999999
87800,9987941007431.0,19789052,17,200.0,8019,106926,118750843,109860287860.0,219472,2000,48,0,455,12,223,87,0,1440,345,399.0,87800,9.99999000001e-07,0.9999408899616594,0.4736842105263158,0.999000999000999,0.9987246924318802,0.8984489002175969,0.0009977984841624083,9.99999000001e-07,0.9999009957647969,0.011303331470241552,0.917629319258466,0.47001184448109556,0.9999989965846753,0.993718453698331,0.9691517020919598,0.9461086315797421,0.9840999137774828,0.9999999498961045,0.9999949877248896,0.9999999999999
87900,9987936723479.0,618,23,200.0,10003,0,118564140,109871359176.0,110056,19,715,13243,13005,400,1,330,0,10,1304,0.0,87900,9.99999000001e-07,0.9999402665273383,0.4736842105263158,0.999000999000999,0.998724682970935,0.0014180384644973303,0.000997797090760243,9.99999000001e-07,0.999901390103708,0.0011996648286801146,0.9724516192051572,0.9818695777317545,0.9999989999977,0.9937500953429564,0.9214892759746521,0.9884623015754669,0.5723205394578661,0.9999999498956135,0.9999949877602884,0.9999999999999
88000,9987922447450.0,16248,19,200.0,8000,0,118502467,109882527322.0,109537,0,9,20512,20462,227,90,439,0,58,1945,0.0,88000,9.99999000001e-07,0.9999403540941708,0.4736842105263158,0.999000999000999,0.998724949403073,0.02391618435747923,0.0009977956643742944,9.99999000001e-07,0.9998987363306704,0.0011942522220395482,0.23603382565992106,0.9942456071342741,0.9999989822889787,0.9936906314473932,0.9462048729194406,0.9889997850432228,0.9325126215631182,0.9999999498957238,0.999994987770148,0.9999999999999
88100,9987908401796.0,637,21,200.0,11000,10989,118457534,109893531615.0,109305,21,285,234,0,218,92,109,214,2000,1863,200.0,88100,9.99999000001e-07,0.9999404324251507,0.4736842105263158,0.999000999000999,0.9987263480177221,0.025471076176364512,0.0009977942642263034,9.99999000001e-07,0.9999004130567645,0.0011920967930766355,0.9880581845791638,0.9936524260643402,0.9999989810148806,0.9937418729260222,0.9461563972140605,0.986538586740364,0.9583271274800554,0.9999999697391971,0.9999949877759818,0.9999999999999
88200,9987894480279.0,10026480,24,200.0,8028,8302,118741059,109904913746.0,8,15,756,22,4373,403,4,703,1,184,2000,200.0,88200,9.99999000001e-07,0.999940859298799,0.4736842105263158,0.999000999000999,0.9987241536881316,0.05434281952363159,0.000997792874883014,9.99999000001e-07,0.9998953291907419,0.0011907300873063116,0.9752079775177219,0.9944700862030391,0.9999989924194679,0.993677143475217,0.7020156477673299,0.9832527725117715,0.9719295611305839,0.9999999498959711,0.9999963546126861,0.9999999999999
88300,9987880553095.0,9955109,24,200.0,7008,1039,118334288,109915241172.0,218448,2000,422,10566,2,6,0,495,493,2000,1964,0.0,88300,9.99999000001e-07,0.9999409309876603,0.4736842105263158,0.999000999000999,0.9987239291263798,0.8230191274032626,0.0009977914849193606,9.99999000001e-07,0.9999021035978886,0.005792849400966126,0.9735388818610493,0.987973015171476,0.9999989999968,0.9937441443498151,0.8501894861076493,0.9914693666897899,0.9825508767408166,0.9999999873010792,0.9999949877977452,0.9999999999999
88400,9987866735304.0,22436,22,200.0,17,11876,118656378,109926246196.0,219436,23,0,0,0,960,9,120,0,2000,468,400.0,88400,9.99999000001e-07,0.9999406561228074,0.4736842105263158,0.999000999000999,0.9987254999022223,0.05691478617565267,0.0009977890978600688,9.99999000001e-07,0.9999011436688946,0.0011879308821406548,0.9744268580360941,0.9721056480165862,0.999998995297187,0.9937371372295174,0.8920819164923811,0.9508503895988099,0.9394549385005165,0.9999999894644103,0.9999949877386034,0.9999999999999
88500,9987852514280.0,9966711,18,201.0,10013,48078,118675510,109937358168.0,220861,2000,2,29,448,0,3,0,0,36,2000,400.0,88500,9.99999000001e-07,0.9999410874000392,0.4736842105263158,0.999000999000999,0.99872502279635,0.8235164923215689,0.0009977876777427692,9.99999000001e-07,0.9999024364639423,0.005769619464790436,0.9641356847225149,0.9792846476011536,0.9999989758231795,0.9937618096821101,0.9692095539020701,0.9459272903853224,0.361046525047451,0.9999999498960852,0.999995759764545,0.9999999999999
88600,9987838220485.0,9925753,22,201.0,19007,53959,118616452,109948474614.0,110049,2000,11174,10419,1952,1,69,161,3,836,0,199.0,88600,9.99999000001e-07,0.9999411671471384,0.4736842105263158,0.999000999000999,0.9987253705007695,0.8235308180963049,0.0009977872601145267,9.99999000001e-07,0.9999007248968755,0.005762154236500197,0.9767005854440393,0.9878877343844715,0.9999989937179826,0.9937412387220784,0.9459015079344042,0.9751350430292949,0.8993238032297963,0.9999999498961604,0.9999949877432958,0.9999999999999
88700,9987824309079.0,9989463,24,201.0,19000,19263,118517905,109959392538.0,110361,0,986,26337,52232,798,205,324,0,2000,2000,201.0,88700,9.99999000001e-07,0.9999412454711121,0.4736842105263158,0.999000999000999,0.9987250980454696,0.074148720813859,0.0009977858599755937,9.99999000001e-07,0.9999011973400348,0.001177085278600815,0.8982520879237855,0.986481309204535,0.999998997506297,0.993734073718426,0.9673518154557226,0.9797417804800269,0.3597139434188343,0.9999999757649838,0.9999950450311362,0.9999999999999
88800,9987810176647.0,39104,21,200.0,19022,1,118688436,109970454516.0,20,0,12585,76,4988,250,80,233,3,866,1435,200.0,88800,9.99999000001e-07,0.9999409763018542,0.4736842105263158,0.999000999000999,0.9987258802739347,0.03992138322855877,0.0009977844613020279,9.99999000001e-07,0.9998961772893219,0.0011754064432077825,0.9614426111622807,0.9810624721926321,0.9999989859499306,0.993721577816252,0.9463526460205814,0.9623514027522665,0.43850791609979156,0.9999999498961993,0.9999949877483538,0.9999999999999
88900,9987796396910.0,9982524,23,201.0,20000,3124,118561826,109981324331.0,219951,40,1340,7902,7272,356,0,221,5,2000,1005,201.0,88900,9.99999000001e-07,0.9999413878940392,0.4736842105263158,0.999000999000999,0.9987256279362886,0.8231076730120077,0.0009977830860445603,9.99999000001e-07,0.9998984878856966,0.0011763471336462149,0.9316474437203502,0.9195580956159842,0.9999989999951999,0.9937457059998985,0.8309564002381994,0.9869554867154207,0.3618213788787692,0.999999972009706,0.9999949877609423,0.9999999999999
89000,9987783520390.0,9910609,23,200.0,24,40047,118688726,109993230159.0,13,2000,1964,22566,0,401,1,174,1,2000,1283,200.0,89000,9.99999000001e-07,0.9999414280060523,0.4736842105263158,0.999000999000999,0.9987257539219495,0.8232216574419712,0.000997780792419096,9.99999000001e-07,0.9998958675451836,0.005743422627330645,0.9247475777073181,0.9717066007109122,0.9999989999975,0.993728385485646,0.6747175875335407,0.9821023247907804,0.3108705823685592,0.999999975458225,0.9999949877460188,0.9999999999999
89100,9987769752290.0,9914967,17,200.0,12020,59042,118586540,110004238391.0,219752,0,0,1,1,5,0,371,5,2000,1452,0.0,89100,9.99999000001e-07,0.9999414944790338,0.4736842105263158,0.999000999000999,0.9987247844990045,0.8235515251430546,0.0009977794183540349,9.99999000001e-07,0.9999010170694084,0.0011859782985594162,0.9908267541793689,0.9702647037753152,0.9999989999910999,0.99371758665094,0.4090534568973427,0.9875953699672156,0.8996934526477876,0.9999999844017506,0.9999949877599297,0.9999999999999
89200,9987756040055.0,1122,17,200.0,13013,561,118513983,110015594487.0,109797,25,48,0,9165,646,80,614,280,104,64,0.0,89200,9.99999000001e-07,0.9999412115181371,0.4736842105263158,0.999000999000999,0.9987245568887148,0.0020303093104234284,0.0009977790584523162,9.99999000001e-07,0.999901254053768,0.0011893846628168742,0.9419311615443302,0.9642574229982028,0.999998975158666,0.9937367941642108,0.9692835248626477,0.9877441856922174,0.9796895504257099,0.9999999498958588,0.9999949877578939,0.9999999999999
89300,9987742173249.0,9967203,22,200.0,13008,18429,118635751,110026928553.0,110298,0,0,19424,18427,6,3,197,29,2000,4,200.0,89300,9.99999000001e-07,0.9999416232801301,0.4736842105263158,0.999000999000999,0.998726388490149,0.8233774437832413,0.000997777674529751,9.99999000001e-07,0.9998930232548188,0.001188887775901194,0.9830301063666714,0.9467165100421672,0.999998992294479,0.9936338887233042,0.229224051605172,0.9781596869916466,0.9272835134720346,0.9999999792179752,0.9999949877485834,0.9999999999999
89400,9987728281435.0,1087,25,200.0,8028,567,118679842,110037928027.0,110455,2000,8164,23812,94,800,2,662,6,0,2000,200.0,89400,9.99999000001e-07,0.9999413528684301,0.4736842105263158,0.999000999000999,0.998723624586665,0.034356866893429205,0.0009977762880199529,9.99999000001e-07,0.9999010188623405,0.005801036561978867,0.9874777580376495,0.9913325220467413,0.9999989916051125,0.9937469823605438,0.9608976632704184,0.9897418876021261,0.9761650874472605,0.9999999498954973,0.999996457420106,0.9999999999999
89500,9987714368566.0,9882490,16,200.0,23,84636,118476286,110049168989.0,110305,2000,6,36,34,800,2,0,0,68,1356,200.0,89500,9.99999000001e-07,0.9999417691978133,0.4736842105263158,0.999000999000999,0.9987235759015751,0.8236742123412795,0.000997773891144107,9.99999000001e-07,0.999901188778049,0.005805933286993702,0.8889089372300124,0.9937760687213021,0.9999989862580179,0.9937469255988992,0.8514148688109977,0.9886852833627975,0.9612528726760218,0.9999999498955406,0.9999949877764377,0.9999999999999
89600,9987700116233.0,9967005,18,200.0,24000,107619,118512116,110059956204.0,109929,2000,39200,71,0,400,84,0,5,2000,0,400.0,89600,9.99999000001e-07,0.9999418465708758,0.4736842105263158,0.999000999000999,0.9987248459005723,0.8237129396467976,0.0009977734771794311,9.99999000001e-07,0.9999028457452751,0.005792757098254416,0.9944050760442195,0.9858095518462404,0.9999989999983,0.9937541932384024,0.9693145875059203,0.9864554716189509,0.954626819012663,0.9999999746433141,0.9999949877532984,0.9999999999999
89700,9987675979468.0,19964422,18,201.0,14000,594,118607882,110070998614.0,220331,2000,2941,30,13153,28,199,168,4,2000,0,199.0,89700,9.99999000001e-07,0.9999422603807302,0.4736842105263158,0.999000999000999,0.998725412065699,0.06331305621506213,0.0009977710684039535,9.99999000001e-07,0.9998998998898798,0.011158464482757277,0.9628767194794916,0.9919965880172046,0.9999989933973915,0.9937352557044333,0.9486774259632867,0.9834653608723368,0.9807148661316916,0.9999999750329552,0.9999949877567698,0.9999999999999
89800,9987661865752.0,20005460,22,200.0,11022,575,118608130,110082040143.0,109829,2000,2,46,0,1,0,0,1,8,1389,200.0,89800,9.99999000001e-07,0.9999423408821599,0.4736842105263158,0.999000999000999,0.9987236615726458,0.06148628555815974,0.000997770647865713,9.99999000001e-07,0.9999019871228721,0.005739633882703037,0.9907966360531621,0.9885663630405949,0.9999989859149674,0.9937585153666555,0.41754508379496613,0.9854331493888564,0.5243226137110135,0.9999999498956444,0.9999949877566974,0.9999999999999
89900,9987647831468.0,19919505,25,201.0,24,32344,118694337,110092824003.0,220267,1,670,13208,12985,0,199,0,0,108,2000,199.0,89900,9.99999000001e-07,0.9999424143066707,0.4736842105263158,0.999000999000999,0.9987253300287874,0.8979701308734706,0.000997769238070731,9.99999000001e-07,0.9999023466395477,0.001170642598367615,0.9491582692133723,0.9845390391750689,0.999998978683386,0.9937418957568003,0.9489015737766746,0.9732717092989955,0.40887861416405274,0.9999999498959717,0.9999954773955356,0.9999999999999
90000,9987643813302.0,25128,19,202.0,12009,25159,118575543,110104005708.0,14,0,3401,25880,4,779,0,441,0,2000,0,202.0,90000,9.99999000001e-07,0.9999418144775797,0.4736842105263158,0.999000999000999,0.9987265004532303,0.8230373560477526,0.0009977678581924562,9.99999000001e-07,0.9998979717393961,0.001170616280425316,0.9605223540709111,0.9810690178498395,0.999998999995,0.9937329250659458,0.1655479235248443,0.9798699447850203,0.9448182392445907,0.9999999548107564,0.9999949877616191,0.9999999999999
90100,9987629569773.0,9938293,19,200.0,9010,19192,118553799,110115231132.0,13,0,1076,26533,26308,4,200,666,0,2000,2000,200.0,90100,9.99999000001e-07,0.9999422286829992,0.4736842105263158,0.999000999000999,0.9987261036660363,0.823058094245653,0.0009977664366449541,9.99999000001e-07,0.999900099710479,0.0011659530077693702,0.9561278077433943,0.9909054610460588,0.9999989999962,0.9936330110627831,0.9521776929880197,0.9818269367636469,0.9506216018311402,0.9999999589795358,0.9999965246176018,0.9999999999999
90200,9987615801762.0,9983783,19,200.0,10,264,118604857,110125869153.0,220252,2000,47,2,2,710,4,41,0,166,128,200.0,90200,9.99999000001e-07,0.9999422947420382,0.4736842105263158,0.999000999000999,0.9987256736584734,0.08377866635945397,0.000997765062555103,9.99999000001e-07,0.9999022540891269,0.005694781809607915,0.8888241152192997,0.9512962800125581,0.9999989999925,0.9937359902845763,0.9346680195691139,0.90721610007099,0.3405813932388447,0.999999949896345,0.9999949877571028,0.9999999999999
90300,9987591770580.0,19961374,21,200.0,6014,65,118283086,110137076436.0,110401,2000,2109,75,17691,222,91,5,0,0,2000,200.0,90300,9.99999000001e-07,0.9999427023020822,0.4736842105263158,0.999000999000999,0.9987279285889735,0.822937330267181,0.0009977616559456708,9.99999000001e-07,0.9999011804391817,0.011027698224536272,0.9015036129828335,0.9625246325094683,0.9999989593252264,0.9937367369687579,0.9461496662172488,0.9329764595540201,0.9185443652880342,0.9999999498961062,0.9999975401096566,0.9999999999999
90400,9987577593402.0,19894103,20,200.0,18009,36235,118548350,110148067545.0,220332,1,126,3,0,24,193,395,24,2000,0,0.0,90400,9.99999000001e-07,0.9999427751749006,0.4736842105263158,0.999000999000999,0.9987267137441396,0.8977652206953454,0.000997761249339479,9.99999000001e-07,0.9998977765061176,0.0011594441364374472,0.9171316551025505,0.992608436614529,0.9999989999925,0.993678243327227,0.9460817015140696,0.9848352651316543,0.9698715863423656,0.9999999845304881,0.9999949877601936,0.9999999999999
90500,9987573522506.0,10026960,21,200.0,10029,41598,118494443,110159120256.0,109538,2000,2,41,41,800,0,0,7,82,1324,200.0,90500,9.99999000001e-07,0.9999425253005609,0.4736842105263158,0.999000999000999,0.9987245452670133,0.8225982459703095,0.0009977598350222083,9.99999000001e-07,0.9999012798865271,0.0056349294171189725,0.9715190293383608,0.9950667444513825,0.999998999994,0.9937499073743349,0.9461480411250625,0.9897521760009854,0.9718934719576892,0.999999949895511,0.9999949877758572,0.9999999999999
90600,9987559321027.0,19980,18,200.0,18014,91686,118474157,110169995707.0,17,0,292,11070,9683,332,5,388,3,1562,1012,200.0,90600,9.99999000001e-07,0.9999422682382441,0.4736842105263158,0.999000999000999,0.998726524264878,0.8234072322261553,0.000997759425772398,9.99999000001e-07,0.9998970939220686,0.0011525165853680593,0.28517473760292034,0.9879030095498275,0.9999989907552168,0.9936981606000297,0.9385066716050443,0.9755423964287874,0.9842144034807707,0.9999999498962039,0.9999949877767804,0.9999999999999
90700,9987545397951.0,9985066,30,201.0,23011,93,118574017,110180885756.0,220364,46,1173,14967,29221,2,1,268,28,1720,677,0.0,90700,9.99999000001e-07,0.999942671437889,0.4736842105263158,0.999000999000999,0.9987267745071401,0.8227983372255699,0.0009977580241456604,9.99999000001e-07,0.9999006189452092,0.0011508913715447256,0.9299227611176212,0.9725938712326619,0.9999989894456696,0.9937404160442793,0.40835359737909077,0.9705245908907456,0.9744960063394408,0.9999999498962265,0.9999949877541716,0.9999999999999
90800,9987521632218.0,19908526,24,200.0,10008,38111,118708812,110192267416.0,109971,2000,0,11,0,800,0,9,0,0,1324,400.0,90800,9.99999000001e-07,0.9999430611363898,0.4736842105263158,0.999000999000999,0.9987250963406968,0.8977486300108002,0.0009977546554817461,9.99999000001e-07,0.9998925034600449,0.010886641065492609,0.9847842434449858,0.9675901780314429,0.9999989865826584,0.9937535183295669,0.9212373972424089,0.9097648578569394,0.9550289010941502,0.9999999498962322,0.9999949877466224,0.9999999999999
90900,9987507497060.0,19975348,20,201.0,16000,72,118413523,110202888024.0,220042,1,114,7,16840,634,85,165,0,2000,0,201.0,90900,9.99999000001e-07,0.9999431319392057,0.4736842105263158,0.999000999000999,0.9987252316910789,0.0005571767926699943,0.0009977542536670724,9.99999000001e-07,0.9999002845082411,0.0011490399368742756,0.8214735022264129,0.9773528991764407,0.9999989933473346,0.9937214482818352,0.9692650587556211,0.9897180885492398,0.10181461495300519,0.9999999747701658,0.9999949877681281,0.9999999999999
91000,9987494031132.0,20015499,18,200.0,8019,574,118636859,110214824910.0,110704,0,229,13076,0,194,109,339,11,88,1659,200.0,91000,9.99999000001e-07,0.9999431849383295,0.4736842105263158,0.999000999000999,0.9987247970648558,0.04008453172325179,0.0009977529098715446,9.99999000001e-07,0.9999006317831229,0.0011534386181472197,0.9758360429572491,0.9770151721841418,0.9999989831216498,0.9937311548371545,0.9463471674748721,0.9775731226840488,0.948516125958437,0.9999999498960735,0.9999949877524236,0.9999999999999
91100,9987490434479.0,10023396,21,200.0,16,17209,118695653,110225805905.0,109703,0,1,106,52,594,109,0,1,1260,1094,199.0,91100,9.99999000001e-07,0.9999429217421376,0.4736842105263158,0.999000999000999,0.9987247129452268,0.0589767825785756,0.0009977525422294757,9.99999000001e-07,0.9999011015800506,0.001154577103852909,0.24182570200229134,0.4114549361862405,0.9999989999915999,0.9937330164695531,0.9467953254843926,0.9765843914658421,0.3511608906395048,0.9999999498960672,0.9999949877421284,0.9999999999999
91200,9987466280163.0,19911431,21,200.0,32,44831,118510311,110236664131.0,110352,2000,2,2,2,675,2,0,0,786,0,200.0,91200,9.99999000001e-07,0.9999433204175698,0.4736842105263158,0.999000999000999,0.9987257755808705,0.8233454615529713,0.0009977491319872185,9.99999000001e-07,0.9999021268807543,0.010884916028954087,0.9904631773325958,0.9595887374676227,0.9999989999925999,0.9937608157608849,0.2575359032566979,0.9866670441880072,0.8842869063648073,0.9999999498959143,0.999994987771301,0.9999999999999
91300,9987462308296.0,9968885,18,200.0,19013,260,118621650,110247642859.0,220215,2000,73,0,11731,1,0,50,1,2000,309,400.0,91300,9.99999000001e-07,0.9999430664585668,0.4736842105263158,0.999000999000999,0.9987260287946922,0.028949738160103898,0.0009977487354158616,9.99999000001e-07,0.9998986795000563,0.005601394883397672,0.9793803443294661,0.8503943008540525,0.9999989999989,0.9936968372129891,0.8879905964396366,0.9656709074948201,0.9558053548224619,0.9999999707926,0.9999949877546165,0.9999999999999
91400,9987438740802.0,19950676,21,200.0,23010,23548,118758603,110259119945.0,220568,2000,167,896,25101,6,200,0,140,0,1060,200.0,91400,9.99999000001e-07,0.9999434449833273,0.4736842105263158,0.999000999000999,0.9987249319313876,0.043411247482316354,0.0009977483742858752,9.99999000001e-07,0.9998995082940829,0.005617171508596522,0.9834445355829641,0.9316238235324067,0.9999989918450345,0.9936993641102825,0.9641136163671725,0.9682575061638691,0.9785563088342412,0.9999999498959881,0.9999949877321052,0.9999999999999
91500,9987425462207.0,19899773,23,200.0,3029,13249,118723787,110270699758.0,4,2000,1704,19,0,1,0,333,400,64,1791,399.0,91500,9.99999000001e-07,0.9999434914183302,0.4736842105263158,0.999000999000999,0.9987246156661913,0.8224448613501424,0.0009977450582740715,9.99999000001e-07,0.9999004137410713,0.010946150538337057,0.9602039565809447,0.9427819710646227,0.9999989951783633,0.993681106592004,0.9602517230784398,0.9851299924452256,0.9735285391714258,0.9999999498959563,0.9999949877483914,0.9999999999999
91600,9987421352543.0,157,22,200.0,10010,0,118365943,110281897478.0,16,0,672,13678,36376,406,2,923,0,172,2000,0.0,91600,9.99999000001e-07,0.99994291655384,0.4736842105263158,0.999000999000999,0.9987259056470212,0.03376012749198593,0.0009977456564472338,9.99999000001e-07,0.9998874808492405,0.0011562182136488598,0.9716488523408721,0.984014780238338,0.9999989832761121,0.9936471769000197,0.9155769461458415,0.9891865492981251,0.9446608492683037,0.9999999498958164,0.9999972442732297,0.9999999999999
91700,9987407526561.0,564,23,200.0,9000,9276,118492837,110293032698.0,110120,0,1720,37333,0,799,0,413,171,2000,2000,399.0,91700,9.99999000001e-07,0.9999429814866155,0.4736842105263158,0.999000999000999,0.9987255812906405,0.07014200419859051,0.0009977442765019275,9.99999000001e-07,0.9999007043536673,0.0011562142718330713,0.9546856447069296,0.9828942701782081,0.999998997825783,0.9937297627289531,0.3734811605104353,0.9809525531598517,0.9625366499773498,0.9999999874891858,0.9999954772710667,0.9999999999999
91800,9987393662754.0,1109,25,200.0,20,0,118544812,110303856789.0,110283,2000,26,0,0,0,0,0,0,0,1501,200.0,91800,9.99999000001e-07,0.9999430512880777,0.4736842105263158,0.999000999000999,0.9987234072293024,0.010263666592826414,0.0009977418844365144,9.99999000001e-07,0.9999012441655053,0.005633547136624998,0.9673584085123466,0.9496715807570594,0.9999989847553915,0.9937476060232767,0.9380420701521996,0.9901433747423102,0.02302263246636425,0.9999999498953679,0.9999949877709534,0.9999999999999
91900,9987380055237.0,18826,22,200.0,12014,0,118509616,110315065873.0,110261,2000,0,0,0,399,1,0,0,2000,1,400.0,91900,9.99999000001e-07,0.9999431098111061,0.4736842105263158,0.999000999000999,0.998725178398012,0.06468660885961525,0.000997740526498317,9.99999000001e-07,0.9998958090329609,0.005656451391110839,0.9921186869639884,0.9750844332233858,0.999999000001,0.9937348112500497,0.09030608887705026,0.9881027373267436,0.9733923548540524,0.9999999747068933,0.999994987767759,0.9999999999999
92000,9987366027518.0,575,21,200.0,16000,289,118611839,110326519500.0,220679,0,7185,19243,18961,215,97,437,8,2000,517,200.0,92000,9.99999000001e-07,0.9999431761872325,0.4736842105263158,0.999000999000999,0.9987253114198523,0.007977737778308664,0.0009977401349275598,9.99999000001e-07,0.9998999273772977,0.0011565373746283331,0.9847039878504342,0.9844391976824635,0.9999989999983,0.9937160268600256,0.9462370375173083,0.978763010372247,0.886083263673825,0.999999956266155,0.9999949877460621,0.9999999999999
92100,9987342501948.0,19896999,19,200.0,9005,47029,118431550,110337732549.0,109995,2000,4,25,35141,3,0,13,26,4,2000,0.0,92100,9.99999000001e-07,0.9999438715397224,0.4736842105263158,0.999000999000999,0.9987237880055172,0.8978406623124809,0.0009977367784940823,9.99999000001e-07,0.9999012591336536,0.005664759117308209,0.9410822562018445,0.9166451501791733,0.9999989656110141,0.9937441609496162,0.9654963322553995,0.9873521853643341,0.9753228114641791,0.9999999498955969,0.9999972674765238,0.9999999999999
92200,9987338592915.0,9969209,21,200.0,12,443,118611578,110348744251.0,110627,0,0,396,487,1200,4,119,222,24,24,200.0,92200,9.99999000001e-07,0.9999436201307578,0.4736842105263158,0.999000999000999,0.9987251139279766,0.8228920721372366,0.0009977363886425864,9.99999000001e-07,0.9998857201107235,0.0011581319864586647,0.981062760812698,0.9415963794647941,0.9999989952903229,0.993739433688576,0.9340196735961017,0.9751079778618962,0.9818321036928676,0.9999999498960395,0.9999949877386675,0.9999999999999
92300,9987325079641.0,9997176,23,200.0,12006,66715,118619313,110360375186.0,15,2000,17678,7663,0,402,0,340,6,138,2000,0.0,92300,9.99999000001e-07,0.9999436743767959,0.4736842105263158,0.999000999000999,0.9987246139226231,0.822944701127789,0.0009977350398176616,9.99999000001e-07,0.9998955161595753,0.0056617640376185555,0.9756509216044832,0.9720159570906146,0.9999989832985435,0.9937330292512891,0.9465231948739284,0.9700712498002662,0.9803614723024352,0.999999949895891,0.9999966080043424,0.9999999999999
92400,9987311013345.0,9969794,21,200.0,9019,9130,118596135,110371341166.0,18,2000,15253,13716,0,0,0,423,0,116,1656,399.0,92400,9.99999000001e-07,0.9999437444954551,0.4736842105263158,0.999000999000999,0.9987254900662391,0.8226383895970515,0.0009977336365371602,9.99999000001e-07,0.9998940425643734,0.005650437880268862,0.9823942478019638,0.951929308716337,0.9999989999932,0.9936612557701924,0.7922878356450342,0.9751743071519045,0.8810987771975353,0.9999999498961836,0.9999949877584585,0.9999999999999
92500,9987297879894.0,9952898,13,201.0,20000,40187,118671913,110382922312.0,110180,1,92,441,0,687,1,2,71,2000,704,199.0,92500,9.99999000001e-07,0.9999437857090181,0.4736842105263158,0.999000999000999,0.9987244068827716,0.8235444936844937,0.00099773232550041,9.99999000001e-07,0.9999001921699959,0.0011671853322623661,0.9892421369383039,0.9775268060653048,0.9999989999951999,0.9937209250113002,0.1655484343856362,0.9824442431656288,0.9887844947059723,0.9999999852846303,0.9999949877458483,0.9999999999999
92600,9987284372434.0,9935119,23,201.0,10020,278,118722476,110394382362.0,110753,2000,345,8647,15267,331,37,311,205,1862,0,200.0,92600,9.99999000001e-07,0.9999438331419921,0.4736842105263158,0.999000999000999,0.9987233410420941,0.001092382076570083,0.0009977319857810238,9.99999000001e-07,0.9999008640392928,0.0057226280756017,0.4492941613603921,0.9689281540038799,0.9999989999933999,0.9937408964917664,0.9464607125939523,0.9849311833120407,0.9227107853198422,0.9999999498959031,0.9999949877245663,0.9999999999999
92700,9987270306879.0,1070,18,201.0,28,47556,118685517,110405487446.0,221451,2000,571,14067,1,424,16,366,0,128,1424,199.0,92700,9.99999000001e-07,0.9999435888298387,0.4736842105263158,0.999000999000999,0.9987244571502398,0.8230671300893759,0.0009977305818983171,9.99999000001e-07,0.999902704986243,0.005659598021639566,0.9853950523149462,0.9871850226970189,0.9999989999932,0.9937518363388428,0.9515450813841946,0.9849738225779155,0.9744350167175636,0.9999999498958474,0.9999949877449873,0.9999999999999
92800,9987256814227.0,9933574,24,201.0,18,463,118711886,110416843189.0,110328,2000,2,400,14237,7,0,0,396,176,2000,201.0,92800,9.99999000001e-07,0.9999439604034881,0.4736842105263158,0.999000999000999,0.9987245182503638,0.8223283876591724,0.0009977282275171284,9.99999000001e-07,0.9999001679972942,0.005713223306062775,0.9872273233750958,0.922601522006694,0.9999989656114421,0.993734926257494,0.895086924874379,0.9728731660477857,0.9823151685387389,0.9999999498958142,0.9999971033985822,0.9999999999999
92900,9987242978717.0,9970861,18,201.0,8011,28463,118649770,110427861855.0,220849,2000,44,416,17950,3,0,15,0,0,2000,200.0,92900,9.99999000001e-07,0.9999440226741712,0.4736842105263158,0.999000999000999,0.9987244621915551,0.823267527668104,0.000997726846231552,9.99999000001e-07,0.9999023084035776,0.005735757681310889,0.9308933273061089,0.9745634040318172,0.9999989881799178,0.9937442132195506,0.895959136323529,0.9714932772406063,0.32695643248065437,0.999999949896016,0.9999968314832581,0.9999999999999
93000,9987219081794.0,19897355,22,200.0,10000,10529,118586914,110439279504.0,110398,2000,10400,36,0,5,12,590,617,308,2000,200.0,93000,9.99999000001e-07,0.9999443946376402,0.4736842105263158,0.999000999000999,0.998724937350778,0.02084077560906837,0.0009977254697115484,9.99999000001e-07,0.9999017313076487,0.005684602207799588,0.9889818579492555,0.9508358637083407,0.9999989730897132,0.9936685739426164,0.9461386626384607,0.979592078535458,0.9809319443313377,0.9999999498960951,0.9999961718439341,0.9999999999999
93100,9987215000125.0,577,21,202.0,17000,4390,118375045,110450146640.0,109961,0,390,26203,139,796,5,0,7,2000,2000,202.0,93100,9.99999000001e-07,0.9999438446112062,0.4736842105263158,0.999000999000999,0.9987256579108789,0.8230240136822652,0.0009977240538358908,9.99999000001e-07,0.9998954229883906,0.0011688336972238336,0.9736959146862909,0.9902538779702558,0.9999989731371656,0.9937502871021934,0.922868467421476,0.9654380052087832,0.43910105804012933,0.9999999871735648,0.9999961673418742,0.9999999999999
93200,9987201114078.0,9974875,25,200.0,12000,25477,118528894,110461427966.0,109887,0,0,3,26483,0,0,340,0,2000,0,0.0,93200,9.99999000001e-07,0.9999442180284901,0.4736842105263158,0.999000999000999,0.9987232901048799,0.8234421807228203,0.0009977236764794144,9.99999000001e-07,0.9998951518091712,0.0011695993798341176,0.9717488435769776,0.9923853870160416,0.9999989863343681,0.9936750315450102,0.9585229074224396,0.9906863189443056,0.5964770488859267,0.9999999834698136,0.9999949877507712,0.9999999999999
93300,9987187132428.0,193,18,200.0,9000,28525,118564278,110472074720.0,221227,2000,846,16900,0,5,0,263,10,2000,1036,400.0,93300,9.99999000001e-07,0.9999439767198666,0.4736842105263158,0.999000999000999,0.9987241606560093,0.8230061127656259,0.000997721272555401,9.99999000001e-07,0.9999020664469365,0.0056724992998660444,0.9775193142367227,0.9848503111043498,0.9999989999984,0.9937072155315018,0.44546880832325725,0.9900391232007887,0.9440256189426627,0.9999999803262275,0.9999949877610398,0.9999999999999
93400,9987172889163.0,10017519,25,200.0,14006,1913,118521333,110483106747.0,220779,2000,284,32004,0,754,1,798,3,2000,0,0.0,93400,9.99999000001e-07,0.9999443605571346,0.4736842105263158,0.999000999000999,0.9987261118786659,0.8230415044725238,0.000997719859983529,9.99999000001e-07,0.9998909460463198,0.005670022599202541,0.9554384200175771,0.9919114125811113,0.9999989999911999,0.9937320843910787,0.935753468532299,0.9839395764304295,0.9501370726308425,0.9999999752657212,0.9999949877697363,0.9999999999999
93500,9987158868023.0,10023670,20,200.0,25,299,118508814,110494178164.0,221738,0,56,13190,492,5,0,0,5,50,1833,200.0,93500,9.99999000001e-07,0.9999444283313156,0.4736842105263158,0.999000999000999,0.9987250246932518,0.03357875943899338,0.0009977194602925833,9.99999000001e-07,0.9999018035737607,0.0011607603865435106,0.9755848935269804,0.9840761999742276,0.9999989999958,0.9937411090519238,0.565615507337131,0.9782037525076822,0.9439686173413502,0.9999999498959161,0.9999949877715051,0.9999999999999
93600,9987145194058.0,10012091,23,200.0,25,53622,118390337,110504969660.0,220679,2000,110,144,8543,1,42,1,0,8,1140,401.0,93600,9.99999000001e-07,0.9999444887546616,0.4736842105263158,0.999000999000999,0.9987220700965828,0.8228587903135821,0.0009977170877894573,9.99999000001e-07,0.9999022487862231,0.005607490967497419,0.891013538191209,0.9809368900310451,0.9999989999962,0.9937339982601334,0.9692654550567897,0.9918637319664613,0.8998527059658374,0.9999999498949202,0.9999949877887031,0.9999999999999
93700,9987121014976.0,19992113,22,200.0,9021,88,118604211,110516344729.0,111307,1,404,8421,7691,248,0,39,5,2000,701,199.0,93700,9.99999000001e-07,0.9999448627835243,0.4736842105263158,0.999000999000999,0.9987245570373219,0.8228912194205321,0.0009977156825859484,9.99999000001e-07,0.999898384919753,0.0011586777853463254,0.962383043357839,0.8974479277124277,0.9999989937124133,0.9937459950353208,0.8074324815689319,0.9890594195923471,0.9582824462127773,0.9999999594099048,0.9999949877545276,0.9999999999999
93800,9987107814462.0,19958216,22,200.0,18000,4,118730790,110527771438.0,221180,2000,214,327,0,5,0,177,347,2000,873,400.0,93800,9.99999000001e-07,0.9999449080875732,0.4736842105263158,0.999000999000999,0.9987242705214755,0.822675528070089,0.0009977153476398118,9.99999000001e-07,0.9999023114192773,0.0056870348617727206,0.9412376085709571,0.802423554896888,0.9999989911919964,0.9936934518265482,0.8921551056141016,0.9844401615835251,0.9680027402261806,0.9999999756477355,0.9999949877334822,0.9999999999999
93900,9987094306453.0,19924435,21,200.0,8,29535,118520035,110539634996.0,110688,2000,10000,278,275,400,1,331,53,44,2000,0.0,93900,9.99999000001e-07,0.999944954734817,0.4736842105263158,0.999000999000999,0.9987245545079497,0.8232709094832499,0.000997713017081144,9.99999000001e-07,0.9998978964525042,0.011065509178644323,0.9968376134961094,0.9889409735913446,0.9999989708003715,0.9937087774051409,0.9105910188819942,0.9881137439067822,0.9918316578225057,0.9999999498956604,0.9999964665933463,0.9999999999999
94000,9987090538201.0,9972547,19,200.0,33,932,118659636,110550712957.0,14,2000,11000,3399,0,400,0,362,1,84,1432,200.0,94000,9.99999000001e-07,0.9999447088384545,0.4736842105263158,0.999000999000999,0.9987246742830985,0.8228648037124032,0.0009977116457700922,9.99999000001e-07,0.9998953749119711,0.0057094096774586685,0.953772777347062,0.8979384772849316,0.9999989998768849,0.9937342671365371,0.9082444792311543,0.9752629763001116,0.515904926116588,0.9999999498961127,0.999994987748882,0.9999999999999
94100,9987076937912.0,9866631,19,200.0,19006,67754,118707405,110561813847.0,110797,2000,2,0,1,0,0,0,0,0,0,400.0,94100,9.99999000001e-07,0.9999447632377407,0.4736842105263158,0.999000999000999,0.998724209416975,0.8229373850666054,0.000997710275189477,9.99999000001e-07,0.9999013460347025,0.005714608396518307,0.959327753123331,0.9299518305940677,0.9999989999929999,0.9937488198718754,0.9394364894274032,0.9858602928541287,0.9184043162695631,0.9999999498956649,0.9999949877416507,0.9999999999999
94200,9987063326891.0,9961526,19,200.0,18018,5028,118720720,110573451998.0,110661,36,36,12001,115,3,63,562,368,66,2000,201.0,94200,9.99999000001e-07,0.9999448164746044,0.4736842105263158,0.999000999000999,0.9987234688923512,0.8228607040334052,0.0009977099252597803,9.99999000001e-07,0.9998974617475922,0.0011762295416075893,0.9970827867548717,0.9888365751950644,0.9999989772045487,0.9936857321490544,0.9463031130476153,0.9882736172354903,0.9918096564507601,0.9999999498957195,0.9999955034274844,0.9999999999999
94300,9987049822842.0,9932507,22,200.0,18,35295,118623410,110584626117.0,110672,0,150,25010,24854,7,0,495,62,2000,1784,0.0,94300,9.99999000001e-07,0.9999448697792734,0.4736842105263158,0.999000999000999,0.9987244929406816,0.8231779808340043,0.0009977075689418641,9.99999000001e-07,0.9998997326069161,0.0011783909145621672,0.9947924987962949,0.9818088007901202,0.9999989801271659,0.9937293031320246,0.2575121910307189,0.9875680486261236,0.9868193133208395,0.9999999873172352,0.9999949877633959,0.9999999999999
94400,9987036221590.0,10004594,25,200.0,9015,8239,118730904,110595943168.0,110941,0,704,194,18386,400,2,506,13,2000,1116,200.0,94400,9.99999000001e-07,0.9999449249320049,0.4736842105263158,0.999000999000999,0.9987229419058917,0.016090842441833605,0.0009977072098423904,9.99999000001e-07,0.9998943578871662,0.0011809497366465785,0.9754660043945428,0.9659065957915537,0.9999989796302567,0.9937213369779642,0.8975329224417301,0.9861778063167361,0.8834419370561974,0.9999999754339964,0.9999949877398535,0.9999999999999
94500,9987022311091.0,18101,19,200.0,9016,71609,118470280,110607017744.0,11,2000,71,13,0,799,0,332,4,2000,1603,399.0,94500,9.99999000001e-07,0.9999446804734103,0.4736842105263158,0.999000999000999,0.998722449098577,0.822903762321696,0.0009977058300744235,9.99999000001e-07,0.9998999836673329,0.005762646921340091,0.38533291287941634,0.9890960486925366,0.9999989837045149,0.9937455957103815,0.9529295806038606,0.9909797150296811,0.9310706549202911,0.9999999873984474,0.9999949877773577,0.9999999999999
94600,9987008479112.0,9976897,17,200.0,19000,19239,118595035,110618264346.0,7,2000,97,27206,23295,800,1,471,22,2000,2000,399.0,94600,9.99999000001e-07,0.9999450440735951,0.4736842105263158,0.999000999000999,0.9987259877939759,0.07825803951448289,0.000997704451481005,9.99999000001e-07,0.9998917076309626,0.005763107643879771,0.9293544306818604,0.9712059470183567,0.9999989812329872,0.9937457013892775,0.9550096194860435,0.9777246696985298,0.9832853495230812,0.9999999868413817,0.9999951688920931,0.9999999999999
94700,9986994704390.0,9952011,21,200.0,8006,15183,118615373,110629652096.0,110824,2000,12000,2,287,400,0,11,285,2000,918,200.0,94700,9.99999000001e-07,0.9999451029631613,0.4736842105263158,0.999000999000999,0.9987243176046999,0.8231951026262284,0.0009977030766785075,9.99999000001e-07,0.9998980281083479,0.005754066187691851,0.9961339082664238,0.9876210099166692,0.9999989911724564,0.9936993773517502,0.9145623407938126,0.9870222526231713,0.9691388239304454,0.9999999748204772,0.9999949877530904,0.9999999999999
94800,9986981228550.0,10003634,23,200.0,8000,479,118621974,110640603758.0,220879,0,2,0,0,800,3,0,0,8,36,200.0,94800,9.99999000001e-07,0.9999451519998569,0.4736842105263158,0.999000999000999,0.9987238019150558,0.06423676335295364,0.0009977017317714628,9.99999000001e-07,0.9999021802075345,0.0011857586978125815,0.002990726578244415,0.9745322964651493,0.9999989996341662,0.9937330250541376,0.9493010086840934,0.9864447143061321,0.4670768883514776,0.9999999498957399,0.9999949877396884,0.9999999999999
94900,9986967263412.0,10004644,17,200.0,10015,47188,118436971,110651503796.0,221466,0,328,795,26264,167,127,749,167,2000,262,200.0,94900,9.99999000001e-07,0.9999452201465853,0.4736842105263158,0.999000999000999,0.9987247138567157,0.8231590336738007,0.0009976993297692034,9.99999000001e-07,0.9999021832694264,0.001183451090140593,0.9209313823177181,0.875639228206987,0.9999989999996,0.9936556034333567,0.9465771089899614,0.9900494041984348,0.9610098588213496,0.9999999891754107,0.999994987779342,0.9999999999999
95000,9986953149765.0,10009806,24,200.0,14,279,118609943,110662894878.0,110924,20,108,7965,7632,800,1,7,5,24,1281,400.0,95000,9.99999000001e-07,0.9999452882892388,0.4736842105263158,0.999000999000999,0.9987244827817042,0.025246933977291535,0.000997697920815838,9.99999000001e-07,0.999901106871233,0.0011804429773845547,0.9599069174130987,0.9632439129765851,0.9999990000008,0.9937329082435123,0.4418315774818393,0.9762199054611584,0.47899591242331263,0.9999999498960205,0.9999949877563802,0.9999999999999
95100,9986929132736.0,19901128,22,200.0,18000,18524,118549045,110673902284.0,110388,2000,27205,0,1,800,2,0,44,2000,0,0.0,95100,9.99999000001e-07,0.99994565031988,0.4736842105263158,0.999000999000999,0.9987252144934792,0.03432493846535085,0.0009976955244974013,9.99999000001e-07,0.9999012657045536,0.00571279758426771,0.9874778535914113,0.9883659543088371,0.9999989999976,0.9937362074456021,0.8894695728531082,0.9874593798616014,0.976423002143287,0.9999999873613448,0.9999949877477345,0.9999999999999
95200,9986925256878.0,1124,25,200.0,7000,42876,118522884,110684761003.0,221930,13,12849,6660,0,400,2,1,75,2000,2000,200.0,95200,9.99999000001e-07,0.9999451149821476,0.4736842105263158,0.999000999000999,0.9987227002613573,0.823306403196986,0.0009976951373198296,9.99999000001e-07,0.9999002508591144,0.0011776566410427957,0.9752719840597976,0.9846612805593921,0.9999989999994,0.9937602943458751,0.9573623896868018,0.9912100220064269,0.9594954173693545,0.9999999746680412,0.9999949881816939,0.9999999999999
95300,9986901707475.0,19815267,22,200.0,11000,31935,118801376,110696202409.0,222267,2000,93,11034,0,332,0,309,12,94,1208,0.0,95300,9.99999000001e-07,0.9999457615764391,0.4736842105263158,0.999000999000999,0.9987233403122404,0.8976366678899808,0.0009976947645475706,9.99999000001e-07,0.9999027686339781,0.011140814959476865,0.9858113891216085,0.9624175004426238,0.9999989999953,0.9937622307706168,0.8401368987197726,0.9866865226046252,0.9658265815884599,0.9999999498956311,0.9999949877278765,0.9999999999999
95400,9986887699709.0,19996998,18,200.0,32,534,118682861,110707674415.0,16,2000,211,343,26447,2,4,498,0,150,735,0.0,95400,9.99999000001e-07,0.9999458254866607,0.4736842105263158,0.999000999000999,0.9987238887853508,0.04369615659371159,0.000997693384766295,9.99999000001e-07,0.9998939532234031,0.011197744026028234,0.9634011763607225,0.985111795447918,0.9999989800874309,0.993734614357577,0.9512947817315598,0.9839034259390812,0.49394453386352205,0.9999999498957529,0.9999949877386362,0.9999999999999
95500,9986883521848.0,9936929,21,200.0,12014,18188,118772947,110718431565.0,110203,0,27,176,4646,404,1,0,290,100,920,201.0,95500,9.99999000001e-07,0.9999455982247665,0.4736842105263158,0.999000999000999,0.9987246216541925,0.8224789485307614,0.0009976909716899254,9.99999000001e-07,0.9999011155940906,0.0011751772751428914,0.39094739226664016,0.9583063447959386,0.9999989999951,0.9937330963492659,0.7150924519869009,0.9631749434604711,0.9740618797808569,0.9999999498959808,0.9999949877278205,0.9999999999999
95600,9986859950956.0,19827300,19,200.0,21000,85834,118777969,110729686772.0,220937,2000,111,0,0,800,0,0,0,0,2000,400.0,95600,9.99999000001e-07,0.9999459446044371,0.4736842105263158,0.999000999000999,0.9987248077636324,0.8980623971703671,0.000997690598779539,9.99999000001e-07,0.9998934713149678,0.0111573463473396,0.9725174484244479,0.9820196648539657,0.9999989972130545,0.9937627863430657,0.9523392093582927,0.972920803823175,0.45405259759022853,0.9999999498959811,0.9999955979605488,0.9999999999999
95700,9986845946589.0,19923614,26,200.0,11027,8323,118733639,110740910757.0,111138,2000,5924,25764,6485,798,0,0,6,0,0,399.0,95700,9.99999000001e-07,0.999946004318255,0.4736842105263158,0.999000999000999,0.9987253868776106,0.8230665581807184,0.0009976882306002351,9.99999000001e-07,0.9999014231733615,0.011149426254486573,0.9691886525045774,0.9555966318931921,0.9999989999916999,0.9937367284736046,0.7644805785128486,0.9630818537269724,0.5976207754639108,0.9999999498961127,0.9999949877198471,0.9999999999999
95800,9986842238166.0,308,22,200.0,11003,0,118476871,110752306399.0,110798,1,401,16207,310,398,3,0,11,194,2000,200.0,95800,9.99999000001e-07,0.999945471108298,0.4736842105263158,0.999000999000999,0.9987245825780784,0.0027114386614506413,0.0009976878604097115,9.99999000001e-07,0.9999004378544039,0.0011791770892658534,0.9802247049353042,0.97065995996936,0.9999989661582233,0.9937328372773154,0.9465822300907624,0.9816349718249917,0.7610357606971959,0.9999999498958684,0.9999969358164785,0.9999999999999
95900,9986818792617.0,19884701,23,200.0,10006,9164,118732028,110763436158.0,110641,2000,83,496,16340,253,82,6,0,926,1883,200.0,95900,9.99999000001e-07,0.9999461094639603,0.4736842105263158,0.999000999000999,0.9987243906480423,0.8220941982378247,0.0009976845118888696,9.99999000001e-07,0.9999010288937238,0.005721544483691986,0.8611789459821428,0.95498628184407,0.9999989824963942,0.9937467471632373,0.9469219998256889,0.9801294064978643,0.3147964697584644,0.9999999498959615,0.9999949877485359,0.9999999999999
96000,9986815354023.0,41038,23,200.0,20001,44357,118551823,110775014743.0,10,1,4,107,10048,706,51,0,0,576,1276,200.0,96000,9.99999000001e-07,0.9999455676553324,0.4736842105263158,0.999000999000999,0.9987234780687755,0.8232347213257605,0.0009976851733697928,9.99999000001e-07,0.9999000184865818,0.0011875048391367933,0.138659571575464,0.9864639725315814,0.9999989999939,0.9937460857288846,0.9463533084533312,0.988476370080001,0.9499394494097143,0.9999999498955798,0.999994987765137,0.9999999999999
96100,9986801350763.0,10032035,20,200.0,27,254,118666614,110786034406.0,110431,0,4,12895,12655,439,185,54,4,2000,399,200.0,96100,9.99999000001e-07,0.9999459254518384,0.4736842105263158,0.999000999000999,0.9987243298272768,0.057104460603781576,0.000997682778732735,9.99999000001e-07,0.9999010989391378,0.0011857152254738366,0.41856251865650784,0.9821461135228287,0.9999989978289969,0.9937064282928506,0.9692347130799923,0.9844614809716937,0.40950773373002436,0.9999999622170884,0.9999949877477878,0.9999999999999
96200,9986777263063.0,20007689,20,200.0,22,571,118670236,110797055785.0,110191,1,1,13,13,400,1,7,0,10,0,200.0,96200,9.99999000001e-07,0.9999462832838167,0.4736842105263158,0.999000999000999,0.9987241943666396,0.05444523447331032,0.0009976823639933317,9.99999000001e-07,0.9999010170694084,0.0011818029475626037,0.9753918265111493,0.9908481476890266,0.9999989997122172,0.99374612780875,0.9062432136788845,0.9868566950411465,0.5121887525969124,0.9999999498957706,0.99999498772944,0.9999999999999
96300,9986763259567.0,19919415,20,201.0,8000,26151,118562938,110808138655.0,221419,1,5,216,20763,2,1,0,217,0,2000,0.0,96300,9.99999000001e-07,0.9999463422676131,0.4736842105263158,0.999000999000999,0.9987251471309205,0.8980426153250104,0.0009976799784456967,9.99999000001e-07,0.9999021600516751,0.0011808942537617972,0.31031376418342027,0.8641058904999761,0.9999989917716468,0.993746026662412,0.9154891370479582,0.816335138422823,0.9643255462593587,0.9999999498960903,0.9999964368921594,0.9999999999999
96400,9986759365082.0,563,20,200.0,9000,7446,118534624,110819080545.0,110709,0,16,249,244,800,0,692,179,80,2,400.0,96400,9.99999000001e-07,0.9999458245204523,0.4736842105263158,0.999000999000999,0.9987230511475599,0.8231758911904392,0.0009976785810743318,9.99999000001e-07,0.999900303595491,0.001179404147313677,0.842657655416268,0.9856584820614563,0.9999989999973,0.9937425735181853,0.30378775578547834,0.9900661807900092,0.9432875274004753,0.9999999498955265,0.9999949877526463,0.9999999999999
96500,9986735767621.0,19954221,22,200.0,24020,24486,118701060,110830442522.0,110454,2000,141,2,0,800,3,536,0,2000,0,400.0,96500,9.99999000001e-07,0.999946455651932,0.4736842105263158,0.999000999000999,0.9987239055766653,0.11377330847182335,0.0009976782178510778,9.99999000001e-07,0.9999008371919235,0.0057583522099349405,0.9573736285830405,0.987044498387843,0.9999989999986,0.9937428189518926,0.8662903505676032,0.9875247518930245,0.4905452457630727,0.9999999880391292,0.9999949877320324,0.9999999999999
96600,9986731802752.0,10006035,15,200.0,4013,139,118682899,110841603818.0,111444,0,115,100,98,1054,75,0,5,0,0,200.0,96600,9.99999000001e-07,0.9999462262326972,0.4736842105263158,0.999000999000999,0.9987259956505237,0.0663127140364051,0.000997676838993112,9.99999000001e-07,0.9999011165523376,0.0011814517056030792,0.3913178101632888,0.9716326932823007,0.9999989999986,0.993735773834211,0.977166805250468,0.9321465273528545,0.36804013571744265,0.999999949896242,0.9999949877453916,0.9999999999999
96700,9986707706670.0,19960446,20,200.0,25,503,118565571,110852504360.0,221144,2000,327,13301,13159,3,0,170,4,4,5,200.0,96700,9.99999000001e-07,0.9999465779731098,0.4736842105263158,0.999000999000999,0.998723622653053,0.026208799149604077,0.0009976744341244606,9.99999000001e-07,0.9999022595920726,0.00574743992400358,0.8975129993022612,0.9911570426421938,0.9999989931489829,0.9937221400043613,0.8669748221172493,0.9881922956029446,0.9601995667611086,0.9999999498957539,0.9999949877453184,0.9999999999999
96800,9986703754306.0,582,18,200.0,18008,23084,118788670,110864056002.0,110387,2000,0,6,1,402,0,128,0,38,772,201.0,96800,9.99999000001e-07,0.9999460669163367,0.4736842105263158,0.999000999000999,0.9987240602530985,0.8230345014059639,0.0009976730307694373,9.99999000001e-07,0.9998997319132163,0.005737298827891262,0.9594048746253377,0.990272532380161,0.9999989922117113,0.9937358389645253,0.9132897126240429,0.9751623942438692,0.3508592178007513,0.9999999498959018,0.9999949877286431,0.9999999999999
96900,9986689928698.0,40654,20,200.0,25,41185,118475038,110875175512.0,221701,0,25635,8,25865,548,131,7,72,2000,2000,400.0,96900,9.99999000001e-07,0.9999461224701102,0.4736842105263158,0.999000999000999,0.9987250018080026,0.8230924171627766,0.0009976726599434718,9.99999000001e-07,0.9999024326848944,0.0011772741073496256,0.9791958697114838,0.9915676426496779,0.9999989732186678,0.9937178825479549,0.9692093634220841,0.9756168590458344,0.9769338067639398,0.9999999854909298,0.9999964998337911,0.9999999999999
97000,9986675861747.0,20479,26,200.0,10005,0,118521996,110886382629.0,110858,0,39644,2,19960,405,1,344,0,166,2000,200.0,97000,9.99999000001e-07,0.9999461864149758,0.4736842105263158,0.999000999000999,0.9987252635554897,0.01980941811209431,0.0009976712560602996,9.99999000001e-07,0.9999011105483202,0.0011745407705610624,0.9756270309549772,0.9913568821265811,0.9999989804994003,0.9937493138296775,0.9037266330123841,0.9730726495025359,0.10654949779413357,0.9999999498960573,0.9999970777817577,0.9999999999999
97100,9986662133582.0,455,17,200.0,18015,0,118535090,110897299503.0,110848,2000,1,0,40,800,1,0,0,56,926,200.0,97100,9.99999000001e-07,0.999946244047604,0.4736842105263158,0.999000999000999,0.9987249239425599,0.03649538051058211,0.0009976688773904673,9.99999000001e-07,0.9998917178326978,0.005750137622205168,0.07748281067245985,0.993247150704186,0.9999989906523303,0.9937460877389578,0.9430676461403286,0.9838775620966358,0.3032533189343935,0.9999999498958875,0.9999949877676009,0.9999999999999
97200,9986637998394.0,19849304,17,200.0,11000,70285,118725045,110908311077.0,110219,2000,223,210,19862,1,1,2,0,10,185,401.0,97200,9.99999000001e-07,0.9999468805389322,0.4736842105263158,0.999000999000999,0.9987245166897738,0.8979597367739041,0.0009976664686552042,9.99999000001e-07,0.9999010822883584,0.011110548244872061,0.3860867873728932,0.9882408769360027,0.9999989999973999,0.9937326844909379,0.9116802106642403,0.9644637333179393,0.871036688754361,0.9999999498961022,0.9999949877239482,0.9999999999999
97300,9986623909904.0,19967589,23,200.0,12012,12560,118566058,110919036117.0,222092,24,8559,23779,3781,402,2,498,9,2000,38,200.0,97300,9.99999000001e-07,0.9999469440023078,0.4736842105263158,0.999000999000999,0.9987255880195132,0.04164453419490277,0.0009976650625033473,9.99999000001e-07,0.9999020223373395,0.001168055979630321,0.9875226153663923,0.9868951468632338,0.9999989999968,0.9937183358179319,0.9584215023985863,0.9845886009355109,0.933776556338391,0.9999999747705656,0.9999949877593717,0.9999999999999
97400,9986620391491.0,9982927,18,200.0,10000,266,118605446,110930465848.0,17,0,0,635,0,1,88,159,204,2000,1141,201.0,97400,9.99999000001e-07,0.9999467087160477,0.4736842105263158,0.999000999000999,0.9987258557786255,0.06005838771510562,0.0009976647119784082,9.99999000001e-07,0.999897135945854,0.0011713255270846324,0.9946552655467286,0.9794130874075856,0.9999989945550126,0.9936966320893648,0.946309675635575,0.9752756865699396,0.978254427129267,0.9999999653896439,0.999994987754107,0.9999999999999
97500,9986607059633.0,553,19,200.0,11,58321,118623944,110942003877.0,110341,0,20206,161,156,0,0,282,0,64,1108,400.0,97500,9.99999000001e-07,0.9999464634508058,0.4736842105263158,0.999000999000999,0.9987247712788127,0.8230703116910788,0.0009976643894381468,9.99999000001e-07,0.9999012594846436,0.0011786941219395653,0.9762904299209486,0.9720667481432884,0.9999989999928,0.9937477886326836,0.5014021105445313,0.9774277197835878,0.014456915864154377,0.9999999498961241,0.9999949877541756,0.9999999999999
97600,9986593419998.0,26530,18,200.0,13014,267,118504630,110952853296.0,221682,0,6,33,0,1,0,0,0,24,2000,400.0,97600,9.99999000001e-07,0.9999465195023133,0.4736842105263158,0.999000999000999,0.9987227528051287,0.003894996650124933,0.0009976620199470395,9.99999000001e-07,0.9999022750180352,0.0011795306920744095,0.9100534425291285,0.9589382504506949,0.9999989967765427,0.9937600017318824,0.9621519444407091,0.9912979216505475,0.9279049519109668,0.9999999498950708,0.9999956800512441,0.9999999999999
97700,9986580294117.0,9969684,27,200.0,10000,13410,118471547,110964421261.0,221473,2000,15035,21120,5868,802,2,666,23,10,0,0.0,97700,9.99999000001e-07,0.9999468397288379,0.4736842105263158,0.999000999000999,0.9987236054120165,0.8232477328072255,0.000997660709680462,9.99999000001e-07,0.9999021784851361,0.005780532859631924,0.9872760856191525,0.9707096838285726,0.9999989729652619,0.9937347092779667,0.9665882297038721,0.9909349840935635,0.9827184339602576,0.9999999498952356,0.9999949877594048,0.9999999999999
97800,9986566249259.0,9943272,16,200.0,17015,871,118704362,110975977264.0,111157,2000,8274,12738,11939,1,0,500,368,2000,744,0.0,97800,9.99999000001e-07,0.9999468973382287,0.4736842105263158,0.999000999000999,0.9987240014398557,0.8232243846556316,0.0009976603166949691,9.99999000001e-07,0.9998948361499893,0.0057961688962437806,0.9747288205462337,0.9330926681184174,0.9999989800496696,0.9936708734822535,0.9462045375078029,0.9824584723099746,0.9826284865893402,0.9999999873803997,0.9999949877406545,0.9999999999999
97900,9986552384429.0,9980411,24,200.0,16,249,118521029,110987195593.0,111112,2000,222,21527,0,2,4,840,366,212,2000,0.0,97900,9.99999000001e-07,0.9999469589122257,0.4736842105263158,0.999000999000999,0.9987260135033599,0.0006635236030876243,0.0009976579242936242,9.99999000001e-07,0.9999009499886587,0.005783251383584807,0.9847042496049804,0.9736384801628831,0.9999989999836998,0.9937305255434226,0.9072945231990298,0.9848116358722261,0.9851525866328016,0.9999999498960249,0.9999969663593334,0.9999999999999
98000,9986528408708.0,19838020,17,200.0,20,10041,118426235,110997992435.0,111787,2000,13885,1895,23877,186,12,153,27,1340,1288,200.0,98000,9.99999000001e-07,0.9999472950988263,0.4736842105263158,0.999000999000999,0.9987238851092618,0.89761609989602,0.0009976565401315016,9.99999000001e-07,0.9999012564523971,0.005718477795377596,0.9494708361637169,0.9833680183422087,0.9999989939238028,0.9937346204275099,0.9463529612058094,0.990975948657448,0.9201234247507407,0.9999999498953883,0.999994987783935,0.9999999999999
98100,9986524700429.0,9869716,17,200.0,18,356,118700980,111009374791.0,110752,2000,6000,0,0,716,44,130,140,0,0,0.0,98100,9.99999000001e-07,0.9999470685992119,0.4736842105263158,0.999000999000999,0.9987249551655162,0.823194900554268,0.0009976551616113008,9.99999000001e-07,0.9998992935644962,0.00571897654202041,0.9926700750026226,0.9599101639347095,0.999999000001,0.9937095165400892,0.9692611692862326,0.9792580777378689,0.9883787162526989,0.9999999498961031,0.9999949877426778,0.9999999999999
98200,9986511392915.0,516,18,200.0,18,264,118661514,111020953272.0,221873,0,0,8,134,104,150,68,0,2000,1312,0.0,98200,9.99999000001e-07,0.999946828876423,0.4736842105263158,0.999000999000999,0.9987240990147167,0.023116126009203534,0.0009976548419203392,9.99999000001e-07,0.9998999416960263,0.0011924663330594874,0.9931937725073905,0.9775767691753792,0.9999989867109164,0.9937204020291605,0.9461250879633561,0.9855395198178264,0.9487919638025545,0.9999999643845704,0.9999949877486181,0.9999999999999
98300,9986498016020.0,9904275,21,200.0,23,40,118716720,111032499181.0,222652,2000,3,190,840,2,1,427,5,1792,1040,200.0,98300,9.99999000001e-07,0.9999471504309609,0.4736842105263158,0.999000999000999,0.9987242797991018,0.008258971805000797,0.0009976535069613852,9.99999000001e-07,0.9999015707535999,0.0058442145444697335,0.9848351472954257,0.9504400922588189,0.9999989830308528,0.9937165820359458,0.521438501903793,0.97731912721323,0.8813187679847408,0.9999999498959563,0.9999949877381358,0.9999999999999
98400,9986484507298.0,10006893,22,200.0,24013,24264,118604803,111043691006.0,14,48,544,1775,0,50,186,428,6,2000,704,0.0,98400,9.99999000001e-07,0.9999472025551286,0.4736842105263158,0.999000999000999,0.9987246945477986,0.06320388006411018,0.000997651150148791,9.99999000001e-07,0.9998945440686627,0.0012006866743153588,0.3841980068117658,0.8742891705557495,0.9999989929070443,0.9936748879285066,0.946089470131671,0.9847572927487941,0.9592870979667271,0.9999999779372506,0.9999949877571278,0.9999999999999
98500,9986470594957.0,566,23,200.0,19000,32121,118717656,111054908955.0,110698,0,60,269,293,3,0,71,112,2000,2000,400.0,98500,9.99999000001e-07,0.99994697783343,0.4736842105263158,0.999000999000999,0.9987244896986996,0.8237598197751552,0.00099765077035992,9.99999000001e-07,0.9999010964937224,0.0012005374815193758,0.18498554532492015,0.9417895133278698,0.999998996982321,0.9937216563482293,0.4953565482660724,0.9850737844346288,0.9472128024442197,0.9999999645602601,0.999995039608491,0.9999999999999
98600,9986456520553.0,9895962,26,200.0,16,11611,118587412,111065828189.0,222457,0,22004,19236,18986,406,3,661,7,104,2000,200.0,98600,9.99999000001e-07,0.9999473166019951,0.4736842105263158,0.999000999000999,0.9987244593266614,0.8232942365390709,0.0009976483780276915,9.99999000001e-07,0.9999015773315272,0.0011979582146477642,0.9874627333839797,0.9864164988983943,0.9999989730467915,0.9936957779796125,0.94914316042748,0.9884312429089266,0.920180647930133,0.9999999498957184,0.9999964347687943,0.9999999999999
98700,9986442688367.0,9945672,22,200.0,11,721,118726523,111077197056.0,111051,0,12000,22,598,0,0,214,1,2000,1527,199.0,98700,9.99999000001e-07,0.9999473732755079,0.4736842105263158,0.999000999000999,0.998723277944004,0.8227740119261374,0.0009976469927769176,9.99999000001e-07,0.9999008161344378,0.0011982524924777245,0.9768124297900824,0.9306387189772767,0.9999989845478648,0.9936715694801073,0.9594073076850076,0.9848593062067575,0.33879262282617256,0.9999999780237002,0.9999949877389551,0.9999999999999
98800,9986429454908.0,9997138,19,200.0,13000,246,118676559,111088810758.0,111110,2000,16034,16151,23413,323,40,142,262,608,1489,200.0,98800,9.99999000001e-07,0.9999474166075878,0.4736842105263158,0.999000999000999,0.9987246393746023,0.025315191987084745,0.0009976456556192365,9.99999000001e-07,0.999899351228081,0.0058697239947019,0.994761855007338,0.9697559956609108,0.9999989945618869,0.993715941783013,0.9462267311357541,0.9587846057847936,0.9888528275911955,0.9999999498960315,0.9999949877464308,0.9999999999999
98900,9986416050235.0,10062845,20,201.0,12040,276,118566901,111100039400.0,27,0,0,0,0,401,1,55,5,2000,266,199.0,98900,9.99999000001e-07,0.9999474616074318,0.4736842105263158,0.999000999000999,0.9987233467159742,0.06788890600270099,0.000997644317953467,9.99999000001e-07,0.9998972359238136,0.0012082491167173814,0.9961939313852158,0.9886515939634731,0.9999989978363286,0.9936971094081756,0.9460328402998038,0.9891829797938378,0.978541135141096,0.9999999750446197,0.9999949877526747,0.9999999999999
99000,9986402049265.0,6423,22,200.0,12000,3307,118759086,111111280478.0,111547,6,10,26502,25877,401,1,345,21,128,2000,200.0,99000,9.99999000001e-07,0.9999472396181042,0.4736842105263158,0.999000999000999,0.9987247936880751,0.029693594977571406,0.000997643928783437,9.99999000001e-07,0.9999009759120936,0.0012078727432466953,0.6878212181400438,0.9726669729339968,0.9999989837382882,0.993726140409198,0.9311084186347074,0.9685370944884756,0.9771129197076103,0.9999999498959822,0.9999955634514396,0.9999999999999
99100,9986388070066.0,10015119,21,200.0,11,15111,118629203,111122305561.0,110931,0,11,13557,21385,403,1,344,5,2000,1396,200.0,99100,9.99999000001e-07,0.9999475751143041,0.4736842105263158,0.999000999000999,0.9987250551958541,0.029727512678989387,0.0009976425343183634,9.99999000001e-07,0.999889156870628,0.0012065245785757056,0.9761954449520375,0.9810417860037725,0.9999989999918999,0.9936651567545038,0.9405428670815862,0.9833881404446367,0.9406275518458835,0.9999999843489226,0.9999949877535472,0.9999999999999
99200,9986374210173.0,9932403,23,200.0,12,32871,118663231,111133400919.0,222153,0,696,13167,13258,1,0,7,1,12,2000,401.0,99200,9.99999000001e-07,0.9999476338954569,0.4736842105263158,0.999000999000999,0.9987240477427577,0.8233844012762433,0.0009976401425891902,9.99999000001e-07,0.999902171920328,0.0012045179568229462,0.9739696888844311,0.982552494394946,0.9999989872336754,0.9937373749835257,0.9222200313465495,0.9763734010454728,0.2954206903186867,0.9999999498959631,0.9999969208624665,0.9999999999999
99300,9986350261368.0,19910556,23,200.0,10,381,118678338,111144475399.0,25,1,100,4241,3642,198,0,269,74,82,684,200.0,99300,9.99999000001e-07,0.9999479637100204,0.4736842105263158,0.999000999000999,0.9987250186291471,0.8980580079137499,0.0009976397396914882,9.99999000001e-07,0.9998997403274481,0.0012028464741674885,0.6426652576704818,0.8583499613083749,0.9999989893666209,0.9937178636340803,0.5638392699167043,0.9694744516965331,0.9471970154462184,0.9999999498961453,0.9999949877385491,0.9999999999999
99400,9986337149506.0,19918696,22,200.0,16,36068,118525398,111155987621.0,221798,2000,27039,34847,0,801,0,332,63,2000,1313,400.0,99400,9.99999000001e-07,0.9999479952886894,0.4736842105263158,0.999000999000999,0.9987234454772718,0.8236936794563938,0.0009976374523607858,9.99999000001e-07,0.9998941552306686,0.005888971177551531,0.9950232974553694,0.9810913272097496,0.999999000001,0.993723531331578,0.22922789110909014,0.9900592733225632,0.9893400628391887,0.9999999832011335,0.999994987769074,0.9999999999999
99500,9986334012878.0,10012675,20,200.0,7019,69,118792072,111167925436.0,111318,23,916,491,482,2,0,315,5,92,1236,400.0,99500,9.99999000001e-07,0.9999477619406092,0.4736842105263158,0.999000999000999,0.9987242043503154,0.02470321323578041,0.0009976371297749974,9.99999000001e-07,0.9999011232008872,0.001219944476000458,0.6954231181942241,0.985280095349399,0.9999989999966,0.9937320403891735,0.18047653430689817,0.9844245692154024,0.600004240964211,0.9999999498959056,0.9999949877297066,0.9999999999999
99600,9986319781211.0,9951505,22,201.0,7018,7253,118567618,111178697506.0,11,2000,348,8583,8501,1,43,538,0,2000,0,200.0,99600,9.99999000001e-07,0.9999478260726472,0.4736842105263158,0.999000999000999,0.9987243926288708,0.013721736976590869,0.0009976347104425566,9.99999000001e-07,0.999891090103118,0.0059197929717654686,0.953696938823872,0.990394493404354,0.9999989782064724,0.9936604297605827,0.9460367846923314,0.9863780232644536,0.8691224822555103,0.9999999873173899,0.9999949877470473,0.9999999999999
99700,9986305480508.0,14951,23,200.0,7015,76866,118737091,111189636023.0,222109,0,15205,91,0,152,135,14,0,2000,320,0.0,99700,9.99999000001e-07,0.9999476184655479,0.4736842105263158,0.999000999000999,0.9987236644370487,0.8234401160512463,0.0009976342903036033,9.99999000001e-07,0.9999015870175956,0.0012107429881404552,0.9815468644633807,0.9886525040954993,0.9999989999916999,0.9937348628186171,0.9461535066570925,0.9789382946717848,0.4758735905994917,0.9999999667174481,0.9999949877372218,0.9999999999999
99800,9986291390060.0,1030,21,200.0,11000,0,118688492,111200671410.0,30,2000,87,13666,13501,0,0,0,4,1174,138,400.0,99800,9.99999000001e-07,0.9999476831772863,0.4736842105263158,0.999000999000999,0.9987248534115749,0.00018181665598258047,0.0009976318773818383,9.99999000001e-07,0.999900016197376,0.005899243666118572,0.3319637502280029,0.986939672046613,0.9999989999981,0.9937134623600419,0.8906485682025251,0.981712193981716,0.9519703636683811,0.9999999498959415,0.9999949877445343,0.9999999999999
99900,9986277401612.0,1016,18,201.0,12021,22177,118545882,111211186903.0,221858,40,38,13468,16930,800,2,10,401,2000,209,201.0,99900,9.99999000001e-07,0.9999477422486373,0.4736842105263158,0.999000999000999,0.9987216399902983,0.09608903107853653,0.0009976304811510595,9.99999000001e-07,0.9998940341771568,0.001204875845539824,0.9276317345983219,0.9665173667245922,0.9999989999973999,0.9937602349635852,0.9086724439097353,0.9911969990601524,0.9734449573492646,0.9999999873670123,0.999994987754977,0.9999999999999
100000,9986263205532.0,9876581,21,200.0,12024,72003,118419299,111222658520.0,19,2000,1,12,12,602,102,332,2,68,1308,200.0,100000,9.99999000001e-07,0.9999480742577516,0.4736842105263158,0.999000999000999,0.9987256991743666,0.8236990487117061,0.0009976300726738992,9.99999000001e-07,0.9998958665584096,0.0058063099926657,0.3247474507775018,0.9926325550377717,0.9999989867427447,0.9937207124963493,0.9692054769272898,0.9888245048740476,0.9746994986759473,0.9999999498958281,0.9999949877813378,0.9999999999999
100100,9986249031110.0,1090,20,200.0,10000,9987,118487477,111233533381.0,12,0,240,4,8046,800,3,0,0,0,80,200.0,100100,9.99999000001e-07,0.9999478672488915,0.4736842105263158,0.999000999000999,0.9987251289033943,0.019352088450925006,0.0009976286580150391,9.99999000001e-07,0.9998906832743552,0.0011986504495783523,0.950756494775782,0.9898519461553582,0.9999989999987,0.9937352964811758,0.8071564924864115,0.9888834832501139,0.0,0.9999999498957644,0.9999949877718135,0.9999999999999
100200,9986235000184.0,10001551,21,200.0,10024,253,118413101,111244723386.0,111000,2000,1,105,13345,3,344,499,0,2000,260,400.0,100200,9.99999000001e-07,0.9999481994913734,0.4736842105263158,0.999000999000999,0.9987225478554478,0.028468566751819593,0.0009976272477761428,9.99999000001e-07,0.9998973285399451,0.005844409486776613,0.9639378247291523,0.9945821672351141,0.9999989798333456,0.9937013351855213,0.9691454001913226,0.9917073688713932,0.3117421286215512,0.9999999873890425,0.9999949877858876,0.9999999999999
100300,9986220964123.0,9992057,22,200.0,19008,68314,118537447,111255638515.0,222341,38,26264,12088,0,746,0,477,121,2000,0,200.0,100300,9.99999000001e-07,0.9999482555593615,0.4736842105263158,0.999000999000999,0.9987256544342242,0.823847641024471,0.000997625856967716,9.99999000001e-07,0.9998936645894044,0.0011940516711313686,0.9865657139458271,0.9936235520473835,0.9999989999922,0.9937453830542279,0.2292310775755607,0.9886127568918758,0.9746464403714037,0.9999999869492657,0.9999949877494825,0.9999999999999
100400,9986206966598.0,9921726,19,200.0,9036,51968,118589662,111266671152.0,223359,2000,101,31202,0,944,130,3,1,1544,593,200.0,100400,9.99999000001e-07,0.9999483115897576,0.4736842105263158,0.999000999000999,0.9987255550971291,0.8237017227834046,0.0009976234698890695,9.99999000001e-07,0.9998927674773195,0.005785099070968427,0.9737278457639443,0.9903502081223307,0.999998994156856,0.9937632527396648,0.9771707934714068,0.9718641495941692,0.30559572267844776,0.9999999498961599,0.9999949877566997,0.9999999999999
100500,9986193263437.0,9987965,20,200.0,11,265,118591477,111278020866.0,110982,0,39526,8883,8780,1,2,619,3,122,2000,0.0,100500,9.99999000001e-07,0.9999483634105976,0.4736842105263158,0.999000999000999,0.9987244291567573,0.038377394270137796,0.0009976230924755311,9.99999000001e-07,0.9998929783983318,0.0011933349956130296,0.9848846919226638,0.9879310321926322,0.9999989955369699,0.9937461643022146,0.8148052859195047,0.9843108671366786,0.9710701515657005,0.9999999498959933,0.9999958968009054,0.9999999999999
100600,9986169250849.0,19945883,17,201.0,24010,506,118826182,111289339098.0,111119,0,1,12499,26624,28,199,1,9,2000,2000,0.0,100600,9.99999000001e-07,0.9999486890386751,0.4736842105263158,0.999000999000999,0.9987244705619798,0.051827531320860994,0.000997621678233219,9.99999000001e-07,0.9999004065504206,0.001189654991738773,0.7564941825673248,0.991945211564713,0.9999989795921491,0.9937288254170404,0.9556959511015293,0.5133516946738137,0.739385602404507,0.9999999573066215,0.9999955752715397,0.9999999999999
100700,9986165170939.0,1008,21,200.0,9012,40523,118426948,111299926525.0,222947,2000,31438,6358,6334,403,1,710,360,104,0,200.0,100700,9.99999000001e-07,0.9999482146279379,0.4736842105263158,0.999000999000999,0.9987238532292844,0.8229630667252265,0.0009976202886625032,9.99999000001e-07,0.9998975397763396,0.0057924975406260844,0.9780171655315092,0.9951749459123584,0.9999989711049222,0.9936748093106652,0.7618670214125572,0.9901353604081695,0.9641909705533745,0.9999999498956282,0.9999949877661108,0.9999999999999
100800,9986151009534.0,16360,22,200.0,8013,8493,118710744,111310997863.0,111337,0,227,13166,13091,403,0,163,389,2000,994,201.0,100800,9.99999000001e-07,0.9999482806252807,0.4736842105263158,0.999000999000999,0.9987236930050022,0.03735191715699255,0.0009976178673274823,9.99999000001e-07,0.9998996331894173,0.001183123350796965,0.9788658810341384,0.9941782795956245,0.9999989975971401,0.993737451089284,0.9687488919402991,0.9869498991209259,0.9707788930615637,0.9999999755648858,0.9999949877383368,0.9999999999999
100900,9986137026349.0,9974194,18,201.0,18,264,118590054,111322072021.0,223199,2000,20327,7098,581,792,0,526,0,1852,0,0.0,100900,9.99999000001e-07,0.9999486030166815,0.4736842105263158,0.999000999000999,0.9987252034443308,0.027164802464760454,0.0009976174669660944,9.99999000001e-07,0.9999018351911023,0.005763085726310444,0.9873556676261853,0.9463786433780744,0.9999989999989,0.9937474608224031,0.19866164237381995,0.9798553127377577,0.3283445365976714,0.9999999498961789,0.99999498774155,0.9999999999999
101000,9986113033927.0,19917504,18,200.0,41,46418,118384395,111332643770.0,20,2000,64502,2,2,650,2,0,0,912,1,0.0,101000,9.99999000001e-07,0.9999489225695145,0.4736842105263158,0.999000999000999,0.9987229281531469,0.8237651613626308,0.0009976160647414524,9.99999000001e-07,0.9998932519201311,0.011163215863555056,0.9868003559511308,0.9667642629079602,0.9999990000002,0.9937419284257355,0.31062838021991823,0.9912280137393629,0.8860202106534935,0.9999999498953347,0.9999949877725175,0.9999999999999
101100,9986099070007.0,19941860,21,200.0,15011,4416,118382361,111343659277.0,111462,2000,692,11,18351,0,0,330,0,2000,1491,401.0,101100,9.99999000001e-07,0.9999489785298092,0.4736842105263158,0.999000999000999,0.998724345058532,0.8978826654334635,0.0009976126833255597,9.99999000001e-07,0.9998972747188357,0.011137549045756206,0.9480963082643191,0.9865513227299622,0.9999989999981,0.9936574469544156,0.8986169158704586,0.9909983218629251,0.9633563539609661,0.9999999831283726,0.9999949877904784,0.9999999999999
101200,9986095235855.0,44466,23,200.0,20,91684,118412191,111354913108.0,111226,2000,0,41,0,0,11,0,0,362,1384,400.0,101200,9.99999000001e-07,0.9999485071538532,0.4736842105263158,0.999000999000999,0.9987248431509169,0.8230718029657976,0.0009976123010255772,9.99999000001e-07,0.9999013466186554,0.0056515280768673366,0.958914897090048,0.9815784690546339,0.9999989859608305,0.9937488256064383,0.9692105566509363,0.9892352246230423,0.10780676946384006,0.9999999498955648,0.999994987785973,0.9999999999999
101300,9986081015792.0,9946111,21,200.0,20020,25963,118444311,111365933548.0,111853,2000,54,133,12616,1,247,0,21,1970,774,401.0,101300,9.99999000001e-07,0.99994882808231,0.4736842105263158,0.999000999000999,0.9987237274828228,0.8232811572213258,0.0009976108974667866,9.99999000001e-07,0.9999019861141768,0.005714467040601558,0.9888923323446602,0.8326405978779227,0.9999989999965,0.9937435891554199,0.9692779815873128,0.9903817939575068,0.8144887254984677,0.9999999498956694,0.9999949877812091,0.9999999999999
101400,9986067062783.0,9924588,21,200.0,10012,10248,118481720,111377186038.0,111568,20,11054,3795,3773,800,2,663,578,100,0,200.0,101400,9.99999000001e-07,0.999948883074684,0.4736842105263158,0.999000999000999,0.998724999033257,0.01992011277533302,0.0009976095070888538,9.99999000001e-07,0.9998926766863713,0.0011736337243572659,0.9874926027102984,0.993231793303857,0.9999989730063974,0.9937343385053856,0.9485069586535438,0.9892300645388378,0.9806477367981924,0.9999999498957045,0.999994987775583,0.9999999999999
101500,9986053107763.0,9985410,21,200.0,21000,13896,118594914,111388335559.0,13,2000,21306,19436,19081,267,278,203,24,2000,0,400.0,101500,9.99999000001e-07,0.9999489401303207,0.4736842105263158,0.999000999000999,0.9987254551068142,0.8229466358356418,0.0009976091048432242,9.99999000001e-07,0.9998935972575331,0.0057219508326629785,0.961829765845037,0.9820991680569936,0.9999989918891433,0.9936947721847859,0.9692363467704774,0.9842919732623825,0.96021624469831,0.9999999773838016,0.9999949877586408,0.9999999999999
101600,9986029074241.0,19879348,20,201.0,18000,56911,118557405,111399235290.0,13,36,12,18930,0,3,93,2,10,2000,380,400.0,101600,9.99999000001e-07,0.9999492591736862,0.4736842105263158,0.999000999000999,0.9987274116850802,0.8230204210292933,0.00099760569790668,9.99999000001e-07,0.999892925857688,0.0011674757374832195,0.8435910154643648,0.9466732317021459,0.999998996179459,0.9936630067799764,0.9691244228900595,0.9753138759693061,0.7779932232291755,0.9999999858198032,0.9999949877522006,0.9999999999999
101700,9986025033706.0,10010058,20,200.0,13008,255,118480032,111410249922.0,111534,26,13,241,13926,3,0,182,0,52,1228,400.0,101700,9.99999000001e-07,0.9999490579720726,0.4736842105263158,0.999000999000999,0.9987246806426415,0.019536711317234733,0.0009976062932805028,9.99999000001e-07,0.9999012024159961,0.001166136474222011,0.891024772693603,0.9895487738151947,0.9999989999979,0.993707721411507,0.8678594810603347,0.9873857966697132,0.9384506815701157,0.9999999498957653,0.9999949877758845,0.9999999999999
101800,9986011201508.0,9998720,19,200.0,6000,90,118319450,111421409386.0,223410,0,65,24000,0,404,0,335,10,152,2000,202.0,101800,9.99999000001e-07,0.9999491098862623,0.4736842105263158,0.999000999000999,0.9987268765850263,0.8229904424772984,0.0009976039140147514,9.99999000001e-07,0.9998997818551641,0.0011659564588237235,0.9962659512500175,0.9847647769767609,0.9999989665588788,0.9937242862568039,0.9465480858378085,0.9820949874182628,0.991308667504467,0.9999999498960271,0.9999977947954743,0.9999999999999
101900,9985997956860.0,9995152,25,200.0,9004,9248,118528676,111432788878.0,111457,2000,1,532,0,802,2,666,0,74,0,199.0,101900,9.99999000001e-07,0.9999491465203555,0.4736842105263158,0.999000999000999,0.9987247642847267,0.03375532613329275,0.000997603589676044,9.99999000001e-07,0.9998922212404775,0.005728871120043765,0.9676212170508938,0.9614142992689346,0.9999989999918,0.993749630129478,0.8514226617313992,0.9864238609591616,0.9159628182724859,0.9999999498959534,0.9999949877535147,0.9999999999999
102000,9985974185607.0,19977758,18,200.0,20000,316,118426629,111444073618.0,9,40,76,418,8982,26,200,0,0,0,2000,200.0,102000,9.99999000001e-07,0.9999494534364192,0.4736842105263158,0.999000999000999,0.9987248760028506,0.823117180090607,0.0009976022134667792,9.99999000001e-07,0.9999000121185312,0.0011736709408992202,0.3140974913977752,0.9306488864859679,0.9999989721871795,0.9937193952916011,0.9496827629314741,0.9856473593864591,0.5537167318376396,0.9999999498957213,0.9999964111570057,0.9999999999999
102100,9985970480750.0,9986430,20,200.0,20,2636,118557972,111455604985.0,111545,1,43901,20772,0,10,1,881,10,216,2000,0.0,102100,9.99999000001e-07,0.9999492421629564,0.4736842105263158,0.999000999000999,0.9987232997474542,0.8231517925325245,0.000997600858619425,9.99999000001e-07,0.9998888103890236,0.001176244728117423,0.9905374455850827,0.9825420054827798,0.9999989972668503,0.9937370387782503,0.3725340548480861,0.9902294752381176,0.7662309663337173,0.9999999498956533,0.9999973314831836,0.9999999999999
102200,9985956428841.0,10005220,18,200.0,8010,477,118795722,111466309634.0,221999,0,140,782,10755,400,0,332,9,30,2000,0.0,102200,9.99999000001e-07,0.9999492993792763,0.4736842105263158,0.999000999000999,0.998722817970151,0.019557631133933436,0.0009975994562190875,9.99999000001e-07,0.9999017270005557,0.0011735056899573378,0.9796607574439765,0.9419969321929093,0.9999989993648969,0.9937446235921774,0.8819124120182071,0.9865166116435065,0.9292099644731204,0.999999949895672,0.9999951417707712,0.9999999999999
102300,9985942756515.0,9852528,19,200.0,13,15792,118336189,111477163511.0,223025,0,91,2,0,800,3,0,29,0,819,200.0,102300,9.99999000001e-07,0.9999493462889885,0.4736842105263158,0.999000999000999,0.998722999900474,0.8230998489380477,0.0009975970830956298,9.99999000001e-07,0.9998931516284173,0.0011739465838834992,0.9091398976829066,0.9754011329811659,0.9999989999968,0.9937601327709952,0.9246893160730486,0.9919623523166978,0.9825349128947393,0.9999999498949326,0.9999949877920035,0.9999999999999
102400,9985928723181.0,10015701,23,200.0,9018,254,118656741,111488893082.0,111775,0,11012,5,0,590,108,4,3,1268,968,200.0,102400,9.99999000001e-07,0.9999494042049911,0.4736842105263158,0.999000999000999,0.9987234578508014,0.041431113763536184,0.0009975966911947194,9.99999000001e-07,0.999901177675523,0.0011724153598716932,0.9831780347766557,0.9915417961462142,0.9999989902231384,0.9937343332773463,0.9692069803878848,0.988236849320691,0.9581539041302839,0.9999999498955375,0.9999949877460919,0.9999999999999
102500,9985914622486.0,22618,19,200.0,20,1,118444888,111499683343.0,111368,2000,680,3602,27723,2,0,171,0,2000,1780,398.0,102500,9.99999000001e-07,0.9999492055735965,0.4736842105263158,0.999000999000999,0.9987249332954946,0.06017785490371173,0.0009975952838755986,9.99999000001e-07,0.9998989553498848,0.0057025056014916465,0.9194760347234777,0.987185243856128,0.9999989999918999,0.9936956799909161,0.9176961581340407,0.9848791245117161,0.9011030145373241,0.9999999752654493,0.9999949877810875,0.9999999999999
102600,9985890625590.0,19959575,21,200.0,7025,19209,118597307,111510761599.0,12,1,11103,22612,81,790,110,656,0,148,985,200.0,102600,9.99999000001e-07,0.9999497733501077,0.4736842105263158,0.999000999000999,0.9987253083602035,0.8979852598216039,0.0009975918802767906,9.99999000001e-07,0.9999001309582745,0.0011662121704552675,0.9873692511696849,0.9741626920002658,0.9999989900544604,0.993734343129355,0.9463675257534755,0.9822071088428532,0.9457408544482168,0.9999999498959606,0.9999949877553024,0.9999999999999
102700,9985886517964.0,23051,21,200.0,19,19,118480167,111521801795.0,111782,0,30,1,0,0,134,0,0,1464,2000,201.0,102700,9.99999000001e-07,0.9999493202389791,0.4736842105263158,0.999000999000999,0.9987255147790037,0.022221469666033274,0.0009975924767485363,9.99999000001e-07,0.9999013512608345,0.0011643951490502083,0.9586238551384914,0.981684180285527,0.9999989776561643,0.9937488821022035,0.9463567834732987,0.9872984973262529,0.0028522123918361753,0.9999999498958647,0.9999954124737843,0.9999999999999
102800,9985872647934.0,9988499,23,200.0,24021,24245,118630586,111532907076.0,111764,0,732,2942,0,771,17,297,1,34,1180,400.0,102800,9.99999000001e-07,0.9999496295639003,0.4736842105263158,0.999000999000999,0.9987249354656328,0.06422915387282882,0.0009975910830880114,9.99999000001e-07,0.9999009310598068,0.0011623263463497783,0.9869991308889606,0.9906447993121454,0.9999989999975,0.9937306748877449,0.9693694574673887,0.9874748421868503,0.9594512875320876,0.9999999498957653,0.9999949877532276,0.9999999999999
102900,9985858863160.0,16542,23,200.0,11,0,118569633,111543964506.0,15,2000,1,101,0,996,106,926,0,28,652,200.0,102900,9.99999000001e-07,0.999949422205906,0.4736842105263158,0.999000999000999,0.9987246651118767,0.015641821267989103,0.0009975897191056803,9.99999000001e-07,0.9998993012412432,0.005682636754113849,0.9940495623166145,0.9802084250122581,0.9999989999911999,0.9937223317887567,0.9692532234586376,0.9859668509033424,0.9238642315584007,0.9999999498958115,0.9999949877544553,0.9999999999999
103000,9985835654733.0,19795546,19,200.0,12009,471,118571477,111555792570.0,111859,2000,777,17,17,17,201,193,0,62,2000,0.0,103000,9.99999000001e-07,0.9999499624870767,0.4736842105263158,0.999000999000999,0.9987247295112297,0.01671330115433207,0.0009975874029114224,9.99999000001e-07,0.999901241200591,0.011013990335782386,0.9487458046229129,0.9780899690550107,0.99999899074717,0.9937382192758015,0.9480998181305709,0.9729008398089776,0.9402876312004848,0.9999999498958781,0.9999965594517456,0.9999999999999
103100,9985821945773.0,19850522,20,200.0,8012,66011,118600722,111566778071.0,111724,2000,33712,26167,25650,405,0,825,15,2000,256,200.0,103100,9.99999000001e-07,0.9999500120586411,0.4736842105263158,0.999000999000999,0.9987235555997841,0.8230524034577839,0.0009975870073623942,9.99999000001e-07,0.9998922173953579,0.005649680386287503,0.9755582538087134,0.9784853067711952,0.9999989999982,0.9936627395093253,0.19865771805380109,0.9878748839981163,0.9161211535774492,0.9999999872536133,0.9999949877578165,0.9999999999999
103200,9985817842523.0,22220,22,200.0,11008,11465,118793747,111577909648.0,222227,22,10980,12200,9752,800,3,501,0,2000,2000,200.0,103200,9.99999000001e-07,0.9999495628688999,0.4736842105263158,0.999000999000999,0.9987249518020663,0.03290297242851385,0.0009975856230261225,9.99999000001e-07,0.999901847360278,0.0011701168666865425,0.9777753869876199,0.9613832482812477,0.9999989999941999,0.9937469134389143,0.8280303858915976,0.9866222025726437,0.9386350317381064,0.9999999874208829,0.9999952126456771,0.9999999999999
103300,9985794758585.0,19915349,26,200.0,14009,481,118552056,111589232339.0,111448,2000,747,80,9701,2,0,308,511,2000,0,400.0,103300,9.99999000001e-07,0.9999500997393187,0.4736842105263158,0.999000999000999,0.9987259851839415,0.06393343768953683,0.0009975843002933535,9.99999000001e-07,0.9998920774137345,0.011126839163452515,0.9374062551653404,0.5329407579000551,0.999998999996,0.9937199783144437,0.8802142456723221,0.979862263017819,0.9867243236709842,0.9999999768546998,0.9999949877472807,0.9999999999999
103400,9985781312351.0,19920114,18,200.0,16000,496,118732331,111601075240.0,223080,0,0,0,0,3,0,303,9,2000,0,0.0,103400,9.99999000001e-07,0.9999501398474567,0.4736842105263158,0.999000999000999,0.9987232837653469,0.039327193703558715,0.0009975829585111447,9.99999000001e-07,0.9998992329613015,0.0011812918584164188,0.996468644144508,0.9863380199008135,0.999999000001,0.99372107734162,0.12956667971772542,0.9855726140262402,0.9682430459223748,0.9999999821716921,0.999994987724886,0.9999999999999
103500,9985777505471.0,9972031,18,200.0,14000,14471,118724526,111612301087.0,21,27,3,587,6072,735,2,613,379,124,2000,200.0,103500,9.99999000001e-07,0.9999499392483995,0.4736842105263158,0.999000999000999,0.998724392666458,0.036637575480377646,0.000997580591590115,9.99999000001e-07,0.9998991381455399,0.0011826216866868114,0.9796139474599066,0.9398875730165468,0.9999989931100535,0.9937308360375582,0.9463628191017484,0.987103110515551,0.983679951177065,0.9999999498957011,0.9999968202726279,0.9999999999999
103600,9985763749276.0,9974511,21,200.0,21,30024,118631752,111623306922.0,111468,30,19625,1706,1616,382,11,412,4,2000,265,0.0,103600,9.99999000001e-07,0.9999499877740863,0.4736842105263158,0.999000999000999,0.9987257287832774,0.823686855059248,0.0009975792174694135,9.99999000001e-07,0.999895556154599,0.0011835227807250933,0.9843663752775287,0.9538578147740308,0.9999989999940999,0.9937264163075558,0.9464914898975715,0.9793082128917184,0.8158365790975965,0.9999999852334132,0.9999949877392564,0.9999999999999
103700,9985740209614.0,19919019,18,200.0,12000,24311,118414586,111634604547.0,223057,2000,30003,9703,0,2,106,0,10,20,2000,400.0,103700,9.99999000001e-07,0.9999502787448394,0.4736842105263158,0.999000999000999,0.9987252876006926,0.8980859663693748,0.0009975768686800363,9.99999000001e-07,0.9999006917021561,0.011258819301343457,0.9833475622006733,0.9655221487147676,0.9999989708170015,0.9937516284176304,0.9692348103184082,0.9870895044479616,0.6870285030008487,0.9999999498956957,0.9999964612411598,0.9999999999999
103800,9985736120386.0,9997674,16,200.0,5022,329,118587034,111645708876.0,111475,0,169,4358,4302,736,33,165,0,2000,0,0.0,103800,9.99999000001e-07,0.9999500866346781,0.4736842105263158,0.999000999000999,0.9987255764561235,0.823337531687885,0.0009975764597861649,9.99999000001e-07,0.9998991618839989,0.0011841366496539705,0.9392440819259248,0.9858253755338261,0.9999989933906027,0.9937300054277196,0.9692074319538323,0.9843923384238554,0.010825102828213687,0.9999999870027332,0.9999949877420057,0.9999999999999
103900,9985722092281.0,10017256,20,200.0,11024,46797,118758786,111656859260.0,20,2000,86,13336,10312,401,0,1,4,2000,0,200.0,103900,9.99999000001e-07,0.9999501417125594,0.4736842105263158,0.999000999000999,0.9987247821670409,0.8231003754221831,0.0009975750612293782,9.99999000001e-07,0.9999000055996864,0.005786046732086142,0.9242981460841773,0.9853598411091969,0.9999989999941999,0.9937475795849757,0.9245025379937115,0.9755468760798697,0.9742826644972157,0.9999999748959674,0.9999949877160381,0.9999999999999
104000,9985707660645.0,38943,25,201.0,19004,507,118546736,111667740766.0,111852,1,0,3466,0,104,13,96,0,12,1900,201.0,104000,9.99999000001e-07,0.9999499546455217,0.4736842105263158,0.999000999000999,0.9987244901987519,0.020292205427820297,0.0009975746251223807,9.99999000001e-07,0.9999000086592501,0.0011753183131134953,0.6966233026975693,0.9908852930209661,0.999998984556217,0.9937319639545373,0.8515162726708816,0.9875223040267834,0.4727095013961518,0.9999999498956418,0.9999949877601623,0.9999999999999
104100,9985693454211.0,463,25,200.0,20009,238,118722732,111678588043.0,224059,0,103,1,13251,1,0,10,0,248,2000,0.0,104100,9.99999000001e-07,0.9999500130898972,0.4736842105263158,0.999000999000999,0.9987239203187139,0.03910164643573445,0.0009975732112712495,9.99999000001e-07,0.9999023810339626,0.0011711727907557253,0.9471400653829133,0.937410090197335,0.9999989776700651,0.9937584529515789,0.9778163024968343,0.7170498922876096,0.09071558678418727,0.9999999498960099,0.9999957157437872,0.9999999999999
104200,9985679174441.0,10009204,19,200.0,12008,224,118751419,111689576098.0,111225,0,2,0,8,400,0,0,0,0,0,0.0,104200,9.99999000001e-07,0.9999503217426743,0.4736842105263158,0.999000999000999,0.9987256005846926,0.0036188773260734126,0.0009975717861227878,9.99999000001e-07,0.999901480890002,0.0011665109602430183,0.973649373644665,0.9672774653497858,0.9999989999988,0.9937504363811538,0.9187813799346989,0.9084561749929622,0.24240309117065975,0.9999999498960593,0.9999949877314891,0.9999999999999
104300,9985665341437.0,9872193,21,200.0,9011,199,118687778,111700545258.0,111359,2000,141,4,0,0,0,0,2,148,2000,400.0,104300,9.99999000001e-07,0.9999503713870647,0.4736842105263158,0.999000999000999,0.9987244434275911,0.013935913878811367,0.000997569397553561,9.99999000001e-07,0.9999011221547777,0.005680118469262098,0.9480131005771751,0.9792022377584579,0.99999899302164,0.9937351795023808,0.9143114971025564,0.970289445848519,0.30973778843685146,0.9999999498959619,0.9999962745554692,0.9999999999999
104400,9985651246801.0,9990032,22,200.0,10040,10292,118760959,111711678626.0,111868,19,325,3718,15079,1,0,185,2,2000,0,0.0,104400,9.99999000001e-07,0.9999504270866605,0.4736842105263158,0.999000999000999,0.9987246709613761,0.039374700045070106,0.0009975689988904405,9.99999000001e-07,0.9998967070304604,0.0011635805191643413,0.4075419938339129,0.9732953427873875,0.999998992825696,0.9937451671302003,0.8911446374225614,0.9763760650998871,0.9713086890638104,0.9999999762106079,0.9999949877187483,0.9999999999999
104500,9985637806720.0,9984158,21,200.0,20004,20229,118603154,111723171030.0,13,0,19191,18235,0,629,93,744,2,2000,2000,400.0,104500,9.99999000001e-07,0.9999504694087439,0.4736842105263158,0.999000999000999,0.9987253712950915,0.03985152167848412,0.00099756764570298,9.99999000001e-07,0.9998985573125316,0.001166456542863524,0.9847317710583123,0.9601320238352635,0.999998999881486,0.993702489279851,0.9693295963750781,0.9843362245619985,0.6790189786625854,0.999999972210553,0.9999965863195217,0.9999999999999
104600,9985614096007.0,19949911,20,200.0,13015,495,118414593,111733696434.0,223264,26,28736,281,19188,1,1,747,240,2000,307,0.0,104600,9.99999000001e-07,0.9999507592386461,0.4736842105263158,0.999000999000999,0.9987233260192551,0.0008241459249708872,0.00099756627374562,9.99999000001e-07,0.9998928484941999,0.0011678623150348062,0.9700896173299167,0.9648271454218192,0.999998998848275,0.9936477462184501,0.9050157535739773,0.9909220476793708,0.9761792487279374,0.9999999907631318,0.9999949877764787,0.9999999999999
104700,9985610279859.0,506,24,200.0,20006,69,118639246,111745323114.0,111270,2000,1,310,0,800,0,824,0,2000,0,400.0,104700,9.99999000001e-07,0.999950316152136,0.4736842105263158,0.999000999000999,0.9987250272690419,0.00024986191373008827,0.0009975649103360765,9.99999000001e-07,0.9998982782577914,0.005700801412869561,0.9879866494264766,0.9698494606109707,0.9999989999919999,0.9936992097465168,0.937425480725723,0.9849730257341012,0.3303344938311303,0.9999999748711023,0.9999949877520059,0.9999999999999
104800,9985596955925.0,9969014,22,200.0,18000,68,118746475,111757007492.0,111804,2000,14000,0,0,5,2,329,1,2000,688,0.0,104800,9.99999000001e-07,0.9999506007464954,0.4736842105263158,0.999000999000999,0.9987249575489974,0.8228274986710225,0.0009975625725357749,9.99999000001e-07,0.9998943599182938,0.005722908437662448,0.996222555015554,0.7533148222307178,0.9999989930733516,0.9936479562143598,0.25753412657621105,0.975425730896677,0.9910681493550397,0.9999999829354532,0.9999949877283152,0.9999999999999
104900,9985583021895.0,12048,17,200.0,6010,20,118760320,111768174175.0,111469,0,10,26003,0,4,129,106,0,76,1965,200.0,104900,9.99999000001e-07,0.9999504051262404,0.4736842105263158,0.999000999000999,0.9987237925499031,0.025314225667368795,0.0009975621899371504,9.99999000001e-07,0.9998996818107674,0.0011738612395256892,0.5447789232098829,0.9846416583967983,0.9999989999943,0.9937077981832058,0.946145566611236,0.9754565379902448,0.9463802007490035,0.999999949895888,0.9999949877473174,0.9999999999999
105000,9985569661719.0,940,21,200.0,13015,420,118597243,111779369792.0,111687,0,98,309,306,403,2,505,520,2000,259,0.0,105000,9.99999000001e-07,0.9999504452934885,0.4736842105263158,0.999000999000999,0.9987239845558437,0.8227286041067585,0.000997559848421859,9.99999000001e-07,0.9998965807956329,0.0011778609812509208,0.9957407094254601,0.9859322023804685,0.9999989974250868,0.9936896117165946,0.9231023368768396,0.9889393834253696,0.991374752580045,0.9999999752043469,0.9999949877543035,0.9999999999999
105100,9985555916154.0,9983384,20,200.0,21023,247,118699781,111790715950.0,111892,42,771,17540,0,400,201,186,4,2000,743,200.0,105100,9.99999000001e-07,0.9999507357180578,0.4736842105263158,0.999000999000999,0.9987238221620613,0.004633482280084141,0.000997559472999793,9.99999000001e-07,0.9998964676415826,0.0011794657565281689,0.9330027918729342,0.985801733627118,0.9999989925145849,0.9937307019880026,0.9632131232996272,0.9751332666001933,0.8055434923243756,0.9999999750327342,0.9999949877429349,0.9999999999999
105200,9985532164367.0,19953921,26,200.0,8011,43,118844601,111802010600.0,28,2000,20034,29936,16,420,200,221,9,92,0,200.0,105200,9.99999000001e-07,0.9999510232100435,0.4736842105263158,0.999000999000999,0.9987235019515636,0.04571193061733709,0.000997556106103904,9.99999000001e-07,0.9998973477533735,0.011180091627181605,0.99592153920644,0.9785170456962093,0.9999989999925999,0.9936999765909271,0.9527025957519228,0.9765154514116096,0.971420811857887,0.9999999498958865,0.9999949877210085,0.9999999999999
105300,9985528267603.0,9987952,23,200.0,12007,12250,118219202,111812655474.0,111725,2000,7513,14364,0,6,0,458,253,2000,0,400.0,105300,9.99999000001e-07,0.9999508295091796,0.4736842105263158,0.999000999000999,0.998723259835556,0.02475331615746807,0.0009975557286912129,9.99999000001e-07,0.9998946951413813,0.005758106247944939,0.9867426921957868,0.9870058044226755,0.999998981497787,0.9936427710220307,0.2206158828831816,0.9925033716722813,0.9804205048392991,0.9999999865616306,0.9999949878148447,0.9999999999999
105400,9985514728903.0,9978035,19,200.0,10010,231,118826905,111824388593.0,111344,2000,12258,15104,434,0,0,0,200,2000,4,200.0,105400,9.99999000001e-07,0.9999508739972033,0.4736842105263158,0.999000999000999,0.9987231574938857,0.0002494108221709121,0.0009975553613851273,9.99999000001e-07,0.9998983268255723,0.005781250667393845,0.9827681859235188,0.9730830826564677,0.999998999998,0.9936982135467235,0.9642909872294737,0.9855493284798205,0.9821969967590514,0.9999999501445096,0.9999949877057694,0.9999999999999
105500,9985500622751.0,10014535,17,200.0,13000,251,118738962,111835382398.0,111956,0,6,281,17634,0,0,73,0,2000,1712,400.0,105500,9.99999000001e-07,0.9999509262670769,0.4736842105263158,0.999000999000999,0.9987239993555657,0.07902993490448597,0.0009975539665535386,9.99999000001e-07,0.9999002547991157,0.0011801001585320262,0.016714145177520807,0.9854926083919455,0.9999989999981,0.9937115227025967,0.8923927036592038,0.98439714446176,0.3287768559860898,0.9999999652218622,0.9999949877449126,0.9999999999999
105600,9985476435417.0,19894084,24,200.0,10000,43098,118340343,111846179099.0,18,2000,4,262,20037,0,0,0,0,0,2000,399.0,105600,9.99999000001e-07,0.9999512240617767,0.4736842105263158,0.999000999000999,0.9987243232716645,0.8979902535854619,0.0009975505439764687,9.99999000001e-07,0.9999000201859245,0.005728067717136052,0.9522964210867284,0.9833417112586919,0.9999989666838197,0.9937353996880853,0.9038036040917723,0.9883242025890696,0.9724122395591905,0.9999999498955187,0.9999970677909741,0.9999999999999
105700,9985472320507.0,9983596,23,200.0,9000,65401,118726656,111857257489.0,21,18,153,34,0,1,1,2,1,10,378,200.0,105700,9.99999000001e-07,0.9999510396307956,0.4736842105263158,0.999000999000999,0.9987234372409012,0.8231860301957737,0.0009975501343083225,9.99999000001e-07,0.9998999903190628,0.001171778086206483,0.35975873695907057,0.9884172913384379,0.9999989962063627,0.9937328001972037,0.7028297766763671,0.9838557560524029,0.915438424382851,0.9999999498957359,0.9999949877293435,0.9999999999999
105800,9985458383079.0,9929442,17,201.0,7036,58994,118704712,111868489075.0,21,2000,39800,302,300,0,108,169,0,34,3,199.0,105800,9.99999000001e-07,0.9999510859586328,0.4736842105263158,0.999000999000999,0.9987244244440698,0.8236127371462282,0.0009975487600306506,9.99999000001e-07,0.999897966950679,0.005720318716850763,0.9768199525715588,0.9901564889621663,0.9999989999935,0.9937081685105185,0.945921938540333,0.9848403959456885,0.9557133265211167,0.9999999498958472,0.999994987742057,0.9999999999999
105900,9985444348923.0,9967880,20,200.0,25,3654,118522574,111879304191.0,223627,2000,777,27000,0,10,0,780,329,2000,2000,200.0,105900,9.99999000001e-07,0.9999511396398545,0.4736842105263158,0.999000999000999,0.9987250740997495,0.8229816109554059,0.0009975483503694889,9.99999000001e-07,0.9998927008002589,0.005701920768309115,0.9694917978275056,0.9912356887175611,0.9999989994278728,0.9936473434532879,0.3310822774034513,0.9880889094341311,0.9590615217880297,0.9999999910150108,0.9999968204713073,0.9999999999999
106000,9985420426294.0,19840543,15,200.0,23,48702,118676664,111890656531.0,111640,0,2063,72,31118,2,156,7,3,1786,1627,201.0,106000,9.99999000001e-07,0.9999514295701352,0.4736842105263158,0.999000999000999,0.9987244722067393,0.89771885295622,0.0009975449542701756,9.99999000001e-07,0.9999011308651643,0.0011662019573350979,0.8333316976193589,0.9896665242426957,0.9999989866591652,0.993746494137742,0.9463534136392554,0.8844754507888449,0.3991702298447091,0.9999999498961059,0.9999949877463158,0.9999999999999
106100,9985416309792.0,412,19,200.0,25,214,118651559,111901523930.0,224370,0,567,13169,12947,401,0,300,5,618,1434,200.0,106100,9.99999000001e-07,0.9999510053652506,0.4736842105263158,0.999000999000999,0.9987244075040616,0.036353792205978314,0.0009975455520405828,9.99999000001e-07,0.9999019546612862,0.0011655605858836035,0.931224494473111,0.9844165040687411,0.9999989867801149,0.993759928320034,0.9333013691756357,0.9660867933472921,0.3880011315061683,0.9999999498960561,0.9999949877501841,0.9999999999999
106200,9985402544761.0,9965602,23,201.0,22000,50142,118774861,111912599905.0,112141,2000,9885,32867,0,108,161,783,4,2000,2000,201.0,106200,9.99999000001e-07,0.999951292095811,0.4736842105263158,0.999000999000999,0.9987259695128693,0.8228376601462719,0.000997543169604376,9.99999000001e-07,0.9998985864060553,0.005682898152231618,0.9907928020470191,0.9849660829168317,0.9999989979941848,0.9936085324137095,0.9471017495869324,0.9845811882382965,0.9659626483265922,0.9999999907049376,0.9999969354859574,0.9999999999999
106300,9985388824982.0,502,19,200.0,21000,66489,118669436,111923806994.0,111565,2000,2,0,0,962,121,119,0,0,127,200.0,106300,9.99999000001e-07,0.999951099618287,0.4736842105263158,0.999000999000999,0.9987246028631532,0.8233671195969765,0.0009975418007303878,9.99999000001e-07,0.9999012712023795,0.005712715145668217,0.9381547650583367,0.938617680559003,0.9999989987229713,0.9937491270506797,0.9692077528626655,0.9803433817711782,0.9801836076550806,0.999999949895942,0.9999949877378163,0.9999999999999
106400,9985375190251.0,9983067,22,200.0,15011,15221,118622002,111935252192.0,112529,30,13000,12823,122,802,2,149,3,6,44,400.0,106400,9.99999000001e-07,0.9999513770574311,0.4736842105263158,0.999000999000999,0.9987248307398844,0.02882764366738705,0.0009975414482992708,9.99999000001e-07,0.9999008893397763,0.0011705157217260223,0.9866408468290153,0.9510296829833238,0.9999989939977884,0.9937298145314135,0.855332610144952,0.9865439748245556,0.9817842988931286,0.999999949895716,0.999994987737392,0.9999999999999
106500,9985351740313.0,19982532,17,201.0,31,470,118699614,111946615096.0,111837,0,28,177,162,1,0,125,349,2000,627,400.0,106500,9.99999000001e-07,0.9999516499670198,0.4736842105263158,0.999000999000999,0.99872419162654,0.030129995840031742,0.0009975391079144233,9.99999000001e-07,0.9998972116395894,0.0011745982356411856,0.3040753301034326,0.9240938278127666,0.9999989999912999,0.9937460826506904,0.2830825387036284,0.9870107357286535,0.9800667670331236,0.9999999713407575,0.9999949877344756,0.9999999999999
106600,9985347495887.0,24499,18,200.0,12006,0,118484977,111957938108.0,223118,24,751,25823,25680,406,2,825,0,2000,2000,200.0,106600,9.99999000001e-07,0.9999512361300894,0.4736842105263158,0.999000999000999,0.9987249060264082,0.043747029358021786,0.0009975386842669988,9.99999000001e-07,0.9999017071985224,0.001169716627136511,0.9872716354136901,0.9953372517140352,0.9999990000001,0.993673334704969,0.9219620888906447,0.9891550932052073,0.9506221880467717,0.9999999872054414,0.999997150790072,0.9999999999999
106700,9985333411719.0,9929070,20,201.0,20000,56198,118437344,111968792412.0,13,2000,9488,0,0,800,4,492,100,2000,52,201.0,106700,9.99999000001e-07,0.9999515235103897,0.4736842105263158,0.999000999000999,0.9987227570410945,0.8234830142251344,0.00099753628783203,9.99999000001e-07,0.999900114877879,0.005694410422458651,0.9874133293324451,0.9959394229282721,0.9999989999914,0.9937341514655446,0.7283821844007582,0.9917308307784553,0.9808566253223719,0.9999999872530692,0.9999949877822382,0.9999999999999
106800,9985319414521.0,9929641,20,200.0,11029,22460,118373831,111979793838.0,111211,0,8845,7072,0,402,2,169,104,2000,2000,200.0,106800,9.99999000001e-07,0.9999515746547715,0.4736842105263158,0.999000999000999,0.9987218186163787,0.8231403349698673,0.0009975358817620825,9.99999000001e-07,0.9999011782028762,0.0011651021134901603,0.9754085671712067,0.9954436379323988,0.9999989863432047,0.9937337389415909,0.9441441908120044,0.9920465461528198,0.9640422919603806,0.9999999749447962,0.9999950357729657,0.9999999999999
106900,9985305635048.0,9973852,18,200.0,11000,17925,118636354,111990934142.0,112202,2000,215,13349,21982,402,0,174,0,2000,0,201.0,106900,9.99999000001e-07,0.9999516241429193,0.4736842105263158,0.999000999000999,0.9987237239008315,0.8229921017119909,0.0009975334980285217,9.99999000001e-07,0.9999011578370962,0.005675126770265471,0.9381260051153111,0.9939965504614189,0.9999989931479691,0.9937333729156361,0.9117959061290434,0.9866099421241604,0.9423532585830815,0.999999975216628,0.9999949877378785,0.9999999999999
107000,9985291790144.0,9826489,22,200.0,8000,31045,118693433,112001907030.0,224224,2000,59,1,479,0,0,0,6,0,803,400.0,107000,9.99999000001e-07,0.9999516650329165,0.4736842105263158,0.999000999000999,0.9987244264687458,0.8229387481294562,0.0009975321442715027,9.99999000001e-07,0.9999025444475284,0.005603616850857729,0.972062802844973,0.9652851401004928,0.9999990000002,0.9937613963748474,0.8683908240332012,0.9661507146059777,0.9352007326189595,0.9999999498960616,0.9999949877438211,0.9999999999999
107100,9985277927076.0,14048,24,200.0,7000,7142,118618932,112012964871.0,224350,14,124,7091,27023,400,0,182,198,2000,2000,200.0,107100,9.99999000001e-07,0.9999514852880931,0.4736842105263158,0.999000999000999,0.9987254769682002,0.019295015803169984,0.0009975307335219536,9.99999000001e-07,0.9999017814970288,0.0011636069144189722,0.9760315375106093,0.9783682578906517,0.9999989682165292,0.9937567609902003,0.9253331164549732,0.9848900175176116,0.971108333461729,0.9999999760295301,0.9999970033625345,0.9999999999999
107200,9985263943100.0,17745,21,200.0,21016,9535,118592949,112023946189.0,112166,2000,56,58,40,660,71,0,0,0,0,0.0,107200,9.99999000001e-07,0.9999515330390314,0.4736842105263158,0.999000999000999,0.9987257203683803,0.06969918369777346,0.0009975303457615185,9.99999000001e-07,0.9999011932398391,0.0056945872462140605,0.8692794765126197,0.7235927946785027,0.9999989999916999,0.9937370672736477,0.969206425299203,0.9818781303801468,0.052074514913160126,0.9999999498960711,0.9999949877411132,0.9999999999999
107300,9985250122976.0,10004716,21,200.0,10012,36265,118649513,112035303279.0,112400,2000,0,63,22610,400,3,171,10,72,8,200.0,107300,9.99999000001e-07,0.9999518153674046,0.4736842105263158,0.999000999000999,0.9987243985477622,0.8227462840810233,0.0009975279583913973,9.99999000001e-07,0.9998991956518649,0.0056653741512566755,0.916623037328615,0.9799139033744054,0.9999989999951,0.9937474809034609,0.9161302278884347,0.9814536174710822,0.9401235189613804,0.9999999498959957,0.9999949877504617,0.9999999999999
107400,9985236509968.0,10025533,25,200.0,11013,10224,118857953,112046770623.0,111627,0,33834,2172,32612,400,177,91,4,2000,1934,200.0,107400,9.99999000001e-07,0.9999518563137819,0.4736842105263158,0.999000999000999,0.9987248048435139,0.026213500687646062,0.0009975276002383033,9.99999000001e-07,0.9998983232693706,0.001164964203647688,0.9854293921928041,0.8407158119249964,0.9999989871975696,0.9937517300046056,0.9465320594673271,0.9667340394110838,0.9474587625125422,0.9999999803647353,0.999994987730299,0.9999999999999
107500,9985222296823.0,10028880,21,200.0,10026,10249,118781135,112057466808.0,223436,0,182,620,0,18,200,191,1,136,829,200.0,107500,9.99999000001e-07,0.9999519095954256,0.4736842105263158,0.999000999000999,0.9987250295176422,0.05634090730406989,0.0009975261893628927,9.99999000001e-07,0.9999020601164799,0.0011614458668942386,0.27057831052714904,0.9055415287881141,0.9999989989095122,0.9937314726952781,0.9504882669486099,0.9486519629700932,0.3118099347039669,0.9999999498961131,0.9999949877274359,0.9999999999999
107600,9985198545988.0,19911054,21,200.0,8000,17514,118672921,112068695645.0,224118,2000,2835,26600,25656,12,201,693,0,2000,0,200.0,107600,9.99999000001e-07,0.9999521826884182,0.4736842105263158,0.999000999000999,0.9987248555376123,0.8977241722075824,0.0009975238190607495,9.99999000001e-07,0.9999025169347581,0.011004567869540259,0.978119936001365,0.9635580074331509,0.9999989718289354,0.9937368316696923,0.9693160407598715,0.9834275942063924,0.6411431462336321,0.9999999873647955,0.9999949877444577,0.9999999999999
107700,9985184525307.0,19942249,23,200.0,12,27362,118626087,112079927544.0,224041,2000,27495,4076,5071,750,27,497,9,1916,51,0.0,107700,9.99999000001e-07,0.9999522328491242,0.4736842105263158,0.999000999000999,0.998726011053831,0.8230914442408765,0.0009975224197692832,9.99999000001e-07,0.9998999897889574,0.005669541258404319,0.9840926251392627,0.9414006260935744,0.9999989999957,0.9937456942492982,0.9692264070635326,0.9794804194332772,0.8113471523882999,0.9999999498961473,0.9999949877538914,0.9999999999999
107800,9985170780930.0,19904683,19,201.0,8010,40081,118614416,112091015037.0,112292,2000,5,0,0,400,1,7,0,12,688,0.0,107800,9.99999000001e-07,0.9999522788575188,0.4736842105263158,0.999000999000999,0.9987247530742234,0.8230735842878221,0.0009975200399788796,9.99999000001e-07,0.999901656401234,0.005624802331112805,0.9821526266898304,0.9835917699812736,0.9999989930686877,0.9937394356678051,0.9463616038489924,0.9842299665193568,0.8706677465684239,0.9999999498957711,0.9999949877557385,0.9999999999999
107900,9985166542141.0,32564,20,200.0,17000,17428,118611169,112101798271.0,223825,0,10500,6,0,800,3,472,703,0,2000,400.0,107900,9.99999000001e-07,0.9999518731545761,0.4736842105263158,0.999000999000999,0.9987256790469573,0.0658733358841125,0.0009975206218145547,9.99999000001e-07,0.9998993697831409,0.0011560508145064055,0.9723908272967262,0.9089969051346808,0.999998989061647,0.9937631066502508,0.9275829921682675,0.9798802433883438,0.9825504824755279,0.9999999498959352,0.9999967432129276,0.9999999999999
108000,9985152446975.0,10011798,24,200.0,19,14451,118648059,112112987847.0,224407,27,847,4419,0,1,0,210,2,2000,0,199.0,108000,9.99999000001e-07,0.9999521543290822,0.4736842105263158,0.999000999000999,0.9987262436496138,0.03726998801689958,0.0009975192183283607,9.99999000001e-07,0.999896548624164,0.0011538053466365668,0.9335038719842439,0.9831016782472136,0.9999989999981,0.9936601198711424,0.9268721364451357,0.9799678191832156,0.9698795476552308,0.9999999820327229,0.9999949877505734,0.9999999999999
108100,9985138365483.0,9993829,20,201.0,9000,46,118576351,112123778079.0,223901,2000,196,29602,33069,0,1,148,13,2000,0,399.0,108100,9.99999000001e-07,0.9999522057508397,0.4736842105263158,0.999000999000999,0.9987264131592377,0.02174254669552698,0.0009975178129478476,9.99999000001e-07,0.9998984370167824,0.005611127414248866,0.8888241063683417,0.984305892309102,0.9999989999977,0.9937337135139519,0.9307388143790475,0.9840191350097326,0.970941982588785,0.9999999734691176,0.9999949877613141,0.9999999999999
108200,9985114853682.0,19951922,21,200.0,28000,28451,118725396,112135412825.0,111906,2000,7017,7063,5163,6,0,4,0,2,2000,399.0,108200,9.99999000001e-07,0.9999524739266424,0.4736842105263158,0.999000999000999,0.9987247015400664,0.052325228185758174,0.0009975164488682108,9.99999000001e-07,0.9998982785682098,0.005617078430628488,0.9968427160594265,0.9840977721659484,0.9999989985932237,0.9937045547723389,0.729233846543182,0.9701323135752131,0.4901880987526152,0.9999999498960032,0.9999953161254842,0.9999999999999
108300,9985111264116.0,44419,19,201.0,22000,1,118614663,112146459634.0,112504,0,0,282,280,798,1,0,0,2000,0,0.0,108300,9.99999000001e-07,0.9999520595120714,0.4736842105263158,0.999000999000999,0.9987235052114761,0.04159173237352324,0.0009975140996668613,9.99999000001e-07,0.9998900180128498,0.0011554685361177296,0.9954738326752627,0.9774222778870169,0.9999989999992,0.9937276386614072,0.95521898330224,0.9859706037663896,0.32353591593416303,0.999999987351901,0.9999949877378358,0.9999999999999
108400,9985087818332.0,19897947,19,201.0,17015,469,118498222,112158069197.0,112040,0,3,37,37,1,105,11,349,12,2000,200.0,108400,9.99999000001e-07,0.9999525472640295,0.4736842105263158,0.999000999000999,0.998725953688816,0.00709398086762381,0.0009975127683659215,9.99999000001e-07,0.9999000442903749,0.0011608096062634592,0.9908521237061179,0.9692865880734169,0.999998976945466,0.9937322000409592,0.9461123388026812,0.9794216043881742,0.9626628295768644,0.9999999498959886,0.999995551146429,0.9999999999999
108500,9985084198203.0,1934,23,200.0,21,1006,118496106,112169597733.0,112283,32,23000,22827,0,800,1,664,320,116,688,200.0,108500,9.99999000001e-07,0.9999521338197482,0.4736842105263158,0.999000999000999,0.9987244944646116,0.8228228548897343,0.000997512406949936,9.99999000001e-07,0.9998999773248596,0.0011645503338595733,0.9936113306908303,0.979474697381061,0.9999989730961459,0.993715171791387,0.16556732562478038,0.9867080198373482,0.9612269697716426,0.9999999498958959,0.9999949877735544,0.9999999999999
108600,9985070307003.0,10001206,24,200.0,8000,22393,118269461,112180024399.0,223764,2000,0,0,0,1118,1,1,0,0,69,400.0,108600,9.99999000001e-07,0.99995240839429,0.4736842105263158,0.999000999000999,0.9987229801421882,0.8228234256795863,0.0009975100226225495,9.99999000001e-07,0.999902294840171,0.005675881754191793,0.9009974571143932,0.9803571163628947,0.9999989993435694,0.9937341091513487,0.935016021227107,0.9921804535344122,0.9523944928833638,0.9999999498949643,0.9999949878049585,0.9999999999999
108700,9985056615522.0,9930329,23,200.0,21008,31633,118791620,112191901006.0,30,0,107,194,0,0,0,9,22,8,2000,0.0,108700,9.99999000001e-07,0.9999524489027405,0.4736842105263158,0.999000999000999,0.9987243562556046,0.8229471897994362,0.0009975096543187235,9.99999000001e-07,0.9998999912392326,0.001165225257129605,0.37999917924014043,0.826958258355119,0.9999989960758613,0.9937461124089451,0.9224867594168139,0.9760092364725123,0.8432593504537896,0.9999999498957958,0.9999958053483308,0.9999999999999
108800,9985043419488.0,9921224,20,200.0,18,245,118696455,112203255888.0,112113,2000,125,694,16392,644,82,177,511,2000,0,200.0,108800,9.99999000001e-07,0.9999524836983733,0.4736842105263158,0.999000999000999,0.9987257990184091,0.0015918478264790963,0.000997507328886651,9.99999000001e-07,0.9998925701747733,0.005683721739580286,0.9868481833325808,0.9482374876356673,0.9999989999939,0.9937319853870392,0.9692525862669311,0.9786227267117632,0.9815727002278574,0.9999999809352549,0.9999949877433739,0.9999999999999
108900,9985020097964.0,19947263,23,200.0,7002,73,118732097,112214714314.0,224530,2000,26000,3,3,634,4,83,17,20,604,0.0,108900,9.99999000001e-07,0.9999527416853807,0.4736842105263158,0.999000999000999,0.9987244074817053,0.8227143731508682,0.0009975050009535644,9.99999000001e-07,0.9998945773765159,0.005723797950128508,0.9923876132296612,0.952622685511902,0.9999989999912999,0.9937530000208491,0.963433012827742,0.9723248906647356,0.9810698282810072,0.9999999498959877,0.9999949877313341,0.9999999999999
109000,9985016580960.0,9905094,24,201.0,6,1240,118539051,112226397809.0,112301,2000,461,5356,5256,1,0,0,0,194,2000,201.0,109000,9.99999000001e-07,0.9999525532094002,0.4736842105263158,0.999000999000999,0.9987238147376911,0.8228950873148566,0.0009975046510465782,9.99999000001e-07,0.9999009751472375,0.00575701825045041,0.9243955808061508,0.9758842558196195,0.9999989664266433,0.9937463168546284,0.8729907247844837,0.9823079127644172,0.1787437124207393,0.9999999498956521,0.9999969583111034,0.9999999999999
109100,9985002523747.0,9865812,21,200.0,9017,12447,118736958,112237487503.0,112701,2000,219,7200,0,716,42,16,0,2000,352,399.0,109100,9.99999000001e-07,0.9999525996704576,0.4736842105263158,0.999000999000999,0.9987231701618058,0.8214884000340233,0.0009975032713942192,9.99999000001e-07,0.9999011309433651,0.005752437798019802,0.9770209027606599,0.9898357858150753,0.9999989964683715,0.9937462811306996,0.969230198310351,0.9853853834264754,0.6834260854940991,0.9999999543585539,0.9999949877273977,0.9999999999999
109200,9984988648706.0,20997,23,200.0,7,23266,118722774,112248371995.0,112185,2000,1,25235,425,800,72,0,41,2000,78,200.0,109200,9.99999000001e-07,0.9999524262421227,0.4736842105263158,0.999000999000999,0.9987258764315255,0.8231022390047448,0.0009975018628088647,9.99999000001e-07,0.9998940956077318,0.005719641280455895,0.09664792651631753,0.9726132952018346,0.9999989999937,0.9937462203963455,0.9464665258659486,0.8201461024875444,0.9825972426096364,0.9999999873334174,0.999994987739345,0.9999999999999
109300,9984974841460.0,950,17,200.0,24000,479,118712526,112259693499.0,112063,2000,710,13,0,0,0,0,0,0,1580,200.0,109300,9.99999000001e-07,0.9999524703235633,0.4736842105263158,0.999000999000999,0.9987239031405473,0.007003064661591135,0.000997500484975863,9.99999000001e-07,0.9999013552992723,0.005745622778545741,0.941081777491226,0.9792435695500472,0.9999989839442877,0.9937348349189626,0.9649031933153802,0.9759921681930178,0.8726234173653797,0.9999999498958009,0.999994987740935,0.9999999999999
109400,9984961169826.0,511,20,200.0,10024,0,118632178,112271020788.0,112000,0,8000,0,0,400,0,8,359,4,32,200.0,109400,9.99999000001e-07,0.9999525091575963,0.4736842105263158,0.999000999000999,0.9987231535604288,0.03430904276299223,0.0009975001287143696,9.99999000001e-07,0.9998929599777356,0.0011813875931141284,0.9975153212081606,0.9913847017266123,0.999999000001,0.9936975021042953,0.9460889712851742,0.9899617948644425,0.9925063507816778,0.9999999498954405,0.9999949877529876,0.9999999999999
109500,9984948075666.0,9898176,22,200.0,10,76,118428772,112282732790.0,111801,0,13000,4,4,800,0,4,121,2000,2000,400.0,109500,9.99999000001e-07,0.999952759306202,0.4736842105263158,0.999000999000999,0.998724137019698,0.8220185055263473,0.0009974978341609575,9.99999000001e-07,0.9998895796418428,0.0011903427968803623,0.9948879798736918,0.9836442868455987,0.9999989681801195,0.9937222059576144,0.22924740462868812,0.9866337295283518,0.9902225718106317,0.9999999872821888,0.9999967452268735,0.9999999999999
109600,9984934615925.0,9883374,20,200.0,10000,62367,118696651,112294137184.0,112672,2000,46004,4085,0,580,5,593,5,138,0,199.0,109600,9.99999000001e-07,0.9999527998370598,0.4736842105263158,0.999000999000999,0.9987238871365448,0.8232560699532657,0.0009974964709525253,9.99999000001e-07,0.9999001345786418,0.005825541969810313,0.9829237688249228,0.9697929509122845,0.9999989761590443,0.993722549523399,0.9608665579522349,0.9827164623755503,0.8462806458766584,0.9999999498958069,0.9999949877254452,0.9999999999999
109700,9984920649571.0,9954142,28,200.0,10,381,118865318,112305288400.0,6,2000,158,13012,12645,137,142,133,364,166,2000,200.0,109700,9.99999000001e-07,0.9999528466544496,0.4736842105263158,0.999000999000999,0.9987230167390532,0.8228174854491717,0.0009974950770112927,9.99999000001e-07,0.9999000989619683,0.005799923745962185,0.9867933986761802,0.9727232175944122,0.9999989941312588,0.9937464119588144,0.9464824868278524,0.9582908776016192,0.9818576424066873,0.9999999498958085,0.9999961170770472,0.9999999999999
109800,9984906732560.0,241,17,200.0,16,125,118471062,112315834418.0,224392,0,1727,19,20885,0,2,281,0,2000,0,200.0,109800,9.99999000001e-07,0.9999526682296536,0.4736842105263158,0.999000999000999,0.9987230268353438,0.03175092795689993,0.0009974946959490467,9.99999000001e-07,0.9999023773268608,0.0011920854985440971,0.9634192270648932,0.8921698181711368,0.9999989887943243,0.9937611059268456,0.9082332232984952,0.9912568062849545,0.053814544924888914,0.9999999812941324,0.9999949877594777,0.9999999999999
109900,9984882948447.0,19967368,20,200.0,10022,1491,118727019,112327356796.0,112570,0,0,20,374,1,8,8,401,48,550,400.0,109900,9.99999000001e-07,0.9999531570630681,0.4736842105263158,0.999000999000999,0.9987227495295637,0.898176140285314,0.0009974913142015937,9.99999000001e-07,0.9999005911545811,0.0011917011547485196,0.9804099214953662,0.9652726068383649,0.9999989999985,0.9937209899120216,0.9691975795311651,0.9873669710315061,0.9839202376928576,0.9999999498956746,0.9999949877321983,0.9999999999999
110000,9984869542316.0,19928096,21,201.0,17013,542,118801886,112338924188.0,111704,2000,8000,6,125,404,0,179,295,2000,1462,199.0,110000,9.99999000001e-07,0.9999531914372508,0.4736842105263158,0.999000999000999,0.998723990126639,0.8980532077759259,0.0009974919649453258,9.99999000001e-07,0.9999002412764488,0.005830412572432579,0.9915746558347428,0.9544236269804256,0.9999989851673068,0.9937214820405778,0.33092583063739733,0.9820208883798329,0.9861043851411749,0.9999999757879238,0.9999949877316393,0.9999999999999
110100,9984865774533.0,16488,24,200.0,10,35708,118450440,112349845588.0,112381,0,0,1,0,402,2,825,0,2000,0,0.0,110100,9.99999000001e-07,0.9999527902338963,0.4736842105263158,0.999000999000999,0.9987249714425672,0.8233167613074798,0.0009974906082503635,9.99999000001e-07,0.9998915857652544,0.0011982609700657597,0.9900487783733942,0.9694747883845342,0.9999989999910999,0.9936312531341448,0.9466475779056935,0.9906301270798228,0.9610682951988494,0.999999991495161,0.9999949877625794,0.9999999999999
110200,9984851721739.0,10011395,24,200.0,12014,224,118714600,112361371071.0,224746,0,0,394,392,8,17,402,0,2000,222,0.0,110200,9.99999000001e-07,0.9999530602671673,0.4736842105263158,0.999000999000999,0.9987243431463778,0.01639976514641971,0.0009974892058327504,9.99999000001e-07,0.9999021022465674,0.0011959309668209213,0.2769060539716695,0.9910886019022579,0.9999989999971,0.9936882244421504,0.6254605462510424,0.984841441061644,0.2991060795164992,0.9999999847168094,0.9999949877260882,0.9999999999999
110300,9984837741955.0,10007429,23,200.0,10017,88542,118680773,112372066114.0,12,2000,39700,0,74,398,0,0,0,2000,1,401.0,110300,9.99999000001e-07,0.9999531105327311,0.4736842105263158,0.999000999000999,0.9987237127007372,0.8233811416187781,0.000997486802545833,9.99999000001e-07,0.9999003447871055,0.0058136658614905065,0.9763091062747343,0.9801521603311211,0.9999989999922,0.9937368904862363,0.9400687125597819,0.9845532677477667,0.9806182171164749,0.9999999747576243,0.999994987745767,0.9999999999999
110400,9984813994573.0,19994610,20,200.0,23013,487,118745697,112383292920.0,112094,2000,236,463,0,498,158,0,0,1824,0,0.0,110400,9.99999000001e-07,0.9999533702286922,0.4736842105263158,0.999000999000999,0.9987237333076421,0.06403433244187964,0.0009974864283603415,9.99999000001e-07,0.9999013111991459,0.005816319479268421,0.9499150042201271,0.9395794616692531,0.9999989999954,0.9937352544849593,0.9692672585013308,0.9825944192703192,0.46516169881284714,0.9999999498960048,0.9999949877359885,0.9999999999999
110500,9984810378872.0,9932650,21,200.0,23000,57386,118804239,112394860522.0,10,0,255,19600,18615,3,0,797,29,168,2000,0.0,110500,9.99999000001e-07,0.9999531907634959,0.4736842105263158,0.999000999000999,0.9987245952559548,0.8238693709261629,0.000997485062822931,9.99999000001e-07,0.9999000808146371,0.0011965288136147158,0.9584670723664976,0.9499787303067122,0.9999989676672345,0.9936017950174719,0.410942755219553,0.9853571966354477,0.9292795911212075,0.9999999498958039,0.9999969740958429,0.9999999999999
110600,9984796581170.0,9956518,20,201.0,8011,16835,118712708,112406085582.0,112442,2000,33628,2190,19,398,1,163,4,2000,0,201.0,110600,9.99999000001e-07,0.9999532303756613,0.4736842105263158,0.999000999000999,0.9987232120025987,0.823463231108721,0.0009974837027005982,9.99999000001e-07,0.9999011891588302,0.005837072782249019,0.9752858472291991,0.9707541137376713,0.9999989999994,0.9937501639002521,0.775949094024852,0.9887439626469995,0.6512932378560009,0.9999999746431075,0.9999949877230155,0.9999999999999
110700,9984773049948.0,20019493,20,200.0,10011,15,118633441,112417033620.0,225251,0,0,0,0,798,1,1,9,0,594,0.0,110700,9.99999000001e-07,0.9999534880255896,0.4736842105263158,0.999000999000999,0.9987251206227605,0.07437807385023851,0.0009974803455372525,9.99999000001e-07,0.9998920127325627,0.0012006154861712642,0.9892966164677275,0.9656190379410687,0.9999989940255175,0.993747708909833,0.969225562322524,0.9839607832590225,0.9726532138433777,0.9999999498958332,0.9999949877439657,0.9999999999999
110800,9984769112718.0,935,24,200.0,5,0,118738274,112428478947.0,111729,0,2477,23,12441,803,0,10,0,2000,228,401.0,110800,9.99999000001e-07,0.99995309772393,0.4736842105263158,0.999000999000999,0.9987231347982019,0.016969764407118643,0.0009974799533373478,9.99999000001e-07,0.9999014950587459,0.0011995831274064976,0.9761249246375991,0.9568642660490301,0.9999989989580154,0.993737536905016,0.9406978189098179,0.9851527800439336,0.06074828543642274,0.9999999528592008,0.999994987722597,0.9999999999999
110900,9984755461746.0,9891010,21,200.0,17000,56901,118342829,112439752654.0,112871,0,47,11953,11777,3,0,7,99,8,2000,400.0,110900,9.99999000001e-07,0.9999533513049483,0.4736842105263158,0.999000999000999,0.9987245898295843,0.823352255119369,0.000997479599009377,9.99999000001e-07,0.9998986219786942,0.0012029561716326576,0.9950769361742643,0.986266977231209,0.9999989735599303,0.9937143150454439,0.8491904494097922,0.9899366971412168,0.9901250795528953,0.999999949895336,0.9999963137001294,0.9999999999999
111000,9984732058145.0,19936084,22,200.0,7,480,118810919,112451307302.0,112828,0,330,11094,8554,0,0,679,7,104,2000,0.0,111000,9.99999000001e-07,0.9999536062156714,0.4736842105263158,0.999000999000999,0.9987239232417943,0.0007475813314277433,0.000997478244505703,9.99999000001e-07,0.9999005343196881,0.0012062812989594599,0.9806854687268962,0.9388570180903764,0.9999989724162615,0.9936354862646682,0.8235659230026168,0.9862033880785884,0.4779357281375154,0.9999999498957405,0.9999963775790149,0.9999999999999
111100,9984728509743.0,4779,21,200.0,10001,2458,118663217,112462834615.0,8,4,2227,10930,7,402,2,502,182,2000,616,200.0,111100,9.99999000001e-07,0.9999532070013741,0.4736842105263158,0.999000999000999,0.9987253391466818,0.025072566495292332,0.0009974769086343992,9.99999000001e-07,0.9998949623193076,0.0012112278150629506,0.9000294627901773,0.9242224870897053,0.9999989937964533,0.9936985148200609,0.8471834597817844,0.9775665242231625,0.9275552558987612,0.999999979421226,0.999994987748254,0.9999999999999
111200,9984714812713.0,57,18,200.0,5019,0,118694932,112473994884.0,112637,10,0,1,0,1,0,2,0,0,688,200.0,111200,9.99999000001e-07,0.9999532475695248,0.4736842105263158,0.999000999000999,0.9987240431133166,0.03777980816714121,0.0009974755421897753,9.99999000001e-07,0.9998983092592368,0.001212852755866146,0.99635300748038,0.9868301693710799,0.9999989931444211,0.993709612030739,0.8428645083373699,0.9855285318997584,0.9671586317517434,0.9999999498957399,0.9999949877420432,0.9999999999999
111300,9984691110023.0,19995394,18,200.0,22008,66,118645029,112485061201.0,112153,2000,2594,38800,3,9,0,666,34,2000,0,200.0,111300,9.99999000001e-07,0.999953722797506,0.4736842105263158,0.999000999000999,0.9987239870165745,0.8983939991492769,0.000997472168474245,9.99999000001e-07,0.9998930521317384,0.01152094786373055,0.974255530707173,0.977308773819697,0.999998999995,0.9935873011397308,0.30824759661280904,0.9857583214136587,0.9866274254402191,0.9999999898879531,0.9999949877398878,0.9999999999999
111400,9984677196352.0,19975301,25,200.0,18009,460,118502762,112496028054.0,112429,2000,0,8666,0,260,74,325,0,2000,0,200.0,111400,9.99999000001e-07,0.9999537675049963,0.4736842105263158,0.999000999000999,0.9987220474504896,0.0653762726410983,0.0009974727731523383,9.99999000001e-07,0.9999013355321039,0.005918409215213259,0.9723785352250041,0.9653576526528268,0.9999989999966,0.9936986383093004,0.9460987723324598,0.9916636397155365,0.9810743627335633,0.9999999829461106,0.9999949877725264,0.9999999999999
111500,9984672976418.0,45536,23,200.0,12010,1,118691616,112507170769.0,13,21,7133,38,38,430,191,1,0,2000,849,399.0,111500,9.99999000001e-07,0.9999533865148637,0.4736842105263158,0.999000999000999,0.9987236193253474,0.05895860229546741,0.000997471362356913,9.99999000001e-07,0.9999000833704357,0.001208329690538167,0.9770195473835457,0.9775477232938756,0.9999989999971,0.9937207664534239,0.9691471395688805,0.9826157308386533,0.9585335142358843,0.9999999844780264,0.9999949877440468,0.9999999999999
111600,9984658882570.0,10009741,25,200.0,22,259,118616763,112518075726.0,112629,28,32242,2808,2785,1,122,333,2,40,1348,400.0,111600,9.99999000001e-07,0.999953650055295,0.4736842105263158,0.999000999000999,0.9987248851479056,0.03018463173945056,0.0009974699603372502,9.99999000001e-07,0.9998969918636963,0.0012062606772322653,0.9754521218843047,0.9849212971016548,0.9999989866158299,0.9936836148372993,0.9692055128352731,0.9862216812635545,0.9644623624113015,0.9999999498958676,0.9999949877553355,0.9999999999999
111700,9984644741893.0,9913734,21,200.0,11011,46615,118549951,112529073034.0,112522,2000,1901,7,0,19,200,206,0,18,917,0.0,111700,9.99999000001e-07,0.9999536997980244,0.4736842105263158,0.999000999000999,0.998722311234229,0.8233174022731606,0.000997468549093812,9.99999000001e-07,0.999901232197474,0.0058284604823489366,0.9110736354797643,0.9932404114443423,0.9999989999965,0.9937063689688808,0.957214705714815,0.9913502329670227,0.45180716036106155,0.9999999498950064,0.9999949877614048,0.9999999999999
111800,9984630567892.0,10012478,13,200.0,17006,225,118623366,112540238977.0,112690,0,1,10,10,400,0,14,7,0,2000,200.0,111800,9.99999000001e-07,0.9999537523504929,0.4736842105263158,0.999000999000999,0.9987254138179974,0.019780819112692628,0.0009974661268299099,9.99999000001e-07,0.9999014156904027,0.0011975031693658013,0.9664714324581382,0.9856174536198323,0.999998997445089,0.9937364569588746,0.9726046671157876,0.9629665403949339,0.9484810914181833,0.9999999498959651,0.9999955530360811,0.9999999999999
111900,9984616395371.0,9933983,16,200.0,15,7715,118645115,112550942613.0,24,2000,107,26332,26027,796,2,2,9,2000,30,199.0,111900,9.99999000001e-07,0.9999538012611741,0.4736842105263158,0.999000999000999,0.9987247751034838,0.8230812005431765,0.0009974647114988275,9.99999000001e-07,0.9998904953225077,0.0058225820129280065,0.9874156615205283,0.9874978538197196,0.9999990000008,0.9937330381628134,0.9692054227526158,0.9754624570772084,0.8903613920430847,0.9999999872538979,0.9999949877511043,0.9999999999999
112000,9984602578140.0,10009219,21,200.0,14000,14067,118574852,112561824411.0,225556,0,64,229,12937,19,200,371,0,2000,251,200.0,112000,9.99999000001e-07,0.9999538446124053,0.4736842105263158,0.999000999000999,0.9987233514375246,0.02912112932500991,0.000997464332011013,9.99999000001e-07,0.999897751410366,0.0011940513163211186,0.4148208107355882,0.9778661568559153,0.9999989999937,0.9937085951810708,0.9500678078939774,0.9889831557335141,0.2904867213488388,0.9999999747321774,0.9999949877616339,0.9999999999999
112100,9984588646273.0,24475,17,200.0,12000,249,118567966,112573276161.0,26,24,29,13966,1,1,1,184,3,2000,0,200.0,112100,9.99999000001e-07,0.9999536765376738,0.4736842105263158,0.999000999000999,0.9987227673790845,0.004922944668933738,0.00099746194208109,9.99999000001e-07,0.9998958860952236,0.0011925549555016608,0.9561735249688813,0.993062140392072,0.9999989999955,0.9936836199142107,0.8723231992860628,0.9909010846493742,0.9617456066200311,0.9999999761536577,0.9999949877448818,0.9999999999999
112200,9984574379626.0,10041604,22,201.0,20017,31270,118553662,112584233815.0,225635,62,0,13,25704,1,0,0,1,100,2000,201.0,112200,9.99999000001e-07,0.9999539387444388,0.4736842105263158,0.999000999000999,0.998723351143606,0.0902665535437914,0.0009974615268775304,9.99999000001e-07,0.999902219796404,0.0011888259502650677,0.27742837534233844,0.9920336841506119,0.9999989660020439,0.9937463336776159,0.9774058923138504,0.9853641785074181,0.969753943933474,0.9999999498955263,0.999997166992626,0.9999999999999
112300,9984550272131.0,19955164,23,200.0,19015,26960,118511637,112595024285.0,113345,2000,648,39800,39254,4,1,297,16,2000,0,200.0,112300,9.99999000001e-07,0.999954200181287,0.4736842105263158,0.999000999000999,0.99872723032025,0.8230955094897209,0.0009974581129294855,9.99999000001e-07,0.9998884321175818,0.005773839648987711,0.979843338394764,0.9858987741508557,0.9999989881336409,0.9935956446814648,0.16553791058556283,0.984782478282465,0.8216231013097816,0.9999999881149384,0.9999949877533706,0.9999999999999
112400,9984546579173.0,9973309,23,200.0,26,45,118757069,112606229609.0,112720,2000,0,149,5139,0,1,1,0,116,1372,200.0,112400,9.99999000001e-07,0.9999540289514052,0.4736842105263158,0.999000999000999,0.9987234259022963,0.08041345232879205,0.000997457744060351,9.99999000001e-07,0.999900032719291,0.005778633270816031,0.989984988642455,0.9681049896730999,0.999998999955498,0.9937198662107855,0.7267655212760322,0.9848182227289412,0.9741625148599502,0.9999999498956704,0.9999949877370498,0.9999999999999
112500,9984533234985.0,10021229,22,200.0,13011,24229,118551028,112617738185.0,113023,0,0,0,0,2,1,406,4,2000,0,400.0,112500,9.99999000001e-07,0.999954058207695,0.4736842105263158,0.999000999000999,0.9987249901374262,0.09032555634214555,0.0009974574206352233,9.99999000001e-07,0.9998929086576175,0.0011926606842510477,0.9889120978012089,0.9648435156183618,0.999999000001,0.9936477129036226,0.33110769116601757,0.9877366401579167,0.9741920216103847,0.9999999853442391,0.9999949877513526,0.9999999999999
112600,9984519495726.0,887,22,200.0,21022,0,118762808,112629047503.0,112925,42,126,487,22665,1,232,0,0,84,593,400.0,112600,9.99999000001e-07,0.9999538872212271,0.4736842105263158,0.999000999000999,0.9987236113388817,0.021306365208123103,0.0009974560494073028,9.99999000001e-07,0.9999011223796442,0.0011940703386542717,0.5899367000067653,0.9685903143570831,0.9999989999946,0.9937452910249683,0.9692226921410773,0.9814344139288288,0.5652229815428198,0.9999999498957547,0.9999949877307606,0.9999999999999
112700,9984505317586.0,10033133,18,200.0,11031,241,118531442,112640052816.0,16,42,44384,19023,18631,4,0,3,4,152,2000,0.0,112700,9.99999000001e-07,0.9999541505552998,0.4736842105263158,0.999000999000999,0.9987249603022762,0.041722614173209945,0.0009974546268889512,9.99999000001e-07,0.9998992970937142,0.0011888104419879413,0.990096962800306,0.978965907223832,0.9999989931110673,0.9937390545154825,0.16557067679905615,0.9830252280896776,0.956309079804226,0.999999949895811,0.9999962623599773,0.9999999999999
112800,9984481761979.0,19978710,21,201.0,8,470,118779647,112651253094.0,11,0,6016,22,0,400,1,0,24,2000,139,200.0,112800,9.99999000001e-07,0.9999543954872145,0.4736842105263158,0.999000999000999,0.9987239517616467,0.05657298272255891,0.0009974532689727277,9.99999000001e-07,0.9998976366031853,0.0011912070989928264,0.9753384088215661,0.8653672651311424,0.9999989999926999,0.9937336197243837,0.910590528238948,0.9533634675108232,0.9794601089978594,0.9999999748460001,0.9999949877149859,0.9999999999999
112900,9984467621371.0,19965925,24,200.0,5010,26488,118505441,112662000031.0,113230,0,0,0,0,1130,37,0,0,0,0,400.0,112900,9.99999000001e-07,0.9999544435476814,0.4736842105263158,0.999000999000999,0.9987239813264055,0.8982729787599213,0.0009974498635110715,9.99999000001e-07,0.9999014417009428,0.00118795055000788,0.9687005898754715,0.9686869214156699,0.9999989999926999,0.9937317182800984,0.9461337621450824,0.9889758680786594,0.9587306112251773,0.9999999498956232,0.9999949877720599,0.9999999999999
113000,9984463844488.0,10023441,23,200.0,38,22912,118523593,112673338652.0,112952,2000,61,8159,0,400,1,2,0,2000,964,200.0,113000,9.99999000001e-07,0.9999542734079899,0.4736842105263158,0.999000999000999,0.998722462110983,0.046657489587781785,0.000997450495401325,9.99999000001e-07,0.9998966757702201,0.005832724666438648,0.9753570868850104,0.9284924973800337,0.999998999997,0.9937463250413229,0.9489435297718842,0.9897628289035868,0.9545143953882609,0.9999999747065733,0.9999949877693269,0.9999999999999
113100,9984450271655.0,379,22,200.0,12030,0,118713506,112684852637.0,112853,0,207,849,35720,401,1,333,8,34,358,0.0,113100,9.99999000001e-07,0.9999541005039334,0.4736842105263158,0.999000999000999,0.9987241299079629,0.003574977292223373,0.000997449140842482,9.99999000001e-07,0.9998963182399648,0.0011931429206221474,0.9689068900938896,0.915289720979663,0.9999989999914999,0.9937290057234415,0.9409581322862658,0.9844279442793576,0.7782610638349322,0.9999999498956924,0.9999949877407625,0.9999999999999
113200,9984436555238.0,10011049,22,200.0,23010,4213,118706718,112695933825.0,17,2000,9,0,16301,0,0,4,12,4,2000,398.0,113200,9.99999000001e-07,0.9999543515564946,0.4736842105263158,0.999000999000999,0.9987229687293756,0.8232364842074045,0.0009974467637289806,9.99999000001e-07,0.9999001337408941,0.00581272055813271,0.9191584989387598,0.9597019448081101,0.9999989997685464,0.9937328668104222,0.9375084261407824,0.9877603250774685,0.9740701510660382,0.9999999498955597,0.9999950451930919,0.9999999999999
113300,9984422483837.0,418,22,201.0,28,28,118655730,112707275043.0,112992,0,1695,25700,25135,2,201,997,0,2000,2000,201.0,113300,9.99999000001e-07,0.9999541871225021,0.4736842105263158,0.999000999000999,0.9987233157546188,0.0007859255801532134,0.0009974463676507977,9.99999000001e-07,0.9998989289807301,0.00119181103413314,0.9695408809425884,0.9774746964949613,0.9999989590270983,0.9935810617162596,0.9562801215755564,0.98916270120712,0.022594036322404913,0.9999999600868513,0.9999975996656383,0.9999999999999
113400,9984399518713.0,19823300,24,200.0,10025,15585,118627238,112718576958.0,113192,2000,38324,1069,4,1,13,315,152,2000,0,400.0,113400,9.99999000001e-07,0.99995462845177,0.4736842105263158,0.999000999000999,0.9987249624706493,0.8977643282368882,0.0009974450459205567,9.99999000001e-07,0.9998972780005533,0.0057898446761059435,0.9813293501938811,0.9466454188816635,0.9999990000007,0.9936855504045452,0.9691447449268061,0.9857971388144319,0.907724131012467,0.9999999820897015,0.999994987735937,0.9999999999999
113500,9984395494388.0,9853356,25,200.0,17000,34364,118648790,112729713819.0,113366,2000,44670,7040,0,803,1,365,112,2000,0,401.0,113500,9.99999000001e-07,0.9999544643377306,0.4736842105263158,0.999000999000999,0.9987245340494205,0.8238561963759415,0.0009974426651374669,9.99999000001e-07,0.9998965481853724,0.005833259738302038,0.989175494735389,0.971253406141752,0.999998985504894,0.9937461935104318,0.19548484086609458,0.9826330865158442,0.972666205164736,0.9999999875319909,0.9999949877378099,0.9999999999999
113600,9984381433576.0,40387,23,200.0,28,0,118418776,112740899898.0,113459,0,176,172,14391,1064,71,623,403,804,2000,199.0,113600,9.99999000001e-07,0.9999543039917073,0.4736842105263158,0.999000999000999,0.9987264129632358,0.03831684882625846,0.000997442266695304,9.99999000001e-07,0.9999011423984436,0.0011965697798762267,0.36785159722412974,0.9856859562412893,0.9999989941999534,0.9937330358009611,0.969205341019087,0.983438112051601,0.98558414875347,0.9999999498959878,0.9999961069324567,0.9999999999999
113700,9984367483479.0,9934718,16,200.0,6015,3558,118682397,112752081800.0,23,2000,28000,27872,0,2,1,3,6,2000,0,201.0,113700,9.99999000001e-07,0.9999545533611451,0.4736842105263158,0.999000999000999,0.99872386482737,0.8226639054902792,0.0009974408784572256,9.99999000001e-07,0.9998979396359895,0.005815299842085438,0.9955202464860828,0.9831469754549809,0.999999000001,0.9936811696931268,0.16556152393648754,0.9878746349625973,0.9899662258186602,0.9999999509722107,0.9999949877276012,0.9999999999999
113800,9984353773654.0,9983622,21,200.0,9031,9260,118709195,112763099751.0,25,0,42350,1966,1933,800,2,665,1,6,1179,400.0,113800,9.99999000001e-07,0.9999545956965536,0.4736842105263158,0.999000999000999,0.9987228582265784,0.090171507621549,0.000997438502040193,9.99999000001e-07,0.9999003832753481,0.0011948053978419638,0.987493702762874,0.9850733728828355,0.999998999996,0.9937511920946654,0.6437391017735685,0.9869865044202697,0.9850365623723227,0.9999999498956083,0.9999949877440836,0.9999999999999
113900,9984339781867.0,9987787,25,202.0,2,884,118758436,112774378246.0,225726,0,225,8986,0,396,176,6,141,2000,1461,202.0,113900,9.99999000001e-07,0.9999546376313116,0.4736842105263158,0.999000999000999,0.9987234882595746,0.010597868109839323,0.0009974381138999453,9.99999000001e-07,0.9998982271992288,0.0011951687297665921,0.33639590310415945,0.9907044661063664,0.9999989999926999,0.9937462761989073,0.9469095145498218,0.9821187960452875,0.9303398048348592,0.9999999744764656,0.9999949877381871,0.9999999999999
114000,9984325872688.0,355,22,202.0,20000,0,118567714,112785500357.0,13,0,235,16010,15932,0,0,496,2,2000,0,0.0,114000,9.99999000001e-07,0.999954476667445,0.4736842105263158,0.999000999000999,0.9987225609270334,0.003309038753020312,0.0009974357175700824,9.99999000001e-07,0.9998936956864686,0.0011928191998818575,0.27428235887628805,0.9953381610355292,0.9999989999961,0.9936726979180298,0.9461435895491891,0.9904248614470333,0.20089807908896565,0.9999999873200688,0.9999949877509409,0.9999999999999
114100,9984301644971.0,19860969,18,200.0,3,12251,118594704,112796356217.0,112598,2000,31203,9079,0,310,48,663,21,2000,0,201.0,114100,9.99999000001e-07,0.9999549356255253,0.4736842105263158,0.999000999000999,0.9987252419945236,0.8224077874591826,0.0009974332999843744,9.99999000001e-07,0.9998927437730253,0.011211019014851317,0.9726325890253441,0.9927374421868222,0.9999989999932,0.9936914247765795,0.9463093741808543,0.9845551043234501,0.9621796048960904,0.9999999840332391,0.9999949877408484,0.9999999999999
114200,9984287544892.0,19909430,22,200.0,8024,2436,118575587,112807634521.0,112339,0,3373,2,521,394,3,0,163,118,2000,0.0,114200,9.99999000001e-07,0.9999549817208364,0.4736842105263158,0.999000999000999,0.9987252419431658,0.897866575525151,0.0009974318920366483,9.99999000001e-07,0.9998967636647743,0.0011847199118109665,0.961140468588444,0.9941519683007126,0.999998987069127,0.9937466444051597,0.9461451561072881,0.9837012206557497,0.9160496413529255,0.9999999498959071,0.9999969358885396,0.9999999999999
114300,9984283353040.0,444,21,201.0,9031,228,118467886,112818236941.0,16,2000,37453,14271,0,0,153,480,2,2000,1904,201.0,114300,9.99999000001e-07,0.9999546215429146,0.4736842105263158,0.999000999000999,0.9987218509163257,0.03733349390664088,0.00099743147432697,9.99999000001e-07,0.999891780455009,0.005757283308507652,0.9875224281785976,0.9953296896309735,0.9999989999959,0.993650617992141,0.9462565933682963,0.9914675885415695,0.9702157663786888,0.9999999870252342,0.9999949877776907,0.9999999999999
114400,9984259824208.0,19681094,22,200.0,10024,47344,118705913,112829749075.0,113099,2000,1290,26400,25970,0,0,497,0,2000,1952,200.0,114400,9.99999000001e-07,0.9999550639778817,0.4736842105263158,0.999000999000999,0.998724893796312,0.8972231855033654,0.0009974291257351026,9.99999000001e-07,0.9999012434828105,0.005643739470756001,0.9587582881207195,0.984863497289653,0.9999989999975,0.9937241870118617,0.9494046681046509,0.9810236585945731,0.9743933997583575,0.9999999873458553,0.9999949877389058,0.9999999999999
114500,9984255540046.0,10016322,20,200.0,12018,36,118633674,112840625064.0,23,0,2,26254,45617,2,2,496,4,2000,0,200.0,114500,9.99999000001e-07,0.999954909158218,0.4736842105263158,0.999000999000999,0.9987249802837724,0.06864703758188273,0.0009974297065023184,9.99999000001e-07,0.9998904812789245,0.001180243531399482,0.9874247786271352,0.9927718304801181,0.9999989999944999,0.993673002493047,0.951777124800416,0.9833743561798974,0.9696952954865052,0.9999999872698837,0.9999949877527878,0.9999999999999
114600,9984231482129.0,19936075,21,200.0,7014,348,118523777,112851631967.0,113060,2000,6,169,0,1,0,9,7,18,2000,400.0,114600,9.99999000001e-07,0.9999551557511192,0.4736842105263158,0.999000999000999,0.9987260777922932,0.017425834376416694,0.00099742730550015,9.99999000001e-07,0.9999014252139714,0.011149097187285762,0.969624962667678,0.9888019125010629,0.9999989793872976,0.9937472164782523,0.9213955707755709,0.9752896595088356,0.4456744239684756,0.9999999498960309,0.9999950366343902,0.9999999999999
114700,9984217583469.0,19909009,29,200.0,12004,26332,118513063,112862816119.0,23,2000,22015,4067,4098,400,0,498,285,2000,136,200.0,114700,9.99999000001e-07,0.9999551974117695,0.4736842105263158,0.999000999000999,0.9987230561646914,0.822927989725732,0.000997425918419418,9.99999000001e-07,0.9998977508876246,0.0057063859143330125,0.9754095361133293,0.9957626054093666,0.999998999047193,0.9937114399229856,0.8216944796740842,0.9902778484838394,0.9706596502168996,0.9999999748956018,0.9999949877709362,0.9999999999999
114800,9984203656546.0,19941467,22,200.0,10009,132,118605992,112874019111.0,112540,2000,25117,399,386,400,2,97,140,2000,1720,200.0,114800,9.99999000001e-07,0.9999552418309275,0.4736842105263158,0.999000999000999,0.9987245154387703,0.8978660789018162,0.0009974235204591537,9.99999000001e-07,0.999896684790565,0.011140393717009329,0.9623633843252677,0.9716249838886747,0.9999989825338712,0.9937461672553551,0.8665554990595699,0.965373286510701,0.9704319718693759,0.9999999648821545,0.9999949877569471,0.9999999999999
114900,9984199772362.0,9990809,16,201.0,17000,88522,118476469,112884902450.0,113118,0,28442,3882,0,5,0,166,4,2000,372,199.0,114900,9.99999000001e-07,0.9999550824354746,0.4736842105263158,0.999000999000999,0.9987223266153791,0.8236007475416515,0.0009974231319389534,9.99999000001e-07,0.9998990364034344,0.001173618440473408,0.9753886624317809,0.9964000219331188,0.9999989999996,0.9936968220531711,0.19867756536012063,0.9912192676765131,0.9023489807070123,0.9999999748452914,0.9999949877693617,0.9999999999999
115000,9984185632244.0,9977136,20,201.0,10000,214,118722602,112896140642.0,112978,20,2,0,0,40,388,0,0,2000,0,0.0,115000,9.99999000001e-07,0.9999551263750724,0.4736842105263158,0.999000999000999,0.9987247923109781,0.0021656164839735374,0.0009974227297261079,9.99999000001e-07,0.999896485946311,0.0011721531706384727,0.25813359912159367,0.9930332003752594,0.9999989999928,0.9937159425609631,0.9691635048498354,0.9523105705925027,0.20527989755025647,0.9999999779084779,0.9999949877394788,0.9999999999999
115100,9984171611643.0,911,20,200.0,18000,43590,118316420,112906841419.0,112832,2000,2,1,101,628,88,3,0,1040,1279,0.0,115100,9.99999000001e-07,0.9999549690193675,0.4736842105263158,0.999000999000999,0.9987240220299152,0.8233902194598861,0.0009974213302606058,9.99999000001e-07,0.9999015175844784,0.0057257161689764375,0.9755511361276396,0.9948201680684693,0.9999989999955,0.9937509369544689,0.969211458889147,0.9903693309273008,0.41932673644380547,0.9999999498955562,0.9999949878003167,0.9999999999999
115200,9984157505887.0,10020282,15,200.0,25,17901,118641258,112917981810.0,112682,32,50200,26,0,400,1,233,8,2000,920,200.0,115200,9.99999000001e-07,0.9999552164166843,0.4736842105263158,0.999000999000999,0.9987235732162425,0.06878791718161728,0.000997419922632906,9.99999000001e-07,0.9999011693836192,0.001166392375082384,0.9828810696911174,0.9950337312188001,0.999998990710092,0.9937421878420549,0.5292231418235793,0.9890135756881289,0.9531338229649929,0.9999999790450945,0.9999949877516379,0.9999999999999
115300,9984143881338.0,9977790,20,200.0,12013,12678,118304705,112928777265.0,18,2000,1,0,0,1056,74,0,0,864,1296,200.0,115300,9.99999000001e-07,0.9999552548958596,0.4736842105263158,0.999000999000999,0.9987241838249762,0.8228342937621975,0.000997417554374175,9.99999000001e-07,0.9999002399528414,0.005693388440941773,0.9002676923596333,0.9895938574676932,0.9999989999965,0.9937488386549573,0.9692068027162524,0.990737147841568,0.3055698234033592,0.999999949895435,0.999994987802055,0.9999999999999
115400,9984129794047.0,9967776,20,200.0,18,6288,118633548,112939921017.0,225957,2000,275,660,10693,800,2,330,399,84,0,400.0,115400,9.99999000001e-07,0.9999553000741026,0.4736842105263158,0.999000999000999,0.998726024921011,0.8228549878789065,0.0009974161487979665,9.99999000001e-07,0.9999023244915184,0.005682023458006386,0.9756600073527866,0.9626401429731914,0.9999989868282608,0.9937344467474304,0.8843465150772808,0.9714950872831182,0.9516440302573033,0.9999999498961665,0.999994987734984,0.9999999999999
115500,9984115880744.0,942,21,200.0,27,471,118392914,112951040985.0,113602,0,785,15160,14312,799,1,851,0,2000,2000,399.0,115500,9.99999000001e-07,0.9999551393710595,0.4736842105263158,0.999000999000999,0.9987261311973032,0.0008467987855430714,0.0009974157683412504,9.99999000001e-07,0.9998988861500517,0.0011649529888563817,0.7178407391224907,0.9460920789781836,0.9999989770388179,0.9937055010087078,0.9079091777477781,0.9852448722368806,0.4539326491765242,0.9999999763110887,0.9999957998260479,0.9999999999999
115600,9984102130953.0,9955202,20,200.0,10012,24801,118685230,112962338583.0,113256,20,246,22733,0,800,0,0,43,168,2000,400.0,115600,9.99999000001e-07,0.9999553775493811,0.4736842105263158,0.999000999000999,0.998725163044871,0.8231739913808899,0.000997414396212016,9.99999000001e-07,0.9998917825161885,0.0011658697293115867,0.9868549478590948,0.9571884057469843,0.99999899196038,0.9937463428031016,0.9477404964132214,0.9773130266050853,0.9826193168047624,0.9999999498958639,0.9999964133165669,0.9999999999999
115700,9984078821850.0,19973559,23,200.0,9016,465,118597351,112973784940.0,12,0,0,180,2401,0,0,0,384,0,1544,400.0,115700,9.99999000001e-07,0.9999556072059007,0.4736842105263158,0.999000999000999,0.9987249390530065,0.001133751207036198,0.0009974110616032435,9.99999000001e-07,0.9998995860132153,0.0011704682149421071,0.9772982901116395,0.6596258551678877,0.999998984564466,0.9937274197771074,0.5633763285800133,0.9677051936195965,0.9724847570735431,0.9999999498960774,0.9999949877583412,0.9999999999999
115800,9984075150350.0,9974075,27,200.0,19,86,118630635,112985190738.0,113039,2000,11213,718,608,0,1,352,1,140,1500,400.0,115800,9.99999000001e-07,0.9999554431533054,0.4736842105263158,0.999000999000999,0.9987252300907489,0.822899088557921,0.0009974107080647466,9.99999000001e-07,0.9999011161025505,0.0057246339735154955,0.9303756027735504,0.8305745900098853,0.9999989986923924,0.9937460508944617,0.8340313973164778,0.9740469013017931,0.9339092352667341,0.999999949896143,0.9999949877531529,0.9999999999999
115900,9984061395154.0,9753545,22,200.0,13016,160756,118671422,112996228682.0,112956,2000,7,0,45,0,43,40,0,512,245,200.0,115900,9.99999000001e-07,0.9999554813367905,0.4736842105263158,0.999000999000999,0.99872441546746,0.8236802173692648,0.0009974103306955584,9.99999000001e-07,0.9999011998195119,0.005595295169210483,0.8945360609059109,0.9753502747398071,0.9999989975433798,0.9937282064171363,0.9461300641830954,0.9839618959795589,0.951599763413839,0.999999949895865,0.9999949877470592,0.9999999999999
116000,9984047072553.0,40404,21,201.0,20009,53660,118657901,113007262717.0,16,0,39901,12,0,1,100,335,5,150,1296,400.0,116000,9.99999000001e-07,0.9999553332687685,0.4736842105263158,0.999000999000999,0.998724607325145,0.8230311265169904,0.0009974089013779599,9.99999000001e-07,0.9999006418437535,0.0011688599537763922,0.990246954332953,0.9708706238930592,0.9999989868645982,0.9937387894090098,0.9692150299670689,0.9814548555812674,0.9768881857073078,0.9999999498958836,0.9999949877492282,0.9999999999999
116100,9984033398755.0,841,18,200.0,39,424,118587823,113018529269.0,19,0,103,0,130,138,7,120,0,60,1436,200.0,116100,9.99999000001e-07,0.999955369212636,0.4736842105263158,0.999000999000999,0.9987236917556107,0.00953580761865127,0.0009974075366988224,9.99999000001e-07,0.999900233951384,0.0011709385484077366,0.9555270210133008,0.8126305469932874,0.999998985437271,0.9937348573875591,0.8751723913887188,0.9870578931404296,0.412233491173329,0.9999999498956961,0.9999949877597408,0.9999999999999
116200,9984019552263.0,9998815,23,201.0,11014,215,118722408,113029625904.0,112806,0,110,25,0,1,0,9,1,16,2000,400.0,116200,9.99999000001e-07,0.9999556071351517,0.4736842105263158,0.999000999000999,0.9987250979652711,0.03705116046460728,0.0009974061548400032,9.99999000001e-07,0.9999015116969633,0.0011703643440318919,0.9750848405296718,0.8548732898010565,0.9999989942070349,0.9937507698906469,0.9375172192743083,0.968285590370869,0.2869387418594489,0.9999999498960473,0.9999961058446429,0.9999999999999
116300,9984005474406.0,9916451,20,200.0,19012,222,118608594,113040820595.0,113316,0,10000,18682,0,392,5,16,3,2000,1336,200.0,116300,9.99999000001e-07,0.9999556497392477,0.4736842105263158,0.999000999000999,0.9987245944865971,0.00032192689089625607,0.000997404749745001,9.99999000001e-07,0.9999008439272508,0.0011677546859759217,0.9641944909261551,0.9886423863747831,0.9999989999944999,0.9937440824776992,0.9463657597728428,0.9539199255992573,0.28972463183307107,0.9999999741362212,0.999994987756485,0.9999999999999
116400,9983991583868.0,9983505,22,200.0,15005,128,118738689,113051770881.0,112904,0,24848,616,605,253,81,210,0,916,150,0.0,116400,9.99999000001e-07,0.9999556915772736,0.4736842105263158,0.999000999000999,0.9987234423254462,0.0002217156257145262,0.0009974033635143079,9.99999000001e-07,0.999898600812897,0.0011670857523637297,0.9625062727229893,0.9798718516822994,0.9999989999973999,0.9937491358226358,0.9462614946578756,0.9844062773895167,0.9323733563732951,0.9999999498958326,0.9999949877258885,0.9999999999999
116500,9983978031711.0,109,20,200.0,27013,19587,118554167,113063159895.0,112852,0,12070,12932,0,403,1,381,4,2000,1762,200.0,116500,9.99999000001e-07,0.9999555287959275,0.4736842105263158,0.999000999000999,0.9987243579414512,0.8229818004312774,0.0009974020109500524,9.99999000001e-07,0.9998980979680021,0.0011700270619745795,0.9905178750828162,0.9660323985091006,0.999998982058268,0.993725093093997,0.09030470201623078,0.9824233037002112,0.9385219641733662,0.9999999753861362,0.9999949877646925,0.9999999999999
116600,9983954217006.0,19831737,23,200.0,11022,53109,118558510,113074153236.0,226478,2000,947,170,3410,800,0,0,693,2000,1610,400.0,116600,9.99999000001e-07,0.9999559589532812,0.4736842105263158,0.999000999000999,0.9987267458467781,0.8977487449158826,0.0009973996342834332,9.99999000001e-07,0.9998983204366364,0.005673573373506316,0.9234951672275568,0.2645014341464596,0.999998983986613,0.9937095086821921,0.9322380837581906,0.9659846086418917,0.9850158640802795,0.9999999751926836,0.9999949877607978,0.9999999999999
116700,9983950477223.0,9930561,22,201.0,11020,204,118677825,113085285297.0,226649,2000,18093,9302,0,40,0,218,11,48,0,400.0,116700,9.99999000001e-07,0.9999558026556985,0.4736842105263158,0.999000999000999,0.9987242641260006,0.00021629444253929242,0.0009973982529064293,9.99999000001e-07,0.9998992600550302,0.005685288202687031,0.9784396173697493,0.9603033677656816,0.999999000001,0.9937150875632861,0.8419618144425236,0.9813954550216955,0.9520979496082715,0.9999999498959832,0.9999949877316201,0.9999999999999
116800,9983936423585.0,9981101,24,201.0,5,9545,118559867,113096439000.0,10,2000,0,6,155,790,1,188,16,28,744,201.0,116800,9.99999000001e-07,0.9999558445443972,0.4736842105263158,0.999000999000999,0.9987251994457162,0.8229694014003051,0.0009973968624029542,9.99999000001e-07,0.9998960541316819,0.005691028406449915,0.9935635080344943,0.9774559577801878,0.9999989999965,0.9937262420358844,0.9689052853468927,0.9807646254889324,0.9907055749038238,0.9999999498961335,0.9999949877638881,0.9999999999999
116900,9983922834182.0,819,27,201.0,24011,422,118892120,113107959259.0,113076,0,39600,7,0,398,1,330,9,0,2000,199.0,116900,9.99999000001e-07,0.9999556858632834,0.4736842105263158,0.999000999000999,0.9987242557666041,0.019510315748420323,0.0009973954935892438,9.99999000001e-07,0.9999011028026477,0.0011703050664717335,0.9778921174666795,0.9730342546832401,0.9999989923653538,0.9937514886970664,0.9197871877392633,0.9787495000972201,0.9805246896275268,0.9999999498958722,0.9999951091525949,0.9999999999999
117000,9983908603455.0,10000305,18,200.0,6024,19533,118336368,113118530669.0,19,39,27676,5322,0,800,2,663,375,0,0,0.0,117000,9.99999000001e-07,0.9999559258453106,0.4736842105263158,0.999000999000999,0.9987227942833309,0.041120049739705906,0.0009973950820009064,9.99999000001e-07,0.9999002960708178,0.0011673983450524784,0.9874776508036645,0.9924718609705488,0.9999989999918,0.9937363093004024,0.8697309172404925,0.9920340155835373,0.9539471136405869,0.999999949894881,0.9999949877797082,0.9999999999999
117100,9983894844958.0,40304,20,200.0,10025,21156,118167136,113129490364.0,7,2000,364,23274,0,403,0,168,125,2000,2000,200.0,117100,9.99999000001e-07,0.9999557724187579,0.4736842105263158,0.999000999000999,0.9987202064535061,0.047186135951915814,0.0009973927010664804,9.99999000001e-07,0.9998997441973194,0.005683105928577523,0.9641892867942736,0.9629479107201124,0.9999989788920652,0.9937293420449939,0.7971579862529086,0.9926557238619204,0.975090404454096,0.9999999750188816,0.999995150500087,0.9999999999999
117200,9983880518237.0,10022237,19,200.0,33,75262,118682763,113140784172.0,113615,0,21,0,0,692,1,54,0,0,318,199.0,117200,9.99999000001e-07,0.9999560133215749,0.4736842105263158,0.999000999000999,0.9987240932066107,0.8228595530249518,0.0009973922791424888,9.99999000001e-07,0.9999014276431586,0.001161028117570233,0.9668313381625817,0.9856664675085131,0.9999989968069368,0.9937364930686369,0.22922572209871886,0.978626896820698,0.9818790497772286,0.9999999498960319,0.999994987745463,0.9999999999999
117300,9983866468666.0,1655,27,200.0,6016,17239,118678546,113151720153.0,113375,0,28,9,9,802,2,0,334,0,3,201.0,117300,9.99999000001e-07,0.9999558618296721,0.4736842105263158,0.999000999000999,0.99872413208235,0.03278011879497891,0.0009973908769142206,9.99999000001e-07,0.9998920915283972,0.0011591643249648886,0.12202463045168367,0.9678678333211282,0.9999989999973,0.9937330401970748,0.9470256174842339,0.9817124191160473,0.9544835787957376,0.9999999498958677,0.9999949877282288,0.9999999999999
117400,9983853625829.0,9990414,19,200.0,19013,224,118778589,113163455140.0,225431,0,6,1198,0,3,1,98,4,2000,859,200.0,117400,9.99999000001e-07,0.9999560772131425,0.4736842105263158,0.999000999000999,0.9987246535772066,0.011724192590556728,0.0009973885863758841,9.99999000001e-07,0.9998964801276524,0.001169141540116475,0.9886525290351941,0.9619086505553432,0.9999990000008,0.9936605474274862,0.8778830380047531,0.9798717097241114,0.9105185456621216,0.9999999852549111,0.9999949877260446,0.9999999999999
117500,9983839579190.0,98,22,200.0,19000,0,118960944,113174565456.0,225831,37,29,13695,13319,401,0,337,11,80,2000,200.0,117500,9.99999000001e-07,0.9999559265526718,0.4736842105263158,0.999000999000999,0.9987237570379323,0.03701907297863345,0.0009973871854220594,9.99999000001e-07,0.9999017570264602,0.001166867328829175,0.09089992636933826,0.9722164175192185,0.9999989778470842,0.9937330343321131,0.9321506496578652,0.9731833981790959,0.9821470178657594,0.9999999498958068,0.9999956409607482,0.9999999999999
117600,9983825826697.0,9985336,17,200.0,26,41,118643257,113185867510.0,30,0,9,927,18556,215,99,192,3,2000,2000,199.0,117600,9.99999000001e-07,0.9999561564530351,0.4736842105263158,0.999000999000999,0.9987238313588882,0.04693629558108264,0.0009973858125219863,9.99999000001e-07,0.9998998479692173,0.0011676396456419711,0.9285753741471309,0.5250414390148715,0.9999989728457391,0.9937307668441543,0.9467000331735053,0.9752376928503869,0.9135131340638533,0.9999999766941382,0.9999964532956805,0.9999999999999
117700,9983812873120.0,30836,17,200.0,15000,439,118759912,113197497140.0,113042,2000,8,36,225,802,2,2,1,0,1085,400.0,117700,9.99999000001e-07,0.9999559857947251,0.4736842105263158,0.999000999000999,0.9987234580713353,0.0015841115315832917,0.0009973845194371576,9.99999000001e-07,0.9999011388116865,0.005746805338709397,0.13717350008157658,0.9020942224688954,0.9999989891282768,0.9937464455219878,0.4440630807952311,0.9859325583648298,0.2862678125604905,0.9999999498956043,0.9999949877322851,0.9999999999999
117800,9983799075820.0,27,21,201.0,9009,13,118699084,113208610672.0,227141,0,26724,172,3992,0,0,0,0,72,0,400.0,117800,9.99999000001e-07,0.9999560207121108,0.4736842105263158,0.999000999000999,0.9987216891901034,0.014692810178525443,0.0009973841511599856,9.99999000001e-07,0.9999024785372327,0.0011801206507641774,0.9807598676980744,0.9624340688270918,0.9999989999962999,0.9937611730303244,0.9746288855370038,0.9908189365847611,0.01919426182682001,0.9999999498951609,0.9999949877250771,0.9999999999999
117900,9983785647714.0,28859,23,200.0,12016,73377,118619625,113220131804.0,28,28,6,17068,28,8,0,413,0,2000,16,400.0,117900,9.99999000001e-07,0.9999560519356409,0.4736842105263158,0.999000999000999,0.9987247342846068,0.8235546653909245,0.000997382810983231,9.99999000001e-07,0.9998918383840482,0.0011844348775254625,0.9855355259608214,0.9563156067667102,0.9999990000006,0.9936770938180357,0.0,0.9863549918398532,0.9614215510186739,0.9999999853610442,0.9999949877373282,0.9999999999999
118000,9983772232166.0,9995554,17,200.0,14010,364,118666311,113231998801.0,113167,2000,386,2401,2833,1064,3,383,4,16,2000,401.0,118000,9.99999000001e-07,0.9999562736212467,0.4736842105263158,0.999000999000999,0.9987254995992235,0.8231877900002048,0.0009973804745952537,9.99999000001e-07,0.999900928929981,0.005816989796621806,0.9921239552863009,0.9026482622016443,0.9999989754253726,0.993730253236472,0.6920959651898997,0.9834687955480885,0.952858702995906,0.999999949895936,0.9999958673376356,0.9999999999999
118100,9983758349437.0,9999912,24,201.0,12009,12200,118731995,113243106238.0,112926,0,11462,20000,2330,213,102,91,227,2000,2000,201.0,118100,9.99999000001e-07,0.9999563147476926,0.4736842105263158,0.999000999000999,0.9987242344658953,0.06707593356989203,0.0009973800766202078,9.99999000001e-07,0.9998995699081316,0.0011879239283518741,0.9862604243396781,0.9829701110761337,0.9999989823184963,0.9937272889227176,0.9469120446152887,0.9751287245177407,0.9655689052409339,0.9999999675753133,0.9999952636866962,0.9999999999999
118200,9983734578609.0,19889229,21,202.0,19019,141,118615210,113254008616.0,20,0,0,472,5495,350,26,314,8,40,1874,0.0,118200,9.99999000001e-07,0.9999565412456302,0.4736842105263158,0.999000999000999,0.9987246028872367,0.00703115309681547,0.0009973786912628015,9.99999000001e-07,0.99989980064336,0.001187520562478418,0.9550935881225371,0.9251906678392822,0.999998987684268,0.9937404303764634,0.9456708964050953,0.9704079945508808,0.8430604481587541,0.9999999498958749,0.9999949877556081,0.9999999999999
118300,9983730796364.0,856,18,200.0,5017,433,118600544,113265506702.0,113953,0,17009,3697,0,5,2,202,0,160,2000,0.0,118300,9.99999000001e-07,0.9999561955980264,0.4736842105263158,0.999000999000999,0.9987238567872485,0.005962666959912132,0.000997377336713844,9.99999000001e-07,0.9999009792557482,0.0011908935676332155,0.9713868329398486,0.9320213444939417,0.9999989882654986,0.9937280537289978,0.4555683743856658,0.9809973457088905,0.8298476181565804,0.9999999498958262,0.9999968231257802,0.9999999999999
118400,9983717492527.0,19885,20,202.0,17,17,118722801,113276878544.0,226419,0,54,199,0,800,0,661,0,34,2000,400.0,118400,9.99999000001e-07,0.9999562240500902,0.4736842105263158,0.999000999000999,0.9987242475050974,0.025736018840520763,0.0009973760090854025,9.99999000001e-07,0.9999003102544262,0.001196738999777343,0.99485894493704,0.9553133042063344,0.9999989880907387,0.9937070594900527,0.9158306652146073,0.9809222095178802,0.9543182346127528,0.9999999498957016,0.9999973260304105,0.9999999999999
118500,9983704404614.0,10008600,17,200.0,5019,212,118746185,113288802500.0,27,0,0,0,123,800,2,663,608,90,0,0.0,118500,9.99999000001e-07,0.9999564404258674,0.4736842105263158,0.999000999000999,0.9987232322010983,0.056732778161169374,0.0009973736945480417,9.99999000001e-07,0.9998976146989252,0.001203739734311694,0.9956631455498518,0.9876106807699025,0.9999989999933,0.9937019748872736,0.9144091942002472,0.9841902171008055,0.9917717497871966,0.9999999498957016,0.9999949877194655,0.9999999999999
118600,9983690590273.0,9867414,20,200.0,15,8055,118740554,113299687989.0,226123,0,36603,0,0,1159,21,20,0,34,641,198.0,118600,9.99999000001e-07,0.9999564727280278,0.4736842105263158,0.999000999000999,0.9987249214713713,0.8219340235943728,0.0009973733242164661,9.99999000001e-07,0.9999023506636493,0.0012061173791895184,0.9912944705531986,0.9794412900950679,0.9999989992370183,0.9937372272092435,0.9771593540488225,0.9771133634321677,0.5761849696105684,0.9999999498958788,0.9999949877284998,0.9999999999999
118700,9983676556929.0,9993186,20,200.0,9023,39867,118726369,113310778988.0,226731,2000,11,0,426,295,59,54,0,30,1007,0.0,118700,9.99999000001e-07,0.9999565188269127,0.4736842105263158,0.999000999000999,0.9987242802925191,0.823382268552704,0.0009973709156841691,9.99999000001e-07,0.99989914528656,0.00586131984082077,0.9243375930822157,0.9892059861991299,0.9999989898645024,0.9937606779345343,0.9464998693779902,0.9819907401279612,0.9705798180620475,0.9999999498957122,0.9999949877361115,0.9999999999999
118800,9983662449726.0,143,18,200.0,9026,75,118451152,113321686236.0,113041,18,299,14433,0,982,2,0,3,2000,2000,400.0,118800,9.99999000001e-07,0.9999563700180116,0.4736842105263158,0.999000999000999,0.9987255954358899,0.04523385497453067,0.0009973705157199895,9.99999000001e-07,0.9999013542094132,0.0012006051108095549,0.9574196292198367,0.9682222350663496,0.9999989936496272,0.9937356661076792,0.8797696339472817,0.9841983665075867,0.32449568215056723,0.9999999896604276,0.999996187118552,0.9999999999999
118900,9983648918150.0,414,18,200.0,7014,59606,118846382,113333095313.0,16,2000,5,0,25047,1,128,0,1,10,1725,400.0,118900,9.99999000001e-07,0.9999564044362438,0.4736842105263158,0.999000999000999,0.9987247541716947,0.8233749263945841,0.00099736815671873,9.99999000001e-07,0.9999001218812683,0.005814938184570828,0.910559383367768,0.6856320737535156,0.9999989999928,0.9937342344903282,0.9692256559606626,0.7574008072812068,0.9785360167346456,0.9999999498960741,0.9999949877288887,0.9999999999999
119000,9983635358848.0,28011,14,201.0,14010,49018,118536919,113344531092.0,113523,2000,123,14878,14434,398,1,168,0,2000,1300,0.0,119000,9.99999000001e-07,0.9999564353398591,0.4736842105263158,0.999000999000999,0.9987240307243634,0.8233454260403077,0.0009973678092879007,9.99999000001e-07,0.9999004759439409,0.005836367049907342,0.9839332834474066,0.9705176348526274,0.9999989932660573,0.9937242920790125,0.8739846556546399,0.9901974347471442,0.9408908780564079,0.9999999750322718,0.9999949877632095,0.9999999999999
119100,9983621352811.0,9952692,24,201.0,6011,3797,118720333,113355574339.0,114006,2000,1,0,3,710,2,0,0,24,63,200.0,119100,9.99999000001e-07,0.9999566636445164,0.4736842105263158,0.999000999000999,0.9987253705103887,0.8233105848555813,0.0009973654209973397,9.99999000001e-07,0.9999013743679083,0.005872505731508595,0.9117795105576177,0.962923148476613,0.9999989993626941,0.9937357970071867,0.9339667010520637,0.9694651379805288,0.922207301887023,0.9999999498960799,0.9999949877379298,0.9999999999999
119200,9983607355137.0,9987168,17,200.0,8026,206,118797730,113366836239.0,113691,2000,0,16,16,400,0,329,0,60,914,200.0,119200,9.99999000001e-07,0.9999567047471103,0.4736842105263158,0.999000999000999,0.9987233110405574,0.05440082044117421,0.0009973650172120892,9.99999000001e-07,0.9999014431676955,0.005868845598792769,0.9734036166037398,0.9852516274751234,0.9999989907770139,0.9937373828064606,0.9648584533636287,0.9695239679106575,0.9781341180170766,0.9999999498958124,0.9999949877279777,0.9999999999999
119300,9983593084335.0,30430,27,200.0,15021,215,118699748,113377805755.0,17,30,373,26536,99,800,2,0,5,0,199,200.0,119300,9.99999000001e-07,0.9999565633551755,0.4736842105263158,0.999000999000999,0.9987254522308908,0.008032550725644103,0.0009973635899864818,9.99999000001e-07,0.999890432332104,0.0011986903969893083,0.4212529806317938,0.990875465778466,0.9999989999988,0.9937330678421784,0.9522859338761683,0.9730600639398082,0.9695425653630735,0.9999999498960934,0.9999949877279866,0.9999999999999
119400,9983569300785.0,19905930,18,200.0,22014,4669,118728076,113389180328.0,113122,44,29665,5642,6,2,1,224,1,2000,861,0.0,119400,9.99999000001e-07,0.999956974808909,0.4736842105263158,0.999000999000999,0.9987237212589888,0.8980074369609535,0.000997362197462247,9.99999000001e-07,0.999896149051036,0.0011975595933454545,0.9786226227568955,0.9937414982097655,0.9999989913147154,0.9936867359156645,0.1727429384771807,0.9806464000388156,0.9518873315642615,0.9999999786012704,0.9999949877385668,0.9999999999999
119500,9983565154334.0,20466,18,200.0,8012,0,118769712,113400479112.0,112951,0,43171,0,0,800,0,535,0,1710,1493,400.0,119500,9.99999000001e-07,0.9999566431771425,0.4736842105263158,0.999000999000999,0.9987239167193119,0.020314525569407323,0.000997360805593399,9.99999000001e-07,0.9999014751145845,0.0011959105526264952,0.9874755035276299,0.9922819517859729,0.9999989784647081,0.9937371509277405,0.31370589122383374,0.9799893929348403,0.9055283492942031,0.9999999498958532,0.9999949877369677,0.9999999999999
119600,9983541379970.0,19954694,20,201.0,8,547,118684594,113411258612.0,113291,0,92,4946,4916,0,1,122,201,2000,0,400.0,119600,9.99999000001e-07,0.9999570531558364,0.4736842105263158,0.999000999000999,0.9987237793892495,0.8981556368870757,0.0009973594156963079,9.99999000001e-07,0.9998996997109647,0.0011951494416274002,0.9411133627740416,0.9942105881086165,0.9999989952495398,0.9937265102233308,0.3289214233551322,0.9834794309539954,0.9668517458141227,0.999999970927291,0.9999949877272714,0.9999999999999
119700,9983537325077.0,9977775,20,200.0,18000,218,118685624,113422022494.0,113551,36,500,70,20667,5,0,517,0,104,2000,398.0,119700,9.99999000001e-07,0.9999569089692405,0.4736842105263158,0.999000999000999,0.9987235231364274,0.007950320859315779,0.0009973580163965968,9.99999000001e-07,0.9999020686911745,0.0011930918422837777,0.990102474723057,0.9941720461184371,0.9999989994778274,0.9937443111124228,0.9062897181190581,0.9886789555701455,0.9469294353738645,0.9999999498957789,0.9999951151557135,0.9999999999999
119800,9983513259361.0,19915487,22,200.0,11018,26231,118789185,113433389206.0,113813,2000,956,10,0,1,0,0,37,10,1055,200.0,119800,9.99999000001e-07,0.9999571350656143,0.4736842105263158,0.999000999000999,0.998723909892613,0.8235172209049807,0.0009973566061088326,9.99999000001e-07,0.9999013883047515,0.011258148411387241,0.9640928580582863,0.9936984493228496,0.9999989999986,0.9937326640309463,0.9645240746884152,0.9800429335252171,0.8241051634303731,0.9999999498957728,0.9999949877274064,0.9999999999999
119900,9983509448760.0,9927535,32,200.0,21000,49130,118600105,113444184230.0,226637,2000,0,0,0,910,3,4,0,12,796,200.0,119900,9.99999000001e-07,0.9999569871188124,0.4736842105263158,0.999000999000999,0.9987257215966526,0.8229576951409636,0.000997354238205191,9.99999000001e-07,0.9999023787754276,0.0057992100542300275,0.9456639556169248,0.989882173746302,0.9999989920910392,0.9937368749874329,0.9562305099592892,0.9702040957813501,0.28110055090100844,0.9999999498961395,0.9999949877578347,0.9999999999999
120000,9983485310762.0,19826561,22,200.0,16,46206,118711085,113454950206.0,226332,2000,2,33,3,1,0,0,1,10,2000,400.0,120000,9.99999000001e-07,0.9999572114333578,0.4736842105263158,0.999000999000999,0.9987253056005456,0.8222588662576573,0.0009973528371836052,9.99999000001e-07,0.9999031923578499,0.00575775249041329,0.9888427735203629,0.9701109272598721,0.999998999433279,0.9937449820773184,0.5100200989236988,0.9663548946815642,0.887699792320697,0.9999999498961227,0.9999951256888264,0.9999999999999
