Time,glucose,O2,glucose_total,O2_total,glucose_in,O2_in,H2O:=Cell_1,OH-:=Cell_1,H+:=Cell_1,glucose:=Cell_1,glucose_in:=Cell_1,glucose_transport:=Cell_1,O2:=Cell_1,Pyruvate-:=Cell_1,Pyruvate_created:=Cell_1,ATP:=Cell_1,ADP:=Cell_1,Pi:=Cell_1,NAD+:=Cell_1,NADH:=Cell_1,Lactic-:=Cell_1,H2O::Cell_1::Mitochondria_1,H2O_created::Cell_1::Mitochondria_1,OH-::Cell_1::Mitochondria_1,H+::Cell_1::Mitochondria_1,H+_inter::Cell_1::Mitochondria_1,H+_inter_created::Cell_1::Mitochondria_1,O2::Cell_1::Mitochondria_1,O2_in::Cell_1::Mitochondria_1,CO2::Cell_1::Mitochondria_1,ATP::Cell_1::Mitochondria_1,ATP_created::Cell_1::Mitochondria_1,ADP::Cell_1::Mitochondria_1,GDP::Cell_1::Mitochondria_1,GTP::Cell_1::Mitochondria_1,Pi::Cell_1::Mitochondria_1,NAD+::Cell_1::Mitochondria_1,NADH::Cell_1::Mitochondria_1,NADH_created::Cell_1::Mitochondria_1,NADH_in::Cell_1::Mitochondria_1,Pyruvate-::Cell_1::Mitochondria_1,Pyruvate-_in::Cell_1::Mitochondria_1,CoA-SH::Cell_1::Mitochondria_1,Acetyl_CoA::Cell_1::Mitochondria_1,FAD::Cell_1::Mitochondria_1,FADH2::Cell_1::Mitochondria_1,FADH2_created::Cell_1::Mitochondria_1,Pyruvate_transport::Cell_1::Mitochondria_1,ATP_synthase::Cell_1::Mitochondria_1,ADP_ATP_transport::Cell_1::Mitochondria_1,NADH_shuttle::Cell_1::Mitochondria_1,Pi_transport::Cell_1::Mitochondria_1,Commp1-3-4::Cell_1::Mitochondria_1,Commp2-3-4::Cell_1::Mitochondria_1,H2O::Cell_1::Mitochondria_2,H2O_created::Cell_1::Mitochondria_2,OH-::Cell_1::Mitochondria_2,H+::Cell_1::Mitochondria_2,H+_inter::Cell_1::Mitochondria_2,H+_inter_created::Cell_1::Mitochondria_2,O2::Cell_1::Mitochondria_2,O2_in::Cell_1::Mitochondria_2,CO2::Cell_1::Mitochondria_2,ATP::Cell_1::Mitochondria_2,ATP_created::Cell_1::Mitochondria_2,ADP::Cell_1::Mitochondria_2,GDP::Cell_1::Mitochondria_2,GTP::Cell_1::Mitochondria_2,Pi::Cell_1::Mitochondria_2,NAD+::Cell_1::Mitochondria_2,NADH::Cell_1::Mitochondria_2,NADH_created::Cell_1::Mitochondria_2,NADH_in::Cell_1::Mitochondria_2,Pyruvate-::Cell_1::Mitochondria_2,Pyruvate-_in::Cell_1::Mitochondria_2,CoA-SH::Cell_1::Mitochondria_2,Acetyl_CoA::Cell_1::Mitochondria_2,FAD::Cell_1::Mitochondria_2,FADH2::Cell_1::Mitochondria_2,FADH2_created::Cell_1::Mitochondria_2,Pyruvate_transport::Cell_1::Mitochondria_2,ATP_synthase::Cell_1::Mitochondria_2,ADP_ATP_transport::Cell_1::Mitochondria_2,NADH_shuttle::Cell_1::Mitochondria_2,Pi_transport::Cell_1::Mitochondria_2,Commp1-3-4::Cell_1::Mitochondria_2,Commp2-3-4::Cell_1::Mitochondria_2
0,0,0,0,0,0,0,10000000000000,100000,100000,0,0,2000,0,0,0,10000000000,10000000000,10000000000,10000000000,0,0,100000000000,0,1000,1000,0,0,0,0,0,0,0,1000000000,1000000000,0,1500000000,1000000000,0,0,0,0,0,1000000000,0,1000000000,0,0,1000,1000,1000,1000,1000,1000,1000,100000000000,0,1000,1000,0,0,0,0,0,0,0,1000000000,1000000000,0,1500000000,1000000000,0,0,0,0,0,1000000000,0,1000000000,0,0,1000,1000,1000,1000,1000,1000,1000
1000,0,0,0,0,20000,120000,9999989106479,9994147,9994147,0,0,2000,0,0,0,9999000626,10000999374,10000999374,10000000000,0,0,99999899795,0,101205,101205,0,0,0,0,0,0,0,1000000000,1000000000,0,1500000000,1000000000,0,0,0,0,0,1000000000,0,1000000000,0,0,1000,1000,1000,1000,1000,1000,1000,99999900268,0,100732,100732,0,0,0,0,0,0,0,1000000000,1000000000,0,1500000000,1000000000,0,0,0,0,0,1000000000,0,1000000000,0,0,1000,1000,1000,1000,1000,1000,1000
2000,1896990,1258823,20000000,120000000,20000,120000,9998993506324,82459807,120189023,1637,18103010,2000,113696,12752470,36202746,9230733031,10769266969,10883146669,9975170510,24829490,147256,100016506453,62932400,136565,23201520,682400,538032000,32911514,58671964,34908421,46161969,111967800,953838031,999998475,1525,1397415306,987908485,12091515,46534715,5666200,7,11655840,999970461,29539,999785206,214794,11626294,1000,1000,1000,1000,1000,1000,1000,100016496706,62882300,122417,23003773,751000,537531000,34220117,59955517,34867117,46263033,112083300,953736967,999998474,1526,1396276941,988014824,11985176,46484676,5559800,15181,11647180,999985560,14440,999793941,206059,11617559,1000,1000,1000,1000,1000,1000,1000
3000,2724490,1241110,40000000,240000000,20000,120000,9998148020018,76652462,134634697,19412,37275510,2000,2037,19330939,74512196,8577113380,11422886620,11669592820,9962168021,37831979,819317,100055009219,163496100,42167,43703761,585000,1419404200,50469104,118744854,81501116,151681564,300794700,848318436,999996526,3474,1226011062,982936346,17063654,108668154,18002400,15900,27182940,999999998,2,999777562,222438,27167038,1000,1000,1000,1000,1000,1000,1000,100054914338,163382500,38811,43654782,573500,1418297000,51791249,120011999,81489354,151920604,301053900,848079396,999967787,32213,1223644883,982989529,17010471,108652471,17858500,15880,27179000,999999997,3,999777883,222117,27163117,1000,1000,1000,1000,1000,1000,1000
4000,3359470,1249440,60000000,360000000,20000,120000,9997363020441,72906685,143353499,1666,56640530,2000,125860,24018486,113277728,7987381226,12012618774,12385313774,9955632314,44367686,2060642,100100144948,274324900,113964,63745964,188100,2396287400,61747978,177225328,130730044,279178694,511399200,720821306,999997898,2102,1035316504,979778760,20221240,174295640,33510100,8,43598860,999966744,33256,999804604,195396,43565596,1000,1000,1000,1000,1000,1000,1000,100100128788,274211200,27361,63173284,594800,2395255200,65972322,181399372,130732366,279279179,511485000,720720821,999997962,2038,1033526483,979859017,20140983,174298683,33339300,8,43599740,999966585,33415,999790783,209217,43566317,1000,1000,1000,1000,1000,1000,1000
5000,3896630,1279028,80000000,480000000,20000,120000,9996632556785,70945205,149794225,1588,76103370,2000,117154,27526956,152203564,7454363690,12545636310,13039761510,9952449684,47550316,3771748,100148689968,390289300,112532,82324367,627000,3421173800,70485259,235522459,181307715,417412510,732475500,582587490,999997310,2690,836455600,977620285,22379715,241732015,50507200,5,60459120,999965185,34815,999790600,209400,60424300,1000,1000,1000,1000,1000,1000,1000,100148824645,390338000,13319,82097715,542700,3421656000,78020109,243081359,181285544,418035362,733084800,581964638,999999150,850,833967788,977818644,22181356,241714056,50374300,17220,60445740,999999992,8,999786988,213012,60428512,1000,1000,1000,1000,1000,1000,1000
6000,4365820,1276396,100000000,600000000,20000,120000,9995953762343,68200085,153271516,2970,95634180,2000,988,30276211,191262420,6972399128,13027600872,13641169972,9951051109,48948891,5846329,100199540145,509524800,19058,100451503,777800,4476523200,77016346,293108446,232660466,562815052,960567600,437184948,999982253,17747,631321801,976366235,23633765,310202465,68274900,12,77576480,999965531,34469,999798601,201399,77541999,1000,1000,1000,1000,1000,1000,1000,100199598723,509576000,10003,100101736,932600,4477116800,89491370,305614170,232637875,563447902,961166400,436552098,999995444,4556,628823842,976539067,23460933,310183833,68192300,17441,77563400,999999999,1,999784442,215558,77545958,1000,1000,1000,1000,1000,1000,1000
7000,4796500,1249105,120000000,720000000,20000,120000,9995319545623,66730973,156702936,21049,115203500,2000,11454,32431561,230364902,6536385396,13463614604,14194747704,9950651639,49348361,8192041,100251530698,630832700,101942,118395202,909900,5551289400,86730402,354831902,284571360,712625898,1192889100,287374102,999990578,9422,423298680,975671120,24328880,379428480,86473700,17160,94874280,1000000000,0,999772580,227420,94857120,1000,1000,1000,1000,1000,1000,1000,100251689612,630972700,101569,118091986,920200,5552661400,95737789,363907539,284549324,713694500,1193977800,286305500,999964827,35173,419203227,975956403,24043597,379399097,86350800,17242,94867020,999999995,5,999783427,216573,94849773,1000,1000,1000,1000,1000,1000,1000
8000,5190780,1248074,140000000,840000000,20000,120000,9994727979176,64302706,158588594,19694,134809220,2000,1952,34251236,269579052,6142129182,13857870818,14705912218,9950720524,49279476,10755176,100304729096,753596600,7374,135839920,885100,6639612400,96440341,417216541,336834576,865927250,1428648600,134072750,999980840,19160,210946790,975572314,24427686,449106886,104829000,4,112289960,999982354,17646,999771890,228110,112272310,1000,1000,1000,1000,1000,1000,1000,100304930615,753734300,7377,135604336,800000,6640917400,100692883,421533433,336778743,866704838,1429440000,133295162,999989602,10398,208350164,975885721,24114279,449026779,104715400,9,112282680,999965365,34635,999805164,194836,112248036,1000,1000,1000,1000,1000,1000,1000
9000,5555430,1242632,160000000,960000000,20000,120000,9994174236014,61582928,159713347,19780,154444570,2000,11352,35750539,308849580,5785437842,14214562158,15163520158,9951096721,48903279,13476601,100358265104,877231600,20716,87618776,66617400,7735801600,103718462,477552112,389382480,999979527,1647829200,20473,997212967,2787033,22858240,975596160,24403840,519176640,123330200,17460,129811620,1000000000,0,999770140,229860,129794160,1000,1000,1000,1000,1000,1000,1000,100358240653,877288000,102469,86445407,67624700,7736350400,107333004,481193904,389379692,999897606,1647762300,102394,997204180,2795820,22723774,975843182,24156818,519172918,123139500,17580,129810820,999999986,14,999772974,227026,129793226,1000,1000,1000,1000,1000,1000,1000
10000,5897780,1237979,180000000,1080000000,20000,120000,9993650208548,63164471,165069023,3135,174102220,2000,11460,37052582,348198170,5462783119,14537216881,15487284481,9951481018,48518982,16332988,100373433645,962733900,160440,7994953,202167000,8451687800,127865299,535754049,442184428,999899051,1741988100,100949,985268346,14731654,10447095,937410767,62589233,589579233,141831100,17462,147412280,999999987,13,999561595,438405,147394805,1000,1000,1000,1000,1000,1000,1000,100373476801,962713800,139153,8050439,201722500,8451534000,135114862,542996512,442148384,999898364,1742124000,101636,985149482,14850518,10105718,937766534,62233466,589531166,141515100,17500,147400320,999999962,38,999567718,432282,147382782,1000,1000,1000,1000,1000,1000,1000
11000,6218920,1286816,200000000,1200000000,20000,120000,9993162033506,59601270,165145651,19900,193781080,2000,1008,38106721,387522360,5170834276,14829165724,15779887924,9951861679,48138321,19299339,100379871969,1039763500,186940,7895231,267084500,9080914200,156174846,593761546,495115634,999981383,1831720800,18617,977868386,22131614,2646603,890263969,109736031,660154131,160165200,18120,165056760,999999857,143,999551603,448397,165038497,1000,1000,1000,1000,1000,1000,1000,100379914197,1039764400,204681,7822776,266876600,9081052000,167355430,604950630,495107881,999983178,1831890000,16822,977722204,22277796,2257226,890564845,109435155,660132055,159919500,7,165059540,999964641,35359,999549826,450174,165024174,1000,1000,1000,1000,1000,1000,1000
12000,6527420,1244301,220000000,1320000000,20000,120000,9992695278803,62470427,171656241,21334,213472580,2000,124941,39013422,426902492,4906736730,15093263270,16044459870,9952202698,47797302,22375090,100384419200,1115020700,144721,6844700,334918900,9692201400,185531516,651916516,548208146,999877959,1916177100,122041,975501466,24498534,157107,841135661,158864339,730943839,178439800,17780,182754540,999998933,1067,999515007,484993,182735693,1000,1000,1000,1000,1000,1000,1000,100384234442,1114906000,200200,7041835,334783600,9691062400,200386092,666714242,548241209,999974519,1915989900,25481,975794933,24205067,90214,841134205,158865795,730982095,178290300,3,182759440,999981449,18551,999508814,491186,182740886,1000,1000,1000,1000,1000,1000,1000
13000,6822420,1276349,240000000,1440000000,20000,120000,9992260984303,57992508,170883762,21290,233177580,2000,1186,39745174,466312580,4667753611,15332246389,16283793089,9952405886,47594114,25551966,100387850533,1189438900,187057,6555758,403262300,10294471400,216236133,710960733,601447931,999900165,1998120000,99835,975739095,24260905,200030,790875199,209124801,801918801,196665500,9,200506200,999964679,35321,999518830,481170,200470870,1000,1000,1000,1000,1000,1000,1000,100387659262,1189334000,213090,6652878,403180400,10293418400,233089832,727761732,601472732,999870051,1997939400,129949,975886835,24113165,108984,790889052,209110948,801963548,196501000,18140,200509240,999999716,284,999499384,500616,200490816,1000,1000,1000,1000,1000,1000,1000
14000,7106430,1263941,260000000,1560000000,20000,120000,9991843243881,59780712,176455047,19871,252893570,2000,10436,40354837,505747398,4451584293,15548415707,16500221507,9952501883,47498117,28821381,100391151848,1263915200,183118,7121352,470807800,10896888000,247313951,770380051,654801276,999971520,2080208100,28480,975817142,24182858,75622,740540746,259459254,873067354,214741100,17660,218286780,999996958,3042,999516922,483078,218266078,1000,1000,1000,1000,1000,1000,1000,100391017051,1263800600,207921,6684646,471335100,10895764400,265335372,788345572,654815349,999874880,2079861000,125120,976088304,23911696,177624,740472575,259527425,873080825,214686800,3,218284400,999981079,18921,999514724,485276,218265476,1000,1000,1000,1000,1000,1000,1000
15000,7377890,1265877,280000000,1680000000,20000,120000,9991447121171,60527757,180934933,20052,272622110,2000,1065,40840060,545204116,4255998128,15744001872,16696008472,9952609500,47390500,32176616,100394453019,1338435700,197651,6912516,539180300,11499701000,280689240,832116090,708205455,999975505,2162170800,24495,975955195,24044805,106690,690192335,309807665,944273465,232805900,18065,236087500,999998575,1425,999513990,486010,236068010,1000,1000,1000,1000,1000,1000,1000,100394292420,1338332300,216706,6905356,539396900,11498677400,295241168,846616968,708244252,999900921,2161924800,99079,976125663,23874337,91142,690014390,309985610,944325410,232831100,18004,236099940,999999222,778,999499542,500458,236081158,1000,1000,1000,1000,1000,1000,1000
16000,7638800,1266227,300000000,1800000000,20000,120000,9991076779917,54117009,178346919,19936,292361200,2000,11424,41233082,584682528,4079024526,15920975474,16873121874,9952620398,47379602,35617226,100397747614,1412964100,199923,6688098,607536900,12102520200,312717859,892504859,761662994,999899761,2244119100,100239,976012540,23987460,171379,639886285,360113715,1015538815,250758800,8,253911360,999964469,35531,999514279,485721,253875821,1000,1000,1000,1000,1000,1000,1000,100397617891,1412888500,163811,6886209,607651900,12101650600,326475390,906217490,761705272,999883502,2243914500,116498,976187736,23812264,99234,639546562,360453438,1015606438,250926900,17920,253920860,999998226,1774,999503134,496866,253901166,1000,1000,1000,1000,1000,1000,1000
17000,7891260,1248704,320000000,1920000000,20000,120000,9990716407853,54661304,182911652,1948,312108740,2000,124772,41536964,624213584,3918976657,16081023343,17033274243,9952442936,47557064,39156320,100400942943,1487578000,216681,6774833,675706700,12705815200,345599271,953765471,815191620,999883026,2326157400,116974,976001834,23998166,123308,589495588,410504412,1086916212,268675000,18004,271760440,999982156,17844,999521008,478992,271724592,1000,1000,1000,1000,1000,1000,1000,100400812517,1487463700,188252,7117083,675643500,12704677800,356751653,964861053,815221494,999961002,2325953400,38998,976274625,23725375,58223,589187529,410812471,1086961171,268825200,17720,271759860,999997537,2463,999505223,494777,271739677,1000,1000,1000,1000,1000,1000,1000
18000,8137230,1256991,340000000,2040000000,20000,120000,9990372631517,53794404,185868606,20113,331862770,2000,11318,41661788,663685314,3774122421,16225877579,17178213579,9952362072,47637928,42774486,100404158656,1562189300,180162,6879497,743872500,13309089800,378364643,1014909093,868769201,999962122,2408189700,37878,976087528,23912472,82706,539047905,460952095,1158352895,286587700,17927,289619740,999981881,18119,999516706,483294,289583694,1000,1000,1000,1000,1000,1000,1000,100403980765,1562104700,187374,7063369,743995800,13308143000,387326748,1023822598,868827808,999963714,2407966200,36286,976287027,23712973,30013,538757505,461242495,1158435995,286685200,17866,289629300,999996753,3247,999504813,495187,289608187,1000,1000,1000,1000,1000,1000,1000
19000,8375840,1261679,360000000,2160000000,20000,120000,9990042434004,53198448,189447166,2169,351624160,2000,113995,41759636,703243982,3643115852,16356884148,17309266748,9951996364,48003636,46485446,100407199599,1636808700,219549,6894336,812193300,13912367000,409662639,1074584489,922427483,999976501,2490164100,23499,976132317,23867683,88016,488626733,511373267,1229902667,304349300,17705,307494820,999998069,1931,999489816,510184,307475184,1000,1000,1000,1000,1000,1000,1000,100407061641,1636739900,233315,6756019,812569700,13911475000,419165137,1084039837,922456476,999870156,2489872200,129844,976301108,23698892,116152,488411676,511588324,1229941624,304405600,17900,307504080,999998968,1032,999505352,494648,307485148,1000,1000,1000,1000,1000,1000,1000
20000,8609740,1221836,380000000,2280000000,20000,120000,9989722211480,55018230,195493818,2239,371390260,2000,11131,41735846,742776042,3524502910,16475497090,17427915390,9951546014,48453986,50285756,100410308246,1711453600,219823,6922994,880283700,14515633600,443366105,1136661505,976065614,999867353,2572141200,132647,976062576,23937424,112523,438387609,561612391,1301420191,321920200,18020,325374480,999998117,1883,999508223,491777,325354577,1000,1000,1000,1000,1000,1000,1000,100410204210,1711346100,252822,6800403,880730000,14514600200,448861278,1142105528,976068265,999974479,2571844500,25521,976468023,23531977,157944,438102379,561897621,1301412421,322116100,7,325379960,999964203,35797,999513444,486556,325344156,1000,1000,1000,1000,1000,1000,1000
21000,8836750,1267074,400000000,2400000000,20000,120000,9989419786687,50375829,195258371,2072,391163250,2000,11572,41593786,782322356,3417225616,16582774384,17535212484,9950899614,49100386,54188370,100413394159,1786110300,218781,6888021,948450900,15119143000,474723764,1196406414,1029754940,999969628,2654182500,30372,976124208,23875792,58480,388150140,611849860,1373006060,339464100,17580,343270280,999998420,1580,999493880,506120,343251120,1000,1000,1000,1000,1000,1000,1000,100413270586,1785985200,230035,7143508,948418700,15117928800,480692540,1202314940,1029748760,999965683,2653958700,34317,976333490,23666510,25807,387937747,612062253,1372997153,339569500,17946,343269920,999996419,3581,999492007,507993,343248393,1000,1000,1000,1000,1000,1000,1000
22000,9057760,1251941,420000000,2520000000,20000,120000,9989121786737,51498164,201068841,3955,410942240,2000,125421,41358207,821876570,3320140601,16679859399,17632299199,9949994093,50005907,58206563,100416500950,1860728500,183653,6691885,1016547500,15722206600,507165122,1257211972,1083412133,999894935,2736115800,105065,976126636,23873364,134601,338101168,661898832,1444548832,356808900,18165,361156900,999997964,2036,999498101,501899,361136699,1000,1000,1000,1000,1000,1000,1000,100416454648,1860624000,177606,6651137,1016697200,15721144000,511417166,1261410666,1083392049,999892905,2735874000,107095,976371823,23628177,136218,337984169,662015831,1444510631,356855200,15,361154900,999963697,36303,999518418,481582,361118582,1000,1000,1000,1000,1000,1000,1000
23000,9274090,1256660,440000000,2640000000,20000,120000,9988832481933,53169076,207684821,21920,430725910,2000,10455,40980165,861407980,3232288709,16767711291,17720132391,9948824215,51175785,62359795,100419628787,1935331400,181450,6801201,1084087300,16325163600,539617233,1318023533,1137040330,999894598,2818169100,105402,976098977,23901023,116879,288331049,711668951,1516041451,373921300,12,379038100,999963033,36967,999517679,482321,379001121,1000,1000,1000,1000,1000,1000,1000,100419505948,1935226100,226226,6565875,1084453500,16324153800,542353002,1320709352,1137017587,999881683,2817897600,118317,976353341,23646659,138058,288236771,711763229,1516011429,373951100,17,379029920,999963939,36061,999519558,480442,378993842,1000,1000,1000,1000,1000,1000,1000
24000,9484900,1249563,460000000,2760000000,20000,120000,9988556546835,49922970,210028247,3884,450515100,2000,10129,40517945,901022432,3152886905,16847113095,17799502595,9947097695,52902305,66685027,100422590570,2009872800,213799,7028450,1151259600,16927635200,571828151,1378571251,1190682974,999962945,2900217300,37055,976113368,23886632,75223,238837849,761162151,1587577251,390684500,17680,396912100,999999857,143,999492323,507677,396894277,1000,1000,1000,1000,1000,1000,1000,100422584801,2009775300,183985,6731696,1151643000,16926607400,573478007,1380169057,1190650213,999889870,2899916100,110130,976357432,23642568,153262,238716649,761283351,1587521651,390750600,23,396907360,999964101,35899,999521762,478238,396871438,1000,1000,1000,1000,1000,1000,1000
25000,9691980,1245921,480000000,2880000000,20000,120000,9988280168903,54644085,221112810,2446,470308020,2000,1931,39870177,940611148,3081016888,16918983112,17871332212,9944611983,55388017,71210531,100425798674,2084379700,151934,6451857,1218477400,17529865800,601976982,1437046132,1244206699,999912449,2982210000,87551,976126385,23873615,160436,189988337,810011663,1658936263,406972300,18089,414765660,999981993,18007,999511836,488164,414729564,1000,1000,1000,1000,1000,1000,1000,100425505532,2084275800,238818,6826606,1218492200,17528730000,606694866,1441706016,1244284058,999876525,2981965500,123475,976301775,23698225,129650,189684792,810315208,1659043708,407040300,22,414764780,999994892,5108,999493850,506150,414759650,1000,1000,1000,1000,1000,1000,1000
26000,9892170,1285003,500000000,3000000000,20000,120000,9988023195090,46843038,220927336,4305,490107830,2000,946,38999748,980207050,3016020328,16983979672,17936275972,9940930152,59069848,76014702,100428738229,2158756700,207276,6642331,1284390900,18130967000,633894838,1497235688,1297737270,999897386,3064277700,102614,976084921,23915079,158535,141770565,858229435,1730316335,422519800,17380,432596520,999999925,75,999495935,504065,432579065,1000,1000,1000,1000,1000,1000,1000,100428711756,2158657600,143773,6978929,1284160800,18129986400,638186413,1501478363,1297730919,999970186,3064153200,29814,976278429,23721571,40943,141600124,858399876,1730307376,422602700,18075,432596080,999998452,1548,999497243,502757,432576457,1000,1000,1000,1000,1000,1000,1000
27000,10091700,1261593,520000000,3120000000,20000,120000,9987764007960,47366214,231228109,20070,509908300,2000,11324,37754135,1019776460,2957147174,17042852826,17995109026,9935134625,64865375,81242385,100431770639,2232972400,172334,6619354,1349053900,18730800000,665228961,1556782411,1351170791,999900798,3146406000,99202,976047889,23952111,134791,94893300,905106700,1801559100,436789000,47,450394220,999994136,5864,999477191,522809,450388309,1000,1000,1000,1000,1000,1000,1000,100431715796,2232864700,237145,6417964,1349363500,18729743800,670443772,1561944672,1351067846,999883309,3146128800,116691,976336156,23663844,208947,94841401,905158599,1801417799,436879700,17780,450385720,999982013,17987,999512947,487053,450349953,1000,1000,1000,1000,1000,1000,1000
28000,10286410,1268632,540000000,3240000000,20000,120000,9987514719006,43700041,241535352,4319,529713590,2000,10508,36024469,1059418542,2903978747,17096021253,18048224853,9925311631,74688369,87122473,100434765564,2306925100,222034,6681799,1411206500,19328254200,695824271,1615474521,1404331151,999959837,3228613200,40163,976077503,23922497,129466,50473515,949526485,1872435785,448766600,17897,468139780,999982751,17249,999519966,480034,468104634,1000,1000,1000,1000,1000,1000,1000,100434625678,2306800800,180645,6692685,1411395000,19327146400,703649789,1623246339,1404390261,999882847,3228374100,117153,976203688,23796312,105441,50224780,949775220,1872519520,448841100,77,468131820,999997516,2484,999478441,521559,468129259,1000,1000,1000,1000,1000,1000,1000
29000,10475480,1284585,560000000,3360000000,20000,120000,9987272588220,37852804,258177889,20115,549524520,2000,2047,33302775,1099008810,2855791624,17144208376,18096347476,9907115885,92884115,94138195,100437487382,2380292900,232572,6613063,1468712800,19920797800,729671423,1677184673,1457328349,999909889,3310927500,90111,975945707,24054293,79918,10696869,989303131,1943097531,455965700,175,485790160,999979197,20803,999497218,502782,485769182,1000,1000,1000,1000,1000,1000,1000,100437470597,2380153800,159290,6416140,1468921500,19919549200,734076095,1681528695,1457277699,999899052,3310650300,100948,976208081,23791919,125829,10599330,989400670,1943036470,456020800,17523,485777680,999998614,1386,999489829,510171,485758771,1000,1000,1000,1000,1000,1000,1000
30000,10663400,1247432,580000000,3480000000,20000,120000,9987027853994,39232965,293753329,21971,569336600,2000,1079,28971206,1138629258,2812223259,17187776741,18139848541,9877562474,122437526,103111632,100456099807,2443187300,132240,7707985,1495681400,20458860200,764325874,1737606224,1496631834,999898989,3396679200,101011,979068738,20931262,3246649,13715,999986285,1993408385,456512000,192128,503270860,993697819,6302181,999850049,149951,496776551,1000,1000,1000,1000,1000,1000,1000,100455911410,2443146300,127391,8211738,1495190900,20458424600,767887015,1741145265,1496492054,999984501,3396748200,15499,979020868,20979132,2887667,313,999999687,1993318287,456568100,435972,503275560,993986645,6013355,999803567,196433,496826233,1000,1000,1000,1000,1000,1000,1000
31000,10847750,1260096,600000000,3600000000,20000,120000,9986794907318,33027462,321947073,2735,589152250,2000,968,23718081,1178299030,2772855780,17227144220,18179147720,9848552459,151447541,113753989,100481255172,2502093500,222664,8011930,1512580700,20980825400,798424127,1796964027,1530299298,999980296,3485382600,19704,981913008,18086992,6048512,44614,999955386,2035500286,456521200,517258,520414580,985303666,14696334,999812712,187288,505200988,1000,1000,1000,1000,1000,1000,1000,100481563824,2501950600,190813,7641440,1512948400,20979937200,803272659,1801774909,1530385126,999892388,3485231700,107612,982081767,17918233,6070079,13353,999986647,2035468747,456576300,194496,520412380,984865737,15134263,999862479,137521,505083621,1000,1000,1000,1000,1000,1000,1000
32000,11027560,1246949,620000000,3720000000,20000,120000,9986557801711,34646900,358227310,20099,608972440,2000,11439,18788028,1217904682,2737152811,17262847189,18214780689,9820272052,179727948,125064434,100506871192,2561855700,132976,8117814,1528998600,21509821800,834372090,1858503990,1564347654,999988731,3575678700,11269,982962987,17037013,7124756,41202,999958798,2078101198,456529500,184074,537024640,976912978,23087022,999838356,161644,513753544,1000,1000,1000,1000,1000,1000,1000,100506825485,2561802700,126758,8061800,1529092500,21509379000,836126772,1860237622,1564301043,999992119,3575621700,7881,983011300,16988700,6935181,38,999999962,2078057862,456582800,240175,537027580,976969414,23030586,999824181,175819,513756819,1000,1000,1000,1000,1000,1000,1000
33000,11204730,1259079,640000000,3840000000,20000,120000,9986333454963,26941955,386379394,21953,628795270,2000,2009,15020205,1257546634,2704886818,17295113182,18246984182,9792110815,207889185,136528049,100531612805,2622135900,132788,8060247,1545065500,22041698200,868892026,1918731176,1598039510,999981298,3666350700,18702,983286129,16713871,7489031,21,999999979,2120684079,456536600,242608,552992980,969894197,30105803,999813031,186969,522644569,1000,1000,1000,1000,1000,1000,1000,100531747721,2622041200,165550,7917826,1545212000,22041073600,870195786,1920007736,1598002133,999899411,3666280800,100589,983337868,16662132,7383257,41124,999958876,2120572676,456592800,144353,553005400,969709496,30290504,999846757,153243,522570543,1000,1000,1000,1000,1000,1000,1000
34000,11381690,1232996,660000000,3960000000,20000,120000,9986102781088,28653624,425219279,4476,648618310,2000,11064,12486187,1297227668,2675718212,17324281788,18276087188,9764038273,235961727,148117741,100556002064,2682375800,137702,7722640,1560724400,22572455600,902444172,1977925672,1631395780,999890723,3756709500,109277,983771045,16228955,8098822,42,999999958,2163003858,456546300,129756,568309380,963428454,36571546,999804722,195278,531608078,1000,1000,1000,1000,1000,1000,1000,100556011881,2682329400,182729,8039560,1560457500,22572087600,905365968,1980830268,1631347541,999912625,3756765900,87375,983753995,16246005,7817470,29,999999971,2162925871,456601900,123479,568314360,963387449,36612551,999822470,177530,531578330,1000,1000,1000,1000,1000,1000,1000
35000,11554420,1271251,680000000,4080000000,20000,120000,9985882183255,23021844,457452741,20104,668445580,2000,1006,10750945,1336850952,2649278999,17350721001,18302457901,9736368855,263631145,160048807,100579881191,2742856100,125532,7754426,1575402200,23104021000,937126020,2038270320,1664403455,999892167,3847216800,107833,984007508,15992492,8368841,86,999999914,2205164414,456556600,149643,583031180,957879422,42120578,999806541,193459,540760959,1000,1000,1000,1000,1000,1000,1000,100579830498,2742929900,136594,7745598,1575411000,23104657400,939282573,2040457423,1664360548,999912535,3847418700,87465,983780099,16219901,7877164,16,999999984,2205155084,456614400,248544,583020020,958023060,41976940,999785664,214336,540794536,1000,1000,1000,1000,1000,1000,1000
36000,11728350,1264157,700000000,4200000000,20000,120000,9985656329708,25201455,498018472,20200,688271650,2000,11562,9508017,1376502900,2625395263,17374604737,18326272937,9709214343,290785657,172523343,100603271788,2803481300,226059,7620594,1589804400,23635985000,973214650,2100028550,1697121624,999980765,3937695600,19235,984230014,15769986,8537949,40925,999959075,2247165275,456568100,205538,597239860,953009329,46990671,999809849,190151,550043651,1000,1000,1000,1000,1000,1000,1000,100603499574,2803767500,156461,7924240,1589422300,23638569400,971756081,2098695731,1697248944,999906829,3938449800,93171,983357874,16642126,7494145,41601,999958399,2247323699,456625800,132246,597231680,952975321,47024679,999813445,186555,550074755,1000,1000,1000,1000,1000,1000,1000
37000,11900170,1232355,720000000,4320000000,20000,120000,9985436088118,24099984,535669142,2674,708099830,2000,1052,8590946,1416194312,2603843702,17396156298,18347752998,9682652414,317347586,185630626,100626587211,2864371400,167801,8053457,1603054900,24169534000,1006576615,2159126065,1729760060,999989470,4028658600,10530,983767374,16232626,8102804,40244,999959756,2289208356,456577800,117332,610980800,948584828,51415172,999824204,175796,559448296,1000,1000,1000,1000,1000,1000,1000,100626585605,2864460100,166807,7407709,1603751000,24170132200,1007064778,2159640528,1729737866,999891852,4028645100,108148,983650856,16349144,7837404,38,999999962,2289204562,456638300,187466,610991940,948662222,51337778,999841904,158096,559466696,1000,1000,1000,1000,1000,1000,1000
38000,12068870,1259229,740000000,4440000000,20000,120000,9985222404007,18446483,568906403,2572,727931130,2000,11447,7844504,1455857116,2584298190,17415701810,18367221610,9656764156,343235844,199379572,100649276041,2925428000,221309,7844088,1616699800,24703740000,1039364918,2217670168,1762165289,999981504,4119498000,18496,983227654,16772346,7607150,61,999999939,2331203339,456589600,233451,624322640,944948861,55051139,999779450,220550,569038050,1000,1000,1000,1000,1000,1000,1000,100649442546,2925186000,186789,7935587,1616519900,24701888000,1042839406,2221059156,1762062143,999991983,4119251100,8017,983569328,16430672,7696545,41702,999958298,2330999198,456652100,122367,624310400,944749022,55250978,999809445,190555,568937055,1000,1000,1000,1000,1000,1000,1000
39000,12233210,1232344,760000000,4560000000,20000,120000,9985000280602,23062487,612464302,20333,747766790,2000,11152,7176301,1495492914,2566573289,17433426711,18384863711,9631547079,368452921,213772593,100672042948,2986235900,152372,7754912,1629688700,25235489400,1072792035,2276730635,1794355200,999988720,4209892800,11280,983214760,16785240,7623540,40,999999960,2372916160,456602300,58000,637291280,941327680,58672320,999797740,202260,578560960,1000,1000,1000,1000,1000,1000,1000,100672028500,2986309300,140976,7475316,1629878100,25235975400,1078066069,2282025869,1794240792,999899589,4209985800,100411,982980481,17019519,7246392,40300,999959700,2372824500,456665100,179364,637252740,941510332,58489668,999805992,194008,578583708,1000,1000,1000,1000,1000,1000,1000
40000,12391520,1261526,780000000,4680000000,20000,120000,9984790327180,17234610,645740677,22306,767608480,2000,11592,6626519,1535172348,2550578690,17449421310,18400778010,9606932301,393067699,228811849,100694288712,3047051600,136809,7432104,1642574000,25766515200,1108093840,2337619590,1826227782,999888512,4299983400,111488,983268119,16731881,7814607,25,999999975,2414436775,456614600,59524,649869320,938399197,61600803,999791107,208893,588208993,1000,1000,1000,1000,1000,1000,1000,100694248636,3047043300,188033,7829381,1642177600,25766438600,1111585292,2341107292,1826118011,999981003,4300128000,18997,983195126,16804874,7422423,45712,999954288,2414320788,456678200,152203,649864660,938490320,61509680,999796523,203477,588202777,1000,1000,1000,1000,1000,1000,1000
41000,12551560,1271123,800000000,4800000000,20000,120000,9984576104953,17253649,685043570,2672,787448440,2000,11514,6215285,1574891536,2536162802,17463837198,18415117498,9582882375,417117625,244457011,100716296615,3108263600,143307,7723407,1654531700,26300281600,1139471493,2394706143,1858037454,999990274,4390760700,9726,982683048,17316952,7170474,120,999999880,2456047580,456627300,94718,662111920,935992924,64007076,999784174,215826,598010126,1000,1000,1000,1000,1000,1000,1000,100716291677,3108081200,220300,7690595,1654599800,26298794400,1148846720,2404011220,1857910634,999898444,4390499700,101556,982900003,17099997,7243559,37225,999962775,2455849975,456689600,75368,662107320,935907389,64092611,999812859,187141,597939341,1000,1000,1000,1000,1000,1000,1000
42000,12710760,1248443,820000000,4920000000,20000,120000,9984365189718,15311470,722350369,2778,807289240,2000,11426,5808575,1614572924,2523095988,17476904012,18428103712,9559490765,440509235,260721089,100737951478,3169207800,191438,7798644,1666429900,26831193200,1174766845,2455565445,1889527678,999989260,4480805700,10740,982723932,17276068,7252772,94,999999906,2497346106,456640400,146378,674037200,933927606,66072394,999792172,207828,607818428,1000,1000,1000,1000,1000,1000,1000,100738084830,3169160700,173189,7681233,1666471800,26831004600,1182381986,2463174686,1889505557,999991470,4480865700,8530,982685643,17314357,6976373,26216,999973784,2497281684,456702200,52757,674006060,933822824,66177176,999799173,200827,607776127,1000,1000,1000,1000,1000,1000,1000
43000,12865990,1268477,840000000,5040000000,20000,120000,9984149407828,19451116,765722112,22361,827134010,2000,114436,5415898,1654223298,2511234044,17488765956,18439873856,9536685242,463314758,277540340,100759558118,3230296700,213999,7923420,1677899100,27363069400,1207264563,2513669313,1920949800,999986003,4571108400,13997,982446142,17553858,7025639,39339,999960661,2538629261,456653700,56982,685647860,932088583,67911417,999807739,192261,617679461,1000,1000,1000,1000,1000,1000,1000,100759551783,3230153900,203761,7674121,1678103500,27361928600,1218596474,2524947774,1920842108,999990967,4570890900,9033,982677815,17322185,7013448,45340,999954660,2538491460,456714500,75796,685619200,932105948,67894052,999801948,198052,617649352,1000,1000,1000,1000,1000,1000,1000
44000,13018800,1275702,860000000,5160000000,20000,120000,9983942687562,15765916,801456914,2896,846981200,2000,1032,5132490,1693956608,2500615278,17499384722,18450403922,9514363710,485636290,294922218,100780848342,3291395100,176721,7604799,1689496100,27894407000,1243728859,2575704909,1952155399,999988710,4661125200,11290,982363431,17636569,6984221,42022,999957978,2579798078,456669000,96159,696966200,930772638,69227362,999800321,199679,627642679,1000,1000,1000,1000,1000,1000,1000,100780762373,3291375900,224705,7698405,1689423100,27894331000,1251044657,2583018357,1952097126,999978337,4661211600,21663,982232163,17767837,6625126,38900,999961100,2579750900,456729100,146122,696935700,930864196,69135804,999774726,225274,627653774,1000,1000,1000,1000,1000,1000,1000
45000,13169730,1257994,880000000,5280000000,20000,120000,9983733827704,15172098,840256462,2582,866830270,2000,11374,4853088,1733655376,2490953802,17509046198,18459985398,9492597892,507402108,312829168,100801889479,3352468800,177961,7304503,1700837400,28425117600,1278263850,2635775100,1983198462,999913358,4750978500,86642,982321838,17678162,7057880,42118,999957882,2620850482,456683600,111638,708006060,929757598,70242402,999794280,205720,637652020,1000,1000,1000,1000,1000,1000,1000,100801955200,3352425700,149723,7358362,1700732600,28424895400,1285452782,2642955532,1983185120,999899999,4751053800,100001,982227340,17772660,6738741,25821,999974179,2620818979,456740500,49658,707967060,929716457,70283543,999786341,213659,637633859,1000,1000,1000,1000,1000,1000,1000
46000,13320760,1231929,900000000,5400000000,20000,120000,9983523524024,16923304,881350965,22187,886679240,2000,122832,4566855,1773314106,2482182128,17517817872,18468664572,9471395145,528604855,331255951,100822769759,3413758000,202171,7649490,1711273500,28957252000,1314774880,2697883380,2014189309,999990237,4841277000,9763,981894047,18105953,6598810,40001,999959999,2661937999,456698000,68891,718760820,929056761,70943239,999792310,207690,647748690,1000,1000,1000,1000,1000,1000,1000,100822775447,3413673800,183129,7604008,1711268000,28956610000,1317682959,2700761859,2014111491,999984446,4841220600,15554,981935738,18064262,6409592,41601,999958399,2661844899,456755300,85805,718730480,929088733,70911267,999782592,217408,647733408,1000,1000,1000,1000,1000,1000,1000
47000,13470100,1271970,920000000,5520000000,20000,120000,9983316346968,16408115,920274925,22418,906529900,2000,1141,4334846,1813014964,2474285383,17525714617,18476486617,9450627254,549372746,350159218,100843397252,3474799500,173005,7392252,1722067600,29486867000,1350110681,2758689931,2044941186,999989766,4930848300,10234,982107285,17892715,6848819,33,999999967,2702804267,456713200,71856,729286880,928648057,71351943,999777919,222081,657863081,1000,1000,1000,1000,1000,1000,1000,100843411759,3474802200,177830,7545018,1721825100,29486908400,1351455458,2760036958,2044854131,999991864,4930987500,8136,981947627,18052373,6452463,41732,999958268,2702712268,456769800,96163,729234020,928720280,71279720,999781063,218937,657858137,1000,1000,1000,1000,1000,1000,1000
48000,13617030,1259617,940000000,5640000000,20000,120000,9983113190035,12628352,955975613,20308,926382970,2000,10416,4136137,1852725324,2467136087,17532863913,18483543513,9430322403,569677597,369533527,100863918918,3535947900,158177,7202593,1732465300,30016971000,1384442762,2818509962,2075532421,999914443,5020531200,85557,982083108,17916892,6949265,38544,999961456,2743551856,456730500,54709,739548260,928525884,71474116,999794065,205935,668019435,1000,1000,1000,1000,1000,1000,1000,100863873151,3536093000,158326,7523298,1732142400,30018194800,1386094455,2820220005,2075551931,999983480,5020940700,16520,981667639,18332361,6223959,28,999999972,2743625472,456783700,102551,739507400,928668692,71331308,999768359,231641,668073541,1000,1000,1000,1000,1000,1000,1000
49000,13758800,1249233,960000000,5760000000,20000,120000,9982900205796,19402656,1002322041,4836,946241200,2000,12158,3989857,1892472728,2460711152,17539288848,18489875848,9410445963,589554037,389375491,100884158903,3597274200,177272,7700451,1742001900,30548143600,1419240595,2878840295,2106049024,999986414,5110563300,13586,981747639,18252361,6588325,43701,999956299,2784337099,456743800,95906,749568780,928815201,71184799,999786725,213275,678288075,1000,1000,1000,1000,1000,1000,1000,100884109145,3597423400,213884,7223764,1742511200,30549459600,1420235014,2879898314,2106078023,999889849,5110797900,110151,981347192,18652808,6043243,17520,999982480,2784412880,456799400,130291,749538600,928926548,71073452,999761943,238057,678334857,1000,1000,1000,1000,1000,1000,1000
50000,13902160,1275942,980000000,5880000000,20000,120000,9982703127250,10843429,1033189426,22391,966097840,2000,1063,3767499,1932150898,2454868279,17545131721,18495640021,9391056481,608943519,409634979,100904208015,3658363900,210970,7593310,1751962700,31077067800,1451527484,2936548734,2136377195,999982523,5199950100,17477,981999618,18000382,6884695,43300,999956700,2824918700,456759100,94155,759388340,929247320,70752680,999779895,220105,688541505,1000,1000,1000,1000,1000,1000,1000,100904268480,3658592000,197072,7006923,1752510200,31079051200,1457057561,2942174261,2136431855,999891473,5200319100,108527,981471657,18528343,6204284,40029,999959971,2825021471,456813300,107457,759360080,929336993,70663007,999768984,231016,688589616,1000,1000,1000,1000,1000,1000,1000
51000,14045290,1244750,1000000000,6000000000,20000,120000,9982495514384,13392291,1075272031,22192,985954710,2000,1034,3615904,1971865036,2449595575,17550404425,18500840625,9372060816,627939184,430324652,100924103069,3719753300,213573,7081833,1762068300,31608094600,1487630818,2998167568,2166659714,999908762,5289659700,91238,981732376,18267624,6729714,41200,999958800,2865579000,456773500,156618,768977760,930098144,69901856,999760514,239486,698919286,1000,1000,1000,1000,1000,1000,1000,100924212412,3719896400,211220,7240399,1761917400,31609392000,1489986698,3000586648,2166749803,999895571,5290062900,104429,981293215,18706785,6055344,141,999999859,2865675559,456827700,48429,768946720,930027465,69972535,999770744,229256,698925756,1000,1000,1000,1000,1000,1000,1000
52000,14188910,1238778,1020000000,6120000000,20000,120000,9982287239101,17111120,1118526867,20182,1005811090,2000,123642,3469031,2011581816,2444827321,17555172679,18505515779,9353474129,646525871,451420845,100943906177,3780919600,178077,7282281,1771256700,32136982400,1520844631,3056791081,2196807042,999989597,5379078900,10403,981937015,18062985,6901118,76,999999924,2906076924,456789200,93702,778360980,931002604,68997396,999756818,243182,709269882,1000,1000,1000,1000,1000,1000,1000,100943994484,3781252900,192661,7281246,1771242300,32139821000,1525764299,3061846499,2196903840,999906587,5379765900,93413,981095502,18904498,5892115,75,999999925,2906229925,456845900,79290,778330960,931074415,68925585,999762415,237585,709326085,1000,1000,1000,1000,1000,1000,1000
53000,14329080,1255137,1040000000,6240000000,20000,120000,9982084741467,15543678,1156584690,2793,1025670920,2000,126057,3370558,2051336254,2440551645,17559448355,18509708555,9335236022,664763978,472906476,100963534949,3842224500,145975,6955821,1780728800,32666616200,1555057750,3116443200,2226816494,999899935,5468494800,100065,981897243,18102757,6994808,14,999999986,2946513486,456803800,116150,787538660,932274482,67725518,999756608,243392,719696992,1000,1000,1000,1000,1000,1000,1000,100963634584,3842494200,212068,7431829,1780300700,32669007600,1560674406,3122175606,2226929585,999989167,5469209100,10833,981238551,18761449,5991684,99,999999901,2946648501,456862000,28807,787520560,932227163,67772837,999772884,227116,719718916,1000,1000,1000,1000,1000,1000,1000
54000,14467600,1279001,1060000000,6360000000,20000,120000,9981888103053,8481908,1189078155,4780,1045532400,2000,1016,3240407,2091055240,2436642661,17563357339,18513525439,9317411953,682588047,494767793,100983010593,3903661100,205448,7827816,1788910300,33197155000,1590718089,3177582639,2256804555,999979120,5558380800,20880,981512367,18487633,6577347,92,999999908,2986975908,456821100,70911,796532760,933709504,66290496,999760647,239353,730171353,1000,1000,1000,1000,1000,1000,1000,100983084305,3903783800,194394,7191149,1789517500,33198223600,1594221344,3181137344,2256817108,999899177,5558533800,100823,981252910,18747090,6141533,25,999999975,2987001875,456878300,66706,796514280,933737193,66262807,999767033,232967,730184767,1000,1000,1000,1000,1000,1000,1000
55000,14602860,1247629,1080000000,6480000000,20000,120000,9981679161991,14082039,1234197220,20206,1065397140,2000,1119,3094113,2130753868,2433091530,17566908470,18516994670,9299968627,700031373,516989695,101002506919,3965294500,157895,6942855,1798508100,33729001000,1626943660,3239344410,2286721738,999891821,5648118000,108179,981045859,18954141,6232338,37300,999962700,3027434300,456836900,33746,805330360,935415948,64584052,999780438,219562,740712562,1000,1000,1000,1000,1000,1000,1000,101002436365,3965179400,224167,7387527,1798176200,33728143600,1627045292,3239406842,2286682904,999909185,5648107800,90815,981076429,18923571,6002744,140,999999860,3027370760,456895900,32508,805339700,935380664,64619336,999768444,231556,740687856,1000,1000,1000,1000,1000,1000,1000
56000,14735410,1265447,1100000000,6600000000,20000,120000,9981478972381,11375525,1271147777,4657,1085264590,2000,10330,3018086,2170519866,2429987306,17570012694,18520004394,9282810594,717189406,539564760,101021634459,4026794400,226852,7041609,1807131400,34259382400,1657985944,3295848044,2316488214,999891984,5737706400,108016,980777421,19222579,6009837,24623,999975377,3067776177,456853200,58492,813970780,937375675,62624325,999782237,217763,751287963,1000,1000,1000,1000,1000,1000,1000,101021681753,4026688800,205185,6960261,1807169100,34258653600,1665046429,3302876179,2316417782,999890257,5737641300,109743,980850703,19149297,5844346,42064,999957936,3067675636,456912500,64166,813966240,937355780,62644220,999771446,228554,751257854,1000,1000,1000,1000,1000,1000,1000
57000,14870710,1266819,1120000000,6720000000,20000,120000,9981274278314,13400163,1312779872,2615,1105129290,2000,1018,2921359,2210253350,2427107077,17572892923,18522793723,9266008081,733991919,562466431,101040620841,4087967800,223423,7436629,1815210700,34786887600,1691447701,3354632201,2346058814,999990675,5826785100,9325,981137263,18862737,6316688,74,999999926,3107900726,456869400,48990,822423980,939466922,60533078,999756888,243112,761841912,1000,1000,1000,1000,1000,1000,1000,101040707429,4087894400,210516,7527396,1815086700,34786388800,1700937462,3364099962,2345989315,999982448,5826800400,17552,981134363,18865637,6081015,38000,999962000,3107792000,456925600,57635,822441580,939418740,60581260,999766715,233285,761802685,1000,1000,1000,1000,1000,1000,1000
58000,15003730,1243128,1140000000,6840000000,20000,120000,9981077280771,8004388,1346907796,20428,1124996270,2000,1005,2780624,2249951684,2424508459,17575491541,18525308341,9249567456,750432544,585690240,101059615349,4149644700,199499,6899739,1823990000,35318236600,1725648972,3414333172,2375648016,999890298,5916426600,109702,980614814,19385186,5937616,39100,999960900,3148166200,456886800,117692,830729340,941906536,58093464,999758116,241884,772518184,1000,1000,1000,1000,1000,1000,1000,101059693587,4149432700,167251,7194811,1823680900,35316600600,1735814245,3424422695,2375563626,999983796,5916250200,16204,980935242,19064758,5921546,43020,999956980,3148015980,456942100,92562,830751480,941793436,58206564,999763446,236554,772452354,1000,1000,1000,1000,1000,1000,1000
59000,15137910,1259741,1160000000,6960000000,20000,120000,9980872981362,10201406,1388721337,20383,1144862090,2000,11502,2698817,2289683414,2422194368,17577805632,18527529732,9233401223,766598777,609222337,101078442936,4210974800,198145,7486319,1831564000,35846518400,1758213960,3472249510,2405096561,999990660,6005677200,9340,980732787,19267213,6002527,23266,999976734,3188240234,456903900,66225,838875440,944334458,55665542,999760027,239973,783143673,1000,1000,1000,1000,1000,1000,1000,101078451669,4210727800,186332,7291181,1831781900,35844532400,1772536947,3486479247,2405000396,999982042,6005281800,17958,981166309,18833691,6199767,71,999999929,3188082929,456958400,51490,838886820,944247203,55752797,999760667,239333,783082533,1000,1000,1000,1000,1000,1000,1000
60000,15268380,1258115,1180000000,7080000000,20000,120000,9980672952518,8356533,1426567730,2801,1164731620,2000,11289,2648859,2329457638,2420113251,17579886749,18529527049,9217502801,782497199,633065139,101097195889,4272467400,187717,6944775,1840069900,36375896400,1793614832,3533049932,2434484540,999899598,6094870200,100402,980661000,19339000,6063102,38962,999961038,3228313738,456920300,39776,846865920,947003054,52996946,999768002,231998,793829198,1000,1000,1000,1000,1000,1000,1000,101097116910,4272137900,224963,7133182,1839945600,36373228600,1806371114,3545680664,2434341990,999899191,6094417200,100809,981165982,18834018,6324791,23901,999976099,3228101399,456975000,54548,846877720,946936237,53063763,999759391,240609,793759409,1000,1000,1000,1000,1000,1000,1000
61000,15396800,1244968,1200000000,7200000000,20000,120000,9980464286149,15315220,1473162560,4645,1184603200,2000,2157,2576430,2369197110,2418187269,17581812731,18531351031,9201915470,798084530,657186380,101115849052,4334118300,148652,7194353,1847632500,36906351800,1826636606,3591518806,2463846889,999990834,6184472700,9166,980279702,19720298,5643168,38779,999961221,3268436121,456935600,48555,854716980,949920807,50079193,999764668,235332,804589232,1000,1000,1000,1000,1000,1000,1000,101115683515,4333399900,191272,7045141,1847863300,36900435800,1842631819,3607234069,2463574778,999904837,6183239400,95163,981556966,18443034,6759529,151,999999849,3268018349,456990600,29684,854717320,949755935,50244065,999751829,248171,804443571,1000,1000,1000,1000,1000,1000,1000
62000,15524240,1263621,1220000000,7320000000,20000,120000,9980268021270,10062409,1507472507,22185,1204475760,2000,11477,2460748,2408907150,2416461679,17583538321,18532987921,9186642912,813357088,681592262,101134275345,4395411600,155205,6966465,1855595600,37433554400,1860615294,3650785994,2492978350,999899004,6273222900,100996,980617254,19382746,6119150,37300,999962700,3308282300,456951600,73710,862444160,952933500,47066500,999766250,233750,815303950,1000,1000,1000,1000,1000,1000,1000,101134169684,4395077800,226097,7480927,1855113200,37430840400,1877896108,3667938908,2492814977,999985801,6272847900,14199,981140528,18859472,6304227,41950,999958050,3308045250,457006200,55549,862409980,952875842,47124158,999761927,238073,815230273,1000,1000,1000,1000,1000,1000,1000
63000,15649910,1264473,1240000000,7440000000,20000,120000,9980062915677,13858478,1550982322,4860,1224350090,2000,1046,2426384,2448690460,2414952455,17585047545,18534417645,9171594596,828405404,706292056,101152571027,4457093900,227297,7356591,1862869800,37963827800,1893061227,3708663727,2522209262,999981891,6362759700,18109,980231899,19768101,5690208,46,999999954,3348345154,456970900,61662,869999140,956198414,43801586,999753008,246992,826135892,1000,1000,1000,1000,1000,1000,1000,101152600977,4456718400,169463,7458045,1862684200,37960711200,1914616104,3730070754,2522031382,999978635,6362212500,21365,980852215,19147785,6063280,98,999999902,3348078002,457022100,34738,869972880,956108478,43891522,999762480,237520,826046620,1000,1000,1000,1000,1000,1000,1000
64000,15775460,1261689,1260000000,7560000000,20000,120000,9979860755997,14832477,1591609554,4666,1244224540,2000,939,2363329,2488439748,2413555174,17586444826,18535719026,9156818351,843181649,731232099,101170946493,4518554000,168331,6945793,1870621500,38492088800,1924213824,3765150124,2551251550,999899495,6451712700,100505,980307703,19692297,5895808,34058,999965942,3388171142,456986000,20654,877433020,959507226,40492774,999761808,238192,836919592,1000,1000,1000,1000,1000,1000,1000,101170853840,4518495000,240359,7146003,1870505600,38491538800,1952677948,3793587248,2551193677,999890578,6451677600,109422,980330711,19669289,5678333,56,999999944,3388102144,457040000,34557,877411300,959531724,40468276,999767933,232067,836908467,1000,1000,1000,1000,1000,1000,1000
65000,15901190,1268122,1280000000,7680000000,20000,120000,9979658651366,15908650,1632335159,4640,1264098810,2000,11416,2294869,2528188340,2412324816,17587675184,18536862484,9142301111,857698889,756432751,101189076620,4580108700,171003,7078322,1877849400,39020863800,1958846847,3825137247,2580274140,999915372,6540844200,84628,980233913,19766087,5847941,101,999999899,3428052199,457000600,38798,884756820,963060037,36939963,999749841,250159,847778059,1000,1000,1000,1000,1000,1000,1000,101189071366,4580097800,189975,6801945,1878053100,39020733200,1987299615,3853583215,2580172717,999910964,6540822300,89036,980243711,19756289,5616047,38830,999961170,3427941670,457056100,69089,884703900,963134142,36865858,999761647,238353,847768953,1000,1000,1000,1000,1000,1000,1000
66000,16025370,1282725,1300000000,7800000000,20000,120000,9979461201505,12410116,1668440154,20174,1283974630,2000,1048,2208526,2567908912,2411171521,17588828479,18537930379,9128048454,871951546,781869966,101207216993,4641782900,192817,6871785,1885237000,39550487400,1993584209,3885266809,2609237718,999898608,6630083700,101392,980006978,19993022,5673570,39852,999960148,3467889848,457017800,22362,891955820,966718672,33281328,999765570,234430,858652130,1000,1000,1000,1000,1000,1000,1000,101207020735,4641582800,232449,7125545,1884981400,39548741600,2021850918,3913449418,2609093224,999990002,6629824200,9998,980333230,19666770,5676128,104,999999896,3467741496,457069600,77920,891874600,966851592,33148408,999737528,262472,858648272,1000,1000,1000,1000,1000,1000,1000
67000,16147330,1266301,1320000000,7920000000,20000,120000,9979257463451,15331636,1711023292,20260,1303852670,2000,114815,2149736,2607664820,2410139887,17589860113,18538866513,9114017164,885982836,807559084,101225069392,4703316100,213856,7294642,1891939000,40078629800,2028520325,3945520175,2638074022,999992299,6719110500,7701,980049915,19950085,5667416,94,999999906,3507646506,457036700,90826,899019880,970643430,29356570,999743916,256084,869572484,1000,1000,1000,1000,1000,1000,1000,101225125432,4703240200,155339,6902917,1892188400,40078056400,2056125209,3973098709,2638011715,999899296,6719005200,100704,980042553,19957447,5527057,142,999999858,3507567458,457086200,35891,898936120,970655514,29344486,999737457,262543,869555743,1000,1000,1000,1000,1000,1000,1000
68000,16268490,1262726,1340000000,8040000000,20000,120000,9979063208577,8935182,1744365929,2622,1323731510,2000,2010,2131671,2647457776,2409277359,17590722641,18539633841,9100187729,899812271,833486805,101242998104,4764874400,219666,7083724,1899096700,40606876000,2061439144,4003759594,2666878648,999984931,6808021200,15069,980124021,19875979,5797590,142,999999858,3547353358,457053900,31672,905960900,974545482,25454518,999758790,241210,880474710,1000,1000,1000,1000,1000,1000,1000,101243036895,4764927300,161673,7277635,1898762300,40607328200,2092633570,4034975670,2666840618,999991739,6808269600,8261,979825195,20174805,5263756,138,999999862,3547336162,457104800,28870,905878400,974646014,25353986,999747556,252444,880495544,1000,1000,1000,1000,1000,1000,1000
69000,16389230,1277297,1360000000,8160000000,20000,120000,9978864831527,6692194,1781793327,2867,1343610770,2000,922,2078727,2687215806,2408448221,17591551779,18540377379,9086596273,913403727,859618679,101260823571,4826407100,185629,6863732,1906099500,41134789400,2093160408,4060783858,2695576083,999892572,6896874900,107428,980137272,19862728,5941300,25017,999974983,3586988983,457072700,52337,912802620,978662617,21337383,999747300,252700,891412900,1000,1000,1000,1000,1000,1000,1000,101260801481,4826374700,206384,6734464,1906148800,41134441400,2130332173,4097937923,2695487155,999891359,6896835900,108641,980145914,19854086,5732355,38900,999961100,3586888700,457120700,31715,912715780,978717480,21282520,999761655,238345,891401545,1000,1000,1000,1000,1000,1000,1000
70000,16511870,1263487,1380000000,8280000000,20000,120000,9978662882446,8099145,1822803925,20189,1363488130,2000,2086,1998198,2726935882,2407691191,17592308809,18541036009,9073260462,926739538,885967044,101278547236,4888053000,189713,7290482,1912432600,41663394800,2127498244,4120453794,2724287332,999991055,6985985100,8945,980038538,19961462,5793583,151,999999849,3626679049,457090000,29622,919533520,982887819,17112181,999750183,249817,902391717,1000,1000,1000,1000,1000,1000,1000,101278463521,4888086600,238331,7024473,1912650800,41663618000,2165315333,4158280633,2724225206,999987285,6986029800,12715,979932869,20067131,5472284,178,999999822,3626635122,457139300,31746,919437120,983004542,16995458,999746084,253916,902409916,1000,1000,1000,1000,1000,1000,1000
71000,16633550,1251524,1400000000,8400000000,20000,120000,9978456140939,14425532,1868866004,2904,1383366450,2000,12411,1976580,2766727092,2407068771,17592931229,18541565229,9060056940,939943060,912520832,101296183666,4949833600,221108,7043861,1919346800,42193043200,2163451217,4181787217,2752979871,999981202,7075153500,18798,979727760,20272240,5536558,87,999999913,3666402613,457107700,35253,926169640,987288355,12711645,999738858,261142,913422742,1000,1000,1000,1000,1000,1000,1000,101296075892,4949340300,193978,7325918,1918886900,42188749400,2198819548,4216948848,2752650290,999991406,7074379200,8594,980561796,19438204,6146390,41200,999958800,3665980200,457155500,69570,926060040,987339440,12660560,999751790,248210,913329910,1000,1000,1000,1000,1000,1000,1000
72000,16751570,1255810,1420000000,8520000000,20000,120000,9978257602031,12550666,1906601803,22516,1403248430,2000,12369,1896009,2806451828,2406442497,17593557503,18542094803,9047124211,952875789,939279339,101313800398,5011344100,169780,7164920,1925659300,42720163400,2198650516,4242242716,2781463926,999986635,7163872500,13365,979929061,20070939,5778326,29000,999971000,3705869000,457126700,29662,932683440,991751296,8248704,999754626,245374,924405074,1000,1000,1000,1000,1000,1000,1000,101313644950,5011137600,189650,6967783,1925814800,42718330400,2232985655,4276489105,2781314993,999989560,7163483700,10440,980284560,19715440,5921800,107,999999893,3705706093,457170000,60247,932593040,991858307,8141693,999739600,260400,924391100,1000,1000,1000,1000,1000,1000,1000
73000,16869720,1268237,1440000000,8640000000,20000,120000,9978063917656,5911723,1939649647,22180,1423130280,2000,882,1853124,2846216200,2405910179,17594089821,18542533921,9034350776,965649224,966235576,101331241636,5073010800,225161,6904065,1932392100,43248440000,2232223696,4301124846,2809964963,999911267,7252700400,88733,979881566,20118434,5849399,40236,999959764,3745410464,457143100,37279,939111240,996371540,3628460,999762999,237001,935445501,1000,1000,1000,1000,1000,1000,1000,101331133668,5072917500,229563,6829446,1932416200,43247583800,2268746735,4337606035,2809879100,999897913,7252558200,102087,979952190,20047810,5731077,177,999999823,3745331223,457188300,41406,939016260,996477269,3522731,999746777,253223,935452123,1000,1000,1000,1000,1000,1000,1000
74000,16986740,1268122,1460000000,8760000000,20000,120000,9977861250459,8322298,1981178435,2902,1443013260,2000,127157,1853121,2886020716,2405447357,17594552643,18542902043,9022379319,977620681,993382335,101351128845,5132937900,211542,7569413,1934929800,43766919800,2265566504,4359381754,2836291380,999980237,7341551700,19763,981014966,18985034,6956729,3149049,996850951,3781721751,457452300,6082,945436720,999999733,267,999877029,122971,945430371,1000,1000,1000,1000,1000,1000,1000,101351481514,5132883700,161872,7170134,1934821600,43767108200,2305389167,4399222967,2836025684,999914344,7341825900,85656,980704506,19295494,6518762,3518678,996481322,3781367422,457565400,6332,945348540,999999530,470,999874362,125638,945341738,1000,1000,1000,1000,1000,1000,1000
75000,17102590,1250155,1480000000,8880000000,20000,120000,9977664138319,5202159,2003979853,20470,1462897410,2000,125440,1806514,2925753880,2405005178,17594994822,18543245622,9023682466,976317534,1020653646,101380586243,5187407200,226257,7728737,1930871700,44261636000,2299761160,4417687510,2855041200,999898610,7431888600,101390,984243010,15756990,10313900,13312300,986687700,3806721600,464264300,6080,951686480,1000000000,0,999874100,125900,951680400,1000,1000,1000,1000,1000,1000,1000,101380612010,5187054600,149521,8021715,1930572800,44258764400,2343145945,4460936895,2854821431,999984533,7431431100,15467,984797610,15202390,10592777,13162246,986837754,3806428554,464518400,55,951607240,999999938,62,999865577,134423,951607123,1000,1000,1000,1000,1000,1000,1000
76000,17216630,1268814,1500000000,9000000000,20000,120000,9977457493073,11682653,2025966281,22498,1482783370,2000,997,1806784,2965521744,2404622726,17595377274,18543522474,9035449336,964550664,1047926180,101411009724,5242761600,154156,8365409,1930683700,44765099200,2331733941,4474207441,2873796213,999981043,7523425500,18957,986432903,13567097,12472360,19045247,980954753,3831724253,476362900,67,957940200,999987907,12093,999886560,113440,957928040,1000,1000,1000,1000,1000,1000,1000,101411096907,5242476500,135490,8131284,1930864500,44763012200,2382144048,4524522748,2873526013,999899827,7523064300,100173,986735126,13264874,12669599,18988286,981011714,3831368014,476682000,6569,957848580,999999990,10,999877099,122901,957842001,1000,1000,1000,1000,1000,1000,1000
77000,17332300,1275803,1520000000,9120000000,20000,120000,9977260946284,8140784,2032440839,22229,1502667700,2000,116762,1825113,3005290942,2404316668,17595683332,18543722832,9052645887,947354113,1075120829,101441886848,5298783000,168385,8525920,1933345700,45275054000,2366096105,4533439105,2892638046,999910577,7615839000,89423,987556688,12443312,13720711,22513665,977486335,3856848635,491226700,32,964216900,999993721,6279,999886411,113589,964210589,1000,1000,1000,1000,1000,1000,1000,101442059200,5298557900,134753,8460883,1933320000,45273579000,2417889380,4585168330,2892364981,999984399,7615684800,15601,987811850,12188150,13713351,22481970,977518030,3856486630,491589300,6417,964128100,999999966,34,999878351,121649,964121649,1000,1000,1000,1000,1000,1000,1000
78000,17445940,1250565,1540000000,9240000000,20000,120000,9977054308358,14748801,2045958167,2923,1522554060,2000,12355,1889592,3045102274,2404067159,17595932841,18543868541,9072911968,927088032,1102231742,101473011622,5355227700,198883,8562506,1937655400,45788989800,2403053348,4595461748,2911607318,999990619,7708790100,9381,988249254,11750746,14382735,24516817,975483183,3882143083,507746000,52,970535840,999999977,23,999875135,124865,970535765,1000,1000,1000,1000,1000,1000,1000,101473202056,5354960900,144604,8515801,1937526700,45787073800,2450953332,4643275332,2911310617,999982807,7708545000,17193,988530527,11469473,14487920,24547203,975452797,3881743397,508036500,43,970445100,999987723,12277,999884120,115880,970432780,1000,1000,1000,1000,1000,1000,1000
79000,17557600,1262336,1560000000,9360000000,20000,120000,9976856693975,12329228,2048774927,2688,1542442400,2000,1034,1913475,3084879424,2403817503,17596182497,18544014297,9094676465,905323535,1129208689,101504177707,5411919000,187693,8198805,1943285500,46304778000,2437199562,4654758312,2930759572,999901243,7801757700,98757,988701343,11298657,14977300,25634128,974365872,3907677272,525004600,6568,976930740,999993528,6472,999883800,116200,976917700,1000,1000,1000,1000,1000,1000,1000,101504332927,5411688200,174660,8719294,1942646600,46303264400,2486485318,4703978318,2930479443,999990784,7801748700,9216,988834413,11165587,14834629,25635286,974364714,3907305914,525342600,19,976826520,999999970,30,999875729,124271,976826471,1000,1000,1000,1000,1000,1000,1000
80000,17669940,1252767,1580000000,9480000000,20000,120000,9976655254542,13768487,2054695686,2920,1562330060,2000,1104,1945019,3124654280,2403598629,17596401371,18544127171,9117055001,882944999,1156037181,101535380126,5468913900,137223,8571614,1948723900,46823071800,2473889290,4716717040,2950139194,999980674,7895300400,19326,988665757,11334243,14915783,26227889,973772111,3933518911,542650300,6420,983386180,999999957,43,999878683,121317,983379717,1000,1000,1000,1000,1000,1000,1000,101535463998,5468658400,201569,8336842,1948943300,46821334400,2519277989,4762029089,2949837662,999902842,7895025000,97158,988909031,11090969,15049689,26207327,973792673,3933116873,543021800,6660,983285900,999999971,29,999876989,123011,983279211,1000,1000,1000,1000,1000,1000,1000
81000,17783620,1275542,1600000000,9600000000,20000,120000,9976463913804,5084359,2050224134,2909,1582216380,2000,11779,1979133,3164426942,2403364663,17596635337,18544260637,9139573347,860426653,1182733989,101566236860,5525859900,162590,8684711,1955112100,47340431800,2512360785,4780405285,2969697171,999989755,7988288700,10245,989063105,10936895,15353950,26269279,973730721,3959594021,560454800,29,989903500,999993379,6621,999874050,125950,989896850,1000,1000,1000,1000,1000,1000,1000,101566513309,5525731200,144611,8268774,1955332900,47339856800,2550282744,4818307394,2969405183,999890003,7988282700,109997,989017443,10982557,15221540,26353257,973646743,3959202643,560811500,57,989810320,999987197,12803,999884440,115560,989797460,1000,1000,1000,1000,1000,1000,1000
82000,17894560,1263516,1620000000,9720000000,20000,120000,9976263847897,5161896,2054498638,20160,1602105440,2000,1030,1977782,3204170560,2403167493,17596832507,18544366707,9161913838,838086162,1209272798,101597032047,5583094000,172842,8157694,1962414600,47859899200,2545706689,4839063639,2989510035,999909308,8081430900,90692,989128871,10871129,15546163,26110928,973889072,3986013372,578209500,7019,996510380,999999976,24,999876763,123237,996503337,1000,1000,1000,1000,1000,1000,1000,101597302006,5582991200,202826,8248262,1962149900,47859688800,2586315165,4879671815,2989215880,999909823,8081657100,90177,988953467,11046533,15182844,26214264,973785736,3985619036,578602100,32,996409600,999993588,6412,999874744,125256,996403156,1000,1000,1000,1000,1000,1000,1000
83000,18007080,1251304,1640000000,9840000000,20000,120000,9976054387277,14722026,2068814289,2841,1621992920,2000,11314,2050505,3243980158,2403064703,17596935297,18544380797,9183626595,816373405,1235668353,101627690755,5640469700,169504,8277940,1969217600,48380221000,2580394161,4899099261,3009557629,999909047,8174805300,90953,988976300,11023700,15436253,25864324,974135676,4012741276,595745100,25,1003190360,999993312,6688,999875853,124147,1003183647,1000,1000,1000,1000,1000,1000,1000,101628008499,5640292500,171981,8862842,1968402500,48379423400,2620960721,4939638121,3009187781,999986170,8175052500,13830,988874430,11125570,15073760,25977579,974022421,4012246221,596193300,39,1003070940,999987539,12461,999879260,120740,1003058440,1000,1000,1000,1000,1000,1000,1000
84000,18116400,1275190,1660000000,9960000000,20000,120000,9975854469668,14681776,2073767961,20451,1641883600,2000,10737,2048787,3283726298,2402890644,17597109356,18544454156,9204877493,795122507,1261914891,101658172468,5697924300,147016,8504265,1976149600,48900751800,2615471014,4959527464,3029808137,999981747,8268091500,18253,988903375,11096625,15344828,25438391,974561609,4039739609,613123500,47,1009945240,999986279,13721,999879928,120072,1009931472,1000,1000,1000,1000,1000,1000,1000,101658405432,5697645200,131112,7902302,1976573800,48899008800,2655204209,4999186609,3029436858,999898543,8267806500,101457,989176891,10823109,15510348,25472390,974527610,4039246610,613565400,26,1009817380,999992398,7602,999870648,129352,1009809752,1000,1000,1000,1000,1000,1000,1000
85000,18226420,1263940,1680000000,10080000000,20000,120000,9975664161836,5110766,2069935209,4711,1661773580,2000,12345,2115205,3323537738,2402797002,17597202998,18544435698,9225313875,774686125,1288023113,101688472893,5755500100,126092,8441061,1983440300,49421995400,2648421747,5017858947,3050276424,999985059,8361370800,14941,988691054,11308946,15188095,25003571,974996429,4067035229,630209900,26,1016758840,999999991,9,999866895,133105,1016758805,1000,1000,1000,1000,1000,1000,1000,101688744548,5755292300,162575,8712461,1982947200,49420895000,2691470368,5060864768,3049895647,999989367,8361463200,10633,988687408,11312592,14983241,25143494,974856506,4066523206,630618600,51,1016640580,999987030,12970,999875941,124059,1016627559,1000,1000,1000,1000,1000,1000,1000
86000,18337600,1235631,1700000000,10200000000,20000,120000,9975454911202,14451839,2085479297,4632,1681662400,2000,124335,2145822,3363315536,2402677241,17597322759,18544453459,9245091378,754908622,1313973014,101718464578,5813111800,208826,8433558,1990950900,49942970800,2682216873,5077013573,3070934800,999909828,8454411600,90172,988588196,11411804,15211168,24478568,975521432,4094575132,647021300,64,1023654200,999986196,13804,999878068,121932,1023640332,1000,1000,1000,1000,1000,1000,1000,101718725707,5812929000,220036,8480538,1990692200,49942090800,2726861911,5121626461,3070598683,999989555,8454494700,10445,988650636,11349364,14997581,24589798,975410202,4094126802,647412600,55,1023542500,999985674,14326,999871781,128219,1023528119,1000,1000,1000,1000,1000,1000,1000
87000,18446630,1259843,1720000000,10320000000,20000,120000,9975261776647,7662839,2085616813,20182,1701553370,2000,10475,2141798,3403066376,2402539486,17597460514,18544487614,9263942982,736057018,1339755158,101748175469,5870783100,194447,8590213,1998414600,50463875800,2718624360,5138768710,3091919818,999989050,8547321900,10950,988653222,11346778,15245372,23829654,976170346,4122559746,663404900,58,1030640020,999999966,34,999854472,145528,1030639928,1000,1000,1000,1000,1000,1000,1000,101748603161,5870739000,176519,8308879,1998382500,50464253200,2759787522,5179960972,3091568220,999981225,8547638100,18775,988394385,11605615,14804860,24014540,975985460,4122090960,663849300,6660,1030529400,1000000000,0,999869360,130640,1030522740,1000,1000,1000,1000,1000,1000,1000
88000,18555500,1259227,1740000000,10440000000,20000,120000,9975054887398,14704925,2100350211,20507,1721444500,2000,10396,2176800,3442847986,2402476023,17597523977,18544445177,9281950700,718049300,1365419186,101777896781,5928602000,154339,8647279,2005808200,50985688800,2754588338,5200118638,3113010480,999982510,8640370500,17490,988458050,11541950,15109540,23376360,976623640,4150680640,679462200,7340,1037677500,1000000000,0,999871240,128760,1037670160,1000,1000,1000,1000,1000,1000,1000,101778179600,5928511000,195861,8659054,2005655100,50985645200,2793072789,5238611739,3112703480,999985107,8640619800,14893,988264994,11735006,14724687,23456207,976543793,4150271293,679917300,6646,1037574500,999999959,41,999865287,134713,1037567813,1000,1000,1000,1000,1000,1000,1000
89000,18663840,1261814,1760000000,10560000000,20000,120000,9974858198487,11531175,2105521788,22526,1741336160,2000,1080,2210245,3482627268,2402409462,17597590538,18544415138,9299185835,700814165,1390966203,101807250405,5986354400,142992,8415155,2013693400,51506457600,2790617444,5261476744,3134326222,999890002,8732963100,109998,988566901,11433099,15358499,22816677,977183323,4179101623,695164500,6820,1044782240,999999981,19,999860399,139601,1044775401,1000,1000,1000,1000,1000,1000,1000,101807738325,5986373100,130309,8626735,2013170600,51507549400,2826335162,5297260362,3133982824,999979812,8733596100,20188,988087190,11912810,14601178,23001554,976998446,4178643746,695682400,7600,1044668580,999999942,58,999861778,138222,1044660922,1000,1000,1000,1000,1000,1000,1000
90000,18772270,1266125,1780000000,10680000000,20000,120000,9974664904823,5035456,2107995601,4808,1761227730,2000,1138,2272101,3522445844,2402411079,17597588921,18544315721,9315691639,684308361,1416379683,101836682813,6044425400,140627,8476910,2021100800,52029810800,2824629423,5320939423,3155811963,999988022,8826209100,11978,988156702,11843298,14899580,22509917,977490083,4207744483,710560200,77,1051947000,999985597,14403,999872880,127120,1051932520,1000,1000,1000,1000,1000,1000,1000,101836992819,6044415700,200317,8188642,2021408600,52030518600,2861437864,5357793314,3155518777,999898778,8826519600,101222,987800090,12199910,14443612,22450135,977549865,4207358365,711197600,7459,1051847060,999999987,13,999865212,134788,1051839588,1000,1000,1000,1000,1000,1000,1000
91000,18878620,1258848,1800000000,10800000000,20000,120000,9974465311299,4768641,2117299700,20395,1781121380,2000,11575,2276089,3562201970,2402337740,17597662260,18544284460,9331428811,668571189,1441683781,101865751581,6102416500,149611,7979109,2029284000,52551997800,2859857727,5381555527,3177502402,999899715,8918899800,100285,988037279,11962721,14924264,22058662,977941338,4236667538,725648500,30,1059172160,999993006,6994,999855764,144236,1059165136,1000,1000,1000,1000,1000,1000,1000,101866039208,6102294900,172772,8401594,2028916400,52551605800,2895485550,5417174050,3177180542,999990151,8919108900,9849,987981211,12018789,14582160,21924718,978075282,4236235882,726298500,78,1059069940,999985478,14522,999862560,137440,1059055340,1000,1000,1000,1000,1000,1000,1000
92000,18983340,1281724,1820000000,10920000000,20000,120000,9974265539140,4741883,2127490758,20220,1801016660,2000,117631,2301795,3601992880,2402325323,17597674677,18544189577,9346392605,653607395,1466839685,101894703714,6160519200,129451,8114888,2036905100,53074621600,2895874601,5442973551,3199380852,999899754,9011713500,100246,987827509,12172491,14765955,21579903,978420097,4265836097,740460600,78,1066470440,999984883,15117,999866055,133945,1066455245,1000,1000,1000,1000,1000,1000,1000,101894881590,6160364700,158052,7996866,2037198900,53073812600,2928559394,5475627094,3199112068,999899457,9011635800,100543,987945871,12054129,14693314,21343246,978656754,4265477654,741085200,64,1066380960,999984690,15310,999863714,136286,1066365586,1000,1000,1000,1000,1000,1000,1000
93000,19086450,1249515,1840000000,11040000000,20000,120000,9974063436209,7034248,2140561871,20216,1820913550,2000,112865,2332255,3641786668,2402303157,17597696843,18544114143,9360694245,639305755,1491889613,101923457411,6218819100,212577,7973589,2044969500,53598732600,2929634934,5502203334,3221467848,999900140,9104697000,99860,987370136,12629864,14361696,21099148,978900852,4295290452,755064900,7020,1073829660,999999964,36,999859696,140304,1073822604,1000,1000,1000,1000,1000,1000,1000,101923605286,6218495000,154305,7981606,2044984700,53596358000,2963973786,5536434286,3221176658,999889928,9104323800,110072,987788425,12211575,14589497,20923139,979076861,4294897461,755526400,88,1073735140,999985751,14249,999853197,146803,1073720803,1000,1000,1000,1000,1000,1000,1000
94000,19191250,1264778,1860000000,11160000000,20000,120000,9973858527807,12123971,2157053021,22461,1840808750,2000,990,2357072,3681572578,2402279478,17597720522,18544037322,9374266468,625733532,1516838446,101952070868,6276988100,172373,8172565,2052579500,54121209800,2963666039,5561618139,3243676739,999891783,9197325000,108217,987233830,12766170,14281247,20655808,979344192,4324897392,769267100,67,1081235500,999985220,14780,999863247,136753,1081220653,1000,1000,1000,1000,1000,1000,1000,101952232156,6276812800,192765,8434328,2052338600,54120228000,2999203443,5597116093,3243409110,999990594,9197345100,9406,987351701,12648299,14105107,20561397,979438603,4324542903,769733500,36,1081141560,999992269,7731,999853707,146293,1081133793,1000,1000,1000,1000,1000,1000,1000
95000,19294650,1249234,1880000000,11280000000,20000,120000,9973663437921,7410601,2164270413,22154,1860705350,2000,126282,2385620,3721366392,2402266922,17597733078,18543945578,9387223340,612776660,1541697532,101980424444,6335161400,137365,8439426,2060275000,54643285200,2996267951,5619578101,3266059504,999985694,9289747200,14306,987335097,12664903,14341103,20116899,979883101,4354746001,783216300,7450,1088693960,999999987,13,999854603,145397,1088686497,1000,1000,1000,1000,1000,1000,1000,101980598090,6334932100,151558,8074041,2060621100,54641818600,3035799233,5659046383,3265753019,999889448,9289509900,110552,987532964,12467036,14439316,20045697,979954303,4354334903,783675900,29,1088589280,999992633,7367,999855916,144084,1088581884,1000,1000,1000,1000,1000,1000,1000
96000,19396880,1262753,1900000000,11400000000,20000,120000,9973464077266,6984580,2176475470,22250,1880603120,2000,125744,2409650,3761161740,2402269846,17597730154,18543842254,9399377890,600622110,1566459130,102008552334,6393311500,179212,8286023,2068385900,55164797400,3031679450,5680315350,3288556873,999984473,9381863400,15527,987618055,12381945,14675882,19703409,980296591,4384737291,796791400,83,1096196120,999984381,15619,999859282,140718,1096180418,1000,1000,1000,1000,1000,1000,1000,102008855032,6393268300,208460,8170288,2068389800,55165168600,3069631653,5718296153,3288266552,999909745,9382166700,90255,987284809,12715191,14220664,19745212,980254788,4384355388,797289100,7960,1096096840,999999956,44,999850464,149536,1096088836,1000,1000,1000,1000,1000,1000,1000
97000,19496950,1261576,1920000000,11520000000,20000,120000,9973264559817,6761209,2189458172,2611,1900503050,2000,10403,2472785,3801000878,2402310026,17597689974,18543693474,9410883475,589116525,1591107653,102036701227,6451720000,146179,8362890,2076242600,55688304800,3065061674,5739115724,3311276373,999984839,9474432000,15161,987370341,12629659,14476902,19309329,980690671,4415030271,810156600,63,1103768640,999985321,14679,999858002,141998,1103753898,1000,1000,1000,1000,1000,1000,1000,102036879153,6451512200,206146,8074831,2076458100,55687163600,3105603597,5779612297,3310933118,999890796,9474328500,109204,987435529,12564471,14449833,19325015,980674985,4414577485,810620100,7416,1103651800,999999983,17,999850433,149567,1103644367,1000,1000,1000,1000,1000,1000,1000
98000,19597880,1248029,1940000000,11640000000,20000,120000,9973057363949,14188219,2210479210,4684,1920402120,2000,10402,2485019,3840794872,2402328068,17597671932,18543574732,9421864821,578135179,1615670793,102064526598,6510060200,206222,7877262,2084771600,56210844400,3100540375,5799960625,3334108680,999893096,9566537100,106904,987452236,12547764,14699540,18934260,981065740,4445478240,823208300,7340,1111376900,1000000000,0,999850140,149860,1111369560,1000,1000,1000,1000,1000,1000,1000,102064862122,6509920900,192015,7994358,2084555100,56210363400,3139373344,5838780944,3333770162,999892533,9566701800,107467,987346812,12653188,14411079,18904717,981095283,4445024183,823780600,40,1111262160,999991901,8099,999851679,148321,1111254021,1000,1000,1000,1000,1000,1000,1000
99000,19699470,1267938,1960000000,11760000000,20000,120000,9972859427731,12317458,2222589825,20209,1940300530,2000,127157,2476025,3880560642,2402306189,17597693811,18543491211,9432351135,567648865,1640147477,102092492326,6568582100,161938,8127887,2092416600,56734805800,3135974475,5860827075,3357066537,999898178,9659144400,101822,987095166,12904834,14388488,18649451,981350549,4476083849,836095000,87,1119032000,999985399,14601,999859588,140412,1119017312,1000,1000,1000,1000,1000,1000,1000,102092773062,6568391900,202827,8200335,2092255800,56733929400,3172956230,5897777830,3356683931,999986897,9659217000,13103,987182760,12817240,14206963,18651832,981348168,4475573368,836669300,83,1118905140,999984380,15620,999859263,140737,1118889437,1000,1000,1000,1000,1000,1000,1000
100000,19799980,1269318,1980000000,11880000000,20000,120000,9972666631350,5392858,2230177156,4566,1960200020,2000,11551,2530290,3920390908,2402370508,17597629492,18543319692,9442278490,557721510,1664532498,102120353164,6627224900,179789,8382495,2100052300,57259749000,3169563517,5919894717,3380130457,999983102,9751956300,16898,986567153,13432847,13830051,18463594,981536406,4506840606,848795700,8441,1126718600,999999990,10,999852351,147649,1126710149,1000,1000,1000,1000,1000,1000,1000,102120474185,6626950700,200723,8412814,2100122600,57257919800,3208573264,5958824414,3379828407,999984589,9751711800,15411,986859125,13140875,13938336,18274829,981725171,4506437871,849341200,41,1126609520,999999985,15,999838936,161064,1126609464,1000,1000,1000,1000,1000,1000,1000
101000,19900930,1278656,2000000000,12000000000,20000,120000,9972460070107,12185546,2251787169,4890,1980099070,2000,10743,2549063,3960188360,2402389453,17597610547,18543196647,9451806217,548193783,1688858777,102147919185,6685729200,211241,7820634,2108713800,57783021600,3205155247,5980877947,3403315995,999891077,9844041000,108923,986553219,13446781,13961342,18123147,981876853,4537754653,861283800,7661,1134446340,999999979,21,999845142,154858,1134438658,1000,1000,1000,1000,1000,1000,1000,102148250744,6685574700,194185,8198975,2108237300,57782360600,3242131954,6017832654,3402964853,999899477,9844219200,100523,986453120,13546880,13668343,18092090,981907910,4537284010,861852000,7641,1134334180,999992618,7382,999854143,145857,1134319157,1000,1000,1000,1000,1000,1000,1000
102000,20001350,1256239,2020000000,12120000000,20000,120000,9972267360009,5112630,2259887540,20460,1999998650,2000,2044,2540330,3999956380,2402392639,17597607361,18543086361,9460879170,539120830,1713113750,102175493814,6744277300,175177,7873632,2116691400,58306417800,3237506839,6038623289,3426579892,999909951,9936268200,90049,986490148,13509852,13930697,17813505,982186495,4568768195,873606800,74,1142203360,999985017,14983,999856097,143903,1142188303,1000,1000,1000,1000,1000,1000,1000,102175623029,6743980800,173344,8215181,2116411400,58304321600,3279095928,6080118428,3426265288,999988954,9936035400,11046,986853645,13146355,14035191,17645703,982354297,4568348497,874115000,70,1142098940,999984339,15661,999852591,147409,1142083209,1000,1000,1000,1000,1000,1000,1000
103000,20099750,1249255,2040000000,12240000000,20000,120000,9972066089821,6667766,2277257616,4637,2019900250,2000,125143,2587924,4039791226,2402466587,17597533413,18542909913,9469275796,530724204,1737277722,102202682208,6802810900,225597,8258452,2124635100,58829247400,3270245302,6096721902,3450046410,999991445,10028283300,8555,986618380,13381620,14034135,17355425,982644575,4600061875,885678200,7900,1150023380,999999985,15,999842235,157765,1150015465,1000,1000,1000,1000,1000,1000,1000,102202880298,6802454700,150892,8335157,2124441800,58826620600,3315546750,6141903700,3449691295,999990288,10027908600,9712,987070418,12929582,14296430,17276135,982723865,4599585865,886111100,45,1149902200,999992415,7585,999846230,153770,1149894570,1000,1000,1000,1000,1000,1000,1000
104000,20199470,1259904,2060000000,12360000000,20000,120000,9971858917717,14091880,2300802700,2605,2039800530,2000,11257,2608770,4079595850,2402505797,17597494203,18542765103,9477292030,522707970,1761394080,102230117176,6861468900,160664,8331207,2132497500,59353161800,3306681707,6158570707,3473508703,999990700,10120559700,9300,986414380,13585620,13886680,17180977,982819023,4631342423,897563700,7757,1157849020,999992457,7543,999857180,142820,1157833720,1000,1000,1000,1000,1000,1000,1000,102230088609,6861054600,199011,7903687,2133001800,59349882800,3348422282,6200158132,3473192836,999909760,10119834600,90240,987125900,12874100,14482240,17037504,982962496,4630921196,897930100,7864,1157743980,999992244,7756,999854540,145460,1157728360,1000,1000,1000,1000,1000,1000,1000
105000,20296500,1274950,2080000000,12480000000,20000,120000,9971666838364,6417507,2309647646,2702,2059703500,2000,1881,2618043,4119401596,2402537271,17597462729,18542620329,9484843397,515156603,1785455493,102257087833,6919981600,196486,8115913,2140997600,59875349600,3341022891,6218234541,3497140000,999890578,10212193800,109422,986697851,13302149,14319873,16804173,983195827,4662853327,909207500,7854,1165721200,999999981,19,999844973,155027,1165713327,1000,1000,1000,1000,1000,1000,1000,102257223326,6919685400,194414,8141198,2140880600,59873266000,3383370178,6260488628,3496820204,999984542,10211924400,15458,987120422,12879578,14465680,16779476,983220524,4662426924,909582000,96,1165606860,999999956,44,999841780,158220,1165606720,1000,1000,1000,1000,1000,1000,1000
106000,20391900,1242059,2100000000,12600000000,20000,120000,9971466408446,7050897,2326999715,22260,2079608100,2000,124508,2598438,4159171680,2402530343,17597469657,18542519057,9492108902,507891098,1809459282,102284278708,6978759000,193335,7918464,2149245900,60399936400,3375539585,6278190735,3520838950,999910375,10304443200,89625,986459756,13540244,14123881,16647131,983352869,4694449369,920749100,48,1173618160,999992307,7693,999846281,153719,1173610419,1000,1000,1000,1000,1000,1000,1000,102284507021,6978444500,144066,7957859,2148923700,60397789000,3417886448,6320442698,3520462522,999910242,10304232300,89758,986758471,13241529,14224329,16758307,983241693,4693949993,921072200,8220,1173495800,999999891,109,999844529,155471,1173487471,1000,1000,1000,1000,1000,1000,1000
107000,20488560,1240152,2120000000,12720000000,20000,120000,9971267318067,6393092,2343421116,4811,2099511440,2000,11397,2641866,4199013258,2402572159,17597427841,18542365641,9499037234,500962766,1833423392,102311277638,7037460100,220019,8084182,2157193700,60923634600,3410733336,6338777986,3544592702,999911580,10396521300,88420,986354799,13645201,14078719,16481417,983518583,4726123583,932113500,8340,1181539280,999999941,59,999839919,160081,1181530881,1000,1000,1000,1000,1000,1000,1000,102311512176,7037136400,179735,8310224,2156744900,60921418400,3452023865,6379970465,3544202306,999988544,10396330500,11456,986722881,13277119,14161037,16533331,983466669,4725603069,932513600,7940,1181408720,999999983,17,999842437,157563,1181400763,1000,1000,1000,1000,1000,1000,1000
108000,20584660,1276605,2140000000,12840000000,20000,120000,9971067002663,6948194,2361186430,20279,2119415340,2000,127928,2628714,4238790122,2402598657,17597401343,18542224043,9505709826,494290174,1857319348,102338376583,7096302100,199340,8227735,2165076100,61448497000,3442965201,6396458501,3568419876,999993081,10488861300,6919,986050322,13949678,13750841,16382865,983617135,4757890435,943397800,8602,1189487360,999991801,8199,999844941,155059,1189470559,1000,1000,1000,1000,1000,1000,1000,102338560664,7095920300,152256,7904264,2165211400,61445673400,3488772416,6442136966,3568024748,999899185,10488368100,100815,986550725,13449275,14135240,16391292,983608708,4757363808,943782800,8072,1189354700,999992432,7568,999852140,147860,1189339060,1000,1000,1000,1000,1000,1000,1000
109000,20681110,1244844,2160000000,12960000000,20000,120000,9970862996498,11209749,2383068381,2638,2139318890,2000,1118,2682728,4278632504,2402653947,17597346053,18542071053,9512015432,487984568,1881191336,102365300988,7155017100,172854,8273059,2173127600,61971963800,3477794646,6456665246,3592284799,999989038,10580787900,10962,986066652,13933348,13818514,16211515,983788485,4789707585,954546200,93,1197439320,999983559,16441,999853114,146886,1197422786,1000,1000,1000,1000,1000,1000,1000,102365455854,7154743600,195465,7935810,2173309500,61970161600,3523296642,6502088792,3591933998,999898958,10580525700,101042,986321331,13678669,13956473,16269275,983730725,4789245325,954910400,7776,1197319120,999999983,17,999847973,152027,1197311327,1000,1000,1000,1000,1000,1000,1000
110000,20778100,1271269,2180000000,13080000000,20000,120000,9970662663248,11799883,2401333031,4730,2159221900,2000,919,2684008,4318434340,2402703031,17597296969,18541919269,9518186672,481813328,1905035812,102392110103,7213780500,200666,8087491,2181432000,62495813800,3511908600,6516174400,3616230028,999888440,10672728000,111560,985936863,14063137,13841123,16096695,983903305,4821637305,965548700,46,1205415520,999991803,8197,999841623,158377,1205407277,1000,1000,1000,1000,1000,1000,1000,102392410610,7213558000,167854,8380099,2180968800,62494520800,3558340612,6562553412,3615856033,999990447,10672754100,9553,986109835,13890165,13704388,16117955,983882045,4821138745,966036500,8391,1205299000,999992103,7897,999849688,150312,1205282712,1000,1000,1000,1000,1000,1000,1000
111000,20874830,1236855,2200000000,13200000000,20000,120000,9970461290802,13431712,2420900732,4959,2179125170,2000,123400,2687598,4358240422,2402744314,17597255686,18541761086,9524041742,475958258,1928823164,102418788730,7272548600,224023,7743020,2190064300,63019402000,3546658486,6576302536,3640284788,999890950,10764462000,109050,986078701,13921299,14039251,15850663,984149337,4853710237,976466700,70,1213433960,999991559,8441,999835051,164949,1213425449,1000,1000,1000,1000,1000,1000,1000,102419194283,7272369300,189766,7856497,2189648900,63018710600,3592713959,6622337209,3639863514,999892495,10764658800,107505,985992478,14007522,13743083,15980069,984019931,4853151331,976992300,7820,1213295700,999999937,63,999834983,165017,1213287817,1000,1000,1000,1000,1000,1000,1000
112000,20970890,1280831,2220000000,13320000000,20000,120000,9970268202731,6780087,2432456680,2958,2199029110,2000,988,2709889,4398052304,2402795018,17597204982,18541596982,9529599711,470400289,1952566415,102445456933,7331280900,222220,8168826,2197766700,63542569800,3582352065,6637352565,3664322897,999990050,10856311800,9950,986203101,13796899,14123751,15735854,984264146,4885763846,987221400,8161,1221449160,999999950,50,999838951,161049,1221440949,1000,1000,1000,1000,1000,1000,1000,102445917282,7331249300,217340,8014944,2197746700,63543212200,3626321016,6681365616,3663963838,999910303,10856715300,89697,985822877,14177123,13609874,15782536,984217464,4885282364,987864200,54,1221326840,999991740,8260,999841574,158426,1221318526,1000,1000,1000,1000,1000,1000,1000
113000,21066160,1251198,2240000000,13440000000,20000,120000,9970061386587,13835199,2457903395,2656,2218933840,2000,949,2716628,4437862368,2402814486,17597185514,18541456514,9534943992,465056008,1976295560,102472238989,7390135000,177814,8141959,2205831000,64066850000,3620024344,6700435594,3688422826,999989043,10948329600,10957,986044044,13955956,14027101,15689975,984310025,4917891725,997928300,92,1229485120,999983871,16129,999843601,156399,1229468899,1000,1000,1000,1000,1000,1000,1000,102472566461,7390052200,218406,7937306,2206007700,64066938800,3657885109,6738312259,3688078629,999911180,10948536900,88820,985856669,14143331,13702389,15638460,984361540,4917435440,998582500,53,1229365060,999991804,8196,999841089,158911,1229356811,1000,1000,1000,1000,1000,1000,1000
114000,21161070,1267673,2260000000,13560000000,20000,120000,9969863646891,11778389,2474273895,22154,2238838930,2000,2012,2683954,4477633552,2402811080,17597188920,18541353020,9540164686,459835314,1999976238,102498775695,7448944500,176146,8062704,2214237200,64590375400,3654589716,6760370116,3712625905,999984778,11040015000,15222,986183425,13816575,14224347,15428942,984571058,4950162558,1008585600,101,1237552700,999984054,15946,999847047,152953,1237536653,1000,1000,1000,1000,1000,1000,1000,102499303094,7448969100,204224,7810827,2214216100,64591679800,3692501349,6798360199,3712228149,999888388,11040602400,111612,985617694,14382306,13539506,15597957,984402043,4949631943,1009236400,99,1237420660,999983233,16767,999847606,152394,1237403794,1000,1000,1000,1000,1000,1000,1000
115000,21253650,1249336,2280000000,13680000000,20000,120000,9969662429304,13327680,2494565810,2828,2258746350,2000,125207,2735686,4517487044,2402930984,17597069016,18541118616,9545135594,454864406,2023638038,102525425436,7507869000,157524,7836233,2222603000,65115018800,3687820238,6819025288,3736844549,999899778,11131983600,100222,985952198,14047802,14135020,15344171,984655829,4982453929,1019153100,91,1245625880,999983591,16409,999849520,150480,1245609380,1000,1000,1000,1000,1000,1000,1000,102525999715,7507864900,137725,7866231,2222248400,65116128200,3728325269,6859600169,3736421546,999912626,11132623200,87374,985446906,14553094,13402080,15510534,984489466,4981892666,1019831500,8134,1245487440,999991814,8186,999843980,156020,1245471120,1000,1000,1000,1000,1000,1000,1000
116000,21348420,1267156,2300000000,13800000000,20000,120000,9969464908342,11111069,2511248142,4953,2278651580,2000,126750,2741719,4557293254,2402983611,17597016389,18540954089,9549862501,450137499,2047257855,102551906279,7566692200,156268,8064016,2230582300,65638594000,3723336640,6879912240,3761097577,999981772,11223772200,18228,986051221,13948779,14208149,15214472,984785528,5014794128,1029601600,45,1253704520,999992076,7924,999844449,155551,1253696551,1000,1000,1000,1000,1000,1000,1000,102552283594,7566641600,204466,8375884,2230219200,65639128000,3762078554,6918693854,3760743578,999989151,11224248300,10849,985685671,14314329,13620120,15198542,984801458,5014324758,1030296300,7942,1253589160,999999962,38,999829820,170180,1253581180,1000,1000,1000,1000,1000,1000,1000
117000,21440550,1255663,2320000000,13920000000,20000,120000,9969262542616,13699581,2532896667,22482,2298559450,2000,11386,2717150,4597073936,2402998597,17597001403,18540835503,9554379290,445620710,2070859226,102578375321,7625597500,208399,8211606,2238598800,66162875800,3759011794,6940991844,3785393427,999992818,11315706300,7182,985928658,14071342,14128640,15206613,984793387,5047185887,1039930200,113,1261808620,999983953,16047,999844940,155060,1261792460,1000,1000,1000,1000,1000,1000,1000,102578670171,7625452500,196091,8426087,2238467300,66162357000,3795775357,6977741107,3785066310,999988684,11315842200,11316,985879538,14120462,13863954,14991644,985008356,5046755056,1040663800,122,1261688940,999999928,72,999832254,167746,1261688746,1000,1000,1000,1000,1000,1000,1000
118000,21534620,1256065,2340000000,14040000000,20000,120000,9969069989337,6532253,2545030987,2804,2318465380,2000,126792,2756782,4636925152,2403070190,17596929810,18540655710,9558698938,441301062,2094440890,102604815858,7684466800,177365,7732352,2247321200,66686640800,3792682379,7000039079,3809737768,999911849,11407305300,88151,986026690,13973310,14365641,15047573,984952427,5079644827,1050267600,110,1269923760,999983409,16591,999846341,153659,1269907059,1000,1000,1000,1000,1000,1000,1000,102605088306,7684314900,208783,8088274,2246970900,66686098600,3831236264,7038578064,3809387534,999995145,11407498800,4855,986021908,13978092,14050063,14953329,985046671,5079183371,1050915600,7860,1269803720,999999977,23,999835463,164537,1269795837,1000,1000,1000,1000,1000,1000,1000
119000,21625030,1240440,2360000000,14160000000,20000,120000,9968870708016,6041797,2563867231,20442,2338374970,2000,124009,2723378,4676709056,2403087613,17596912387,18540527087,9562918102,437081898,2118020158,102631322210,7743487500,178556,8025429,2255134000,67211884600,3829912537,7062719387,3834113935,999991134,11499494700,8866,985682856,14317144,13996322,15064587,984935413,5112151913,1060523400,7481,1278045460,999999999,1,999835822,164178,1278037978,1000,1000,1000,1000,1000,1000,1000,102631554724,7743219700,180427,7819836,2255300900,67210190600,3863181714,7095916164,3833743166,999898683,11499272700,101317,985927800,14072200,14109817,14979751,985020249,5111654749,1061083600,60,1277920060,999991583,8417,999839217,160783,1277911583,1000,1000,1000,1000,1000,1000,1000
120000,21717380,1264283,2380000000,14280000000,20000,120000,9968665376929,11611922,2588853597,22476,2358282620,2000,1161,2730087,4716520288,2403118651,17596881349,18540383349,9567046853,432953147,2141558441,102657658875,7802374800,159484,7957301,2263504400,67735604800,3863633162,7121811612,3858547950,999992323,11591128200,7677,985805876,14194124,14172153,14886103,985113897,5144727797,1070725100,64,1286188320,999991591,8409,999838053,161947,1286179847,1000,1000,1000,1000,1000,1000,1000,102658008381,7802136200,154442,7824319,2263398000,67734427600,3898788244,7156922944,3858107578,999979976,11591145300,20024,985907017,14092983,14066441,14975563,985024437,5144143437,1071283600,7580,1286043440,999999999,1,999830941,169059,1286035859,1000,1000,1000,1000,1000,1000,1000
121000,21807690,1266686,2400000000,14400000000,20000,120000,9968465693125,11586369,2608392670,20250,2378192310,2000,114433,2734781,4756344120,2403190394,17596809606,18540189506,9571023279,428976721,2165094799,102684052665,7861230400,140115,8254029,2271304900,68259140800,3894769526,7178312026,3882909314,999984303,11682882900,15697,985818263,14181737,14251260,14895146,985104854,5177207054,1080837400,126,1294313960,999983906,16094,999847660,152340,1294297740,1000,1000,1000,1000,1000,1000,1000,102684317791,7861126100,204775,8225268,2271313900,68259037000,3936757805,7220306855,3882576535,999990470,11683089000,9530,985705592,14294408,13917922,14866187,985133813,5176768713,1081435200,8401,1294200580,999999999,1,999835822,164178,1294192178,1000,1000,1000,1000,1000,1000,1000
122000,21899650,1240982,2420000000,14520000000,20000,120000,9968263847687,13741378,2630279786,2844,2398100350,2000,2056,2780396,4796195012,2403290665,17596709335,18539973735,9574847404,425152596,2188605416,102710304378,7920104100,136657,8238682,2279580600,68782671400,3930347962,7239251912,3907367930,999980432,11774481900,19568,985949377,14050623,14448145,14781115,985218885,5209823885,1090906700,7720,1302463740,999999935,65,999840245,159755,1302455955,1000,1000,1000,1000,1000,1000,1000,102710583125,7919930200,186919,7943278,2279869400,68781912400,3970626800,7279505050,3907003647,999898787,11774462400,101213,986002035,13997965,14359648,14719701,985280299,5209332799,1091530300,117,1302345460,999983809,16191,999844548,155452,1302329152,1000,1000,1000,1000,1000,1000,1000
123000,21991580,1269983,2440000000,14640000000,20000,120000,9968073336503,4489662,2640724710,20204,2418008420,2000,1962,2752516,4835976432,2403319265,17596680735,18539837035,9578614224,421385776,2212096756,102736569547,7979043400,203781,7902773,2288176100,69306889200,3965749869,7300050019,3931828108,999898795,11866179300,101205,985910371,14089629,14548676,14742768,985257232,5242437432,1100977000,8400,1310617860,999999864,136,999833776,166224,1310609324,1000,1000,1000,1000,1000,1000,1000,102736874826,7978836000,137714,7635802,2288360500,69305620800,4004431236,7338678036,3931489568,999892062,11866026600,107938,986164342,13835658,14578880,14650712,985349288,5241983588,1101516900,7772,1310509300,999992492,7508,999848380,151620,1310494020,1000,1000,1000,1000,1000,1000,1000
124000,22081550,1276791,2460000000,14760000000,20000,120000,9967866432855,11712028,2667935571,2680,2437918450,2000,1085,2790203,4875831540,2403425783,17596574217,18539621717,9582148037,417851963,2235581377,102762902396,8037990400,149561,7707251,2296490700,69831026400,4003962921,7363653271,3956329769,999904789,11957898000,95211,985923308,14076692,14610919,14737050,985262950,5275106350,1110927600,8833,1318785440,999999974,26,999833119,166881,1318776581,1000,1000,1000,1000,1000,1000,1000,102763211640,8037910900,201909,8027119,2296072900,69831116200,4035362953,7395068853,3955999273,999984829,11958250200,15171,985756012,14243988,14131283,14776410,985223590,5274665690,1111470600,8081,1318674520,999999978,22,999832683,167317,1318666417,1000,1000,1000,1000,1000,1000,1000
125000,22170600,1250808,2480000000,14880000000,20000,120000,9967673987625,4391418,2680491700,20446,2457829400,2000,956,2762574,4915617908,2403444143,17596555857,18539486457,9585720106,414279894,2259057814,102789199480,8096951200,144620,8221738,2304166600,70355238400,4037233826,7422317326,3980840158,999982676,12049782900,17324,985839876,14160124,14510800,14713942,985286058,5307781458,1120887400,102,1326957660,999983742,16258,999842900,157100,1326941300,1000,1000,1000,1000,1000,1000,1000,102789403170,8096718100,156013,7844852,2304482100,70353863400,4071404210,7456430910,3980495240,999905357,12049598400,94643,986058918,13941082,14569361,14668921,985331079,5307326979,1121392800,8098,1326839860,999999977,23,999832961,167039,1326831739,1000,1000,1000,1000,1000,1000,1000
126000,22259330,1253555,2500000000,15000000000,20000,120000,9967465086516,13606244,2709757589,4788,2477740670,2000,926,2793581,4955471764,2403541660,17596458340,18539268340,9589152559,410847441,2282510323,102815471261,8155951000,170880,8255318,2312273200,70879895600,4070378876,7480878476,4005358085,999988457,12141680700,11543,985660004,14339996,14388747,14770162,985229838,5340477438,1130799800,8421,1335127800,999999974,26,999832447,167553,1335119353,1000,1000,1000,1000,1000,1000,1000,102815601404,8155780300,215377,8321945,2312340500,70878854200,4107411193,7517867043,4005103935,999986773,12141588000,13227,985844100,14155900,14330127,14592992,985407008,5340135908,1131314200,71,1335040060,999991984,8016,999836627,163373,1335031973,1000,1000,1000,1000,1000,1000,1000
127000,22348280,1244941,2520000000,15120000000,20000,120000,9967265972178,12950767,2729040335,20513,2497651720,2000,12139,2763954,4995262414,2403563945,17596436055,18539139755,9592603326,407396674,2305928940,102841648503,8214942700,163820,8190736,2320713900,71404167800,4106137231,7542029881,4029973977,999988300,12233343300,11700,985687041,14312959,14468341,14591764,985408236,5373298636,1140737500,7921,1343332580,1000000000,0,999832741,167259,1343324659,1000,1000,1000,1000,1000,1000,1000,102841888812,8214782600,145030,8109708,2320732000,71403306800,4140854189,7576713039,4029684952,999989019,12233321100,10981,985813933,14186067,14351614,14540262,985459738,5372913238,1141199300,8560,1343236940,999999906,94,999836614,163386,1343228286,1000,1000,1000,1000,1000,1000,1000
128000,22437830,1236566,2540000000,15240000000,20000,120000,9967074990886,4188341,2740471527,22450,2517562170,2000,123544,2768046,5035079440,2403614327,17596385673,18538983773,9595810474,404189526,2329325614,102867872077,8273975600,199792,8152852,2328964700,71928908800,4141850178,7603160028,4054556683,999983342,12325181100,16658,985543865,14456135,14386923,14614340,985385660,5406072960,1150576500,7971,1351532100,999992148,7852,999839623,160377,1351516277,1000,1000,1000,1000,1000,1000,1000,102867981624,8273766900,167776,8112077,2329077500,71927398600,4174238312,7635479862,4054334721,999979447,12324941400,20553,985870347,14129653,14466400,14431879,985568121,5405779621,1150987800,8759,1351453680,999999979,21,999838900,161100,1351444900,1000,1000,1000,1000,1000,1000,1000
129000,22525050,1253970,2560000000,15360000000,20000,120000,9966866437285,13016664,2769617298,20173,2537474950,2000,125544,2771480,5074909554,2403668949,17596331051,18538806251,9598901860,401098140,2352731014,102893876679,8332826700,173330,7936839,2337588700,72451788600,4177095429,7663728879,4079217932,999911517,12416451300,88483,985871720,14128280,14845303,14387271,985612729,5438957229,1160362600,142,1359739480,999999959,41,999820503,179497,1359739297,1000,1000,1000,1000,1000,1000,1000,102893988006,8332655500,201681,7689974,2337857100,72450638200,4208308657,7694891607,4078977242,999898146,12416259900,101854,986143375,13856625,14884929,14322187,985677813,5438636313,1160717800,8480,1359667580,999999971,29,999830529,169471,1359659071,1000,1000,1000,1000,1000,1000,1000
130000,22613480,1263445,2580000000,15480000000,20000,120000,9966673572856,6149083,2783199448,20383,2557386520,2000,126822,2779691,5114732274,2403735639,17596264361,18538634661,9601841809,398158191,2376112483,102920129239,8391906200,163544,8179577,2345482000,72976753200,4211589761,7723648561,4103842074,999981190,12508387800,18810,985700051,14299949,14658661,14460287,985539713,5471784013,1170084700,124,1367958320,999983743,16257,999846661,153339,1367941939,1000,1000,1000,1000,1000,1000,1000,102920142754,8391645900,178911,7880058,2345823200,72974822200,4242990522,7754961172,4103628822,999907112,12508004100,92888,986094567,13905433,14877355,14357433,985642567,5471502367,1170376900,48,1367881780,999991813,8187,999831055,168945,1367873545,1000,1000,1000,1000,1000,1000,1000
131000,22701070,1255582,2600000000,15600000000,20000,120000,9966476463233,3556312,2800988163,4781,2577298930,2000,11300,2813853,5154588298,2403814645,17596185355,18538432755,9604882427,395117573,2399500425,102946262466,8450979000,200413,7887969,2354082200,73501735600,4245036617,7782522717,4128518809,999984418,12600167700,15582,985586611,14413389,14603993,14416584,985583416,5504688916,1179859900,7745,1376186340,999991512,8488,999836693,163307,1376170107,1000,1000,1000,1000,1000,1000,1000,102946478766,8450744700,142834,8076587,2353635900,73500141400,4278794651,7816210401,4128219573,999991378,12600080100,8622,985796078,14203922,14555500,14518027,985481973,5504289873,1180110400,8707,1376087680,999991327,8673,999842900,157100,1376070300,1000,1000,1000,1000,1000,1000,1000
132000,22787020,1250538,2620000000,15720000000,20000,120000,9966274678209,5596777,2823499691,2812,2597212980,2000,124545,2819378,5194420336,2403856886,17596143114,18538271714,9607792822,392207178,2422876358,102972337496,8509961000,159155,7961651,2362282800,74025671600,4277769151,7840628501,4153223073,999982756,12691760700,17244,985648773,14351227,14723817,14330444,985669556,5537630756,1189515200,8033,1384415740,999999976,24,999834617,165383,1384407683,1000,1000,1000,1000,1000,1000,1000,102972517504,8509733800,185981,7577095,2362467300,74024299600,4315194416,7877996416,4152901649,999897986,12691598100,102014,985846881,14153119,14762495,14450446,985549554,5537202154,1189821600,8221,1384308860,999999866,134,999829295,170705,1384300505,1000,1000,1000,1000,1000,1000,1000
133000,22874700,1252284,2640000000,15840000000,20000,120000,9966067056318,13429259,2851711387,22193,2617125300,2000,125869,2784814,5234206214,2403858077,17596141923,18538158423,9610746366,389253634,2446243680,102998312308,8568898800,221374,8119472,2370473500,74549241600,4313341754,7901557004,4177905632,999984992,12783278100,15008,985803586,14196414,14935194,14277262,985722738,5570538238,1199146700,8440,1392648860,999992186,7814,999835694,164306,1392632606,1000,1000,1000,1000,1000,1000,1000,102998614729,8568697800,162972,8112891,2370243500,74548114000,4348894943,7937064843,4177563126,999986818,12783278100,13182,985930885,14069115,14810967,14335441,985664559,5570084159,1199562200,7800,1392528860,999999973,27,999836967,163033,1392521033,1000,1000,1000,1000,1000,1000,1000
134000,22961840,1247874,2660000000,15960000000,20000,120000,9965877174644,3600287,2862623901,4549,2637038160,2000,124372,2817792,5274067222,2403939831,17596060169,18537959369,9613392288,386607712,2469598110,103024374922,8627904300,203071,7841805,2378977700,75073356600,4347036819,7960633569,4202616525,999911470,12874829100,88530,985836801,14163199,15096431,14264206,985735794,5603488694,1208729800,8453,1400880640,999999982,18,999838631,161369,1400872169,1000,1000,1000,1000,1000,1000,1000,103024536441,8627670500,226119,7814055,2378920600,75071927400,4384457535,7997994185,4202311776,999899420,12874713900,100580,986053240,13946760,15083520,14262144,985737856,5603082356,1209131600,64,1400770680,999999964,36,999826620,173380,1400770580,1000,1000,1000,1000,1000,1000,1000
135000,23047390,1265639,2680000000,16080000000,20000,120000,9965677591511,3487142,2883161146,2588,2656952610,2000,10382,2825060,5313900044,2404033553,17595966447,18537749447,9616087780,383912220,2492936724,103050401876,8686918300,164891,8094975,2387039800,75597471000,4380829068,8019806218,4227388553,999990956,12966474000,9044,985907445,14092555,15147689,14167736,985832264,5636518064,1218304500,8089,1409137620,999999980,20,999834489,165511,1409129511,1000,1000,1000,1000,1000,1000,1000,103050702613,8686760800,229498,7932507,2386941700,75596984000,4419951361,8058917761,4227001706,999911207,12966638400,88793,985807144,14192856,14881737,14355931,985644069,5636002269,1218746600,60,1409000640,999999983,17,999827437,172563,1409000563,1000,1000,1000,1000,1000,1000,1000
136000,23132500,1241012,2700000000,16200000000,20000,120000,9965470017807,11329737,2911657170,4819,2676867500,2000,963,2823571,5353725362,2404082444,17595917556,18537570956,9618773509,381226491,2516277371,103076490625,8745921100,165183,7818390,2395497600,76121652600,4415153693,8079516843,4252071523,999898839,13058070300,101161,985881875,14118125,15277536,14214413,985785587,5669428687,1227888400,8025,1417365220,999999969,31,999837636,162364,1417357164,1000,1000,1000,1000,1000,1000,1000,103076757467,8745778200,187328,7910972,2395257900,76121124400,4454893182,8119241182,4251752309,999982513,13058224200,17487,985931978,14068022,15001565,14277656,985722344,5669003044,1228333100,8361,1417259200,999999896,104,999831465,168535,1417250735,1000,1000,1000,1000,1000,1000,1000
137000,23217010,1257131,2720000000,16320000000,20000,120000,9965268720237,12850014,2933937282,20233,2696782990,2000,12439,2798754,5393525514,2404084351,17595915649,18537444749,9621318166,378681834,2539606680,103102435352,8804900600,221134,8279807,2403324000,76645484400,4448786449,8138516649,4276804915,999982522,13149715500,17478,985961784,14038216,15340062,14227047,985772953,5702406553,1237386600,8081,1425609720,999999999,1,999838562,161438,1425601638,1000,1000,1000,1000,1000,1000,1000,103102736486,8804763100,191516,7929192,2403528200,76644991800,4490497181,8180213781,4276506350,999905158,13149764100,94842,985956692,14043308,15161634,14244484,985755516,5702008416,1237850400,8142,1425510360,999999848,152,999827834,172166,1425502066,1000,1000,1000,1000,1000,1000,1000
138000,23302890,1260292,2740000000,16440000000,20000,120000,9965077872919,3994909,2945904196,2587,2716697110,2000,11288,2836141,5433389046,2404165428,17595834572,18537242672,9623859299,376140701,2562932445,103128554748,8864002200,186515,7926085,2411865000,77170455600,4482083499,8197236699,4301574371,999991349,13241451900,8651,985872270,14127730,15300921,14266950,985733050,5735429750,1246913900,7907,1433871520,999991766,8234,999840421,159579,1433855379,1000,1000,1000,1000,1000,1000,1000,103128885987,8863787400,140132,7897085,2411685100,77169334800,4526381721,8241491721,4301212086,999904709,13241466000,95291,985916482,14083518,15183673,14306887,985693113,5734943713,1247402000,108,1433748940,999982795,17205,999835773,164227,1433731627,1000,1000,1000,1000,1000,1000,1000
139000,23387250,1243164,2760000000,16560000000,20000,120000,9964876851051,5249969,2967823570,20233,2736612750,2000,11232,2797667,5473185034,2404189520,17595810480,18537107880,9626475573,373524427,2586251507,103154546729,8923034200,153761,7928705,2420185400,77694733200,4518490589,8259032139,4326383654,999902475,13333070100,97525,985790705,14209295,15362830,14167676,985832324,5768511524,1256452800,106,1442128020,999999956,44,999823230,176770,1442127870,1000,1000,1000,1000,1000,1000,1000,103154845009,8922879300,212754,7695368,2420248900,77694195400,4559186165,8299713465,4325997995,999891081,13333167000,108919,985827102,14172898,15164021,14276326,985723674,5767997274,1256956300,8403,1442007840,999999842,158,999825421,174579,1441999279,1000,1000,1000,1000,1000,1000,1000
140000,23470590,1256340,2780000000,16680000000,20000,120000,9964677208940,5183951,2988625279,22407,2756529410,2000,10339,2801022,5513014006,2404273091,17595726909,18536908609,9628925598,371074402,2609565904,103180475039,8982022100,199689,8209792,2428194600,78218545000,4552421759,8318328059,4351138919,999990252,13424644500,9748,985946728,14053272,15491276,14175057,985824943,5801518543,1265909500,89,1450379760,999999953,47,999829876,170124,1450379624,1000,1000,1000,1000,1000,1000,1000,103180892555,8981980400,220635,7678935,2428519300,78219076000,4594460562,8360405262,4350785410,999891477,13424931900,108523,985700107,14299893,15092130,14289720,985710280,5801044480,1266464200,50,1450267320,999991800,8200,999831930,168070,1450259070,1000,1000,1000,1000,1000,1000,1000
141000,23554640,1243091,2800000000,16800000000,20000,120000,9964471854908,10819308,3015094547,20190,2776445360,2000,2113,2803499,5552850340,2404342016,17595657984,18536719784,9631406101,368593899,2632877841,103206464755,9040985000,134834,7958668,2436703500,78742124400,4585594744,8376854394,4375920757,999894032,13516039800,105968,986089095,13910905,15787463,14113006,985886994,5834560994,1275379600,57,1458640340,999999954,46,999825463,174537,1458640237,1000,1000,1000,1000,1000,1000,1000,103207050408,9041075500,137572,7825094,2436535300,78743926200,4630539452,8421900402,4375551822,999892252,13516757700,107748,985515612,14484388,14969160,14305838,985694162,5834063462,1275999000,118,1458528660,999983098,16902,999841960,158040,1458511640,1000,1000,1000,1000,1000,1000,1000
142000,23638580,1275006,2820000000,16920000000,20000,120000,9964277345136,5617440,3030833588,4839,2796361420,2000,1933,2832686,5592713162,2404411676,17595588324,18536525024,9633784734,366215266,2656168196,103232483550,9100122400,227870,8369650,2444468800,79267424000,4620728518,8437427218,4400686980,999992783,13608045900,7217,985821723,14178277,15480040,14293760,985706240,5867582640,1284796000,8680,1466904340,1000000000,0,999829340,170660,1466895660,1000,1000,1000,1000,1000,1000,1000,103233069187,9100200600,130056,8208276,2444492800,79268983600,4664509443,8481295843,4400382861,999982304,13608633300,17696,985336085,14663915,14765981,14236920,985763080,5867174380,1285533700,8117,1466807940,999991696,8304,999836281,163719,1466791519,1000,1000,1000,1000,1000,1000,1000
143000,23723470,1265961,2840000000,17040000000,20000,120000,9964070106813,13079423,3059039608,22467,2816276530,2000,115299,2803359,5632508126,2404425736,17595574264,18536392464,9636286841,363713159,2679443667,103258625861,9159349000,205120,8182519,2452901700,79793443600,4655472658,8497644258,4425513386,999990174,13700032800,9826,985450001,14549999,15172027,14300241,985699759,5900684459,1294352700,8100,1475179340,999999833,167,999834727,165273,1475171073,1000,1000,1000,1000,1000,1000,1000,103258999703,9159341800,216956,7840144,2453230200,79794162000,4698757082,8540974482,4425227781,999904789,13700336100,95211,985171442,14828558,14736253,14228372,985771628,5900300828,1294998600,73,1475081760,999991360,8640,999833953,166047,1475073047,1000,1000,1000,1000,1000,1000,1000
144000,23806520,1272846,2860000000,17160000000,20000,120000,9963872690125,10761793,3077629743,20454,2836193480,2000,128108,2812598,5672346052,2404487518,17595512482,18536217182,9638670222,361329778,2702725574,103284728721,9218478800,134808,7980505,2461310800,80318544000,4691470315,8559069465,4450344200,999991733,13791805200,8267,985299376,14700624,15078943,14297243,985702757,5933789457,1303831100,54,1483453740,999991571,8429,999835243,164757,1483445257,1000,1000,1000,1000,1000,1000,1000,103284986409,9218373400,174176,7669691,2461682300,80318306000,4731932131,8599529581,4450035370,999903603,13791862800,96397,985273198,14726802,14893595,14176325,985823675,5933380475,1304459600,8980,1483354140,999999945,55,999833395,166605,1483345105,1000,1000,1000,1000,1000,1000,1000
145000,23888420,1255085,2880000000,17280000000,20000,120000,9963672538257,11205793,3099041464,4858,2856111580,2000,11398,2852027,5712213444,2404573350,17595426650,18536013350,9641022293,358977707,2726005937,103310722256,9277577700,149244,8041263,2469603100,80843337000,4727342283,8620353633,4475159979,999989401,13883529600,10599,985198301,14801699,15038500,14230121,985769879,5966877379,1313360200,61,1491725240,999992221,7779,999837600,162400,1491717400,1000,1000,1000,1000,1000,1000,1000,103310805763,9277338500,214592,8254642,2469526100,80841741000,4765438384,8658379884,4474872595,999985482,13883356200,14518,985481467,14518533,15079685,14064090,985935910,5966493810,1313869600,75,1491630240,999991050,8950,999834285,165715,1491621215,1000,1000,1000,1000,1000,1000,1000
146000,23972590,1266063,2900000000,17400000000,20000,120000,9963480683681,3322234,3112247739,2545,2876027410,2000,126925,2856475,5752049730,2404619815,17595380185,18535843085,9643201885,356798115,2749270915,103336578793,9336604500,211321,7950606,2478075400,81367451400,4762146131,8680536281,4499991223,999891764,13975047900,108236,985198102,14801898,15194238,14182515,985817485,5999988285,1322785300,101,1499997200,999999963,37,999827138,172862,1499997062,1000,1000,1000,1000,1000,1000,1000,103336613315,9336284200,176802,8106012,2478064800,81364871600,4799801781,8718070731,4499748809,999984099,13974579300,15901,985851138,14148862,15516239,13931130,986068870,5999665070,1323195400,8853,1499925140,999999974,26,999830039,169961,1499916261,1000,1000,1000,1000,1000,1000,1000
147000,24056400,1233971,2920000000,17520000000,20000,120000,9963279098468,5122314,3135129924,22541,2895943600,2000,1101,2817292,5791842118,2404618682,17595381318,18535720918,9645339268,354660732,2772529586,103362685506,9395734900,164574,7821885,2486350700,81892549000,4795758337,8739575787,4524802971,999911783,14066850600,88217,985040343,14959657,15083360,14271189,985728811,6033064911,1332198800,109,1508279200,999982849,17151,999838060,161940,1508261940,1000,1000,1000,1000,1000,1000,1000,103362579439,9395344800,133426,8086734,2486254400,81889171200,4835534041,8779189141,4524614823,999983945,14066186700,16055,985854600,14145400,15576255,14008332,985991668,6032814268,1332453000,107,1508216040,999983512,16488,999835155,164845,1508199445,1000,1000,1000,1000,1000,1000,1000
148000,24140080,1244108,2940000000,17640000000,20000,120000,9963071474400,13003071,3164171387,22526,2915859920,2000,124782,2809928,5831674788,2404660671,17595339329,18535557629,9647444832,352555168,2795803220,103388455011,9454702100,227547,7883204,2494765100,82415958600,4830276676,8799436326,4549654523,999898546,14158186500,101454,985301332,14698668,15418286,14142063,985857937,6066200437,1341594000,125,1516562820,999983219,16781,999836886,163114,1516545914,1000,1000,1000,1000,1000,1000,1000,103388381416,9454374300,204159,7538863,2495119000,82413196600,4870166784,8839194784,4549479709,999910987,14157563400,89013,986005112,13994888,15860325,14045116,985954884,6065970184,1341722400,61,1516498820,999991716,8284,999827825,172175,1516490475,1000,1000,1000,1000,1000,1000,1000
149000,24222650,1257185,2960000000,17760000000,20000,120000,9962879752582,5041399,3177412782,4612,2935777350,2000,11549,2853607,5871545476,2404762581,17595237419,18535337119,9649537993,350462007,2819055769,103414430424,9513769300,157076,7649096,2503272400,82940347400,4866518119,8861068669,4574514600,999891325,14249741100,108675,985339425,14660575,15522100,14081800,985918200,6099352800,1350998300,8020,1524846220,1000000000,0,999830000,170000,1524838200,1000,1000,1000,1000,1000,1000,1000,103414280082,9513385700,173858,7793872,2503147100,82936969000,4903275247,8897662597,4574337614,999899323,14249072100,100677,986094503,13905497,16021480,14022766,985977234,6099111534,1351029400,106,1524789880,999984146,15854,999837080,162920,1524773920,1000,1000,1000,1000,1000,1000,1000
150000,24304140,1256524,2980000000,17880000000,20000,120000,9962671957765,13073570,3206610556,20282,2955695860,2000,1091,2819930,5911351156,2404793535,17595206465,18535188665,9651595170,348404830,2842312226,103440301746,9572881700,229920,8146195,2511055300,83465092200,4901001888,8920959938,4599385457,999983173,14341546800,16827,985230695,14769305,15380822,14165765,985834235,6132513935,1360270800,8839,1533137340,999999977,23,999837122,162878,1533128478,1000,1000,1000,1000,1000,1000,1000,103440252510,9572505700,132211,8048645,2511129700,83461830600,4937981247,8957782447,4599227381,999990478,14340864300,9522,985992685,14007315,15886707,14035526,985964474,6132300274,1360363300,65,1533081660,999991298,8702,999830407,169593,1533072893,1000,1000,1000,1000,1000,1000,1000
151000,24385410,1253147,3000000000,18000000000,20000,120000,9962482168075,3116922,3217855405,20212,2975614590,2000,1118,2824127,5951188756,2404839997,17595160003,18535023903,9653650933,346349067,2865565289,103466196457,9631922100,229573,7811783,2519696100,83989281000,4933324243,8978664043,4624254760,999911478,14433029700,88522,985282288,14717712,15563210,14148450,985851550,6165672950,1369615700,8380,1541426760,999999810,190,999824310,175690,1541418190,1000,1000,1000,1000,1000,1000,1000,103466157053,9631612900,144278,7921391,2519521600,83986566600,4974872892,9020081692,4624117310,999898920,14432523300,101080,985839497,14160503,15884277,14073867,985926133,6165489733,1369658700,116,1541372580,999999959,41,999822877,177123,1541372423,1000,1000,1000,1000,1000,1000,1000
152000,24465690,1249581,3020000000,18120000000,20000,120000,9962280583256,4981205,3240892253,20223,2995534310,2000,12248,2827674,5991028174,2404908361,17595091639,18534835239,9655730186,344269814,2888813560,103492145353,9690997900,224858,8034596,2527722600,84513722200,4969716956,9040449856,4649096635,999902298,14524709700,97702,985207635,14792365,15559637,14174602,985825398,6198795498,1378963600,8031,1549706940,999999954,46,999833237,166763,1549698863,1000,1000,1000,1000,1000,1000,1000,103492076798,9690825600,228717,7904062,2527858700,84512212800,5007628215,9078288315,4649015750,999978459,14524397400,21541,985639164,14360836,15662805,14145955,985854045,6198687645,1378981200,8040,1549680000,999999935,65,999833505,166495,1549671895,1000,1000,1000,1000,1000,1000,1000
153000,24545850,1265919,3040000000,18240000000,20000,120000,9962082812881,3045324,3260187892,4972,3015454150,2000,10374,2864612,6030898356,2404986505,17595013495,18534631995,9657769748,342230252,2912047704,103518172047,9750079200,163326,8100721,2535901900,85038245600,5006502735,9102633185,4673942046,999982757,14616377700,17243,985233948,14766052,15569891,14151845,985848155,6231917555,1388373200,112,1557991140,999984481,15519,999842791,157209,1557975509,1000,1000,1000,1000,1000,1000,1000,103517858986,9749869400,208754,7871856,2536325300,85036148400,5040064922,9136090522,4673984482,999898968,14615806800,101032,985721248,14278752,15885080,14006498,985993502,6231979302,1388247200,58,1557994900,999999978,22,999823380,176620,1557994820,1000,1000,1000,1000,1000,1000,1000
154000,24627260,1258599,3060000000,18360000000,20000,120000,9961873640261,12448855,3290830482,22639,3035372740,2000,944,2830725,6070700202,2405002516,17594997484,18534490184,9659731135,340268865,2935282037,103543859363,9809027900,223540,7960363,2544520600,85561414200,5042953520,9164413420,4698837944,999991477,14707592100,8523,985618378,14381622,16005201,14029957,985970043,6265117243,1397664500,8034,1566287380,999999953,47,999828801,171199,1566279299,1000,1000,1000,1000,1000,1000,1000,103543796049,9808948600,169294,7581822,2544832300,85560428400,5072918837,9194327037,4698860149,999892562,14707289700,107438,985833943,14166057,16070381,14055232,985944768,6265144168,1397484800,7949,1566300060,999991908,8092,999848181,151819,1566284019,1000,1000,1000,1000,1000,1000,1000
155000,24710200,1251381,3080000000,18480000000,20000,120000,9961673935566,12437767,3312170812,22519,3055289800,2000,929,2829483,6110534562,2405075533,17594924467,18534296067,9661626637,338373363,2958530199,103569822416,9868106100,185028,7732041,2552902200,86085865800,5075622161,9222475511,4723708401,999893954,14799184200,106046,985533602,14466398,16079448,14125747,985874253,6298275153,1406906400,63,1574574960,999991855,8145,999832648,167352,1574566752,1000,1000,1000,1000,1000,1000,1000,103569569638,9867966700,199276,8121901,2552650200,86084269400,5109501179,9256272179,4723774243,999994102,14798867700,5898,985946640,14053360,16141138,14027095,985972905,6298365605,1406724600,8401,1574599920,999999843,157,999833338,166662,1574591362,1000,1000,1000,1000,1000,1000,1000
156000,24792120,1269721,3100000000,18600000000,20000,120000,9961481407984,5246615,3326327501,22497,3075207880,2000,114940,2824620,6150370766,2405148099,17594851901,18534099801,9663513880,336486120,2981770146,103595830368,9927282800,142956,8207212,2560612700,86611219200,5112713502,9285004352,4748609404,999981737,14891152800,18263,985245545,14754455,15766108,14201104,985798896,6331479196,1416200300,8240,1582878060,999999972,28,999831308,168692,1582869792,1000,1000,1000,1000,1000,1000,1000,103595548357,9927108400,193715,7658090,2561228300,86609293600,5141418687,9313610987,4748660159,999889701,14890541400,110299,985774225,14225775,16134324,14205265,985794735,6331541335,1415914200,133,1582897940,999983369,16631,999842624,157376,1582881176,1000,1000,1000,1000,1000,1000,1000
157000,24872390,1265140,3120000000,18720000000,20000,120000,9961282198629,4724208,3347157937,22230,3095127610,2000,909,2833569,6190210760,2405207637,17594792363,18533923163,9665383211,334616789,3004983371,103621473057,9986264700,208537,8110679,2569233200,87134541400,5148054365,9345680115,4773570960,999989458,14982371100,10542,985610556,14389444,16183198,14055138,985944862,6364761262,1425421900,124,1591190480,999999946,54,999822898,177102,1591190302,1000,1000,1000,1000,1000,1000,1000,103621493956,9986279500,175594,7824363,2569295400,87134591000,5175426836,9373053836,4773585479,999899826,14982408300,100174,985498676,14501324,15905950,14259171,985740829,6364780629,1425188700,8161,1591203340,999999971,29,999830350,169650,1591195150,1000,1000,1000,1000,1000,1000,1000
158000,24951970,1241309,3140000000,18840000000,20000,120000,9961074667852,12505673,3376271305,20212,3115048030,2000,12368,2838496,6230055636,2405252125,17594747875,18533760275,9667287684,332712316,3028214820,103647420644,10045341200,187542,7734956,2577792300,87658928800,5184095950,9407111350,4798431476,999982819,15073893600,17181,985695181,14304819,16331562,14151486,985848514,6397906014,1434662900,8800,1599491200,999992138,7862,999835862,164138,1599474538,1000,1000,1000,1000,1000,1000,1000,103647442514,10045419300,139895,7998421,2577369100,87659557000,5208590073,9431634973,4798508409,999981877,15074186100,18123,985391080,14608920,15777603,14283494,985716506,6398011206,1434465600,8305,1599511120,999999982,18,999826703,173297,1599502797,1000,1000,1000,1000,1000,1000,1000
159000,25029860,1272552,3160000000,18960000000,20000,120000,9960884050082,3442254,3388558795,2734,3134970140,2000,10603,2871029,6269934812,2405360536,17594639464,18533528864,9669188991,330811009,3051434503,103673305392,10104510900,186276,7985658,2585896500,88184102600,5215739445,9464181995,4823394458,999980675,15165699300,19325,985462631,14537369,16156656,14110898,985889102,6431192602,1443955800,8610,1607806780,999999974,26,999827656,172344,1607798144,1000,1000,1000,1000,1000,1000,1000,103673202647,10104459900,172148,7928512,2585883100,88183456600,5246126300,9494534850,4823443329,999981133,15165573000,18867,985582498,14417502,16037265,14183036,985816964,6431257764,1443733500,8041,1607822500,999999976,24,999828365,171635,1607814435,1000,1000,1000,1000,1000,1000,1000
160000,25111090,1256472,3180000000,19080000000,20000,120000,9960682585475,5135334,3411541750,22523,3154888910,2000,125979,2837042,6309732774,2405372109,17594627891,18533393691,9671066258,328933742,3074635632,103699167999,10163553900,196024,8132228,2594013100,88708091800,5251428729,9525240229,4848276325,999984082,15257222100,15918,985545823,14454177,16296141,14153816,985846184,6464362984,1453175300,113,1616103120,999983652,16348,999844241,155759,1616086659,1000,1000,1000,1000,1000,1000,1000,103699002221,10163626600,193760,8151156,2594127800,88708371600,5279557420,9553377320,4848444843,999984355,15257235600,15645,985481282,14518718,15996727,14071784,985928216,6464593116,1452988100,8683,1616156980,999999976,24,999838527,161473,1616148273,1000,1000,1000,1000,1000,1000,1000
161000,25189570,1241946,3200000000,19200000000,20000,120000,9960483331381,4647998,3432537445,20239,3174810430,2000,125564,2843365,6349580382,2405415679,17594584321,18533224121,9672780495,327219505,3097826577,103725006941,10222769000,191355,7908385,2602633000,89233630000,5286670332,9585926082,4873314242,999984106,15348973200,15894,985336838,14663162,16147932,14088190,985911810,6497752310,1462413500,114,1624438220,999999962,38,999819432,180568,1624438068,1000,1000,1000,1000,1000,1000,1000,103724874296,10222662800,127162,7683347,2602795700,89232264000,5313522758,9612706408,4873375051,999911123,15348589500,88877,985638309,14361691,16292186,14120335,985879665,6497830665,1462120800,8397,1624472220,999991791,8209,999839886,160114,1624455614,1000,1000,1000,1000,1000,1000,1000
162000,25269730,1272364,3220000000,19320000000,20000,120000,9960284864750,3373992,3452716021,20444,3194730270,2000,1077,2837777,6389419652,2405460942,17594539058,18533055058,9674524483,325475517,3121028735,103750873552,10281894800,137336,7608706,2611233800,89758195200,5319842180,9644492530,4898299506,999911308,15440470500,88692,985333704,14666296,16280696,14067190,985932810,6531063110,1471576300,62,1632772360,999991306,8694,999830496,169504,1632763604,1000,1000,1000,1000,1000,1000,1000,103750688434,10281750500,161066,7971606,2610850600,89756632200,5349663329,9674234029,4898309260,999911937,15440208900,88063,985604437,14395563,16318200,14119640,985880360,6531073560,1471339100,120,1632780780,999983640,16360,999844800,155200,1632764300,1000,1000,1000,1000,1000,1000,1000
163000,25347580,1273923,3240000000,19440000000,20000,120000,9960085616533,2877354,3473755434,20482,3214652420,2000,10511,2837804,6429263876,2405499687,17594500313,18532888713,9676193176,323806824,3144233452,103776505820,10340807500,134323,8167699,2619093600,90280766200,5354486509,9704433459,4923254757,999987354,15531680400,12646,985769635,14230365,16704081,13965824,986034176,6564339676,1480674800,7881,1641092800,1000000000,0,999828681,171319,1641084919,1000,1000,1000,1000,1000,1000,1000,103776509319,10340886000,181787,7703770,2619456200,90281500800,5384299057,9734282107,4923283765,999983805,15531819300,16195,985630707,14369293,16336702,14121637,985878363,6564375763,1480548800,51,1641099820,999992229,7771,999827902,172098,1641091998,1000,1000,1000,1000,1000,1000,1000
164000,25426030,1238911,3260000000,19560000000,20000,120000,9959876418920,12316075,3504749685,22500,3234573970,2000,2126,2836270,6469102940,2405529795,17594470205,18532731905,9677826370,322173630,3167423710,103802369997,10399994800,169469,8021015,2627519200,90805980800,5390264933,9765639383,4948227288,999993377,15623390700,6623,985641199,14358801,16629222,14049734,985950266,6597630766,1489822500,148,1649420480,999983146,16854,999842422,157578,1649403478,1000,1000,1000,1000,1000,1000,1000,103802240236,10399930700,197861,8216324,2627315700,90805294200,5417780030,9793119580,4948242082,999986320,15623314800,13680,985710319,14289681,16480899,14088317,985911683,6597656083,1489683100,8400,1649422480,999999921,79,999837599,162401,1649414001,1000,1000,1000,1000,1000,1000,1000
165000,25503710,1256519,3280000000,19680000000,20000,120000,9959676622961,12399362,3526466342,2808,3254496290,2000,11347,2875116,6508986964,2405610723,17594389277,18532528477,9679422604,320577396,3190614468,103828076547,10459088000,225458,7947277,2635985000,91330345600,5427558857,9828319457,4973220214,999988338,15714894900,11662,985692073,14307927,16745235,14041721,985958279,6630960279,1498952400,8456,1657748540,999999981,19,999826735,173265,1657740065,1000,1000,1000,1000,1000,1000,1000,103828046670,10459052800,205577,7748789,2636116800,91329898400,5449675627,9850412677,4973222921,999899025,15714785100,100975,985722674,14277326,16642949,14088828,985911172,6630963872,1498842700,7821,1657748840,999999932,68,999837749,162251,1657740951,1000,1000,1000,1000,1000,1000,1000
166000,25581800,1259353,3300000000,19800000000,20000,120000,9959476983547,12299457,3547907000,4963,3274418200,2000,125586,2867169,6548826474,2405657404,17594342596,18532357596,9681059331,318940669,3213799705,103853823598,10518133100,232745,7844624,2644462400,91854159000,5462129409,9888247709,4998197440,999983916,15806245800,16084,985909297,14090703,17028181,14002441,985997559,6664257859,1508079800,118,1666076720,999983817,16183,999836081,163919,1666060419,1000,1000,1000,1000,1000,1000,1000,103853782294,10518086000,183370,7985626,2644294800,91853675200,5484273402,9910367352,4998223264,999988095,15806216700,11905,985939783,14060217,16833888,13985824,986014176,6664297676,1508006300,8440,1666082880,999999972,28,999823688,176312,1666074412,1000,1000,1000,1000,1000,1000,1000
167000,25658380,1260441,3320000000,19920000000,20000,120000,9959286358259,3164674,3560440370,20258,3294341620,2000,947,2847772,6588642724,2405681933,17594318067,18532205467,9682555788,317444212,3236983712,103879605516,10577228200,202983,8078604,2652472100,92378417200,5495638103,9947135653,5023187674,999896265,15897813900,103735,985805898,14194102,17081133,14056359,985943641,6697583541,1517122100,8140,1674404080,999999927,73,999837233,162767,1674395867,1000,1000,1000,1000,1000,1000,1000,103879714854,10577280600,165932,8094945,2652327300,92378972400,5520077259,9971602959,5023188115,999990163,15898047300,9837,985691925,14308075,16642862,14150847,985849153,6697578653,1517092700,121,1674407160,999983499,16501,999838662,161338,1674390538,1000,1000,1000,1000,1000,1000,1000
168000,25735990,1269348,3340000000,20040000000,20000,120000,9959077428641,12350889,3591184700,22396,3314264010,2000,10642,2836783,6628483228,2405725830,17594274170,18532032070,9684180477,315819523,3260177505,103905436147,10636310900,162244,7927677,2660896700,92902803400,5528878508,10005764858,5048175390,999980269,15989357700,19731,985910366,14089634,17163897,14063107,985936893,6730900493,1526270900,56,1682725240,999999919,81,999813097,186903,1682725103,1000,1000,1000,1000,1000,1000,1000,103905539013,10636446600,161927,7725160,2661005300,92903938800,5556014802,10032955152,5048197413,999904792,15989624100,95208,985587172,14412828,16690680,14175167,985824833,6730924333,1526215300,127,1682743700,999983347,16653,999838980,161020,1682726920,1000,1000,1000,1000,1000,1000,1000
169000,25812890,1245852,3360000000,20160000000,20000,120000,9958885640320,4442138,3605000360,2649,3334187110,2000,11244,2882200,6668368922,2405810058,17594189942,18531813542,9685669860,314330140,3283345882,103931260448,10695478800,203942,7894083,2669176900,93427825600,5565876396,10068180646,5073145131,999892235,16081055700,107765,985687665,14312335,17100030,14181399,985818601,6764193501,1535363300,49,1691048440,999999979,21,999821930,178070,1691048370,1000,1000,1000,1000,1000,1000,1000,103931119899,10695503800,196258,7809544,2669497700,93427743600,5588266258,10090562258,5073276905,999898921,16080943800,101079,985790940,14209060,16963819,13981414,986018586,6764369186,1535329600,57,1691092400,999999938,62,999819519,180481,1691092281,1000,1000,1000,1000,1000,1000,1000
170000,25890600,1250624,3380000000,20280000000,20000,120000,9958678066601,12251590,3634335643,20259,3354109400,2000,125315,2845271,6708178282,2405840991,17594159009,18531665609,9687285049,312714951,3306523831,103957057312,10754589900,170036,8068382,2677395400,93952211000,5601536154,10129225604,5098160682,999983347,16172597400,16653,985801663,14198337,17178416,14098634,985901366,6797544866,1544524400,66,1699392380,999991870,8130,999826816,173184,1699384184,1000,1000,1000,1000,1000,1000,1000,103956943489,10754553500,147824,8124152,2677420800,93951624600,5621741107,10149398457,5098232999,999981255,16172453700,18745,985942326,14057674,17094371,14019672,985980328,6797641128,1544415100,59,1699416800,999991388,8612,999830671,169329,1699408129,1000,1000,1000,1000,1000,1000,1000
171000,25969750,1269460,3400000000,20400000000,20000,120000,9958479719747,10905391,3654672411,4904,3374030250,2000,2027,2879428,6748050692,2405935938,17594064062,18531443862,9688806412,311193588,3329694004,103982941283,10813743500,138834,7670757,2686004900,94477118200,5637157135,10190259085,5123124922,999892163,16264189500,107837,985686302,14313698,17219939,14180017,985819983,6830833183,1553651100,8440,1707716840,999999861,139,999831339,168661,1707708261,1000,1000,1000,1000,1000,1000,1000,103982740240,10813775100,196873,7989080,2685880100,94477075800,5655374078,10208469428,5123254658,999910953,16264194000,89047,985684324,14315676,16967771,14088113,985911887,6831006187,1553512000,8820,1707760420,999999929,71,999832871,167129,1707751529,1000,1000,1000,1000,1000,1000,1000
172000,26045870,1229223,3420000000,20520000000,20000,120000,9958278553277,12286979,3677673570,20402,3393954130,2000,124274,2851335,6787867456,2405936556,17594063444,18531310644,9690339425,309660575,3352874681,104008602478,10872804900,172652,8160591,2693946000,95001036200,5671491924,10249956074,5148154209,999982259,16355688900,17741,985829869,14170131,17334710,14117601,985882399,6864205599,1562728500,111,1716051540,999999961,39,999825210,174790,1716051390,1000,1000,1000,1000,1000,1000,1000,104008509896,10872850400,183120,7678254,2694510700,95001188800,5690222429,10268690429,5148252506,999892782,16355579400,107218,985840454,14159546,17213372,14084066,985915934,6864333834,1562603700,50,1716089900,999991478,8522,999833072,166928,1716081328,1000,1000,1000,1000,1000,1000,1000
173000,26123060,1238582,3440000000,20640000000,20000,120000,9958086652722,4431908,3691351340,22242,3413876940,2000,11403,2845236,6827709396,2405969830,17594030170,18531148270,9691991704,308008296,3376065900,104034477030,10932021500,230382,7927922,2702430900,95526557400,5707420771,10311327921,5173124364,999983074,16447463100,16926,985633778,14366222,17198504,14257440,985742560,6897493660,1571856000,108,1724385880,999983524,16476,999837904,162096,1724369296,1000,1000,1000,1000,1000,1000,1000,104034364223,10932031500,221131,7807237,2702661200,95526423800,5723524544,10327422094,5173210844,999891050,16447377000,108950,985612568,14387432,17055618,14165074,985834926,6897614426,1571779200,8700,1724412380,999999902,98,999832818,167182,1724403582,1000,1000,1000,1000,1000,1000,1000
174000,26198760,1251131,3460000000,20760000000,20000,120000,9957886969942,4402860,3712928173,20228,3433801240,2000,126338,2846989,6867562024,2406055402,17593944598,18530941598,9693564111,306435889,3399242435,104060185853,10991139000,211725,7824504,2710931100,96050941200,5741277053,10370568503,5198186365,999912213,16538920500,87787,985642739,14357261,17342226,14185061,985814939,6930915139,1580926600,123,1732728940,999999957,43,999827326,172674,1732728774,1000,1000,1000,1000,1000,1000,1000,104060210005,10991193700,214439,7742030,2711050900,96051404200,5758740478,10388054028,5198203679,999905516,16539039900,94484,985533864,14466136,17019648,14165169,985834831,6930938231,1580957100,9085,1732743660,999999977,23,999832048,167952,1732734552,1000,1000,1000,1000,1000,1000,1000
175000,26274490,1246645,3480000000,20880000000,20000,120000,9957688908506,2739434,3732882826,20255,3453725510,2000,10132,2852582,6907410510,2406118140,17593881860,18530753760,9695126618,304873382,3422417428,104085973105,11050241600,223328,8061780,2719005800,96575404800,5775539003,10430221603,5223169803,999985530,16630547700,14470,985651941,14348059,17345511,14212508,985787492,6964226392,1590049900,135,1741056760,999999964,36,999819811,180189,1741056589,1000,1000,1000,1000,1000,1000,1000,104086048365,11050361500,182308,7777352,2719316900,96576379800,5793793070,10448521620,5223235295,999891855,16630722000,108145,985393546,14606454,16950691,14171796,985828204,6964311104,1590069800,63,1741083740,999992132,7868,999828591,171409,1741075809,1000,1000,1000,1000,1000,1000,1000
176000,26348650,1248128,3500000000,21000000000,20000,120000,9957479429156,12510243,3764381531,4816,3473651350,2000,125125,2883620,6947293068,2406200499,17593799501,18530546801,9696595740,303404260,3445583408,104111768579,11109442800,225366,7716723,2727704900,97100587200,5811035570,10491141920,5248219812,999889272,16722149100,110728,985502187,14497813,17349615,14210503,985789497,6997626397,1599145700,118,1749406760,999999943,57,999823515,176485,1749406585,1000,1000,1000,1000,1000,1000,1000,104111763395,11109380700,143728,7720544,2727747700,97099885400,5827414577,10507484827,5248234377,999892828,16721997000,107172,985676869,14323131,17300041,14094764,985905236,6997645836,1599159700,7821,1749419280,1000000000,0,999828741,171259,1749411459,1000,1000,1000,1000,1000,1000,1000
177000,26424370,1276054,3520000000,21120000000,20000,120000,9957289153200,3041854,3776576452,4619,3493575630,2000,116153,2887676,6987142022,2406254954,17593745046,18530375346,9698092724,301907276,3468739646,104137603899,11168546800,152381,8230741,2735529900,97624829600,5844889238,10550372738,5273227640,999984276,16813739100,15724,985576436,14423564,17388160,14145020,985854980,7030964880,1608277300,120,1757753280,999984080,15920,999842560,157440,1757737240,1000,1000,1000,1000,1000,1000,1000,104137563173,11168542900,144616,7756816,2735998900,97624810600,5862752255,10568235055,5273267243,999899499,16813670700,100501,985567262,14432738,17241463,14150320,985849680,7031020180,1608217800,51,1757761420,999991568,8432,999824363,175637,1757752937,1000,1000,1000,1000,1000,1000,1000
178000,26499700,1260548,3540000000,21240000000,20000,120000,9957081918464,10516412,3805649479,22530,3513500300,2000,1028,2847827,7026955540,2406287476,17593712524,18530217424,9699591233,300408767,3491876473,104163309580,11227735900,187977,7938155,2744276700,98149908600,5877043894,10607946194,5298308097,999899400,16905305400,100600,985456219,14543781,17414419,14084822,985915178,7064410778,1617377700,8965,1766111700,999999946,54,999828619,171381,1766102681,1000,1000,1000,1000,1000,1000,1000,104163355487,11227790300,152732,7854533,2744263600,98150310200,5899871630,10630792230,5298334034,999911884,16905431700,88116,985356557,14643443,17082173,14154139,985845861,7064445361,1617292600,8160,1766119540,999999947,53,999837773,162227,1766111327,1000,1000,1000,1000,1000,1000,1000
179000,26574230,1261990,3560000000,21360000000,20000,120000,9956881872587,10833565,3827762927,20496,3533425770,2000,11630,2860414,7066810548,2406348852,17593651148,18530027548,9700947086,299052914,3515016034,104189199830,11287018800,159219,8026642,2752411700,98675848800,5910972324,10667335524,5323368386,999989129,16997225700,10871,985167712,14832288,17098083,14184997,985815003,7097824503,1626424500,7968,1774464120,999999965,35,999836283,163717,1774456117,1000,1000,1000,1000,1000,1000,1000,104188949416,11286832400,231684,7806220,2752795000,98673982400,5935121006,10691390856,5323376256,999990227,16996711200,9773,985708127,14291873,17422000,14100444,985899556,7097829456,1626317100,124,1774469980,999983344,16656,999839500,160500,1774453200,1000,1000,1000,1000,1000,1000,1000
180000,26649740,1250399,3580000000,21480000000,20000,120000,9956680839767,12128008,3850849665,20213,3553350260,2000,1930,2856263,7106660094,2406400375,17593599625,18529849825,9702310937,297689063,3538176331,104214860092,11346095100,218388,7728040,2761146400,99199874200,5944634548,10726364798,5348398692,999898163,17088545100,101837,985320523,14679477,17400360,14154068,985845932,7131193032,1635478800,108,1782810120,999984328,15672,999840260,159740,1782794340,1000,1000,1000,1000,1000,1000,1000,104214642289,11345925800,212476,7829606,2761124000,99198103600,5970742123,10752382873,5348435805,999902975,17088142800,97025,985721730,14278270,17590555,14076250,985923750,7131245050,1635315900,65,1782817380,999991930,8070,999835055,164945,1782809245,1000,1000,1000,1000,1000,1000,1000
181000,26723430,1279257,3600000000,21600000000,20000,120000,9956488710509,4518426,3865022287,20246,3573276570,2000,1988,2858213,7146512648,2406453435,17593546565,18529672065,9703683387,296316613,3561329035,104240521967,11405164100,227827,8164753,2769116600,99723820200,5980400748,10787493998,5373437724,999990806,17180034900,9194,985468404,14531596,17517598,14100874,985899126,7164583626,1644524400,8480,1791154400,999999982,18,999831698,168302,1791145902,1000,1000,1000,1000,1000,1000,1000,104240377461,11405049800,193301,7712368,2769588400,99722556400,6004196207,10811224757,5373495821,999911436,17179627800,88564,985787290,14212710,17710354,14063533,985936467,7164658267,1644342600,71,1791171000,999991517,8483,999830254,169746,1791162446,1000,1000,1000,1000,1000,1000,1000
182000,26798660,1270436,3620000000,21720000000,20000,120000,9956290942826,2572246,3885011531,4636,3593201340,2000,126875,2890177,7186393408,2406521272,17593478728,18529470128,9704911403,295088597,3584460511,104266237161,11464279800,164870,8045799,2777565300,100248058800,6016112571,10848581271,5398536386,999990848,17271446100,9152,985582625,14417375,17696477,14074191,985925809,7198048509,1653472300,8280,1799520420,999999983,17,999830277,169723,1799512123,1000,1000,1000,1000,1000,1000,1000,104266153510,11464225100,188139,7982550,2777616100,100247507000,6037580368,10870021418,5398541494,999981910,17271343200,18090,985681093,14318907,17603083,14111789,985888211,7198055311,1653372000,8440,1799522300,999999957,43,999829183,170817,1799513817,1000,1000,1000,1000,1000,1000,1000
183000,26873330,1282190,3640000000,21840000000,20000,120000,9956089582115,4162012,3908439321,20437,3613126670,2000,10493,2860843,7226212466,2406533027,17593466973,18529328573,9706184937,293815063,3607601403,104291925906,11523351800,176396,8092167,2785855600,100772002000,6050392461,10908223611,5423569165,999983215,17362849200,16785,985717449,14282551,17909734,14099069,985900931,7231422831,1662450900,8607,1807870440,999991833,8167,999835834,164166,1807853666,1000,1000,1000,1000,1000,1000,1000,104291847478,11523343900,177702,7840182,2786114300,100771805400,6072663856,10930483706,5423615560,999910802,17362762800,89198,985727962,14272038,17780060,14103000,985897000,7231487400,1662345100,7900,1807879780,999999960,40,999832360,167640,1807871840,1000,1000,1000,1000,1000,1000,1000
184000,26948200,1255216,3660000000,21960000000,20000,120000,9955881934820,12082319,3938176216,22530,3633051800,2000,1064,2854157,7266058540,2406601539,17593398461,18529142061,9707491483,292508517,3630731223,104317680954,11582484800,145822,7683646,2794600000,101296488800,6084569490,10967789440,5448630316,999889573,17454262500,110427,985755065,14244935,18102192,14083176,985916824,7264835024,1671476800,100,1816221000,999983808,16192,999840192,159808,1816204708,1000,1000,1000,1000,1000,1000,1000,104317514894,11582517000,197390,7628668,2794778400,101296572400,6107733130,10990954280,5448739446,999889201,17454243600,110799,985753629,14246371,17884128,14042482,985957518,7264983118,1671342000,58,1816252160,999991570,8430,999831028,168972,1816243672,1000,1000,1000,1000,1000,1000,1000
185000,27021430,1260284,3680000000,22080000000,20000,120000,9955683836048,10458848,3958554349,20205,3652978570,2000,126288,2858771,7305916730,2406669796,17593330204,18528944404,9708612849,291387151,3653849579,104343148260,11641522600,231397,8132184,2802676500,101819938800,6118783960,11027339810,5473733066,999990288,17545566300,9712,986071207,13928793,18387719,14008853,985991147,7298310747,1680381200,8436,1824586140,999999977,23,999833219,166781,1824577681,1000,1000,1000,1000,1000,1000,1000,104343192253,11641697800,221709,7914881,2802881600,101821422000,6142646968,11051273618,5473849086,999980209,17545886100,19791,985730663,14269337,17829454,14047468,985952532,7298462532,1680298800,46,1824622240,999991252,8748,999831054,168946,1824613446,1000,1000,1000,1000,1000,1000,1000
186000,27093610,1270107,3700000000,22200000000,20000,120000,9955490370833,4166586,3974186093,22618,3672906390,2000,126583,2854063,7345767544,2406695419,17593304581,18528785581,9709834177,290165823,3676999621,104368936818,11700657400,220130,8018268,2810993100,102344608400,6153838760,11087794610,5498755774,999912061,17637162600,87939,985947377,14052623,18409516,14135742,985864258,7331674358,1689355900,8374,1832926980,999999978,22,999827116,172884,1832918584,1000,1000,1000,1000,1000,1000,1000,104368996311,11700868900,141049,7578449,2811436100,102346297800,6176773700,11110808700,5498933640,999906695,17637445500,93305,985624815,14375185,17862920,14113380,985886620,7331911520,1689246200,9000,1832986880,1000000000,0,999821020,178980,1832977880,1000,1000,1000,1000,1000,1000,1000
187000,27168680,1277905,3720000000,22320000000,20000,120000,9955284082584,10770472,4002685541,4485,3692831320,2000,967,2891999,7385653670,2406806856,17593193144,18528555444,9711124881,288875119,3700147951,104394690336,11759847300,187297,7838060,2819549400,102869573800,6187148496,11146515946,5523858294,999902277,17728725600,97723,985905088,14094912,18435911,14086017,985913983,7365144383,1698392100,64,1841286180,999999973,27,999826311,173689,1841286089,1000,1000,1000,1000,1000,1000,1000,104394725686,11760021900,189930,7624740,2819694300,102871017400,6212769332,11172205182,5523965542,999904448,17729044500,95552,985580220,14419780,17880372,14198430,985801570,7365284570,1698238500,54,1841327540,999991542,8458,999831172,168828,1841319028,1000,1000,1000,1000,1000,1000,1000
188000,27241720,1248080,3740000000,22440000000,20000,120000,9955092220778,2862973,4016502204,22610,3712758280,2000,1155,2853091,7425471340,2406820351,17593179649,18528402649,9712502869,287497131,3723289009,104420382743,11819011300,205875,8180832,2827636700,103394289800,6221144021,11205910721,5548945803,999992178,17820344100,7822,985906684,14093316,18416606,14045203,985954797,7398594397,1707415900,8245,1849656860,999999979,21,999829306,170694,1849648594,1000,1000,1000,1000,1000,1000,1000,104420506468,11819221200,227039,8236242,2827367700,103396248800,6247977144,11232840044,5549001192,999981645,17820926100,18355,985320514,14679486,17613769,14295477,985704523,7398665623,1707269300,50,1849672380,999992101,7899,999830969,169031,1849664431,1000,1000,1000,1000,1000,1000,1000
189000,27314750,1265774,3760000000,22560000000,20000,120000,9954883007112,12360611,4047883605,22203,3732685250,2000,1983,2858400,7465326094,2406894623,17593105377,18528202877,9713758540,286241460,3746423134,104446180447,11878215700,188493,8254885,2835787000,103919490600,6255989717,11266180917,5574022872,999988600,17912084100,11400,985698780,14301220,18278480,14159908,985840092,7432027692,1716361500,68,1858013300,999991588,8412,999828480,171520,1858004820,1000,1000,1000,1000,1000,1000,1000,104446236680,11878377000,217517,7956200,2836017400,103920929200,6282290376,11292551326,5574068722,999907070,17912404800,92930,985307169,14692831,17734299,14275177,985724823,7432091623,1716300000,8340,1858031260,999999981,19,999832199,167801,1858022901,1000,1000,1000,1000,1000,1000,1000
190000,27387640,1229784,3780000000,22680000000,20000,120000,9954685100495,10519615,4067874056,22426,3752612360,2000,123922,2861873,7505179868,2406936210,17593063790,18528032490,9715064087,284935913,3769556655,104471944256,11937422200,226253,7812364,2844485500,104444718000,6291780808,11327397908,5599064734,999906050,18003694800,93950,985550253,14449747,18275603,14292169,985707831,7465419631,1725334400,8840,1866363780,999999957,43,999833103,166897,1866354897,1000,1000,1000,1000,1000,1000,1000,104472045792,11937572600,139245,7701958,2844623300,104445949200,6315573136,11351248386,5599175132,999899178,18003967800,100822,985264757,14735243,17765479,14211547,985788453,7465563953,1725352900,70,1866397560,999991331,8669,999833279,166721,1866388821,1000,1000,1000,1000,1000,1000,1000
191000,27461000,1240316,3800000000,22800000000,20000,120000,9954485426366,10437624,4089707365,22541,3772539000,2000,1930,2857323,7545032918,2406973190,17593026810,18527870210,9716277797,283722203,3792690215,104497636563,11996515100,161443,7608440,2853093100,104968712600,6322999452,11383979602,5624171219,999898997,18095001600,101003,985761299,14238701,18561602,14188983,985811017,7498892317,1734324200,57,1874729080,999992075,7925,999833702,166298,1874721098,1000,1000,1000,1000,1000,1000,1000,104497659569,11996698300,218389,7945671,2852773500,104970367000,6353717502,11414778152,5624244368,999990844,18095512500,9156,985354430,14645570,17820886,14255518,985744482,7498992482,1734296300,8160,1874756300,999999974,26,999828886,171114,1874748114,1000,1000,1000,1000,1000,1000,1000
192000,27534290,1296306,3820000000,22920000000,20000,120000,9954291895929,4280676,4105483797,4971,3792465710,2000,10710,2899343,7584921478,2407075105,17592924895,18527635495,9717513917,282486083,3815817695,104523367140,12055717600,181245,7719350,2861359800,105493842400,6360514567,11446915017,5649261320,999897896,18186684000,102104,985609191,14390809,18477895,14194475,985805525,7532345825,1743343900,70,1883092380,999992195,7805,999832195,167805,1883084505,1000,1000,1000,1000,1000,1000,1000,104523272641,12055704500,166454,7975325,2861181500,105493600200,6385391017,11471777967,5649335876,999911911,18186698400,88089,985620276,14379724,18231165,14121689,985878311,7532447811,1743273800,54,1883112060,999999929,71,999818665,181335,1883111935,1000,1000,1000,1000,1000,1000,1000
193000,27606500,1268240,3840000000,23040000000,20000,120000,9954084141153,12300356,4135427873,2828,3812393500,2000,125792,2906873,7624781344,2407132809,17592867191,18527450291,9718721107,281278893,3838941751,104549136874,12114924700,161008,8219885,2869161700,106018974200,6394860501,11506680801,5674343731,999990750,18278475000,9250,985444844,14555156,18284994,14235563,985764437,7565791637,1752329300,8221,1891456140,999999987,13,999836194,163806,1891447906,1000,1000,1000,1000,1000,1000,1000,104549120357,12114968100,147065,8035838,2869327500,106019295400,6420090217,11531925167,5674412167,999986437,18278544600,13563,985388311,14611689,17987874,14260307,985739693,7565879993,1752231400,65,1891476580,999991311,8689,999830374,169626,1891467826,1000,1000,1000,1000,1000,1000,1000
194000,27677300,1292146,3860000000,23160000000,20000,120000,9953886181888,10476264,4155456984,20308,3832322700,2000,960,2868236,7664604784,2407140752,17592859248,18527314348,9719961644,280038356,3862074128,104574821164,12174042500,185467,7668793,2878098300,106543345000,6427785708,11564989458,5699418003,999892404,18369817500,107596,985549381,14450619,18548577,14235274,985764726,7599218626,1761318600,143,1899816900,999983866,16134,999834377,165623,1899800623,1000,1000,1000,1000,1000,1000,1000,104574686880,12174079100,211741,7988444,2877852200,106543429400,6456512986,11593717436,5699511290,999980128,18369898800,19872,985551735,14448265,18224907,14216617,985783383,7599348383,1761173700,8416,1899845520,999999989,11,999833107,166893,1899837093,1000,1000,1000,1000,1000,1000,1000
195000,27748530,1254706,3880000000,23280000000,20000,120000,9953692690417,4292619,4171347375,2652,3852251470,2000,12380,2898220,7704497636,2407254436,17592745564,18527069964,9721031600,278968400,3885188136,104600395749,12233112700,208192,7635717,2886584900,107067175800,6460524990,11623084390,5724524112,999912137,18461125200,87863,985782084,14217916,18829547,14167835,985832165,7632696065,1770261000,54,1908180260,999991747,8253,999821947,178053,1908171953,1000,1000,1000,1000,1000,1000,1000,104600279990,12233187100,218187,8094139,2886217900,107067479000,6493079474,11655648524,5724658191,999983718,18461261700,16282,985712677,14287323,18444959,14137168,985862832,7632871832,1770080100,111,1908231020,999982732,17268,999835359,164641,1908213641,1000,1000,1000,1000,1000,1000,1000
196000,27822110,1251634,3900000000,23400000000,20000,120000,9953485257083,12022858,4201062227,2850,3872177890,2000,2130,2900289,7744350080,2407336141,17592663859,18526847859,9722151671,277848329,3908290751,104626188971,12292332300,179788,7516365,2894968000,107592419000,6494616137,11682600787,5749610330,999899735,18552795600,100265,985628988,14371012,18761153,14238123,985761877,7666144177,1779224000,64,1916542700,999991211,8789,999829153,170847,1916533847,1000,1000,1000,1000,1000,1000,1000,104626018134,12292536300,227725,8096775,2894548400,107593821400,6528098649,11716145449,5749848763,999985081,18553183800,14919,985282534,14717466,18081553,14198890,985801110,7666465010,1778987000,71,1916616340,999999978,22,999826453,173547,1916616247,1000,1000,1000,1000,1000,1000,1000
197000,27894640,1254470,3920000000,23520000000,20000,120000,9953293545028,3949149,4214876127,22632,3892105360,2000,11374,2859122,7784165456,2407342177,17592657823,18526716423,9723325518,276674482,3931393374,104651824288,12351514100,194651,8272133,2902675100,108117205800,6529759802,11743145902,5774754315,999982431,18644507400,17569,985511844,14488156,18624213,14165698,985834302,7699672402,1788192200,139,1924918280,999999946,54,999823813,176187,1924918087,1000,1000,1000,1000,1000,1000,1000,104651721659,12351700100,208540,7723905,2903253500,108118509000,6562143954,11775588254,5774959418,999899113,18644636700,100887,985269046,14730954,18216533,14225815,985774185,7699945885,1787905400,8196,1924994680,999999983,17,999825033,174967,1924986467,1000,1000,1000,1000,1000,1000,1000
198000,27966470,1270647,3940000000,23640000000,20000,120000,9953095130098,2646270,4235692623,4834,3912033530,2000,10415,2899761,7824057392,2407412668,17592587332,18526511332,9724347879,275652121,3954494471,104677571475,12410714000,136172,7887814,2911366900,108642128800,6565803073,11804596873,5799880971,999991962,18735997800,8038,985549211,14450789,18720849,14183478,985816522,7733174622,1797103100,8351,1933302020,999999982,18,999832749,167251,1933293651,1000,1000,1000,1000,1000,1000,1000,104677444838,12410875800,160758,8064519,2911209800,108643251600,6595278315,11834122065,5800082953,999983937,18736278000,16063,985232569,14767431,18161032,14247579,985752421,7733443921,1796807700,123,1933361140,999999951,49,999827332,172668,1933360968,1000,1000,1000,1000,1000,1000,1000
199000,28036900,1266787,3960000000,23760000000,20000,120000,9952886058175,11987627,4267062453,4496,3931963100,2000,126951,2906818,7863917208,2407469002,17592530998,18526320798,9725432502,274567498,3977600510,104703157960,12469891800,231622,7744900,2919970700,109166893200,6598199031,11862393381,5825000272,999893370,18827482500,106630,985484864,14515136,18824694,14191622,985808378,7766666978,1806027000,8740,1941675600,999999846,154,999836394,163606,1941666706,1000,1000,1000,1000,1000,1000,1000,104703061721,12469953600,186899,7960787,2919715100,109167100000,6632013331,11896212881,5825159948,999979809,18827574600,20191,985470549,14529451,18467740,14245292,985754708,7766877108,1805722200,8652,1941734280,999991532,8468,999837340,162660,1941717160,1000,1000,1000,1000,1000,1000,1000
200000,28108110,1256498,3980000000,23880000000,20000,120000,9952695606937,2676498,4279749902,20227,3951891890,2000,2038,2867278,7903743326,2407492835,17592507165,18526162865,9726505562,273494438,4000711688,104728853865,12529005300,190801,7737275,2928292000,109691134600,6634296964,11923867214,5850096876,999892167,18918930000,107833,985563989,14436011,18971522,14202346,985797654,7800129154,1814944200,8500,1950040820,999999958,42,999832522,167478,1950032278,1000,1000,1000,1000,1000,1000,1000,104728767199,12529188600,154404,7945970,2928064900,109692324400,6665252550,11954874250,5850330527,999983350,18919217100,16650,985333951,14666049,18395201,14267074,985732926,7800438126,1814593000,8211,1950123540,999992270,7730,999837601,162399,1950107599,1000,1000,1000,1000,1000,1000,1000
201000,28178830,1274013,4000000000,24000000000,20000,120000,9952495952855,2592081,4301831553,2887,3971821170,2000,10586,2909406,7943636566,2407540536,17592459464,18525981664,9727486894,272513106,4023816960,104754470968,12588041500,161216,8177531,2936185400,110214619000,6669468540,11984377040,5875185843,999985487,19010298300,14513,985821815,14178185,19199828,14202185,985797815,7833581115,1823809200,8601,1958403900,999999973,27,999829228,170772,1958395272,1000,1000,1000,1000,1000,1000,1000,104754297496,12588326600,205286,8058746,2936484800,110216624400,6699340161,12014338361,5875502654,999990756,19010619600,9244,985438650,14561350,18562194,14168040,985831960,7834000860,1823497300,58,1958506300,999991964,8036,999831994,168006,1958498206,1000,1000,1000,1000,1000,1000,1000
202000,28249290,1255335,4020000000,24120000000,20000,120000,9952286841929,11968328,4333246231,4856,3991750710,2000,11451,2900095,7983491708,2407587257,17592412743,18525797243,9728549045,271450955,4046926853,104780192731,12647232100,136619,7925446,2944748400,110739502600,6705175785,12045490685,5900301617,999911538,19101821700,88462,985747388,14252612,19264750,14238433,985761567,7867068767,1832720300,8343,1966775660,999999833,167,999835150,164850,1966767150,1000,1000,1000,1000,1000,1000,1000,104779941702,12647508000,213018,8116458,2944817100,110741398400,6732843629,12073242529,5900644080,999984357,19102170300,15643,985384997,14615003,18587240,14168560,985831440,7867525440,1832393600,7740,1966889100,1000000000,0,999828840,171160,1966881360,1000,1000,1000,1000,1000,1000,1000
203000,28318620,1244240,4040000000,24240000000,20000,120000,9952096514112,2566387,4345970413,2501,4011681380,2000,1021,2909668,8023357758,2407650599,17592349401,18525605501,9729549992,270450008,4070044350,104805805442,12706400700,224234,7796490,2953245600,111264283000,6739199881,12104917481,5925406548,999899826,19193357700,100174,985727318,14272682,19320392,14326444,985673556,7900542056,1841601200,8768,1975144300,999999976,24,999829992,170008,1975135508,1000,1000,1000,1000,1000,1000,1000,104805579683,12706619600,179831,7872572,2953413000,111265529600,6768069108,12133837258,5925777839,999898932,19193504100,101068,985484970,14515030,18837038,14153699,985846301,7901037101,1841262200,125,1975259440,999999947,53,999824038,175962,1975259262,1000,1000,1000,1000,1000,1000,1000
204000,28389820,1253887,4060000000,24360000000,20000,120000,9951888637387,10704811,4376108688,2863,4031610180,2000,125518,2899143,8063214634,2407701098,17592298902,18525418702,9730649237,269350763,4093153971,104831407005,12765540200,171123,7904518,2961648600,111788516400,6772256816,12163346566,5950611031,999980810,19284731700,19190,985932486,14067514,19510976,14160845,985839155,7934145155,1850512800,57,1983542840,999991341,8659,999826576,173424,1983534124,1000,1000,1000,1000,1000,1000,1000,104831451807,12765872200,154059,8164271,2961247300,111791232400,6804056029,12195274029,5950831154,999983101,19285451400,16899,985162723,14837277,18500522,14361168,985638832,7934441532,1850197100,8282,1983618680,999999980,20,999825822,174178,1983610378,1000,1000,1000,1000,1000,1000,1000
205000,28461920,1250768,4080000000,24480000000,20000,120000,9951695772524,3761985,4391236050,22253,4051538080,2000,125990,2869811,8103031654,2407684909,17592315091,18525308991,9731649009,268350991,4116253263,104857051700,12824734100,217271,8049418,2969802700,112313462600,6808157037,12224656687,5975731364,999984683,19376379000,15317,985806240,14193760,19445657,14275693,985724307,7967641807,1859347000,62,1991910540,999999965,35,999824357,175643,1991910443,1000,1000,1000,1000,1000,1000,1000,104856982398,12824989000,218767,7717033,2970189600,112315330800,6837382005,12253966555,5975968981,999912259,19376675100,87741,985386914,14613086,18856655,14310174,985689826,7967958626,1859080400,8349,1991998040,999999954,46,999830255,169745,1991989645,1000,1000,1000,1000,1000,1000,1000
206000,28531500,1278722,4100000000,24600000000,20000,120000,9951495800527,4017121,4413620629,4583,4071468500,2000,11553,2906374,8142927834,2407754748,17592245252,18525106752,9732671186,267328814,4139368320,104882786172,12883918000,228465,7893448,2978204000,112838363200,6844452088,12286360038,6000802282,999903450,19467963300,96550,985675829,14324171,19462679,14406197,985593803,8001069703,1868237900,7740,2000275180,999999981,19,999834679,165321,2000267421,1000,1000,1000,1000,1000,1000,1000,104882701177,12884181100,168743,8268643,2977974200,112840192600,6870360287,12312349687,6001109880,999989628,19468380600,10372,985273068,14726932,18731640,14303860,985696140,8001479840,1867992800,8000,2000377960,1000000000,0,999832340,167660,2000369960,1000,1000,1000,1000,1000,1000,1000
207000,28600890,1268028,4120000000,24720000000,20000,120000,9951296034287,4049653,4435658060,2646,4091399110,2000,11627,2916979,8182792928,2407809540,17592190460,18524918060,9733785681,266214319,4162477109,104908573432,12943085900,156588,7684688,2986675300,113363142200,6877323314,12344633964,6025892280,999902385,19559506500,97615,985661025,14338975,19516040,14436460,985563540,8034523040,1877197200,9100,2008639860,1000000000,0,999833840,166160,2008630760,1000,1000,1000,1000,1000,1000,1000,104908391102,12943357700,135755,7620301,2986992500,113364931400,6906697881,12374086381,6026259685,999892105,19559752500,107895,985318924,14681076,18941819,14281934,985718066,8035010066,1876904300,57,2008758980,999991458,8542,999830319,169681,2008750381,1000,1000,1000,1000,1000,1000,1000
208000,28669850,1269389,4140000000,24840000000,20000,120000,9951088186864,12119249,4465710715,20253,4111330150,2000,11495,2870972,8222619794,2407816413,17592183587,18524772487,9734855428,265144572,4185575922,104934175792,13002231100,138688,7842568,2995043400,113887508600,6913197018,12405887418,6051067340,999989642,19650936600,10358,985815802,14184198,19657960,14283820,985716180,8068089780,1886156900,8640,2017031100,999999980,20,999827860,172140,2017022440,1000,1000,1000,1000,1000,1000,1000,104933892800,13002413800,182160,7779298,2995311200,113888421200,6940107098,12432831698,6051383658,999893425,19650979500,106575,985613945,14386055,19299820,14233462,985766538,8068508738,1885742400,8302,2017141800,999991582,8418,999839520,160480,2017125080,1000,1000,1000,1000,1000,1000,1000
209000,28740960,1244279,4160000000,24960000000,20000,120000,9950888693574,11888646,4487598734,20227,4131259040,2000,1882,2877662,8262477626,2407875720,17592124280,18524571680,9735828278,264171722,4208660704,104959812139,13061485100,177638,8130552,3003171700,114412911000,6947534593,12465655893,6076253873,999987235,19742676300,12765,985573794,14426206,19484859,14293486,985706514,8101671814,1895034800,109,2025418100,999999950,50,999824559,175441,2025417941,1000,1000,1000,1000,1000,1000,1000,104959446752,13061586100,239956,8078898,3003465200,114413163400,6974973496,12493097946,6076563218,999987634,19742577000,12366,985602270,14397730,19268936,14217018,985782982,8102084282,1894610400,70,2025521160,999999974,26,999816136,183864,2025521064,1000,1000,1000,1000,1000,1000,1000
210000,28809360,1271501,4180000000,25080000000,20000,120000,9950696941075,3955449,4501827120,4548,4151190640,2000,10385,2907187,8302372184,2407974924,17592025076,18524334476,9736799553,263200447,4231764037,104985297974,13120472300,212766,8206261,3011628000,114935791000,6981540009,12524967909,6101361395,999989681,19833730800,10319,986049761,13950239,20027980,14175985,985824015,8135143415,1903919900,125,2033797480,999984665,15335,999834480,165520,2033782020,1000,1000,1000,1000,1000,1000,1000,104985260702,13120874400,200444,7800293,3011963600,114938912800,7010177455,12553750205,6101693651,999898536,19834311900,101464,985297018,14702982,19121182,14340031,985659969,8135588769,1903487800,65,2033903480,999991703,8297,999833782,166218,2033895118,1000,1000,1000,1000,1000,1000,1000
211000,28877980,1255194,4200000000,25200000000,20000,120000,9950497172279,3977674,4523936333,22450,4171122020,2000,125488,2871719,8342199140,2408024253,17591975747,18524158447,9737769901,262230099,4254856841,105011043567,13179708200,151263,8032543,3020007000,115461034800,7015155540,12584006690,6126517210,999981872,19925372700,18128,985910782,14089218,19959410,14290000,985710000,8168686700,1912719700,50,2042178280,999991260,8740,999836410,163590,2042169490,1000,1000,1000,1000,1000,1000,1000,105010889640,13180059800,226560,8109032,3020096200,115463662800,7045641178,12614612628,6126843972,999987747,19925893800,12253,985321247,14678753,19120300,14313628,985686372,8169119872,1912392500,128,2042292300,999983728,16272,999841000,159000,2042275900,1000,1000,1000,1000,1000,1000,1000
212000,28946420,1252477,4220000000,25320000000,20000,120000,9950297773464,3657918,4545726099,20250,4191053580,2000,12521,2873821,8382066660,2408092882,17591907118,18523959318,9738762619,261237381,4277956979,105036695736,13238945500,219924,7846772,3028592100,115986340600,7050496222,12644774322,6151659608,999899450,20016987600,100550,985729270,14270730,19927520,14346412,985653588,8202206788,1921613700,112,2050565360,999981932,18068,999842120,157880,2050547180,1000,1000,1000,1000,1000,1000,1000,105036504050,13239197600,188223,7902383,3028689200,115988015200,7079609430,12673960680,6152011251,999990704,20017277100,9296,985440095,14559905,19299491,14267140,985732860,8202681660,1921258600,67,2050670500,999999976,24,999824691,175309,2050670409,1000,1000,1000,1000,1000,1000,1000
213000,29014660,1254559,4240000000,25440000000,20000,120000,9950091355329,10340156,4574571123,20463,4210985340,2000,905,2877113,8421929754,2408154685,17591845315,18523772515,9739679727,260320273,4301033581,105062334105,13298113700,207735,7754272,3037063200,116510982600,7087148612,12706820812,6176820517,999899063,20108469900,100937,985754543,14245457,20019580,14341863,985658137,8235755037,1930478200,123,2058951600,999983043,16957,999834780,165220,2058934520,1000,1000,1000,1000,1000,1000,1000,105062101191,13298375700,202515,8055009,3036965000,116512589000,7112183874,12731923724,6177177036,999989083,20108760000,10917,985469385,14530615,19389002,14249966,985750034,8236236034,1930097700,8420,2059067460,999999958,42,999837002,162998,2059058998,1000,1000,1000,1000,1000,1000,1000
214000,29084470,1244193,4260000000,25560000000,20000,120000,9949889899773,12101384,4598516662,2910,4230915530,2000,1944,2913338,8461825240,2408248757,17591751243,18523545243,9740619402,259380598,4324121342,105088038664,13357407400,204436,7694478,3045505400,117036726800,7118711614,12763831114,6202005102,999901872,20200206300,98128,985516572,14483428,19847200,14353498,985646502,8269337402,1939379700,8438,2067348940,999991798,8202,999836100,163900,2067332300,1000,1000,1000,1000,1000,1000,1000,105087885255,13357585100,165833,7689776,3045514200,117037759000,7149760949,12794922749,6202290519,999888938,20200377000,111062,985281734,14718266,19366296,14403477,985596523,8269715023,1938943600,109,2067441620,999982993,17007,999836996,163004,2067424504,1000,1000,1000,1000,1000,1000,1000
215000,29153590,1270556,4280000000,25680000000,20000,120000,9949690419039,11828938,4620428968,2623,4250846410,2000,128317,2917056,8501687574,2408286277,17591713723,18523371023,9741523944,258476056,4347206918,105113663043,13416517000,139914,7795552,3053790700,117560791600,7151715503,12822200353,6227176037,999889861,20291591700,110139,985621780,14378220,20036019,14284582,985715418,8302898618,1948239200,45,2075730920,999991706,8294,999824719,175281,2075722581,1000,1000,1000,1000,1000,1000,1000,105113476147,13416743300,142999,8034413,3053565700,117562208200,7185855674,12856400774,6227472116,999983145,20291898300,16855,985352927,14647073,19408382,14375566,985624434,8303296134,1947765400,8600,2075832680,999999938,62,999829082,170918,2075824018,1000,1000,1000,1000,1000,1000,1000
216000,29221950,1260159,4300000000,25800000000,20000,120000,9949498622868,3894053,4634755433,2516,4270778050,2000,11387,2908112,8541551068,2408351221,17591648779,18523176579,9742325048,257674952,4370278316,105139101500,13475660000,229927,8353848,3061810100,118084960800,7187816807,12883669357,6252382930,999992016,20383026900,7984,985784725,14215275,20161909,14199179,985800821,8336507821,1957043200,52,2084133200,999991743,8257,999830009,169991,2084124891,1000,1000,1000,1000,1000,1000,1000,105138919601,13475802200,161267,7881114,3062271800,118085589200,7219185047,12915059097,6252676863,999992701,20382975000,7299,985784757,14215243,19895056,14239793,985760207,8336899607,1956554600,65,2084231440,999991369,8631,999831356,168644,2084222744,1000,1000,1000,1000,1000,1000,1000
217000,29289650,1273177,4320000000,25920000000,20000,120000,9949300356152,2386960,4655420163,22329,4290710350,2000,2103,2880261,8581376042,2408361412,17591638588,18523026988,9743218719,256781281,4393371661,105164775043,13534805700,177952,7787177,3070673800,118609357800,7226302610,12947536760,6277524950,999890601,20474346000,109399,985873966,14126034,20424165,14231115,985768885,8370030385,1965869400,60,2092514140,999991355,8645,999831965,168035,2092505435,1000,1000,1000,1000,1000,1000,1000,105164569752,13534906400,133837,8063991,3070366700,118609656800,7249947710,12971187960,6277795137,999983226,20474420100,16774,985853989,14146011,20041563,14313126,985686874,8370387774,1965353700,117,2092609980,999982774,17226,999833263,166737,2092592637,1000,1000,1000,1000,1000,1000,1000
218000,29358720,1252398,4340000000,26040000000,20000,120000,9949099468742,3566953,4678895659,2652,4310641280,2000,1101,2915150,8621277256,2408443295,17591556705,18522812805,9744041670,255958330,4416455226,105190525049,13594020600,146254,8050875,3078633800,119134482800,7261373724,13008026324,6302652242,999990312,20566080000,9688,985761313,14238687,20278301,14357359,985642641,8403530541,1974701900,136,2100895780,999982655,17345,999837101,162899,2100878299,1000,1000,1000,1000,1000,1000,1000,105190151319,13594110700,143927,7600251,3079266500,119134441400,7284081427,13030720177,6302999806,999903739,20565790200,96261,985897421,14102579,20230282,14288276,985711724,8403994224,1974161800,130,2101011100,999983448,16552,999838782,161218,2100994418,1000,1000,1000,1000,1000,1000,1000
219000,29425500,1253100,4360000000,26160000000,20000,120000,9948899479076,3806830,4701294253,2635,4330574500,2000,11244,2915793,8661143730,2408483406,17591516594,18522642294,9744975247,255024753,4439546877,105216269862,13653405500,182267,7883696,3087082300,119661153400,7295313058,13067459458,6327841832,999986145,20658050100,13855,985279688,14720312,19863843,14505511,985494489,8437122389,1983552200,8522,2109289240,999999839,161,999832143,167857,2109280557,1000,1000,1000,1000,1000,1000,1000,105215843698,13653373700,172338,7646470,3087524900,119660052200,7319194648,13091276198,6328157124,999906313,20657571600,93687,985625325,14374675,20023012,14392788,985607212,8437539812,1983019900,72,2109391820,999990940,9060,999827912,172088,2109382688,1000,1000,1000,1000,1000,1000,1000
220000,29494420,1271030,4380000000,26280000000,20000,120000,9948693115287,10357927,4729914908,22225,4350505580,2000,1019,2875771,8700966710,2408462814,17591537186,18522532086,9745961209,254038791,4462642419,105241944536,13712575900,184255,8005363,3095340400,120185831800,7330924628,13128467128,6352973945,999981947,20749597500,18053,985250644,14749356,19906097,14507752,985492248,8470626348,1992460000,121,2117669260,999983264,16736,999838497,161503,2117652403,1000,1000,1000,1000,1000,1000,1000,105241500276,13712553000,144935,7978064,3095494900,120184755600,7352782723,13150260823,6353312006,999987905,20749185300,12095,985602942,14397058,19982737,14451231,985548769,8471082669,1991825500,8580,2117779260,999999983,17,999826137,173863,2117770663,1000,1000,1000,1000,1000,1000,1000
221000,29563170,1265700,4400000000,26400000000,20000,120000,9948493379389,10353289,4752063678,22536,4370436830,2000,126606,2875701,8740828588,2408510878,17591489122,18522351822,9746882679,253117321,4485717367,105267572119,13771799400,224042,8204611,3103526000,120711028400,7363935491,13186899841,6378141916,999993360,20841290700,6640,985074847,14925153,19780187,14546371,985453629,8504186429,2001325200,50,2126052940,999991623,8377,999826187,173813,2126044513,1000,1000,1000,1000,1000,1000,1000,105266995303,13771718900,194345,7688984,3104350100,120709125000,7388852403,13211707853,6378522275,999892780,20840456700,107220,985723496,14276504,20269316,14337841,985662159,8504696359,2000668700,8473,2126182580,999999977,23,999833916,166084,2126174084,1000,1000,1000,1000,1000,1000,1000
222000,29628630,1240150,4420000000,26520000000,20000,120000,9948292287429,11740164,4775660884,4812,4390371370,2000,2075,2915504,8780733116,2408597993,17591402007,18522131407,9747801736,252198264,4508806952,105293194004,13830982800,187418,7604751,3112576700,121235682400,7397077729,13245435029,6403334227,999893588,20932604700,106412,985154962,14845038,20028274,14450847,985549153,8537778953,2010216600,105,2134444880,999999951,49,999823474,176526,2134444726,1000,1000,1000,1000,1000,1000,1000,105292691453,13830946800,216711,7627681,3112715700,121234339200,7425044896,13273322746,6403664678,999892834,20932103400,107166,985599522,14400478,20210388,14439110,985560890,8538214190,2009511300,126,2134565780,999983858,16142,999841588,158412,2134549512,1000,1000,1000,1000,1000,1000,1000
223000,29695270,1249785,4440000000,26640000000,20000,120000,9948100475005,3781294,4789770129,20309,4410304730,2000,965,2880293,8820568842,2408609899,17591390101,18521981101,9748775667,251224333,4531884209,105318720978,13890077400,225170,7979187,3120708600,121759563600,7429922718,13303635768,6428480993,999898548,21023977200,101452,985297264,14702736,20234216,14364523,985635477,8571307977,2019102300,115,2142827140,999999959,41,999824316,175684,2142826984,1000,1000,1000,1000,1000,1000,1000,105318329084,13890209000,176671,8029954,3120744000,121759705200,7461408032,13335113482,6428906168,999982755,21023837100,17245,985427640,14572360,20018385,14379917,985620083,8571874883,2018358000,8462,2142977200,999999977,23,999829385,170615,2142968715,1000,1000,1000,1000,1000,1000,1000
224000,29762580,1271958,4460000000,26760000000,20000,120000,9947894193341,10354856,4818554109,20287,4430237420,2000,1089,2882887,8860434266,2408682197,17591317803,18521766703,9749646393,250353607,4554962759,105344357411,13949238700,214850,7588986,3129476400,122284020600,7463114357,13362210807,6453638863,999899609,21115317900,100391,985464596,14535404,20472687,14374024,985625976,8604846076,2027927000,123,2151224560,999982776,17224,999838587,161413,2151207213,1000,1000,1000,1000,1000,1000,1000,105344097592,13949485200,168990,8215103,3128787300,122285411200,7497363596,13396516146,6454056947,999979997,21115689000,20003,985088391,14911609,19751794,14530647,985469353,8605403453,2027190900,125,2151364060,999982571,17429,999833594,166406,2151346506,1000,1000,1000,1000,1000,1000,1000
225000,29829510,1262655,4480000000,26880000000,20000,120000,9947694489134,10341462,4840792203,20413,4450170490,2000,114265,2878487,8900300154,2408751196,17591248804,18521562504,9750450813,249549187,4578023067,105369985298,14008514700,198434,7797920,3137649800,122809552600,7498226176,13422758876,6478882710,999990498,21207062100,9502,985280442,14719558,20268944,14378434,985621566,8638510266,2036727400,122,2159627720,999999958,42,999821744,178256,2159627556,1000,1000,1000,1000,1000,1000,1000,105369556586,14008694200,229789,7842395,3137740700,122810170000,7531315354,13455864204,6479312351,999899677,21207025500,100323,985144402,14855598,19952025,14417574,985582426,8639083126,2036000500,79,2159770880,999999974,26,999825725,174275,2159770775,1000,1000,1000,1000,1000,1000,1000
226000,29897010,1266165,4500000000,27000000000,20000,120000,9947503057541,2052543,4854683772,20476,4470102990,2000,2048,2882901,8940165028,2408814084,17591185916,18521357416,9751355139,248644861,4601103467,105395680371,14067717300,201429,8009231,3145717900,123334505000,7533992960,13483934860,6504003022,999983105,21298716600,16895,985132605,14867395,20202100,14483978,985516022,8672004022,2045562300,8658,2168009680,999999978,22,999832500,167500,2168001000,1000,1000,1000,1000,1000,1000,1000,105395251562,14067897200,178648,7421017,3146498800,123335080800,7564841527,13514796927,6504481659,999907284,21298487700,92716,985195954,14804046,20064570,14427811,985572189,8672642189,2044854400,8381,2168168980,999999931,69,999825870,174130,2168160530,1000,1000,1000,1000,1000,1000,1000
227000,29964130,1253418,4520000000,27120000000,20000,120000,9947293440769,11972656,4886952196,2763,4490035870,2000,125199,2918726,8980066214,2408907825,17591092175,18521132675,9752113734,247886266,4624174548,105421186701,14126745700,156517,8059558,3154145400,123857637000,7568820846,13544079946,6529176007,999990642,21389812200,9358,985551448,14448552,20673606,14351599,985648401,8705568001,2054371100,8021,2176400040,999999975,25,999835506,164494,2176391994,1000,1000,1000,1000,1000,1000,1000,105420725451,14127064300,228420,7825838,3154622900,123859497400,7599205887,13574541437,6529718275,999899619,21389959800,100381,985196476,14803524,20143557,14352582,985647418,8706291018,2053634300,111,2176572900,999999954,46,999820457,179543,2176572743,1000,1000,1000,1000,1000,1000,1000
228000,30030490,1260623,4540000000,27240000000,20000,120000,9947103597626,2065783,4899326581,2579,4509969510,2000,126381,2923436,9019933862,2408937509,17591062491,18520961791,9752915724,247084276,4647253086,105446677677,14185881200,196614,7714376,3162970700,124381888800,7605348645,13605981545,6554392579,999899092,21481096800,100908,985658289,14341711,20944197,14309218,985690782,8739190082,2063151100,107,2184797680,999999930,70,999817897,182103,2184797503,1000,1000,1000,1000,1000,1000,1000,105446374710,14186215300,211201,7799827,3162959300,124383942600,7631911951,13632631451,6554854203,999902381,21481422300,97619,985249318,14750682,20262637,14411734,985588266,8739805566,2062445400,8183,2184959660,999999886,114,999824937,175063,2184951363,1000,1000,1000,1000,1000,1000,1000
229000,30097150,1245835,4560000000,27360000000,20000,120000,9946902219764,3679535,4923230677,20209,4529902850,2000,2036,2882460,9059765282,2408966899,17591033101,18520796101,9753641220,246358780,4670309902,105472214096,14245044900,161483,8029821,3171079000,124906184200,7641309843,13667315743,6579637291,999893108,21572525700,106892,985706601,14293399,21065693,14265202,985734798,8772849698,2071863800,63,2193212540,999999930,70,999820693,179307,2193212407,1000,1000,1000,1000,1000,1000,1000,105472039126,14245510400,235340,8049633,3171039800,124909639200,7665272736,13691436386,6580053835,999988590,21573225000,11410,985028312,14971688,20024522,14506287,985493713,8773405113,2071232800,9101,2193360380,999999999,1,999831822,168178,2193351278,1000,1000,1000,1000,1000,1000,1000
230000,30164150,1274531,4580000000,27480000000,20000,120000,9946702796002,3393611,4945306337,2850,4549835850,2000,2115,2920426,9099666000,2409046113,17590953887,18520577187,9754387854,245612146,4693380154,105497871310,14304249800,143302,8054650,3179354800,125431015600,7679144296,13730551546,6604800912,999983644,21664070100,16356,985760448,14239552,21098204,14342592,985657408,8806401208,2080635400,8420,2201608740,999999976,24,999835004,164996,2201600296,1000,1000,1000,1000,1000,1000,1000,105497487062,14304485700,177426,7600740,3180034200,125432233800,7696717908,13748171808,6605244330,999893052,21664041900,106948,985612348,14387652,20774596,14299166,985700834,8806992434,2080038300,8558,2201756680,999999982,18,999829796,170204,2201748104,1000,1000,1000,1000,1000,1000,1000
231000,30231440,1252517,4600000000,27600000000,20000,120000,9946495892287,10552046,4974826342,2688,4569768560,2000,114159,2914352,9139531744,2409086733,17590913267,18520393967,9755097308,244902692,4716457252,105523362765,14363439600,202507,7926174,3187945000,125955712000,7712731757,13789533807,6630039871,999898899,21755505600,101101,985720823,14279177,21212724,14344753,985655247,8840053147,2089370700,101,2210013420,999999957,43,999822224,177776,2210013276,1000,1000,1000,1000,1000,1000,1000,105523087659,14363654100,192638,7769221,3188191700,125956845000,7732253467,13809099517,6630412962,999902912,21755587800,97088,985579111,14420889,20804699,14378437,985621563,8840550563,2088801100,8960,2210146720,999999841,159,999824399,175601,2210137601,1000,1000,1000,1000,1000,1000,1000
232000,30297860,1261318,4620000000,27720000000,20000,120000,9946296388821,10321919,4996929604,2835,4589702140,2000,2026,2918375,9179398610,2409140640,17590859360,18520202160,9755834925,244165075,4739524235,105549185613,14422846000,163875,8245919,3195819200,126482540800,7749238936,13851541986,6655257660,999981740,21847647000,18260,985148936,14851064,20627996,14518136,985481864,8873676864,2098171200,128,2218419380,999999952,48,999820696,179304,2218419204,1000,1000,1000,1000,1000,1000,1000,105548574977,14422750900,210003,7983102,3196411500,126480650600,7764997870,13867194670,6655609639,999982757,21846900600,17243,985842117,14157883,21055760,14352021,985647979,8874146179,2097538100,61,2218536620,999999981,19,999820760,179240,2218536540,1000,1000,1000,1000,1000,1000,1000
233000,30362980,1251641,4640000000,27840000000,20000,120000,9946095259535,11662396,5020466728,22484,4609637020,2000,2130,2880060,9219229072,2409130931,17590869069,18520062569,9756677720,243322280,4762601992,105574806878,14482063200,219971,8062878,3204403100,127007557600,7783541282,13911255732,6680403070,999985296,21939172200,14704,985131879,14868121,20686683,14563113,985436887,8907204087,2107027400,8084,2226809120,999999981,19,999833283,166717,2226801017,1000,1000,1000,1000,1000,1000,1000,105574202358,14481893200,138345,7810041,3204898400,127004812000,7799926397,13927490497,6680788497,999898685,21938217000,101315,985941386,14058614,21309101,14367804,985632196,8907717996,2106277400,8401,2226937900,1000000000,0,999835501,164499,2226929499,1000,1000,1000,1000,1000,1000,1000
234000,30428790,1272152,4660000000,27960000000,20000,120000,9945903585849,3613747,5034749273,20288,4629571210,2000,115492,2881482,9259101844,2409191696,17590808304,18519857804,9757412738,242587262,4785666782,105600433885,14541246500,180196,8167581,3212690500,127532163400,7816554644,13969659044,6705604512,999985018,22030655700,14982,985143845,14856155,20769627,14537915,985462085,8940803085,2115830100,8434,2235215800,999991207,8793,999839127,160873,2235198573,1000,1000,1000,1000,1000,1000,1000,105599725246,14541089900,237022,8008768,3213115900,127529591800,7835990062,13988953312,6705973522,999981101,22029769200,18899,985969157,14030843,21327756,14450134,985549866,8941295266,2115017700,7746,2235337780,999991710,8290,999841656,158344,2235321744,1000,1000,1000,1000,1000,1000,1000
235000,30493340,1251247,4680000000,28080000000,20000,120000,9945695797298,11684124,5065114907,20249,4649506660,2000,1025,2883361,9298972822,2409267022,17590732978,18519649178,9758203119,241796881,4808750541,105625956574,14600361000,157569,7688636,3221641400,128056092400,7851437480,14029898130,6730816208,999889067,22121806200,110933,985392048,14607952,21179081,14446673,985553327,8974418927,2124616000,8370,2243619140,999991949,8051,999836981,163019,2243602719,1000,1000,1000,1000,1000,1000,1000,105625442336,14600311500,194109,7560644,3221781600,128054767800,7870465548,14048849598,6731132770,999910228,22121336100,89772,985836943,14163057,21334415,14571645,985428355,8974843655,2123809400,8780,2243719780,999999885,115,999832515,167485,2243710885,1000,1000,1000,1000,1000,1000,1000
236000,30557020,1288153,4700000000,28200000000,20000,120000,9945497238791,10490283,5086321778,22251,4669442980,2000,10666,2874537,9338841458,2409301574,17590698426,18519477426,9758864963,241135037,4831821921,105651238333,14659341500,182311,7859676,3230099600,128578663000,7886822463,14090571213,6756077893,999904755,22212737700,95245,985943703,14056297,21784948,14249155,985750845,9008103845,2133300500,131,2252026120,999999963,37,999818048,181952,2252025952,1000,1000,1000,1000,1000,1000,1000,105651042462,14659512700,200434,8194878,3229516900,128579607000,7904343618,14108129968,6756330896,999992540,22213026300,7460,985725872,14274128,21208332,14607536,985392464,9008441164,2132584000,8520,2252118880,999999908,92,999829732,170268,2252110268,1000,1000,1000,1000,1000,1000,1000
237000,30622620,1243636,4720000000,28320000000,20000,120000,9945297535926,10495932,5108668378,4854,4689377380,2000,11519,2907794,9378745052,2409394158,17590605842,18519251642,9759621826,240378174,4854886478,105676929741,14718664400,166331,7650618,3238596700,129104584000,7923425305,14152628755,6781311871,999911304,22304482800,88696,985688328,14311672,21591024,14356453,985643547,9041749147,2142043800,121,2260437440,999999957,43,999820224,179776,2260437276,1000,1000,1000,1000,1000,1000,1000,105676708818,14718773400,215032,7824786,3238258200,129105046000,7936897390,14166116090,6781514564,999910840,22304616600,89160,985554590,14445410,21183950,14645386,985354614,9042019414,2141436600,8476,2260513340,999999986,14,999831150,168850,2260504850,1000,1000,1000,1000,1000,1000,1000
238000,30688120,1239035,4740000000,28440000000,20000,120000,9945097781107,10520098,5131097946,2804,4709311880,2000,11276,2917896,9418618152,2409457505,17590542495,18519050795,9760279884,239720116,4877939836,105702475721,14777840200,230519,8189179,3246417000,129629185200,7958672652,14213266702,6806482940,999981727,22396094700,18273,985657307,14342693,21554480,14460240,985539760,9075310560,2150765200,8200,2268835900,999999920,80,999824480,175520,2268827620,1000,1000,1000,1000,1000,1000,1000,105702310944,14777956900,177829,7583187,3246886600,129629601000,7970877537,14225482987,6806731629,999888691,22395991800,111309,985647582,14352418,21371691,14632562,985367438,9075639338,2150193000,8309,2268924520,999991498,8502,999838291,161709,2268907709,1000,1000,1000,1000,1000,1000,1000
239000,30752630,1271409,4760000000,28560000000,20000,120000,9944898297115,10252391,5153052457,2843,4729247370,2000,126396,2915912,9458489054,2409499006,17590500994,18518873594,9761125728,238874272,4901009882,105728115015,14837072900,212625,8180885,3254757300,130154224200,7992654649,14272659549,6831683180,999985324,22487661300,14676,985591404,14408596,21554080,14511000,985489000,9108910900,2159524800,8820,2277236560,999999980,20,999835380,164620,2277227720,1000,1000,1000,1000,1000,1000,1000,105728038304,14837338000,173869,8132931,3254710200,130156204000,8005847146,14285942646,6831979853,999982972,22488094500,17028,985116263,14883737,20812691,14657438,985342562,9109306462,2159080100,65,2277326700,999999974,26,999820391,179609,2277326609,1000,1000,1000,1000,1000,1000,1000
240000,30816130,1266706,4780000000,28680000000,20000,120000,9944697142264,11648750,5176642830,20193,4749183870,2000,1012,2890926,9498327354,2409538014,17590461986,18518702186,9761970334,238029666,4924073488,105753754068,14896328900,204955,7997133,3263312300,130679630600,8030392201,14335828001,6856913639,999981940,22579291500,18060,985445881,14554119,21479141,14533502,985466498,9142551498,2168329300,59,2285637980,999999938,62,999819441,180559,2285637859,1000,1000,1000,1000,1000,1000,1000,105753758818,14896619400,164385,7838342,3263286900,130681824400,8037367681,14342904281,6857150998,999898520,22579765500,101480,984869721,15130279,20715801,14764103,985235897,9142867997,2167894900,7960,2285724960,999999999,1,999829201,170799,2285716999,1000,1000,1000,1000,1000,1000,1000
241000,30880580,1293741,4800000000,28800000000,20000,120000,9944498813861,10290204,5197557867,4637,4769119420,2000,998,2918197,9538229566,2409648365,17590351635,18518460535,9762802163,237197837,4947151629,105779241810,14955398700,225228,7625749,3272198300,131203091000,8065104194,14395872544,6882087527,999912003,22670337000,87997,985841749,14158251,22012146,14441719,985558281,9176111081,2177121900,121,2294040540,999983135,16865,999838446,161554,2294023554,1000,1000,1000,1000,1000,1000,1000,105779353709,14955750600,154739,7604172,3271977100,131206006000,8071926167,14402832717,6882322849,999898633,22671060300,101367,985090449,14909551,21000516,14692667,985307333,9176424733,2176758200,119,2294119200,999982803,17197,999835616,164384,2294101884,1000,1000,1000,1000,1000,1000,1000
242000,30946910,1281841,4820000000,28920000000,20000,120000,9944307451565,1906403,5211506828,4617,4789053090,2000,2086,2919579,9578096946,2409695568,17590304432,18518277532,9763529181,236470819,4970210027,105804966523,15014726100,161043,7643475,3280409000,131729103400,8099250228,14455478428,6907337734,999888103,22762184700,111897,985448625,14551375,21709422,14559788,985440212,9209781012,2185845900,42,2302451220,999992100,7900,999826422,173578,2302443278,1000,1000,1000,1000,1000,1000,1000,105805000570,15014982100,148120,8052845,3279887100,131731123400,8106915195,14463237645,6907514135,999991122,22762771500,8878,984969652,15030348,20856530,14724295,985275705,9210013205,2185570200,125,2302516120,999983075,16925,999838130,161870,2302499070,1000,1000,1000,1000,1000,1000,1000
243000,31011810,1257683,4840000000,29040000000,20000,120000,9944106092049,3475556,5235281699,22360,4808988190,2000,955,2888783,9617931660,2409695905,17590304095,18518143195,9764348037,235651963,4993265397,105830580301,15073983800,154929,7807295,3288618000,132254423600,8133818571,14515472071,6932572796,999891516,22853861700,108484,985258526,14741474,21578710,14587314,985412686,9243430386,2194612500,64,2310857680,999999974,26,999819210,180790,2310857590,1000,1000,1000,1000,1000,1000,1000,105830410921,15074061500,177691,7998410,3288573000,132254695000,8141608541,14523269291,6932742323,999982886,22853897700,17114,985315890,14684110,21282204,14526081,985473919,9243653619,2194401800,69,2310919800,999991565,8435,999828704,171296,2310911296,1000,1000,1000,1000,1000,1000,1000
244000,31076580,1269682,4860000000,29160000000,20000,120000,9943899332452,10502033,5264660458,20448,4828923420,2000,126951,2892381,9657805944,2409757085,17590242915,18517944915,9765059219,234940781,5016325263,105856139311,15133195800,177992,8038864,3296867600,132779296400,8168133103,14575189653,6957796853,999987005,22945416600,12995,985287506,14712494,21584001,14537248,985462752,9277062452,2203430700,65,2319265720,999999944,56,999817101,182899,2319265599,1000,1000,1000,1000,1000,1000,1000,105855912702,15133181100,182009,7869971,3297109200,132778651800,8176395614,14583413714,6957942519,999898431,22945154700,101569,985469468,14530532,21585537,14525418,985474582,9277256682,2203109200,8387,2319322580,999999970,30,999830737,169263,2319314163,1000,1000,1000,1000,1000,1000,1000
245000,31138940,1276619,4880000000,29280000000,20000,120000,9943708035738,2096955,5278705177,4867,4848861060,2000,127641,2924736,9697712386,2409840693,17590159307,18517716407,9765706204,234293796,5039389690,105881666481,15192303800,145418,7878744,3305436200,133303140400,8202832898,14635241198,6983005719,999981470,23036637300,18530,985548103,14451897,21925933,14499114,985500886,9310674286,2212156000,55,2327668640,999999982,18,999818633,181367,2327668567,1000,1000,1000,1000,1000,1000,1000,105881413222,15192289100,160550,8354501,3305111500,133302444600,8210987892,14643354542,6983160555,999991850,23036494800,8150,985712374,14287626,21804124,14423869,985576131,9310880731,2211872900,9117,2327729320,999999973,27,999835624,164376,2327720176,1000,1000,1000,1000,1000,1000,1000
246000,31202810,1244285,4900000000,29400000000,20000,120000,9943498596088,11808424,5310868086,2632,4868797190,2000,10225,2916246,9737589116,2409904512,17590095488,18517513488,9766297554,233702446,5062440970,105907167516,15251474200,208527,8146537,3313652000,133827523600,8237605654,14695391604,7008213711,999979734,23128065000,20266,985615115,14384885,22067181,14492570,985507430,9344279330,2220897700,107,2336082580,999983146,16854,999836681,163319,2336065619,1000,1000,1000,1000,1000,1000,1000,105906965470,15251531900,147442,8178514,3313676000,133827539800,8245574136,14703353886,7008447656,999990061,23128011300,9939,985663565,14336435,21823704,14442248,985557752,9344596852,2220548000,56,2336149320,999999932,68,999823204,176796,2336149196,1000,1000,1000,1000,1000,1000,1000
247000,31265480,1276003,4920000000,29520000000,20000,120000,9943298864435,11807920,5333315651,2608,4888734520,2000,1887,2918407,9777463824,2409956655,17590043345,18517314445,9766886833,233113167,5085476157,105932728463,15310742000,223457,8208219,3321984600,134352814400,8270980088,14754188238,7033482402,999991144,23219678100,8856,985476984,14523016,21996640,14536238,985463762,9377970862,2229583500,118,2344505600,999982978,17022,999837240,162760,2344488460,1000,1000,1000,1000,1000,1000,1000,105932571411,15310796200,147828,7580684,3322654600,134352862000,8281329522,14764533872,7033690509,999893044,23219483100,106956,985578357,14421643,21903413,14476204,985523796,9378253996,2229291000,125,2344563660,999999952,48,999824013,175987,2344563487,1000,1000,1000,1000,1000,1000,1000
248000,31328170,1259241,4940000000,29640000000,20000,120000,9943099335092,11554496,5355418073,20268,4908671830,2000,125255,2890453,9817303124,2409962788,17590037212,18517170512,9767562787,232437213,5108535911,105958411372,15370010100,202971,7917514,3330518300,134878287400,8303133672,14811775372,7058678404,999981998,23311320300,18002,985318279,14681721,21917381,14673977,985326023,9411568423,2238314300,8454,2352906820,999991653,8347,999836681,163319,2352890019,1000,1000,1000,1000,1000,1000,1000,105958111723,15369954900,171127,7783290,3330842000,134877237000,8318257182,14826840132,7058884073,999898994,23310937200,101006,985627044,14372956,22013650,14515777,985484223,9411845423,2238015700,8567,2352969940,999999977,23,999827650,172350,2352961350,1000,1000,1000,1000,1000,1000,1000
249000,31392310,1250150,4960000000,29760000000,20000,120000,9942899585847,11585955,5377848548,4864,4928607690,2000,124633,2912941,9857205652,2410033902,17589966098,18516962298,9768243539,231756461,5131593191,105983901024,15429200000,207973,7616079,3339372300,135402857600,8336565867,14870594467,7083957965,999903020,23402634600,96980,985391619,14608381,22139099,14544834,985455166,9445274366,2247095200,77,2361325240,999991238,8762,999826399,173601,2361316401,1000,1000,1000,1000,1000,1000,1000,105983788833,15429291900,215499,8043327,3338862400,135403371800,8353981500,14888030750,7084095192,999983204,23402868300,16796,985272348,14727652,21642444,14684052,985315948,9445460248,2246760800,9200,2361374280,999999976,24,999828344,171656,2361365056,1000,1000,1000,1000,1000,1000,1000
250000,31455630,1271340,4980000000,29880000000,20000,120000,9942709316049,2046185,5390587884,20409,4948544370,2000,126765,2890577,9897047922,2410012834,17589987166,18516841966,9768990423,231009577,5154641545,106009497810,15488372300,189468,7992858,3347345200,135927375000,8371425076,14930839476,7109142536,999990292,23494179000,9708,985431818,14568182,22159626,14574390,985425610,9478856710,2255854200,8792,2369722980,999999986,14,999829326,170674,2369714174,1000,1000,1000,1000,1000,1000,1000,106009315499,15488508100,223177,8138270,3347293200,135928138600,8388317269,14947762419,7109361165,999991224,23494323900,8776,985299016,14700984,21734892,14584527,985415473,9479145373,2255542600,71,2369792820,999991459,8541,999833592,166408,2369784208,1000,1000,1000,1000,1000,1000,1000
251000,31519770,1236686,5000000000,30000000000,20000,120000,9942500115626,11537111,5422524308,4753,4968480230,2000,1176,2923743,9936950954,2410089137,17589910863,18516621163,9769639937,230360063,5177703391,106035045711,15547621000,193579,7941542,3355848600,136452507600,8404390771,14989219871,7134419953,999990819,23585716200,9181,985360449,14639551,22161230,14543577,985456423,9512559923,2264591900,127,2378140140,999999957,43,999822830,177170,2378139970,1000,1000,1000,1000,1000,1000,1000,106034935275,15547695700,227192,7921764,3355806100,136452900200,8424697967,15009542267,7134527181,999892352,23585810700,107648,985216541,14783459,21822289,14683008,985316992,9512702892,2264295600,7921,2378183680,999999952,48,999831389,168611,2378175711,1000,1000,1000,1000,1000,1000,1000
252000,31582900,1241198,5020000000,30120000000,20000,120000,9942310046929,1826061,5435092488,22580,4988417100,2000,12215,2887787,9976789040,2410103290,17589896710,18516470610,9770390493,229609507,5200769133,106060773648,15606871900,162032,7638737,3364362300,136977839000,8440673141,15050929091,7159585025,999899814,23677333800,100186,985166674,14833326,22121960,14702935,985297065,9546110765,2273338200,8395,2386541940,999992195,7805,999834260,165740,2386525740,1000,1000,1000,1000,1000,1000,1000,106060546359,15606878500,203465,8209690,3363897500,136977518600,8457582396,15067817496,7159729453,999990452,23677349100,9548,985271460,14728540,21852008,14686455,985313545,9546303245,2273072200,8311,2386590180,999991923,8077,999834508,165492,2386573792,1000,1000,1000,1000,1000,1000,1000
253000,31647040,1280539,5040000000,30240000000,20000,120000,9942110276473,1849044,5457509868,22206,5008352960,2000,1950,2883616,10016661508,2410149217,17589850783,18516284883,9771022684,228977316,5223799892,106086280407,15666046500,145913,8122353,3372376500,137502229800,8476838624,15112472174,7184859100,999990530,23768807100,9470,985263870,14736130,22194140,14611740,985388260,9579806360,2282069600,100,2394964680,999982680,17320,999832140,167860,2394947260,1000,1000,1000,1000,1000,1000,1000,106086012482,15666062000,228146,7914355,3372747900,137501960000,8490630587,15126245337,7185006465,999911752,23768619000,88248,985392128,14607872,22125476,14579211,985420789,9580003089,2281814700,103,2395013320,999983407,16593,999835876,164124,2394996624,1000,1000,1000,1000,1000,1000,1000
254000,31709720,1271642,5060000000,30360000000,20000,120000,9941900643075,11744447,5489876714,20532,5028290280,2000,114820,2889371,10056539496,2410194122,17589805878,18516094278,9771616369,228383631,5246859265,106111832326,15725303900,178146,7898361,3380968700,138027474200,8513568445,15174622595,7210107119,999988628,23860354500,11372,985186552,14813448,22193124,14685705,985314295,9613473395,2290753600,53,2403374620,999991709,8291,999829324,170676,2403366276,1000,1000,1000,1000,1000,1000,1000,106111738706,15725371200,197894,7848664,3381026700,138027810400,8522924193,15183990943,7210214730,999912924,23860413300,87076,985088224,14911776,21891700,14738770,985261230,9613614030,2290543000,110,2403416240,999983170,16830,999838400,161600,2403399300,1000,1000,1000,1000,1000,1000,1000
255000,31773560,1268740,5080000000,30480000000,20000,120000,9941709563803,3125472,5503767434,4918,5048226440,2000,1086,2921118,10096443044,2410281675,17589718325,18515869025,9772194382,227805618,5269915226,106137211433,15784350400,230891,8008763,3389349100,138550660800,8548254008,15234626508,7235303700,999992577,23951450400,7423,985583185,14416815,22659408,14649108,985350892,9647071592,2299418900,8164,2411776080,999999976,24,999837508,162492,2411767892,1000,1000,1000,1000,1000,1000,1000,106137210281,15784517700,166222,7883105,3389522800,138551971400,8557670166,15244103666,7235491564,999991380,23951720100,8620,985324281,14675719,22113401,14590937,985409063,9647322063,2299303300,54,2411830620,999999933,67,999820201,179799,2411830499,1000,1000,1000,1000,1000,1000,1000
256000,31836710,1281411,5100000000,30600000000,20000,120000,9941511109545,1801446,5524830768,22517,5068163290,2000,117414,2887276,10136281546,2410298491,17589701509,18515716209,9772804544,227195456,5292946590,106162779540,15843593000,207417,8132859,3397639400,139075724400,8581525476,15293309126,7260581361,999991153,24043022700,8847,985482572,14517428,22623519,14637658,985362342,9680775142,2308128800,8701,2420202500,999999982,18,999831919,168081,2420193781,1000,1000,1000,1000,1000,1000,1000,106162765247,15843734700,171324,8124547,3397676200,139076835000,8593456699,15305292049,7260735200,999991545,24043285500,8455,985240602,14759398,22102257,14615757,985384243,9680980243,2308010700,66,2420245180,999999929,71,999818957,181043,2420245043,1000,1000,1000,1000,1000,1000,1000
257000,31899050,1256665,5120000000,30720000000,20000,120000,9941310141682,3076519,5548609702,4652,5088100950,2000,125609,2922987,10176192596,2410395901,17589604099,18515481499,9773387713,226612287,5315997909,106188423460,15902835800,203799,8067994,3406005800,139600883600,8614811615,15352012365,7285792308,999982486,24134617800,17514,985374339,14625661,22591253,14738945,985261055,9714384055,2316844200,126,2428608940,999982933,17067,999842553,157447,2428591747,1000,1000,1000,1000,1000,1000,1000,106188401249,15903037000,211713,7793460,3406355300,139602486800,8629329561,15366605361,7285955741,999890768,24134904900,109232,985015622,14984378,22048054,14725713,985274287,9714602287,2316738200,111,2428662760,999983897,16103,999838854,161146,2428646546,1000,1000,1000,1000,1000,1000,1000
258000,31962530,1232256,5140000000,30840000000,20000,120000,9941103037857,10411301,5578284519,22583,5108037470,2000,124082,2893444,10216029774,2410411558,17589588442,18515323842,9774092256,225907744,5339072030,106214007220,15962008100,180935,8292574,3414109300,140125451400,8649019665,15411609365,7310992264,999984140,24226151700,15860,985330725,14669275,22613985,14785321,985214679,9747989679,2325575700,8826,2437006260,999999981,19,999831285,168715,2436997415,1000,1000,1000,1000,1000,1000,1000,106213904788,15962139800,207031,8074825,3414484100,140126350000,8664404897,15427034297,7311148027,999990917,24226254000,9083,985254290,14745710,22260573,14706146,985293854,9748197354,2325474300,8667,2437058040,999999954,46,999831673,168327,2437049327,1000,1000,1000,1000,1000,1000,1000
259000,32024160,1237053,5160000000,30960000000,20000,120000,9940911907597,1809862,5592096911,2836,5127975840,2000,12183,2925641,10255946008,2410465059,17589534941,18515124541,9774786579,225213421,5362147987,106239672638,16021240400,179465,8033748,3422647400,140650577600,8682505907,15470511957,7336169364,999991123,24317708100,8877,985283324,14716676,22632901,14901837,985098163,9781556363,2334325600,8154,2445403520,999991633,8367,999841301,158699,2445386999,1000,1000,1000,1000,1000,1000,1000,106239487153,16021378900,226349,7804190,3423184000,140651497000,8700192607,15488238807,7336379915,999907221,24317766000,92779,985141555,14858445,22304034,14707019,985292981,9781839881,2334259000,8877,2445468860,999999983,17,999826534,173466,2445459966,1000,1000,1000,1000,1000,1000,1000
260000,32085160,1255875,5180000000,31080000000,20000,120000,9940712194920,1798237,5614452799,2960,5147914840,2000,127138,2923002,10295823760,2410519157,17589480843,18514921743,9775488298,224511702,5385219858,106265102061,16080344200,192603,8186317,3431104900,141174372400,8721314422,15534669672,7361416902,999988389,24408943500,11611,985517577,14482423,22942188,14715986,985284014,9815222514,2343138300,8922,2453814600,999999934,66,999828088,171912,2453805612,1000,1000,1000,1000,1000,1000,1000,106264971471,16080412400,210475,7791767,3431598600,141174658400,8730582715,15543947315,7361556274,999899392,24408866700,100608,985530974,14469026,22777682,14686408,985313592,9815405692,2342953900,8862,2453866300,999991980,8020,999833782,166218,2453849418,1000,1000,1000,1000,1000,1000,1000
261000,32147340,1249510,5200000000,31200000000,20000,120000,9940503879199,10398443,5645499610,4799,5167852660,2000,112126,2919545,10335695722,2410591642,17589408358,18514706258,9776056635,223943365,5408238257,106290675763,16139659000,206259,8352314,3439415900,141700018800,8754416132,15593209932,7386723529,999985552,24500629500,14448,985293726,14706274,22791474,14690645,985309355,9848959055,2351866500,123,2462252600,999983049,16951,999835874,164126,2462235526,1000,1000,1000,1000,1000,1000,1000,106290484775,16139635700,209572,7806445,3440031600,141699460200,8766666632,15605428432,7386830302,999893179,24500324100,106821,985533128,14466872,22858749,14656847,985343153,9849107053,2351647600,8520,2462285320,999999951,49,999835349,164651,2462276751,1000,1000,1000,1000,1000,1000,1000
262000,32208720,1247494,5220000000,31320000000,20000,120000,9940302890162,11666679,5669310011,2571,5187791280,2000,10544,2924314,10375577418,2410647341,17589352659,18514497259,9776544906,223455094,5431263924,106316282883,16198903100,158411,8073141,3448056500,142225113400,8793067529,15657274229,7411981568,999983761,24592124100,16239,985263359,14736641,22840498,14703630,985296370,9882639270,2360580800,8696,2470674860,999991538,8462,999831998,168002,2470657702,1000,1000,1000,1000,1000,1000,1000,106315924345,16198768900,194509,7680468,3448627000,142223426600,8797349683,15661467733,7412118257,999897997,24591544800,102003,985776215,14223785,23172718,14601361,985398639,9882824339,2360277600,8227,2470714320,999999989,11,999826718,173282,2470706082,1000,1000,1000,1000,1000,1000,1000
263000,32270490,1243473,5240000000,31440000000,20000,120000,9940111578611,3226547,5683386632,4787,5207729510,2000,11337,2914439,10415449446,2410684858,17589315142,18514318342,9777071581,222928419,5454317227,106341769400,16258071500,147546,7748123,3456849400,142749410200,8824989714,15714568914,7437242479,999910641,24683373600,89359,985413623,14586377,23133382,14639203,985360797,9916323297,2369282800,8337,2479089180,999999975,25,999832282,167718,2479080818,1000,1000,1000,1000,1000,1000,1000,106341428091,16257958100,217711,8144796,3456550300,142747963400,8834673326,15724176276,7437361119,999987909,24683077800,12091,985812043,14187957,23190534,14651215,985348785,9916481485,2368921000,8213,2479128600,999999979,21,999831834,168166,2479120366,1000,1000,1000,1000,1000,1000,1000
264000,32332180,1258975,5260000000,31560000000,20000,120000,9939903573083,11494308,5714209025,2501,5227667820,2000,1919,2925879,10455330638,2410733891,17589266109,18514128109,9777566081,222433919,5477354919,106367286626,16317303300,184277,7714693,3465281300,143274411400,8859804249,15774792049,7462505697,999899474,24774903000,100526,985345875,14654125,23147001,14699204,985300796,9950007596,2377941100,9021,2487510920,1000000000,0,999825801,174199,2487501899,1000,1000,1000,1000,1000,1000,1000,106367123978,16317234100,162872,7700217,3465204200,143273481000,8869008757,15783947057,7462590775,999892783,24774694800,107217,985582933,14417067,23127550,14797375,985202625,9950121025,2377600700,8645,2487538920,999999975,25,999827250,172750,2487530250,1000,1000,1000,1000,1000,1000,1000
265000,32393420,1265342,5280000000,31680000000,20000,120000,9939703864660,11458265,5736599165,4898,5247606580,2000,114390,2922336,10495203364,2410777025,17589222975,18513940475,9778185344,221814656,5500403908,106392820904,16376519100,208262,7860774,3473528700,143799287800,8892382997,15832773597,7487753034,999983211,24866453400,16789,985357233,14642767,23147022,14744688,985255312,9983670712,2386627900,8222,2495925900,1000000000,0,999820222,179778,2495917678,1000,1000,1000,1000,1000,1000,1000,106392741355,16376512400,170802,7712822,3473581100,143798924000,8905477971,15845846671,7487835319,999912463,24866343600,87537,985435782,14564218,23032819,14828100,985171900,9983777400,2386356900,63,2495951220,999990924,9076,999832919,167081,2495942081,1000,1000,1000,1000,1000,1000,1000
266000,32454270,1254462,5300000000,31800000000,20000,120000,9939513784932,1757991,5749308556,20249,5267545730,2000,10436,2891303,10535050962,2410787723,17589212277,18513785177,9778783437,221216563,5523442699,106418319010,16435660700,190232,7645593,3482179000,144323285400,8926375804,15892123554,7512996295,999893921,24957657000,106079,985550835,14449165,23501114,14703819,985296181,10017325381,2395301100,57,2504338180,999990963,9037,999836114,163886,2504329086,1000,1000,1000,1000,1000,1000,1000,106418215016,16435709100,212914,7593403,3482230500,144323499800,8940856448,15906611548,7513091819,999892550,24957697800,107450,985535460,14464540,23225810,14767791,985232209,10017452909,2395090600,9141,2504378780,999991451,8549,999837810,162190,2504361090,1000,1000,1000,1000,1000,1000,1000
267000,32515450,1244061,5320000000,31920000000,20000,120000,9939312639755,3176421,5773192737,22280,5287484550,2000,1101,2883576,10574924540,2410849476,17589150524,18513578624,9779355504,220644496,5546488244,106443934557,16494953000,207216,8303372,3489863100,144848905200,8964162109,15955349559,7538250427,999988082,25049529600,11918,985248673,14751327,23180791,14801864,985198136,10050995136,2403999800,111,2512761120,999983700,16300,999833391,166609,2512744709,1000,1000,1000,1000,1000,1000,1000,106443816533,16494937900,165086,7964819,3490195300,144848503800,8972241029,15963405279,7538347906,999979536,25049350500,20464,985444809,14555191,23116973,14796567,985203433,10051130533,2403792000,8948,2512791600,999999975,25,999826773,173227,2512782627,1000,1000,1000,1000,1000,1000,1000
268000,32576000,1252595,5340000000,32040000000,20000,120000,9939113145616,2955543,5795405896,20230,5307424000,2000,993,2890613,10614807540,2410924259,17589075741,18513359241,9779975807,220024193,5569535547,106469477052,16554174900,203516,8127927,3498466800,145373790600,8998971570,16015561620,7563500687,999987799,25140983400,12201,985267555,14732445,23271156,14783869,985216131,10084667531,2412733900,8081,2521175080,999999845,155,999827956,172044,2521166844,1000,1000,1000,1000,1000,1000,1000,106469359455,16554119400,138352,7975895,3498611600,145372975600,9006638742,16023184792,7563595312,999982155,25140745500,17845,985531324,14468676,23274269,14757157,985242843,10084793743,2412513900,7850,2521206300,999999981,19,999828869,171131,2521198431,1000,1000,1000,1000,1000,1000,1000
269000,32636600,1275198,5360000000,32160000000,20000,120000,9938913216220,3131715,5818090375,20262,5327363400,2000,127037,2892484,10654686276,2410961735,17589038265,18513178465,9780512856,219487144,5592579032,106494978089,16613355800,226034,7981674,3507051500,145898291600,9033065095,16075038845,7588744401,999983943,25232350500,16057,985377484,14622516,23456341,14783140,985216860,10118325860,2421430200,8797,2529590280,999999976,24,999826841,173159,2529581459,1000,1000,1000,1000,1000,1000,1000,106494739344,16613277900,218666,7939610,3507208700,145897195800,9041643920,16083558920,7588873034,999906699,25232028600,93301,985642069,14357931,23532370,14694836,985305164,10118497364,2421189900,106,2529624480,999999956,44,999823570,176430,2529624330,1000,1000,1000,1000,1000,1000,1000
270000,32696630,1278637,5380000000,32280000000,20000,120000,9938706227366,10370538,5847836551,22298,5347303370,2000,2136,2891169,10694562144,2410994204,17589005796,18512994996,9781046951,218953049,5615621795,106520546096,16672574400,194953,8089332,3515295400,146423084000,9065482616,16132853566,7614010022,999991616,25323859800,8384,985347699,14652301,23493983,14819061,985180939,10152010639,2430079700,52,2538008840,999991829,8171,999831883,168117,2538000617,1000,1000,1000,1000,1000,1000,1000,106520412846,16672532400,162165,7767074,3515663900,146422419200,9078531011,16145865661,7614095306,999889284,25323606000,110716,985531321,14468679,23514937,14771531,985228469,10152127069,2429907600,8560,2538040340,999999983,17,999831337,168663,2538031763,1000,1000,1000,1000,1000,1000,1000
271000,32757830,1247535,5400000000,32400000000,20000,120000,9938505450075,11422816,5871431698,22435,5367242170,2000,112845,2886312,10734439470,2411051091,17588948909,18512781809,9781532268,218467732,5638654838,106546089726,16731812700,181126,7706218,3524092800,146948027800,9099713049,16192488199,7639288776,999904886,25415258700,95114,985326370,14673630,23640284,14825908,985174092,10185715592,2438746400,8656,2546443800,999991672,8328,999835584,164416,2546426816,1000,1000,1000,1000,1000,1000,1000,106545921485,16731716600,180486,7848499,3523986500,146946958000,9113431121,16206151421,7639347550,999899143,25415049000,100857,985574800,14425200,23623957,14800007,985199993,10185794093,2438570500,56,2546454520,999992079,7921,999829457,170543,2546446543,1000,1000,1000,1000,1000,1000,1000
272000,32818740,1257040,5420000000,32520000000,20000,120000,9938314226705,2915970,5885386268,22482,5387181260,2000,126445,2884142,10774317556,2411109975,17588890025,18512584225,9782114178,217885822,5661700334,106571642681,16791119500,198156,7961375,3532293000,147473639000,9135112991,16253325491,7664594238,999889007,25506972300,110993,985056386,14943614,23455779,14814641,985185359,10219455959,2447459900,64,2554870860,999990925,9075,999832779,167221,2554861721,1000,1000,1000,1000,1000,1000,1000,106571452890,16790925800,230612,7891030,3532327500,147471792400,9147169724,16265291024,7664560232,999905453,25506570600,94547,985547387,14452613,23659334,14874302,985125698,10219413598,2447271500,8720,2554862220,999999866,134,999829834,170166,2554853366,1000,1000,1000,1000,1000,1000,1000
273000,32879880,1275620,5440000000,32640000000,20000,120000,9938106061565,11417842,5916345565,2642,5407120120,2000,2014,2928867,10814234956,2411228707,17588771293,18512315793,9782758053,217241947,5684756909,106597029922,16850201700,228329,7763635,3541102100,147997224200,9168443101,16311994401,7689845383,999992851,25598068800,7149,985532668,14467332,23901717,14644534,985355466,10253127166,2456231800,123,2563281940,999999966,34,999817317,182683,2563281783,1000,1000,1000,1000,1000,1000,1000,106597097678,16850149600,170996,8011267,3540511500,147996849600,9183193565,16326727965,7689801189,999982719,25598200200,17281,985474377,14525623,23585258,14915469,985084531,10253068231,2456004300,135,2563267240,999999937,63,999813758,186242,2563267042,1000,1000,1000,1000,1000,1000,1000
274000,32941790,1286982,5460000000,32760000000,20000,120000,9937915906450,1851943,5929278218,2833,5427058210,2000,1134,2927021,10854110754,2411297293,17588702707,18512100907,9783307219,216692781,5707806473,106622619009,16909382900,208779,7721842,3549413400,148521753000,9202367081,16371303781,7715046659,999898280,25689515400,101720,985486176,14513824,24023396,14763837,985236163,10286728863,2464871200,8049,2571690300,999999953,47,999827296,172704,2571682204,1000,1000,1000,1000,1000,1000,1000,106622717041,16909471400,211210,8128718,3548769700,148522644400,9218426753,16387408103,7715035465,999981052,25689950700,18948,985205269,14794731,23390517,14999752,985000248,10286713948,2464740300,8461,2571686960,999999984,16,999830217,169783,2571678483,1000,1000,1000,1000,1000,1000,1000
275000,33003050,1273799,5480000000,32880000000,20000,120000,9937716318016,1693800,5951512999,4769,5446996950,2000,115781,2924837,10893984362,2411338816,17588661184,18511914684,9783945883,216054117,5730840245,106648221048,16968583700,157465,7612278,3557845900,149046393800,9235201418,16429528068,7740284024,999890310,25780944600,109690,985536281,14463719,24150571,14807347,985192653,10320375953,2473539600,7894,2580108060,999991763,8237,999838471,161529,2580091929,1000,1000,1000,1000,1000,1000,1000,106648321522,16968728900,168029,8044095,3557331200,149047840200,9254683452,16449082352,7740309263,999989115,25781484000,10885,985146532,14853468,23399317,14903954,985096046,10320412346,2473550400,8123,2580111220,999999986,14,999828017,171983,2580103083,1000,1000,1000,1000,1000,1000,1000
276000,33062840,1244172,5500000000,33000000000,20000,120000,9937507854052,10378165,5982575475,20445,5466937160,2000,125026,2892380,10933833430,2411340917,17588659083,18511757883,9784578700,215421300,5753883630,106673815418,17027863000,174547,7798405,3566014900,149571922000,9269393795,16489156045,7765535553,999904836,25872680400,95164,985282591,14717409,23962255,14881902,985118098,10354047398,2482256700,8797,2588520660,999999982,18,999826655,173345,2588511845,1000,1000,1000,1000,1000,1000,1000,106673837199,17028013800,233121,7583921,3566276200,149573262800,9289647557,16509474757,7765585080,999891612,25872968700,108388,985033252,14966748,23458340,14909760,985090240,10354113440,2482271800,8400,2588536760,1000000000,0,999831040,168960,2588528360,1000,1000,1000,1000,1000,1000,1000
277000,33124690,1260217,5520000000,33120000000,20000,120000,9937315458420,3044566,5997734774,4843,5486875310,2000,10389,2926374,10973740934,2411402286,17588597714,18511553014,9785148186,214851814,5776912020,106699279804,17087017600,165409,7663702,3574691300,150096008000,9303788231,16548911531,7790819804,999898845,25963892400,101155,985533316,14466684,24294571,14762067,985237933,10387753933,2490959600,114,2596951660,999982583,17417,999836871,163129,2596934129,1000,1000,1000,1000,1000,1000,1000,106699518696,17087278900,164690,7745022,3574417900,150098628200,9324563463,16569817863,7790826414,999899315,25964666700,100685,984828777,15171223,23314062,14952648,985047352,10387768552,2491017500,8742,2596950880,1000000000,0,999827962,172038,2596942138,1000,1000,1000,1000,1000,1000,1000
278000,33186530,1236658,5540000000,33240000000,20000,120000,9937117077496,1676265,6018844872,20524,5506813470,2000,124250,2890515,11013585892,2411436861,17588563139,18511369539,9785666865,214333135,5799944957,106724840247,17146302600,189100,8078408,3582623300,150621502000,9340374542,16610930592,7816083777,999982122,26055662400,17878,985310771,14689229,24062449,14857072,985142928,10421445028,2499619500,8405,2605369680,999999976,24,999829249,170751,2605361251,1000,1000,1000,1000,1000,1000,1000,106724887143,17146449500,221484,7642239,3583121400,150622894200,9357083800,16627708500,7816141824,999899405,26055920400,100595,985029214,14970786,23589609,14838585,985161415,10421522415,2499688300,98,2605380740,999999949,51,999819509,180491,2605380591,1000,1000,1000,1000,1000,1000,1000
279000,33244750,1270792,5560000000,33360000000,20000,120000,9936917231638,1834579,6041603692,2898,5526755250,2000,11539,2932609,11053504704,2411543317,17588456683,18511123383,9786142991,213857009,5822979495,106750426976,17205607100,209791,7723126,3591352100,151147147800,9374423222,16670419072,7841364044,999892799,26147262600,107201,985099288,14900712,24004989,14928045,985071955,10455149355,2508298900,58,2613793480,999991889,8111,999830089,169911,2613785311,1000,1000,1000,1000,1000,1000,1000,106750455475,17205610800,188599,7750257,3591382500,151147149600,9392303097,16688298597,7841364296,999905120,26147297700,94880,985147478,14852522,23777158,14854962,985145038,10455146938,2508369300,108,2613799120,999983630,16370,999837158,162842,2613782642,1000,1000,1000,1000,1000,1000,1000
280000,33303590,1253910,5580000000,33480000000,20000,120000,9936716273612,3034352,6065350060,2802,5546696410,2000,969,2933792,11093387216,2411581964,17588418036,18510946836,9786632228,213367772,5846014144,106775865089,17264691800,155074,7942753,3599596400,151670679600,9409037394,16730368394,7866642900,999982276,26238470700,17724,985454797,14545203,24336621,14830321,985169679,10488857179,2516944700,58,2622214400,999999937,63,999815521,184479,2622214279,1000,1000,1000,1000,1000,1000,1000,106775934830,17264860600,233872,8230645,3599382000,151672246000,9426968927,16748376727,7866647927,999984541,26238942600,15459,985042475,14957525,23665034,14846107,985153893,10488863893,2517060600,8885,2622224880,999999971,29,999829034,170966,2622215966,1000,1000,1000,1000,1000,1000,1000
281000,33362830,1251592,5600000000,33600000000,20000,120000,9936509343521,10190269,6094981103,20460,5566637170,2000,124894,2899814,11133233420,2411587690,17588412310,18510792010,9787165546,212834454,5869056566,106801342274,17323829700,136197,7864966,3608123700,152194609800,9443646390,16790330790,7891891346,999991692,26329683900,8308,985723149,14276851,24670757,14785911,985214089,10522521789,2525600200,7920,2630638380,999999983,17,999830457,169543,2630630443,1000,1000,1000,1000,1000,1000,1000,106801580899,17324099600,195227,7790810,3608106100,152197336800,9461471624,16808292724,7891883265,999982074,26330424300,17926,985043516,14956484,23742442,14936977,985063023,10522505623,2525742200,111,2630638660,999983809,16191,999835042,164958,2630622358,1000,1000,1000,1000,1000,1000,1000
282000,33422460,1232974,5620000000,33720000000,20000,120000,9936318167274,1650615,6108955802,22282,5586577540,2000,123465,2895971,11173110516,2411664689,17588335311,18510573911,9787698149,212301851,5892107365,106826751204,17383054900,231447,7813897,3616660100,152719448200,9477096507,16849180157,7917185687,999889418,26421128100,110582,985640935,14359065,24760117,14819430,985180570,10556247570,2534212700,59,2639061980,999999962,38,999825717,174283,2639061883,1000,1000,1000,1000,1000,1000,1000,106827214318,17383334300,176372,7983873,3616243300,152722450200,9497227054,16869463404,7917100431,999994419,26422069800,5581,984902249,15097751,23660630,14994399,985005601,10556128101,2534488600,109,2639045200,999982579,17421,999833930,166070,2639027670,1000,1000,1000,1000,1000,1000,1000
283000,33481750,1269229,5640000000,33840000000,20000,120000,9936108690645,11381469,6141237199,22214,5606518250,2000,127757,2891558,11212992072,2411702314,17588297686,18510392886,9788179902,211820098,5915144074,106852424442,17442325700,167177,8053127,3624680900,153244827400,9512653047,16910164047,7942431403,999985970,26512852200,14030,985491443,14508557,24586173,14918370,985081630,10589908530,2542891400,8071,2647485220,999999978,22,999826573,173427,2647477127,1000,1000,1000,1000,1000,1000,1000,106852590498,17442399500,138601,7848407,3624915700,153245730200,9530880767,16928438967,7942388319,999983313,26513099100,16687,985316846,14683154,24157633,14845714,985154286,10589851086,2543136500,8435,2647471220,999999982,18,999820333,179667,2647462767,1000,1000,1000,1000,1000,1000,1000
284000,33542320,1244307,5660000000,33960000000,20000,120000,9935917559323,2803874,6155351881,2813,5626457680,2000,124203,2939373,11252909734,2411772297,17588227703,18510168403,9788581847,211418153,5938190481,106877989441,17501576300,173502,7871578,3633214700,153769962200,9550101995,16973027595,7967689257,999990948,26604378600,9052,985435329,14564671,24607481,14991424,985008576,10623585676,2551549000,7781,2655904200,1000000000,0,999828681,171319,2655896419,1000,1000,1000,1000,1000,1000,1000,106878046720,17501486300,164092,7682020,3633474500,153769271800,9562710195,16985603895,7967593952,999899846,26604229500,100154,985600850,14399150,24597204,14883252,985116748,10623453148,2551752100,120,2655875680,999983636,16364,999839704,160296,2655859196,1000,1000,1000,1000,1000,1000,1000
285000,33601800,1247272,5680000000,34080000000,20000,120000,9935717800275,2791857,6177852459,2878,5646398200,2000,11476,2928258,11292790644,2411785732,17588214268,18510008568,9789095502,210904498,5961227846,106903440961,17560800400,230867,7855126,3641734400,154294844800,9585694217,17034021967,7992984715,999911037,26695848000,88963,985343613,14656387,24672776,14969661,985030339,10657312939,2560228000,53,2664328320,999999957,43,999816676,183324,2664328224,1000,1000,1000,1000,1000,1000,1000,106903473223,17560683400,219457,7721606,3641970700,154293858800,9596438535,17044719285,7992885989,999892773,26695626600,107227,985661033,14338967,24733760,14833371,985166629,10657175929,2560430300,111,2664306220,999983831,16169,999831960,168040,2664289940,1000,1000,1000,1000,1000,1000,1000
286000,33660050,1254692,5700000000,34200000000,20000,120000,9935518000021,2810524,6200367181,22239,5666339950,2000,996,2887135,11332635422,2411795245,17588204755,18509855255,9789598965,210401035,5984268487,106928928123,17619936500,217330,7976907,3650099200,154818866600,9620650497,17094337597,8018229808,999899427,26787144600,100573,985512478,14487522,24927351,14884643,985115357,10690973057,2568954200,110,2672743420,999999939,61,999819051,180949,2672743249,1000,1000,1000,1000,1000,1000,1000,106929028070,17619948500,211510,7903271,3650108000,154819053000,9630709465,17104406715,8018173541,999982938,26787250500,17062,985597598,14402402,24649860,14936619,985063381,10690892181,2569011700,119,2672736380,999982379,17621,999835360,164640,2672718640,1000,1000,1000,1000,1000,1000,1000
287000,33719700,1247636,5720000000,34320000000,20000,120000,9935319329422,1779716,6221872785,2581,5686280300,2000,10460,2939531,11372555438,2411879538,17588120462,18509618962,9790154009,209845991,6007307547,106954670467,17679297100,168493,7621340,3658711400,155345091800,9654686345,17153842445,8043474287,999904514,26878921500,95486,985216934,14783066,24705420,14993933,985006067,10724632367,2577701000,53,2681158180,999999953,47,999826820,173180,2681158080,1000,1000,1000,1000,1000,1000,1000,106954602731,17679246000,223318,7741380,3658628700,155344695200,9665761759,17164899459,8043450365,999898021,26878914000,101979,985312304,14687696,24522783,15003418,984996582,10724600482,2577700900,49,2681150180,999999986,14,999820483,179517,2681150117,1000,1000,1000,1000,1000,1000,1000
288000,33778550,1272592,5740000000,34440000000,20000,120000,9935110997101,10339320,6252958493,22489,5706221450,2000,1046,2898751,11412397922,2411894921,17588105079,18509460279,9790614889,209385111,6030335311,106980124011,17738469500,174745,7711212,3667081200,155869410200,9687031604,17211561054,8068761179,999908116,26970279300,91884,985325468,14674532,24881852,14969473,985030527,10758348227,2586330600,57,2689587140,999999965,35,999823552,176448,2689587048,1000,1000,1000,1000,1000,1000,1000,106980113933,17738414800,219655,8237368,3666550900,155868940000,9702658408,17227165308,8068697389,999981669,26970357000,18331,985439065,14560935,24637696,15008107,984991893,10758257793,2586346900,139,2689576720,999983823,16177,999840596,159404,2689560404,1000,1000,1000,1000,1000,1000,1000
289000,33836930,1262874,5760000000,34560000000,20000,120000,9934911269740,10340314,6275355282,20444,5726163070,2000,12522,2899316,11452285252,2411954854,17588045146,18509250346,9791260224,208739776,6053375876,107005582170,17797613100,240633,7611688,3675735700,156393500600,9722620458,17272512608,8093979076,999894519,27061519200,105481,985563820,14436180,25208601,14897425,985102575,10791966575,2595091500,102,2698004180,999983421,16579,999841301,158699,2697987499,1000,1000,1000,1000,1000,1000,1000,107005877510,17797832700,138959,7713870,3675316700,156395719000,9736208646,17286211996,8093991254,999891805,27062230500,108195,984933028,15066972,24296723,15114269,984885731,10791988331,2595078100,8780,2698005880,999999977,23,999828923,171077,2697997077,1000,1000,1000,1000,1000,1000,1000
290000,33895710,1260481,5780000000,34680000000,20000,120000,9934720295673,1577464,6289114722,20490,5746104290,2000,126250,2895358,11492167600,2412010037,17587989963,18509053063,9791767482,208232518,6076409382,107031150615,17856817300,174269,8165305,3683503600,156918199400,9757629652,17332914952,8119246744,999993677,27153132600,6323,985519505,14480495,25137028,14929684,985070316,10825662316,2603731900,8720,2706424320,999999972,28,999831128,168872,2706415572,1000,1000,1000,1000,1000,1000,1000,107031247558,17856985400,208470,7946593,3683742200,156919737200,9770337917,17345698317,8119282259,999908228,27153479700,91772,985169504,14830496,24586976,14958217,985041783,10825704183,2603793800,129,2706438540,999983513,16487,999842676,157324,2706421924,1000,1000,1000,1000,1000,1000,1000
291000,33953250,1277504,5800000000,34800000000,20000,120000,9934511990310,10155104,6320251545,20217,5766046750,2000,1058,2900875,11532053066,2412068914,17587931086,18508842686,9792259205,207740795,6099454771,107056723088,17916060100,177232,7759700,3692274300,157443241000,9792652825,17393347875,8144507948,999890747,27244573200,109253,985455787,14544213,25250440,14990792,985009208,10859338208,2612391100,132,2714847560,999982832,17168,999839740,160260,2714830260,1000,1000,1000,1000,1000,1000,1000,107056876988,17916234300,138771,7681969,3692278400,157444980600,9804591563,17405373563,8144549291,999899325,27245055600,100675,985048978,14951022,24552653,15028262,984971738,10859399038,2612466400,63,2714849860,999999950,50,999820553,179447,2714849747,1000,1000,1000,1000,1000,1000,1000
292000,34011590,1264555,5820000000,34920000000,20000,120000,9934320847333,1590896,6334247341,2846,5785988410,2000,114218,2935217,11571971128,2412154429,17587845571,18508614671,9792773343,207226657,6122494571,107082303774,17975325000,143496,7881808,3700538000,157968568400,9826091372,17452211272,8169793582,999990696,27336224400,9304,985369586,14630414,25132690,14988308,985011692,10893058092,2621108200,58,2723264620,999999948,52,999820690,179310,2723264510,1000,1000,1000,1000,1000,1000,1000,107082307864,17975416600,209278,8083762,3700392100,157969396400,9840249755,17466409955,8169804278,999984160,27336500400,15840,985164074,14835926,24657014,15010136,984989864,10893072364,2621141700,8614,2723276720,999999980,20,999828114,171886,2723268086,1000,1000,1000,1000,1000,1000,1000
293000,34071400,1275713,5840000000,35040000000,20000,120000,9934120943104,1714895,6356758044,22513,5805928600,2000,115835,2893275,11611812174,2412164299,17587835701,18508459201,9793366385,206633615,6145516259,107107709786,18034572400,215975,7703093,3709323300,158493463200,9860362838,17511882738,8195115065,999893048,27427588500,106952,985367035,14632965,25296787,14902822,985097178,10926820078,2629784300,8201,2731713240,999999974,26,999827587,172413,2731705013,1000,1000,1000,1000,1000,1000,1000,107107979673,18034699100,169769,8134331,3708643700,158494922200,9875130464,17526725714,8195042076,999992647,27428208600,7353,984942161,15057839,24503214,15081138,984918862,10926722762,2629878000,8696,2731689400,999999982,18,999827914,172086,2731680686,1000,1000,1000,1000,1000,1000,1000
294000,34130240,1244165,5860000000,35160000000,20000,120000,9933911653080,11304367,6389042776,2584,5825869760,2000,124924,2929257,11651734352,2412253147,17587746853,18508222953,9793705603,206294397,6168514755,107133106265,18093778100,232779,7496074,3718057400,159017981800,9894754108,17571655708,8220465183,999904359,27518879100,95641,985530007,14469993,25524448,14842665,985157335,10960620235,2638365400,8281,2740163360,999999973,27,999819848,180152,2740155052,1000,1000,1000,1000,1000,1000,1000,107133309264,18093855100,236072,7670536,3717781400,159018913400,9910025003,17586975203,8220356096,999898422,27519260700,101578,985254934,14745066,24981612,14911116,985088884,10960474784,2638559800,8260,2740126980,999999968,32,999836012,163988,2740118688,1000,1000,1000,1000,1000,1000,1000
295000,34188430,1268127,5880000000,35280000000,20000,120000,9933720331479,2880828,6403236979,22469,5845811570,2000,10434,2892949,11691578202,2412299007,17587700993,18508029793,9794079811,205920189,6191543013,107158835464,18153168500,183923,8206488,3725490800,159544413000,9930918349,17633298099,8245741134,999982844,27610984800,17156,984974973,15025027,24963829,15067095,984932905,10994321505,2646961900,68,2748580460,999999979,21,999828629,171371,2748580371,1000,1000,1000,1000,1000,1000,1000,107158838871,18153011600,155163,7602083,3726218900,159543057600,9943108690,17645423340,8245652518,999912391,27610554000,87609,985442369,14557631,25229478,14895960,985104040,10994197940,2647153100,106,2748561780,999983748,16252,999836878,163122,2748545422,1000,1000,1000,1000,1000,1000,1000
296000,34246320,1254190,5900000000,35400000000,20000,120000,9933520784046,2699964,6425619898,20220,5865753680,2000,2023,2901614,11731466920,2412357810,17587642190,18507819990,9794541366,205458634,6214559686,107184388990,18212416700,179832,7501283,3734640000,160069479800,9967187627,17694978027,8271021265,999895869,27702331200,104131,985010443,14989557,25164074,15051209,984948791,11028025591,2655668100,47,2757012660,999991713,8287,999831574,168426,2757004326,1000,1000,1000,1000,1000,1000,1000,107184410342,18212399000,223912,8220613,3733949600,160069484400,9975972860,17703765760,8270961259,999991415,27702589800,8585,984941133,15058867,24722418,15046659,984953341,11027945441,2655780500,65,2756992960,999991287,8713,999829018,170982,2756984182,1000,1000,1000,1000,1000,1000,1000
297000,34304110,1269964,5920000000,35520000000,20000,120000,9933313522466,10297006,6455899828,2819,5885695890,2000,10606,2937180,11771386142,2412482772,17587517228,18507550428,9794923260,205076740,6237588902,107209830127,18271505900,157680,7653476,3742935900,160593001400,10002736787,17755861137,8296270485,999893615,27793513500,106385,985304084,14695916,25534169,14997584,985002416,11061691116,2664302800,57,2765429280,999991408,8592,999836569,163431,2765420631,1000,1000,1000,1000,1000,1000,1000,107209968909,18271622600,166935,8027830,3742530200,160594251600,10009670393,17762858293,8296257963,999983053,27793994700,16947,984993401,15006599,24853448,15039685,984960315,11061671615,2664417700,121,2765430780,999982993,17007,999833148,166852,2765413652,1000,1000,1000,1000,1000,1000,1000
298000,34363100,1252384,5940000000,35640000000,20000,120000,9933113765061,10295899,6478487805,4788,5905636900,2000,996,2928182,11811264224,2412508960,17587491040,18507374940,9795364918,204635082,6260628642,107235395075,18330780000,145430,7698958,3751244100,161118409600,10036223275,17814776375,8321566763,999893521,27885171600,106479,985108456,14891544,25409135,15058072,984941928,11095422328,2672952000,67,2773855700,999999932,68,999818235,181765,2773855565,1000,1000,1000,1000,1000,1000,1000,107235404734,18330766200,132989,8142264,3750880600,161118263600,10045424545,17823970245,8321554716,999984681,27885276600,15319,985162422,14837578,25099641,14961825,985038175,11095406275,2673048500,102,2773851700,999999961,39,999823241,176759,2773851559,1000,1000,1000,1000,1000,1000,1000
299000,34421240,1264191,5960000000,35760000000,20000,120000,9932922614028,1684051,6492441443,20526,5925578760,2000,1159,2898124,11851116468,2412540479,17587459521,18507204621,9795812356,204187644,6283671624,107260806914,18389857100,154913,8273222,3759149500,161641796600,10071682548,17875562698,8346799498,999985099,27976415700,14901,985440908,14559092,25721309,15007011,984992989,11129065989,2681590500,8304,2782274820,999999975,25,999830309,169691,2782266491,1000,1000,1000,1000,1000,1000,1000,107260889153,18389987200,210965,7766560,3759644600,161643096000,10079226852,17883171952,8346791101,999911379,27976668900,88621,985183185,14816815,25261206,15071705,984928295,11129054795,2681666700,8187,2782271900,999999981,19,999833306,166694,2782263694,1000,1000,1000,1000,1000,1000,1000
300000,34478780,1244754,5980000000,35880000000,20000,120000,9932713272730,11297650,6524698169,22501,5945521220,2000,124629,2895981,11890997438,2412606880,17587393120,18506999720,9796205499,203794501,6306710037,107286294222,18449150400,223303,8161262,3767655900,162167252800,10105908094,17935217594,8372102494,999992584,28068009900,7416,985311259,14688741,25658175,15115581,984884419,11162803319,2690168700,8596,2790709440,999999981,19,999830575,169425,2790700825,1000,1000,1000,1000,1000,1000,1000,107286392399,18449045600,152847,7915027,3767878200,162166417600,10114142623,17943413023,8372004682,999982647,28067837400,17353,985586829,14413171,25658082,15041600,984958400,11162670200,2690324200,8334,2790681980,999991872,8128,999839282,160718,2790665518,1000,1000,1000,1000,1000,1000,1000
301000,34536320,1259332,6000000000,36000000000,20000,120000,9932523204163,1669085,6537670155,4531,5965463680,2000,1910,2926172,11930918298,2412698448,17587301552,18506761052,9796668868,203331132,6329743766,107311879271,18508403500,195330,8053117,3776170900,162692406200,10142056639,17996781589,8397384734,999977118,28159544100,22882,985235185,14764815,25667767,15105233,984894767,11196510167,2698880900,52,2799133920,999991565,8435,999828167,171833,2799125433,1000,1000,1000,1000,1000,1000,1000,107311854963,18508338800,239199,8117197,3776140200,162691958400,10147252119,18001957169,8397317012,999983215,28159529400,16785,985345769,14654231,25493354,15096242,984903758,11196422658,2698962500,8720,2799114440,999999926,74,999823054,176946,2799105646,1000,1000,1000,1000,1000,1000,1000
302000,34594470,1247819,6020000000,36120000000,20000,120000,9932313705755,11425780,6570050105,2629,5985405530,2000,125347,2932123,11970805802,2412745935,17587254065,18506571565,9797068597,202931403,6352760799,107337356577,18567664700,221459,7503856,3785176900,163217505400,10176054997,18056190997,8422694989,999911518,28250917200,88482,985254730,14745270,25821312,15114023,984885977,11230259977,2707505300,8307,2807573320,999999975,25,999827712,172288,2807564988,1000,1000,1000,1000,1000,1000,1000,107337486740,18567616800,174501,7929618,3784635400,163217260800,10182309137,18062435837,8422601604,999985843,28251087900,14157,985255890,14744110,25474447,15149043,984850957,11230132657,2707608300,62,2807539560,999991555,8445,999832347,167653,2807531053,1000,1000,1000,1000,1000,1000,1000
303000,34653090,1252155,6040000000,36240000000,20000,120000,9932114115727,11268746,6592458097,2832,6005346910,2000,12291,2931195,12010688156,2412782773,17587217227,18506384427,9797530405,202469595,6375788561,107362794773,18626777900,202589,8015236,3793113900,163741268600,10207950358,18113432408,8447967761,999981395,28342250700,18605,985459349,14540651,26029154,15071493,984928507,11263957007,2716121800,8771,2815998040,999999977,23,999824554,175446,2815989246,1000,1000,1000,1000,1000,1000,1000,107363132014,18626944600,163379,7967402,3792939600,163743132400,10219725446,18125303146,8447877594,999985772,28342848900,14228,984963603,15036397,25259431,15226737,984773263,11263831263,2716308200,104,2815970360,999983413,16587,999835531,164469,2815953669,1000,1000,1000,1000,1000,1000,1000
304000,34711740,1281095,6060000000,36360000000,20000,120000,9931915520209,10122746,6613839346,4881,6025288260,2000,11789,2929642,12050566758,2412833755,17587166245,18506185245,9798034918,201965082,6398821876,107388499190,18686156400,158289,8170125,3801249200,164267563200,10240462086,18171415236,8473258749,999992039,28434142800,7961,985045732,14954268,25682793,15164544,984835456,11297675356,2724816300,45,2824425580,999991072,8928,999833493,166507,2824416607,1000,1000,1000,1000,1000,1000,1000,107388434530,18685918900,153351,8152876,3801370000,164265479400,10256439280,18187291880,8473135092,999990019,28433699400,9981,985595546,14404454,25957427,15020135,984979865,11297507865,2724963500,114,2824389660,999983227,16773,999840927,159073,2824372773,1000,1000,1000,1000,1000,1000,1000
305000,34768650,1277810,6080000000,36480000000,20000,120000,9931723303157,2621065,6628904372,2670,6045231350,2000,1063,2930247,12090457360,2412904322,17587095678,18505970178,9798498993,201501007,6421852053,107413990675,18745407300,185914,8190737,3809730100,164792613000,10276391164,18232753564,8498557406,999990563,28525644300,9437,985003126,14996874,25716663,15123057,984876943,11331407143,2733512100,48,2832857980,999991805,8195,999832763,167237,2832849737,1000,1000,1000,1000,1000,1000,1000,107413960745,18745235500,217269,7412415,3810479500,164791280600,10289666963,18245967563,8498424204,999894847,28525250100,105153,985410185,14589815,25936738,15142434,984857566,11331232266,2733592200,9000,2832817080,999999982,18,999826238,173762,2832808062,1000,1000,1000,1000,1000,1000,1000
306000,34826670,1260153,6100000000,36600000000,20000,120000,9931524535938,1640913,6650542113,4648,6065173330,2000,114561,2924036,12130337364,2412943051,17587056949,18505778549,9798896204,201103796,6444873368,107439457098,18804561900,161566,8080043,3818266700,165316859800,10311654521,18293388021,8523849365,999985319,28616960400,14681,985137907,14862093,25938588,15098023,984901977,11365132477,2742141600,59,2841283200,999999971,29,999811788,188212,2841283112,1000,1000,1000,1000,1000,1000,1000,107439494587,18804521100,202507,8302312,3818008300,165316565400,10323517065,18305237265,8523744343,999987315,28617027600,12685,985181713,14818287,25686798,15148655,984851345,11364992445,2742218600,8621,2841256760,999999963,37,999832598,167402,2841248102,1000,1000,1000,1000,1000,1000,1000
307000,34883550,1268632,6120000000,36720000000,20000,120000,9931323796489,2631769,6674006450,22523,6085116450,2000,10532,2893127,12170187854,2412982758,17587017242,18505585342,9799424173,200575827,6467905727,107464935719,18863779400,221381,8042121,3826784900,165841564400,10344460534,18351585884,8549094600,999983017,28708364100,16983,985208117,14791883,26088600,15101700,984898300,11398792800,2750827500,9140,2849707340,1000000000,0,999830500,169500,2849698200,1000,1000,1000,1000,1000,1000,1000,107465007860,18863716900,190785,7962860,3826763300,165841176200,10360026052,18367134952,8549020230,999986569,28708370700,13431,985309584,14690416,25891415,15146285,984853715,11398693615,2750878800,8200,2849681660,999999925,75,999825715,174285,2849673385,1000,1000,1000,1000,1000,1000,1000
308000,34939990,1275109,6140000000,36840000000,20000,120000,9931115312870,11398688,6705484282,4742,6105060010,2000,963,2932858,12210110536,2413061258,17586938742,18505366542,9799797082,200202918,6490949818,107490637523,18923059500,172480,7886146,3835080200,166367108600,10378239133,18410800983,8574323007,999981592,28800074100,18408,984983693,15016307,25938201,15319394,984680606,11432427906,2759440600,51,2858113260,999991690,8310,999830901,169099,2858104899,1000,1000,1000,1000,1000,1000,1000,107490478328,18922948100,218892,7748132,3835446500,166366006600,10395416045,18427922945,8574317580,999894958,28799762400,105042,985295298,14704702,26036440,15138860,984861140,11432423440,2759517200,8740,2858114600,1000000000,0,999828440,171560,2858105860,1000,1000,1000,1000,1000,1000,1000
309000,34996720,1245748,6160000000,36960000000,20000,120000,9930915738839,11238859,6727842231,2931,6125003280,2000,124827,2941874,12250000698,2413123798,17586876202,18505164302,9800331386,199668614,6513992884,107516078420,18982146200,170403,7763393,3843723700,166890636400,10412715307,18470611807,8599563171,999898530,28891177200,101470,985290271,14709729,26392441,15216470,984783530,11466078230,2768145100,107,2866533160,999982006,17994,999838141,161859,2866515059,1000,1000,1000,1000,1000,1000,1000,107516068613,18982184400,192649,7773437,3843762100,166891025600,10430101568,18488017618,8599571862,999898669,28891319100,101331,985217723,14782277,26030254,15189892,984810108,11466095808,2768194100,8810,2866532780,999999976,24,999828354,171646,2866523946,1000,1000,1000,1000,1000,1000,1000
310000,35052380,1249047,6180000000,37080000000,20000,120000,9930717064556,10139349,6749207590,22339,6144947620,2000,1956,2896079,12289850562,2413135105,17586864895,18505002095,9800843301,199156699,6537015463,107541610977,19041481600,182008,8130887,3851815200,167416466400,10447026385,18530370335,8624895934,999990316,28982959200,9684,985043311,14956689,26127695,15209361,984790639,11499861239,2776823600,8116,2874973440,999999981,19,999828395,171605,2874965305,1000,1000,1000,1000,1000,1000,1000,107541562183,19041415500,199485,7894557,3852105800,167415880600,10465063062,18548378662,8624870548,999911874,28982806800,88126,985201930,14798070,26078156,15164708,984835292,11499827392,2776854800,8720,2874965580,999999984,16,999827456,172544,2874956844,1000,1000,1000,1000,1000,1000,1000
311000,35109680,1245878,6200000000,37200000000,20000,120000,9930525846599,1610285,6763274206,20217,6164890320,2000,125275,2905715,12329740206,2413182184,17586817816,18504811916,9801271925,198728075,6560030131,107567130869,19100748800,237789,8079127,3860329800,167941751200,10481525494,18590291344,8650172344,999988408,29074524900,11592,984953794,15046206,26106286,15225242,984774758,11533560358,2785529000,64,2883396380,999991698,8302,999829086,170914,2883388014,1000,1000,1000,1000,1000,1000,1000,107566903108,19100484200,132595,8230188,3860362400,167939035600,10499708303,18608337503,8650223714,999992266,29073876600,7734,985654767,14345233,26527501,14947987,985052013,11533631613,2785453000,64,2883407980,999999983,17,999817901,182099,2883407899,1000,1000,1000,1000,1000,1000,1000
312000,35165620,1265433,6220000000,37320000000,20000,120000,9930317456589,10261666,6794606150,20270,6184834380,2000,114434,2897864,12369628220,2413230555,17586769445,18504613245,9801598456,198401544,6583045076,107592676001,19159986900,168062,8106641,3868722700,168466575400,10515197762,18649360362,8675490620,999992666,29165973600,7334,984966487,15033513,26187121,15183101,984816899,11567317999,2794162400,8518,2891844380,999991517,8483,999834321,165679,2891827379,1000,1000,1000,1000,1000,1000,1000,107592399951,19159749300,165795,8217719,3868746600,168464193800,10535216321,18669259771,8675522206,999988142,29165423100,11858,985561824,14438176,26516582,15042376,984957624,11567362924,2794019200,130,2891840900,999999948,52,999821682,178318,2891840718,1000,1000,1000,1000,1000,1000,1000
313000,35222890,1270691,6240000000,37440000000,20000,120000,9930126528546,1460191,6808525041,4916,6204777110,2000,969,2930962,12409544388,2413290337,17586709663,18504406363,9801939298,198060702,6606073186,107618149066,19219170500,203214,7567631,3877676600,168991068200,10550328081,18709873531,8700755777,999891485,29257239300,108515,985077045,14922955,26470960,15221783,984778217,11601002317,2802787200,103,2900262800,999983843,16157,999833060,166940,2900246540,1000,1000,1000,1000,1000,1000,1000,107617729443,19218819400,183721,8237377,3877305500,168987378000,10569496109,18728854809,8700805404,999993387,29256428100,6613,986027075,13972925,27051588,14918284,985081716,11601073816,2802623300,8860,2900277440,999999832,168,999833588,166412,2900268412,1000,1000,1000,1000,1000,1000,1000
314000,35279320,1264481,6260000000,37560000000,20000,120000,9929916820512,11382606,6841071866,20522,6224720680,2000,1069,2899344,12449400316,2413288918,17586711082,18504249982,9802313436,197686564,6629103352,107643625565,19278395300,216698,7617209,3886021200,169515883400,10585147165,18770090465,8726045352,999905141,29348720700,94859,985067762,14932238,26524721,15268669,984731331,11634727131,2811382100,8586,2908690380,999999985,15,999826921,173079,2908681779,1000,1000,1000,1000,1000,1000,1000,107643341127,19278166500,198063,8301731,3885523700,169513418600,10603826135,18788643985,8726097558,999980964,29348247600,19036,985654894,14345106,26772930,15079872,984920128,11634796728,2811228300,8022,2908707240,999999952,48,999831630,168370,2908699170,1000,1000,1000,1000,1000,1000,1000
315000,35335250,1241538,6280000000,37680000000,20000,120000,9929726995926,1466962,6853806189,20256,6244664750,2000,11413,2902939,12489288988,2413326188,17586673812,18504050412,9802688321,197311679,6652124609,107669095966,19337582100,234601,8008290,3894084700,170040318600,10618557034,18828879184,8751331138,999989813,29440177200,10187,985160102,14839898,26616189,15263051,984736949,11668436049,2820007400,124,2917121440,999983595,16405,999832889,167111,2917104911,1000,1000,1000,1000,1000,1000,1000,107668886432,19337405500,197574,7567823,3894615800,170038434200,10639641415,18849867865,8751377751,999905946,29439603600,94054,985689948,14310052,26961502,15153951,984846049,11668501049,2819845300,8845,2917140000,999992143,7857,999829302,170698,2917123298,1000,1000,1000,1000,1000,1000,1000
316000,35391660,1279559,6300000000,37800000000,20000,120000,9929517498802,11231984,6886161105,22518,6264608340,2000,116031,2895077,12529171644,2413378886,17586621114,18503845814,9803123663,196876337,6675157707,107694585038,19396694700,141253,7880190,3902611700,170564115800,10651181476,18886851876,8776615554,999980812,29531379000,19188,985406609,14593391,26947197,15188043,984811957,11702154057,2828644800,132,2925538680,999999955,45,999815397,184603,2925538503,1000,1000,1000,1000,1000,1000,1000,107694420534,19396714600,183838,8081668,3902540900,170563962000,10676094234,18911752534,8776713274,999982889,29531343600,17111,985473013,14526987,26744024,15141450,984858550,11702284350,2828492800,9058,2925580180,999999954,46,999826924,173076,2925571076,1000,1000,1000,1000,1000,1000,1000
317000,35449010,1286103,6320000000,37920000000,20000,120000,9929327413282,1577988,6899117015,20480,6284550990,2000,987,2901707,12569061020,2413427070,17586572930,18503645030,9803553893,196446107,6698191213,107720125973,19455951900,190870,8217106,3910646700,171089264600,10685325228,18946410278,8801854257,999989430,29623023000,10570,985249111,14750889,26860681,15287124,984712876,11735805676,2837295500,8641,2933960060,1000000000,0,999830381,169619,2933951419,1000,1000,1000,1000,1000,1000,1000,107719918693,19455959100,211965,7784026,3911264400,171088951000,10711238082,18972302632,8801999507,999892575,29622769500,107425,985424961,14575039,26859286,15171579,984828421,11735999321,2837128200,8161,2934008040,999999935,65,999830186,169814,2933999814,1000,1000,1000,1000,1000,1000,1000
318000,35504830,1261593,6340000000,38040000000,20000,120000,9929126757719,2543311,6922780925,4916,6304495170,2000,1960,2930906,12608980508,2413524730,17586475270,18503393270,9803930294,196069706,6721237002,107745578014,19515160000,209743,8109465,3919236700,171613851200,10719206723,19005677423,8827154781,999899328,29714374800,100672,985268647,14731353,27044019,15257238,984742762,11769539662,2845925900,8641,2942393660,999999862,138,999833719,166281,2942384881,1000,1000,1000,1000,1000,1000,1000,107745544085,19515200600,185956,8192433,3919082400,171614079600,10746579124,19033059024,8827230784,999991692,29714487600,8308,985288539,14711461,26704147,15330063,984669937,11769641037,2845747900,8662,2942418940,999999975,25,999830547,169453,2942410253,1000,1000,1000,1000,1000,1000,1000
319000,35561460,1267795,6360000000,38160000000,20000,120000,9928926903909,2656355,6945446637,2588,6324438540,2000,10599,2938578,12648871904,2413573164,17586426836,18503192136,9804406262,195593738,6744257966,107771139339,19574343100,151203,7773491,3927960400,172138351000,10751010343,19062864393,8852435322,999981526,29805701700,18474,985494440,14505560,27265914,15240392,984759608,11803241508,2854591200,130,2950823080,999983236,16764,999828814,171186,2950806186,1000,1000,1000,1000,1000,1000,1000,107771045660,19574485400,241244,8025468,3927724000,172139498000,10783949263,19095857213,8852530012,999984312,29806045800,15688,985187280,14812720,26684668,15344056,984655944,11803373344,2854429000,8932,2950852280,999999984,16,999826168,173832,2950843332,1000,1000,1000,1000,1000,1000,1000
320000,35618620,1261772,6380000000,38280000000,20000,120000,9928718431995,11351923,6976688657,20198,6344381380,2000,10310,2896370,12688722364,2413587818,17586412182,18503032082,9804837410,195162590,6767277774,107796505397,19633563700,214338,8134634,3936155600,172662996200,10785275549,19122517349,8877764901,999981178,29897154300,18822,985491323,14508677,27333545,15187544,984812456,11837019856,2863196100,8449,2959263440,999999964,36,999825145,174855,2959254955,1000,1000,1000,1000,1000,1000,1000,107796473245,19633595800,190640,7795353,3936492400,172663121200,10818964969,19156210569,8877836928,999905387,29897115000,94613,985498782,14501218,27150095,15187667,984812333,11837113033,2863085900,62,2959284780,999991387,8613,999828495,171505,2959276105,1000,1000,1000,1000,1000,1000,1000
321000,35674930,1270139,6400000000,38400000000,20000,120000,9928518857746,11207392,6999192427,22480,6364325070,2000,10321,2893555,12728605180,2413660238,17586339762,18502810162,9805211985,194788015,6790303465,107822113531,19692819800,163950,7588220,3944988100,173188122800,10820254180,19182909380,8903051057,999911931,29988591300,88069,985455658,14544342,27443827,15282870,984717130,11870729030,2871789100,129,2967695240,999982862,17138,999831427,168573,2967677973,1000,1000,1000,1000,1000,1000,1000,107821989511,19692800600,194427,8003975,3944680200,173187755600,10853175510,19215810160,8903094774,999981992,29988594000,18008,985574638,14425362,27222146,15223172,984776828,11870790228,2871724600,9054,2967712920,999991588,8412,999835846,164154,2967695454,1000,1000,1000,1000,1000,1000,1000
322000,35731760,1252716,6420000000,38520000000,20000,120000,9928327714566,2645996,7013370130,2793,6384268240,2000,113534,2934740,12768530894,2413742962,17586257038,18502573638,9805541500,194458500,6813330894,107847571943,19752092900,232757,7732197,3953307100,173713409000,10856440543,19244516993,8928349240,999911228,30080194800,88772,985309028,14690972,27371500,15318560,984681440,11904465640,2880428700,8660,2976125100,999999960,40,999823600,176400,2976116400,1000,1000,1000,1000,1000,1000,1000,107847501878,19752067600,213238,7721822,3953321500,173712995200,10886063007,19274116757,8928393396,999898857,30080107500,101143,985433629,14566371,27244472,15310076,984689924,11904524524,2880312800,9020,2976140160,999999988,12,999828972,171028,2976131128,1000,1000,1000,1000,1000,1000,1000
323000,35787140,1258392,6440000000,38640000000,20000,120000,9928128111872,2490683,7035771351,4662,6404212860,2000,1924,2937472,12808416396,2413768855,17586231145,18502394245,9806015088,193984912,6836358284,107873148144,19811331400,173024,8089480,3961321600,174238346000,10890453954,19303934154,8953640252,999989852,30171786600,10148,985254708,14745292,27318656,15317504,984682496,11938186996,2889084900,8796,2984555560,999999980,20,999824256,175744,2984546744,1000,1000,1000,1000,1000,1000,1000,107873132682,19811426500,233005,8357336,3961011600,174239147400,10921287130,19334805530,8953672280,999982135,30172086600,17865,985006264,14993736,26807229,15429149,984570851,11938229651,2888988300,7542,2984565080,999999833,167,999832329,167671,2984557371,1000,1000,1000,1000,1000,1000,1000
324000,35843520,1248613,6460000000,38760000000,20000,120000,9927919703065,11176250,7067045593,2883,6424156480,2000,1183,2937649,12848307194,2413831115,17586168885,18502177285,9806452471,193547529,6859384165,107898581638,19870501300,172528,7669281,3970224500,174762511400,10927309040,19366153340,8978935535,999898748,30262946700,101252,985462870,14537130,27698722,15265887,984734113,11971914013,2897696000,8561,2992987140,999999899,101,999834222,165778,2992978478,1000,1000,1000,1000,1000,1000,1000,107898666334,19870605600,152296,8175694,3969652900,174763512000,10953703064,19392596864,8978978168,999987084,30263382900,12916,985176694,14823306,27046610,15321942,984678058,11971968158,2897679500,52,2992998240,999991802,8198,999828010,171990,2992989990,1000,1000,1000,1000,1000,1000,1000
325000,35898750,1254395,6480000000,38880000000,20000,120000,9927719800924,11321066,7089718059,20231,6444101250,2000,1936,2907355,12888162038,2413863490,17586136510,18501993810,9806912105,193087895,6882401743,107924041473,19929807500,233571,8006830,3978365300,175288104600,10964806486,19429087086,9004287207,999991546,30354666900,8454,985277394,14722606,27497948,15290641,984709359,12005716259,2906308000,97,3001429200,999999949,51,999817248,182752,3001429052,1000,1000,1000,1000,1000,1000,1000,107924309066,19929926100,154440,8144693,3978001300,175289322600,10985314683,19449656583,9004237815,999992123,30355119300,7877,984925425,15074575,26863902,15432187,984567813,12005644913,2906364400,121,3001423740,999983479,16521,999835202,164798,3001407098,1000,1000,1000,1000,1000,1000,1000
326000,35953650,1281477,6500000000,39000000000,20000,120000,9927520195150,11174556,7112199815,20442,6464046350,2000,1010,2900743,12928051816,2413890806,17586109194,18501807594,9807283977,192716023,6905408493,107949603622,19989002000,165070,7978896,3986690600,175812623200,11000601372,19490265072,9029559730,999988145,30446080800,11855,985325809,14674191,27627764,15357634,984642366,12039412966,2914882200,8802,3009862060,999999978,22,999821364,178636,3009853236,1000,1000,1000,1000,1000,1000,1000,107949622126,19989148600,214354,7847234,3987026300,175813910000,11018726641,19508452441,9029616120,999977926,30446335200,22074,985120086,14879914,27153660,15221340,984778660,12039488160,2915045100,8480,3009880520,1000000000,0,999824960,175040,3009872040,1000,1000,1000,1000,1000,1000,1000
327000,36008130,1266888,6520000000,39120000000,20000,120000,9927321367125,10245664,7134014268,22218,6483991870,2000,962,2902800,12967939304,2413921189,17586078811,18501622611,9807564880,192435120,6928430684,107974937626,20048132300,236741,7859929,3995359300,176336431800,11031736933,19546747383,9054856177,999911790,30537217200,88210,985576779,14423221,28035589,15308712,984691288,12073138688,2923462100,45,3018291200,999991356,8644,999828889,171111,3018282511,1000,1000,1000,1000,1000,1000,1000,107975125842,20048348600,170291,8125917,3995116300,176338409200,11056877767,19571984767,9054919017,999986905,30537789000,13095,985135316,14864684,27234011,15242694,984757306,12073225306,2923611400,8181,3018314620,999999850,150,999828311,171689,3018306289,1000,1000,1000,1000,1000,1000,1000
328000,36062530,1269878,6540000000,39240000000,20000,120000,9927129321446,2584744,7149096903,4650,6503937470,2000,127216,2934319,13007865640,2414002090,17585997910,18501392210,9807867541,192132459,6951445381,108000507351,20107482600,236244,7946909,4003683100,176862407600,11065710055,19606175205,9080196570,999988989,30628976400,11011,985343054,14656946,27799465,15344395,984655605,12106925805,2932107800,60,3026738160,999991135,8865,999823065,176935,3026729235,1000,1000,1000,1000,1000,1000,1000,108000607251,20107587900,197302,7569696,4004058100,176863341400,11091917351,19632427701,9080217165,999891700,30629145900,108300,985142951,14857049,27411551,15317286,984682714,12106956214,2932180000,8713,3026747780,999999982,18,999828151,171849,3026739049,1000,1000,1000,1000,1000,1000,1000
329000,36117880,1251487,6560000000,39360000000,20000,120000,9926920831276,11311386,7180434170,22542,6523882120,2000,113651,2896428,13047719156,2414029762,17585970238,18501216138,9808227552,191772448,6974453908,108026077150,20166754300,184205,8227968,4011759800,177387585400,11099588305,19665468105,9105499348,999987454,30720595800,12546,985181639,14818361,27711985,15371337,984628663,12140665763,2940727800,8382,3035174900,999999897,103,999828285,171715,3035166415,1000,1000,1000,1000,1000,1000,1000,108025930262,20166677400,157985,7998359,4012234000,177386702800,11127332507,19693166757,9105581303,999989053,30720287100,10947,985538902,14461098,27786149,15119546,984880454,12140775054,2940765000,119,3035193920,999999950,50,999815149,184851,3035193751,1000,1000,1000,1000,1000,1000,1000
330000,36172780,1259879,6580000000,39480000000,20000,120000,9926729960040,2454418,7194294611,22348,6543827220,2000,11390,2899349,13087609744,2414091558,17585908442,18501006142,9808545811,191454189,6997486655,108051566281,20225944700,163968,8034472,4020409800,177912061400,11132602446,19723863196,9130792267,999983877,30811917900,16123,985315560,14684440,27925483,15325716,984674284,12174389684,2949382900,8587,3043606020,999999984,16,999825783,174217,3043597417,1000,1000,1000,1000,1000,1000,1000,108051313211,20225794800,216563,8107128,4020531800,177910444000,11163687135,19754865535,9130828103,999989787,30811511400,10213,985799145,14200855,28117858,15195355,984804645,12174437445,2949286000,8301,3043617720,999999923,77,999828658,171342,3043609342,1000,1000,1000,1000,1000,1000,1000
331000,36227120,1232903,6600000000,39600000000,20000,120000,9926522601562,10109023,7224746512,2676,6563772880,2000,111895,2940981,13127540408,2414173785,17585826215,18500767315,9808814719,191185281,7020511227,108077146130,20285230000,158878,7971110,4028759700,178437467200,11168382974,19785070924,9156071908,999982625,30903542700,17375,985157661,14842339,27845436,15461028,984538972,12208095872,2957964900,8980,3052032960,999999984,16,999830136,169864,3052023964,1000,1000,1000,1000,1000,1000,1000,108076847316,20285045200,210007,7970715,4029038200,178435459200,11196998728,19813584278,9156123409,999984041,30902991600,15959,985775682,14224318,28180141,15256332,984743668,12208161668,2957879000,8349,3052055240,999991368,8632,999835841,164159,3052038259,1000,1000,1000,1000,1000,1000,1000
332000,36283330,1281992,6620000000,39720000000,20000,120000,9926322674738,10223613,7247380276,22266,6583716670,2000,1056,2898855,13167388808,2414143851,17585856149,18500640349,9809278725,190721275,7043536533,108102609972,20344424000,174588,8027247,4037223500,178961901600,11201684883,19843750733,9181356099,999988787,30994886100,11213,985289507,14710493,28044420,15390121,984609879,12241805479,2966643800,8941,3060466280,999992041,7959,999842920,157080,3060449380,1000,1000,1000,1000,1000,1000,1000,108102383151,20344283900,158072,8033548,4037344400,178960384600,11232977669,19874966219,9181436877,999984169,30994504500,15831,985710010,14289990,28197941,15267264,984732736,12241915836,2966487200,8181,3060487140,1000000000,0,999827841,172159,3060478959,1000,1000,1000,1000,1000,1000,1000
333000,36338670,1265818,6640000000,39840000000,20000,120000,9926131713915,1490104,7261419569,2809,6603661330,2000,127730,2933123,13207317042,2414231019,17585768981,18500392881,9809565097,190434903,7066561439,108128046438,20403600200,189972,7777787,4045949900,179486278800,11235010995,19902453395,9206649405,999904093,31086171600,95907,985372163,14627837,28295370,15353765,984646235,12275532535,2975283100,8335,3068891480,999999985,15,999832270,167730,3068883130,1000,1000,1000,1000,1000,1000,1000,108127748589,20403430100,164343,8181551,4045712600,179484297000,11268813257,19936153057,9206767752,999989042,31085732100,10958,985938586,14061414,28498344,15201192,984798808,12275690308,2975037600,8360,3068931000,999999916,84,999827944,172056,3068922556,1000,1000,1000,1000,1000,1000,1000
334000,36392970,1257888,6660000000,39960000000,20000,120000,9925931065603,2427957,7285093477,4875,6623607030,2000,10328,2924310,13247204310,2414303060,17585696940,18500167640,9809824930,190175070,7089566140,108153557549,20462904700,162614,7819958,4054369700,180011722200,11270049890,19962919440,9232028585,999980615,31177761000,19385,985293636,14706364,28213921,15321636,984678364,12309368564,2983883300,53,3077348680,999991352,8648,999825621,174379,3077339979,1000,1000,1000,1000,1000,1000,1000,108153285583,20462748700,215269,8074711,4054131300,180010043000,11303028244,19995812344,9232077346,999981413,31177426200,18587,985694597,14305403,28341584,15374438,984625562,12309433462,2983579800,66,3077365180,999991002,8998,999824384,175616,3077356116,1000,1000,1000,1000,1000,1000,1000
335000,36449440,1256466,6680000000,40080000000,20000,120000,9925723490378,10227507,7315460633,20546,6643550560,2000,12011,2899298,13287060028,2414312585,17585687415,18500003115,9810233282,189766718,7112567110,108179111859,20522190000,172315,7700652,4062846200,180537064000,11306344474,20024637224,9257318835,999905969,31269326100,94031,985121127,14878873,28192858,15409523,984590477,12343086277,2992485200,109,3085784060,999983491,16509,999837058,162942,3085767442,1000,1000,1000,1000,1000,1000,1000,108178875399,20522097100,214602,7886483,4062720800,180535929400,11335860849,20054094299,9257386188,999892801,31269083700,107199,985402468,14597532,28216267,15416879,984583121,12343178821,2992241000,8638,3085809560,999991711,8289,999837567,162433,3085792633,1000,1000,1000,1000,1000,1000,1000
336000,36504170,1264571,6700000000,40200000000,20000,120000,9925522881030,11148341,7339075336,2536,6663495830,2000,127096,2939907,13326986588,2414412371,17585587629,18499749529,9810597013,189402987,7135584101,108204564004,20581443300,208569,7883582,4071111200,181062118600,11339251087,20082953087,9282632444,999989397,31360877700,10603,985104988,14895012,28172291,15433347,984566653,12376843253,3001088100,8734,3094219560,999999983,17,999828491,171509,3094210809,1000,1000,1000,1000,1000,1000,1000,108204415666,20581383800,232294,8120172,4070921700,181061364400,11371992946,20115655246,9282694678,999986195,31360756800,13805,985282415,14717585,28077620,15433442,984566558,12376920558,3000911400,102,3094243020,999982962,17038,999833320,166680,3094225880,1000,1000,1000,1000,1000,1000,1000
337000,36557460,1272900,6720000000,40320000000,20000,120000,9925324188420,10101897,7360669109,2632,6683442540,2000,115820,2942696,13366879816,2414458017,17585541983,18499548283,9810981664,189018336,7158606180,108230049919,20640609500,189291,7785036,4079632200,181586391800,11372890494,20141963794,9307908415,999897529,31452187800,102471,985168099,14831901,28407070,15416755,984583245,12410544545,3009722400,8545,3102644700,999999975,25,999826770,173230,3102636130,1000,1000,1000,1000,1000,1000,1000,108229946308,20640710900,227195,8066451,4079391000,181587059400,11407545136,20176647486,9308032217,999985058,31452400200,14942,985080659,14919341,27952801,15455984,984544016,12410709616,3009532900,8821,3102686240,999999980,20,999828801,171199,3102677399,1000,1000,1000,1000,1000,1000,1000
338000,36612870,1274905,6740000000,40440000000,20000,120000,9925123436766,11136264,7384291764,20451,6703387130,2000,11489,2912942,13406733358,2414532330,17585467670,18499331170,9811379138,188620862,7181621696,108255765870,20700059000,213613,8214428,4087450900,182113427600,11406821334,20201403184,9333202076,999990286,31544352600,9714,984567347,15432653,27780161,15626985,984373015,12444263815,3018377600,102,3111078700,999983141,16859,999833561,166439,3111061739,1000,1000,1000,1000,1000,1000,1000,108255320583,20699810400,188462,7744956,4088231300,182110562400,11442876572,20237310422,9333359689,999904454,31543418400,95546,985434069,14565931,28463015,15332226,984667774,12444479574,3018113200,101,3111120020,999999966,34,999822815,177185,3111119885,1000,1000,1000,1000,1000,1000,1000
339000,36667420,1265559,6760000000,40560000000,20000,120000,9924924773851,10103830,7405900921,4856,6723332580,2000,1003,2932343,13446655448,2414625181,17585374819,18499084019,9811775457,188224543,7204640205,108281281036,20759380300,194697,8124972,4096081400,182639004600,11442969534,20262984784,9358564506,999992570,31635914400,7430,984444381,15555619,27733811,15515705,984484295,12478083095,3027081900,52,3119527380,999991261,8739,999831211,168789,3119518589,1000,1000,1000,1000,1000,1000,1000,108280882703,20759092900,165959,7900486,4096416500,182635897800,11475891654,20295748654,9358666361,999898747,31635059100,101253,985246901,14753099,28356954,15404493,984595507,12478221807,3026708800,51,3119555520,999999977,23,999823454,176546,3119555446,1000,1000,1000,1000,1000,1000,1000
340000,36720770,1270807,6780000000,40680000000,20000,120000,9924723852089,11243983,7429633284,22248,6743279230,2000,1016,2900837,13486513964,2414641372,17585358628,18498928428,9812148503,187851497,7227636967,108306615909,20818530700,173885,8133912,4104730100,183162896600,11477373007,20322737707,9383940665,999992079,31727055600,7921,984739477,15260523,28100498,15290233,984709767,12511920867,3035717000,99,3127980360,999999941,59,999821098,178902,3127980202,1000,1000,1000,1000,1000,1000,1000,108306324448,20818285000,180345,7887132,4104900000,183160299600,11510757370,20355990470,9383962418,999979419,31726386900,20581,985467150,14532850,28564831,15389013,984610987,12511949887,3035308500,8320,3127995800,999999989,11,999831331,168669,3127987469,1000,1000,1000,1000,1000,1000,1000
341000,36775630,1251932,6800000000,40800000000,20000,120000,9924533046910,2364263,7443575221,2621,6763224370,2000,1014,2937660,13526443498,2414755073,17585244927,18498678027,9812380600,187619400,7250653898,108331987662,20877699500,212647,8084252,4113322700,183687025400,11512750683,20383477333,9409254008,999983550,31818280200,16450,984970153,15029847,28406503,15231895,984768105,12545672005,3044303200,8186,3136426200,999999983,17,999828203,171797,3136417997,1000,1000,1000,1000,1000,1000,1000,108331863504,20877590100,230082,8271575,4112820500,183685949000,11544596671,20415269721,9409253515,999984643,31818189600,15357,985136305,14863695,28298662,15563747,984436253,12545671353,3043867000,7901,3136425740,999999999,1,999826162,173838,3136417838,1000,1000,1000,1000,1000,1000,1000
342000,36829820,1237147,6820000000,40920000000,20000,120000,9924333166223,2481038,7466428926,4564,6783170180,2000,1089,2931456,13566331232,2414782361,17585217639,18498497939,9812654724,187345276,7273671156,108357431629,20936828200,171174,7767970,4121982200,184210890000,11545704862,20441781962,9434552437,999899054,31909446600,100946,985183655,14816345,28780001,15280764,984719236,12579403236,3052796200,8921,3144859760,999999960,40,999823201,176799,3144850799,1000,1000,1000,1000,1000,1000,1000,108357328299,20936805700,207380,8027987,4121582400,184210538600,11580921852,20476979802,9434581240,999988342,31909485000,11658,985296035,14703965,28531993,15465853,984534147,12579441647,3052518600,8434,3144868860,999999981,19,999829393,170607,3144860407,1000,1000,1000,1000,1000,1000,1000
343000,36883560,1275943,6840000000,41040000000,20000,120000,9924133359701,2487160,7489117940,20310,6803116440,2000,127433,2895520,13606192260,2414768561,17585231439,18498353339,9812957200,187042800,7296692460,108382901940,20996068700,142246,7711239,4130441600,184735719800,11578907193,20500381093,9459904655,999892728,32000876100,107272,985188090,14811910,28870762,15299907,984700093,12613206193,3061320800,8921,3153310500,999999959,41,999819362,180638,3153301538,1000,1000,1000,1000,1000,1000,1000,108382777851,20995938400,186425,7881853,4130176600,184734420800,11616806531,20538215531,9459854740,999985061,32000667600,14939,985581253,14418747,28898892,15421752,984578248,12613139648,3061136200,8856,3153293780,999999984,16,999835492,164508,3153284908,1000,1000,1000,1000,1000,1000,1000
344000,36939430,1271527,6860000000,41160000000,20000,120000,9923925932280,10216146,7519654462,2883,6823060570,2000,126560,2937342,13646115374,2414864226,17585135774,18498112374,9813217578,186782422,7319718552,108408409510,21055362300,220234,8015920,4138468800,185261172600,11613659171,20560562171,9485185694,999983017,32092587000,16983,985043365,14956635,28705248,15469754,984530246,12646911446,3069868500,50,3161734240,999991562,8438,999830548,169452,3161725752,1000,1000,1000,1000,1000,1000,1000,108408275134,21055186900,220850,7558046,4138896400,185259548200,11651216342,20598039742,9485151884,999892777,32092147500,107223,985470705,14529295,28956428,15491644,984508356,12646869156,3069745900,7900,3161725240,999999932,68,999822828,177172,3161717272,1000,1000,1000,1000,1000,1000,1000
345000,36993040,1266978,6880000000,41280000000,20000,120000,9923726321149,10089637,7542258940,4604,6843006960,2000,125988,2925991,13686004712,2414916386,17585083614,18497906514,9813488849,186511151,7342732161,108433804609,21114498800,176307,7619783,4147376100,185785016000,11649646153,20621897303,9510522408,999912064,32183668200,87936,985333036,14666964,29145772,15363264,984636736,12680696536,3078446000,8688,3170182840,999999976,24,999822372,177628,3170174128,1000,1000,1000,1000,1000,1000,1000,108433739076,21114371000,157977,7991304,4146897400,185783838000,11684516231,20656709731,9510490958,999984765,32183560500,15235,985602916,14397084,29070451,15432993,984567007,12680654607,3078315400,60,3170163720,999999989,11,999820351,179649,3170163649,1000,1000,1000,1000,1000,1000,1000
346000,37047030,1275487,6900000000,41400000000,20000,120000,9923525538553,11116578,7566026309,4813,6862952970,2000,11518,2933217,13725896314,2414942031,17585057969,18497724769,9813779623,186220377,7365756137,108459132762,21173583500,165220,7719127,4155804500,186308331800,11683882966,20681455766,9535848641,999891726,32274735000,108274,985694920,14305080,29608694,15266753,984733247,12714464847,3086976100,8931,3178625160,999999977,23,999821694,178306,3178616206,1000,1000,1000,1000,1000,1000,1000,108459378585,21173641100,141226,8146457,4154984800,186309198200,11719637479,20717257229,9535728868,999981928,32275260900,18072,985379965,14620035,28925737,15591769,984408231,12714302431,3086943700,58,3178581800,999991821,8179,999828037,171963,3178573563,1000,1000,1000,1000,1000,1000,1000
347000,37100830,1256734,6920000000,41520000000,20000,120000,9923335619423,1308450,7578870536,2574,6882899170,2000,113180,2937894,13765793192,2415001373,17584998627,18497510827,9814159086,185840914,7388783278,108484772869,21232977800,190938,7805928,4163957300,186834779600,11718500736,20741552236,9561148379,999906055,32366661000,93945,985245024,14754976,29221769,15482690,984517310,12748195110,3095550400,63,3187054980,999991814,8186,999828069,171931,3187046731,1000,1000,1000,1000,1000,1000,1000,108484860219,21232941600,195150,7578161,4164051800,186834723200,11754025350,20777077850,9561050694,999903213,32366730000,96787,985283136,14716864,28984923,15582229,984417771,12748067571,3095618600,100,3187017040,999999937,63,999819723,180277,3187016877,1000,1000,1000,1000,1000,1000,1000
348000,37155380,1241870,6940000000,41640000000,20000,120000,9923135743458,1437723,7601606085,4911,6902844620,2000,12434,2929844,13805679418,2415041781,17584958219,18497316919,9814562956,185437044,7411801474,108510403766,21292315000,146580,7717752,4172346100,187360643600,11752618839,20801119689,9586452354,999907900,32458379400,92100,984985082,15014918,29036582,15575528,984424472,12781936472,3104176400,8682,3195492800,1000000000,0,999829182,170818,3195484118,1000,1000,1000,1000,1000,1000,1000,108510331367,21292145800,207263,7993063,4172119400,187359315600,11789187007,20837626007,9586348810,999988870,32458221900,11130,985340080,14659920,29033110,15550100,984449900,12781795600,3104264500,70,3195455300,999991560,8440,999821010,178990,3195446790,1000,1000,1000,1000,1000,1000,1000
349000,37208930,1249880,6960000000,41760000000,20000,120000,9922927345481,10070207,7632841985,20498,6922791070,2000,125517,2904834,13845541144,2415069488,17584930512,18497141412,9814953906,185046094,7434820850,108535703462,21351429300,181583,7691091,4181008000,187884257800,11787567086,20861404536,9611799323,999912123,32549463300,87877,985353238,14646762,29476615,15421292,984578708,12815729608,3112769600,47,3203938800,999991532,8468,999824115,175885,3203930285,1000,1000,1000,1000,1000,1000,1000,108535779519,21351309800,232948,7774801,4180790700,187883538800,11823412617,20897220067,9611603482,999898414,32549476500,101586,985473203,14526797,29328389,15544107,984455893,12815471293,3112904600,8800,3203876660,999999951,49,999827089,172911,3203867811,1000,1000,1000,1000,1000,1000,1000
350000,37262680,1289182,6980000000,41880000000,20000,120000,9922726581541,11103098,7656638903,22388,6942737320,2000,10821,2893641,13885429864,2415127239,17584872761,18496933461,9815187159,184812841,7457829323,108561151046,21410717800,216463,7688934,4189432900,188409516400,11818857491,20918112541,9637143614,999903414,32640999300,96586,985251717,14748283,29459603,15484589,984515411,12849524811,3121293000,8740,3212389960,999999977,23,999826503,173497,3212381197,1000,1000,1000,1000,1000,1000,1000,108561372944,21410601500,161813,7723885,4189176200,188408867000,11861358456,20960587456,9636933051,999898165,32641047000,101835,985356884,14643116,29286719,15578668,984421332,12849241132,3121494700,51,3212316940,999991192,8808,999835419,164581,3212308081,1000,1000,1000,1000,1000,1000,1000
351000,37316430,1260069,7000000000,42000000000,20000,120000,9922536522571,1407312,7669604471,22165,6962683570,2000,2009,2905049,13925322810,2415163483,17584836517,18496744017,9815548071,184451929,7480840181,108586653144,21469932600,140365,8124756,4197419300,188934077200,11853348702,20977986952,9662484094,999983043,32732477400,16957,985298846,14701154,29506303,15432309,984567691,12883312091,3129876000,7900,3220836000,999999897,103,999828103,171897,3220827997,1000,1000,1000,1000,1000,1000,1000,108586798721,21469767300,215411,7646519,4197740200,188933233000,11896144820,21020750970,9662199272,999912072,32732387100,87928,985504316,14495684,29494244,15570272,984429728,12882932328,3130154700,8420,3220741580,999999896,104,999821944,178056,3220733056,1000,1000,1000,1000,1000,1000,1000
352000,37370490,1248381,7020000000,42120000000,20000,120000,9922327151382,11079293,7702093515,2513,6982629510,2000,11413,2935928,13965253994,2415251075,17584748925,18496503525,9815783492,184216508,7503861786,108612075175,21529163200,204262,8215680,4205772300,189458924000,11889016333,21039053683,9687796277,999991230,32823959700,8770,985283109,14716891,29556779,15490802,984509198,12917061698,3138433700,9085,3229274520,999999986,14,999823079,176921,3229265421,1000,1000,1000,1000,1000,1000,1000,108612252963,21528963300,190384,8157581,4205689700,189457611400,11929706223,21079686523,9687518286,999983601,32823830400,16399,985583850,14416150,29580749,15524863,984475137,12916691037,3138742000,8976,3229181760,999999967,33,999829949,170051,3229172751,1000,1000,1000,1000,1000,1000,1000
353000,37424850,1261314,7040000000,42240000000,20000,120000,9922128263241,10198009,7723819867,20305,7002575150,2000,126609,2907168,14005109690,2415266550,17584733450,18496327350,9816169152,183830848,7526883842,108637620840,21588384300,203103,7723891,4214631200,189983701400,11923311216,21098744516,9713051929,999902259,32915302500,97741,985321440,14678560,29770281,15546152,984453848,12950733148,3147069600,8649,3237698140,999991728,8272,999836481,163519,3237681219,1000,1000,1000,1000,1000,1000,1000,108637727250,21588233200,229213,8120685,4214160400,189982804800,11964471411,21139867561,9712845053,999991739,32915360400,8261,985521460,14478540,29584721,15568668,984431332,12950457332,3147325400,45,3237620540,999991784,8216,999828621,171379,3237612279,1000,1000,1000,1000,1000,1000,1000
354000,37478200,1275382,7060000000,42360000000,20000,120000,9921928693949,10069665,7746365819,4951,7022521800,2000,11796,2940156,14045033698,2415353214,17584646786,18496082586,9816562744,183437256,7549918742,108663252238,21647659600,167462,7713045,4222914800,190509114400,11957223571,21158085771,9738322443,999898679,33006966000,101321,985130379,14869621,29656500,15658357,984341643,12984424343,3155706500,97,3246118740,999983257,16743,999833300,166700,3246101900,1000,1000,1000,1000,1000,1000,1000,108663285624,21647480600,150593,7988135,4222688000,190507786000,11999825501,21200627051,9738167921,999984279,33006825900,15721,985492418,14507582,29647539,15530518,984469482,12984223882,3155971200,61,3246056060,999999962,38,999821539,178461,3246055961,1000,1000,1000,1000,1000,1000,1000
355000,37531400,1249403,7080000000,42480000000,20000,120000,9921736607689,2391655,7761238966,22506,7042468600,2000,10363,2901023,14084892188,2415373644,17584626356,18495905956,9816991077,183008923,7572937365,108688691115,21706843200,165148,7782085,4231371100,191033420800,11993447827,21219681227,9763619478,999911516,33098274600,88484,985293737,14706263,29881121,15565243,984434757,13018156657,3164368500,8160,3254553280,999992059,7941,999839221,160779,3254537179,1000,1000,1000,1000,1000,1000,1000,108688805111,21706784400,208511,7747110,4231346800,191033286400,12032826657,21259059007,9763468453,999893222,33098379900,106778,985309596,14690404,29637874,15615121,984384879,13017952479,3164577400,119,3254500520,999983625,16375,999835674,164326,3254484026,1000,1000,1000,1000,1000,1000,1000
356000,37584230,1256233,7100000000,42600000000,20000,120000,9921528105304,11195376,7792803787,4470,7062415770,2000,11668,2932211,14124822600,2415455480,17584544520,18495666320,9817283129,182716871,7595959329,108713990142,21765992800,213299,7903473,4239855400,191557424000,12028652430,21280242330,9788977401,999898257,33189507600,101743,985481004,14518996,30160147,15447046,984552954,13051969854,3172949900,125,3262992620,999999958,42,999820547,179453,3262992453,1000,1000,1000,1000,1000,1000,1000,108714253471,21766001400,175340,7981151,4239598200,191557946000,12066868319,21318489769,9788815108,999984914,33189831000,15086,985387551,14612449,29703437,15534429,984465571,13051753471,3173196500,58,3262938440,999999981,19,999820137,179863,3262938363,1000,1000,1000,1000,1000,1000,1000
357000,37637000,1248340,7120000000,42720000000,20000,120000,9921337133766,2378063,7806629198,20534,7082363000,2000,11363,2898103,14164684932,2415451929,17584548071,18495511371,9817597657,182402343,7618950689,108739564370,21825332700,149191,8111716,4248012400,192083166200,12067470842,21344502142,9814350072,999982343,33281225400,17657,985283030,14716970,29956187,15475215,984524785,13085800085,3181517200,94,3271450140,999999967,33,999820087,179913,3271450013,1000,1000,1000,1000,1000,1000,1000,108739764916,21825276100,169376,8195432,4247838400,192083072200,12097205655,21374238155,9814140420,999990671,33281380500,9329,985296935,14703065,29687464,15521544,984478456,13085517656,3181814700,52,3271386000,999991288,8712,999833864,166136,3271377236,1000,1000,1000,1000,1000,1000,1000
358000,37689820,1264429,7140000000,42840000000,20000,120000,9921129726544,10065960,7837134620,4601,7102310180,2000,11378,2936502,14204611158,2415525704,17584474296,18495287796,9817829918,182170082,7641962076,108764926862,21884476700,215599,7685085,4256917000,192607121400,12099913022,21402298522,9839637773,999890668,33372341700,109332,985542255,14457745,30385187,15498314,984501686,13119514286,3190052700,53,3279884800,999991766,8234,999829187,170813,3279876513,1000,1000,1000,1000,1000,1000,1000,108765093953,21884379400,182579,7462202,4257163500,192606634800,12134058421,21436425671,9839458987,999892943,33372296400,107057,985740287,14259713,30300244,15384657,984615343,13119278643,3190426300,8105,3279827780,999999981,19,999825244,174756,3279819656,1000,1000,1000,1000,1000,1000,1000
359000,37743050,1269330,7160000000,42960000000,20000,120000,9920938684988,1374007,7851246527,2712,7122256950,2000,10560,2934044,14244508476,2415580295,17584419705,18495082405,9818045976,181954024,7664984452,108790460077,21943725500,189839,7711403,4265207700,193132162200,12131419679,21459214129,9864940016,999894242,33463890900,105758,985456114,14543886,30367072,15592256,984407744,13153253344,3198606700,8160,3288321520,999999968,32,999823272,176728,3288313328,1000,1000,1000,1000,1000,1000,1000,108790595953,21943621500,182210,7964676,4265030100,193131498200,12171740031,21499505981,9864771527,999911447,33463885800,88553,985629268,14370732,30249921,15455894,984544106,13153023106,3198963300,91,3288268460,999983210,16790,999838021,161979,3288251579,1000,1000,1000,1000,1000,1000,1000
360000,37795940,1271657,7180000000,43080000000,20000,120000,9920729274193,11054617,7883620953,2628,7142204060,2000,989,2935872,14284402864,2415646010,17584353990,18494874490,9818360668,181639332,7687991132,108816038342,22002993100,193601,7806590,4273455200,193657392600,12167936012,21521148912,9890203030,999991810,33555498300,8190,985426291,14573709,30310481,15679851,984320149,13186934649,3207244000,8248,3296748040,999991827,8173,999835681,164319,3296731619,1000,1000,1000,1000,1000,1000,1000,108816089393,22002977700,183387,7697387,4273746100,193657393800,12204363542,21557578442,9890166440,999898198,33555501000,101802,985430658,14569342,30135960,15467720,984532280,13186885780,3207528400,60,3296727820,999991580,8420,999828560,171440,3296719340,1000,1000,1000,1000,1000,1000,1000
361000,37848620,1259019,7200000000,43200000000,20000,120000,9920538201739,2352116,7897544636,20245,7162151380,2000,1953,2903150,14324262270,2415661355,17584338645,18494705945,9818724750,181275250,7711014120,108841603359,22062336800,204570,7954861,4281678400,194183335200,12201384164,21580050514,9915525794,999981307,33647280300,18693,985086850,14913150,30055443,15755549,984244451,13220701051,3215872000,8960,3305184240,999999977,23,999828843,171157,3305175257,1000,1000,1000,1000,1000,1000,1000,108841571133,22062219300,212090,7431727,4282391800,194182357800,12240068564,21618688514,9915457718,999892518,33646940100,107482,985446259,14553741,30236541,15549323,984450677,13220610277,3216100900,8160,3305160760,999999959,41,999826841,173159,3305152559,1000,1000,1000,1000,1000,1000,1000
362000,37901020,1236109,7220000000,43320000000,20000,120000,9920339558630,1252826,7919107412,20481,7182098980,2000,125303,2910688,14364156998,2415698856,17584301144,18494507844,9819086232,180913768,7734030130,108867219378,22121604700,155674,7581719,4290376200,194708602200,12235408244,21639495294,9940800189,999898743,33738790200,101257,984959027,15040973,30091384,15806195,984193805,13254400205,3224537100,8283,3313608440,999999859,141,999830584,169416,3313600016,1000,1000,1000,1000,1000,1000,1000,108867034445,22121417500,161241,7909260,4290374700,194706767000,12275147544,21679143294,9940805541,999988413,33738384300,11587,985542075,14457925,30315862,15485021,984514979,13254404479,3224676000,75,3313607740,999991273,8727,999827062,172938,3313598938,1000,1000,1000,1000,1000,1000,1000
363000,37954020,1264862,7240000000,43440000000,20000,120000,9920139716061,1372104,7942045735,4729,7202045980,2000,126725,2939929,14404082502,2415765065,17584234935,18494289135,9819315871,180684129,7757049573,108892509292,22180750300,213992,7896908,4298752200,195232480600,12269185510,21698621760,9966150244,999905201,33830001900,94799,985199429,14800571,30402028,15623584,984376416,13288200316,3233170800,8600,3322058700,999999972,28,999827728,172272,3322050072,1000,1000,1000,1000,1000,1000,1000,108892523368,22180628100,174795,7593831,4298975300,195231454600,12310599253,21739986653,9966077657,999899499,33829772700,100501,985531620,14468380,30470121,15639964,984360036,13288103536,3233178000,8401,3322034300,999999980,20,999827421,172579,3322025879,1000,1000,1000,1000,1000,1000,1000
364000,38006920,1248463,7260000000,43560000000,20000,120000,9919931264490,10057298,7973385425,20541,7221993080,2000,994,2901049,14443945078,2415795688,17584204312,18494111912,9819646531,180353469,7780073609,108917987285,22240011800,249004,8170909,4306906300,195757611600,12308075005,21762924255,9991463228,999984178,33921600000,15822,985140341,14859659,30337763,15668435,984331565,13321950965,3241765800,8886,3330496640,999999983,17,999825563,174437,3330487737,1000,1000,1000,1000,1000,1000,1000,108917924676,22239829700,217012,8041542,4307019200,195755952200,12341057988,21795826288,9991395946,999988790,33921233400,11210,985620086,14379914,30542096,15630050,984369950,13321861250,3241752200,8442,3330473780,999999966,34,999827796,172204,3330465304,1000,1000,1000,1000,1000,1000,1000
365000,38059730,1241467,7280000000,43680000000,20000,120000,9919740378704,1239683,7987312864,4972,7241940270,2000,124248,2935985,14483870596,2415877287,17584122713,18493869513,9819959995,180040005,7803097191,108943449081,22299104400,172067,7695453,4315810400,196281057600,12344130160,21824308210,10016752922,999899586,34012590000,100414,985533202,14466798,30895416,15595294,984404706,13355664906,3250347600,126,3338929080,999983030,16970,999836316,163684,3338911984,1000,1000,1000,1000,1000,1000,1000,108943647424,22299290800,243372,7786832,4315496900,196283085600,12374044575,21854326075,10016690352,999898349,34013251800,101651,984978781,15021219,30071832,15867980,984132020,13355581420,3250385800,124,3338908340,999982852,17148,999836732,163268,3338891068,1000,1000,1000,1000,1000,1000,1000
366000,38110660,1261739,7300000000,43800000000,20000,120000,9919530722481,11143593,8019944968,2623,7261889340,2000,1945,2941741,14523773434,2415911874,17584088126,18493678626,9820252719,179747281,7826112353,108968797223,22358279900,165068,7620420,4324368000,196805235800,12378890254,21884432504,10042123249,999889430,34103831700,110570,985710227,14289773,31162497,15551148,984448852,13389497652,3258840300,57,3347374500,999999960,40,999820997,179003,3347374403,1000,1000,1000,1000,1000,1000,1000,108969082260,22358438400,164820,8094064,4323745900,196807119200,12408663662,21914303812,10042034264,999983399,34104559500,16601,985198059,14801941,30282460,15669696,984330304,13389379004,3259073500,56,3347344840,999999956,44,999813360,186640,3347344740,1000,1000,1000,1000,1000,1000,1000
367000,38162620,1259140,7320000000,43920000000,20000,120000,9919339895956,2219995,8033687043,2895,7281837380,2000,1176,2941178,14563668970,2415950051,17584049949,18493486349,9820587902,179412098,7849113772,108994393866,22417664600,245854,8041336,4332256500,197331575600,12414759618,21945775018,10067400282,999984971,34195794300,15029,985312311,14687689,30747440,15761558,984238442,13423197642,3267437800,7978,3355813540,999991798,8202,999836440,163560,3355797360,1000,1000,1000,1000,1000,1000,1000,108994490483,22417659400,175517,7602497,4332824400,197331644400,12441944316,21972964666,10067375700,999890316,34195737300,109684,985376216,14623784,30629400,15549100,984450900,13423167600,3267705300,8580,3355800480,1000000000,0,999826800,173200,3355791900,1000,1000,1000,1000,1000,1000,1000
368000,38213950,1254248,7340000000,44040000000,20000,120000,9919132342268,10052902,8064247402,2949,7301786050,2000,124943,2938798,14603566202,2416015770,17583984230,18493263430,9820880122,179119878,7872135824,109019844346,22476937200,222883,8105887,4340697500,197856686400,12450472984,22006898734,10092785327,999990819,34287290700,9181,985253862,14746138,30759443,15681416,984318584,13457047084,3276037300,107,3364261920,999999944,56,999823943,176057,3364261757,1000,1000,1000,1000,1000,1000,1000,109019972054,22476865800,184449,7717805,4341082100,197856282000,12475312675,22031722075,10092663297,999890798,34287197100,109202,985377699,14622301,30711301,15614204,984385796,13456884396,3276273200,8561,3364229660,1000000000,0,999825901,174099,3364221099,1000,1000,1000,1000,1000,1000,1000
369000,38265320,1250341,7360000000,44160000000,20000,120000,9918932551960,10067692,8086876349,20264,7321734680,2000,125100,2907825,14643428832,2416026352,17583973648,18493098048,9821247495,178752505,7895148327,109045360187,22536160300,195651,7707322,4349533200,198381423800,12485323478,22067142428,10118091637,999891092,34378617900,108908,985283338,14716662,30972346,15658109,984341891,13490785991,3284671400,51,3372702980,999991425,8575,999828046,171954,3372694354,1000,1000,1000,1000,1000,1000,1000,109045669077,22536255300,145694,7676425,4349337100,198382667400,12509597331,22091482131,10117973488,999890987,34379079600,109013,984961644,15038356,30366157,15801869,984198131,13490625431,3284856600,98,3372669700,999982341,17659,999833757,166243,3372651943,1000,1000,1000,1000,1000,1000,1000
370000,38318250,1247581,7380000000,44280000000,20000,120000,9918731784463,11127719,8110708938,4662,7341681750,2000,124556,2932443,14683354176,2416107682,17583892318,18492860718,9821508037,178491963,7918156813,109070898736,22595494800,166113,8102140,4357543600,198907136800,12522018842,22129278042,10143454590,999988351,34470369000,11649,985067634,14932366,30738283,15671993,984328007,13524606107,3293263900,64,3381151620,999999961,39,999824883,175117,3381151517,1000,1000,1000,1000,1000,1000,1000,109071007061,22595422000,196952,7635304,4357947300,198906784800,12542103521,22149349821,10143297523,999898231,34470298200,101769,985199202,14800798,30673571,15727648,984272352,13524394052,3293441500,8835,3381113300,999992064,7936,999832871,167129,3381096529,1000,1000,1000,1000,1000,1000,1000
371000,38370670,1263863,7400000000,44400000000,20000,120000,9918541850963,1326256,8123580438,4894,7361629330,2000,11369,2941910,14723248872,2416161819,17583838181,18492653681,9821850590,178149410,7941162862,109096455205,22654815500,226375,7804978,4366221100,199432862200,12556142426,22188844376,10168740263,999898610,34561986000,101390,984833770,15166230,30667060,15791797,984208203,13558314703,3301885800,117,3389591500,999983057,16943,999837160,162840,3389574440,1000,1000,1000,1000,1000,1000,1000,109096491140,22654667300,196963,7942171,4366095800,199431695400,12577232842,22209880392,10168624509,999990971,34561831200,9029,985212772,14787228,30674401,15711592,984288408,13558160508,3302050800,89,3389552600,999983488,16512,999836201,163799,3389535999,1000,1000,1000,1000,1000,1000,1000
372000,38421940,1257305,7420000000,44520000000,20000,120000,9918342111763,1332782,8146266740,2558,7381578060,2000,125203,2934554,14763151004,2416214545,17583785455,18492443555,9822171386,177828614,7964170790,109121840488,22714044000,230661,7633522,4374953500,199957580800,12591621951,22249715251,10194116484,999889756,34653320700,110244,984920539,15079461,30840583,15682599,984317401,13592155301,3310491300,110,3398038960,999999967,33,999818583,181417,3398038817,1000,1000,1000,1000,1000,1000,1000,109121863567,22713908600,228236,8102068,4374523400,199956505200,12610859241,22268902241,10193995233,999984084,34653258600,15916,985206785,14793215,30754801,15609468,984390532,13591993632,3310660300,8265,3398006700,999999964,36,999824201,175799,3397998399,1000,1000,1000,1000,1000,1000,1000
373000,38474980,1270955,7440000000,44640000000,20000,120000,9918141504985,2177834,8169865005,2803,7401525020,2000,1130,2937237,14803044434,2416242119,17583757881,18492260081,9822424483,177575517,7987174417,109147263435,22773199900,211439,7825185,4383218000,200481546200,12625920584,22309367234,10219419504,999899562,34744578900,100438,985133320,14866680,31120958,15649754,984350246,13625892646,3319044300,8280,3406481500,999999922,78,999833458,166542,3406473142,1000,1000,1000,1000,1000,1000,1000,109147333538,22773152200,218195,7780881,4383303500,200481344400,12645920681,22329360681,10219329417,999890900,34744605900,109100,985215411,14784589,30935111,15585094,984414906,13625772506,3319250200,8041,3406451280,999999850,150,999829111,170889,3406443089,1000,1000,1000,1000,1000,1000,1000
374000,38527450,1271390,7460000000,44760000000,20000,120000,9917933795817,10163874,8200640143,2564,7421472550,2000,11559,2940297,14842939972,2416308791,17583691209,18492039209,9822634563,177365437,8010170535,109172914440,22832535300,137729,7836903,4391481100,201007408200,12662361112,22371257212,10244749757,999899091,34836331200,100909,984832014,15167986,30898823,15742166,984257834,13659663434,3327643500,37,3414922440,999991274,8726,999829423,170577,3414913677,1000,1000,1000,1000,1000,1000,1000,109172836661,22832392900,161382,7629300,4391826000,201006122600,12678626289,22387459839,10244677999,999898277,34835996100,101723,985283458,14716542,31071281,15612782,984387218,13659568018,3327760500,8739,3414906700,999992058,7942,999835781,164219,3414890019,1000,1000,1000,1000,1000,1000,1000
375000,38579430,1262433,7480000000,44880000000,20000,120000,9917742989635,1217400,8214470577,20202,7441420570,2000,11752,2901441,14882800736,2416343335,17583656665,18491849765,9822830759,177169241,8033182495,109198210021,22891601700,175292,8051477,4399774500,201530625800,12698338965,22432552865,10270043576,999988242,34927422900,11758,985288613,14711387,31345571,15705595,984294405,13693391405,3336156900,8362,3423356280,999999911,89,999826071,173929,3423347829,1000,1000,1000,1000,1000,1000,1000,109198230179,22891652100,191713,7655207,4400305300,201531108200,12711935200,22446172950,10270063538,999912413,34927454100,87587,985271977,14728023,31121264,15591726,984408274,13693415074,3336292100,54,3423360520,999991070,8930,999825064,174936,3423351536,1000,1000,1000,1000,1000,1000,1000
376000,38631770,1219240,7500000000,45000000000,20000,120000,9917542322386,2153039,8238255160,20474,7461368230,2000,123447,2901409,14922695512,2416399925,17583600075,18491636475,9822996311,177003689,8056197023,109223607868,22950788600,223982,8155917,4408147800,202054978800,12731639275,22491226875,10295352745,999985581,35018765700,14419,985402931,14597069,31540650,15718505,984281495,13727134195,3344709100,8395,3431798240,999991605,8395,999831950,168050,3431781450,1000,1000,1000,1000,1000,1000,1000,109223591736,22950779500,200792,7614443,4408786100,202054866200,12747848738,22507430438,10295371887,999911562,35018620800,88438,985560138,14439862,31488876,15599089,984400911,13727162511,3344785700,8201,3431798840,999999985,15,999825476,174524,3431790624,1000,1000,1000,1000,1000,1000,1000
377000,38683390,1250236,7520000000,45120000000,20000,120000,9917334727126,10058940,8268998306,4681,7481316610,2000,2067,2938908,14962623858,2416493566,17583506434,18491383534,9823209812,176790188,8079210270,109249084773,23010103700,220719,7896022,4416872400,202580447400,12766312247,22551327247,10320725527,999911734,35110268100,88266,985255798,14744202,31550464,15702837,984297163,13760967363,3353286100,8685,3440250540,999999981,19,999831864,168136,3440241836,1000,1000,1000,1000,1000,1000,1000,109249095191,23009980600,186394,8082470,4416652800,202579390000,12782456150,22567420450,10320648031,999991387,35110138800,8613,985590082,14409918,31515195,15675264,984324736,13760864036,3353337300,8119,3440224140,999999984,16,999835995,164005,3440216005,1000,1000,1000,1000,1000,1000,1000
378000,38733390,1252637,7540000000,45240000000,20000,120000,9917142846858,2158874,8283805826,22576,7501266610,2000,2062,2899584,15002488068,2416503232,17583496768,18491221468,9823496596,176503404,8102243964,109274619412,23069358300,226948,8213792,4424853100,203105652600,12802388012,22612821512,10346021684,999982075,35201955000,17925,985100595,14899405,31402820,15834036,984165964,13794695564,3361846100,56,3448673980,999999956,44,999817420,182580,3448673880,1000,1000,1000,1000,1000,1000,1000,109274675081,23069338700,188799,7627499,4425414300,203105481400,12815498539,22625923789,10345987620,999912297,35201824200,87703,985275657,14724343,31354360,15817540,984182460,13794650160,3361894600,8000,3448670540,1000000000,0,999825660,174340,3448662540,1000,1000,1000,1000,1000,1000,1000
379000,38784350,1250812,7560000000,45360000000,20000,120000,9916935121249,10152246,8314498327,4792,7521215650,2000,11320,2938765,15042421716,2416560295,17583439705,18491007905,9823851695,176148305,8125259011,109300209175,23128639700,139380,8036536,4433410200,203630868200,12836638797,22672488097,10371351101,999991464,35293451700,8536,985061349,14938651,31435885,15809784,984190216,13828468116,3370479600,69,3457117140,999999944,56,999824085,175915,3457117015,1000,1000,1000,1000,1000,1000,1000,109300163107,23128614000,228662,7897636,4433616400,203630717600,12850406671,22686249771,10371303697,999905889,35293430100,94111,985125512,14874488,31285423,15821426,984178574,13828402174,3370534800,57,3457106800,999991734,8266,999829323,170677,3457098477,1000,1000,1000,1000,1000,1000,1000
380000,38836240,1287307,7580000000,45480000000,20000,120000,9916744287142,1201667,8328151998,22274,7541163760,2000,940,2905159,15082282972,2416567909,17583432091,18490849491,9824223721,175776279,8148268893,109325579804,23187809300,195427,8021685,4442013400,204155022600,12872114715,22733327465,10396668535,999991294,35384682600,8706,985289671,14710329,31742977,15728142,984271858,13862218958,3379094600,111,3465567800,999982734,17266,999833377,166623,3465550423,1000,1000,1000,1000,1000,1000,1000,109325734231,23187898600,207341,7517253,4442334300,204156110800,12884114688,22745384288,10396606816,999890019,35384958600,109981,985046243,14953757,31294224,15896908,984103092,13862139692,3379143200,56,3465541120,999991812,8188,999826524,173476,3465532876,1000,1000,1000,1000,1000,1000,1000
381000,38886930,1259300,7600000000,45600000000,20000,120000,9916534674926,11096748,8360852059,4693,7561113070,2000,126088,2936557,15122216754,2416645374,17583354626,18490620626,9824448563,175551437,8171267317,109351122222,23247107500,180678,7637042,4450751700,204680474200,12906397030,22793038230,10421996684,999891023,35476206000,108977,985118523,14881477,31748400,15801716,984198284,13895990184,3387665400,96,3474009780,999983816,16184,999831600,168400,3473993500,1000,1000,1000,1000,1000,1000,1000,109351157578,23247142600,203302,7787552,4450610800,204680826800,12918917532,22805576382,10421966210,999982383,35476376700,17617,985166443,14833557,31397160,15808050,984191950,13895952150,3387732600,8770,3474003100,999991610,8390,999838960,161040,3473985940,1000,1000,1000,1000,1000,1000,1000
382000,38938440,1271606,7620000000,45720000000,20000,120000,9916334993087,10987878,8383433989,20439,7581061560,2000,127052,2906869,15162082242,2416647165,17583352835,18490468135,9824746311,175253689,8194285553,109376338998,23306162900,206301,7785532,4459271300,205203486600,12941077773,22853025323,10447350844,999891368,35567172300,108632,985590101,14409899,32296733,15599889,984400111,13929801111,3396226300,110,3482450420,999999957,43,999817533,182467,3482450267,1000,1000,1000,1000,1000,1000,1000,109376697105,23306481300,227250,8031355,4458732600,205206696200,12953467669,22865576019,10447301590,999990462,35568161100,9538,984843147,15156853,31139385,15902695,984097305,13929732705,3396316700,40,3482439400,999991755,8245,999833485,166515,3482431115,1000,1000,1000,1000,1000,1000,1000
383000,38989120,1273781,7640000000,45840000000,20000,120000,9916144153756,2121276,8397433995,2752,7601010880,2000,10655,2933663,15202016256,2416733632,17583266368,18490231268,9824919757,175080243,8217298813,109401910708,23365475300,147815,7953688,4467412100,205728923400,12975903005,22913276305,10472689114,999981185,35658812700,18815,985491526,14508474,32179241,15686927,984313073,13963585473,3404745500,8504,3490904900,999999963,37,999832341,167659,3490896359,1000,1000,1000,1000,1000,1000,1000,109402071497,23365609600,233639,8137183,4467127600,205730541600,12987981609,22925439259,10472611176,999989343,35659385700,10657,985072455,14927545,31449312,15847736,984152264,13963481564,3404891700,8480,3490878880,999999988,12,999823912,176088,3490870388,1000,1000,1000,1000,1000,1000,1000
384000,39039730,1258821,7660000000,45960000000,20000,120000,9915944325220,2217225,8420294946,2717,7620960270,2000,12347,2943115,15241915106,2416785945,17583214055,18490020355,9825171645,174828355,8240306251,109427260395,23424704800,234890,8385365,4475496200,206253656000,13009511010,22972276410,10498036530,999988220,35750314200,11780,985436915,14563085,32199295,15707465,984292535,13997382035,3413267300,8620,3499354140,999999985,15,999828495,171505,3499345505,1000,1000,1000,1000,1000,1000,1000,109427662129,23424854700,174212,8227274,4475383000,206255466200,13023592622,22986452422,10497901009,999992495,35750898600,7505,985034242,14965758,31484847,15875538,984124462,13997195762,3413513200,97,3499311600,999983250,16750,999840347,159653,3499294753,1000,1000,1000,1000,1000,1000,1000
385000,39090760,1262185,7680000000,46080000000,20000,120000,9915744563065,2211577,8442938446,20275,7640909240,2000,11445,2907639,15281777930,2416805542,17583194458,18489845558,9825520741,174479259,8263339971,109452743387,23483923200,235659,8101516,4484168100,206778393600,13043871190,23032030390,10523340399,999980351,35841691800,19649,985512633,14487367,32357582,15754783,984245217,14031120517,3421838300,8577,3507788740,999999955,45,999824682,175318,3507780118,1000,1000,1000,1000,1000,1000,1000,109453124597,23484061700,212578,7915668,4484118100,206780185800,13058442080,23046695980,10523189235,999990207,35842273500,9793,985119532,14880468,31652925,15920390,984079610,14030913110,3422120400,95,3507741580,999982390,17610,999830025,169975,3507723875,1000,1000,1000,1000,1000,1000,1000
386000,39142030,1253124,7700000000,46200000000,20000,120000,9915545814391,1280331,8464854574,2513,7660857970,2000,1967,2940329,15321710914,2416915622,17583084378,18489586778,9825733891,174266109,8286367805,109478171851,23543090100,192728,8237853,4492466000,207302522600,13077930418,23091451818,10548679238,999980402,35932993200,19598,985659095,14340905,32580393,15715355,984284645,14064905645,3430374500,56,3516226480,999999983,17,999820893,179107,3516226407,1000,1000,1000,1000,1000,1000,1000,109478594126,23543328600,236278,7579954,4492868900,207305325200,13093626341,23107293091,10548504144,999892147,35933716800,107853,985029915,14970085,31733668,15963724,984036276,14064672176,3430702500,8220,3516176300,999999952,48,999827068,172932,3516168032,1000,1000,1000,1000,1000,1000,1000
387000,39192360,1291514,7720000000,46320000000,20000,120000,9915336269071,11073262,8497289245,2841,7680807640,2000,1928,2941585,15361609598,2416954333,17583045667,18489394467,9826111435,173888565,8309385833,109503698877,23602417000,240150,8109966,4501012100,207828290800,13109960610,23148926660,10574002125,999985662,36024649200,14338,985464671,14535329,32458609,15790884,984209116,14098666816,3438989500,57,3524672800,999991948,8052,999820209,179791,3524664691,1000,1000,1000,1000,1000,1000,1000,109504181299,23602563900,176904,8080437,4500734900,207830188600,13130713598,23169779898,10573792854,999985286,36025318800,14714,984993787,15006213,31680101,15970947,984029053,14098384653,3439345700,124,3524609380,999982543,17457,999839501,160499,3524591799,1000,1000,1000,1000,1000,1000,1000
388000,39243130,1266736,7740000000,46440000000,20000,120000,9915136635629,10971167,8519922918,2661,7700756870,2000,11505,2945333,15401508418,2417015796,17582984204,18489186204,9826380307,173619693,8332386725,109529205656,23661729000,216314,7688757,4509824000,208353734800,13143322057,23207714357,10599363673,999904960,36116124900,95040,985347850,14652150,32498690,15824917,984175083,14132484883,3447530400,107,3533121360,999999957,43,999823190,176810,3533121210,1000,1000,1000,1000,1000,1000,1000,109529542482,23661764800,208960,7970667,4509443400,208354656000,13166562002,23231007402,10599148521,999991957,36116601600,8043,985163571,14836429,31913814,15849893,984150107,14132195307,3447971600,51,3533055000,999991837,8163,999827214,172786,3533046786,1000,1000,1000,1000,1000,1000,1000
389000,39293930,1254015,7760000000,46560000000,20000,120000,9914936908005,10967428,8542599838,2503,7720706070,2000,11487,2939976,15441407134,2417074733,17582925267,18488974067,9826711624,173288376,8355404058,109554787005,23721061600,198580,7804673,4518074900,208879540800,13175835377,23265673977,10624692648,999892921,36207860700,107079,985054516,14945484,32291795,15883347,984116653,14166256853,3456152600,102,3541564340,999999967,33,999820195,179805,3541564205,1000,1000,1000,1000,1000,1000,1000,109555022705,23721051900,233948,8084726,4517771600,208879898200,13203198371,23293060521,10624468669,999898667,36208156800,101333,984965118,15034882,31887451,15876382,984123618,14165958218,3456562100,9189,3541498760,999999978,22,999838051,161949,3541489549,1000,1000,1000,1000,1000,1000,1000
390000,39344970,1241284,7780000000,46680000000,20000,120000,9914746980394,1159034,8555445443,4584,7740655030,2000,1035,2937617,15481300892,2417125228,17582874772,18488766772,9827051643,172948357,8378400435,109580353259,23780422300,234696,7873420,4526428700,209405521400,13209620787,23324913087,10650014769,999987346,36299594400,12654,984876631,15123369,32095285,15949016,984050984,14200013984,3464783900,101,3550016440,999982876,17124,999838485,161515,3549999215,1000,1000,1000,1000,1000,1000,1000,109580529190,23780368600,233440,7724751,4526576100,209405541200,13238544344,23353844594,10649838921,999899597,36299712900,100403,984843307,15156693,31845710,15878989,984121011,14199785211,3465168200,59,3549946400,999999949,51,999821810,178190,3549946290,1000,1000,1000,1000,1000,1000,1000
391000,39394460,1260394,7800000000,46800000000,20000,120000,9914546221073,2174094,8579156871,2745,7760605540,2000,11511,2950187,15521205590,2417170267,17582829733,18488568333,9827373573,172626427,8401406163,109605762311,23839530900,159237,7876697,4534938500,209929096200,13244453786,23385080936,10675333796,999992338,36390709800,7662,985213854,14786146,32504516,15797120,984202880,14233778380,3473402200,8452,3558453080,999999956,44,999832016,167984,3558444584,1000,1000,1000,1000,1000,1000,1000,109606178488,23839711300,151106,7614591,4534982800,209931349000,13272901759,23413647159,10675162223,999895314,36391391400,104686,984615712,15384288,31698798,15949875,984050125,14233549625,3473770800,8741,3558396160,999999983,17,999833098,166902,3558387402,1000,1000,1000,1000,1000,1000,1000
392000,39445990,1270474,7820000000,46920000000,20000,120000,9914338505578,10125415,8609822838,22284,7780554010,2000,957,2909071,15561063452,2417198293,17582801707,18488385107,9827631729,172368271,8424420081,109631134758,23898687800,233688,7915689,4543386700,210453248400,13279533120,23445525170,10700634163,999986633,36482001600,13367,985384415,14615585,32759282,15821119,984178881,14267506381,3481952900,93,3566889820,999982491,17509,999831482,168518,3566872218,1000,1000,1000,1000,1000,1000,1000,109631540511,23898873200,163475,8004029,4543121200,210455437600,13307097699,23473203399,10700508536,999984773,36482723700,15227,984820635,15179365,31890962,15882726,984117274,14267344674,3482322200,8220,3566844480,999999878,122,999825662,174338,3566836138,1000,1000,1000,1000,1000,1000,1000
393000,39495980,1281736,7840000000,47040000000,20000,120000,9914146722718,2164381,8624643315,20283,7800504020,2000,127793,2910860,15600967474,2417237499,17582762501,18488178401,9827870320,172129680,8447438394,109656611566,23957866700,170437,7522314,4552160400,210977567800,13312193250,23503557900,10725948318,999892380,36573243900,107620,985491481,14508519,33047401,15812183,984187817,14301264417,3490515300,8340,3575324460,999999979,21,999821301,178699,3575316099,1000,1000,1000,1000,1000,1000,1000,109656968033,23958103300,166627,7537607,4552072500,210980120200,13343537971,23535032571,10725855540,999899474,36573984000,100526,984921594,15078406,32157920,15850280,984149720,14301140720,3490884100,8580,3575293760,1000000000,0,999828920,171080,3575285180,1000,1000,1000,1000,1000,1000,1000
394000,39546850,1270668,7860000000,47160000000,20000,120000,9913938077317,11049615,8656312470,22236,7820453150,2000,1917,2909027,15640861828,2417271832,17582728168,18487994268,9828094353,171905647,8470448181,109682085036,24017164600,222184,7532372,4560607600,211502905200,13347980813,23564766813,10751282968,999903280,36664790700,96720,985411520,14588480,33033240,15854772,984145228,14335038228,3499086400,112,3583772560,999982812,17188,999837340,162660,3583755260,1000,1000,1000,1000,1000,1000,1000,109682409566,24017297900,162257,8046207,4559987600,211504525400,13377090002,23593960602,10751178931,999989022,36665449500,10978,985006763,14993237,32226641,15860510,984139490,14334902390,3499421600,47,3583732060,999991446,8554,999833241,166759,3583723459,1000,1000,1000,1000,1000,1000,1000
395000,39598760,1255993,7880000000,47280000000,20000,120000,9913747264254,2163436,8670266760,2540,7840401240,2000,1032,2942624,15680797400,2417361190,17582638810,18487744910,9828300176,171699824,8493460876,109707602428,24076399900,136603,8150907,4568348100,212027727800,13381140309,23623323309,10776627981,999991452,36756405900,8548,985319229,14680771,32937477,15856096,984143904,14368837304,3507638700,9165,3592218500,999999988,12,999824577,175423,3592209323,1000,1000,1000,1000,1000,1000,1000,109707827154,24076475400,153019,7607766,4568901300,212028797200,13413179266,23655419666,10776501638,999898686,36756638400,101314,985183577,14816423,32569091,15819353,984180647,14368668847,3507998000,8180,3592175400,999999989,11,999827391,172609,3592167209,1000,1000,1000,1000,1000,1000,1000
396000,39650980,1261002,7900000000,47400000000,20000,120000,9913539653752,10041288,8700881566,2599,7860349020,2000,1150,2942236,15720692842,2417421340,17582578660,18487531160,9828560944,171439056,8516458986,109733092053,24135775400,235370,7763166,4577190100,212553890800,13415240025,23682886275,10801966077,999899297,36848069700,100703,985013638,14986362,32799441,15945964,984054036,14402621436,3516242200,8501,3600663860,1000000000,0,999827541,172459,3600655359,1000,1000,1000,1000,1000,1000,1000,109733216528,24135729300,235816,7803278,4577237900,212553703400,13448211273,23715851573,10801847150,999905504,36848106000,94496,985176652,14823348,32633548,15822398,984177602,14402456902,3516552600,114,3600627760,999982106,17894,999838948,161052,3600609752,1000,1000,1000,1000,1000,1000,1000
397000,39701210,1269108,7920000000,47520000000,20000,120000,9913347884370,2061329,8715734678,2634,7880298790,2000,11396,2947637,15760592312,2417467199,17582532801,18487335201,9828746623,171253377,8539472335,109758584033,24194940400,190299,7918895,4585414800,213078036800,13449374807,23742384557,10827254360,999987523,36939399900,12477,985243267,14756733,33015044,15955084,984044916,14436336416,3524807100,8232,3609098480,999991808,8192,999838844,161156,3609082056,1000,1000,1000,1000,1000,1000,1000,109758710819,24194971400,146336,7612100,4585779300,213078561200,13483296289,23776334939,10827221189,999911823,36939523800,88177,985198108,14801892,32724585,15828796,984171204,14436294904,3525059500,101,3609073860,999999956,44,999820385,179615,3609073715,1000,1000,1000,1000,1000,1000,1000
398000,39751490,1268609,7940000000,47640000000,20000,120000,9913140180289,10026268,8746399430,20183,7900248510,2000,1041,2904708,15800456654,2417513557,17582486443,18487125743,9829000792,170999208,8562469246,109784030256,24254243000,193963,7741247,4594099800,213603369200,13482603057,23801033257,10852645877,999904552,37030875600,95448,985118225,14881775,33050073,15915296,984084704,14470191604,3533370900,7957,3617562380,999991304,8696,999836873,163127,3617545727,1000,1000,1000,1000,1000,1000,1000,109784133516,24254207900,177137,7797996,4594065100,213603376600,13519262043,23837697093,10852560490,999898929,37030997100,101071,985153680,14846320,32779051,15834361,984165639,14470080639,3533617300,128,3617520320,999999957,43,999817651,182349,3617520149,1000,1000,1000,1000,1000,1000,1000
399000,39802420,1244122,7960000000,47760000000,20000,120000,9912939441858,11033371,8770178089,22235,7920197580,2000,112252,2902728,15840350690,2417573529,17582426471,18486910671,9829226792,170773208,8585468782,109809399854,24313424300,171115,7552127,4602839200,214127590200,13517316611,23861112961,10878022755,999898877,37122079200,101123,985343600,14656400,33357823,15796168,984203832,14504030332,3541934600,8779,3626016380,999999976,24,999824023,175977,3626007577,1000,1000,1000,1000,1000,1000,1000,109809682935,24313503400,192387,7929644,4602247300,214128888400,13553663065,23897530665,10877861031,999979773,37122690600,20227,985002347,14997653,32625274,15978243,984021757,14503814657,3542174100,9021,3625962800,999999847,153,999814574,185426,3625953626,1000,1000,1000,1000,1000,1000,1000
400000,39852820,1267555,7980000000,47880000000,20000,120000,9912740622138,10117011,8792119255,20268,7940147180,2000,126871,2912120,15880253824,2417622549,17582377451,18486699351,9829387740,170612260,8608477864,109834688393,24372512100,206362,7910491,4611002600,214650993800,13553749941,23922873041,10903352494,999990561,37213244400,9439,985716946,14283054,33722985,15744191,984255809,14537803309,3550432800,56,3634450920,999999951,49,999815085,184915,3634450815,1000,1000,1000,1000,1000,1000,1000,109835157155,24372729800,146824,7662999,4610975100,214653397200,13586486433,23955732533,10903205648,999890400,37213938300,109600,985117493,14882507,32908593,15921645,984078355,14537602055,3550730900,86,3634412920,999983573,16427,999841193,158807,3634396407,1000,1000,1000,1000,1000,1000,1000
401000,39902910,1251069,8000000000,48000000000,20000,120000,9912548984032,2029372,8806905949,2881,7960097090,2000,125367,2947459,15920188418,2417691204,17582308796,18486482896,9829565341,170434659,8631494459,109860137129,24431695400,231010,7678620,4619593700,215175310800,13585727255,23980222255,10928622883,999901649,37304523900,98351,985821562,14178438,33990913,15841130,984158870,14571497170,3558946300,8131,3642882440,999999978,22,999831113,168887,3642874287,1000,1000,1000,1000,1000,1000,1000,109860428256,24431888100,233810,7817253,4619480200,215177411400,13623799109,24018401309,10928559505,999983093,37305153600,16907,985441415,14558585,33213222,15800417,984199583,14571407283,3559313000,111,3642864060,999983829,16171,999835922,164078,3642847778,1000,1000,1000,1000,1000,1000,1000
402000,39952960,1269015,8020000000,48120000000,20000,120000,9912349204861,2025694,8829658401,22446,7980047040,2000,127028,2904019,15960049188,2417702155,17582297845,18486321645,9829778261,170221739,8654506949,109885805197,24491095900,163416,7766315,4627748000,215701728600,13619502447,24039473497,10953983290,999911912,37396423800,88088,985381883,14618117,33613971,15982781,984017219,14605308119,3567497400,48,3651333680,999991197,8803,999828971,171029,3651324829,1000,1000,1000,1000,1000,1000,1000,109885884326,24491082800,213045,7664305,4627999600,215701837600,13659150960,24079130460,10953870877,999899034,37396477500,100966,985486991,14513009,33420157,15853680,984146320,14605158420,3567823100,8749,3651304540,999991752,8248,999836257,163743,3651287543,1000,1000,1000,1000,1000,1000,1000
403000,40002600,1285699,8040000000,48240000000,20000,120000,9912149412179,2119931,8852604530,2877,7999997400,2000,956,2942553,15999989046,2417787110,17582212890,18486071990,9829994107,170005893,8677536153,109911257917,24550383300,164133,7780775,4636243000,216226959400,13654674375,24100061425,10979353092,999891843,37487931300,108157,985285293,14714707,33620350,15924858,984075142,14639137442,3576102600,108,3659784500,999999958,42,999824850,175150,3659784350,1000,1000,1000,1000,1000,1000,1000,109911306600,24550214600,188567,8299782,4635733900,216225799600,13693316270,24138651920,10979177164,999981139,37487911500,18861,985589828,14410172,33522689,15880725,984119275,14638902875,3576344400,98,3659725840,999999969,31,999817589,182411,3659725711,1000,1000,1000,1000,1000,1000,1000
404000,40052870,1245379,8060000000,48360000000,20000,120000,9911940739350,11018024,8884133806,22274,8019947130,2000,1902,2903570,16039849712,2417804074,17582195926,18485899026,9830342490,169657510,8700554702,109936776892,24609613400,141562,7608055,4644814200,216751822000,13687719781,24158506981,11004665051,999885497,37579366200,114503,985308915,14691085,33723818,15946467,984053533,14672884033,3584704900,73,3668227160,999991895,8105,999820018,179982,3668218982,1000,1000,1000,1000,1000,1000,1000,109936947014,24609610600,218712,8004662,4644281600,216752265200,13729430488,24200245738,11004465812,999911500,37579742100,88500,985152242,14847758,33237242,16096730,983903270,14672621070,3584932600,8984,3668164280,999999962,38,999824842,175158,3668155258,1000,1000,1000,1000,1000,1000,1000
405000,40104880,1257243,8080000000,48480000000,20000,120000,9911750005737,2022637,8897841522,20506,8039895120,2000,1131,2909057,16079749228,2417852574,17582147426,18485684026,9830660043,169339957,8723569871,109962121600,24668784400,225475,8097538,4652846500,217276056800,13720758006,24216913506,11029964968,999988237,37670772300,11763,985459962,14540038,33853425,15936557,984063443,14706619943,3593281100,102,3676655120,999999957,43,999818425,181575,3676654975,1000,1000,1000,1000,1000,1000,1000,109962480465,24668945900,213713,7802314,4652931700,217277990200,13765571970,24261828120,11029819147,999899709,37671337500,100291,984981035,15018965,33163026,16094879,983905121,14706425521,3593558300,8781,3676615180,999999975,25,999827226,172774,3676606374,1000,1000,1000,1000,1000,1000,1000
406000,40155780,1261221,8100000000,48600000000,20000,120000,9911550309776,2006542,8920493438,22468,8059844220,2000,919,2908592,16119643504,2417931118,17582068882,18485453982,9830997488,169002512,8746575792,109987709523,24728049300,148103,7759784,4661532900,217801201800,13754666116,24276235066,11055281323,999891706,37762237200,108294,985355248,14644752,33920742,15949319,984050681,14740375081,3601902100,93,3685093900,999999951,49,999817642,182358,3685093758,1000,1000,1000,1000,1000,1000,1000,109987925434,24728139200,163308,8024268,4661226800,217802336000,13800874194,24322502794,11055178154,999990726,37762684800,9274,985169740,14830260,33336714,15977460,984022540,14740234640,3602163100,38,3685065220,999991304,8696,999825514,174486,3685056486,1000,1000,1000,1000,1000,1000,1000
407000,40205810,1256603,8120000000,48720000000,20000,120000,9911351497808,1106654,8942337232,22481,8079794190,2000,114438,2912860,16159543418,2418010662,17581989338,18485219838,9831270120,168729880,8769587838,110013082295,24787219900,211097,7693420,4670074500,218325377400,13788224652,24335158252,11080574827,999911582,37853490900,88418,985587346,14412654,34207264,15976637,984023363,14774099763,3610438100,8505,3693533460,999999981,19,999827764,172236,3693524936,1000,1000,1000,1000,1000,1000,1000,110013357545,24787428200,214203,8093456,4669686200,218327640400,13836421707,24383470707,11080527309,999983770,37854230100,16230,985059186,14940814,33313416,15943807,984056193,14774036393,3610787600,119,3693509260,999999943,57,999821116,178884,3693509084,1000,1000,1000,1000,1000,1000,1000
408000,40255260,1257303,8140000000,48840000000,20000,120000,9911150840820,2004774,8966013325,20508,8099744740,2000,125843,2903087,16199448464,2418042894,17581957106,18485030306,9831481053,168518947,8792586517,110038530014,24846514200,230411,8070717,4678202100,218850665200,13822126529,24394478829,11105945201,999981728,37945101600,18272,985485403,14514597,34115775,15947674,984052326,14807926926,3619020400,8329,3701990080,999999974,26,999827875,172125,3701981725,1000,1000,1000,1000,1000,1000,1000,110038877863,24846722100,175849,7907157,4678256400,218852910600,13871671375,24444138025,11105880632,999990537,37945724100,9463,985016541,14983459,33340704,15981072,984018928,14807840828,3619322600,8540,3701968780,999999956,44,999828604,171396,3701960196,1000,1000,1000,1000,1000,1000,1000
409000,40305170,1268049,8160000000,48960000000,20000,120000,9910951114794,1997648,8988815056,22251,8119694830,2000,11570,2905650,16239345158,2418091742,17581908258,18484815158,9831663490,168336510,8815575248,110064043610,24905752300,177254,7644423,4687016500,219375461400,13858188317,24455935617,11131282917,999892973,38036431200,107027,985513061,14486939,34317788,15958071,984041929,14841707829,3627571000,8647,3710441740,999991819,8181,999832788,167212,3710424912,1000,1000,1000,1000,1000,1000,1000,110064114348,24905836900,237521,8125012,4686704300,219376421000,13904988064,24502784764,11131242594,999984759,38036814300,15241,985359382,14640618,33770023,15830729,984169271,14841656771,3627862400,8280,3710422520,999999937,63,999829323,170677,3710414177,1000,1000,1000,1000,1000,1000,1000
410000,40354170,1245280,8180000000,49080000000,20000,120000,9910752310852,1097825,9010804116,4855,8139645830,2000,124431,2942341,16279281950,2418178277,17581821723,18484571123,9831815899,168184101,8838579849,110089518676,24965076200,195566,7789764,4695328800,219901107600,13891264579,24514449279,11156656192,999899351,38128097400,100649,985287265,14712735,34165614,15962522,984037478,14875541578,3636158500,100,3718885520,999999966,34,999821414,178586,3718885386,1000,1000,1000,1000,1000,1000,1000,110089619015,24965111800,220048,8031272,4695157800,219901524400,13940974710,24564181010,11156590505,999991304,38128299900,8696,985332125,14667875,33813721,15905216,984094784,14875448684,3636359500,93,3718874240,999984032,15968,999841021,158979,3718858179,1000,1000,1000,1000,1000,1000,1000
411000,40403350,1273196,8200000000,49200000000,20000,120000,9910542747081,10918495,9043517832,2779,8159596650,2000,941,2942795,16319187742,2418220176,17581779824,18484367524,9831919125,168080875,8861575667,110115023824,25024352600,165750,8072985,4703467000,220426216400,13926995639,24575590089,11182009013,999981488,38219661000,18512,985249646,14750354,34128758,15967945,984032055,14909342455,3644714800,51,3727342180,999991313,8687,999830258,169742,3727333442,1000,1000,1000,1000,1000,1000,1000,110114959403,25024255500,200697,7632217,4704012300,220425427800,13974578474,24623135774,11181955520,999890416,38219406600,109584,985557316,14442684,34218600,15883280,984116720,14909274020,3644816400,8580,3727327100,999999980,20,999822400,177600,3727318500,1000,1000,1000,1000,1000,1000,1000
412000,40452560,1272245,8220000000,49320000000,20000,120000,9910342973893,10913454,9066365533,4572,8179547440,2000,1115,2941143,16359085736,2418237147,17581762853,18484201953,9832088577,167911423,8884599513,110140375005,25083456000,222138,7736755,4712262500,220949840000,13959285143,24633218143,11207287158,999897886,38310735300,102114,985568367,14431633,34604381,15996923,984003077,14943043777,3653235300,120,3735774040,999982699,17301,999833381,166619,3735756619,1000,1000,1000,1000,1000,1000,1000,110140430093,25083460000,154293,7618202,4712414400,220949892800,14011572697,24685508497,11207288231,999902909,38310758400,97091,985669171,14330829,34393262,15892731,984107269,14943050969,3653339500,8285,3735771040,999999983,17,999825662,174338,3735762738,1000,1000,1000,1000,1000,1000,1000
413000,40502190,1245979,8240000000,49440000000,20000,120000,9910152920182,1186121,9079380580,22281,8199497810,2000,11498,2901701,16398951058,2418241703,17581758297,18484037597,9832330639,167669361,8907623397,110165794050,25142679000,220301,8241890,4720254800,221474466000,13993093420,24692412670,11232625166,999985332,38402225100,14668,985605949,14394051,34634317,15939851,984060149,14976833549,3661824600,7840,3744216240,999999983,17,999832117,167883,3744208383,1000,1000,1000,1000,1000,1000,1000,110165872587,25142692600,195913,7687953,4720706700,221474754000,14046994303,24746329853,11232603720,999904562,38402257500,95438,985627162,14372838,34429600,16010980,983989020,14976804920,3661833700,8400,3744209720,999999880,120,999820300,179700,3744201200,1000,1000,1000,1000,1000,1000,1000
414000,40551260,1253209,8260000000,49560000000,20000,120000,9909943495488,10903502,9111938680,2657,8219448740,2000,126394,2944012,16438892166,2418328790,17581671210,18483796510,9832538968,167461032,8930630134,110191282333,25201880600,179774,8097186,4728790500,221998983600,14028713171,24753414571,11257941821,999991211,38493571200,8789,985722080,14277920,34823069,15948148,984051852,15010589052,3670387800,8701,3752656060,999999872,128,999830569,169431,3752647231,1000,1000,1000,1000,1000,1000,1000,110191459849,25202048500,176463,7634742,4729112400,222000669000,14080420076,24805205826,11257944623,999892990,38493957900,107010,985370194,14629806,34259704,16091281,983908719,15010590019,3670413200,8129,3752661960,999991565,8435,999831604,168396,3752645396,1000,1000,1000,1000,1000,1000,1000
415000,40600360,1255852,8280000000,49680000000,20000,120000,9909744587143,10018056,9133784232,20491,8239399640,2000,1145,2907078,16478758298,2418329099,17581670901,18483642501,9832798382,167201618,8953657480,110216902844,25261219800,149504,7630829,4737452100,222524926000,14063616304,24813771704,11283259481,999893458,38585250900,106542,985404274,14595726,34678916,16153135,983846865,15044345965,3678902700,47,3761086560,999999971,29,999822516,177484,3761086484,1000,1000,1000,1000,1000,1000,1000,110216965027,25261382000,218537,8011520,4737164000,222526389600,14114744699,24864971299,11283287491,999991881,38585704200,8119,985173169,14826831,34041588,16150197,983849803,15044377703,3678996500,113,3761107180,999983145,16855,999838588,161412,3761090212,1000,1000,1000,1000,1000,1000,1000
416000,40650060,1244164,8300000000,49800000000,20000,120000,9909553814226,1083173,9147610627,2732,8259349940,2000,125990,2940138,16518694416,2418401699,17581598301,18483404901,9833090122,166909878,8976677438,110242351812,25320497700,204233,7998182,4745597000,223050121800,14097561090,24873131490,11308594044,999981498,38676848400,18502,985344813,14655187,34612815,16145971,983854029,15078122629,3687515300,46,3769536920,999991711,8289,999828315,171685,3769528585,1000,1000,1000,1000,1000,1000,1000,110242477210,25320635500,210807,8064277,4745486700,223051510200,14149858406,24925498356,11308601789,999991171,38677270500,8829,985053710,14946290,34006439,16199750,983800250,15078132750,3687591800,53,3769539920,999991094,8906,999824639,175361,3769530961,1000,1000,1000,1000,1000,1000,1000
417000,40700570,1280533,8320000000,49920000000,20000,120000,9909344170035,10979267,9180178693,4981,8279299430,2000,1031,2943928,16558588898,2418450502,17581549498,18483204898,9833419072,166580928,8999674570,110267748336,25379735700,178089,8178262,4754041800,223574817800,14132203196,24933162346,11333992928,999986092,38768227500,13908,985401467,14598533,34736475,15955747,984044253,15111990553,3696154600,42,3777997720,999999947,53,999819775,180225,3777997625,1000,1000,1000,1000,1000,1000,1000,110267938233,25379860600,233466,7727632,4754247000,223576241200,14184523590,24985556090,11333894319,999898932,38768609100,101068,985085765,14914235,34210333,16231514,983768486,15111859086,3696178800,7895,3777972680,999999982,18,999830833,169167,3777964767,1000,1000,1000,1000,1000,1000,1000
418000,40749490,1260812,8340000000,50040000000,20000,120000,9909153443042,1960047,9193929485,2613,8299250510,2000,11541,2941744,16598495794,2418488789,17581511211,18483003511,9833660876,166339124,9022688570,110293201963,25438938100,209823,8130154,4762509700,224099317800,14165367939,24991708039,11359286933,999978682,38859581100,21318,985502744,14497256,34932062,16010729,983989271,15145710071,3704701500,103,3786440760,999982481,17519,999834762,165238,3786423138,1000,1000,1000,1000,1000,1000,1000,110293441155,25439136200,203011,7863555,4762548100,224101408400,14220573608,25047019608,11359248846,999912931,38860159500,87069,984994553,15005447,34181322,16216076,983783924,15145665124,3704766600,8430,3786424720,999999988,12,999827922,172078,3786416278,1000,1000,1000,1000,1000,1000,1000
419000,40798010,1238221,8360000000,50160000000,20000,120000,9908954569273,1072650,9215774988,4753,8319201990,2000,1065,2941964,16638394474,2418515623,17581484377,18482818577,9833933296,166066704,9045693670,110318457901,25498098800,244307,7913217,4771378600,224623262400,14199921382,25051612932,11384681926,999898325,38950669800,101675,985757661,14242339,35346636,15846610,984153390,15179575890,3713244900,122,3794894120,999999966,34,999821736,178264,3794893964,1000,1000,1000,1000,1000,1000,1000,110318861017,25498333700,224081,8066553,4770865100,224625882600,14255321832,25107147782,11384567818,999899269,38951549400,100731,985044535,14955465,34323766,16157148,983842852,15179423752,3713389200,8770,3794864720,999999984,16,999825866,174134,3794855934,1000,1000,1000,1000,1000,1000,1000
420000,40846650,1255985,8380000000,50280000000,20000,120000,9908744999247,10897635,9248431122,20497,8339153350,2000,10258,2914981,16678265706,2418560182,17581439818,18482612918,9834073679,165926321,9068692185,110343934342,25557329500,207100,7563455,4780063200,225147949400,14233439455,25110520105,11410029849,999911615,39041997900,88385,985895029,14104971,35547214,15929765,984070235,15213370135,3721693200,43,3803349320,999991009,8991,999827914,172086,3803340286,1000,1000,1000,1000,1000,1000,1000,110344319466,25557570100,221285,8223355,4779149400,225150686600,14290992002,25168213652,11409903567,999988727,39043017900,11273,985111344,14888656,34385717,16157750,983842250,15213204750,3721954000,8019,3803309220,999999982,18,999825617,174383,3803301183,1000,1000,1000,1000,1000,1000,1000
421000,40894530,1236334,8400000000,50400000000,20000,120000,9908555068814,1154298,9261564788,2857,8359105470,2000,12382,2944164,16718205226,2418670012,17581329988,18482340088,9834244876,165755124,9091711202,110369424502,25616596300,188499,8234797,4787760400,225673027800,14268434625,25170924325,11435367545,999988922,39133677000,11078,985738989,14261011,35391867,15991622,984008378,15247156678,3730214200,9041,3811798320,999999854,146,999827767,172233,3811789133,1000,1000,1000,1000,1000,1000,1000,110369724053,25616683400,166456,8050102,4787812400,225674298000,14325268759,25227826959,11435226909,999993222,39134101200,6778,985480425,14519575,34835303,16055494,983944506,15246969206,3730524700,9225,3811751540,999999982,18,999824703,175297,3811742297,1000,1000,1000,1000,1000,1000,1000
422000,40941980,1277178,8420000000,50520000000,20000,120000,9908355344156,1158911,9284414612,4637,8379058020,2000,128471,2944735,16758106766,2418745567,17581254433,18482114933,9834426785,165573215,9114737751,110394986483,25675917400,202792,8130736,4796130100,226198711600,14303182780,25231112580,11460671349,999989038,39225351000,10962,985528363,14471637,35255925,16174976,983825024,15280895124,3738731700,9221,3820233020,999999976,24,999834025,165975,3820223775,1000,1000,1000,1000,1000,1000,1000,110395251706,25675943900,157158,7986383,4796213300,226199346200,14359515621,25287481771,11460533053,999990955,39225603000,9045,985441543,14558457,34873488,16148735,983851265,15280707865,3739064100,7831,3820191260,999991383,8617,999836788,163212,3820174812,1000,1000,1000,1000,1000,1000,1000
423000,40991610,1260720,8440000000,50640000000,20000,120000,9908145866709,10883481,9316890698,4809,8399008390,2000,2030,2940655,16798007162,2418778390,17581221610,18481919010,9834670725,165329275,9137737287,110420439952,25735086700,155851,7710017,4804987100,226722906200,14336301650,25289597450,11486004907,999899487,39316535400,100513,985705688,14294312,35605901,16132494,983867506,15314670506,3747293500,51,3828673760,999991890,8110,999829501,170499,3828665599,1000,1000,1000,1000,1000,1000,1000,110420611929,25735238000,240906,7904394,4804914300,226724606400,14395756650,25349139800,11485931673,999982046,39317059500,17954,985405391,14594609,34926245,16077672,983922328,15314569828,3747647100,97,3828655460,999982792,17208,999833545,166455,3828638155,1000,1000,1000,1000,1000,1000,1000
424000,41040950,1240057,8460000000,50760000000,20000,120000,9907954963725,2015328,9330816488,22508,8418959050,2000,125185,2903376,16837873084,2418802253,17581197747,18481737247,9834838004,165161996,9160735788,110445880247,25794396200,176795,7991273,4813170200,227248329200,14372213115,25350934165,11511386092,999976866,39408162600,23134,985592380,14407620,35492714,16152422,983847578,15348514778,3755820800,8380,3837137100,999999966,34,999825414,174586,3837128686,1000,1000,1000,1000,1000,1000,1000,110445971239,25794396300,240536,7579780,4813709700,227248604600,14428962343,25407700593,11511265749,999898798,39408194100,101202,985632523,14367477,35317025,16047876,983952124,15348354324,3756154500,8221,3837096820,999999976,24,999831225,168775,3837088575,1000,1000,1000,1000,1000,1000,1000
425000,41088960,1249063,8480000000,50880000000,20000,120000,9907755223198,2003700,9353562372,22532,8438911040,2000,12436,2903956,16877777016,2418840298,17581159702,18481543502,9835094704,164905296,9183749420,110471257607,25853669200,239959,7985972,4821762400,227773367200,14406502969,25410629769,11536757175,999990161,39499588500,9839,985619083,14380917,35583022,16085447,983914553,15382342853,3764409700,8041,3845593860,999999859,141,999829922,170078,3845585678,1000,1000,1000,1000,1000,1000,1000,110471718917,25853759300,155179,7880329,4821523800,227774793000,14463904082,25468108732,11536553802,999988121,39500149200,11879,985237153,14762847,34911132,16280830,983719170,15382065870,3764712600,114,3845529780,999982402,17598,999837932,162068,3845512068,1000,1000,1000,1000,1000,1000,1000
426000,41137330,1270163,8500000000,51000000000,20000,120000,9907555608764,1914452,9376284271,2554,8458862670,2000,115272,2941687,16917720232,2418924716,17581075284,18481298784,9835346973,164653027,9206775105,110496924422,25913040000,189574,8236505,4829712300,228299568800,14438553796,25468146846,11562073123,999992560,39591500400,7440,985167892,14832108,35206732,16273509,983726491,15416097491,3772961200,8353,3854032740,999999981,19,999829532,170468,3854024368,1000,1000,1000,1000,1000,1000,1000,110496949028,25912838100,210289,8167717,4829948900,228298041800,14500944869,25530467719,11561895567,999985574,39591198000,14426,985626513,14373487,35386039,16064372,983935628,15415858028,3773330900,55,3853970700,999991816,8184,999829939,170061,3853962461,1000,1000,1000,1000,1000,1000,1000
427000,41184380,1266872,8520000000,51120000000,20000,120000,9907355762269,2001453,9399037517,22564,8478815620,2000,127182,2912152,16957586112,2418951322,17581048678,18481112478,9835662728,164337272,9229786640,110522385461,25972311600,206731,7932632,4838497500,228824676800,14473248556,25528251906,11587415525,999891929,39682911300,108071,985099493,14900507,35321564,16256339,983743661,15449887361,3781558100,7887,3862479740,999999983,17,999833064,166936,3862471836,1000,1000,1000,1000,1000,1000,1000,110522579749,25972152000,177671,7655412,4838707100,228823743200,14535389090,25590354040,11587189801,999892092,39682796100,107908,985401732,14598268,35331840,16222739,983777261,15449580961,3781904100,99,3862407580,999983679,16321,999830940,169060,3862391160,1000,1000,1000,1000,1000,1000,1000
428000,41233200,1249751,8540000000,51240000000,20000,120000,9907156909727,1132766,9420814394,20285,8498766800,2000,1031,2912298,16997493030,2419016693,17580983307,18480887007,9836028202,163971798,9252797532,110547887776,26031566100,195429,7844479,4847061200,229349737000,14504938738,25585351538,11612752085,999988579,39774388500,11421,985170514,14829486,35375835,16212950,983787050,15483666550,3790205600,45,3870923200,999991310,8690,999826035,173965,3870914465,1000,1000,1000,1000,1000,1000,1000,110548078497,26031492800,154644,8170292,4846671300,229349479200,14572991830,25653397680,11612579595,999992054,39774557400,7946,985164101,14835899,35074447,16173052,983826948,15483439448,3790518100,111,3870860000,999999964,36,999821247,178753,3870859853,1000,1000,1000,1000,1000,1000,1000
429000,41281510,1265537,8560000000,51360000000,20000,120000,9906947460628,10870853,9453478162,4778,8518718490,2000,126827,2948585,17037427424,2419089381,17580910619,18480647019,9836146035,163853965,9275804759,110573296963,26090786000,192032,8063843,4855319200,229874289600,14538575458,25644370308,11638110096,999990695,39865784700,9305,985214960,14785040,35501865,16184669,983815331,15517477331,3798731400,54,3879375680,999991609,8391,999829065,170935,3879367235,1000,1000,1000,1000,1000,1000,1000,110573453688,26090585000,144513,7575071,4855715900,229872906000,14608503828,25714237328,11637869825,999905270,39865503600,94730,985593437,14406563,35674167,16151942,983848058,15517159758,3799037300,8441,3879298400,999999974,26,999828067,171933,3879289933,1000,1000,1000,1000,1000,1000,1000
430000,41330360,1261333,8580000000,51480000000,20000,120000,9906756568927,1990845,9467356339,22310,8538669640,2000,1045,2907534,17077294660,2419103272,17580896728,18480467228,9836361886,163638114,9298819846,110598702183,26149912600,166637,7647791,4864209000,230398007600,14572568346,25703704746,11663422294,999898890,39956833200,101110,985532430,14467570,35992140,16128946,983871054,15551223954,3807280100,126,3887819100,999982686,17314,999838140,161860,3887801660,1000,1000,1000,1000,1000,1000,1000,110598898279,26149875700,185349,7774341,4863947600,230398156200,14643882576,25775032876,11663217988,999899120,39957078000,100880,985456896,14543104,35628676,16211588,983788412,15550957312,3807556600,8840,3887748180,999999984,16,999835776,164224,3887739324,1000,1000,1000,1000,1000,1000,1000
431000,41378140,1248791,8600000000,51600000000,20000,120000,9906547871657,10942901,9499093435,20267,8558621860,2000,11298,2913848,17117203186,2419149858,17580850142,18480264442,9836586992,163413008,9321823678,110624209601,26209253900,246419,8130419,4872098000,230923926200,14606156628,25762745278,11688739280,999989794,40048692000,10206,985219834,14780166,35667840,16275860,983724140,15584980040,3815844800,100,3896257860,999983000,17000,999835840,164160,3896240760,1000,1000,1000,1000,1000,1000,1000,110624381752,26209144200,165121,7922037,4872261200,230923227600,14679435933,25835994633,11688588707,999990115,40048596300,9885,985475806,14524194,35633591,16189684,983810316,15584779216,3816121700,111,3896207800,999982820,17180,999836291,163709,3896190509,1000,1000,1000,1000,1000,1000,1000
432000,41425070,1255688,8620000000,51720000000,20000,120000,9906348162005,10945794,9521954921,2681,8578574930,2000,1879,2946729,17157144498,2419226699,17580773301,18480023901,9836762971,163237029,9344825369,110649652315,26268481000,159292,7713363,4880995300,231448485200,14639972995,25821943195,11714129820,999890996,40139917800,109004,985320665,14679335,35947369,16169149,983830851,15618839751,3824390900,8562,3904718520,999999973,27,999830669,169331,3904709931,1000,1000,1000,1000,1000,1000,1000,110649767813,26268418800,216330,8027898,4880678400,231448394400,14714826938,25896799238,11713961469,999980837,40140119400,19163,985369118,14630882,35619981,16163912,983836088,15618615288,3824691200,49,3904653880,999999988,12,999820381,179619,3904653819,1000,1000,1000,1000,1000,1000,1000
433000,41472690,1257556,8640000000,51840000000,20000,120000,9906157431089,1892742,9535661578,20465,8598527310,2000,125881,2909246,17197013690,2419225131,17580774869,18479859169,9836964574,163035426,9367824164,110674999971,26327667600,219661,8109082,4889151100,231972827200,14675571671,25882914921,11739476165,999990630,40231309800,9370,985476374,14523626,36084544,16123779,983876221,15652632121,3832949500,47,3913164300,999991703,8297,999825144,174856,3913155956,1000,1000,1000,1000,1000,1000,1000,110675273016,26327716000,187381,8048689,4889049900,231973687200,14748310692,25955701642,11739330927,999981201,40231666500,18799,985257000,14743000,35592699,16204772,983795228,15652438428,3833204600,55,3913115980,999991576,8424,999826599,173401,3913107501,1000,1000,1000,1000,1000,1000,1000
434000,41519870,1243942,8660000000,51960000000,20000,120000,9905949619811,10005657,9566709255,2913,8618480130,2000,1100,2949964,17236954434,2419326768,17580673232,18479607732,9837078636,162921364,9390832270,110700534501,26386979200,179779,7791339,4897777200,232498260000,14708971098,25941739948,11764824420,999911908,40322826900,88092,985327968,14672032,36091160,16227540,983772460,15686432560,3841436100,8160,3921616300,1000000000,0,999833360,166640,3921608140,1000,1000,1000,1000,1000,1000,1000,110700819334,26387007200,170119,7905133,4897528200,232499070400,14784199010,26017015010,11764651565,999983223,40323237600,16777,985147974,14852026,35555151,16292686,983707314,15686199414,3841764700,33,3921555900,999991982,8018,999827351,172649,3921547849,1000,1000,1000,1000,1000,1000,1000
435000,41567960,1288061,8680000000,52080000000,20000,120000,9905758012012,1881419,9581352497,2552,8638432040,2000,1046,2940402,17276858976,2419388431,17580611569,18479395469,9837288598,162711402,9413819274,110725939275,26446225700,216184,7768594,4906314400,233023087400,14744668160,26002832910,11790192023,999898207,40414224300,101793,985366560,14633440,36215953,16208630,983791370,15720250370,3849974300,111,3930075440,999983018,16982,999837853,162147,3930058347,1000,1000,1000,1000,1000,1000,1000,110726204274,26446256000,189786,8111869,4905921900,233023804800,14817672183,26075877983,11790027143,999991390,40414626000,8610,985203210,14796790,35680320,16179877,983820123,15720033323,3850354000,9077,3930023860,999991397,8603,999838220,161780,3930006180,1000,1000,1000,1000,1000,1000,1000
436000,41615880,1287159,8700000000,52200000000,20000,120000,9905559046006,1115969,9603447803,4771,8658384120,2000,116470,2941836,17316758698,2419454975,17580545025,18479181725,9837426504,162573496,9436816502,110751371365,26505452600,191561,7877189,4914672300,233547716400,14780408362,26063959062,11815548350,999899390,40505616300,100610,985422432,14577568,36342242,16171992,983828008,15754061508,3858516700,7886,3938529920,999991124,8876,999838042,161958,3938513158,1000,1000,1000,1000,1000,1000,1000,110751635940,26505523300,210840,7914540,4914526800,233548897000,14851021659,26134637309,11815385520,999893817,40506083400,106183,985089077,14910923,35739360,16239940,983760060,15753847360,3858852000,8600,3938470440,1000000000,0,999830160,169840,3938461840,1000,1000,1000,1000,1000,1000,1000
437000,41664320,1245519,8720000000,52320000000,20000,120000,9905359334876,1105499,9626223242,2872,8678335680,2000,12346,2948927,17356665616,2419517075,17580482925,18478953425,9837650053,162349947,9459818869,110776856445,26564776700,139370,7656749,4923286000,234073267000,14812275002,26121257102,11840969404,999902929,40597164600,97071,985293834,14706166,36293205,16186501,983813499,15787959199,3867006000,66,3946989880,999999981,19,999822705,177295,3946989795,1000,1000,1000,1000,1000,1000,1000,110777167758,26564804900,221369,8269592,4922581000,234074293000,14888442333,26197485033,11840697292,999990881,40597784100,9119,984939090,15060910,35575409,16278717,983721283,15787596383,3867490800,8830,3946907940,999999981,19,999820409,179591,3946899091,1000,1000,1000,1000,1000,1000,1000
438000,41712350,1248578,8740000000,52440000000,20000,120000,9905149846573,10848628,9658676565,4778,8698287650,2000,11404,2945293,17396565744,2419564601,17580435399,18478747099,9837951947,162048053,9482834591,110802270842,26624018900,197558,7502231,4931958300,234598200200,14847324261,26181709411,11866302913,999904303,40688582100,95697,985325903,14674097,36405500,16171387,983828613,15821737213,3875613100,47,3955434360,999999987,13,999814300,185700,3955434300,1000,1000,1000,1000,1000,1000,1000,110802614172,26624034300,214971,8163847,4931164600,234598926200,14922602007,26257030607,11866029057,999993036,40689115800,6964,985065617,14934383,35776981,16238024,983761976,15821372076,3876070000,8481,3955351500,1000000000,0,999834081,165919,3955343019,1000,1000,1000,1000,1000,1000,1000
439000,41759730,1261776,8760000000,52560000000,20000,120000,9904958992558,1939122,9672648021,4516,8718240270,2000,11563,2947991,17436471508,2419586480,17580413520,18478563020,9838079149,161920851,9505840057,110827832197,26683267500,177729,7591160,4940127400,235123154200,14883889984,26243678684,11891584893,999899110,40780122000,100890,985252252,14747748,36420042,16331849,983668151,15855441051,3884114400,103,3963872680,999983581,16419,999833942,166058,3963856158,1000,1000,1000,1000,1000,1000,1000,110828147769,26683351100,170991,7722131,4939967700,235124489400,14955186277,26315047977,11891405680,999889949,40780637100,110051,984874469,15125531,35768120,16291940,983708060,15855207560,3884596200,8860,3963810780,999999960,40,999825820,174180,3963801880,1000,1000,1000,1000,1000,1000,1000
440000,41807940,1273539,8780000000,52680000000,20000,120000,9904750250166,10917846,9704333237,2569,8738192060,2000,2015,2945609,17476378982,2419616812,17580383188,18478376788,9838378371,161621629,9528848153,110853314091,26742598200,207634,7509547,4948737700,235648860400,14916190467,26301419467,11916937328,999905557,40871727000,94443,985092532,14907468,36334075,16281347,983718653,15889249753,3892786700,8482,3972320960,999999947,53,999827775,172225,3972312425,1000,1000,1000,1000,1000,1000,1000,110853451265,26742527600,226412,8143054,4948133700,235648596800,14992083629,26377304979,11916766041,999980049,40871943000,19951,985104108,14895892,35983359,16213918,983786082,15889021382,3893122500,8901,3972264260,999999982,18,999829559,170441,3972255341,1000,1000,1000,1000,1000,1000,1000
441000,41855480,1255676,8800000000,52800000000,20000,120000,9904551360648,10076809,9726313765,4905,8758144520,2000,1059,2944126,17516279230,2419674557,17580325443,18478155743,9838553394,161446606,9551846224,110878681132,26801823000,242931,7989101,4956820300,236173529200,14950935844,26361553544,11942312371,999981816,40963208700,18184,985125337,14874663,36369021,16204450,983795550,15923083150,3901360200,107,3980770920,999999966,34,999816821,183179,3980770779,1000,1000,1000,1000,1000,1000,1000,110878913793,26801814400,209219,7985717,4956702500,236173832000,15026552021,26437189721,11942153442,999988243,40963434300,11757,985050247,14949753,36006204,16238962,983761038,15922871238,3901626200,110,3980717960,999999946,54,999821204,178796,3980717796,1000,1000,1000,1000,1000,1000,1000
442000,41901940,1280390,8820000000,52920000000,20000,120000,9904351711376,10006069,9749065518,2580,8778098060,2000,10468,2947989,17556190960,2419736645,17580263355,18477923555,9838730591,161269409,9574842051,110904164697,26861103100,231124,8090649,4965135900,236698678200,14985893478,26421922978,11967664232,999985088,41054738100,14912,985041695,14958305,36365807,16226075,983773925,15956885625,3909903200,54,3989221500,999999947,53,999822707,177293,3989221393,1000,1000,1000,1000,1000,1000,1000,110904202372,26860933900,222580,7911580,4965410500,236697366200,15060817514,26496786164,11967513364,999987686,41054460600,12314,985459070,14540930,36501984,16079920,983920080,15956684480,3910176300,8288,3989179420,999999984,16,999825484,174516,3989171116,1000,1000,1000,1000,1000,1000,1000
443000,41949270,1260465,8840000000,53040000000,20000,120000,9904151022505,10907493,9772710103,22458,8798050730,2000,1045,2904066,17596056544,2419742198,17580257802,18477760302,9838941054,161058946,9597839598,110929609869,26920258200,159271,7809671,4973895600,237222682000,15017694243,26479079593,11993002560,999983650,41145889500,16350,985339830,14660170,36746380,16129720,983870280,15990670080,3918483400,8200,3997675720,1000000000,0,999819980,180020,3997667520,1000,1000,1000,1000,1000,1000,1000,110929787964,26920282000,171656,7693057,4973929900,237223131200,15098248447,26559658897,11992878581,999891359,41146082100,108641,985187499,14812501,36403440,16185859,983814141,15990499341,3918674600,99,3997637160,999983699,16301,999840340,159660,3997620760,1000,1000,1000,1000,1000,1000,1000
444000,41996570,1276066,8860000000,53160000000,20000,120000,9903961180546,1015816,9785708463,22310,8818003430,2000,115592,2909107,17635962240,2419796062,17580203938,18477543538,9839062533,160937467,9620846073,110954946788,26979442200,230804,7856538,4982365200,237746921200,15052895979,26539648279,12018336758,999899189,41237163300,100811,985434453,14565547,37004564,16127206,983872794,16024446094,3926993700,54,4006118140,999991250,8750,999828264,171736,4006109336,1000,1000,1000,1000,1000,1000,1000,110955092951,26979486600,248460,7603949,4982572300,237747622800,15132169463,26618960063,12018249406,999898129,41237383800,101871,985325866,14674134,36618837,16161131,983838869,16024329669,3927185000,40,4006088920,999991383,8617,999825137,174863,4006080263,1000,1000,1000,1000,1000,1000,1000
445000,42043100,1255224,8880000000,53280000000,20000,120000,9903752384551,10084338,9817705182,4972,8837956900,2000,11363,2935688,17675903856,2419855689,17580144311,18477320211,9839157112,160842888,9643842268,110980418053,27038731200,172329,7973631,4990700500,238272097600,15086668365,26598833065,12043740076,999993330,41328683400,6670,985432324,14567676,36989294,16078318,983921682,16058320082,3935529200,56,4014580120,999999942,58,999821794,178206,4014580006,1000,1000,1000,1000,1000,1000,1000,110980684950,27038831600,165102,7855056,4990603000,238273365600,15167668948,26679900348,12043613758,999898836,41329122900,101164,985022420,14977580,36397384,16252826,983747174,16058151674,3935689500,7854,4014545780,999999990,10,999830884,169116,4014537916,1000,1000,1000,1000,1000,1000,1000
446000,42090430,1284444,8900000000,53400000000,20000,120000,9903560808533,1916021,9832393495,20477,8857909570,2000,1945,2909588,17715778186,2419895554,17580104446,18477116346,9839287152,160712848,9666855038,111005859249,27098028300,216599,8180001,4998862400,238797478200,15121630414,26659219264,12069102918,999987341,41420321100,12659,985227957,14772043,36872416,16208598,983791402,16092137202,3943981300,50,4023034400,999999934,66,999816316,183684,4023034284,1000,1000,1000,1000,1000,1000,1000,111006127097,27098031000,196134,7836673,4999021100,238797937200,15201877147,26739494347,12068920556,999899539,41420526300,100461,985077516,14922484,36534277,16317521,983682479,16091891279,3944229000,50,4022979160,999991613,8387,999825877,174123,4022970723,1000,1000,1000,1000,1000,1000,1000
447000,42136290,1280634,8920000000,53520000000,20000,120000,9903352180502,10826691,9864217364,4647,8877863710,2000,10862,2942547,17755718126,2419966193,17580033807,18476880007,9839443853,160556147,9689891979,111031411012,27157257800,201956,7825768,5007476700,239322298800,15156977331,26719963781,12094360948,999898901,41511727500,101099,985206857,14793143,37021556,16361008,983638992,16125814592,3952512400,7860,4031461520,999999984,16,999831256,168744,4031453644,1000,1000,1000,1000,1000,1000,1000,111031616877,27157257100,158575,7602743,5007616500,239322636600,15235737073,26798744723,12094240872,999912264,41511889800,87736,985178748,14821252,36706684,16361412,983638588,16125654488,3952757600,8440,4031422080,999999976,24,999828184,171816,4031413616,1000,1000,1000,1000,1000,1000,1000
448000,42183760,1266022,8940000000,53640000000,20000,120000,9903153257479,9994495,9886157321,2564,8897816240,2000,2038,2949174,17795627352,2420000174,17579999826,18476684226,9839687846,160312154,9712901498,111056846785,27216431000,200163,7773305,5016003200,239846627600,15197753896,26786114246,12119683038,999898639,41603046300,101361,985343155,14656845,37239516,16323578,983676422,16159574622,3961112200,50,4039899920,999991714,8286,999818716,181284,4039891584,1000,1000,1000,1000,1000,1000,1000,111057130368,27216645500,235218,7744033,5015883200,239848841400,15264145794,26852617694,12119596117,999899452,41603690400,100548,984815114,15184886,36436262,16484745,983515255,16159455855,3961301500,119,4039876760,999983097,16903,999841962,158038,4039859738,1000,1000,1000,1000,1000,1000,1000
449000,42231030,1264343,8960000000,53760000000,20000,120000,9902952691362,10819707,9909767793,4864,8917768970,2000,11350,2949174,17835528212,2420046969,17579953031,18476476631,9839918526,160081474,9735917438,111082322413,27275701800,172432,7845525,5024352200,240371720400,15234224174,26847993974,12145045768,999985668,41694560700,14332,985354783,14645217,37242915,16323347,983676653,16193394353,3969659700,42,4048348640,999999987,13,999813615,186385,4048348585,1000,1000,1000,1000,1000,1000,1000,111082461601,27275702900,170031,8315863,5023852700,240371959400,15296945733,26910730333,12144938616,999988281,41694836100,11719,985196825,14803175,36811144,16314428,983685572,16193251472,3969869600,56,4048312960,999999952,48,999820844,179156,4048312856,1000,1000,1000,1000,1000,1000,1000
450000,42278470,1266815,8980000000,53880000000,20000,120000,9902753740059,9994241,9931629091,22337,8937721530,2000,963,2906364,17875398386,2420054300,17579945700,18476304500,9840208556,159791444,9758937042,111107791961,27334943600,180312,8157490,5032483100,240896521600,15267864209,26907028859,12170358049,999991871,41786056500,8129,985321962,14678038,37284191,16334642,983665358,16227144058,3978236300,8889,4056794920,999999978,22,999828291,171709,4056786009,1000,1000,1000,1000,1000,1000,1000,111107884633,27334953100,233497,7690533,5032961300,240896876600,15332517713,26971703363,12170262786,999894310,41786122500,105690,985267820,14732180,37060610,16341724,983658276,16227014176,3978433600,54,4056760060,999991384,8616,999830410,169590,4056751390,1000,1000,1000,1000,1000,1000,1000
451000,42323880,1262224,9000000000,54000000000,20000,120000,9902562153734,1821357,9946175858,20247,8957676120,2000,961,2914555,17915311746,2420081491,17579918509,18476115909,9840513205,159486795,9781953151,111133333033,27394244600,139587,7907647,5041135400,241421927600,15300143926,26964733826,12195708180,999893014,41877575700,106986,985153154,14846846,37288840,16341160,983658840,16260944240,3986829600,8560,4065244620,1000000000,0,999828740,171260,4065236060,1000,1000,1000,1000,1000,1000,1000,111133391696,27394172500,190673,8042315,5041017800,241421579400,15369425839,27034002989,12195572945,999991897,41877636000,8103,985299420,14700580,37081423,16329978,983670022,16260763922,3987042200,8429,4065199420,999999986,14,999827223,172777,4065190977,1000,1000,1000,1000,1000,1000,1000
452000,42370740,1258337,9020000000,54120000000,20000,120000,9902362349078,1884327,9968975281,22471,8977629260,2000,1959,2912976,17955213578,2420133605,17579866395,18475910795,9840787544,159212456,9804965522,111158741893,27453432400,202125,7672828,5049820200,241946412000,15331399958,27021371658,12221009129,999898390,41968896000,101610,985303696,14696304,37511006,16384677,983615323,16294675923,3995393800,39,4073675580,999991253,8747,999822206,177794,4073666794,1000,1000,1000,1000,1000,1000,1000,111158962123,27453541200,146180,7436756,5050035600,241947562400,15407338046,27097368046,12220952777,999893547,41969189400,106453,985085348,14914652,37041701,16333324,983666676,16294603676,3995641800,8521,4073659500,999999920,80,999830301,169699,4073650899,1000,1000,1000,1000,1000,1000,1000
453000,42418340,1262114,9040000000,54240000000,20000,120000,9902163470257,1065730,9991053294,4559,8997581660,2000,10332,2941862,17995154202,2420233487,17579766513,18475662013,9840933338,159066662,9827979040,111184310386,27512775500,171074,7870846,5057969200,242472130200,15365097527,27080508727,12246358172,999989459,42060598500,10541,985140679,14859321,37335920,16461348,983538652,16328472152,4003935800,108,4082130320,999983768,16232,999839120,160880,4082113980,1000,1000,1000,1000,1000,1000,1000,111184379218,27512803400,220065,7699804,5058222400,242472659600,15442778027,27158218827,12246291820,999907288,42060763200,92712,984983449,15016551,36995961,16400841,983599159,16328386259,4004172700,38,4082102980,999991497,8503,999827361,172639,4082094439,1000,1000,1000,1000,1000,1000,1000
454000,42465850,1259859,9060000000,54360000000,20000,120000,9901962886770,1878661,10014593844,20555,9017534150,2000,1996,2917993,18035027190,2420248831,17579751169,18475487269,9841169987,158830013,9850967177,111209598988,27571921300,157814,8225071,5066218200,242995923400,15398895749,27139650799,12271754451,999992041,42151804200,7959,985358575,14641425,37632234,16307883,983692117,16362339217,4012451800,8421,4090593340,999999847,153,999826434,173566,4090584766,1000,1000,1000,1000,1000,1000,1000,111209901380,27572086900,202030,7838029,5066503300,242997939400,15478226996,27219087346,12271627489,999892190,42152353200,107810,984827460,15172540,36933470,16409381,983590619,16362166919,4012778200,51,4090548680,999990801,9199,999826770,173230,4090539430,1000,1000,1000,1000,1000,1000,1000
455000,42513080,1276987,9080000000,54480000000,20000,120000,9901755003423,10061978,10045653118,2900,9037486920,2000,115605,2945400,18074968040,2420331601,17579668399,18475239199,9841326220,158673780,9873971960,111234988307,27631211000,218539,8234987,5074716300,243521202000,15430354256,27196528006,12297141710,999983144,42243327000,16856,985256126,14743874,37622482,16314572,983685428,16396188928,4020980500,46,4099047320,999999944,56,999816282,183718,4099047218,1000,1000,1000,1000,1000,1000,1000,111235310702,27631344200,228983,8066290,5074784300,243522882800,15515817252,27282079402,12296985642,999983290,42243845100,16710,984861985,15138015,36958395,16381753,983618247,16395980847,4021341800,8128,4099003360,999999973,27,999824695,175305,4098995205,1000,1000,1000,1000,1000,1000,1000
456000,42560060,1268160,9100000000,54600000000,20000,120000,9901564286864,1057436,10059467058,2801,9057439940,2000,993,2952144,18114874278,2420408700,17579591300,18475007300,9841509316,158490684,9896966794,111260454802,27690513300,225804,7658109,5083766500,244046509000,15465425459,27257018109,12322505727,999893717,42334700100,106283,985236519,14763481,37772102,16303175,983696825,16430007625,4029546500,49,4107501980,999999967,33,999826102,173898,4107501898,1000,1000,1000,1000,1000,1000,1000,111260778465,27690564700,198962,7868357,5083409900,244047416600,15550069788,27341712738,12322326244,999898050,42335139900,101950,984941259,15058741,37197909,16374065,983625935,16429762735,4029870300,98,4107453360,999983229,16771,999842309,157691,4107436491,1000,1000,1000,1000,1000,1000,1000
457000,42606650,1273102,9120000000,54720000000,20000,120000,9901354733459,10886522,10092163768,2599,9077393350,2000,1018,2950644,18154781502,2420471581,17579528419,18474782119,9841637616,158362384,9919964218,111285952460,27749730600,184880,8178631,5091622000,244571074000,15497834684,27314810484,12347832331,999993744,42426207300,6256,985288524,14711476,37803080,16339849,983660151,16463770751,4038062000,109,4115955600,999982929,17071,999840580,159420,4115938420,1000,1000,1000,1000,1000,1000,1000,111286099119,27749767500,197592,7601622,5092254100,244571763800,15586901096,27403915396,12347732927,999899648,42426331800,100352,985167985,14832015,37506337,16252910,983747090,16463643890,4038392900,39,4115911040,999999962,38,999827937,172063,4115910963,1000,1000,1000,1000,1000,1000,1000
458000,42653410,1280880,9140000000,54840000000,20000,120000,9901164781767,1057634,10105101149,20532,9097346590,2000,1908,2911399,18194652116,2420473101,17579526899,18474613199,9841825121,158174879,9942957237,111311530882,27809116200,195398,7755171,5100371900,245097352400,15532748595,27375193595,12373173173,999910650,42517924500,89350,984932010,15067990,37612560,16473387,983526613,16497561413,4046629000,8367,4124405060,999991547,8453,999837960,162040,4124388240,1000,1000,1000,1000,1000,1000,1000,111311587210,27809011800,148210,8068575,5100178300,245096564400,15621114817,27463523617,12373091585,999992639,42517874700,7361,985156479,14843521,37486340,16279755,983720245,16497452645,4046891000,8955,4124378420,999991595,8405,999833140,166860,4124361060,1000,1000,1000,1000,1000,1000,1000
459000,42700620,1250445,9160000000,54960000000,20000,120000,9900965104073,1050567,10128053429,2577,9117299380,2000,11431,2948456,18234593606,2420576240,17579423760,18474350160,9841897344,158102656,9965951750,111336747815,27868211700,237214,7950813,5108829100,245620677800,15568921422,27436687322,12398547802,999899398,42608967300,100602,985310741,14689259,38083543,16315741,983684259,16531397059,4055139100,9152,4132858440,999999969,31,999830643,169357,4132849257,1000,1000,1000,1000,1000,1000,1000,111336873183,27868223000,211043,7961886,5108896900,245620942000,15654269802,27522050802,12398487425,999910749,42609096000,89251,985282191,14717809,37772842,16187217,983812783,16531313683,4055400100,51,4132834960,999991349,8651,999834742,165258,4132826258,1000,1000,1000,1000,1000,1000,1000
460000,42746330,1286243,9180000000,55080000000,20000,120000,9900765332294,1045058,10150922084,22516,9137253670,2000,1040,2905718,18274462308,2420585152,17579414848,18474177148,9841967002,158032998,9988938310,111362292935,27927567100,233696,8031866,5117114400,246146571000,15600905200,27494120000,12423920887,999986932,42700689000,13068,985119809,14880191,37885277,16405790,983594210,16565222210,4063664100,119,4141318360,999983082,16918,999836177,163823,4141301323,1000,1000,1000,1000,1000,1000,1000,111362329808,27927475000,143770,8164585,5117060100,246145735600,15691418617,27584592717,12423883621,999989657,42700561200,10343,985321183,14678817,37816826,16219005,983780995,16565175495,4063826900,47,4141299920,999992001,7999,999834926,165074,4141291874,1000,1000,1000,1000,1000,1000,1000
461000,42792820,1254075,9200000000,55200000000,20000,120000,9900564886018,1779743,10174551738,4885,9157207180,2000,11372,2940805,18314404590,2420658061,17579341939,18473936939,9842101715,157898285,10011932905,111387745275,27986810600,169442,8034946,5125586700,246671333200,15634608776,27553215776,12449300323,999990572,42792078600,9428,985165511,14834489,38007139,16322916,983677084,16599067084,4072227400,8319,4149775120,999999960,40,999829839,170161,4149766761,1000,1000,1000,1000,1000,1000,1000,111387815378,27986779600,145167,7882894,5125739600,246671160800,15726918677,27645518777,12449249482,999981570,42792075000,18430,985231685,14768315,37822915,16278433,983721567,16598996367,4072346000,48,4149755760,999991173,8827,999832515,167485,4149746885,1000,1000,1000,1000,1000,1000,1000
462000,42838370,1251662,9220000000,55320000000,20000,120000,9900356938659,9993429,10205656389,2665,9177161630,2000,112566,2941630,18354317930,2420719988,17579280012,18473723612,9842225590,157774410,10034946920,111413105776,28046026900,200257,7885603,5134285300,247195829000,15669027287,27613013237,12474666997,999990643,42883347600,9357,985335854,14664146,38253411,16260614,983739386,16632889286,4080767000,8841,4158231260,999999870,130,999832711,167289,4158222289,1000,1000,1000,1000,1000,1000,1000,111413140792,28045925400,197676,8010868,5134086400,247195094800,15761669785,27705622535,12474568128,999990263,42883317000,9737,985456719,14543281,38114656,16298528,983701472,16632757472,4080829600,8680,4158198120,999999904,96,999830556,169444,4158189344,1000,1000,1000,1000,1000,1000,1000
463000,42884710,1256528,9240000000,55440000000,20000,120000,9900156316077,10864174,10229441333,4843,9197115290,2000,1947,2936665,18394220894,2420751351,17579248649,18473527849,9842311955,157688045,10057952449,111438590642,28105248600,176058,7817697,5142709200,247720522800,15702949592,27672326192,12500004319,999890214,42974760600,109786,985272214,14727786,38375700,16328581,983671419,16666666819,4089262400,101,4166679420,999983181,16819,999832900,167100,4166662500,1000,1000,1000,1000,1000,1000,1000,111438563119,28105133500,165471,8177920,5142348500,247719540600,15797085733,27766415333,12499931619,999987336,42974688300,12664,985521166,14478834,38260930,16291411,983708589,16666575489,4089318000,8481,4166652360,999999991,9,999830430,169570,4166643870,1000,1000,1000,1000,1000,1000,1000
464000,42931030,1266904,9260000000,55560000000,20000,120000,9899957349926,10065902,10251444370,20521,9217068970,2000,114803,2908470,18434096898,2420774628,17579225372,18473342772,9842487810,157512190,10080957808,111464011340,28164514600,201281,7821316,5151135700,248245539600,15736161568,27730943468,12525361082,999989633,43066231500,10367,985345140,14654860,38424207,16370625,983629375,16700478475,4097763900,64,4175126360,999991097,8903,999833407,166593,4175117393,1000,1000,1000,1000,1000,1000,1000,111463927406,28164352500,209422,7618414,5151447500,248244091400,15832963175,27827674825,12525287508,999894812,43065875100,105188,985678288,14321712,38597376,16247768,983752232,16700383332,4097863000,8400,4175104260,999999964,36,999833376,166624,4175095824,1000,1000,1000,1000,1000,1000,1000
465000,42977470,1274859,9280000000,55680000000,20000,120000,9899765830350,1835500,10266060240,22568,9237022530,2000,11611,2907416,18473999924,2420814550,17579185450,18473142750,9842642544,157357456,10103959868,111489582886,28223824100,189817,7719053,5159559700,248771165800,15773833446,27794053296,12550684557,999982806,43157887800,17194,985139107,14860893,38304701,16483744,983516256,16734240556,4106331000,121,4183572680,999983440,16560,999828401,171599,4183555999,1000,1000,1000,1000,1000,1000,1000,111489504814,28223714600,172931,8172663,5159178100,248770081200,15864494484,27884660234,12550663087,999988597,43157765400,11403,985320212,14679788,38225915,16382128,983617872,16734214672,4106351600,43,4183559960,999991668,8332,999831515,168485,4183551585,1000,1000,1000,1000,1000,1000,1000
466000,43023580,1259238,9300000000,55800000000,20000,120000,9899557947651,9990942,10297064128,20456,9256976420,2000,11361,2911158,18513911928,2420883893,17579116107,18472915907,9842816202,157183798,10126978230,111515110154,28283136100,144946,7736081,5167922600,249296564200,15808022009,27853665259,12576048715,999898714,43249454100,101286,984930414,15069586,38262700,16513485,983486515,16768059515,4114863900,105,4192027220,999983685,16315,999838800,161200,4192010800,1000,1000,1000,1000,1000,1000,1000,111514962230,28282979700,242910,7951530,5167770700,249295273800,15899481992,27945064142,12575960180,999911138,43249273200,88862,985199918,14800082,38257980,16516000,983484000,16767946900,4114886000,8580,4191995320,999999980,20,999828680,171320,4191986720,1000,1000,1000,1000,1000,1000,1000
467000,43069340,1241721,9320000000,55920000000,20000,120000,9899357325869,10858568,10320668639,20467,9276930660,2000,11289,2910085,18553820386,2420907037,17579092963,18472717263,9843103415,156896585,10150003401,111540557192,28342413500,173341,8056196,5176032700,249821791800,15841888741,27912949041,12601399446,999990430,43341074400,9570,984839441,15160559,38166011,16556565,983443435,16801863135,4123408000,52,4200472120,999991621,8379,999829211,170789,4200463689,1000,1000,1000,1000,1000,1000,1000,111540541843,28342268800,194472,7869077,5176218000,249820653600,15934790699,28005797949,12601279230,999899192,43340853900,100808,985054397,14945603,38213905,16542175,983457825,16801705625,4123512400,8340,4200434780,999999955,45,999827905,172095,4200426395,1000,1000,1000,1000,1000,1000,1000
468000,43116630,1262093,9340000000,56040000000,20000,120000,9899167436206,1025432,10333568722,22502,9296883370,2000,126537,2906854,18593721736,2420970938,17579029062,18472492162,9843376706,156623294,10173013142,111565948135,28401586100,163743,7809374,5184804200,250345898600,15878687454,27975107854,12626746857,999987017,43432236300,12983,985119743,14880257,38531126,16477169,983522831,16835656831,4131961500,91,4208927000,999983065,16935,999835326,164674,4208909974,1000,1000,1000,1000,1000,1000,1000,111566115200,28401612300,193223,8189919,5184266000,250346483800,15967049816,28063503516,12626599997,999991427,43432629900,8573,984825168,15174832,37972241,16612044,983387956,16835466656,4132123800,8061,4208874740,999999980,20,999838241,161759,4208866659,1000,1000,1000,1000,1000,1000,1000
469000,43163240,1271053,9360000000,56160000000,20000,120000,9898957985614,10783664,10366221191,2713,9316836760,2000,971,2941233,18633668094,2421061178,17578938822,18472236822,9843522347,156477653,10196018641,111591259797,28460732500,195926,7696302,5193472700,250869806600,15912907925,28034679275,12652087977,999911268,43523386200,88732,985334709,14665291,38901441,16397764,983602236,16869450636,4140504500,8181,4217370840,1000000000,0,999827141,172859,4217362659,1000,1000,1000,1000,1000,1000,1000,111591493327,28460822300,185066,8045632,5192953800,250870959000,16002216551,28124048701,12651987017,999991042,43523903400,8958,984978273,15021727,38211231,16523014,983476986,16869315986,4140667300,8301,4217337380,999999890,110,999829031,170969,4217328969,1000,1000,1000,1000,1000,1000,1000
470000,43209520,1247192,9380000000,56280000000,20000,120000,9898768067062,952192,10379197508,20217,9336790480,2000,124536,2917490,18673540526,2421101554,17578898446,18472034446,9843720150,156279850,10219047976,111616711199,28519964300,222726,7920755,5201592000,251394597400,15946469272,28093636072,12677409244,999985385,43614898500,14615,985352360,14647640,38928475,16518831,983481169,16903209469,4148974600,66,4225808860,999991431,8569,999830475,169525,4225800225,1000,1000,1000,1000,1000,1000,1000,111616889456,28519989000,242998,7972001,5201493900,251395218800,16037789650,28184992200,12677281921,999986456,43615200600,13544,985144574,14855426,38460618,16543297,983456703,16903039803,4149238100,43,4225766200,999991725,8275,999826018,173982,4225757882,1000,1000,1000,1000,1000,1000,1000
471000,43256500,1264195,9400000000,56400000000,20000,120000,9898558464201,10848069,10411973740,4629,9356743500,2000,127968,2945229,18713477742,2421188170,17578811830,18471788430,9843877291,156122709,10242057733,111642139234,28579173900,169720,7872167,5210125300,251919010200,15980905550,28153446950,12702774865,999899034,43706183700,100966,985417652,14582348,39161518,16438753,983561247,16937033147,4157519800,8199,4234266500,999999981,19,999832818,167182,4234258282,1000,1000,1000,1000,1000,1000,1000,111642337771,28579190200,227496,7976744,5209907600,251919685200,16072579337,28245160887,12702607457,999897935,43706554800,102065,985158824,14841176,38641389,16551432,983448568,16936807068,4157777500,45,4234208280,999991376,8624,999827489,172511,4234199611,1000,1000,1000,1000,1000,1000,1000
472000,43302430,1273863,9420000000,56520000000,20000,120000,9898358696620,10838231,10434662140,20490,9376697570,2000,11758,2914749,18753354160,2421200151,17578799849,18471614649,9844148751,155851249,10265057911,111667571223,28638415500,160440,7886256,5218604600,252443838200,16016249194,28214187144,12728145237,999898774,43797603900,101226,985434095,14565905,39261421,16393484,983606516,16970860316,4166082500,8821,4242723900,1000000000,0,999824521,175479,4242715079,1000,1000,1000,1000,1000,1000,1000,111667843543,28638433300,169215,8061987,5218237500,252444556200,16106546635,28304527235,12727949458,999983811,43798029000,16189,985215997,14784003,38691286,16527328,983472672,16970599272,4166362500,7770,4242657600,999999984,16,999822286,177714,4242649814,1000,1000,1000,1000,1000,1000,1000
473000,43348390,1245196,9440000000,56640000000,20000,120000,9898168839294,953227,10447574111,22591,9396651610,2000,125599,2906246,18793258038,2421248421,17578751579,18471407679,9844337894,155662106,10288052532,111693103173,28697763500,169230,7504366,5227345500,252969667800,16050531258,28273915058,12753505277,999891165,43889197800,108835,985277566,14722434,39192501,16501524,983498476,17004670676,4174599500,7681,4251182160,999990920,9080,999830501,169499,4251165399,1000,1000,1000,1000,1000,1000,1000,111693302572,28697791400,251331,7678914,5227127700,252970406000,16141287697,28364714147,12753308684,999904651,43889575800,95349,985035152,14964848,38668301,16561817,983438183,17004408683,4174943900,8414,4251117100,999991313,8687,999838501,161499,4251099999,1000,1000,1000,1000,1000,1000,1000
474000,43393570,1237413,9460000000,56760000000,20000,120000,9897968295048,1805137,10471307344,4805,9416606430,2000,11108,2942057,18833203250,2421342885,17578657115,18471149115,9844515123,155484877,10311075273,111718370589,28756854000,194523,8094583,5235352000,253492976000,16084834414,28333538664,12778852804,999984431,43980355200,15569,985655535,14344465,39560204,16371200,983628800,17038467600,4183124200,48,4259623260,999991584,8416,999830704,169296,4259614796,1000,1000,1000,1000,1000,1000,1000,111718615793,28756884000,197130,8158259,5235255500,253493764800,16176463015,28425212815,12778687710,999985288,43980720600,14712,985403729,14596271,39037341,16346031,983653969,17038250269,4183518900,68,4259562660,999999967,33,999821841,178159,4259562559,1000,1000,1000,1000,1000,1000,1000
475000,43440620,1259441,9480000000,56880000000,20000,120000,9897759546452,10769783,10503155881,22289,9436559380,2000,11448,2914416,18873074182,2421347335,17578652665,18470981865,9844620924,155379076,10334092606,111743791741,28816019000,171445,8317552,5243468700,254017138000,16117363844,28391432594,12804175349,999990105,44071718100,9895,985750467,14249533,39731362,16443713,983556287,17072233787,4191578500,47,4268058520,999999965,35,999823062,176938,4268058438,1000,1000,1000,1000,1000,1000,1000,111744178135,28816217200,202822,8010605,5243681800,254019478400,16213106267,28487296517,12804000562,999982711,44072370600,17289,985206130,14793870,38923219,16519057,983480943,17072000743,4192024000,8440,4268008640,999999981,19,999836519,163481,4268000181,1000,1000,1000,1000,1000,1000,1000
476000,43485350,1288135,9500000000,57000000000,20000,120000,9897560574954,10045386,10525345807,4912,9456514650,2000,116277,2942245,18913019476,2421443240,17578556760,18470727460,9844748375,155251625,10357106551,111769292142,28875324500,202339,7895186,5252268100,254542651400,16152139443,28451639593,12829506834,999911489,44163238800,88511,985599116,14400884,39741827,16541393,983458607,17106009107,4200125600,52,4276502340,999999985,15,999821927,178073,4276502273,1000,1000,1000,1000,1000,1000,1000,111769703676,28875547400,203207,8041564,5252006700,254545176400,16247325895,28546955995,12829362578,999987446,44164044300,12554,984985907,15014093,38773561,16623283,983376717,17105814017,4200535700,8640,4276468340,999991739,8261,999835761,164239,4276451439,1000,1000,1000,1000,1000,1000,1000
477000,43530550,1272514,9520000000,57120000000,20000,120000,9897369910615,937365,10538944000,20499,9476469450,2000,115593,2911533,18952897902,2421462780,17578537220,18470550720,9845029487,154970513,10380124589,111794926455,28934686200,153832,7991550,5260459900,255068731600,16188584833,28513544783,12854840647,999993519,44255054100,6481,985316548,14683452,39456529,16649382,983350618,17139787518,4208716700,95,4284947000,999999966,34,999819429,180571,4284946871,1000,1000,1000,1000,1000,1000,1000,111795139598,28934772600,154453,8058121,5260454400,255069842000,16280048560,28605067110,12854744105,999984593,44255432700,15407,985028010,14971990,38896417,16556712,983443288,17139658788,4209086100,41,4284914780,999999944,56,999820817,179183,4284914683,1000,1000,1000,1000,1000,1000,1000
478000,43577150,1246306,9540000000,57240000000,20000,120000,9897170179450,941891,10561760351,4920,9496422850,2000,995,2950000,18992835860,2421521641,17578478359,18470325259,9845254700,154745300,10403123160,111820353732,28993953000,181261,7745530,5269235900,255593755600,16224547508,28574913108,12880197240,999910761,44346438300,89239,985288392,14711608,39598331,16598991,983401009,17173596309,4217314100,58,4293399160,999999967,33,999822731,177269,4293399069,1000,1000,1000,1000,1000,1000,1000,111820524249,28994014500,249733,8045284,5268989500,255594723400,16313421191,28663839591,12880072705,999983375,44346862500,16625,985051569,14948431,39000594,16578489,983421511,17173427311,4217653300,47,4293363540,999991113,8887,999823094,176906,4293354606,1000,1000,1000,1000,1000,1000,1000
479000,43622920,1270726,9560000000,57360000000,20000,120000,9896970383030,938051,10584444422,22482,9516377080,2000,10489,2918175,19032709196,2421513081,17578486919,18470178119,9845537445,154462555,10426125641,111845891682,29053219100,154761,7815760,5277568900,256118779800,16260319928,28636091278,12905513660,999893000,44437935900,107000,985235681,14764319,39640581,16619021,983380979,17207346079,4225901200,98,4301848920,999983597,16403,999843981,156019,4301832419,1000,1000,1000,1000,1000,1000,1000,111845993706,29053299600,244125,7534491,5277956500,256119879200,16346797507,28722627507,12905423283,999911693,44438223300,88307,985061670,14938330,39160877,16569594,983430406,17207231006,4226219800,8623,4301816460,999999886,114,999831877,168123,4301807723,1000,1000,1000,1000,1000,1000,1000
480000,43668210,1264778,9580000000,57480000000,20000,120000,9896760795387,10830558,10617205006,20329,9536331790,2000,126581,2917826,19072622922,2421602645,17578397355,18469921155,9845664374,154335626,10449120996,111871165106,29112340300,186104,8080793,5285882900,256642488600,16296224582,28697337582,12930875839,999990829,44529133200,9171,985567999,14432001,39961970,16514431,983485569,17241167769,4234429500,41,4310292020,999999951,49,999822370,177630,4310291930,1000,1000,1000,1000,1000,1000,1000,111871318824,29112505800,203580,7782245,5286329400,256644189200,16380072459,28781271059,12930875853,999978584,44529510600,21416,985250452,14749548,39363268,16384015,983615985,17241167785,4234736800,91,4310292080,999999943,57,999816668,183332,4310291932,1000,1000,1000,1000,1000,1000,1000
481000,43713970,1260200,9600000000,57600000000,20000,120000,9896561910668,9978365,10639339124,4646,9556286030,2000,967,2949691,19112562768,2421651433,17578348567,18469703667,9845711629,154288371,10472122697,111896621350,29171524700,155810,7755950,5294623800,257166744600,16329330057,28755811007,12956185740,999889172,44620345200,110828,985709992,14290008,40289420,16512680,983487320,17274914320,4242972100,8040,4318736620,1000000000,0,999834220,165780,4318728580,1000,1000,1000,1000,1000,1000,1000,111896778226,29171778300,189486,7657254,5294819300,257169184600,16416326076,28842927826,12956236812,999892354,44620943100,107646,985171458,14828542,39455404,16466692,983533308,17274982408,4243179600,8140,4318753760,999999976,24,999829204,170796,4318745596,1000,1000,1000,1000,1000,1000,1000
482000,43758620,1253086,9620000000,57720000000,20000,120000,9896370349183,1769015,10653949279,20494,9576241380,2000,2091,2918592,19152441772,2421662198,17578337802,18469523202,9845844588,154155412,10495106260,111922223399,29230954100,157546,8028610,5302676300,257693389800,16363418193,28815385793,12981563399,999993429,44712315300,6571,985279044,14720956,39838515,16645916,983354084,17308748484,4251521900,51,4327193280,999991856,8144,999833815,166185,4327185085,1000,1000,1000,1000,1000,1000,1000,111922055113,29230966100,246153,8018962,5303078100,257693294600,16451398880,28903359030,12981636891,999980067,44712205500,19933,985425889,14574111,39707522,16372731,983627269,17308843569,4251658200,105,4327223640,999983143,16857,999839122,160878,4327206678,1000,1000,1000,1000,1000,1000,1000
483000,43805420,1259288,9640000000,57840000000,20000,120000,9896161608867,10822567,10685956725,2470,9596194580,2000,126174,2948038,19192384220,2421762334,17578237666,18469260266,9845932182,154067818,10518118302,111947687733,29290146100,150985,7780450,5311371900,258217799400,16398826198,28876170398,13006868171,999899066,44803591800,100934,985367272,14632728,40105406,16633135,983366865,17342485065,4260112500,117,4335634500,999982511,17489,999840806,159194,4335616894,1000,1000,1000,1000,1000,1000,1000,111947529870,29290284700,222632,7662790,5311760000,258218787800,16485055490,28962444140,13007025812,999892255,44803722300,107745,985248689,14751311,39696634,16483222,983516778,17342701078,4260085600,8100,4335683380,999999986,14,999832134,167866,4335675266,1000,1000,1000,1000,1000,1000,1000
484000,43850680,1258741,9660000000,57960000000,20000,120000,9895970887658,1763045,10699577779,22323,9616149320,2000,996,2909540,19232253994,2421771103,17578228897,18469089597,9846226260,153773740,10541131454,111973038119,29349404100,238480,7660750,5320075600,258742807400,16433000553,28935750503,13032232543,999894615,44895004500,105385,985384548,14615452,40209333,16585190,983414810,17376307310,4268703200,51,4344083060,999991758,8242,999829433,170567,4344074767,1000,1000,1000,1000,1000,1000,1000,111973065655,29349573600,193138,8100481,5319683300,258744124800,16520178660,29022989760,13032364434,999979409,44895415500,20591,985093640,14906360,39534131,16539297,983460703,17376485903,4268645600,8444,4344129940,999999973,27,999829931,170069,4344121469,1000,1000,1000,1000,1000,1000,1000
485000,43896430,1253769,9680000000,58080000000,20000,120000,9895762906859,10051456,10730787854,4573,9636103570,2000,126285,2937004,19272197994,2421871215,17578128785,18468833185,9846333016,153666984,10564132410,111998589466,29408716600,234223,7693092,5328387600,259268466800,16465858822,28994048422,13057564532,999911168,44986697700,88832,985159231,14840769,40047463,16680431,983319569,17410083369,4277278000,42,4352526900,999991979,8021,999818563,181437,4352518837,1000,1000,1000,1000,1000,1000,1000,111998483773,29408929000,222527,7839927,5328420100,259269938800,16556316474,29084571524,13057804820,999899197,44986990200,100803,984855697,15144303,39452700,16564180,983435820,17410406420,4277120600,60,4352601680,999999980,20,999817300,182700,4352601600,1000,1000,1000,1000,1000,1000,1000
486000,43941460,1242596,9700000000,58200000000,20000,120000,9895563177404,10039933,10753502337,20255,9656058540,2000,2020,2911734,19312076570,2421916937,17578083063,18468619963,9846579746,153420254,10587130416,112024149378,29467991800,166099,7899018,5336545400,259793605200,16499330847,29052932197,13082888238,999910881,45078271500,89119,985035240,14964760,40004959,16693221,983306779,17443850979,4285869400,8784,4360971540,999999985,15,999826359,173641,4360962741,1000,1000,1000,1000,1000,1000,1000,112023980792,29468159500,155769,8151967,5336536900,259794503000,16592186687,29145823187,13083154405,999985636,45078405900,14364,984974923,15025077,39571787,16529782,983470218,17444200218,4285656500,101,4361062880,999983034,16966,999840687,159313,4361045813,1000,1000,1000,1000,1000,1000,1000
487000,43986900,1265633,9720000000,58320000000,20000,120000,9895362709017,10744377,10777050239,22233,9676013100,2000,10336,2910428,19351981734,2421944994,17578055006,18468434606,9846725972,153274028,10610121406,112049458356,29527103500,170958,7717324,5345330100,260317132600,16535481637,29114414487,13108237404,999891558,45169290900,108442,985442496,14557504,40508738,16544134,983455866,17477649866,4294433900,8120,4369420600,999999982,18,999825338,174662,4369412462,1000,1000,1000,1000,1000,1000,1000,112049333310,29527430800,190221,7516542,5345707300,260319546400,16625266744,29204309544,13108571298,999899026,45169692000,100974,985023303,14976697,39786877,16495679,983504321,17478092321,4294152400,48,4369529300,999991771,8229,999824177,175823,4369521023,1000,1000,1000,1000,1000,1000,1000
488000,44032910,1229835,9740000000,58440000000,20000,120000,9895171987895,1750053,10791009583,4843,9695967090,2000,1085,2941036,19391924494,2422012548,17577987452,18468198652,9846803204,153196796,10633121698,112074961440,29586483100,227052,7743413,5353720100,260843222200,16572670680,29177061680,13133610005,999980667,45261027000,19333,985234631,14765369,40295664,16643959,983356041,17511474841,4302962100,87,4377880420,999984503,15497,999836264,163736,4377864836,1000,1000,1000,1000,1000,1000,1000,112074805483,29586757300,242509,8037177,5353549300,260845226600,16657225400,29261707400,13133917092,999991260,45261485400,8740,984762324,15237676,39518164,16637372,983362628,17511889428,4302643900,8920,4377981340,999999916,84,999820964,179036,4377972336,1000,1000,1000,1000,1000,1000,1000
489000,44079090,1262595,9760000000,58560000000,20000,120000,9894972960603,985332,10812978750,20303,9715920910,2000,12347,2908404,19431801214,2422002735,17577997265,18468036365,9847014636,152985364,10656099650,112100278537,29645640500,216439,7522063,5362572400,261367153000,16607525792,29237267792,13158998896,999892624,45352119600,107376,985479916,14520084,40713592,16469196,983530804,17545328904,4311529400,8340,4386347220,999991128,8872,999826492,173508,4386330008,1000,1000,1000,1000,1000,1000,1000,112100258420,29646010800,181917,7727259,5362345100,261370029600,16691581766,29321457266,13159311681,999912093,45352792800,87907,984801972,15198028,39724479,16555498,983444502,17545748902,4311186800,8701,4386445940,999999982,18,999822579,177421,4386437221,1000,1000,1000,1000,1000,1000,1000
490000,44123820,1276636,9780000000,58680000000,20000,120000,9894772462989,1740188,10836705601,20554,9735876180,2000,127276,2913461,19471711252,2422047077,17577952923,18467825723,9847043739,152956261,10679095691,112125691935,29704876900,218788,7958752,5370536500,261891856200,16641590475,29296721875,13184369705,999981200,45443623500,18800,985503441,14496559,40733241,16524636,983475364,17579154064,4319970000,113,4394801100,999983372,16628,999829741,170259,4394784359,1000,1000,1000,1000,1000,1000,1000,112125685467,29705326800,213104,8087990,5370445200,261895456800,16726574013,29381874213,13184702843,999989438,45444430800,10562,984671495,15328505,39598257,16580914,983419086,17579603786,4319689300,43,4394901000,999999986,14,999825457,174543,4394900943,1000,1000,1000,1000,1000,1000,1000
491000,44168060,1242633,9800000000,58800000000,20000,120000,9894564434941,10034813,10867875599,22462,9755831940,2000,12211,2902030,19511618956,2422100254,17577899746,18467608646,9847165050,152834950,10702103806,112151176077,29764194500,184123,7910783,5379006100,262417353800,16675756959,29356317259,13209761400,999981187,45535197000,18813,985353087,14646913,40665500,16529400,983470600,17613015200,4328502100,8360,4403262160,1000000000,0,999820100,179900,4403253800,1000,1000,1000,1000,1000,1000,1000,112150981323,29764394700,197887,8105500,5378958100,262418635000,16761812547,29442427897,13210052523,999979036,45535446900,20964,985089106,14910894,40107570,16485247,983514753,17613403353,4328178100,97,4403350960,999999967,33,999813170,186830,4403350830,1000,1000,1000,1000,1000,1000,1000
492000,44213350,1237416,9820000000,58920000000,20000,120000,9894373808058,912886,10881593779,22564,9775786650,2000,12201,2908221,19551528172,2422136244,17577863756,18467403756,9847336259,152663741,10725108931,112176627614,29823514000,210442,7619047,5387746700,262942864000,16710239222,29416228972,13235142457,999892998,45626704500,107002,985189150,14810850,40673652,16558895,983441105,17646856605,4337029500,39,4411714200,999999987,13,999820352,179648,4411714148,1000,1000,1000,1000,1000,1000,1000,112176594031,29823742200,145821,7983166,5387356600,262944516400,16796456911,29502521411,13235390209,999991062,45627149400,8938,984845446,15154554,39936884,16602875,983397125,17647186925,4336726000,43,4411796820,999999939,61,999816484,183516,4411796716,1000,1000,1000,1000,1000,1000,1000
493000,44258110,1266507,9840000000,59040000000,20000,120000,9894164313122,10735300,10914266081,4625,9795741890,2000,115217,2950451,19591474530,2422247522,17577752478,18467125978,9847543929,152456071,10748124259,112202254879,29882861000,196756,7795455,5395781800,263468803600,16745042305,29476484905,13260434584,999898288,45718524900,101712,984837033,15162967,40397645,16772861,983227139,17680579439,4345557100,8486,4420153360,999999981,19,999830945,169055,4420144855,1000,1000,1000,1000,1000,1000,1000,112201945968,29882936400,216195,8157491,5395780200,263468876000,16830695671,29562133371,13260714257,999985253,45718467900,14747,984969874,15030126,40152221,16524964,983475036,17680952336,4345337100,8361,4420246460,999999980,20,999822921,177079,4420238079,1000,1000,1000,1000,1000,1000,1000
494000,44302940,1281289,9860000000,59160000000,20000,120000,9893974324234,971854,10927421159,4836,9815697060,2000,947,2941957,19631384448,2422280188,17577719812,18466924812,9847621403,152378597,10771128751,112227515763,29941998400,249472,8193617,5404007800,263992632000,16780967580,29537757280,13285815230,999989999,45809766000,10001,985122744,14877256,40675145,16653215,983346785,17714420285,4354086900,40,4428605160,999999935,65,999813945,186055,4428605055,1000,1000,1000,1000,1000,1000,1000,112227264397,29942085000,185955,7838715,5404630700,263992584400,16864184584,29620960484,13286102464,999899276,45809480400,100724,985298360,14701640,40651684,16425120,983574880,17714803280,4353790200,7748,4428708580,999999984,16,999832384,167616,4428700816,1000,1000,1000,1000,1000,1000,1000
495000,44347620,1251619,9880000000,59280000000,20000,120000,9893773882128,1666180,10950860314,22498,9835652380,2000,1972,2902870,19671259764,2422323308,17577676692,18466723192,9847865650,152134350,10794156914,112253168455,30001260600,168834,8250353,5412209700,264517733200,16814224638,29596425388,13311082022,999980656,45901337400,19344,985019219,14980781,40660163,16747441,983252559,17748103759,4362691200,112,4437038660,999983189,16811,999837363,162637,4437021737,1000,1000,1000,1000,1000,1000,1000,112252720795,30001383900,227128,8157885,5412692400,264518009400,16900118421,29682321021,13311458278,999988275,45901158900,11725,985153916,14846084,40497541,16538163,983461837,17748611037,4362277300,8560,4437161320,999999999,1,999825941,174059,4437152759,1000,1000,1000,1000,1000,1000,1000
496000,44391930,1244291,9900000000,59400000000,20000,120000,9893565016788,10795551,10982928237,20238,9855608070,2000,124702,2908822,19711175664,2422379939,17577620061,18466508561,9847944598,152055402,10817168462,112278566207,30060469600,177593,7956046,5421014100,265042224000,16848178260,29655758560,13336434473,999979705,45992590200,20295,985210705,14789295,40932300,16696827,983303173,17781907073,4371247700,107,4445489380,999983327,16673,999836400,163600,4445472600,1000,1000,1000,1000,1000,1000,1000,112278056019,30060540400,251480,7790865,5421499600,265041951200,16935318047,29742872447,13336802318,999901430,45992269500,98570,985404963,14595037,40913733,16570015,983429985,17782403085,4370704100,8216,4445609000,999999983,17,999830833,169167,4445600767,1000,1000,1000,1000,1000,1000,1000
497000,44437380,1253480,9920000000,59520000000,20000,120000,9893375157283,962270,10996053667,4559,9875562620,2000,114195,2942875,19751116122,2422474153,17577525847,18466250147,9848009905,151990095,10840158427,112303849917,30119662700,243336,7892117,5429699900,265566526200,16883701140,29716651190,13361807872,999990037,46083820500,9963,985421488,14578512,41212251,16596079,983403921,17815743821,4379797600,8786,4453944760,999999975,25,999826651,173349,4453935949,1000,1000,1000,1000,1000,1000,1000,112303509295,30119732200,144734,8135285,5429551600,265566178000,16969061535,29801981135,13362186234,999982364,46083626700,17636,985560307,14439693,41072843,16527909,983472091,17816248291,4379170000,7940,4454070060,999999937,63,999830943,169057,4454062057,1000,1000,1000,1000,1000,1000,1000
498000,44483690,1237595,9940000000,59640000000,20000,120000,9893165582289,10777357,11028730521,2756,9895516310,2000,969,2943456,19791027108,2422506946,17577493054,18466061254,9848154784,151845216,10863164492,112329306996,30178839000,172964,8038691,5438001800,266090646000,16915121064,29773431564,13387150787,999987816,46175098200,12184,985595436,14404564,41464520,16530133,983469867,17849531467,4388341400,8233,4462397660,999991253,8747,999837320,162680,4462380680,1000,1000,1000,1000,1000,1000,1000,112328966830,30179042400,196696,8091356,5437994700,266091691200,17006979472,29865329872,13387538302,999990166,46175227800,9834,985410408,14589592,40995142,16632140,983367860,17850051060,4387676000,8714,4462521500,999999972,28,999828842,171158,4462512758,1000,1000,1000,1000,1000,1000,1000
499000,44528090,1253438,9960000000,59760000000,20000,120000,9892974904718,1649810,11042462344,22257,9915471910,2000,1058,2907028,19830899306,2422486828,17577513172,18465914072,9848271392,151728608,10886176898,112354774840,30238087900,180578,8276168,5446124200,266615659000,16951652600,29835370300,13412489416,999985177,46266675000,14823,985458883,14541117,41417806,16615690,983384310,17883316410,4396850800,52,4470835480,999991566,8434,999825506,174494,4470826994,1000,1000,1000,1000,1000,1000,1000,112354383322,30238305400,209021,8104197,5446407400,266616658000,17039622254,29923375204,13412914557,999986955,46266685500,13045,985386536,14613464,41054581,16677324,983322676,17883886076,4396143000,8381,4470979900,1000000000,0,999827981,172019,4470971519,1000,1000,1000,1000,1000,1000,1000
500000,44573910,1264720,9980000000,59880000000,20000,120000,9892775900642,960519,11064700819,2887,9935426090,2000,11514,2947294,19870846406,2422580061,17577419939,18465655039,9848395346,151604654,10909188352,112380258407,30297398000,217673,7990270,5454817900,267141130400,16986993188,29896139088,13437825097,999989669,46358194800,10331,985390629,14609371,41429060,16699063,983300937,17917097337,4405389200,8943,4479289560,999991623,8377,999833960,166040,4479272240,1000,1000,1000,1000,1000,1000,1000,112379823711,30297499500,216788,7675505,5455246900,267141017400,17073458528,29982584678,13438221050,999899175,46357899900,100825,985545908,14454092,41383533,16715583,983284417,17917625317,4404664200,8684,4479421200,999991751,8249,999842933,157067,4479404267,1000,1000,1000,1000,1000,1000,1000
501000,44618080,1254741,10000000000,60000000000,20000,120000,9892575468359,1645987,11088224809,4590,9955381920,2000,1961,2943562,19910754660,2422619846,17577380154,18465448354,9848571998,151428002,10932207258,112405609832,30356633900,238067,7570610,5463792100,267665804600,17019780073,29954313623,13463220216,999905841,46449435000,94159,985490874,14509126,41696633,16623517,983376483,17950960283,4413916500,8078,4487748160,999999985,15,999826733,173267,4487740067,1000,1000,1000,1000,1000,1000,1000,112405439480,30356805500,146686,7791079,5463354800,267666627000,17109866175,30044429675,13463541835,999994022,46449633900,5978,985358244,14641756,41184422,16856487,983143513,17951389113,4413202900,8401,4487855680,999999999,1,999831222,168778,4487847278,1000,1000,1000,1000,1000,1000,1000
502000,44662480,1245401,10020000000,60120000000,20000,120000,9892366604766,10787633,11120179115,2527,9975337520,2000,125442,2942096,19950669986,2422683899,17577316101,18465218701,9848784844,151215156,10955234230,112431156290,30415900800,204935,7794470,5471855100,268190946400,17055172065,30015118615,13488532910,999889795,46541049600,110205,985315170,14684830,41619475,16741665,983258335,17984710535,4422433200,8640,4496186300,999999965,35,999830075,169925,4496177625,1000,1000,1000,1000,1000,1000,1000,112430693875,30415938500,222205,7714383,5472113000,268190374600,17143604442,30103510542,13488897278,999911588,46540715400,88412,985636048,14363952,41627760,16702182,983297818,17985196318,4421787400,8162,4496307360,999999842,158,999827260,172740,4496299040,1000,1000,1000,1000,1000,1000,1000
503000,44706030,1259062,10040000000,60240000000,20000,120000,9892166905142,10714679,11142798306,20279,9995293970,2000,113050,2910745,19990547382,2422698321,17577301679,18465038079,9849076155,150923845,10978249037,112456668913,30475202100,247179,7754957,5480287400,268716449800,17090443606,30075821456,13513840622,999891734,46632665400,108266,985157898,14842102,41543464,16827542,983172458,18018454158,4431027600,9170,4504622720,999999986,14,999832864,167136,4504613536,1000,1000,1000,1000,1000,1000,1000,112456245352,30475311500,207298,7690108,5480524900,268716383800,17177446382,30162806432,13514268480,999903313,46632422700,96687,985357863,14642137,41440850,16757170,983242830,18019024630,4430346900,8700,4504764880,999999970,30,999835250,164750,4504756150,1000,1000,1000,1000,1000,1000,1000
504000,44748700,1248339,10060000000,60360000000,20000,120000,9891977002528,886569,11155752442,20302,10015251300,2000,955,2914877,20030461996,2422755297,17577244703,18464819103,9849309243,150690757,11001260239,112482124761,30534376900,166108,7553001,5488955000,269240625000,17125358104,30136100054,13539202716,999890065,46723879200,109935,985384188,14615812,41851323,16731507,983268493,18052267393,4439592000,38,4513073400,999991315,8685,999828323,171677,4513064677,1000,1000,1000,1000,1000,1000,1000,112481655441,30534532400,225115,8104573,5488626400,269241008000,17211904202,30222650652,13539622330,999982818,46723887000,17182,985419570,14580430,41505152,16707622,983292378,18052826778,4438919000,46,4513213480,999991014,8986,999835052,164948,4513204448,1000,1000,1000,1000,1000,1000,1000
505000,44793230,1277734,10080000000,60480000000,20000,120000,9891777290960,883979,11178596012,4617,10035206770,2000,10621,2943927,20070404306,2422833139,17577166861,18464579161,9849500353,150499647,11024268459,112507595984,30593710700,195893,7813382,5497172700,269766287000,17161936685,30198115785,13564575988,999905298,46815556500,94702,985158857,14841143,41694359,16740971,983259029,18086098429,4448166300,54,4521531160,999991335,8665,999830059,169941,4521522441,1000,1000,1000,1000,1000,1000,1000,112507200299,30593834300,199005,8104760,5496958400,269766506200,17244418510,30280595860,13564956463,999990768,46815524400,9232,985239936,14760064,41396068,16796605,983203395,18086608595,4447469900,8561,4521660760,999999933,67,999827468,172532,4521652132,1000,1000,1000,1000,1000,1000,1000
506000,44838280,1270956,10100000000,60600000000,20000,120000,9891568438902,9965994,11210464656,22548,10055161720,2000,948,2915318,20110278344,2422854296,17577145704,18464395804,9849679342,150320658,11047262686,112532921269,30652913100,194941,7964350,5505576100,270290597400,17196128199,30257676399,13589981219,999989923,46906842900,10077,985380193,14619807,41912870,16657151,983342849,18119974949,4456647600,8901,4530002660,999999971,29,999822970,177030,4529993730,1000,1000,1000,1000,1000,1000,1000,112532639789,30653073700,244183,7812371,5505706000,270291356200,17279476147,30341051697,13590268232,999898199,46906891200,101801,985240123,14759877,41569224,16823492,983176508,18120357608,4456047400,8200,4530097680,999999896,104,999833224,166776,4530089376,1000,1000,1000,1000,1000,1000,1000
507000,44882790,1288853,10120000000,60720000000,20000,120000,9891377719142,939801,11224275439,20490,10075117210,2000,958,2913798,20150193440,2422892043,17577107957,18464187957,9849836742,150163258,11070258582,112558269790,30712142800,225789,8029554,5514073600,270815121600,17231423466,30318350716,13615376138,999984732,46998147600,15268,985504825,14495175,42126893,16592255,983407745,18153829445,4465144500,96,4538469620,999983783,16217,999834993,165007,4538453307,1000,1000,1000,1000,1000,1000,1000,112558115613,30712286800,148095,7870221,5514115100,270815908000,17313401073,30400359473,13615654122,999893334,46998261900,106666,985292170,14707830,41712036,16714214,983285786,18154205486,4464627100,46,4538551440,999999970,30,999818636,181364,4538551364,1000,1000,1000,1000,1000,1000,1000
508000,44925870,1262187,10140000000,60840000000,20000,120000,9891177325305,1618869,11247791128,22176,10095074130,2000,10409,2909151,20190103908,2422974174,17577025826,18463951826,9849985429,150014571,11093248537,112583837681,30771540100,189990,8035673,5522389600,271341415400,17264844631,30377240581,13640774140,999985699,47089958100,14301,985125856,14874144,41824357,16695417,983304583,18187695883,4473652400,46,4546930700,999991089,8911,999826457,173543,4546921743,1000,1000,1000,1000,1000,1000,1000,112583565972,30771636200,237982,7745348,5522738000,271341662000,17349087473,30461486823,13641004064,999891713,47089849800,108287,985153331,14846669,41651418,16770154,983229846,18188002646,4473188400,8620,4547015520,999991682,8318,999838918,161082,4546998582,1000,1000,1000,1000,1000,1000,1000
509000,44969840,1280394,10160000000,60960000000,20000,120000,9890978326007,938127,11270065249,4658,10115030160,2000,958,2940618,20230051004,2423083234,17576916766,18463677466,9850062402,149937598,11116248906,112609091467,30830745500,256648,8195374,5530838100,271865755000,17297601907,30435368407,13666185911,999990139,47181240600,9861,985270744,14729256,42043605,16618594,983381406,18221581206,4482120700,99,4555395420,999999974,26,999817205,182795,4555395295,1000,1000,1000,1000,1000,1000,1000,112609196394,30830989300,141699,8186869,5530565300,271867649800,17385495791,30523350241,13666371841,999983438,47181730800,16562,984797969,15202031,41290831,16855590,983144410,18221829110,4481743800,8757,4555466060,999999966,34,999823131,176869,4555457269,1000,1000,1000,1000,1000,1000,1000
510000,45015690,1252862,10180000000,61080000000,20000,120000,9890769464551,10024064,11301924502,22308,10134984310,2000,113028,2907934,20269924004,2423097115,17576902885,18463500985,9850255266,149744734,11139247770,112634524938,30889931000,226356,8035296,5539418900,272390031600,17331099907,30494235507,13691520938,999990680,47272500000,9320,985459178,14540822,42313598,16612560,983387440,18255361240,4490637600,66,4563840400,999999968,32,999819498,180502,4563840302,1000,1000,1000,1000,1000,1000,1000,112634477089,30890211500,232914,7620325,5539789300,272392158200,17421165153,30584398603,13691757912,999898486,47272861200,101514,985017687,14982313,41676001,16751189,983248811,18255677211,4490293900,8586,4563927900,999999985,15,999825301,174699,4563919299,1000,1000,1000,1000,1000,1000,1000
511000,45060560,1254959,10200000000,61200000000,20000,120000,9890578864792,937929,11315858976,4834,10154939440,2000,10242,2943735,20309869212,2423201821,17576798179,18463231579,9850272845,149727155,11162250157,112660026259,30949219400,201253,7842104,5547972000,272915198800,17367172892,30555720392,13716883875,999891329,47363961900,108671,985347033,14652967,42381404,16692129,983307871,18289173371,4499105100,97,4572304980,999984613,15387,999834904,165096,4572289496,1000,1000,1000,1000,1000,1000,1000,112659991480,30949462900,200243,7640680,5548075300,272917126600,17454376857,30643014407,13717084438,999890975,47364372900,109025,984948616,15051384,41698541,16854603,983145397,18289445897,4498786800,8820,4572370340,999999939,61,999826341,173659,4572361459,1000,1000,1000,1000,1000,1000,1000
512000,45104770,1270634,10220000000,61320000000,20000,120000,9890369283557,10761461,11348496212,20501,10174895230,2000,10600,2915193,20349749458,2423228818,17576771182,18463039182,9850431667,149568333,11185251225,112685371613,31008496500,249525,8050178,5556306100,273440281800,17402219551,30616175101,13742290979,999983762,47455464000,16238,985354608,14645392,42379646,16656967,983343033,18323054633,4507614100,49,4580763720,999999983,17,999821746,178254,4580763654,1000,1000,1000,1000,1000,1000,1000,112685428074,31008702600,224966,7751161,5556416700,273441901200,17488512665,30702543665,13742425855,999898852,47455808100,101148,984972732,15027268,41797080,16876425,983123575,18323229175,4507315800,105,4580819320,999984105,15895,999837280,162720,4580803320,1000,1000,1000,1000,1000,1000,1000
513000,45149160,1246481,10240000000,61440000000,20000,120000,9890179466463,876639,11361525276,2831,10194850840,2000,124518,2945619,20389696018,2423319902,17576680098,18462793398,9850561761,149438239,11208264779,112710836278,31067686900,238169,7744902,5564952800,273964685800,17436667469,30675999469,13767590622,999911921,47546753400,88079,985459270,14540730,42631749,16745627,983254373,18356787473,4516108000,8240,4589205160,999999931,69,999826049,173951,4589196851,1000,1000,1000,1000,1000,1000,1000,112710959011,31068036400,164652,7927958,5564649500,273967579200,17523160382,30762629532,13767815667,999988961,47547489900,11039,984806382,15193618,41619721,16867654,983132346,18357087546,4515885000,8551,4589280460,999999970,30,999826221,173779,4589271879,1000,1000,1000,1000,1000,1000,1000
514000,45193010,1260360,10260000000,61560000000,20000,120000,9889970561985,10016756,11393511154,4557,10214806990,2000,1993,2948232,20429604866,2423342941,17576657059,18462606959,9850720988,149279012,11231267154,112736229945,31126877100,228930,7670898,5573491000,274488995000,17471218019,30735920569,13792947273,999903837,47638029000,96163,985619762,14380238,42877925,16716252,983283748,18390596348,4524620500,97,4597649220,999999952,48,999822925,177075,4597649075,1000,1000,1000,1000,1000,1000,1000,112736193003,31127195200,251246,7732976,5573543500,274491480800,17557998928,30822817078,13793193153,999905071,47638556400,94929,985087854,14912146,42070883,16715030,983284970,18390924170,4524438200,9141,4597740260,999999898,102,999827883,172117,4597731017,1000,1000,1000,1000,1000,1000,1000
515000,45236180,1267726,10280000000,61680000000,20000,120000,9889779200947,1599312,11407914527,22239,10234763820,2000,11550,2907053,20469483162,2423355359,17576644641,18462432441,9850874567,149125433,11254282729,112761807776,31186209500,196327,7658204,5581818500,275014721400,17506595979,30796739879,13818284718,999898288,47729710200,101712,985382389,14617611,42726801,16822183,983177817,18424379617,4533164300,7640,4606102560,999999979,21,999826801,173199,4606094899,1000,1000,1000,1000,1000,1000,1000,112761552883,31186349500,236402,8201264,5581544400,275015387800,17591812795,30881980845,13818547837,999990504,47729856900,9496,985316899,14683101,42295895,16681558,983318442,18424730442,4532910700,8193,4606190820,999999978,22,999830795,169205,4606182605,1000,1000,1000,1000,1000,1000,1000
516000,45279630,1281606,10300000000,61800000000,20000,120000,9889580190103,868973,11430169685,4801,10254720370,2000,128425,2942274,20509431138,2423405276,17576594724,18462215624,9850931726,149068274,11277290164,112787280757,31245442400,158843,7874707,5590041700,275539416000,17541740326,30857273526,13843644584,999895019,47821152000,104981,985386819,14613181,42815700,16801916,983198084,18458187184,4541701300,96,4614559480,999983216,16784,999833400,166600,4614542600,1000,1000,1000,1000,1000,1000,1000,112787080473,31245583900,150731,8286022,5589744600,275540156600,17625754643,30941316443,13843901439,999986479,47821333800,13521,985281347,14718653,42350068,16759329,983240671,18458532571,4541371400,45,4614639220,999991957,8043,999829168,170832,4614631132,1000,1000,1000,1000,1000,1000,1000
517000,45323910,1258375,10320000000,61920000000,20000,120000,9889370612265,10690910,11462851500,22452,10274676090,2000,126134,2911914,20549307276,2423432475,17576567525,18462016225,9851052366,148947634,11300301042,112812692200,31304722900,230080,8367600,5597957700,276064627400,17578815400,30919764250,13868976420,999980754,47912807700,19246,985258914,14741086,42687860,16904840,983095160,18491968560,4550199100,7920,4623000060,1000000000,0,999833060,166940,4622992140,1000,1000,1000,1000,1000,1000,1000,112812576840,31304891700,163880,8203259,5598179900,276065562600,17657865041,30998851241,13869241059,999985876,47912893500,14124,985166116,14833884,42321840,16874981,983125019,18492318619,4549859500,8321,4623094260,999991621,8379,999841740,158260,4623077560,1000,1000,1000,1000,1000,1000,1000
518000,45367820,1262934,10340000000,62040000000,20000,120000,9889180001166,1594272,11476647126,2452,10294632180,2000,10391,2957298,20589259456,2423516938,17576483062,18461766062,9851209962,148790038,11323305518,112838181460,31363960400,218205,8142687,5606634700,276589428800,17612922121,30979266371,13894306517,999988333,48004174200,11667,985354788,14645212,42861755,16887538,983112462,18525736462,4558792600,93,4631446720,999983318,16682,999841955,158045,4631429945,1000,1000,1000,1000,1000,1000,1000,112837907063,31364075700,147981,7942530,5606994600,276589780200,17693108504,31059460304,13894649577,999989039,48004070100,10961,985419987,14580013,42652648,16760771,983239229,18526199429,4558371300,47,4631549920,999999979,21,999822248,177752,4631549852,1000,1000,1000,1000,1000,1000,1000
519000,45412260,1253846,10360000000,62160000000,20000,120000,9888980179485,1645882,11499515632,22262,10314587740,2000,11384,2910994,20629130956,2423539867,17576460133,18461581233,9851359406,148640594,11346318162,112863608448,31423154900,183575,7815257,5615432500,277113848200,17649408462,31041129612,13919668863,999983654,48095424000,16346,985541495,14458505,43136341,16837278,983162722,18559552622,4567339800,115,4639901460,999982414,17586,999828841,171159,4639883759,1000,1000,1000,1000,1000,1000,1000,112863354734,31423277700,150769,7669107,5615625300,277114188200,17725878108,31117605158,13919958199,999899452,48095343000,100548,985522153,14477847,42923101,16856702,983143298,18559941398,4566832400,8539,4640000340,999991398,8602,999840401,159599,4639983199,1000,1000,1000,1000,1000,1000,1000
520000,45456630,1284696,10380000000,62280000000,20000,120000,9888772067842,10023014,11530768448,22269,10334543370,2000,117525,2908232,20669042202,2423600056,17576399944,18461362044,9851463828,148536172,11369301030,112889142356,31482611600,186731,7851273,5623829600,277640523200,17682403999,31099610249,13945099611,999980735,48187269000,19265,985110064,14889936,42792529,16882618,983117382,18593461082,4575869700,91,4648376760,999984802,15198,999837629,162371,4648361471,1000,1000,1000,1000,1000,1000,1000,112888753332,31482563000,196166,7835973,5623931500,277639452400,17761842130,31178987530,13945350993,999899089,48186915900,100911,985385155,14614845,42860766,16884873,983115127,18593798427,4575335300,55,4648456180,999991309,8691,999824766,175234,4648447434,1000,1000,1000,1000,1000,1000,1000
521000,45501630,1252217,10400000000,62400000000,20000,120000,9888571580619,10742570,11554290682,22318,10354498370,2000,126383,2904608,20708952104,2423615189,17576384811,18461175011,9851678272,148321728,11392321776,112914416381,31541734400,245152,8020601,5632215000,278164231200,17714667627,31157215277,13970434780,999986208,48278445600,13792,985376819,14623181,43142011,16829431,983170569,18627246369,4584380400,8278,4656819880,999999987,13,999827511,172489,4656811589,1000,1000,1000,1000,1000,1000,1000,112914265003,31541891000,213482,7668856,5632520800,278165130000,17798821873,31241406123,13970691129,999903713,48278517900,96287,985233008,14766992,42787695,16929666,983070334,18627588134,4583928200,8721,4656905840,999999886,114,999825495,174505,4656897005,1000,1000,1000,1000,1000,1000,1000
522000,45545730,1255688,10420000000,62520000000,20000,120000,9888381005534,1581106,11567916886,22545,10374454270,2000,11143,2909330,20748863450,2423671240,17576328760,18460956660,9851898270,148101730,11415324720,112940006202,31601043000,195911,7461873,5641069700,278689789200,17746830437,31214811887,13995770573,999898718,48369965400,101282,985225189,14774811,43157971,16927098,983072902,18661024502,4592931200,45,4665262760,999991214,8786,999826171,173829,4665253929,1000,1000,1000,1000,1000,1000,1000,112939668350,31601171600,239482,7958870,5640794800,278690193600,17835930632,31303921282,13996074592,999990712,48370019400,9288,985251956,14748044,42801844,16852452,983147548,18661432748,4592505800,8360,4665366640,999999876,124,999832144,167856,4665358156,1000,1000,1000,1000,1000,1000,1000
523000,45589290,1241239,10440000000,62640000000,20000,120000,9888172126031,10743814,11599973456,4620,10394410710,2000,12320,2945362,20788812180,2423744845,17576255155,18460717955,9852043258,147956742,11438327538,112965387351,31660179800,197169,8109393,5648970300,279213586800,17781712861,31275039561,14021078284,999992289,48461276100,7711,985466729,14533271,43387640,16824656,983175344,18694768244,4601534100,8816,4673707180,999991596,8404,999836440,163560,4673689960,1000,1000,1000,1000,1000,1000,1000,112965109350,31660421800,164548,7750106,5649452300,279214995600,17870322380,31363706880,14021496124,999891383,48461367000,108617,985226849,14773151,42959466,16794242,983205758,18695328158,4600993800,44,4673832100,999999978,22,999820766,179234,4673832034,1000,1000,1000,1000,1000,1000,1000
524000,45633580,1282926,10460000000,62760000000,20000,120000,9887981531674,1576669,11613594046,20449,10414366420,2000,116853,2921135,20828691942,2423772743,17576227257,18460526057,9852221705,147778295,11461317947,112990839615,31719462000,221697,8028637,5657453300,279738833600,17815150377,31333894727,14046428424,999989249,48552802200,10751,985378853,14621147,43386704,16891080,983108920,18728571220,4610053100,8488,4682151320,999999964,36,999830504,169496,4682142796,1000,1000,1000,1000,1000,1000,1000,112990631766,31719760200,149743,7611419,5658027500,279740609200,17905887444,31424705494,14046871839,999906095,48552925800,93905,985124898,14875102,42922903,16812364,983187636,18729157036,4609542600,95,4682301540,999983752,16248,999838903,161097,4682285197,1000,1000,1000,1000,1000,1000,1000
525000,45676350,1258949,10480000000,62880000000,20000,120000,9887782534490,849066,11635724925,20486,10434323650,2000,1052,2915231,20868606328,2423844756,17576155244,18460295444,9852378229,147621771,11484338857,113016205263,31778667300,236680,8079636,5665938900,280263267400,17851349140,31395469940,14071800657,999984319,48644115900,15681,985498800,14501200,43594581,16826724,983173276,18762400876,4618588300,8361,4690608580,1000000000,0,999825481,174519,4690600219,1000,1000,1000,1000,1000,1000,1000,113016025406,31778944400,150149,8024493,5666050900,280264940000,17939079359,31483270059,14072206969,999991190,48644350200,8810,985235975,14764025,43024485,16818416,983181584,18762942584,4618057400,7921,4690743660,999999876,124,999827385,172615,4690735615,1000,1000,1000,1000,1000,1000,1000
526000,45720130,1264226,10500000000,63000000000,20000,120000,9887573672003,9959514,11667690649,20478,10454279870,2000,11571,2917451,20908518784,2423882117,17576117883,18460092983,9852530229,147469771,11507343913,113041597243,31837852900,207412,8128101,5674379800,280787421800,17885533683,31455015933,14097177294,999990537,48735355800,9463,985708322,14291678,43878985,16769691,983230309,18796230909,4627075500,116,4699070180,999983551,16449,999834785,165215,4699053615,1000,1000,1000,1000,1000,1000,1000,113041594777,31838306000,168813,7702450,5674715500,280790998400,17974059120,31543708270,14097544327,999899939,48736037400,100061,984907369,15092631,42871130,16938103,983061897,18796722897,4626629600,53,4699187240,999991383,8617,999829130,170870,4699178570,1000,1000,1000,1000,1000,1000,1000
527000,45764010,1254305,10520000000,63120000000,20000,120000,9887382981544,907946,11681456519,20283,10474235990,2000,11636,2922059,20948431414,2423930190,17576069810,18459877710,9852721841,147278159,11530348355,113067230135,31897299300,183953,7689137,5683060300,281314258600,17917229265,31512208015,14122552920,999892325,48827220300,107675,985179121,14820879,43531196,16957876,983042124,18830067724,4635590100,48,4707523360,999991492,8508,999826996,173004,4707514804,1000,1000,1000,1000,1000,1000,1000,113067148092,31897616500,144128,7956664,5682849500,281316458600,18011449444,31606526044,14122878836,999992013,48827690700,7987,984799453,15200547,42755140,16975604,983024396,18830499496,4635214800,124,4707637640,999983144,16856,999842640,157360,4707620660,1000,1000,1000,1000,1000,1000,1000
528000,45806080,1230348,10540000000,63240000000,20000,120000,9887174187899,9953252,11713311049,22495,10494193920,2000,122647,2910947,20988342850,2423973951,17576026049,18459669549,9852902553,147097447,11553349403,113092627134,31956620500,219152,7872825,5691456300,281839685000,17955011068,31575413818,14147968435,999986487,48918773700,13513,985142949,14857051,43483462,16885027,983114973,18863955173,4644150300,41,4715995000,999991779,8221,999828262,171738,4715986738,1000,1000,1000,1000,1000,1000,1000,113092539386,31956831400,168174,8061389,5691234200,281841006800,18042774187,31663233187,14148228335,999992668,48919061700,7332,984876388,15123612,42913220,16960085,983039915,18864298815,4643745700,125,4716087500,999983105,16895,999842920,157080,4716070480,1000,1000,1000,1000,1000,1000,1000
529000,45849410,1243502,10560000000,63360000000,20000,120000,9886982825466,1618311,11727888880,2522,10514150590,2000,124656,2947833,21028296136,2424064077,17575935923,18459410623,9853027847,146972153,11576350583,113118130176,32015928100,165955,7721842,5700036700,282365085000,17990355375,31636182175,14173358484,999911590,49010294400,88410,984971167,15028833,43476477,16860293,983139707,18897811307,4652707500,42,4724452880,999999985,15,999821677,178323,4724452823,1000,1000,1000,1000,1000,1000,1000,113117978118,32016095100,148696,8092296,5699637100,282366079000,18076581617,31722449667,14173610298,999990127,49010566500,9873,984800365,15199635,42918638,16964140,983035860,18898147060,4652265900,8066,4724544840,999999988,12,999822238,177762,4724536762,1000,1000,1000,1000,1000,1000,1000
530000,45893120,1249702,10580000000,63480000000,20000,120000,9886774737323,9953103,11759062049,4789,10534106880,2000,126172,2948564,21068204182,2424095426,17575904574,18459212474,9853179236,146820764,11599339618,113143578202,32075199600,175638,8012438,5708178000,282890156800,18023000121,31694234971,14198716860,999990197,49101849600,9803,984931477,15068523,43445780,16899220,983100780,18931622480,4661218100,8400,4732914020,1000000000,0,999824280,175720,4732905620,1000,1000,1000,1000,1000,1000,1000,113143344562,32075296500,148967,8040366,5708268100,282890385800,18113152105,31784389155,14198989662,999981599,49101796800,18401,984999442,15000558,43205443,16842481,983157519,18931983519,4660825700,32,4733001980,999991909,8091,999828543,171457,4732993857,1000,1000,1000,1000,1000,1000,1000
531000,45937480,1259576,10600000000,63600000000,20000,120000,9886584083081,842697,11772730986,22489,10554062520,2000,126605,2912427,21108080062,2424121378,17575878622,18459025922,9853364713,146635287,11622340575,113168930257,32134364300,224874,8325680,5716379900,283414249400,18058929730,31755524780,14224035983,999989550,49193161800,10450,985072027,14927973,43669977,16873494,983126506,18965381306,4669761100,8863,4741354200,999999986,14,999828877,171123,4741345323,1000,1000,1000,1000,1000,1000,1000,113168575827,32134511000,251268,7895182,5717102200,283414774800,18146479489,31843089039,14224393019,999891637,49192987500,108363,985145802,14854198,43519365,16726746,983273254,18965857354,4669343100,8511,4741472860,999999986,14,999827565,172435,4741464335,1000,1000,1000,1000,1000,1000,1000
532000,45980000,1268907,10620000000,63720000000,20000,120000,9886383671899,1553167,11796502955,2575,10574020000,2000,924,2956138,21148034850,2424217566,17575782434,18458769434,9853343742,146656258,11645337392,113194427178,32193676100,226607,7616042,5725452000,283939745800,18095155348,31817179948,14249404650,999898681,49284594000,101319,984995076,15004924,43763595,16965645,983034355,18999203455,4678253200,40,4749807080,999991765,8235,999828095,171905,4749798805,1000,1000,1000,1000,1000,1000,1000,113193986366,32193702500,188319,8032234,5725381500,283939018600,18179574371,31901550221,14249778070,999990076,49284295800,9924,985371571,14628429,43727295,16708825,983291175,18999704075,4677788000,8180,4749934240,999999945,55,999824795,175205,4749926005,1000,1000,1000,1000,1000,1000,1000
533000,46022590,1247442,10640000000,63840000000,20000,120000,9886174832948,10657545,11828511508,2809,10593977410,2000,2086,2952861,21187949202,2424274393,17575725607,18458551507,9853452439,146547561,11668353541,113219840311,32252816300,174030,7709880,5733813900,284463572600,18132005187,31879376437,14274737977,999904363,49375795500,95637,985248610,14751390,44095347,16902170,983097830,19032981030,4686785500,49,4758251920,999991182,8818,999830747,169253,4758243053,1000,1000,1000,1000,1000,1000,1000,113219448176,32252924500,153007,7628667,5734172700,284463610600,18212013935,31959374035,14275137441,999991885,49375572000,8115,985547646,14452354,43978761,16742520,983257480,19033510780,4686262600,117,4758390880,999982576,17424,999830961,169039,4758373339,1000,1000,1000,1000,1000,1000,1000
534000,46066060,1268802,10660000000,63960000000,20000,120000,9885975744183,9957411,11850679469,20244,10613933940,2000,12549,2911266,21227827392,2424269594,17575730406,18458387606,9853544514,146455486,11691355306,113245231073,32311989000,146187,8030601,5741966600,284987658000,18169024723,31941754723,14300100494,999987894,49467101400,12106,985466114,14533886,44315820,16860426,983139574,19066795074,4695275500,106,4766711440,999983246,16754,999834420,165580,4766694580,1000,1000,1000,1000,1000,1000,1000,113244779808,32312161900,216660,7997947,5742322000,284988283000,18244216476,32016963926,14300507563,999984211,49467015000,15789,985529867,14470133,44050856,16746093,983253907,19067340707,4694741100,8105,4766849380,999991869,8131,999833856,166144,4766833144,1000,1000,1000,1000,1000,1000,1000
535000,46110020,1259723,10680000000,64080000000,20000,120000,9885785127939,832857,11864497580,20494,10633889980,2000,10383,2912051,21267738972,2424325896,17575674104,18458174804,9853620729,146379271,11714373401,113270598058,32371236900,226962,7904080,5750552100,285512571400,18201596288,31999727388,14325455238,999986468,49558520700,13532,985493908,14506092,44421540,16934002,983065998,19100601298,4703752200,102,4775163220,999982942,17058,999828640,171360,4775146060,1000,1000,1000,1000,1000,1000,1000,113270227030,32371418200,239924,7737770,5750949100,285513329200,18280846706,32079002506,14325845664,999899545,49558466100,100455,985442463,14557537,44128118,16843354,983156646,19101127546,4703234100,8400,4775290300,999999982,18,999824718,175282,4775281882,1000,1000,1000,1000,1000,1000,1000
536000,46153860,1237075,10700000000,64200000000,20000,120000,9885585305906,892229,11887444256,22276,10653846140,2000,124655,2903099,21307647728,2424353635,17575646365,18457986965,9853721581,146278419,11737370509,113296050296,32430558100,179028,8193051,5758758600,286037930600,18238284756,32061835656,14350881631,999987478,49650092700,12522,985338186,14661814,44346208,16860077,983139923,19134506123,4712279300,53,4783632700,999991845,8155,999831808,168192,4783624492,1000,1000,1000,1000,1000,1000,1000,113295706676,32430660600,195375,8109713,5758948100,286038116400,18313252914,32136802614,14351206935,999990467,49649987400,9533,985457884,14542116,44131317,16878982,983121018,19134939718,4711719500,51,4783741420,999991414,8586,999828417,171583,4783732783,1000,1000,1000,1000,1000,1000,1000
537000,46196660,1281373,10720000000,64320000000,20000,120000,9885376521728,9945894,11919355476,22507,10673803340,2000,10629,2916616,21347561666,2424410722,17575589278,18457763078,9853886544,146113456,11760379510,113321458081,32489708000,167089,7765611,5767645800,286561933600,18274859393,32123766743,14376199192,999911895,49741221600,88105,985589685,14410315,44756490,16827898,983172102,19168262702,4720830800,48,4792072220,999991338,8662,999829790,170210,4792063510,1000,1000,1000,1000,1000,1000,1000,113321202005,32489927000,188555,7675121,5767757500,286563196400,18345982355,32194941255,14376545366,999891501,49741389000,108499,985406621,14593379,44262620,16949254,983050746,19168721446,4720237900,114,4792193320,999982874,17126,999833120,166880,4792176080,1000,1000,1000,1000,1000,1000,1000
538000,46240240,1261749,10740000000,64440000000,20000,120000,9885176804336,9949296,11942253608,4608,10693759760,2000,925,2948208,21387510304,2424490532,17575509468,18457524068,9854040012,145959988,11783396116,113346939881,32549014400,152845,7599782,5776240900,287087284800,18309530540,32183859040,14401574179,999910092,49832720700,89908,985531834,14468166,44774242,16842863,983157137,19202095937,4729360800,37,4800530700,999991095,8905,999835642,164358,4800521758,1000,1000,1000,1000,1000,1000,1000,113346554354,32549095100,201942,7910830,5776049800,287087287000,18380559736,32254878286,14401881840,999984736,49832670900,15264,985659268,14340732,44507432,16876592,983123408,19202509108,4728793400,7976,4800635280,999999964,36,999830732,169268,4800627268,1000,1000,1000,1000,1000,1000,1000
539000,46283660,1258844,10760000000,64560000000,20000,120000,9884976390398,10650904,11965859979,2588,10713716340,2000,1977,2952871,21427427504,2424566502,17575433498,18457281298,9854167669,145832331,11806423873,113372300610,32608174200,187603,8074889,5784193300,287611426000,18342524619,32242216969,14426897637,999985498,49924125300,14502,985654969,14345031,44903371,16893934,983106066,19235863466,4737837800,8541,4808974520,999999850,150,999823671,176329,4808965829,1000,1000,1000,1000,1000,1000,1000,113372052421,32608346800,197839,7678399,5784642300,287612309600,18416796210,32316522210,14427202740,999905048,49924128900,94952,985573168,14426832,44586420,16953380,983046620,19236270320,4737333500,8660,4809076240,1000000000,0,999827220,172780,4809067580,1000,1000,1000,1000,1000,1000,1000
540000,46326120,1249307,10780000000,64680000000,20000,120000,9884777271956,10004954,11987944344,22525,10733673880,2000,10433,2910280,21467302710,2424585510,17575414490,18457094190,9854399260,145600740,11829428370,113397828630,32667492600,153230,7595837,5793064300,288136887600,18378201686,32303320586,14452265707,999898434,50015581500,101566,985550454,14449546,44968020,16929413,983070587,19269684687,4746368900,8573,4817436320,999991233,8767,999835820,164180,4817418980,1000,1000,1000,1000,1000,1000,1000,113397614038,32667646200,159062,7991545,5792697800,288137723600,18450267724,32375419674,14452548843,999983515,50015802900,16485,985426115,14573885,44446900,16997457,983002543,19270059443,4745904700,97,4817527740,999982957,17043,999831700,168300,4817510600,1000,1000,1000,1000,1000,1000,1000
541000,46368150,1284407,10800000000,64800000000,20000,120000,9884576894321,10654365,12011475983,20517,10753631850,2000,10823,2908552,21507222666,2424651786,17575348214,18456865414,9854517368,145482632,11852430434,113423236679,32726777700,206793,7411014,5801703100,288662113800,18413207175,32363742075,14477644545,999890522,50107053600,109478,985509146,14490854,45019524,16985779,983014221,19303520321,4754855800,107,4825893100,999982783,17217,999832124,167876,4825875776,1000,1000,1000,1000,1000,1000,1000,113423005803,32726943900,215935,8095953,5801136600,288663019000,18484391995,32434962695,14477937584,999985115,50107332600,14885,985334061,14665939,44430846,16973962,983026038,19303911138,4754453800,104,4825990580,999983078,16922,999828946,171054,4825973554,1000,1000,1000,1000,1000,1000,1000
542000,46411640,1257459,10820000000,64920000000,20000,120000,9884386923488,875137,12024550032,20512,10773588360,2000,1992,2913599,21547135696,2424683125,17575316875,18456663775,9854656481,145343519,11875417777,113448591503,32786030200,199230,7762214,5809924800,289186835600,18447547321,32423470771,14503057175,999911361,50198471100,88639,985524372,14475628,45103111,16873136,983126864,19337409564,4763380900,8523,4834360920,999999992,8,999830911,169089,4834352389,1000,1000,1000,1000,1000,1000,1000,113448458385,32786232900,183385,7543864,5810141200,289188231400,18519284428,32495269778,14503329969,999890742,50198701500,109258,985293932,14706068,44566190,16941721,983058279,19337773279,4762993500,51,4834443400,999999961,39,999818890,181110,4834443310,1000,1000,1000,1000,1000,1000,1000
543000,46454490,1243731,10840000000,65040000000,20000,120000,9884186480180,1575933,12048155766,22578,10793545510,2000,113120,2905969,21587045864,2424726413,17575273587,18456449087,9854736291,145263709,11898410155,113473912054,32845222000,229191,7703826,5818521600,289711084800,18483454197,32484744247,14528439890,999898674,50289701700,101326,985720989,14279011,45390015,16825125,983174875,19371253175,4771859900,8040,4842821360,999999965,35,999828615,171385,4842813285,1000,1000,1000,1000,1000,1000,1000,113473863503,32845507300,248237,7613605,5818567000,289713289800,18552506702,32553898902,14528682168,999898929,50290173900,101071,985266809,14733191,44624680,16976012,983023988,19371573388,4771512100,8652,4842908380,999991492,8508,999831680,168320,4842891220,1000,1000,1000,1000,1000,1000,1000
544000,46496210,1262907,10860000000,65160000000,20000,120000,9883977717596,10644180,12080237907,2840,10813503790,2000,1945,2950727,21627001900,2424823676,17575176324,18456188224,9854772013,145227987,11921415013,113499346593,32904451200,248083,7730485,5826842000,290235896800,18517349394,32544036544,14553780654,999899570,50381178000,100430,985695762,14304238,45443192,16935938,983064062,19405040862,4780320600,102,4851260340,999999970,30,999816692,183308,4851260208,1000,1000,1000,1000,1000,1000,1000,113499269715,32904792600,255548,8179523,5826534200,290238385200,18587898604,32614698604,14554092876,999988592,50381756700,11408,985200813,14799187,44553321,16917645,983082355,19405451455,4780038300,102,4851375820,999982861,17139,999834021,165979,4851358579,1000,1000,1000,1000,1000,1000,1000
545000,46538210,1255399,10880000000,65280000000,20000,120000,9883778677692,9954907,12102432194,4694,10833461790,2000,114129,2944595,21666914192,2424881099,17575118901,18455963801,9854887725,145112275,11944420417,113524911916,32963851200,237922,7398472,5835520000,290762133600,18551934842,32604086792,14579163976,999899365,50472867600,100635,985441511,14558489,45273446,17046770,982953230,19438882330,4788827500,52,4859727320,999991086,8914,999828946,171054,4859718354,1000,1000,1000,1000,1000,1000,1000,113524725581,32963983400,184166,7945277,5835163000,290762752400,18622369580,32674543680,14579448100,999978076,50473033500,21924,985351825,14648175,44797549,16897749,983102251,19439261251,4788554000,62,4859821860,999991353,8647,999822049,177951,4859813151,1000,1000,1000,1000,1000,1000,1000
546000,46580260,1271022,10900000000,65400000000,20000,120000,9883588056344,814936,12116141933,2566,10853419740,2000,116309,2950149,21706834348,2424902880,17575097120,18455768820,9855052831,144947169,11967429679,113550415856,33023061400,158453,7473464,5843836900,291286688400,18586279600,32663814950,14604497514,999899583,50564267100,100417,985486286,14513714,45406003,17022789,982977211,19472663311,4797393900,8780,4868174700,999999877,123,999824903,175097,4868165797,1000,1000,1000,1000,1000,1000,1000,113550058204,33023220900,252574,7773791,5843889200,291287433000,18657235769,32734797719,14604822523,999910037,50564335200,89963,985415463,14584537,45014426,16869403,983130597,19473093897,4797063600,45,4868279820,999991599,8401,999825626,174374,4868271374,1000,1000,1000,1000,1000,1000,1000
547000,46623010,1281434,10920000000,65520000000,20000,120000,9883378445941,10643865,12148765808,20269,10873376990,2000,116118,2915701,21746713442,2424911806,17575088194,18455595594,9855223999,144776001,11990430241,113575833670,33082365300,206140,8084256,5851712700,291812063400,18621367531,32724325831,14629886446,999984686,50655960300,15314,985314656,14685344,45231070,17043824,982956176,19506512376,4805911700,54,4876634640,999991344,8656,999822770,177230,4876625930,1000,1000,1000,1000,1000,1000,1000,113575692516,33082592700,181232,7782762,5852134900,291813543000,18691254267,32794276617,14630180786,999912246,50656130700,87754,985063362,14936638,44742616,16996430,983003570,19506904770,4805595500,42,4876732860,999991166,8834,999824016,175984,4876723984,1000,1000,1000,1000,1000,1000,1000
548000,46665850,1249687,10940000000,65640000000,20000,120000,9883179400010,9948822,12170866981,22292,10893334150,2000,935,2909943,21786623716,2424963032,17575036968,18455384668,9855424677,144575323,12013432893,113601374281,33141757900,184563,7757659,5860440300,292338264600,18658568536,32786990336,14655285804,999904824,50747636100,95176,984985772,15014228,45062748,17081944,982918056,19540381056,4814466300,40,4885095340,999999952,48,999819048,180952,4885095252,1000,1000,1000,1000,1000,1000,1000,113601073280,33141764700,179420,7771989,5860682800,292337591800,18723380142,32851759042,14655522829,999893722,50747323800,106278,985303122,14696878,45079900,16910171,983089829,19540691529,4814149200,111,4885185540,999983271,16729,999838200,161800,4885168700,1000,1000,1000,1000,1000,1000,1000
549000,46707020,1247055,10960000000,65760000000,20000,120000,9882988051045,1553486,12185337482,22566,10913292980,2000,10262,2908768,21826540828,2425002531,17574997469,18455171369,9855566792,144433208,12036442020,113626937412,33201069000,148393,8017127,5868547600,292863739600,18694101237,32847951337,14680615449,999980481,50839301400,19519,984843616,15156384,44933735,17130486,982869514,19574153914,4823047000,8301,4893546820,999999946,54,999830335,169665,4893538465,1000,1000,1000,1000,1000,1000,1000,113626401733,33201014900,247828,7866318,5869092300,292862444200,18757015446,32910791346,14680903257,999898358,50838755700,101642,985303245,14696755,45160387,16932430,983067570,19574537670,4822618600,8789,4893643220,999999982,18,999828687,171313,4893634413,1000,1000,1000,1000,1000,1000,1000
550000,46750900,1259304,10980000000,65880000000,20000,120000,9882788987055,860566,12207576607,20228,10933249100,2000,10606,2912297,21866457744,2425033921,17574966079,18454974979,9855607383,144392617,12059411127,113652256163,33260330000,230806,7924977,5877247700,293388638400,18728455444,32907704094,14706011374,999988308,50930660700,11692,984919331,15080669,45087223,17069349,982930651,19608015151,4831580100,7400,4902011220,999999957,43,999828923,171077,4902003777,1000,1000,1000,1000,1000,1000,1000,113651830404,33260262700,144715,7933440,5877503100,293387059800,18791867596,32971025996,14706351498,999986857,50930088900,13143,985474530,14525470,45322573,16831275,983168725,19608465725,4831073900,56,4902123100,999991183,8817,999831673,168327,4902114227,1000,1000,1000,1000,1000,1000,1000
551000,46795170,1249192,11000000000,66000000000,20000,120000,9882588547132,1553041,12231159346,20424,10953204830,2000,125223,2909093,21906368812,2425075773,17574924227,18454764027,9855705927,144294073,12082403139,113677712801,33319652800,250634,7632694,5886079400,293914214400,18760764727,32965446527,14731401185,999898860,51022167300,101140,984752505,15247495,45096245,17013760,982986240,19641868240,4840192400,8145,4910475220,999999980,20,999822145,177855,4910467055,1000,1000,1000,1000,1000,1000,1000,113677057407,33319386700,215129,7799648,5886182600,293910692600,18828684108,33033179058,14731726871,999897983,51021156000,102017,985756795,14243205,45776412,16814241,983185759,19642299659,4839479200,65,4910581360,999991493,8507,999824012,175988,4910572788,1000,1000,1000,1000,1000,1000,1000
552000,46837760,1252905,11020000000,66120000000,20000,120000,9882389537252,804852,12253289496,20261,10973162240,2000,11360,2912886,21946283958,2425109604,17574890396,18454570096,9855842094,144157906,12105413852,113703167091,33378935500,213690,8085515,5894075200,294439353400,18796201404,33026294054,14756805552,999993075,51113767500,6925,984675302,15324698,45004327,16988275,983011725,19675740725,4848706100,94,4918935300,999999967,33,999815027,184973,4918935173,1000,1000,1000,1000,1000,1000,1000,113702730515,33378782800,170984,7783325,5894370600,294437092800,18862471231,33092441681,14757040454,999899848,51113047500,100152,985321481,14678519,45419833,17038979,982961021,19676053921,4848006100,8400,4919021920,999999947,53,999828433,171567,4919013467,1000,1000,1000,1000,1000,1000,1000
553000,46879860,1257201,11040000000,66240000000,20000,120000,9882189111654,1545520,12276973713,2776,10993120140,2000,10437,2952365,21986234728,2425213974,17574786026,18454298626,9855943075,144056925,12128418903,113728592045,33438137000,198714,7903123,5902701800,294963737200,18831148909,33086615359,14782151502,999978754,51205031100,21246,984845507,15154493,45274253,16983251,983016749,19709532549,4857213000,52,4927389460,999991639,8361,999823053,176947,4927381047,1000,1000,1000,1000,1000,1000,1000,113728217165,33438037200,157675,7691034,5902881000,294962016800,18896745603,33152117003,14782386539,999897817,51204477900,102183,985341497,14658503,45523580,17059641,982940359,19709842859,4856545900,101,4927474000,999982421,17579,999838080,161920,4927456320,1000,1000,1000,1000,1000,1000,1000
554000,46922310,1248212,11060000000,66360000000,20000,120000,9881989399572,1487315,12299733132,20551,11013077690,2000,2030,2917839,22026114278,2425235687,17574764313,18454111513,9856097261,143902739,12151425239,113753860572,33497268500,195309,7993148,5911210100,295487315400,18865525697,33146324347,14807550686,999991326,51296103300,8674,985218453,14781547,45714127,16847841,983152159,19743398159,4865680100,40,4935855780,999991733,8267,999823727,176273,4935847473,1000,1000,1000,1000,1000,1000,1000,113753650290,33497327600,213716,7949608,5911082900,295487317600,18931634011,33212425411,14807728574,999983749,51296082300,16251,985265751,14734249,45447802,17096628,982903372,19743635172,4865106200,42,4935915420,999991220,8780,999838202,161798,4935906598,1000,1000,1000,1000,1000,1000,1000
555000,46964460,1269582,11080000000,66480000000,20000,120000,9881780510045,10677521,12331962788,4697,11033035540,2000,1936,2951781,22066061686,2425321066,17574678934,18453856534,9856102459,143897541,12174435945,113779291392,33556461700,157607,7776442,5919806800,296011586600,18898922284,33205088734,14832884908,999904382,51387341700,95618,985340115,14659885,46003533,16877825,983122175,19777179875,4874146400,8486,4944303460,999999993,7,999833833,166167,4944294967,1000,1000,1000,1000,1000,1000,1000,113778937739,33556473600,229034,7989114,5919593500,296011163200,18967501248,33273639748,14833111271,999891710,51387243600,108290,985438801,14561199,45801691,17016920,982983080,19777481680,4873581800,47,4944370500,999999956,44,999826191,173809,4944370409,1000,1000,1000,1000,1000,1000,1000
556000,47007010,1260501,11100000000,66600000000,20000,120000,9881581432122,9993652,12354123363,22547,11052992990,2000,115375,2914525,22105940886,2425354274,17574645726,18453661426,9856232315,143767685,12197447501,113804673560,33615662600,174690,7538559,5928455100,296536008400,18934703822,33266246522,14858238199,999899282,51478617900,100718,985501832,14498168,46254550,16935551,983064449,19810984249,4882588400,8421,4952754520,999999951,49,999831150,168850,4952746050,1000,1000,1000,1000,1000,1000,1000,113804534708,33615798400,171546,7774232,5928115100,296536820000,19000801152,33332377602,14858447664,999903879,51478859400,96121,985290597,14709403,45719018,17106554,982893446,19811263546,4882137300,8440,4952824340,999999982,18,999829618,170382,4952815882,1000,1000,1000,1000,1000,1000,1000
557000,47049180,1245601,11120000000,66720000000,20000,120000,9881381099694,10632099,12377717971,4840,11072950820,2000,1938,2942612,22145891960,2425455393,17574544607,18453399407,9856318388,143681612,12220461648,113830009508,33674954700,229592,7779752,5936783400,297061161400,18970219899,33327173149,14883668400,999897981,51570123000,102019,985417681,14582319,46251000,16898000,983102000,19844891200,4891069100,8760,4961231560,1000000000,0,999825400,174600,4961222800,1000,1000,1000,1000,1000,1000,1000,113829990511,33675002500,215692,7731402,5936540000,297061406600,19034616712,33391579312,14883727871,999912486,51570257700,87514,985372887,14627113,45874301,17200430,982799570,19844967870,4890679600,8267,4961256140,999992126,7874,999837301,162699,4961239999,1000,1000,1000,1000,1000,1000,1000
558000,47090980,1257766,11140000000,66840000000,20000,120000,9881181256884,10678641,12400501764,22298,11092909020,2000,11201,2907079,22185773444,2425450025,17574549975,18453239175,9856564521,143435479,12243480565,113855552608,33734215600,151854,7975352,5944886000,297586183200,19002660030,33385019530,14909015572,999982195,51661685400,17805,985386449,14613551,46218754,16970682,983029318,19878687418,4899564300,8300,4969680180,999999966,34,999824754,175246,4969671846,1000,1000,1000,1000,1000,1000,1000,113855461242,33734275800,175148,7687688,5945080300,297586566000,19071335603,33453711503,14909116450,999888614,51661748100,111386,985288044,14711956,45895730,17112780,982887220,19878821920,4899293100,110,4969705620,999999960,40,999818530,181470,4969705470,1000,1000,1000,1000,1000,1000,1000
559000,47133850,1255291,11160000000,66960000000,20000,120000,9880990716519,1526905,12414290966,2587,11112866150,2000,11618,2949535,22225727126,2425540224,17574459776,18452974276,9856664525,143335475,12266479051,113881049735,33793619600,203506,7684984,5953611700,298112484000,19034480052,33442307852,14934403465,999911701,51753383400,88299,985045648,14954352,46036847,17049582,982950418,19912537918,4908104100,8201,4978142760,999999894,106,999829547,170453,4978134453,1000,1000,1000,1000,1000,1000,1000,113880785359,33793451100,227448,7572592,5953735400,298110731800,19108685889,33516425239,14934466933,999888840,51752958600,111160,985519609,14480391,46213369,17075236,982924764,19912622564,4907808500,109,4978155780,999999960,40,999816769,183231,4978155631,1000,1000,1000,1000,1000,1000,1000
560000,47176370,1260761,11180000000,67080000000,20000,120000,9880781881859,10627558,12446266437,2806,11132823630,2000,1036,2950831,22265641648,2425591017,17574408983,18452754083,9856796069,143203931,12289484117,113906414563,33852800000,199897,8010201,5961819900,298636573600,19071902697,33505088547,14959774844,999990163,51844662600,9837,985282683,14717317,46284820,16972576,983027424,19946360924,4916609900,96,4986602780,999983396,16604,999842220,157780,4986586080,1000,1000,1000,1000,1000,1000,1000,113906122182,33852532300,203638,7984798,5961857400,298633963800,19140593456,33573649656,14959787580,999988705,51844071000,11295,985962245,14037755,46636140,16965360,983034640,19946383440,4916343700,8060,4986603920,1000000000,0,999824040,175960,4986595860,1000,1000,1000,1000,1000,1000,1000
561000,47217810,1263480,11200000000,67200000000,20000,120000,9880582779961,9939608,12468406514,20299,11152782190,2000,10403,2914924,22305523782,2425589969,17574410031,18452588131,9856931676,143068324,12312483658,113931908356,33912119900,163064,8267455,5969957000,299162112600,19102153057,33560770107,14985163691,999992416,51936332400,7584,985041856,14958144,46124240,17001649,982998351,19980218251,4925128400,8469,4995063040,999999989,11,999831240,168760,4995054560,1000,1000,1000,1000,1000,1000,1000,113931655691,33911864500,167442,7536589,5970649300,299159594600,19179464410,33637956010,14985161098,999903997,51935594100,96003,985790208,14209792,46633311,17043713,982956287,19980214787,4924843400,8440,4995062160,999999969,31,999827611,172389,4995053689,1000,1000,1000,1000,1000,1000,1000
562000,47259500,1265567,11220000000,67320000000,20000,120000,9880382308891,10675929,12492194079,4710,11172740500,2000,1020,2949070,22345471580,2425640720,17574359280,18452366680,9856922410,143077590,12335491490,113957225157,33971241800,154223,8115563,5978600400,299685722800,19137436868,33621389318,15010526520,999988111,52027403400,11889,985407071,14592929,46575160,16955440,983044560,20014035360,4933577200,8340,5003517180,1000000000,0,999828060,171940,5003508840,1000,1000,1000,1000,1000,1000,1000,113957108413,33971093300,161347,8114447,5978467300,299684242600,19213465595,33697344095,15010505880,999985915,52027124100,14085,985790435,14209565,46640920,17093440,982906560,20014001960,4933325300,120,5003513840,999982360,17640,999840220,159780,5003496080,1000,1000,1000,1000,1000,1000,1000
563000,47301960,1267634,11240000000,67440000000,20000,120000,9880192422405,843128,12505347538,2841,11192698040,2000,11486,2954412,22385390398,2425715133,17574284867,18452130867,9856964288,143035712,12358514286,113982617001,34030479500,217899,7660282,5987471400,300210466200,19171991155,33681335355,15035870603,999889614,52118695800,110386,985468014,14531986,46817700,17053897,982946103,20047822103,4942021300,77,5011967680,999983897,16103,999839600,160400,5011951500,1000,1000,1000,1000,1000,1000,1000,113982616736,34030395900,168955,8106324,5986771600,300209759000,19248075075,33757385525,15035836346,999983437,52118774700,16563,985587234,14412766,46518497,17245051,982754949,20047781749,4941819100,8480,5011954020,999999863,137,999829597,170403,5011945403,1000,1000,1000,1000,1000,1000,1000
564000,47344180,1259348,11260000000,67560000000,20000,120000,9879992654591,837323,12528089137,22530,11212655820,2000,125853,2914534,22425266580,2425728214,17574271786,18451948086,9857188546,142811454,12381525826,114008044581,34089743000,231917,7804478,5995760700,300735528400,19204837551,33739590201,15061237827,999901927,52210224600,98073,985385193,14614807,46808566,17084739,982915261,20081647761,4950535100,41,5020418000,999991975,8025,999827766,172234,5020409934,1000,1000,1000,1000,1000,1000,1000,114008089381,34089684700,161378,7893608,5995455900,300734961400,19284300098,33819024598,15061199263,999892606,52210218600,107394,985492759,14507241,46598553,17220090,982779910,20081599010,4950394200,8451,5020408220,999999978,22,999835953,164047,5020399747,1000,1000,1000,1000,1000,1000,1000
565000,47386480,1272861,11280000000,67680000000,20000,120000,9879783758752,9987116,12560075282,20283,11232613520,2000,127015,2914492,22465186474,2425773968,17574226032,18451740332,9857358508,142641492,12404532182,114033581835,34149050300,182885,7907583,6004005200,301260921400,19241122679,33801298979,15086605078,999984813,52301827500,15187,985308853,14691147,46729540,17149362,982850638,20115468038,4959037500,102,5028879260,999983802,16198,999834740,165260,5028862960,1000,1000,1000,1000,1000,1000,1000,114033579456,34149029800,241147,7638475,6004150600,301260862800,19317125945,33877301145,15086539489,999911752,52301860500,88248,985321253,14678747,46489701,17312612,982687388,20115383088,4958975300,8249,5028860540,999991308,8692,999835801,164199,5028843599,1000,1000,1000,1000,1000,1000,1000
566000,47428810,1241688,11300000000,67800000000,20000,120000,9879583438240,10615591,12583539957,4973,11252571190,2000,12267,2945432,22505132434,2425874231,17574125769,18451477969,9857547488,142452512,12427526422,114059084151,34208418900,166917,8186737,6012123300,301786877000,19273742629,33859370079,15112012756,999985079,52393593300,14921,984968135,15031865,46468256,17199800,982800200,20149347700,4967543400,52,5037342920,999992076,7924,999829056,170944,5037334944,1000,1000,1000,1000,1000,1000,1000,114059163963,34208382400,158160,7994256,6012213300,301786756000,19353751516,33939375966,15111927777,999983621,52393642500,16379,985040962,14959038,46219941,17268264,982731736,20149237036,4967610100,8401,5037317660,1000000000,0,999824241,175759,5037309259,1000,1000,1000,1000,1000,1000,1000
567000,47471060,1263230,11320000000,67920000000,20000,120000,9879393439629,837211,12596548724,20237,11272528940,2000,10501,2917207,22545017406,2425880240,17574119760,18451298560,9857722993,142277007,12450517299,114084378273,34267582800,218548,8213949,6020725400,302310880000,19311148269,33922130419,15137376528,999992716,52484767200,7284,985236123,14763877,46818107,17076779,982923221,20183166021,4976103000,38,5045797580,999991951,8049,999829007,170993,5045789493,1000,1000,1000,1000,1000,1000,1000,114084396271,34267551700,242244,8105871,6020798200,302310647400,19385624350,33996595850,15137322212,999992258,52484761800,7742,985365263,14634737,46619505,17123493,982876507,20183090707,4976120100,98,5045785320,999983273,16727,999840205,159795,5045768495,1000,1000,1000,1000,1000,1000,1000
568000,47513210,1239297,11340000000,68040000000,20000,120000,9879183911921,10614281,12629176701,20273,11292486790,2000,125367,2916186,22584933034,2425920302,17574079698,18451094198,9857874354,142125646,12473520588,114109795124,34326769200,178920,7609963,6029761800,302835189600,19347969443,33984322643,15162733391,999899441,52575925200,100559,985424289,14575711,47180548,17051757,982948243,20216977843,4984614000,113,5054244600,999999965,35,999818348,181652,5054244452,1000,1000,1000,1000,1000,1000,1000,114109754673,34326788800,210793,8250997,6029241000,302835331200,19417953093,34054312693,15162754766,999986341,52576135800,13659,985398563,14601437,46742022,16970456,983029544,20217006344,4984672800,50,5054251660,999999968,32,999818022,181978,5054251578,1000,1000,1000,1000,1000,1000,1000
569000,47555070,1265645,11360000000,68160000000,20000,120000,9878984163107,10655349,12652156809,4511,11312444930,2000,2048,2948422,22624880838,2425985156,17574014844,18450847944,9857974318,142025682,12496527356,114135412423,34386173200,176439,7794472,6037865600,303361584000,19383136754,34044964104,15188066847,999985043,52667820300,14957,985054097,14945903,46816954,17213307,982786693,20250755793,4993167100,7985,5062696940,999999991,9,999829554,170446,5062688946,1000,1000,1000,1000,1000,1000,1000,114135243932,34386114700,250448,7601928,6038247000,303360955800,19451972803,34113768203,15188097420,999911097,52667614500,88903,985285857,14714143,46793760,17109640,982890360,20250796560,4993160700,8980,5062708120,1000000000,0,999824760,175240,5062699140,1000,1000,1000,1000,1000,1000,1000
570000,47596790,1237954,11380000000,68280000000,20000,120000,9878784441363,10661943,12675039012,4600,11332403210,2000,991,2948349,22664797220,2426060206,17573939794,18450605394,9858088671,141911329,12519517391,114160787664,34445413000,199139,8378781,6045831300,303886365200,19415456736,34102677936,15213456643,999983278,52759351200,16722,984951079,15048921,46802101,17141358,982858642,20284608842,5001721600,55,5071152300,999999954,46,999818401,181599,5071152199,1000,1000,1000,1000,1000,1000,1000,114160747095,34445472400,217647,7887483,6046359000,303886760800,19488844619,34176083119,15213513270,999989201,52759335900,10799,985067915,14932085,46578814,17150344,982849656,20284684356,5001646900,8082,5071179180,999999988,12,999824314,175686,5071171086,1000,1000,1000,1000,1000,1000,1000
571000,47638870,1259928,11400000000,68400000000,20000,120000,9878593879242,1496430,12688723061,2545,11352361130,2000,11568,2950261,22704717170,2426119872,17573880128,18450375228,9858231699,141768301,12542508069,114186213212,34504690600,180360,7535115,6055197700,304411329200,19450518687,34163140437,15238850939,999894094,52850540700,105906,985102218,14897782,47128424,17072585,982927415,20318467915,5010255900,8053,5079625040,999999989,11,999830124,169876,5079616976,1000,1000,1000,1000,1000,1000,1000,114186218488,34504685200,150297,7796151,6054872800,304411310400,19522966817,34235588067,15238874849,999980254,52850679600,19746,985154149,14845851,46758495,17115146,982884854,20318499754,5010184900,8761,5079633800,999999866,134,999817795,182205,5079624905,1000,1000,1000,1000,1000,1000,1000
572000,47682190,1265603,11420000000,68520000000,20000,120000,9878385646638,9941464,12720071772,20236,11372317810,2000,126725,2908160,22744595148,2426123202,17573876798,18450205598,9858264000,141736000,12565486148,114211517259,34563897100,190609,7668921,6063628200,304935629400,19485913376,34223903076,15264272548,999891788,52941807600,108212,985257844,14742156,47366156,16992408,983007592,20352363392,5018705900,8060,5088098920,999999984,16,999826856,173144,5088090844,1000,1000,1000,1000,1000,1000,1000,114211567762,34563944200,149640,8195674,6063030900,304936062000,19556693746,34294704596,15264305348,999984042,52942113600,15958,985139276,14860724,46826334,17024986,982975014,20352407114,5018667100,104,5088101920,999999950,50,999820734,179266,5088101766,1000,1000,1000,1000,1000,1000,1000
573000,47723720,1252594,11440000000,68640000000,20000,120000,9878185247650,10603322,12743679332,22276,11392276280,2000,114762,2905802,22784508008,2426176272,17573823728,18449988428,9858305778,141694222,12588475986,114237061833,34623279000,149354,8029769,6071610200,305461750800,19520413086,34283862636,15289688924,999989932,53033655300,10068,984931861,15068139,47021729,17072405,982927595,20386251895,5027194900,38,5096563020,999999989,11,999816929,183071,5096562971,1000,1000,1000,1000,1000,1000,1000,114236868293,34623166900,255930,7974656,6071807000,305460631400,19591376408,34354770008,15289672467,999982656,53033381400,17344,985311697,14688303,47084541,17037474,982962526,20386227126,5027142900,51,5096563200,999991510,8490,999825041,174959,5096554659,1000,1000,1000,1000,1000,1000,1000
574000,47764140,1272744,11460000000,68760000000,20000,120000,9877994620188,1489393,12757533805,20284,11412235860,2000,127154,2914060,22824431152,2426224681,17573775319,18449775519,9858365940,141634060,12611496292,114262414502,34682497800,243628,8288566,6079842000,305986348400,19552906603,34341741153,15315011988,999991121,53125079400,8879,984961131,15038869,47133210,17125622,982874378,20420015978,5035698800,8552,5105012560,999999982,18,999824710,175290,5105003990,1000,1000,1000,1000,1000,1000,1000,114262313964,34682321600,190490,8274360,6079851700,305984651200,19628108449,34416858949,15315006548,999983549,53124719400,16451,985426667,14573333,47279718,17072670,982927330,20420005730,5035602000,56,5105008240,999990998,9002,999821418,178582,5104999182,1000,1000,1000,1000,1000,1000,1000
575000,47805960,1256663,11480000000,68880000000,20000,120000,9877795542604,823766,12779812589,20265,11432194040,2000,11359,2916373,22864347550,2426265370,17573734630,18449561330,9858450207,141549793,12634522657,114287869489,34741713100,147406,7859416,6088710600,306510755000,19589524570,34403732620,15340408495,999899641,53216267100,100359,985113206,14886794,47460165,17052470,982947530,20453875230,5044191400,55,5113475080,999991710,8290,999830265,169735,5113466735,1000,1000,1000,1000,1000,1000,1000,114287719418,34741431600,183017,7563095,6088915700,306508276000,19660911058,34474999358,15340275183,999898836,53215713000,101164,985812381,14187619,47840245,17137662,982862338,20453700238,5044083700,8367,5113433440,999999982,18,999829945,170055,5113425055,1000,1000,1000,1000,1000,1000,1000
576000,47848110,1273707,11500000000,69000000000,20000,120000,9877586649242,9990061,12812021366,2772,11452151890,2000,11534,2945169,22904298236,2426324303,17573675697,18449329897,9858457291,141542709,12657543427,114313025289,34800763400,196918,7865965,6097326100,307033619600,19628428856,34467934656,15365790416,999899580,53307152400,100420,985658349,14341651,48090569,16935053,983064947,20487720547,5052604200,46,5121930200,999999977,23,999821669,178331,5121930131,1000,1000,1000,1000,1000,1000,1000,114313152146,34800706100,240494,8004933,6096904300,307033442600,19691278203,34530780103,15365612179,999983942,53307341700,16058,985715222,14284778,47745280,17210701,982789299,20487482899,5052607900,8701,5121879440,999999981,19,999831580,168420,5121870720,1000,1000,1000,1000,1000,1000,1000
577000,47889830,1266411,11520000000,69120000000,20000,120000,9877386973265,9938356,12834891820,2622,11472110170,2000,11415,2946168,22944215096,2426390221,17573609779,18449102479,9858548532,141451468,12680555828,114338438742,34859971700,181311,7865020,6105711600,307558074600,19665864796,34530747996,15391147380,999982669,53398495200,17331,985848520,14151480,48272751,16987271,983012729,20521529829,5061044000,98,5130382580,999999967,33,999822851,177149,5130382449,1000,1000,1000,1000,1000,1000,1000,114338619786,34859981600,220879,8222515,6105134100,307558611200,19723058678,34587974178,15390991371,999987189,53398909500,12811,985582344,14417656,47695555,17194784,982805216,20521321816,5061163800,39,5130330520,999999964,36,999820155,179845,5130330445,1000,1000,1000,1000,1000,1000,1000
578000,47932190,1245750,11540000000,69240000000,20000,120000,9877187147322,9976427,12857704181,22227,11492067810,2000,11358,2906988,22984091166,2426391049,17573608951,18448932351,9858728372,141271628,12703549138,114363746834,34919159800,222266,7987487,6114128500,308082306000,19702791816,34593040966,15416530241,999984023,53489769600,15977,986007123,13992877,48517100,16949759,983050241,20555373641,5069513400,39,5138843480,999999959,41,999818100,181900,5138843400,1000,1000,1000,1000,1000,1000,1000,114364144106,34919334400,233516,7675213,6114122200,308084472000,19755339226,34645701926,15416348811,999892649,53490445500,107351,985395423,14604577,47685374,17227663,982772337,20555131737,5069757000,8601,5138791560,999999967,33,999826074,173926,5138782926,1000,1000,1000,1000,1000,1000,1000
579000,47974070,1265010,11560000000,69360000000,20000,120000,9876987423723,9938969,12880531475,20272,11512025930,2000,10623,2916690,23024011316,2426412892,17573587108,18448737808,9858877710,141122290,12726553526,114389423137,34978538800,197126,7603107,6122677700,308608573600,19737116327,34652834827,15441826202,999905164,53581544100,94836,985616985,14383015,48292021,17205819,982794181,20589098781,5078030600,8456,5147289500,999991535,8465,999829221,170779,5147272579,1000,1000,1000,1000,1000,1000,1000,114389597668,34978602900,201285,8008100,6122270400,308609425000,19790125840,34705889540,15441729466,999987282,53581952700,12718,985413133,14586867,47694951,17174385,982825615,20588972615,5078304900,8432,5147251600,999999981,19,999832351,167649,5147243149,1000,1000,1000,1000,1000,1000,1000
580000,48016080,1265386,11580000000,69480000000,20000,120000,9876796802063,816251,12894317867,22524,11531983920,2000,964,2907524,23063922792,2426444014,17573555986,18448529586,9858964636,141035364,12749558728,114414863683,35037795800,152255,7911084,6130809500,309133503600,19770633380,34711752880,15467224095,999911710,53673067200,88290,985520056,14479944,48275946,17173151,982826849,20622965449,5086543600,93,5155741480,999999967,33,999815446,184554,5155741354,1000,1000,1000,1000,1000,1000,1000,114415001010,35037838900,161726,8014764,6130732600,309134131400,19825827420,34766980770,15467144990,999985728,53673334500,14272,985445040,14554960,47818112,17129422,982870578,20622859978,5086785100,46,5155715060,999999974,26,999817212,182788,5155714988,1000,1000,1000,1000,1000,1000,1000
581000,48057310,1249570,11600000000,69600000000,20000,120000,9876597148783,766561,12917128143,4647,11551942690,2000,125535,2954696,23103876086,2426531944,17573468056,18448279356,9859164204,140835796,12772571090,114440410127,35097154000,192356,7825957,6139298300,309659419200,19807896716,34774466166,15492545662,999898504,53764742400,101496,985289265,14710735,48139161,17264099,982735901,20656724801,5095134900,8616,5164196000,999991755,8245,999835961,164039,5164179139,1000,1000,1000,1000,1000,1000,1000,114440557918,35097114200,144752,7694208,6139358400,309659341200,19857589179,34824158729,15492437446,999891097,53764821900,108903,985327687,14672313,47876890,17246444,982753556,20656583256,5095334300,8474,5164154300,999999984,16,999829290,170710,5164145810,1000,1000,1000,1000,1000,1000,1000
582000,48098620,1261117,11620000000,69720000000,20000,120000,9876397331544,808970,12939950009,22551,11571901380,2000,1094,2914481,23143757658,2426549914,17573450086,18448097586,9859366659,140633341,12795593217,114465732048,35156300300,146331,7718172,6147983800,310183231800,19843515993,34835430443,15517951554,999905027,53855845200,94973,985620620,14379380,48543093,17094939,982905061,20690602061,5103660500,40,5172650580,999999967,33,999820893,179107,5172650507,1000,1000,1000,1000,1000,1000,1000,114466001325,35156347700,174151,7830443,6147661500,310184093000,19891344996,34883307346,15517766104,999910975,53856267600,89025,985358067,14641933,47972092,17281588,982718412,20690349512,5103870600,92,5172599380,999984120,15880,999839592,160408,5172583408,1000,1000,1000,1000,1000,1000,1000
583000,48138990,1275076,11640000000,69840000000,20000,120000,9876187866610,10589732,12972664348,4901,11591861010,2000,946,2952598,23183712218,2426661142,17573338858,18447825858,9859486922,140513078,12818608940,114491193434,35215540200,157918,7894356,6156164100,310708074800,19880056669,34897368819,15543273962,999990486,53947350300,9514,985661870,14338130,48572484,17198922,982801078,20724365278,5112144200,8130,5181099460,999999986,14,999824584,175416,5181091316,1000,1000,1000,1000,1000,1000,1000,114491344052,35215610000,244702,7785174,6156289100,310709148000,19923984659,34941355159,15543153270,999903843,53947710300,96157,985334261,14665739,48042318,17221648,982778352,20724204352,5112446000,114,5181051220,999999976,24,999817918,182082,5181051082,1000,1000,1000,1000,1000,1000,1000
584000,48180310,1259454,11660000000,69960000000,20000,120000,9875997968361,760676,12985687446,2515,11611819690,2000,126613,2952120,23223634350,2426722937,17573277063,18447594563,9859619480,140380520,12841594130,114516772309,35275015800,200064,8024530,6164374400,311235089200,19914410455,34957226555,15568660917,999983350,54039354900,16650,985084041,14915959,48085091,17363474,982636526,20758214526,5120670600,8641,5189562340,999999910,90,999829991,170009,5189553609,1000,1000,1000,1000,1000,1000,1000,114516834138,35274955400,251855,8119587,6164432800,311234794000,19958582178,35001387378,15568542603,999988513,54039377100,11487,985187644,14812356,47897231,17225228,982774772,20758051072,5120989100,95,5189525760,999982804,17196,999836531,163469,5189508469,1000,1000,1000,1000,1000,1000,1000
585000,48222130,1251572,11680000000,70080000000,20000,120000,9875797585454,1414769,13009209225,2798,11631777870,2000,12252,2950412,23263550144,2426783423,17573216577,18447365977,9859740268,140259732,12864584312,114542046938,35334094400,157782,8008822,6172986400,311758189600,19948703486,35016828536,15594046380,999990949,54130291200,9051,985589189,14410811,48665940,17186660,982813340,20792061840,5129157300,8640,5198024100,1000000000,0,999828840,171160,5198015460,1000,1000,1000,1000,1000,1000,1000,114542470375,35334354300,149414,7564653,6173309200,311761047800,19993636440,35061907640,15593940282,999893533,54131026500,106467,984870796,15129204,47760163,17266881,982733119,20791914819,5129548800,112,5197991320,999983329,16671,999837363,162637,5197974537,1000,1000,1000,1000,1000,1000,1000
586000,48262550,1255458,11700000000,70200000000,20000,120000,9875588607796,10629918,13041310284,20218,11651737450,2000,11516,2912102,23303434464,2426803614,17573196386,18447171386,9859811038,140188962,12887579302,114567337886,35393260800,213553,7831967,6181701300,312282159200,19983798160,35077275510,15619421207,999893621,54221418000,106379,985808334,14191666,49063213,17165406,982834594,20825889294,5137593900,87,5206485120,999983054,16946,999838013,161987,5206468087,1000,1000,1000,1000,1000,1000,1000,114567746506,35393584800,189159,7926827,6181592400,312285635200,20027803416,35121457516,15619373583,999981937,54222410400,18063,984978792,15021208,47873355,17127872,982872128,20825831428,5138072300,47,5206457940,999999952,48,999818755,181245,5206457845,1000,1000,1000,1000,1000,1000,1000
587000,48304110,1261591,11720000000,70320000000,20000,120000,9875398742176,805060,13054510720,4511,11671695890,2000,127347,2939302,23343382758,2426903936,17573096064,18446902164,9859806058,140193942,12910572416,114592826141,35452618400,201908,8151895,6189795200,312807980000,20020874688,35139796138,15644824110,999988397,54313150800,11603,985598480,14401520,48839183,17210173,982789827,20859762727,5146094500,8484,5214955360,999991741,8259,999836883,163117,5214938617,1000,1000,1000,1000,1000,1000,1000,114592948089,35452631400,226277,7849609,6190284800,312808419600,20059867624,35178814924,15644721274,999898386,54313248000,101614,985500508,14499492,48566922,17007548,982992452,20859628352,5146521900,8562,5214915680,999999960,40,999829722,170278,5214907078,1000,1000,1000,1000,1000,1000,1000
588000,48344400,1254254,11740000000,70440000000,20000,120000,9875189193702,10577538,13087184769,22619,11691655600,2000,11417,2901769,23383265962,2426918340,17573081660,18446722560,9859871891,140128109,12933577353,114618172183,35511869200,208020,7798732,6198720500,313332753600,20055944028,35200257478,15670256333,999980924,54404418600,19076,985743225,14256775,49070401,17113368,982886632,20893672232,5154599000,45,5223424580,999991364,8636,999826401,173599,5223415899,1000,1000,1000,1000,1000,1000,1000,114618352530,35511827000,241584,8070350,6198427900,313332894000,20094149351,35238476851,15670061944,999987942,54404683200,12058,985601080,14398920,48664138,17105594,982894406,20893415906,5154961500,8240,5223362260,999999942,58,999818038,181962,5223353962,1000,1000,1000,1000,1000,1000,1000
589000,48385440,1239566,11760000000,70560000000,20000,120000,9874998636339,1450067,13101038117,4611,11711614560,2000,11494,2949752,23423219898,2427024606,17572975394,18446448094,9859947048,140052952,12956585346,114643652457,35571111200,196900,7627018,6207204200,313857636800,20091155700,35260869100,15695578477,999911529,54495860100,88471,985683248,14316752,49166219,17233642,982766358,20927437958,5163070800,8445,5231867960,999999966,34,999824919,175081,5231859481,1000,1000,1000,1000,1000,1000,1000,114643872112,35571149800,207923,7856495,6207053500,313858339600,20128127340,35297879840,15695425977,999981995,54496184400,18005,985535840,14464160,48686645,17114768,982885232,20927234632,5163510800,8173,5231816840,999999988,12,999836145,163855,5231808655,1000,1000,1000,1000,1000,1000,1000
590000,48427280,1272482,11780000000,70680000000,20000,120000,9874799554097,797352,13123282519,2558,11731572720,2000,1072,2949143,23463140324,2427082649,17572917351,18446227351,9860068437,139931563,12979604461,114669121859,35630401000,205397,7878341,6215384700,314382901200,20122208702,35317339902,15720936176,999989734,54587455200,10266,985611386,14388614,49096852,17262776,982737224,20961248224,5171612800,8340,5240320420,999999968,32,999826552,173448,5240312048,1000,1000,1000,1000,1000,1000,1000,114669271602,35630326300,190778,7574138,6215762300,314382531800,20166269094,35361386544,15720773520,999912371,54587391000,87629,985705831,14294169,49008260,17120640,982879360,20961031360,5171991500,8460,5240266300,1000000000,0,999833560,166440,5240257840,1000,1000,1000,1000,1000,1000,1000
591000,48468450,1262501,11800000000,70800000000,20000,120000,9874590675038,9935841,13155417658,2756,11751531550,2000,12605,2952929,23503057588,2427128679,17572871321,18446011121,9860085711,139914289,13002614599,114694482091,35689663200,258883,7814009,6223924000,314907801600,20154747435,35375277135,15746319464,999892005,54678853200,107995,985547763,14452237,49215658,17302594,982697406,20995092606,5180060400,8540,5248781720,999999962,38,999830658,169342,5248773142,1000,1000,1000,1000,1000,1000,1000,114694811262,35689590300,175038,7577328,6224020400,314907649400,20202918459,35423447759,15746081850,999898947,54678950700,101053,985592847,14407153,48994200,17285650,982714350,20994772950,5180468300,8690,5248708340,999991450,8550,999840600,159400,5248691100,1000,1000,1000,1000,1000,1000,1000
592000,48509310,1278917,11820000000,70920000000,20000,120000,9874390212628,10626588,13178846037,22430,11771490690,2000,10587,2912929,23542936520,2427145316,17572854684,18445825184,9860331611,139668389,13025638131,114719982820,35748866500,182142,7737487,6232409800,315432251400,20185421594,35431328994,15771650859,999893220,54770177400,106780,985676474,14323526,49427454,17260095,982739905,21028867805,5188635200,8273,5257225240,999999979,21,999834754,165246,5257216946,1000,1000,1000,1000,1000,1000,1000,114720274489,35748953400,245279,7773370,6232240600,315433684400,20241395402,35487381502,15771453527,999907280,54770735700,92720,985248936,14751064,48726956,17391529,982608471,21028604671,5188994800,8981,5257160220,999999905,95,999830056,169944,5257151144,1000,1000,1000,1000,1000,1000,1000
593000,48550030,1288376,11840000000,71040000000,20000,120000,9874199659387,1438165,13192485502,20488,11791449970,2000,970,2907973,23582858964,2427187952,17572812048,18445610148,9860510447,139489553,13048649811,114745455173,35808250000,225140,7802873,6240794100,315958495200,20221649725,35493024425,15797070104,999910982,54861973800,89018,985318353,14681647,49138471,17318267,982681733,21062760133,5197170400,54,5265690100,999999983,17,999810571,189429,5265690029,1000,1000,1000,1000,1000,1000,1000,114745735684,35808169500,197966,7785921,6240680800,315958254200,20274316529,35545686229,15796815525,999899426,54862100700,100574,985315676,14684324,48887050,17342325,982657675,21062417775,5197549200,55,5265611080,999991225,8775,999827850,172150,5265602250,1000,1000,1000,1000,1000,1000,1000
594000,48591140,1259785,11860000000,71160000000,20000,120000,9874000563251,792346,13214727418,20486,11811408860,2000,127032,2918724,23622776748,2427230997,17572769003,18445398303,9860623356,139376644,13071639704,114770974337,35867565000,196312,7497998,6249482900,316483948400,20255683935,35552485085,15822432709,999898872,54953477100,101128,985241555,14758445,49159583,17359774,982640226,21096576926,5205702900,85,5274144360,999999942,58,999818483,181517,5274144217,1000,1000,1000,1000,1000,1000,1000,114771162347,35867454400,180947,7801231,6249133200,316483420800,20309346098,35606128098,15822221722,999903129,54953595000,96871,985245627,14754373,48896298,17320476,982679524,21096295624,5206057500,42,5274073960,999999984,16,999816498,183502,5274073902,1000,1000,1000,1000,1000,1000,1000
595000,48632030,1250776,11880000000,71280000000,20000,120000,9873800832877,793950,13237589074,20520,11831367970,2000,124730,2919524,23662694900,2427297227,17572702773,18445171573,9860758356,139241644,13094633956,114796428045,35926768800,148030,7751570,6257686500,317008254400,20289325453,35611495253,15847782065,999904852,55044808500,95148,985367777,14632223,49362025,17315760,982684240,21130370240,5214224400,85,5282605800,999982460,17540,999841025,158975,5282588175,1000,1000,1000,1000,1000,1000,1000,114796632677,35926744400,201303,7915057,6257475100,317008597600,20344934941,35667129241,15847572594,999899614,55045111200,100386,985180674,14819326,48913160,17346766,982653234,21130091134,5214594900,106,5282535620,999983026,16974,999837260,162740,5282518540,1000,1000,1000,1000,1000,1000,1000
596000,48672950,1241840,11900000000,71400000000,20000,120000,9873591966398,9930243,13269669881,4584,11851327050,2000,124328,2942606,23702644932,2427354741,17572645259,18444941659,9860848634,139151366,13117645666,114821881580,35986070000,142992,8105834,6265780400,317533655200,20322232577,35669827277,15873174386,999994010,55136463000,5990,985231934,14768066,49220924,17320638,982679362,21164229662,5222758500,46,5291063880,999991442,8558,999825324,174676,5291055276,1000,1000,1000,1000,1000,1000,1000,114822064445,35986040400,186955,7729266,6266094100,317533908800,20381192305,35728806555,15872978131,999893876,55136605200,106124,985097876,14902124,48924600,17356369,982643631,21163970831,5223089400,49,5290992780,999999969,31,999819200,180800,5290992700,1000,1000,1000,1000,1000,1000,1000
597000,48714330,1283076,11920000000,71520000000,20000,120000,9873400745785,1383664,13283868149,22563,11871285670,2000,919,2913671,23742526214,2427384249,17572615751,18444752251,9861062869,138937131,13140633683,114847373397,36045465600,180922,7694362,6274628100,318059872000,20355443390,35728502190,15898564313,999897694,55228109700,102306,984922967,15077033,49085973,17388760,982611240,21198085740,5231295100,8841,5299530300,999999968,32,999826573,173427,5299521427,1000,1000,1000,1000,1000,1000,1000,114847440631,36045281900,225879,8071189,6274317600,318058650200,20417208415,35790213815,15898345320,999985758,55228051200,14242,985184528,14815472,49001570,17285650,982714350,21197793750,5231660300,100,5299448560,999999970,30,999822670,177330,5299448430,1000,1000,1000,1000,1000,1000,1000
598000,48755520,1256407,11940000000,71640000000,20000,120000,9873200987964,1430570,13306781480,20480,11891244480,2000,114245,2917510,23782448000,2427462934,17572537066,18444507066,9861185430,138814570,13163618830,114872694575,36104687200,242785,7873722,6283083100,318584353600,20389707924,35788144124,15923952357,999893082,55319421600,106918,985047002,14952998,49295020,17281063,982718937,21231931037,5239845500,103,5307995100,999983683,16317,999836120,163880,5307978680,1000,1000,1000,1000,1000,1000,1000,114872896484,36104623000,257561,7694076,6283149500,318584269200,20452046274,35850485224,15923724870,999892655,55319542500,107345,985032070,14967930,49028315,17330545,982669455,21231633155,5240169100,8260,5307916560,999999985,15,999836815,163185,5307908285,1000,1000,1000,1000,1000,1000,1000
599000,48796070,1272223,11960000000,71760000000,20000,120000,9872992158237,10563847,13338881083,4809,11911203930,2000,1023,2948894,23822398242,2427549684,17572450316,18444247216,9861257586,138742414,13186625928,114898322572,36164089500,204058,7682026,6291544800,319110732600,20426445694,35850355294,15949310438,999912328,55411222800,87672,984702138,15297862,49020810,17425372,982574628,21265741628,5248381900,82,5316448140,999983132,16868,999839110,160890,5316431190,1000,1000,1000,1000,1000,1000,1000,114898336863,36163827800,196217,7740166,6291508500,319108726000,20484554560,35908371460,15949101729,999980470,55410899400,19530,985197630,14802370,49189260,17322831,982677169,21265468969,5248648000,8031,5316375280,999999991,9,999826760,173240,5316367240,1000,1000,1000,1000,1000,1000,1000
600000,48836710,1279836,11980000000,71880000000,20000,120000,9872802209181,742296,13351990041,20212,11931163290,2000,11533,2912189,23862286156,2427570877,17572429123,18444059423,9861279671,138720329,13209615227,114923637952,36223247300,170788,7729434,6300034800,319634561800,20461693878,35910948078,15974709366,999903048,55502359200,96952,984984828,15015172,49397380,17323714,982676286,21299609586,5256836200,8234,5324917160,999991294,8706,999838680,161320,5324900220,1000,1000,1000,1000,1000,1000,1000,114923640204,36223023600,249231,8074552,6299746100,319632936800,20518579953,35967760553,15974489986,999994674,55502196000,5326,985352619,14647381,49412045,17270159,982729841,21299314241,5257114400,104,5324841580,999982779,17221,999838145,161855,5324824255,1000,1000,1000,1000,1000,1000,1000
