Time,glucose,O2,glucose_total,O2_total,glucose_in,O2_in,H2O:=Cell_1,OH-:=Cell_1,H+:=Cell_1,DHO:=Cell_1,OD-:=Cell_1,D+:=Cell_1,glucose:=Cell_1,glucose_in:=Cell_1,glucose_transport:=Cell_1,O2:=Cell_1,Pyruvate-:=Cell_1,Pyruvate_created:=Cell_1,ATP:=Cell_1,ADP:=Cell_1,Pi:=Cell_1,NAD+:=Cell_1,NADH:=Cell_1,Lactic-:=Cell_1,H2O::Cell_1::Mitochondria_1,H2O_created::Cell_1::Mitochondria_1,OH-::Cell_1::Mitochondria_1,H+::Cell_1::Mitochondria_1,H+_inter::Cell_1::Mitochondria_1,H+_inter_created::Cell_1::Mitochondria_1,DHO::Cell_1::Mitochondria_1,DHO_created::Cell_1::Mitochondria_1,OD-::Cell_1::Mitochondria_1,D+::Cell_1::Mitochondria_1,D+_inter::Cell_1::Mitochondria_1,D+_inter_by_D+::Cell_1::Mitochondria_1,O2::Cell_1::Mitochondria_1,O2_in::Cell_1::Mitochondria_1,CO2::Cell_1::Mitochondria_1,ATP::Cell_1::Mitochondria_1,ATP_created::Cell_1::Mitochondria_1,ATP_created_by_D+::Cell_1::Mitochondria_1,ADP::Cell_1::Mitochondria_1,GDP::Cell_1::Mitochondria_1,GTP::Cell_1::Mitochondria_1,Pi::Cell_1::Mitochondria_1,Pi_in::Cell_1::Mitochondria_1,NAD+::Cell_1::Mitochondria_1,NADH::Cell_1::Mitochondria_1,NADH_created::Cell_1::Mitochondria_1,NADH_in::Cell_1::Mitochondria_1,Pyruvate-::Cell_1::Mitochondria_1,Pyruvate-_in::Cell_1::Mitochondria_1,CoA-SH::Cell_1::Mitochondria_1,Acetyl_CoA::Cell_1::Mitochondria_1,FAD::Cell_1::Mitochondria_1,FADH2::Cell_1::Mitochondria_1,FADH2_created::Cell_1::Mitochondria_1,Pyruvate_transport::Cell_1::Mitochondria_1,ATP_synthase::Cell_1::Mitochondria_1,ADP_ATP_transport::Cell_1::Mitochondria_1,NADH_shuttle::Cell_1::Mitochondria_1,Pi_transport::Cell_1::Mitochondria_1,Commp1-3-4::Cell_1::Mitochondria_1,Commp2-3-4::Cell_1::Mitochondria_1
0,0,0,0,0,0,0,9998660000000,100000,100000,1340000000,10,10,0,0,1000,0,0,0,1000000000,1000000000,1000000000,1000000000,1000000000,0,99998660000,0,1000,1000,0,0,1340000,0,10,10,0,0,0,0,0,0,0,0,100000000,100000000,0,200000000,0,100000000,0,0,0,0,0,100000000,0,100000000,0,0,1000,1000,1000,1000,1000,1000,1000
1000,0,0,0,0,1000,6000,9998649900164,10101338,10101343,1339997260,1383,1377,0,0,1000,0,0,0,999900135,1000099865,1000099865,1000000001,999999999,0,99998561202,0,99798,99799,0,0,1340000,0,10,10,0,0,0,0,0,0,0,0,100000000,100000000,0,200000000,0,99999999,1,0,1,0,0,100000000,0,100000000,0,0,1000,1000,1000,1000,1000,1000,1000
2000,10320,63052,1000000,6000000,1000,6000,9998466632555,99987163,102589012,1339972103,13546,14371,76844,989680,1000,6486,1003684,1825672,906513340,1093486660,1093494591,998902167,1001097833,501157,99997255922,31226,514027,2010007,271320,273652,1339995,0,8,17,0,0,5914849,5930462,933942,252431,570,0,99747569,99952416,47584,199692054,52,98553522,1446478,1241370,226682,1745,320831,99988342,11658,99702224,297776,307428,1000,1000,1000,1000,1000,1000,1000
3000,10490,63814,2000000,12000000,1000,6000,9998385248780,97018752,101747001,1339971783,14142,14095,74978,1989510,1000,611,1352075,3829064,822208037,1177791963,1177846033,998237934,1001762066,1614061,99995971893,210354,358529,3190685,1754524,1786148,1339976,0,5,39,0,0,11830398,11935575,2554868,743008,7776,0,99256992,99942835,57165,199145757,520,96276214,3723786,3401855,452937,2034,862928,99986093,13907,99232361,767639,846987,1000,1000,1000,1000,1000,1000,1000
4000,10510,62813,3000000,18000000,1000,6000,9998309711961,96223507,102834462,1339971685,13988,14347,73934,2989490,1000,1145,1456723,5831112,745964708,1254035292,1254176747,997775916,1002224084,2930507,99994605797,528652,302751,3546089,4289234,4414560,1339953,0,5,38,24,24,17671716,17936042,4295842,1254932,30801,0,98745068,99940656,59344,198544269,2122,93911253,6088747,5722894,676521,2144,1443882,99985314,14686,98790932,1209068,1427052,1000,1000,1000,1000,1000,1000,1000
5000,10580,64039,4000000,24000000,1000,6000,9998239982305,96869818,105279853,1339971682,13310,15028,74627,3989420,1000,5964,1481560,7829586,677010663,1322989337,1323257579,997384397,1002615603,4314590,99993196475,917988,333415,3546611,7280648,7585976,1339933,2,4,39,44,44,23471002,23929997,6064223,1757447,75003,0,98242553,99939611,60389,197913922,5316,91539513,8460487,8080614,899393,1995,2033436,99984950,15050,98382079,1617921,2016391,1000,1000,1000,1000,1000,1000,1000
6000,10260,63402,5000000,30000000,1000,6000,9998176553446,97783959,107966957,1339972180,13151,14689,76039,4989740,1000,647,1477643,9827402,614661933,1385338067,1385766944,997017713,1002982287,5724606,99991828605,1340714,350845,3395425,10410114,10989136,1339863,6,7,54,96,96,29265591,29935951,7837933,2249066,142173,0,97750934,99938630,61370,197260687,10330,89170316,10829684,10445403,1120509,2160,2625153,99984477,15523,97997022,2002978,2607470,1000,1000,1000,1000,1000,1000,1000
7000,10350,62264,6000000,36000000,1000,6000,9998123841832,93908516,105862142,1339971564,13541,14915,77939,5989650,1000,6847,1471151,11823422,558272849,1441727151,1442347242,996653839,1003346161,7137688,99990497894,1776690,350792,3222401,13531041,14471792,1339809,10,6,45,160,160,35042539,35930889,9605228,2729030,230859,0,97270970,99939174,60826,196590053,17315,86811734,13188266,12801631,1339573,2161,3214583,99983981,16019,97627359,2372641,3196403,1000,1000,1000,1000,1000,1000,1000
8000,10420,64453,7000000,42000000,1000,6000,9998073763155,92752324,106473064,1339972088,12928,15004,80621,6989580,1000,5892,1461304,13817918,507263776,1492736224,1493573289,996291227,1003708773,8552739,99989131449,2219218,392852,3149774,16593342,17985828,1339786,12,7,47,180,192,40820040,41929655,11372481,3202885,341565,3,96797115,99939226,60774,195899276,26226,84453391,15546609,15157863,1556406,2158,3803875,99983665,16335,97266188,2733812,3785382,1000,1000,1000,1000,1000,1000,1000
9000,10560,63146,8000000,48000000,1000,6000,9998024949311,95193404,110679203,1339971408,13220,15392,83599,7989440,1000,1126,1447565,15811682,461144402,1538855598,1539935712,995931443,1004068557,9971849,99987864908,2670394,346996,3017403,19620909,21548980,1339781,14,4,35,200,212,46600524,47935728,13136446,3667969,472779,3,96332031,99939013,60987,195190930,36955,82100721,17899279,17509689,1771276,2308,4392268,99983283,16717,96915479,3084521,4373243,1000,1000,1000,1000,1000,1000,1000
10000,10650,62530,9000000,54000000,1000,6000,9997986921410,91225133,108478065,1339972857,12485,14678,88140,8989350,1000,529,1436585,17802420,419427915,1580572085,1581918631,995569949,1004430051,11388489,99986544377,3128490,371096,2970567,22615098,25153656,1339711,18,7,26,276,288,52372687,53936941,14891253,4123376,622266,3,95876624,99939038,60962,194469116,49494,79762482,20237518,19849362,1983880,2311,4977346,99983074,16926,96574675,3425325,4958109,1000,1000,1000,1000,1000,1000,1000
11000,11110,61845,10000000,60000000,1000,6000,9997948064056,92060452,111078406,1339971581,12970,15469,92658,9988890,1000,640,1422089,19792464,381706239,1618293761,1619927081,995211362,1004788638,12809726,99985208126,3592562,422084,2983521,25565578,28792852,1339659,18,7,42,312,324,58141225,59937515,16640799,4573564,790851,3,95426436,99938662,61338,193731778,63870,77433287,22566713,22182037,2194100,2326,5560649,99982915,17085,96241918,3758082,5541238,1000,1000,1000,1000,1000,1000,1000
12000,10640,61903,11000000,66000000,1000,6000,9997917325160,88363187,109149085,1339972466,12352,15202,98407,10989360,1000,6680,1408397,21781906,347592396,1652407604,1654346646,994851626,1005148374,14231977,99983978226,4063724,382955,2922250,28483025,32475632,1339657,18,5,34,324,348,63899546,65931417,18381665,5018911,978102,6,94981089,99938741,61259,192980788,80199,75118859,24881141,24502968,2401555,2473,6141532,99982244,17756,95919057,4080943,6121303,1000,1000,1000,1000,1000,1000,1000
13000,10360,61815,12000000,72000000,1000,6000,9997884652543,89847199,112407398,1339971919,12423,15678,104595,11989640,1000,1246,1399746,23770090,316744591,1683255409,1685517751,994485632,1005514368,15649340,99982711984,4539512,387594,2924358,31372801,36186196,1339641,20,6,29,344,380,69667173,71936939,20119453,5457227,1178805,9,94542773,99938491,61509,192218922,98175,72811072,27188928,26819892,2606382,2429,6721004,99981864,18136,95601747,4398253,6700439,1000,1000,1000,1000,1000,1000,1000
14000,10420,63656,13000000,78000000,1000,6000,9997856621935,89622296,113958116,1339971453,12836,15731,111099,12989580,1000,553,1389702,25756962,288849320,1711150680,1713753202,994120779,1005879221,17069792,99981466652,5024118,390287,2922037,34244168,39954852,1339635,20,7,34,344,392,75423722,77935791,21847287,5892435,1398099,12,94107565,99938945,61055,191443988,118288,70521179,29478821,29123476,2807949,2559,7297468,99981280,18720,95295345,4704655,7276189,1000,1000,1000,1000,1000,1000,1000
15000,10700,62934,14000000,84000000,1000,6000,9997833672994,86963773,113075332,1339971549,12598,15873,117891,13989300,1000,1119,1378304,27742818,263618257,1736381743,1739339076,993755345,1006244655,18491875,99980251678,5515538,372190,2905657,37098296,43772484,1339630,20,4,42,344,416,81178168,83935947,23572084,6325516,1633542,18,93674484,99938287,61713,190655438,140020,68240494,31759506,31423106,3006288,2599,7872639,99980982,19018,94994648,5005352,7851022,1000,1000,1000,1000,1000,1000,1000
16000,10350,63473,15000000,90000000,1000,6000,9997809681872,87733303,115616743,1339971456,12365,16199,126516,14989650,1000,5912,1362530,29726268,240789203,1759210797,1762537461,993393835,1006606165,19918579,99979029468,6013066,376511,2907147,39937931,47633536,1339605,22,6,33,376,472,86924071,89930615,25288321,6754071,1883013,24,93245929,99938415,61585,189857680,163553,65976189,34023811,33711157,3201524,2510,8445159,99980187,19813,94701382,5298618,8422836,1000,1000,1000,1000,1000,1000,1000
17000,10610,63142,16000000,96000000,1000,6000,9997786239771,90141086,119796994,1339971479,12283,16258,135430,15989390,1000,1156,1346002,31707920,220163383,1779836617,1783546776,993032870,1006967130,21346751,99977788049,6516184,412723,2947763,42754901,51529624,1339576,24,3,33,408,504,92677598,95935702,26997104,7178698,2146527,24,92821302,99938632,61368,189049775,188615,63724788,36275212,35989393,3394039,2641,9015167,99979763,20237,94415699,5584301,8992289,1000,1000,1000,1000,1000,1000,1000
18000,10590,63559,17000000,102000000,1000,6000,9997771267691,86029537,117467658,1339971764,12127,16129,144856,16989410,1000,6460,1336051,33689108,201501931,1798498069,1802602865,992664176,1007335824,22770248,99976611832,7025898,397967,2939241,45552094,55474008,1339534,26,4,42,440,536,98417019,101929981,28698552,7603409,2426472,24,92396591,99938536,61464,188230331,216026,61488963,38511037,38257751,3583036,2655,9582809,99979045,20955,94136975,5863025,9559199,1000,1000,1000,1000,1000,1000,1000
19000,10590,62977,18000000,108000000,1000,6000,9997754328565,85663166,118881412,1339971797,11954,16269,155310,17989410,1000,6117,1322778,35668200,184631932,1815368068,1819879796,992296814,1007703186,24196597,99975462117,7540654,366337,2916622,48333872,59452668,1339544,26,6,30,440,548,104160566,107930906,30395101,8024669,2718516,27,91975331,99938024,61976,187401627,244732,59264204,40735796,40519663,3768417,2848,10148825,99978585,21415,93863834,6136166,10124562,1000,1000,1000,1000,1000,1000,1000
20000,10330,62467,19000000,114000000,1000,6000,9997739234821,85054665,120057001,1339971279,11913,16828,166728,18989670,1000,1176,1311681,37645884,169378320,1830621680,1835551819,991925413,1008074587,25620983,99974267233,8061240,390716,2953062,51100015,63471168,1339556,26,6,42,416,548,109905724,113936357,32087054,8444729,3023910,33,91555271,99938183,61817,186563315,275513,57050407,42949593,42775309,3950314,2676,10713220,99977711,22289,93596981,6403019,10688255,1000,1000,1000,1000,1000,1000,1000
21000,10440,64181,20000000,120000000,1000,6000,9997726759476,83275456,120065473,1339972004,11586,16430,178693,19989560,1000,6508,1301852,39621734,155585732,1844414268,1849773894,991552419,1008447581,27045428,99973101902,8586838,400361,2967176,53852350,67525160,1339552,28,3,41,424,580,115635878,119929311,33768898,8861340,3341304,39,91138660,99938531,61469,185717565,307594,54854827,45145173,45017584,4128725,2928,11274454,99977160,22840,93337044,6662956,11248686,1000,1000,1000,1000,1000,1000,1000
22000,10500,62723,21000000,126000000,1000,6000,9997711450217,85636929,124213236,1339971707,11669,16644,191550,20989500,1000,6445,1288923,41595900,143110297,1856889703,1862687763,991180680,1008819320,28473039,99972000935,9115118,353273,2953005,56564607,71594608,1339513,30,6,45,456,624,121373258,125930832,35445964,9278121,3672069,42,90721879,99938318,61682,184862137,341725,52669104,47330896,47253441,4303541,2928,11833938,99976467,23533,93081585,6918415,11807477,1000,1000,1000,1000,1000,1000,1000
23000,10140,62876,22000000,132000000,1000,6000,9997699119996,86209415,126575571,1339971977,11613,16430,205707,21989860,1000,1196,1276132,43568306,131837221,1868162779,1874409417,990806290,1009193710,29901131,99970832052,9650476,389222,2993516,59284860,75716160,1339502,34,7,39,472,676,127110673,131935928,37115015,9691350,4013427,51,90308650,99938523,61477,184000535,377592,50501385,49498615,49478594,4473465,3186,12391043,99975722,24278,92833487,7166513,12363579,1000,1000,1000,1000,1000,1000,1000
24000,10720,62482,23000000,138000000,1000,6000,9997694000703,80642731,122798915,1339971267,11709,17044,219808,22989280,1000,6376,1263087,45538944,121645887,1878354113,1885058684,990431547,1009568453,31329979,99969743263,10189238,354902,2977885,61976868,79860520,1339499,34,4,45,472,688,132836506,137931142,38777830,10103225,4367184,54,89896775,99937936,62064,183130140,414916,48345514,51654486,51695368,4640512,3124,12945878,99974784,25216,92590340,7409660,12917538,1000,1000,1000,1000,1000,1000,1000
25000,10930,62980,24000000,144000000,1000,6000,9997683366775,81553094,125503670,1339971027,11673,17320,236009,23989070,1000,1147,1251972,47506122,112426090,1887573910,1894743335,990051261,1009948739,32755512,99968578115,10732996,408735,3035148,64666482,84038336,1339507,34,2,39,472,700,138569358,143935873,40433882,10513208,4729437,57,89486792,99938018,61982,182255385,454106,46205234,53794766,53903109,4801871,3210,13498638,99973799,26201,92353589,7646411,13469227,1000,1000,1000,1000,1000,1000,1000
26000,10440,63059,25000000,150000000,1000,6000,9997674439419,81632624,127381347,1339971614,11193,17213,252972,24989560,1000,627,1241505,49473176,104093756,1895906244,1903550348,989668629,1010331371,34181867,99967534301,11280592,350850,2980952,67341616,88247252,1339440,40,9,27,544,796,144295998,149936314,42084588,10920883,5102706,63,89079117,99938016,61984,181373029,494812,44077524,55922476,56103602,4959938,3244,14049804,99972454,27546,92120554,7879446,14019014,1000,1000,1000,1000,1000,1000,1000
27000,10510,63604,26000000,156000000,1000,6000,9997666541480,81468670,129016577,1339971515,11266,17239,270613,25989490,1000,1090,1228734,51437754,96555358,1903444642,1911569840,989285897,1010714103,35611043,99966427420,11830862,367886,3011788,69985773,92472908,1339402,42,4,26,588,852,150019854,155935306,43726050,11329153,5487474,66,88670847,99938316,61684,180483965,537239,41967692,58032308,58291784,5112608,3395,14597977,99971152,28848,91893086,8106914,14565734,1000,1000,1000,1000,1000,1000,1000
28000,10390,62314,27000000,162000000,1000,6000,9997661562908,79107119,128461416,1339971207,11224,17589,288717,26989610,1000,6917,1218859,53401786,89747468,1910252532,1918866620,988897648,1011102352,37039451,99965331888,12385884,386709,3030854,72622824,96733032,1339353,46,10,29,628,892,155737804,161930769,45359083,11735660,5882319,66,88264340,99938635,61365,179588887,580932,39875860,60124140,60468743,5259983,3713,15143476,99969897,30103,91671684,8328316,15109660,1000,1000,1000,1000,1000,1000,1000
29000,10800,63452,28000000,168000000,1000,6000,9997658120286,75853376,127014513,1339971019,10871,18130,307726,27989200,1000,600,1208723,55362948,83591517,1916408483,1925518061,988506961,1011493039,38466634,99964273599,12942766,374010,3037339,75230235,101005788,1339299,48,4,45,672,936,161464541,167935948,46988567,12141715,6287289,66,87858285,99938031,61969,178686738,626397,37793314,62206686,62640871,5403275,3632,15687591,99968345,31655,91453050,8546950,15652304,1000,1000,1000,1000,1000,1000,1000
30000,10270,62929,29000000,174000000,1000,6000,9997650346519,77514518,130489363,1339971173,10926,17921,327474,28989730,1000,6793,1199356,57324512,78028369,1921971631,1931583563,988112306,1011887694,39894790,99963188528,13503722,397005,3068388,77835325,105307468,1339317,48,3,40,660,960,167178393,173930278,48613154,12545967,6699708,75,87454033,99938118,61882,177780219,673311,35722961,64277039,64806463,5542028,3830,16230366,99966773,33227,91239009,8760991,16193309,1000,1000,1000,1000,1000,1000,1000
31000,10730,63306,30000000,180000000,1000,6000,9997643381221,78896317,133687665,1339972312,10345,17363,347249,29989270,1000,1064,1189636,59284042,73002787,1926997213,1937118197,987715405,1012284595,41324135,99962151336,14068424,385039,3051688,80431214,109638252,1339243,56,2,35,740,1052,172901390,179935630,50228869,12948278,7121355,78,87051722,99938157,61843,176868895,721618,33671635,66328365,66960159,5675312,3982,16770271,99965001,34999,91030084,8969916,16731290,1000,1000,1000,1000,1000,1000,1000
32000,10630,62555,31000000,186000000,1000,6000,9997642155266,75008583,131613588,1339971397,10718,17905,370049,30989370,1000,1119,1176930,61238642,68453531,1931546469,1942182762,987318554,1012681446,42753816,99961138290,14633698,356293,3035317,82993960,113969832,1339193,56,6,33,788,1100,178619449,185936326,51837631,13348182,7551147,78,86651818,99937540,62460,175953065,771284,31634097,68365903,69104625,5803380,4253,17307896,99963351,36649,90824658,9175342,17266994,1000,1000,1000,1000,1000,1000,1000
33000,10360,62749,32000000,192000000,1000,6000,9997636261696,76229625,134661009,1339971449,10447,18124,391217,31989640,1000,6856,1167751,63196846,64353502,1935646498,1946804123,986913948,1013086052,44185258,99960098130,15201304,363958,3059449,85536638,118314552,1339156,60,2,34,828,1152,184329713,191930395,53440120,13747056,7988811,81,86252944,99938083,61917,175033402,822670,29610848,70389152,71240496,5925536,4469,17843837,99961008,38992,90624108,9375892,17800376,1000,1000,1000,1000,1000,1000,1000
34000,10700,63355,33000000,198000000,1000,6000,9997629548279,78651705,138910849,1339970002,10718,19300,413335,32989300,1000,6906,1157780,65151930,60640007,1939359993,1951043870,986506562,1013493438,45616508,99959056116,15772268,383112,3087260,88068424,122689096,1339190,60,6,32,792,1152,190043575,197929739,55036196,14146484,8436309,90,85853516,99937760,62240,174107399,875436,27604252,72395748,73367834,6041984,4722,18377642,99958718,41282,90426620,9573380,18331638,1000,1000,1000,1000,1000,1000,1000
35000,10360,63393,34000000,204000000,1000,6000,9997630299034,73961935,136056506,1339972098,10218,17704,436052,33989640,1000,6932,1147499,67107176,57289200,1942710800,1954926938,986096750,1013903250,47051308,99958018222,16346144,412379,3103456,90597853,127084132,1339170,62,4,22,824,1184,195756572,203929675,56621658,14540445,8889123,90,85459555,99938010,61990,173181427,929787,25618597,74381403,75480805,6152618,5005,18908369,99955783,44217,90235039,9764961,18859147,1000,1000,1000,1000,1000,1000,1000
36000,10530,62592,35000000,210000000,1000,6000,9997627011903,73627920,137558771,1339971221,10264,18535,459261,34989470,1000,1008,1135562,69060418,54260052,1945739948,1958493370,985684235,1014315765,48487795,99957068080,16919548,360817,3059124,93089784,131473464,1339101,66,2,41,876,1260,201476593,209936400,58200139,14933579,9349587,96,85066421,99938442,61558,172251441,985332,23648055,76351945,77584347,6256858,5338,19437061,99952485,47515,90046146,9953854,19384208,1000,1000,1000,1000,1000,1000,1000
37000,10270,63786,36000000,216000000,1000,6000,9997621591188,75716709,141497122,1339970448,10249,19323,482309,35989730,1000,5882,1129352,71014842,51526586,1948473414,1961769202,985261784,1014738216,49921919,99956069740,17496220,369023,3062232,95574090,135886436,1339091,66,11,30,888,1272,207182189,215930332,59770949,15324100,9817533,96,84675900,99937996,62004,171318108,1042214,21695365,78304635,79677426,6354707,5576,19963571,99948482,51518,89862311,10137689,19906477,1000,1000,1000,1000,1000,1000,1000
38000,10400,62391,37000000,222000000,1000,6000,9997618135286,76097503,143734247,1339971379,9926,18715,504832,36989600,1000,6289,1121788,72969536,49056748,1950943252,1964785226,984834942,1015165058,51358687,99955095851,18074298,360219,3060300,98031874,140306292,1339084,68,5,35,896,1304,212894137,221931320,61336640,15715397,10293432,102,84284603,99937788,62212,170380417,1100690,19756180,80243820,81763379,6445791,5899,20489061,99943577,56423,89682277,10317723,20426739,1000,1000,1000,1000,1000,1000,1000
39000,10510,62333,38000000,228000000,1000,6000,9997617537228,73858204,143355801,1339970873,10232,18915,527697,37989490,1000,6434,1112499,74923586,46830470,1953169530,1967563145,984404254,1015595746,52798035,99954093837,18653538,388535,3095941,100470448,144735340,1339024,74,5,35,956,1412,218604427,227931233,62895346,16105188,10776141,114,83894812,99938469,61531,169439666,1160328,17834212,82165788,83839753,6529805,6520,21013052,99937875,62125,89505435,10494565,20944407,1000,1000,1000,1000,1000,1000,1000
40000,10450,62983,39000000,234000000,1000,6000,9997614861715,73907202,145267910,1339970572,9781,19667,551319,38989550,1000,617,1100849,76876462,44820118,1955179882,1970129185,983970779,1016029221,54240524,99953133890,19234408,383535,3088298,102900781,149173144,1339014,76,3,27,976,1456,224319158,233936400,64446978,16489687,11262702,120,83510313,99938039,61961,168499049,1221555,15928545,84071455,85906662,6606717,7479,21535089,99932074,67926,89332876,10667124,21459684,1000,1000,1000,1000,1000,1000,1000
41000,10600,62672,40000000,240000000,1000,6000,9997612774280,73565255,146806170,1339970461,10059,19500,572979,39989400,1000,620,1094472,78832842,43013036,1956986964,1972495923,983527307,1016472693,55683191,99952195696,19816064,372791,3075788,105304348,153617340,1338973,80,3,28,1016,1532,230028636,239936708,65986854,16872736,11757240,129,83127264,99938461,61539,167556766,1284032,14046793,85953207,87956751,6676958,8119,22055179,99922837,77163,89165745,10834255,21969897,1000,1000,1000,1000,1000,1000,1000
42000,10390,62179,41000000,246000000,1000,6000,9997613099822,70979360,146107415,1339970482,10470,19068,595251,40989610,1000,580,1087957,80788718,41380528,1958619472,1974691926,983079225,1016920775,57127921,99951259701,20397668,371626,3066034,107689806,158063420,1338930,82,2,40,1048,1576,235738366,245937241,67515895,17250922,12256416,132,82749078,99938611,61389,166615235,1347950,12187540,87812460,89992062,6740022,9279,22572840,99912606,87394,89001959,10998041,22476167,1000,1000,1000,1000,1000,1000,1000
43000,10390,62150,42000000,252000000,1000,6000,9997608893184,73082475,150104055,1339970774,9752,19494,616877,41989610,1000,1091,1080577,82745466,39909363,1960090637,1976731108,982625007,1017374993,58575752,99950326428,20978676,383740,3078836,110039083,162501504,1338915,84,2,35,1068,1608,241447379,251936759,69032165,17625472,12762426,135,82374528,99939204,60796,165673261,1412717,10353857,89646143,92009060,6794721,10762,23089137,99898520,101480,88844227,11155773,22976895,1000,1000,1000,1000,1000,1000,1000
44000,10740,63531,43000000,258000000,1000,6000,9997608791266,71222610,150145898,1339970288,9615,20117,637235,42989260,1000,1040,1071416,84704050,38583761,1961416239,1978627573,982165802,1017834198,60028176,99949449494,21561288,363808,3040983,112373982,166949844,1338913,86,4,27,1076,1640,247154742,257935429,70531877,17994609,13274301,141,82005391,99940104,59896,164734161,1478658,8552202,91447798,94001932,6841676,12691,23604458,99878288,121712,88695509,11304491,23470055,1000,1000,1000,1000,1000,1000,1000
45000,10640,63489,44000000,264000000,1000,6000,9997609704477,68472840,149310063,1339970229,9683,20108,657179,43989360,1000,1035,1063719,86664362,37388987,1962611013,1980396017,981698558,1018301442,61482487,99948606315,22141704,334122,2992909,114670844,171384140,1338811,92,4,33,1172,1748,252864578,263935476,72011503,18355354,13791633,144,81644646,99940827,59173,163800469,1546764,6787324,93212676,95966021,6880433,15689,24118156,99852051,147949,88553500,11446500,23954518,1000,1000,1000,1000,1000,1000,1000
46000,10390,61652,45000000,270000000,1000,6000,9997605773519,70683157,153439818,1339969993,9089,20938,677003,44989610,1000,6778,1054464,88625214,36313029,1963686971,1982048919,981227282,1018772718,62941328,99947712612,22718460,404694,3030746,116916911,175784028,1338808,92,1,39,1172,1772,258572294,269931570,73451056,18700375,14312946,150,81299625,99943411,56589,162881088,1615333,5085249,94914751,97872205,6911168,20664,24629422,99812391,187609,88428781,11571219,24421149,1000,1000,1000,1000,1000,1000,1000
47000,10850,62449,46000000,276000000,1000,6000,9997609241867,65594641,150287599,1339970973,9257,19790,694922,45989150,1000,6944,1048719,90588456,35344260,1964655740,1983597555,980746604,1019253396,64401376,99946996083,23288640,381239,2946099,119087923,180133812,1338855,92,3,26,1136,1796,264286241,275930607,74824847,19018262,14840043,165,80981738,99947732,52268,161987655,1685717,3484419,96515581,99682701,6933684,29222,25138361,99748715,251285,88330074,11669926,24857854,1000,1000,1000,1000,1000,1000,1000
48000,10970,62691,47000000,282000000,1000,6000,9997604284649,69025364,155658373,1339970060,9440,20520,712929,46989030,1000,614,1040241,92552202,34471374,1965528626,1985053452,980261456,1019738544,65865304,99946395508,23848146,384078,2823700,121156219,184399032,1338804,96,5,23,1188,1860,270012574,281936695,76086277,19288817,15371442,168,80711183,99955459,44541,161141816,1757045,2049610,97950390,101329896,6948354,47618,25646657,99644580,355420,88276763,11723237,25243619,1000,1000,1000,1000,1000,1000,1000
49000,10510,62985,48000000,288000000,1000,6000,9997606339403,65529203,154110933,1339970233,9324,20463,730770,47989490,1000,6370,1031625,94517440,33686437,1966313563,1986422612,979772344,1020227656,67333588,99946010516,24382498,424377,2631888,123022825,188473408,1338779,98,5,28,1208,1904,275739347,287930645,77131435,19473035,15905337,174,80526965,99969165,30835,160387081,1829235,920660,99079340,102668078,6956196,94078,26152227,99478494,521506,88301019,11698981,25536643,1000,1000,1000,1000,1000,1000,1000
50000,10270,63684,49000000,294000000,1000,6000,9997603642303,66859737,157398115,1339970480,9197,20343,747570,48989730,1000,6400,1024342,96484320,32977812,1967022188,1987715796,979278041,1020721959,68803223,99945991016,24873614,456857,2316917,124529503,192214716,1338700,100,4,28,1288,1984,281493059,293929916,77822537,19531936,16445679,174,80468064,99986139,13861,159760595,1902497,265880,99734120,103518586,6959138,226316,26656755,99265610,734390,88434061,11565939,25696049,1000,1000,1000,1000,1000,1000,1000
51000,10740,63016,50000000,300000000,1000,6000,9997605353519,63854816,156357329,1339970020,8914,21086,762307,49989260,1000,5763,1020682,98453906,32341861,1967658139,1988936420,978780483,1021219517,70274486,99946219413,25308474,505215,1999031,125601171,195528548,1338657,104,5,30,1328,2048,287276932,299931221,78148715,19478170,16987764,180,80521830,99996062,3938,159239611,1976321,62398,99937602,103897481,6959903,507555,27158738,99097583,902417,88640030,11359970,25748766,1000,1000,1000,1000,1000,1000,1000
52000,10720,62665,51000000,306000000,1000,6000,9997602095190,65885115,160356780,1339970022,8898,21100,774729,50989280,1000,626,1014897,100429102,31770938,1968229062,1990089570,978285548,1021714452,71754518,99946485073,25701408,576213,1863303,126342505,198518048,1338602,108,6,20,1392,2136,293085951,305936709,78321410,19385152,17531082,186,80614848,99998063,1937,158752403,2051215,28686,99971314,104088954,6960132,873365,27659687,98981222,1018778,88856200,11143800,25767544,1000,1000,1000,1000,1000,1000,1000
53000,10920,63668,52000000,312000000,1000,6000,9997601041073,65767030,162203362,1339969491,9043,21486,787776,51989080,1000,1122,1006433,102402608,31254526,1968745474,1991187445,977794237,1022205763,73236579,99946793638,26073628,603327,1814689,126927236,201350740,1338632,110,12,24,1352,2168,298898341,311935210,78468007,19285104,18074394,204,80714896,99998692,1308,158271617,2125928,19634,99980366,104247720,6960266,1251015,28159596,98871132,1128868,89066405,10933595,25779713,1000,1000,1000,1000,1000,1000,1000
54000,10600,63488,53000000,318000000,1000,6000,9997601172581,64509111,162909738,1339969511,9006,21503,801596,52989400,1000,6821,997881,104375608,30782640,1969217360,1992238761,977305550,1022694450,74720793,99947125087,26440076,609312,1796485,127453140,204139668,1338685,110,14,17,1304,2168,304709598,317929691,78610135,19187398,18621372,216,80812602,99998885,1115,157790086,2201040,15314,99984686,104399501,6960365,1625531,28656934,98757963,1242037,89275640,10724360,25789366,1000,1000,1000,1000,1000,1000,1000
55000,10530,63190,54000000,324000000,1000,6000,9997599920739,64680475,165047509,1339969839,8561,21620,814340,53989470,1000,598,990276,106350260,30356121,1969643879,1993244328,976816590,1023183410,76206407,99947466387,26803800,606024,1799999,127945572,206908000,1338665,110,12,27,1316,2204,310534257,323936212,78750600,19092233,19171590,222,80907767,99998994,1006,157306312,2276068,12699,99987301,104548544,6960443,1998865,29153577,98643232,1356768,89484280,10515720,25797944,1000,1000,1000,1000,1000,1000,1000
56000,10540,63694,55000000,330000000,1000,6000,9997599131840,64433828,166775789,1339969008,9053,21959,824380,54989460,1000,6851,985211,108330160,29972524,1970027476,1994204457,976327407,1023672593,77697063,99947799938,27167754,613197,1812065,128437024,209679116,1338682,112,10,28,1300,2248,316345522,329929455,78891679,18998715,19722567,237,81001285,99999033,967,156823337,2351824,10676,99989324,104697362,6960504,2367573,29647886,98525370,1474630,89693641,10306359,25805683,1000,1000,1000,1000,1000,1000,1000
57000,11070,62243,56000000,336000000,1000,6000,9997600175107,62395908,166713905,1339969022,8759,22239,832454,55988930,1000,6811,979078,110312952,29628756,1970371244,1995123245,975840638,1024159362,79193037,99948179003,27531466,575745,1772716,128932939,212450344,1338706,116,12,22,1280,2300,322165155,335930946,79032556,18904761,20272359,255,81095239,99999075,925,156342313,2427969,9637,99990363,104845598,6960553,2734365,30140837,98406570,1593430,89902752,10097248,25813042,1000,1000,1000,1000,1000,1000,1000
58000,10710,63371,57000000,342000000,1000,6000,9997599583005,62017353,168305372,1339969458,8689,21873,843864,56989290,1000,6395,970964,112290852,29308324,1970691676,1996017502,975358408,1024641592,80688647,99948511004,27895162,586161,1785691,129421813,215222376,1338695,118,4,21,1300,2344,327982594,341930234,79173924,18813871,20824140,261,81186129,99999157,843,155859460,2504003,8581,99991419,104994066,6960613,3097601,30631241,98286502,1713498,90111878,9888122,25820142,1000,1000,1000,1000,1000,1000,1000
59000,10880,62977,58000000,348000000,1000,6000,9997597671129,62998837,171261503,1339968938,8393,22689,852247,57989120,1000,5625,963876,114273746,29026007,1970973993,1996872581,974876608,1025123392,82189694,99948839584,28258068,600239,1805013,129906300,217989528,1338705,118,10,17,1288,2356,333802305,347931398,79315339,18723400,21375774,267,81276600,99999193,807,155377205,2580132,7807,99992193,105142225,6960660,3458609,31120176,98165319,1834681,90320608,9679392,25826886,1000,1000,1000,1000,1000,1000,1000
60000,10950,63282,59000000,354000000,1000,6000,9997597620328,62144007,172381701,1339970175,7826,22019,861000,58989050,1000,1141,956489,116256100,28769243,1971230757,1997700833,974397302,1025602698,83692700,99949163341,28621638,620106,1824628,130394063,220765936,1338698,120,9,29,1284,2388,339624698,353935577,79458182,18634835,21928758,276,81365165,99999180,820,154894269,2656841,7022,99992978,105291720,6960702,3815805,31606911,98042432,1957568,90528776,9471224,25833538,1000,1000,1000,1000,1000,1000,1000
61000,10620,64069,60000000,360000000,1000,6000,9997596293325,62593244,174809071,1339968885,8576,22559,868664,59989380,1000,5797,949121,118241432,28538258,1971461742,1998501922,973919266,1026080734,85199955,99949543457,28984090,583051,1806161,130861686,223530848,1338741,120,7,24,1248,2388,345438029,359930134,79599968,18549007,22483776,285,81450993,99999196,804,154410009,2734058,6295,99993705,105439956,6960743,4172364,32092356,97919996,2080004,90737228,9262772,25839988,1000,1000,1000,1000,1000,1000,1000
62000,10560,61851,61000000,366000000,1000,6000,9997597501512,60527092,174718270,1339969121,8084,22815,876662,60989440,1000,6118,941126,120225556,28326061,1971673939,1999282745,973443594,1026556406,86708377,99949893578,29347414,577281,1812161,131333816,226304156,1338765,120,11,20,1224,2400,351258264,365932031,79742138,18465268,23039721,294,81534732,99999212,788,153925138,2811456,6124,99993876,105588441,6960773,4526521,32576053,97796771,2203229,90945893,9054107,25846303,1000,1000,1000,1000,1000,1000,1000
63000,10950,62804,62000000,372000000,1000,6000,9997597015207,60176917,176351522,1339969457,7891,22672,882249,61989050,1000,631,936596,122213602,28134271,1971865729,2000041643,972967278,1027032722,88220068,99950221096,29711340,595001,1831281,131813689,229086244,1338769,120,5,22,1224,2412,357080835,371936565,79885901,18383200,23595915,297,81616800,99999264,736,153440150,2888895,5728,99994272,105738434,6960812,4876103,33056938,97671698,2328302,91153953,8846047,25852533,1000,1000,1000,1000,1000,1000,1000
64000,10570,62703,63000000,378000000,1000,6000,9997599589906,56790494,174947239,1339967823,8511,23686,888304,62989430,1000,686,930515,124202252,27965667,1972034333,2000776861,972493796,1027506204,89735201,99950563235,30074608,597663,1836537,132291033,231862800,1338758,120,6,20,1236,2424,362899247,377936611,80029296,18300636,24151338,297,81699364,99999252,748,152956088,2966415,5379,99994621,105887988,6960847,5224624,33536536,97546780,2453220,91361822,8638178,25858692,1000,1000,1000,1000,1000,1000,1000
65000,10780,62342,64000000,384000000,1000,6000,9997599643557,55937267,176078318,1339968531,8123,23366,893278,63989220,1000,6648,925289,126191884,27808710,1972191290,2001498230,972019825,1027980175,91250830,99950935282,30438722,571336,1818862,132761754,234650596,1338744,122,11,21,1244,2444,368711588,383931010,80174057,18224267,24711135,300,81775733,99999247,753,152468040,3044302,5231,99994769,106038884,6960879,5571362,34015765,97420424,2579576,91569023,8430977,25864827,1000,1000,1000,1000,1000,1000,1000
66000,10860,63075,65000000,390000000,1000,6000,9997595834359,58962507,181086040,1339968188,8418,23414,897585,64989140,1000,648,916327,128183110,27666638,1972333362,2002203615,971552139,1028447861,92774341,99951282060,30802878,570484,1826147,133230661,237436844,1338730,124,5,21,1264,2488,374534776,389936277,80318673,18148089,25270815,306,81851911,99999233,767,151980891,3122923,4838,99995162,106189584,6960908,5915591,34492442,97294060,2705940,91776761,8223239,25870911,1000,1000,1000,1000,1000,1000,1000
67000,10870,64256,66000000,396000000,1000,6000,9997592330664,61696111,185804632,1339967983,8420,23617,902090,65989130,1000,5879,910570,130174080,27537097,1972462903,2002895381,971082963,1028917037,94296111,99951617969,31167430,580911,1834502,133707953,240230232,1338727,124,8,21,1264,2500,380346088,395929865,80464359,18072865,25830207,309,81927135,99999295,705,151493952,3201451,4578,99995422,106341342,6960932,6257006,34967399,97166590,2833410,91983719,8016281,25876983,1000,1000,1000,1000,1000,1000,1000
68000,10780,63543,67000000,402000000,1000,6000,9997595546784,57720754,183810011,1339969249,7900,22871,907794,66989220,1000,575,902332,132162852,27417924,1972582076,2003575067,970617763,1029382237,95819659,99951977864,31530084,565944,1835328,134165888,243010084,1338727,124,4,25,1264,2524,386170778,401935882,80609687,18000238,26390985,315,81999762,99999292,708,151006063,3280256,4304,99995696,106492580,6960956,6596960,35440861,97038992,2961008,92189475,7810525,25882893,1000,1000,1000,1000,1000,1000,1000
69000,10560,62906,68000000,408000000,1000,6000,9997592873990,59653728,187733864,1339968831,7671,23518,910426,67989440,1000,6360,898935,134158028,27315956,1972684044,2004236016,970150428,1029849572,97347476,99952283191,31894410,607009,1885588,134627642,245804128,1338700,124,16,28,1276,2548,391983467,407930734,80755904,17930888,26954178,318,82069112,99999262,738,150516402,3359774,4108,99995892,106644780,6960980,6933465,35911617,96910724,3089276,92395790,7604210,25888876,1000,1000,1000,1000,1000,1000,1000
70000,10150,62956,69000000,414000000,1000,6000,9997595145379,56648286,186712839,1339967986,7927,24107,914628,68989850,1000,567,891292,136150444,27220257,1972779743,2004890858,969688204,1030311796,98877645,99952648498,32258496,588229,1876212,135088142,248599360,1338754,124,4,22,1240,2560,397807167,413936477,80902708,17861572,27517911,330,82138428,99999305,695,150026618,3439574,4124,99995876,106797423,6961003,7268229,36381507,96781437,3218563,92601355,7398645,25894715,1000,1000,1000,1000,1000,1000,1000
71000,10480,62883,70000000,420000000,1000,6000,9997594930702,56137163,188187599,1339968083,7436,24501,917246,69989520,1000,6807,883980,138144548,27132693,1972867307,2005537629,969227217,1030772783,100410738,99953010552,32621750,571874,1869090,135547523,251389268,1338776,124,11,29,1204,2560,403619373,419930310,81049693,17791497,28080687,339,82208503,99999233,767,149537414,3518997,3869,99996131,106950250,6961027,7601251,36849830,96651978,3348022,92806171,7193829,25900557,1000,1000,1000,1000,1000,1000,1000
72000,10400,62862,71000000,426000000,1000,6000,9997593636746,56714819,190755196,1339968292,7766,23962,920279,70989600,1000,589,878982,140138642,27053946,1972946054,2006173533,968766368,1031233632,101943959,99953366655,32986496,562443,1857542,136015594,254192836,1338796,126,4,20,1200,2592,409443238,425936549,81197503,17724426,28644597,348,82275574,99999236,764,149047331,3598854,3792,99996208,107104081,6961051,7931354,37315701,96522231,3477769,93011120,6988880,25906578,1000,1000,1000,1000,1000,1000,1000
73000,11090,63147,72000000,432000000,1000,6000,9997590982935,58661714,194689828,1339967190,7600,25230,921999,71988910,1000,6284,872993,142133822,26981273,1973018727,2006801771,968307810,1031692190,103480561,99953692198,33349272,581563,1895263,136461788,256984720,1338785,128,7,20,1208,2648,415255869,431930569,81345493,17661476,29211033,360,82338524,99999308,692,148554788,3678800,3559,99996441,107258112,6961071,8260013,37780268,96392364,3607636,93214039,6785961,25912619,1000,1000,1000,1000,1000,1000,1000
74000,10810,63121,73000000,438000000,1000,6000,9997593928525,55016633,193035084,1339967207,7746,25067,924701,72989190,1000,6937,867885,144128978,26916490,1973083510,2007420528,967850186,1032149814,105018073,99954042530,33712344,576585,1905883,136909113,259780160,1338791,130,12,25,1192,2692,421073705,437929942,81493985,17599718,29777919,375,82400282,99999291,709,148062555,3759371,3404,99996596,107412507,6961091,8586079,38243020,96261581,3738419,93416950,6583050,25918522,1000,1000,1000,1000,1000,1000,1000
75000,11050,63116,74000000,444000000,1000,6000,9997595627434,52625787,192629863,1339966780,7589,25651,927559,73988950,1000,652,860457,146122782,26857624,1973142376,2008032202,967396593,1032603407,106558274,99954410808,34075274,552964,1887061,137365478,262579756,1338807,132,7,18,1188,2712,426898529,443936232,81643520,17537698,30343515,381,82462302,99999236,764,147571712,3840218,3277,99996723,107568130,6961101,8909751,38704051,96130310,3869690,93618288,6381712,25924610,1000,1000,1000,1000,1000,1000,1000
76000,10390,62738,75000000,450000000,1000,6000,9997592786001,54779499,196773656,1339967155,7654,25211,930103,74989610,1000,1124,853822,148119014,26803682,1973196318,2008638594,966944489,1033055511,108102381,99954742568,34438644,566165,1912276,137812321,265385460,1338788,134,11,25,1196,2744,432716749,449936138,81793841,17480049,30913008,387,82519951,99999285,715,147076960,3921107,3169,99996831,107724593,6961122,9230474,39162811,95998415,4001585,93819142,6180858,25930752,1000,1000,1000,1000,1000,1000,1000
77000,10890,62136,76000000,456000000,1000,6000,9997590845550,56040622,200025689,1339967805,7070,25145,931132,75989110,1000,6795,848329,150115956,26758433,1973241567,2009236900,966493164,1033506836,109647977,99955092100,34801472,561541,1916427,138260373,268189080,1338791,134,6,15,1208,2780,438530266,455931069,81944513,17420648,31481661,393,82579352,99999264,736,146583283,4002063,3174,99996826,107881239,6961143,9548589,39619650,95865665,4134335,94019324,5980676,25936726,1000,1000,1000,1000,1000,1000,1000
78000,10690,62568,77000000,462000000,1000,6000,9997595303581,50905435,196881540,1339968119,7277,24624,933153,76989310,1000,5789,842299,152112314,26712963,1973287037,2009832224,966043504,1033956496,111194657,99955397839,35163716,599811,1968539,138702318,270988640,1338805,134,8,23,1184,2804,444349718,461931643,82095013,17364618,32050737,405,82635382,99999238,762,146089433,4083374,3113,99996887,108037812,6961161,9865943,40075358,95733384,4266616,94218965,5781035,25942799,1000,1000,1000,1000,1000,1000,1000
79000,10730,62823,78000000,468000000,1000,6000,9997594566210,50971784,198939296,1339967243,7520,25257,934775,77989270,1000,6289,837434,154108990,26672821,1973327179,2010422301,965594330,1034405670,112742145,99955794001,35525484,546668,1934994,139136880,273791356,1338807,134,8,21,1184,2840,450168079,467930888,82246891,17311032,32622381,414,82688968,99999263,737,145593109,4164952,3008,99996992,108195939,6961175,10180616,40529411,95600253,4399747,94416448,5583552,25949048,1000,1000,1000,1000,1000,1000,1000
80000,11120,63946,79000000,474000000,1000,6000,9997591262572,53602726,203557101,1339967351,7410,25259,937439,78988880,1000,1182,830528,156102882,26630064,1973369936,2011013024,965149188,1034850812,114290884,99956128201,35888396,556835,1952365,139581725,276604080,1338815,134,11,22,1172,2852,455990607,473934872,82399494,17258734,33193857,420,82741266,99999246,754,145097424,4246927,3032,99996968,108354720,6961186,10492428,40981470,95466184,4533816,94614366,5385634,25955226,1000,1000,1000,1000,1000,1000,1000
81000,10500,62708,80000000,480000000,1000,6000,9997591999051,52201956,204146106,1339966854,7720,25446,939547,79989500,1000,1125,823171,158099906,26595038,1973404962,2011595620,964705385,1035294615,115844090,99956457117,36250612,571558,1980936,140019215,279414672,1338856,134,4,24,1136,2852,461810794,479936167,82552758,17208296,33766662,429,82791704,99999265,735,144600311,4328809,2896,99997104,108514165,6961201,10802701,41432645,95331463,4668537,94811077,5188923,25961407,1000,1000,1000,1000,1000,1000,1000
82000,10690,63900,81000000,486000000,1000,6000,9997590513680,53028134,206966753,1339967955,6880,25185,939896,80989310,1000,598,819311,160098828,26563991,1973436009,2012172365,964260501,1035739499,117398114,99956850886,36612484,521173,1944881,140453624,282225740,1338846,134,10,28,1136,2864,467629193,485935502,82706521,17160184,34340280,432,82839816,99999253,747,144102713,4410996,2917,99997083,108674092,6961215,11110024,41881403,95196192,4803808,95006823,4993177,25967571,1000,1000,1000,1000,1000,1000,1000
83000,10690,63441,82000000,492000000,1000,6000,9997589191076,53695932,209623949,1339966637,7056,26327,941441,81989310,1000,587,812788,162095738,26536706,1973463294,2012745774,963819206,1036180794,118953706,99957164343,36974494,550830,1984287,140891825,285044036,1338861,136,8,31,1120,2896,473448657,491935972,82861865,17112191,34914669,444,82887809,99999227,773,143604556,4493535,2819,99997181,108835731,6961238,11415111,42329244,95059733,4940267,95200976,4799024,25973866,1000,1000,1000,1000,1000,1000,1000
84000,10730,63488,83000000,498000000,1000,6000,9997590016193,52219940,210141428,1339967058,7025,25937,941477,82989270,1000,6313,806071,164095586,26513272,1973486728,2013313595,963379696,1036620304,120514025,99957507765,37335292,549371,1995709,141325305,287854904,1338901,136,5,30,1084,2896,479262485,497930199,83017181,17065124,35488350,453,82934876,99999255,745,143107264,4576199,2738,99997262,108997313,6961257,11718573,42775490,94923215,5076785,95393988,4606012,25980132,1000,1000,1000,1000,1000,1000,1000
85000,10460,63624,84000000,504000000,1000,6000,9997591603190,49981269,209893333,1339966609,6888,26523,943498,83989540,1000,5917,800882,166092084,26488355,1973511645,2013883103,962941580,1037058420,122072397,99957857478,37694868,540126,2011346,141743809,290661756,1338961,136,6,29,1024,2908,485082957,503930459,83173183,17020496,36064749,471,82979504,99999204,796,142607250,4658951,2729,99997271,109159664,6961267,12018584,43218805,94786260,5213740,95584863,4415137,25986481,1000,1000,1000,1000,1000,1000,1000
86000,10930,64238,85000000,510000000,1000,6000,9997591871555,49064707,210971593,1339965940,6744,27336,943090,84989070,1000,6331,796804,168091960,26465167,1973534833,2014448905,962502771,1037497229,123633445,99958185355,38054710,552728,2027812,142182885,293479256,1338973,136,7,28,1012,2908,490902008,509929431,83331346,16974885,36638553,474,83025115,99999158,842,142110201,4742159,2709,99997291,109324277,6961286,12316227,43661711,94647447,5352553,95773643,4226357,25992931,1000,1000,1000,1000,1000,1000,1000
87000,10800,64046,86000000,516000000,1000,6000,9997590821500,49461937,213354267,1339966633,6868,26519,946037,85989200,1000,1065,786959,170086326,26438785,1973561215,2015017838,962072273,1037927727,125197295,99958509224,38413930,568269,2054988,142611750,296297800,1338960,138,11,29,1020,2952,496727855,515934889,83490679,16932599,37215204,483,83067401,99999231,769,141610009,4825234,2565,99997435,109490217,6961304,12610469,44102072,94507935,5492065,95960444,4039556,25999538,1000,1000,1000,1000,1000,1000,1000
88000,10560,61497,87000000,522000000,1000,6000,9997591147479,48490800,214375595,1339965062,6962,27996,947910,86989440,1000,1113,784093,172083060,26417336,1973582664,2015580903,961636336,1038363664,126758072,99958872289,38770830,542638,2050286,143029568,299101280,1338986,138,2,24,1008,2976,502551906,521937390,83649618,16889414,37790727,492,83110586,99999217,783,141111564,4908804,2649,99997351,109655639,6961324,12903319,44540895,94368445,5631555,96145335,3854665,26006021,1000,1000,1000,1000,1000,1000,1000
89000,10950,63222,88000000,528000000,1000,6000,9997589942936,49056481,216937189,1339966655,6486,26879,947308,87989050,1000,626,778963,174083484,26404444,1973595556,2016134858,961204478,1038795522,128326616,99959227983,39127864,524178,2052379,143446118,301908932,1338970,140,8,26,1016,3020,508372150,527936152,83809459,16848005,38367555,501,83151995,99999220,780,140611913,4992594,2552,99997448,109822084,6961346,13193696,44977905,94228416,5771584,96329397,3670603,26012625,1000,1000,1000,1000,1000,1000,1000
90000,10210,63680,89000000,534000000,1000,6000,9997588755489,49607823,219483327,1339965431,6788,27801,948268,88989790,1000,6494,774839,176083044,26391205,1973608795,2016687873,960773569,1039226431,129895247,99959579931,39484114,508479,2055760,143862138,304719996,1338924,146,9,23,1064,3092,514187696,533929826,83971246,16808634,38945313,507,83191366,99999189,811,140111477,5076606,2461,99997539,109990555,6961366,13480330,45412958,94086681,5913319,96510569,3489431,26019309,1000,1000,1000,1000,1000,1000,1000
91000,10920,63136,90000000,540000000,1000,6000,9997587874446,49850883,221722714,1339964789,7006,28225,947777,89989080,1000,1201,771826,178082606,26376401,1973623599,2017241879,960342861,1039657139,131464085,99959896166,39838364,526271,2111206,144258197,307519900,1338912,150,10,30,1068,3144,520016406,539935663,84133078,16771633,39525174,519,83228367,99999172,828,139609259,5161007,2475,99997525,110159133,6961382,13765727,45846695,93945087,6054913,96689469,3310531,26026055,1000,1000,1000,1000,1000,1000,1000
92000,10830,61901,91000000,546000000,1000,6000,9997590693742,46394331,220260406,1339965846,6393,27781,947542,90989170,1000,575,765603,180083256,26362923,1973637077,2017794222,959916304,1040083696,133038164,99960283307,40194028,474177,2071589,144678540,310338480,1338928,150,7,29,1056,3156,525840435,545937524,84297364,16733622,40103616,525,83266378,99999179,821,139108412,5245476,2459,99997541,110330287,6961396,14047971,46279489,93801405,6198595,96867113,3132887,26032923,1000,1000,1000,1000,1000,1000,1000
93000,10370,63503,92000000,552000000,1000,6000,9997586073910,50375260,226231531,1339965849,6060,28111,949659,91989630,1000,5786,759796,182079942,26346696,1973653304,2018348800,959491875,1040508125,134610401,99960570380,40548378,520612,2137263,145089449,313156140,1338878,152,15,27,1100,3200,531656446,551930711,84463206,16698089,40684140,525,83301911,99999166,834,138605581,5330131,2533,99997467,110503091,6961416,14326309,46709745,93656449,6343551,97041605,2958395,26039885,1000,1000,1000,1000,1000,1000,1000
94000,10590,62193,93000000,558000000,1000,6000,9997589158912,46654924,224503968,1339964458,6709,28853,950173,92989410,1000,6803,754139,184078474,26333540,1973666460,2018900407,959069718,1040930282,136186767,99960943480,40899146,477362,2132903,145478528,315952456,1338897,154,9,30,1084,3232,537481354,557931004,84629299,16662801,41264832,537,83337199,99999125,875,138102377,5414600,2394,99997606,110676153,6961425,14601977,47137568,93511263,6488737,97212474,2787526,26046854,1000,1000,1000,1000,1000,1000,1000
95000,10500,61818,94000000,564000000,1000,6000,9997588285900,46895778,226741182,1339965010,6197,28813,950243,93989500,1000,569,750944,186078514,26322759,1973677241,2019447248,958645012,1041354988,137762088,99961280253,41251536,471909,2147611,145886171,318770148,1338872,158,6,30,1112,3296,543311766,563937613,84798021,16629671,41846025,546,83370329,99999096,904,137599418,5499877,2473,99997527,110851909,6961438,14875237,47565482,93363643,6636357,97381986,2618014,26053888,1000,1000,1000,1000,1000,1000,1000
96000,10620,62707,95000000,570000000,1000,6000,9997587990269,46563861,228404020,1339964865,6483,28672,949566,94989380,1000,606,744170,188079628,26316665,1973683335,2019988967,958226211,1041773789,139344389,99961620206,41600584,459671,2172139,146275179,321571776,1338907,158,10,27,1076,3308,549136316,569936687,84967893,16597268,42427758,558,83402732,99999163,837,137096263,5585565,2329,99997671,111028879,6961450,15145148,47991069,93215065,6784935,97547098,2452902,26060986,1000,1000,1000,1000,1000,1000,1000
97000,10610,64164,96000000,576000000,1000,6000,9997585162161,48757570,232587884,1339964488,6633,28899,951830,95989390,1000,5925,738921,190075120,26302339,1973697661,2020538306,957807754,1042192246,140921413,99961930200,41948150,475620,2214814,146672052,324373680,1338932,158,8,28,1052,3320,554955757,575929911,85139673,16564093,43007694,567,83435907,99999143,857,136594405,5670852,2468,99997532,111207859,6961461,15411485,48414786,93064885,6935115,97708334,2291666,26068186,1000,1000,1000,1000,1000,1000,1000
98000,10750,63033,97000000,582000000,1000,6000,9997588653114,44636036,230462438,1339965511,6401,28108,951899,96989250,1000,6338,734892,192074702,26293168,1973706832,2021082557,957388893,1042611107,142502110,99962249382,42293474,479433,2245242,147068337,327169836,1338942,160,6,24,1048,3352,560783812,581930629,85313246,16529483,43586277,576,83470517,99999119,881,136093911,5756391,2488,99997512,111388873,6961485,15675708,48837700,92913635,7086365,97865161,2134839,26075627,1000,1000,1000,1000,1000,1000,1000
99000,10200,63008,98000000,588000000,1000,6000,9997584499046,48160599,235976819,1339964570,5991,29459,953860,97989800,1000,589,729301,194071880,26282280,1973717720,2021627873,956973187,1043026813,144083574,99962542955,42637982,507637,2313778,147449477,329968788,1339006,160,8,30,976,3352,566617332,587936403,85488758,16500116,44169345,594,83499884,99999079,921,135588810,5841931,2389,99997611,111571940,6961493,15936611,49259005,92760788,7239212,98019138,1980862,26083182,1000,1000,1000,1000,1000,1000,1000
100000,10080,64089,99000000,594000000,1000,6000,9997585385239,46647163,236457072,1339965058,5883,29079,954934,98989920,1000,5746,724637,196069972,26274560,1973725440,2022168527,956558646,1043441354,145667114,99962904998,42980934,465583,2309585,147830964,332767004,1339039,160,6,35,940,3352,572439618,593930165,85666332,16471218,44751975,603,83528782,99999041,959,135084736,5928140,2286,99997714,111757158,6961504,16193541,49678221,92606146,7393854,98169320,1830680,26090826,1000,1000,1000,1000,1000,1000,1000
101000,10940,62984,100000000,600000000,1000,6000,9997584638612,46769827,238574693,1339964102,6634,29284,954601,99989060,1000,6467,720115,198068918,26269307,1973730693,2022705968,956144913,1043855087,147252314,99963231489,43321534,456503,2340119,148209457,335560656,1339047,162,8,17,948,3384,578269701,599930549,85845937,16442123,45334083,609,83557877,99999020,980,134581622,6014867,2459,99997541,111944490,6961517,16447658,50096489,92449722,7550278,98314677,1685323,26098553,1000,1000,1000,1000,1000,1000,1000
102000,10350,61899,101000000,606000000,1000,6000,9997585455650,45330031,239130756,1339963288,6243,30489,954776,100989650,1000,6735,716755,200069748,26263240,1973736760,2023243398,955731458,1044268542,148839674,99963503402,43658606,497384,2423342,148584056,338343992,1339025,164,10,17,968,3404,584101981,605931366,86028179,16412896,45914634,609,83587104,99999038,962,134079504,6101400,2330,99997670,112134832,6961532,16698446,50513319,92291780,7708220,98453423,1546577,26106653,1000,1000,1000,1000,1000,1000,1000
103000,10670,63719,102000000,612000000,1000,6000,9997584080637,46076490,241873944,1339963278,6375,30367,954289,101989330,1000,599,712909,202070082,26253739,1973746261,2023785162,955320514,1044679486,150429051,99963873820,43993022,436760,2415890,148945568,341124120,1338994,166,5,33,988,3424,589939088,611935682,86213278,16385099,46497621,609,83614901,99998965,1035,133574965,6188068,2408,99997592,112328151,6961545,16944590,50928122,92131341,7868659,98586211,1413789,26114873,1000,1000,1000,1000,1000,1000,1000
104000,10750,63524,103000000,618000000,1000,6000,9997582589665,46942071,244730529,1339962900,6307,30813,955669,102989250,1000,1097,707360,204067162,26245794,1973754206,2024324152,954913215,1045086785,152018819,99964132891,44324658,484274,2512963,149308849,343897376,1339013,168,7,16,984,3444,595772966,617935379,86400739,16356382,47078403,615,83643618,99999008,992,133072680,6274915,2452,99997548,112523956,6961558,17186678,51340983,91968912,8031088,98713643,1286357,26123217,1000,1000,1000,1000,1000,1000,1000
105000,10580,63837,104000000,624000000,1000,6000,9997581614869,47290378,247074222,1339963356,6402,30262,956461,103989420,1000,6304,703358,206065918,26236338,1973763662,2024862805,954505703,1045494297,153610049,99964489345,44654422,432149,2523121,149658144,346672408,1338997,170,2,29,992,3464,601602563,623929859,86591429,16333006,47663016,618,83666994,99999012,988,132566863,6362200,2376,99997624,112723132,6961572,17424488,51752511,91803680,8196320,98835809,1164191,26131703,1000,1000,1000,1000,1000,1000,1000
106000,10440,63071,105000000,630000000,1000,6000,9997583761953,44520407,246297254,1339964480,6172,29368,957317,104989560,1000,6361,697137,208064486,26230848,1973769152,2025397189,954101456,1045898544,155204362,99964809413,44982838,414440,2558886,150015275,349455228,1339016,170,6,30,968,3476,607439064,629930568,86785929,16309670,48247536,627,83690330,99998972,1028,132061265,6449809,2274,99997726,112926310,6961580,17657820,52162987,91635214,8364786,98952463,1047537,26140381,1000,1000,1000,1000,1000,1000,1000
107000,10490,61794,106000000,636000000,1000,6000,9997585037233,42624186,246396542,1339962093,6309,31618,956694,105989510,1000,6710,693630,210065632,26224156,1973775844,2025932737,953696195,1046303805,156800230,99965126605,45307256,394934,2591616,150371664,352231064,1339010,170,8,34,968,3476,613277783,635931496,86984174,16284964,48830487,627,83715036,99998902,1098,131557045,6537452,2432,99997568,113133467,6961597,17886184,52571772,91463705,8536295,99060637,939363,26149293,1000,1000,1000,1000,1000,1000,1000
108000,10550,62704,107000000,642000000,1000,6000,9997581341816,45698350,251468528,1339963384,5979,30657,956228,106989450,1000,1116,690017,212066444,26219544,1973780456,2026465046,953292044,1046707956,158396883,99965381723,45627818,433640,2705920,150703709,354993564,1338997,172,7,28,988,3520,619122185,641936180,87184924,16263842,49416105,633,83736158,99998918,1082,131050486,6625435,2546,99997454,113343135,6961605,18111042,52979544,91289709,8710291,99162493,837507,26158211,1000,1000,1000,1000,1000,1000,1000
109000,11230,61799,108000000,648000000,1000,6000,9997581322582,45096554,252859332,1339962796,5726,31498,956309,107988770,1000,6846,685252,214064922,26214152,1973785848,2026998765,952890652,1047109348,159993950,99965702257,45946910,404363,2735075,151051437,357767032,1338968,174,9,35,1008,3552,624957813,647931355,87390360,16240980,50000502,636,83759020,99998847,1153,130544950,6713587,2537,99997463,113557859,6961624,18330358,53385720,91112137,8887863,99257565,742435,26167499,1000,1000,1000,1000,1000,1000,1000
110000,10510,62359,109000000,654000000,1000,6000,9997583028880,42770281,252526145,1339962205,6041,31774,957943,108989490,1000,577,680143,216063094,26209472,1973790528,2027531650,952492191,1047507809,161593645,99966027306,46262062,365242,2755157,151395919,360533840,1339028,176,3,33,956,3572,630805945,653937064,87599647,16218869,50584242,654,83781131,99998825,1175,130038834,6800953,2486,99997514,113776870,6961640,18544105,53789306,90932022,9067978,99344019,655981,26177223,1000,1000,1000,1000,1000,1000,1000
111000,10470,62754,110000000,660000000,1000,6000,9997583234121,41947289,253705587,1339964154,5536,30330,956425,109989530,1000,6286,678542,218066210,26209207,1973790793,2028059898,952089882,1047910118,163194432,99966286766,46574128,388086,2846335,151731432,363294952,1339026,176,7,31,956,3584,636643808,659930960,87811800,16197100,51168627,657,83802900,99998790,1210,129532585,6889012,2575,99997425,113998943,6961660,18755722,54193236,90749629,9250371,99423983,576017,26187143,1000,1000,1000,1000,1000,1000,1000
112000,11010,62221,111000000,666000000,1000,6000,9997579651514,44907519,258654989,1339962867,5722,31431,957535,110988990,1000,5767,671948,220062910,26200789,1973799211,2028594866,951694986,1048305014,164796217,99966526242,46884742,428338,2950147,152069350,366071124,1338972,182,8,36,1004,3668,642489550,665932012,88029621,16179772,51756063,666,83820228,99998762,1238,129023335,6977522,2554,99997446,114227079,6961679,18960040,54594745,90562753,9437247,99496154,503846,26197458,1000,1000,1000,1000,1000,1000,1000
113000,10400,62742,112000000,672000000,1000,6000,9997578731220,45206081,260947483,1339962469,6128,31423,959430,111989600,1000,6978,668049,222060340,26194760,1973805240,2029128312,951300017,1048699983,166398665,99966822761,47190822,407150,2997842,152399436,368833904,1338951,184,3,42,1024,3700,648334777,671930280,88251048,16160454,52342167,669,83839546,99998773,1227,128515247,7065800,2435,99997565,114458765,6961692,19158012,54993626,90372103,9627897,99560397,439603,26207717,1000,1000,1000,1000,1000,1000,1000
114000,10430,63247,113000000,678000000,1000,6000,9997582176760,41141868,258879726,1339962294,5743,31983,959457,112989570,1000,6774,665572,224060226,26190405,1973809595,2029658983,950903783,1049096217,168002309,99967118021,47493604,383050,3050266,152721510,371591116,1338909,192,1,30,1080,3780,654183081,677929979,88475545,16142766,52928811,675,83857234,99998755,1245,128006601,7154362,2510,99997490,114693820,6961700,19353350,55392345,90179280,9820720,99617491,382509,26218275,1000,1000,1000,1000,1000,1000,1000
115000,10290,61966,114000000,684000000,1000,6000,9997579958701,42741473,262474606,1339962631,5611,31778,959780,113989710,1000,6828,661155,226059860,26185986,1973814014,2030187697,950511301,1049488699,169609446,99967432970,47794624,336563,3063950,153058219,374356772,1338900,192,3,25,1092,3804,660033798,683931206,88704536,16124558,53513664,678,83875442,99998666,1334,127500425,7243897,2539,99997461,114933666,6961715,19542983,55789259,89982854,10017146,99667766,332234,26229130,1000,1000,1000,1000,1000,1000,1000
116000,10300,63693,115000000,690000000,1000,6000,9997580610471,41477875,263210006,1339961856,5602,32562,958675,114989700,1000,5785,658781,228062050,26186474,1973813526,2030711511,950117621,1049882379,171217931,99967664388,48093748,370336,3157058,153394977,377127428,1338922,194,4,30,1064,3824,665883551,689930522,88937177,16109008,54099939,690,83890992,99998625,1375,126991632,7332695,2549,99997451,115177611,6961740,19729029,56185338,89784125,10215875,99711608,288392,26240434,1000,1000,1000,1000,1000,1000,1000
117000,10780,63584,116000000,696000000,1000,6000,9997578524238,42945445,266670827,1339961360,5735,32925,959171,115989220,1000,1096,654231,230060098,26180894,1973819106,2031241618,949727067,1050272933,172825408,99967936997,48390930,360678,3205270,153732110,379900536,1338906,196,2,52,1060,3844,671739757,695935320,89173151,16093763,54686703,696,83906237,99998639,1361,126482364,7421614,2647,99997353,115425002,6961757,19911010,56580459,89582402,10417598,99749869,250131,26251851,1000,1000,1000,1000,1000,1000,1000
118000,10210,62598,117000000,702000000,1000,6000,9997580119687,40732491,266453217,1339961509,5957,32554,960035,116989790,1000,6951,649585,232059510,26176347,1973823653,2031769029,949338467,1050661533,174436205,99968220100,48685964,337090,3232313,154074691,382674508,1338916,200,4,36,1064,3884,677587369,701930451,89412182,16078427,55272120,705,83921573,99998627,1373,125974824,7511337,2710,99997290,115675870,6961772,20088914,56973720,89378882,10621118,99782124,217876,26263688,1000,1000,1000,1000,1000,1000,1000
119000,10630,63365,118000000,708000000,1000,6000,9997580261405,39970088,267683552,1339962361,5662,31997,961206,117989370,1000,622,645264,234056328,26169263,1973830737,2032299877,948950226,1051049774,176044761,99968473042,48979722,341631,3280642,154423483,385453792,1338936,202,6,54,1024,3904,683446051,707936013,89654235,16062666,55857423,720,83937334,99998507,1493,125466701,7600617,2737,99997263,115930008,6961793,20263614,57366303,89173084,10826916,99809613,190387,26275773,1000,1000,1000,1000,1000,1000,1000
120000,10420,63900,119000000,714000000,1000,6000,9997575563104,44054112,273759399,1339960528,5168,34324,962157,118989580,1000,559,641405,236054846,26165184,1973834816,2032826777,948562871,1051437129,177655909,99968702482,49272188,368053,3343879,154778011,388239272,1338968,204,4,40,1008,3936,689299345,713935541,89899790,16047645,56442735,732,83952355,99998495,1505,124958889,7690321,2651,99997349,116187755,6961808,20433672,57757532,88964105,11035895,99832213,167787,26287965,1000,1000,1000,1000,1000,1000,1000
121000,10660,63431,120000000,720000000,1000,6000,9997577921071,41079935,272784037,1339962135,5239,32646,961758,119989340,1000,5794,638173,238055164,26163587,1973836413,2033352030,948177086,1051822914,179270422,99968956394,49562250,367280,3398575,155111652,391013388,1338949,210,4,35,1032,3996,695149545,719930775,90145988,16034842,57030534,741,83965158,99998503,1497,124448044,7779600,2559,99997441,116446269,6961828,20601143,58146569,88754855,11245145,99851523,148477,26300281,1000,1000,1000,1000,1000,1000,1000
122000,10770,64370,121000000,726000000,1000,6000,9997579550432,38836828,272540916,1339962102,5318,32600,960796,120989230,1000,647,636347,240056868,26162274,1973837726,2033875508,947792185,1052207815,180887208,99969238556,49853102,338000,3390369,155477214,393806436,1338960,212,3,41,1016,4016,701008326,725934983,90395186,16019456,57614850,750,83980544,99998525,1475,123941287,7869822,2676,99997324,116708121,6961845,20763997,58533313,88543619,11456381,99867737,132263,26312935,1000,1000,1000,1000,1000,1000,1000
123000,10760,63116,122000000,732000000,1000,6000,9997576405441,41367173,277062920,1339960713,5350,33957,961332,121989240,1000,5861,630402,242055816,26158932,1973841068,2034401134,947411034,1052588966,182504986,99969468760,50142154,358724,3446951,155828601,396592460,1338969,216,10,33,1008,4056,706859838,731931023,90645502,16005569,58200915,762,83994431,99998518,1482,123432883,7960199,2569,99997431,116971141,6961864,20926204,58920428,88331415,11668585,99881157,118843,26325639,1000,1000,1000,1000,1000,1000,1000
124000,10410,63035,123000000,738000000,1000,6000,9997578135341,39020837,276712245,1339962488,5147,32385,962651,122989590,1000,6254,626642,244053878,26156883,1973843117,2034925674,947029741,1052970259,184121745,99969705252,50431104,372234,3482049,156191893,399386304,1338996,218,5,39,980,4076,712715050,737930711,90897354,15990756,58785972,774,84009244,99998475,1525,122925162,8050523,2769,99997231,117235969,6961874,21085367,59305491,88118491,11881509,99892095,107905,26338615,1000,1000,1000,1000,1000,1000,1000
125000,10800,63218,124000000,744000000,1000,6000,9997579172713,37372389,277059450,1339959921,5233,34866,962159,123989200,1000,602,624503,246054082,26155439,1973844561,2035448695,946647800,1053352200,185739991,99969945365,50719042,380705,3520164,156546593,402177900,1339040,218,6,42,932,4076,718576550,743936180,91150427,15978307,59372562,786,84021693,99998434,1566,122415993,8141059,2568,99997432,117502145,6961891,21242597,59689588,87904727,12095273,99900938,99062,26351718,1000,1000,1000,1000,1000,1000,1000
126000,10730,63826,125000000,750000000,1000,6000,9997578443127,37484016,279167923,1339961416,5009,33595,962448,124989270,1000,1146,620755,248053644,26151394,1973848606,2035974216,946268734,1053731266,187360472,99970240681,51007172,333997,3490759,156912098,404977440,1339040,220,5,47,928,4096,724431332,749935028,91404910,15964592,59958279,792,84035408,99998464,1536,121908262,8232226,2587,99997413,117769803,6961906,21397293,60072417,87689769,12310231,99908203,91797,26364893,1000,1000,1000,1000,1000,1000,1000
127000,10540,62858,126000000,756000000,1000,6000,9997576894184,38421670,282105469,1339960823,5485,33712,961372,125989460,1000,6759,617784,250056176,26151111,1973848889,2036494606,945890780,1054109220,188985022,99970513940,51294818,308149,3482884,157275082,407777452,1339042,224,0,46,932,4136,730282862,755930383,91660018,15953327,60544782,801,84046673,99998396,1604,121399352,8323242,2575,99997425,118038325,6961934,21549966,60453370,87474903,12525097,99913901,86099,26378307,1000,1000,1000,1000,1000,1000,1000
128000,10400,64419,127000000,762000000,1000,6000,9997576171179,38529318,284208274,1339960920,5618,33482,961531,126989600,1000,606,612628,252056138,26147375,1973852625,2037018096,945516252,1054483748,190610444,99970754562,51582644,314635,3502421,157641729,410584136,1339037,224,7,44,932,4136,736143541,761934975,91916359,15942535,61131882,801,84057465,99998323,1677,120890317,8414879,2582,99997418,118308238,6961946,21700465,60833066,87259278,12740722,99918223,81777,26391879,1000,1000,1000,1000,1000,1000,1000
129000,10220,63413,128000000,768000000,1000,6000,9997574155951,39927369,287597969,1339959994,5335,34691,963170,127989780,1000,6013,608699,254053220,26140613,1973859387,2037545095,945143535,1054856465,192234792,99970974158,51870334,342260,3538225,158010238,413391196,1339017,228,6,49,948,4176,741995293,767930574,92173125,15931286,61718673,807,84068714,99998403,1597,120381409,8506266,2535,99997465,118578502,6961963,21847358,61209729,87043006,12956994,99922185,77815,26405377,1000,1000,1000,1000,1000,1000,1000
130000,10610,63281,129000000,774000000,1000,6000,9997574645742,38826605,288498561,1339961050,4972,33998,961564,128989390,1000,6375,607312,256055652,26141768,1973858232,2038063979,944768021,1055231979,193861691,99971223395,52157612,338290,3543479,158377798,416197232,1338975,234,8,41,996,4236,747851421,773930344,92429587,15920551,62305443,810,84079449,99998311,1689,119872013,8597662,2633,99997367,118848983,6961982,21995854,61586649,86828601,13171399,99924852,75148,26419396,1000,1000,1000,1000,1000,1000,1000
131000,10650,63305,130000000,780000000,1000,6000,9997574173864,38686624,290354055,1339959170,5391,35459,960974,129989350,1000,6963,602740,258056752,26138730,1973861270,2038585186,944397221,1055602779,195491980,99971512405,52445944,295250,3497010,158756581,419015952,1338976,238,1,43,1000,4276,753706641,779929732,92687622,15911339,62892399,819,84088661,99998292,1708,119363037,8689775,2649,99997351,119121142,6961993,22141450,61962032,86612938,13387062,99926878,73122,26433520,1000,1000,1000,1000,1000,1000,1000
132000,11050,63106,131000000,786000000,1000,6000,9997569590322,42653997,296316324,1339960654,5519,33847,962126,130988950,1000,5752,599010,260053648,26135089,1973864911,2039107501,944027018,1055972982,197118663,99971741322,52733042,311397,3523393,159120387,421823748,1339024,238,2,42,952,4276,759564502,785931142,92944968,15902340,63480336,831,84097660,99998265,1735,118853335,8782017,2600,99997400,119392483,6962003,22286037,62335975,86397577,13602423,99928679,71321,26447515,1000,1000,1000,1000,1000,1000,1000
133000,10460,63763,132000000,792000000,1000,6000,9997574147178,37487116,293146610,1339959714,5231,35075,962208,131989540,1000,593,596691,262054664,26135972,1973864028,2039626184,943656234,1056343766,198748881,99971963646,53020668,334024,3540915,159498697,424638360,1339034,242,5,37,944,4316,765425189,791935644,93203022,15890434,64066269,843,84109566,99998328,1672,118345738,8874587,2528,99997472,119664759,6962017,22429544,62709092,86182189,13817811,99929869,70131,26461737,1000,1000,1000,1000,1000,1000,1000
134000,10370,62391,133000000,798000000,1000,6000,9997569419519,41600274,299251539,1339958783,5654,35583,964277,132989630,1000,1123,592519,264050706,26131843,1973868157,2040148853,943288404,1056711596,200377079,99972240717,53308400,301903,3503255,159876209,427453888,1338985,246,6,45,984,4356,771282163,797936486,93461022,15880154,64652688,843,84119846,99998231,1769,117837381,8966927,2524,99997476,119937037,6962031,22572116,63081108,85967023,14032977,99931039,68961,26476015,1000,1000,1000,1000,1000,1000,1000
135000,10460,62920,134000000,804000000,1000,6000,9997574885296,35516024,295158069,1339959326,5267,35427,965910,133989540,1000,1104,586990,266047260,26124035,1973875965,2040674736,942924165,1057075835,202009380,99972453923,53594602,332451,3545396,160234439,430255412,1338940,252,4,44,1032,4416,777138549,803935976,93718015,15871614,65240403,846,84128386,99998315,1685,117327930,9059361,2434,99997566,120208197,6962045,22713239,63450890,85752531,14247469,99931996,68004,26490182,1000,1000,1000,1000,1000,1000,1000
136000,10600,63208,135000000,810000000,1000,6000,9997572215337,37578718,299220931,1339960009,4700,35311,964944,134989400,1000,636,585973,268048912,26127592,1973872408,2041189459,942555879,1057444121,203642730,99972710735,53880886,318917,3538092,160597301,433058788,1338907,256,6,47,1060,4456,782995585,809936156,93974876,15862156,65827425,849,84137844,99998191,1809,116818984,9151787,2632,99997368,120479405,6962061,22854391,63820209,85538711,14461289,99932515,67485,26504529,1000,1000,1000,1000,1000,1000,1000
137000,10470,62764,136000000,816000000,1000,6000,9997568713234,40469326,304104683,1339958621,4755,36644,965658,135989530,1000,662,581582,270047744,26124583,1973875417,2041709682,942191198,1057808802,205276862,99972931252,54167150,340928,3570488,160956160,435862876,1338911,256,4,45,1060,4456,788852871,815936574,94232058,15855193,66415581,849,84144807,99998313,1687,116308855,9244392,2479,99997521,120751165,6962080,22995456,64189300,85325263,14674737,99932575,67425,26519107,1000,1000,1000,1000,1000,1000,1000
138000,10440,64026,137000000,822000000,1000,6000,9997569564193,39007623,304642255,1339958945,4802,36273,965258,136989560,1000,6268,579600,272048604,26124802,1973875198,2042227156,941826150,1058173850,206912653,99973163360,54453822,351773,3578043,161326397,438671424,1338918,256,6,48,1048,4468,794702667,821929706,94489484,15845480,67001934,855,84154520,99998263,1737,115800825,9337291,2594,99997406,121023161,6962101,23134221,64556351,85111547,14888453,99932545,67455,26533677,1000,1000,1000,1000,1000,1000,1000
139000,10620,64238,138000000,828000000,1000,6000,9997573602578,34356415,301988409,1339958363,5102,36555,964885,137989380,1000,559,576577,274048990,26121341,1973878659,2042747081,941463560,1058536440,208550430,99973424639,54741050,333063,3551507,161699885,441484080,1338969,256,10,41,1000,4468,800564550,827935203,94746890,15837231,67588431,867,84162769,99998281,1719,115292628,9430471,2623,99997377,121295435,6962120,23272183,64921983,84898745,15101255,99932583,67417,26548545,1000,1000,1000,1000,1000,1000,1000
140000,10920,62895,139000000,834000000,1000,6000,9997571912855,35438179,305066581,1339956736,5020,38264,964361,138989080,1000,624,574346,276049438,26122377,1973877623,2043262637,941101299,1058898701,210188599,99973682727,55027630,317038,3528790,162071085,444290916,1338892,264,2,46,1080,4560,806422534,833936481,95003943,15826715,68173812,870,84173285,99998215,1785,114786486,9524583,2532,99997468,121567358,6962138,23409380,65286493,84686302,15313698,99932451,67549,26563415,1000,1000,1000,1000,1000,1000,1000
141000,10160,61582,140000000,840000000,1000,6000,9997570829527,35905436,307530410,1339959384,5350,35286,966011,139989840,1000,6854,569403,278047658,26119018,1973880982,2043781678,940743144,1059256856,211828651,99973890584,55314566,351321,3555019,162442233,447100820,1338882,266,2,36,1100,4580,812274148,839931564,95261061,15818174,68759988,870,84181826,99998296,1704,114279426,9618635,2539,99997461,121839412,6962151,23545245,65649604,84473992,15526008,99932379,67621,26578351,1000,1000,1000,1000,1000,1000,1000
142000,11050,62561,141000000,846000000,1000,6000,9997571043163,35083597,308708041,1339959528,4809,35683,964351,140988950,1000,1103,568294,280049198,26119601,1973880399,2044295947,940382456,1059617544,213469480,99974164522,55601364,319571,3512136,162815214,449908816,1338903,270,3,34,1080,4620,818135519,845936336,95517985,15808910,69345159,885,84191090,99998165,1835,113773707,9712966,2534,99997466,122111200,6962174,23679869,66011424,84261660,15738340,99932511,67489,26593215,1000,1000,1000,1000,1000,1000,1000
143000,10900,62109,142000000,852000000,1000,6000,9997569398111,36121538,311741542,1339958459,4684,36877,964307,141989100,1000,6893,564797,282049586,26120926,1973879074,2044810393,940025618,1059974382,215113018,99974382704,55886778,341411,3539236,163170399,452703188,1338895,274,5,36,1084,4660,823987472,851930998,95773417,15800753,69931491,894,84199247,99998163,1837,113266091,9806825,2432,99997568,122381766,6962186,23815052,66371771,84051630,15948370,99932319,67681,26608349,1000,1000,1000,1000,1000,1000,1000
144000,10460,62102,143000000,858000000,1000,6000,9997570208188,34699197,312315144,1339958433,4371,37216,965138,142989540,1000,6263,562196,284048804,26118033,1973881967,2045328498,939669480,1060330520,216756076,99974658028,56171500,305666,3515744,163516849,455491456,1338894,274,5,49,1072,4660,829845748,857931635,96028274,15792960,70518321,897,84207040,99998199,1801,112758708,9901323,2489,99997511,122651671,6962208,23949052,66730532,83841917,16158083,99932009,67991,26623397,1000,1000,1000,1000,1000,1000,1000
145000,10850,63285,144000000,864000000,1000,6000,9997569968435,34325947,313938677,1339957515,5018,37487,964471,143989150,1000,1128,558068,286049358,26114453,1973885547,2045846940,939315824,1060684176,218402955,99974851222,56458148,352774,3562972,163874565,458298392,1338906,276,3,31,1080,4680,835706375,863935587,96284598,15787245,71106918,900,84212755,99998132,1868,112249494,9996155,2464,99997536,122923441,6962227,24081423,67088335,83631931,16368069,99931449,68551,26638843,1000,1000,1000,1000,1000,1000,1000
146000,10770,63057,145000000,870000000,1000,6000,9997566318625,37365973,318976288,1339957695,5382,36943,964905,144989230,1000,642,555473,288048650,26114848,1973885152,2046361239,938961557,1061038443,220047960,99975119253,56743954,324761,3527523,164238964,461096028,1338900,278,1,31,1088,4700,841564185,869936301,96540105,15777496,71691492,903,84222504,99998175,1825,111744592,10091096,2373,99997627,123194214,6962247,24213330,67445217,83422222,16577778,99931289,68711,26654109,1000,1000,1000,1000,1000,1000,1000
147000,10640,62866,146000000,876000000,1000,6000,9997568592086,34480355,318085109,1339958101,5103,36816,966126,145989360,1000,608,552261,290046468,26112013,1973887987,2046878364,938608680,1061391320,221692886,99975347415,57030164,336863,3536743,164597915,463897768,1338819,284,2,51,1148,4760,847421302,875936526,96795916,15770625,72278463,903,84229375,99998184,1816,111237182,10186001,2329,99997671,123465369,6962262,24344311,67801321,83212443,16787557,99931035,68965,26669453,1000,1000,1000,1000,1000,1000,1000
148000,10420,63418,147000000,882000000,1000,6000,9997570403405,32060307,317661232,1339956522,5072,38426,966617,146989580,1000,6437,550633,292045926,26110833,1973889167,2047393580,938255377,1061744623,223339023,99975607650,57316636,316721,3515006,164954456,466702020,1338806,286,1,45,1168,4792,853271684,881930145,97051805,15765044,72866610,906,84234956,99998147,1853,110728690,10281124,2317,99997683,123736723,6962280,24474301,68156270,83002949,16997051,99930684,69316,26684918,1000,1000,1000,1000,1000,1000,1000
149000,10600,63532,148000000,888000000,1000,6000,9997567658876,34195036,321792646,1339956632,5101,38287,966930,147989400,1000,522,548151,294044940,26109879,1973890121,2047908136,937904336,1062095664,224986981,99975822486,57602746,342227,3536397,165311967,469501968,1338804,288,5,47,1164,4812,859134429,887935946,97307210,15758439,73453443,912,84241561,99998154,1846,110221700,10376229,2465,99997535,124007384,6962295,24602946,68509808,82793312,17206688,99930716,69284,26700174,1000,1000,1000,1000,1000,1000,1000
150000,10620,62945,149000000,894000000,1000,6000,9997564294195,36953686,326548324,1339957314,4369,38337,966154,148989380,1000,6305,544458,296046452,26112552,1973887448,2048418767,937556103,1062443897,226640251,99976061000,57888412,342765,3527662,165673097,472297936,1338782,292,4,42,1192,4864,864986398,893930750,97562100,15750040,74038290,918,84249960,99998109,1891,109716750,10471679,2519,99997481,124277821,6962304,24731085,68861743,82585063,17414937,99930339,69661,26715721,1000,1000,1000,1000,1000,1000,1000
151000,10900,62132,150000000,900000000,1000,6000,9997563182748,37455387,329045213,1339955976,4391,39653,966297,149989100,1000,1109,541804,298045606,26109401,1973890599,2048934522,937207758,1062792242,228291042,99976303813,58174340,338860,3518939,166029130,475096128,1338807,294,3,34,1176,4884,870849442,899936759,97817249,15744567,74625003,927,84255433,99998159,1841,109209669,10566986,2344,99997656,124548636,6962322,24858285,69212760,82376912,17623088,99929945,70055,26731387,1000,1000,1000,1000,1000,1000,1000
152000,10710,62505,151000000,906000000,1000,6000,9997567874017,32148513,325735659,1339956696,4958,38366,967769,150989290,1000,1137,539851,300043042,26103443,1973896557,2049452876,936860277,1063139723,229940980,99976541512,58458258,338515,3524002,166373170,477874980,1338802,296,5,41,1172,4904,876707081,905936358,98070545,15736449,75209715,933,84263551,99998160,1840,108705392,10662950,2346,99997654,124817455,6962339,24985486,69562211,82170185,17829815,99929504,70496,26746910,1000,1000,1000,1000,1000,1000,1000
153000,10570,64441,152000000,912000000,1000,6000,9997565642438,33772397,329357226,1339956466,4884,38670,967516,151989430,1000,590,537137,302043828,26103800,1973896200,2049964600,936513891,1063486109,231595369,99976766013,58743240,352394,3541591,166718611,480662528,1338800,298,3,49,1168,4924,882563200,911934969,98324460,15730106,75796173,939,84269894,99998173,1827,108199667,10759225,2300,99997700,125086906,6962350,25111754,69911322,81962878,18037122,99929536,70464,26762446,1000,1000,1000,1000,1000,1000,1000
154000,10620,63766,153000000,918000000,1000,6000,9997564942306,33860852,331438982,1339955730,4495,39795,968730,152989380,1000,6500,534502,304041300,26098553,1973901447,2050481085,936168614,1063831386,233247542,99977027026,59028660,329355,3517021,167068034,483455576,1338802,300,7,47,1164,4944,888415254,917929734,98578706,15725144,76383000,945,84274856,99998119,1881,107693337,10855542,2352,99997648,125356966,6962372,25237070,70259256,81756074,18243926,99929010,70990,26778260,1000,1000,1000,1000,1000,1000,1000
155000,10550,63780,154000000,924000000,1000,6000,9997564677411,33517036,333093592,1339955582,4696,39742,968107,153989450,1000,6956,531303,306042686,26097781,1973902219,2050993754,935825310,1064174690,234905609,99977309202,59314276,285769,3467998,167419977,486248872,1338782,306,4,34,1200,5004,894271973,923929264,98832926,15719314,76969341,951,84280686,99998143,1857,107187294,10951531,2338,99997662,125626871,6962387,25360738,70605774,81548909,18451091,99929041,70959,26793945,1000,1000,1000,1000,1000,1000,1000
156000,11360,62171,155000000,930000000,1000,6000,9997562353260,35230152,336805839,1339956197,4989,38834,967319,154988640,1000,6200,529289,308042642,26095978,1973904022,2051507800,935481803,1064518197,236562046,99977497661,59599792,334994,3499767,167782948,489041960,1338778,308,4,42,1196,5024,900131579,929931629,99086954,15710323,77552850,957,84289677,99998015,1985,106683914,11047612,2352,99997648,125896845,6962399,25484135,70951307,81342719,18657281,99928613,71387,26809891,1000,1000,1000,1000,1000,1000,1000
157000,10570,62112,156000000,936000000,1000,6000,9997562601944,34372793,337942667,1339955384,4252,40384,968367,155989430,1000,596,526295,310042126,26094235,1973905765,2052021494,935140486,1064859514,238220197,99977745393,59884714,324638,3486231,168130561,491829260,1338784,310,2,30,1204,5044,905994780,935937292,99340638,15703513,78138639,960,84296487,99998047,1953,106178805,11144143,2248,99997752,126166377,6962415,25606474,71295634,81136579,18863421,99928245,71755,26825739,1000,1000,1000,1000,1000,1000,1000
158000,10320,65159,157000000,942000000,1000,6000,9997559227208,37140675,342709856,1339954220,5048,40752,967692,156989680,1000,604,523339,312043976,26094006,1973905994,2052532164,934799380,1065200620,239880926,99977999210,60168686,307693,3467357,168476513,494606652,1338773,310,7,36,1204,5044,911849739,941934237,99593258,15696014,78722361,960,84303986,99998117,1883,105675933,11240695,2301,99997699,126434699,6962430,25729335,71639711,80931065,19068935,99928125,71875,26841441,1000,1000,1000,1000,1000,1000,1000
159000,10560,62343,158000000,948000000,1000,6000,9997562772820,32985691,340552759,1339954761,5062,40197,968297,157989440,1000,6818,522366,314042286,26093231,1973906769,2053043749,934458455,1065541545,241538292,99978212211,60451886,330399,3495719,168812869,497376772,1338770,312,3,59,1188,5064,917704740,947930839,99845243,15687943,79306494,969,84312057,99998112,1888,105173189,11337927,2195,99997805,126702518,6962449,25850935,71981628,80726582,19273418,99927761,72239,26857275,1000,1000,1000,1000,1000,1000,1000
160000,10620,63184,159000000,954000000,1000,6000,9997562324809,32823016,342384493,1339954423,4933,40664,968941,158989380,1000,641,518791,316040878,26089606,1973910394,2053557792,934120547,1065879453,243198964,99978435877,60735806,342900,3509092,169153399,500152852,1338751,316,4,49,1216,5104,923568114,953936175,100097374,15680909,79891104,972,84319091,99998068,1932,104669761,11435037,2271,99997729,126970574,6962461,25972149,72323123,80522226,19477774,99927616,72384,26873200,1000,1000,1000,1000,1000,1000,1000
161000,10240,61476,160000000,960000000,1000,6000,9997559832831,34705060,346262789,1339954675,4045,41300,969524,159989760,1000,1147,516989,318040472,26086699,1973913301,2054070661,933782743,1066217257,244860738,99978706723,61020534,308218,3464763,169502674,502937284,1338746,318,2,48,1224,5124,929426951,959937377,100350200,15673817,80475468,975,84326183,99998081,1919,104166904,11532738,2256,99997744,127239591,6962477,26091327,72662745,80317973,19682027,99927137,72863,26889391,1000,1000,1000,1000,1000,1000,1000
162000,11140,63815,161000000,966000000,1000,6000,9997557881441,36047017,349604054,1339954413,4619,40988,968202,160988860,1000,595,514579,320041316,26084842,1973915158,2054582205,933446190,1066553810,246525017,99978879634,61304900,371279,3530461,169839021,505717904,1338772,318,4,32,1212,5124,935282981,965935590,100602651,15669380,81062142,978,84330620,99998109,1891,103661682,11630315,2277,99997723,127508164,6962489,26210095,73001720,80113888,19886112,99926775,73225,26905513,1000,1000,1000,1000,1000,1000,1000
163000,10420,63401,162000000,972000000,1000,6000,9997557704393,35614221,351168135,1339956061,4085,39874,969578,161989580,1000,6295,512208,322040004,26083358,1973916642,2055093702,933110846,1066889154,248188341,99979124549,61589346,362368,3507036,170191332,508499204,1338787,320,7,54,1172,5144,941135471,971930304,100855188,15661238,81645081,993,84338762,99998117,1883,103159819,11727548,2236,99997764,127776843,6962509,26327577,73339455,79909777,20090223,99926423,73577,26921655,1000,1000,1000,1000,1000,1000,1000
164000,10150,63225,163000000,978000000,1000,6000,9997556672529,36038220,353587978,1339954895,4449,40676,969485,162989850,1000,5846,507776,324040730,26082430,1973917570,2055604496,932777954,1067222046,249856163,99979358075,61872792,363371,3505053,170531691,511269480,1338820,320,3,37,1160,5144,946994373,977930929,101106292,15652745,82228092,996,84347255,99998053,1947,102658382,11825421,2224,99997776,128044243,6962521,26446401,73676791,79707561,20292439,99926173,73827,26937951,1000,1000,1000,1000,1000,1000,1000
165000,10450,63064,164000000,984000000,1000,6000,9997559312169,32791127,352337472,1339954404,4715,40901,969327,163989550,1000,5891,504622,326040446,26082850,1973917150,2056114387,932445261,1067554739,251523170,99979651390,62156388,305365,3435418,170879128,514040868,1338782,322,6,52,1180,5176,952852690,983931045,101357603,15642305,82809633,999,84357695,99998059,1941,102158517,11923208,2247,99997753,128311662,6962537,26563169,74012654,79504574,20495426,99926205,73795,26954059,1000,1000,1000,1000,1000,1000,1000
166000,10610,61989,165000000,990000000,1000,6000,9997561069705,30426662,351971288,1339954661,4311,41048,969087,164989390,1000,6389,503307,328040606,26082950,1973917050,2056623126,932111435,1067888565,253189491,99979854182,62438584,336139,3474804,171205767,516798812,1338826,324,3,39,1152,5196,958712168,989931622,101607646,15634600,83392875,1011,84365400,99998079,1921,101657403,12021545,2188,99997812,128577902,6962550,26680674,74347808,79303122,20696878,99926012,73988,26970256,1000,1000,1000,1000,1000,1000,1000
167000,10770,63798,166000000,996000000,1000,6000,9997558705442,32181091,355725130,1339955273,4225,40522,968962,165989230,1000,6181,502368,330040536,26080174,1973919826,2057133908,931778477,1068221523,254856445,99980084148,62721920,340443,3472069,171546641,519568144,1338865,324,4,35,1116,5208,964568899,995930021,101858497,15626850,83975358,1023,84373150,99998024,1976,101157092,12120071,2309,99997691,128845095,6962568,26796422,74681723,79101297,20898703,99925674,74326,26986598,1000,1000,1000,1000,1000,1000,1000
168000,10940,62817,167000000,1002000000,1000,6000,9997561860946,28418425,353954459,1339953334,4471,42215,969980,166989060,1000,6782,498200,332038160,26077814,1973922186,2057644208,931449318,1068550682,256524896,99980338056,63005048,320526,3447014,171885066,522334024,1338846,328,3,39,1132,5248,970427713,1001930401,102108845,15619017,84557583,1029,84380983,99998068,1932,100657029,12218626,2342,99997658,129111830,6962582,26912189,75015064,78900110,21099890,99925637,74363,27002985,1000,1000,1000,1000,1000,1000,1000
169000,10650,63522,168000000,1008000000,1000,6000,9997556544881,33122911,360657068,1339954490,4260,41270,970520,167989350,1000,1163,496102,334037660,26073033,1973926967,2058156062,931119239,1068880761,258194304,99980530626,63287288,361071,3493940,172211078,525091184,1338870,330,8,50,1092,5268,976291506,1007935315,102358567,15612626,85140675,1044,84387374,99998057,1943,100156336,12317406,2173,99997827,129377918,6962595,27027389,75347254,78699486,21300514,99925581,74419,27019351,1000,1000,1000,1000,1000,1000,1000
170000,10940,63107,169000000,1014000000,1000,6000,9997556360070,32697041,362227807,1339955968,4479,39573,971534,168989060,1000,1087,493415,336035052,26069526,1973930474,2058665912,930792149,1069207851,259864594,99980755558,63570204,370457,3481189,172562904,527855876,1338860,332,6,42,1112,5300,982150538,1013935806,102609069,15601768,85719108,1047,84398232,99998036,1964,99660830,12416540,2259,99997741,129644624,6962607,27139084,75677043,78497596,21502404,99925491,74509,27035555,1000,1000,1000,1000,1000,1000,1000
171000,10280,64060,170000000,1020000000,1000,6000,9997555347346,33108961,364637596,1339954082,3946,41992,971422,169989720,1000,5881,492704,338036596,26072199,1973927801,2059169749,930463526,1069536474,261537503,99981009394,63851748,349048,3456777,172895338,530607260,1338875,334,9,28,1108,5320,988004018,1019930059,102858286,15592186,86298999,1053,84407814,99998086,1914,99163952,12515926,2195,99997805,129910208,6962619,27251947,76006389,78297480,21702520,99925138,74862,27051922,1000,1000,1000,1000,1000,1000,1000
172000,10320,63385,171000000,1026000000,1000,6000,9997559483013,28370271,361898832,1339951873,4711,43436,970433,170989680,1000,600,491420,340038494,26074275,1973925725,2059675042,930135903,1069864097,263211769,99981245450,64133242,345345,3459293,173218092,533357416,1338840,338,1,31,1148,5360,993869225,1025936015,103107291,15584029,86881056,1053,84415971,99998019,1981,98664673,12615100,2087,99997913,130175609,6962628,27364650,76335305,78097663,21902337,99924938,75062,27068318,1000,1000,1000,1000,1000,1000,1000
173000,10530,63186,172000000,1032000000,1000,6000,9997557556431,29691087,365216360,1339952654,4761,42605,970500,171989470,1000,5827,487820,342037940,26075901,1973924099,2060180459,929812341,1070187659,264887638,99981469569,64415668,354310,3451937,173561514,536116992,1338773,342,7,52,1188,5412,999722982,1031930987,103357048,15573101,87460215,1056,84426899,99998021,1979,98168560,12714618,2108,99997892,130441835,6962643,27475008,76662482,77897313,22102687,99924637,75363,27084787,1000,1000,1000,1000,1000,1000,1000
174000,10650,63526,173000000,1038000000,1000,6000,9997556479431,30163960,367686311,1339952593,4125,43302,970035,172989350,1000,1088,485557,344038630,26077612,1973922388,2060685390,929487542,1070512458,266563513,99981735887,64696764,319127,3422561,173882809,538861968,1338811,344,6,31,1172,5432,1005586832,1037935386,103604980,15564168,88041162,1065,84435832,99998025,1975,97670855,12814511,2120,99997880,130706409,6962659,27587438,76989560,77699307,22300693,99924491,75509,27101429,1000,1000,1000,1000,1000,1000,1000
175000,10600,62273,174000000,1044000000,1000,6000,9997552065315,33967187,373486985,1339953668,4431,41921,971419,173989400,1000,585,483997,346035962,26074745,1973925255,2061194959,929164320,1070835680,268237611,99981978368,64977932,308619,3413767,174205878,541607804,1338792,346,4,44,1180,5464,1011448003,1043937142,103853286,15554611,88621869,1071,84445389,99997990,2010,97173675,12914450,2108,99997892,130971121,6962671,27696738,77314354,77500219,22499781,99924543,75457,27117835,1000,1000,1000,1000,1000,1000,1000
176000,10450,62405,175000000,1050000000,1000,6000,9997554093512,31330030,372847038,1339953705,4787,41528,972527,174989550,1000,1102,482393,348034046,26072008,1973927992,2061703551,928842020,1071157980,269913376,99982186085,65258980,332322,3430808,174536499,544353524,1338794,350,5,25,1196,5504,1017306828,1049936493,104101618,15544067,89200650,1077,84455933,99997946,2054,96678320,13014425,2076,99997924,131235996,6962690,27805415,77638277,77301516,22698484,99924190,75810,27134378,1000,1000,1000,1000,1000,1000,1000
177000,11150,62776,176000000,1056000000,1000,6000,9997556889948,27930066,371442259,1339952905,4326,42789,971688,175988850,1000,6441,479036,350034324,26072003,1973927997,2062207988,928521812,1071478188,271593432,99982423766,65539532,325437,3420547,174863387,547093476,1338785,350,3,48,1184,5504,1023160842,1055930783,104349121,15534113,89778828,1080,84465887,99998006,1994,96183902,13114777,2130,99997870,131500088,6962704,27914669,77961856,77103780,22896220,99923993,76007,27150967,1000,1000,1000,1000,1000,1000,1000
178000,10480,63396,177000000,1062000000,1000,6000,9997553319038,30892489,376402166,1339953894,4626,41500,973027,176989520,1000,6360,476286,352032986,26069974,1973930026,2062715139,928202058,1071797942,273272323,99982683424,65820672,297387,3383472,175194984,549838732,1338827,352,7,42,1144,5524,1029019732,1061930244,104597215,15523890,90357231,1095,84476110,99998038,1962,95689035,13214824,2129,99997871,131764678,6962721,28022088,78284377,76905174,23094826,99924033,75967,27167463,1000,1000,1000,1000,1000,1000,1000
179000,10660,64059,178000000,1068000000,1000,6000,9997554765614,28840695,376347722,1339952520,4232,43268,972011,177989340,1000,618,474140,354034658,26068438,1973931562,2063221557,927882596,1072117404,274954519,99982850676,66101848,361466,3430748,175533552,552584964,1338808,354,7,41,1164,5544,1034884222,1067935323,104845537,15511833,90934005,1095,84488167,99998035,1965,95196207,13315392,1967,99998033,132029622,6962735,28128632,78605999,76706718,23293282,99923793,76207,27184085,1000,1000,1000,1000,1000,1000,1000
180000,10210,63084,179000000,1074000000,1000,6000,9997551426900,31574807,381077555,1339952146,4012,43862,973326,178989790,1000,6355,472419,356032928,26069261,1973930739,2063726106,927563844,1072436156,276634023,99983081169,66381126,360927,3443019,175841169,555312648,1338810,356,5,33,1172,5564,1040739820,1073930561,105092029,15502081,91513860,1098,84497919,99998002,1998,94700554,13416039,2025,99997975,132292556,6962749,28235511,78926486,76509552,23490448,99923625,76375,27200527,1000,1000,1000,1000,1000,1000,1000
181000,10680,63492,180000000,1080000000,1000,6000,9997551670406,30727203,382230695,1339951706,4055,44259,971894,179989320,1000,5757,471606,358034852,26068758,1973931242,2064229534,927243975,1072756025,278316065,99983316412,66660856,355756,3434934,176164766,558045212,1338807,358,3,42,1168,5584,1046600144,1079930751,105339004,15491645,92090835,1104,84508355,99998022,1978,94208085,13517106,2030,99997970,132556086,6962762,28342341,79247181,76312242,23687758,99923254,76746,27217082,1000,1000,1000,1000,1000,1000,1000
182000,10830,62127,181000000,1086000000,1000,6000,9997548977541,32813068,386314233,1339951572,4329,44119,971383,180989170,1000,561,468155,360035574,26066239,1973933761,2064735000,926928528,1073071472,280001328,99983573182,66939994,328844,3410451,176481260,560770736,1338865,358,1,34,1120,5608,1052467136,1085937312,105585223,15480661,92667744,1122,84519339,99998044,1956,93716144,13618500,2071,99997929,132818713,6962774,28447848,79566091,76115247,23884753,99923304,76696,27233490,1000,1000,1000,1000,1000,1000,1000
183000,10710,64288,182000000,1092000000,1000,6000,9997547248401,33935054,389434459,1339951661,4111,44248,971572,181989290,1000,5964,466891,362035436,26063894,1973936106,2065240882,926611570,1073388430,281684221,99983825399,67220726,307322,3376670,176811787,563513372,1338899,358,9,28,1084,5620,1058319206,1091929748,105833096,15470072,93245421,1134,84529928,99998039,1961,93223191,13719901,2086,99997914,133083251,6962785,28551538,79884324,75917369,24082631,99922807,77193,27250155,1000,1000,1000,1000,1000,1000,1000
184000,10120,63274,183000000,1098000000,1000,6000,9997547205538,33370840,390864991,1339950287,4309,45424,972837,182989880,1000,6892,463984,364034086,26060221,1973939779,2065747274,926296486,1073703514,283367768,99984001032,67500280,361122,3418378,177141930,566243688,1338888,360,1,39,1092,5640,1064179514,1097929834,106079681,15456769,93819999,1137,84543231,99998021,1979,92733757,13821762,2018,99997982,133346550,6962804,28656391,80202334,75720926,24279074,99922399,77601,27266869,1000,1000,1000,1000,1000,1000,1000
185000,10730,63258,184000000,1104000000,1000,6000,9997549941912,30029618,389524298,1339951160,4400,44460,972065,183989270,1000,1094,463141,366034410,26060206,1973939794,2066249900,925981731,1074018269,285053330,99984248847,67779074,342370,3403593,177453496,568964580,1338892,362,8,56,1064,5660,1070045930,1103935648,106325044,15446454,94397016,1149,84553546,99997972,2028,92241412,13923020,2108,99997892,133608487,6962811,28759781,80517939,75525285,24474715,99922587,77413,27283443,1000,1000,1000,1000,1000,1000,1000
186000,10840,62252,185000000,1110000000,1000,6000,9997546391520,32973120,394464795,1339951117,4289,44614,972154,184989160,1000,7021,460817,368034012,26057567,1973942433,2066755493,925669455,1074330545,286740638,99984469579,68058784,351274,3392978,177787641,571695896,1338883,366,4,53,1080,5700,1075901152,1109930727,106571622,15432670,94970946,1155,84567330,99997960,2040,91752230,14024471,2083,99997917,133871762,6962829,28861215,80832557,75328798,24671202,99922336,77664,27300140,1000,1000,1000,1000,1000,1000,1000
187000,10570,62413,186000000,1116000000,1000,6000,9997551286731,27472679,390960036,1339952676,3533,43811,972851,185989430,1000,680,457323,370033158,26056744,1973943256,2067258169,925358941,1074641059,288429253,99984702784,68336074,345511,3385262,178103610,574403132,1338908,370,7,21,1084,5740,1081768685,1115936907,106815835,15418118,95543325,1164,84581882,99998016,1984,91264985,14126222,2123,99997877,134132583,6962846,28964243,81146582,75134409,24865591,99922144,77856,27316748,1000,1000,1000,1000,1000,1000,1000
188000,10680,63206,187000000,1122000000,1000,6000,9997552525685,25628650,391115352,1339952145,3942,43933,973076,186989320,1000,6995,457072,372032488,26055011,1973944989,2067761537,925046343,1074953657,290115964,99984958200,68612926,317353,3369841,178403725,577105800,1338899,370,5,32,1084,5752,1087623151,1121929799,107059666,15406473,96118506,1167,84593527,99998116,1884,90775095,14228051,2128,99997872,134392949,6962867,29066352,81459452,74940183,25059817,99922069,77931,27333283,1000,1000,1000,1000,1000,1000,1000
189000,11260,63040,188000000,1128000000,1000,6000,9997546590265,30963461,398449370,1339951318,3872,44830,971698,187988740,1000,641,455665,374034084,26057298,1973942702,2068260813,924735529,1075264471,291806731,99985133907,68891316,369943,3410329,178727995,579822920,1338861,372,5,50,1104,5784,1093490475,1127936319,107304610,15391992,96691161,1170,84608008,99998059,1941,90287956,14330281,2158,99997842,134654604,6962882,29167066,81771688,74745372,25254628,99922050,77950,27349994,1000,1000,1000,1000,1000,1000,1000
190000,10730,62960,189000000,1134000000,1000,6000,9997549719622,27226998,396706557,1339950787,3767,45466,973044,188989270,1000,6856,451698,376032452,26052410,1973947590,2068766051,924428078,1075571922,293497638,99985371785,69168602,359248,3402199,179036943,582529612,1338845,376,7,36,1132,5824,1099345695,1133930184,107548738,15379652,97264971,1173,84620348,99998053,1947,89799940,14432785,2061,99997939,134915439,6962892,29267780,82083116,74551365,25448635,99921885,78115,27366701,1000,1000,1000,1000,1000,1000,1000
191000,10570,62113,190000000,1140000000,1000,6000,9997545151841,31187413,402663502,1339948922,4414,46684,973780,189989430,1000,1147,449960,378031300,26046312,1973953688,2069272401,924119690,1075880310,295188089,99985611079,69445122,346243,3396633,179339637,585227236,1338873,376,2,49,1096,5824,1105213991,1139936740,107791599,15367082,97838145,1182,84632918,99998050,1950,89312255,14535019,2081,99997919,135175036,6962901,29368526,82393251,74358712,25641288,99922043,77957,27383437,1000,1000,1000,1000,1000,1000,1000
192000,10570,63904,191000000,1146000000,1000,6000,9997547939622,27794308,401271437,1339951745,4092,44183,973427,190989430,1000,1114,448132,380032006,26046453,1973953547,2069772132,923812235,1076187765,296881323,99985844249,69722704,340056,3364597,179674921,587937896,1338880,380,6,34,1100,5864,1111073440,1145934982,108036134,15349047,98406216,1191,84650953,99998035,1965,88830403,14638111,1961,99998039,135436435,6962918,29467019,82702551,74164769,25835231,99921469,78531,27400301,1000,1000,1000,1000,1000,1000,1000
193000,10690,63070,192000000,1152000000,1000,6000,9997546468738,28662271,404136031,1339949763,3973,46284,973209,191989310,1000,6371,446807,382032202,26044962,1973955038,2070274676,923504698,1076495302,298573962,99986066851,69999338,343559,3363333,179988451,590637768,1338906,380,4,34,1076,5876,1116930700,1151930559,108279158,15333285,98977182,1200,84666715,99997994,2006,88345071,14740589,2102,99997898,135696294,6962938,29566547,83011433,73972250,26027750,99921248,78752,27417136,1000,1000,1000,1000,1000,1000,1000
194000,10930,62997,193000000,1158000000,1000,6000,9997547090999,27438118,404911583,1339950485,3685,45850,972314,192989070,1000,5701,445068,384033512,26045720,1973954280,2070772983,923198225,1076801775,300268787,99986278995,70275772,357451,3377189,180296688,593335900,1338867,384,3,46,1104,5916,1122793224,1157931302,108522236,15319540,99548868,1203,84680460,99997962,2038,87859719,14843740,2084,99997916,135956186,6962950,29665321,83319657,73779614,26220386,99920986,79014,27433950,1000,1000,1000,1000,1000,1000,1000
195000,10900,63078,194000000,1164000000,1000,6000,9997545391783,28531981,407999047,1339948596,4559,46865,973792,193989100,1000,543,441722,386030616,26041619,1973958381,2071275976,922895981,1077104019,301963631,99986539566,70552172,322854,3339533,180605473,596033868,1338899,386,2,31,1088,5936,1128660100,1163936379,108765405,15305609,100120320,1212,84694391,99998038,1962,87374834,14947115,1994,99998006,136216154,6962966,29761356,83625263,73586842,26413158,99920695,79305,27450749,1000,1000,1000,1000,1000,1000,1000
196000,10320,63471,195000000,1170000000,1000,6000,9997543332397,29989263,411452767,1339947820,4202,47998,974940,194989680,1000,6821,440800,388029480,26040635,1973959365,2071775863,922591587,1077408413,303658087,99986781702,70828458,306764,3313636,180920583,598730264,1338927,386,3,38,1052,5936,1134515286,1169929708,109008267,15289537,100689804,1221,84710463,99997989,2011,86891954,15050465,2051,99997949,136475753,6962980,29857298,83930593,73394191,26605809,99920574,79426,27467486,1000,1000,1000,1000,1000,1000,1000
197000,10970,62088,196000000,1176000000,1000,6000,9997542130376,30586007,414047838,1339949916,3805,46299,974740,195989030,1000,646,438747,390028580,26038492,1973961508,2072276370,922287356,1077712644,305352934,99986943921,71102380,367911,3377355,181224376,601403412,1338924,388,5,31,1060,5956,1140385882,1175937266,109248856,15271559,101256375,1224,84728441,99998019,1981,86411598,15153536,1993,99998007,136733195,6963002,29956721,84236899,73204161,26795839,99920239,79761,27484339,1000,1000,1000,1000,1000,1000,1000
198000,10550,63799,197000000,1182000000,1000,6000,9997539683318,32427504,417886367,1339949507,4530,45983,976175,196989450,1000,1076,436783,392026550,26034290,1973965710,2072777901,921985464,1078014536,307048997,99987170599,71377500,366545,3379122,181524854,604087052,1338903,390,6,43,1068,5976,1146246180,1181935125,109490222,15256977,101826237,1227,84743023,99998005,1995,85928837,15257250,2234,99997766,136991171,6963017,30052446,84540770,73012625,26987375,99920519,79481,27500949,1000,1000,1000,1000,1000,1000,1000
199000,10250,62972,198000000,1188000000,1000,6000,9997544655938,26853465,414310657,1339950177,3818,46025,975925,197989750,1000,1190,434782,394027650,26033353,1973966647,2073275686,921683809,1078316191,308748426,99987427196,71653454,335242,3331554,181844930,606778912,1338908,394,1,51,1060,6016,1152108914,1187935838,109732500,15240357,102393264,1239,84759643,99997982,2018,85448586,15360926,2090,99997910,137250337,6963033,30147616,84844442,72821011,27178989,99920551,79449,27517837,1000,1000,1000,1000,1000,1000,1000
200000,10180,63966,199000000,1194000000,1000,6000,9997542960922,27945734,417401228,1339947927,3918,48175,975634,198989820,1000,6468,434430,396028372,26028761,1973971239,2073776800,921381809,1078618191,310447130,99987661304,71927774,325467,3318580,182150651,609455552,1338944,394,2,38,1036,6016,1157965482,1193929566,109973626,15223594,102960048,1245,84776406,99998084,1916,84968929,15464709,1976,99998024,137508113,6963051,30242160,85146812,72629835,27370165,99920541,79459,27534487,1000,1000,1000,1000,1000,1000,1000
201000,10810,61945,200000000,1200000000,1000,6000,9997542131168,28172816,419629199,1339948739,4149,47132,974257,199989190,1000,718,432566,398029866,26027512,1973972488,2074275011,921081955,1078918045,312148755,99987881732,72203386,330312,3306627,182469109,612145224,1338917,396,3,44,1056,6036,1163835446,1199937337,110215776,15206876,103526997,1245,84793124,99998008,1992,84488609,15568127,2024,99997976,137767052,6963066,30335321,85448545,72438052,27561948,99920364,79636,27551276,1000,1000,1000,1000,1000,1000,1000
202000,10790,61873,201000000,1206000000,1000,6000,9997541349880,28347868,421794937,1339947309,4393,48318,976580,200989210,1000,6828,428810,400025260,26020362,1973979638,2074778441,920785680,1079214320,313847864,99988089721,72477464,345993,3307176,182784381,614819660,1338937,396,3,36,1044,6036,1169692369,1205931299,110456541,15187243,104090790,1248,84812757,99998055,1945,84012009,15672119,1945,99998055,138024613,6963076,30428189,85748586,72247675,27752325,99920154,79846,27568072,1000,1000,1000,1000,1000,1000,1000
203000,10520,62296,202000000,1212000000,1000,6000,9997538667646,30429216,425879183,1339948637,4027,47356,975883,201989480,1000,1110,429190,402027194,26021019,1973978981,2075273961,920484702,1079515298,315548808,99988320960,72750040,336932,3298823,183084397,617478652,1338952,398,6,46,1016,6056,1175561375,1211936594,110695714,15167025,104654433,1260,84832975,99997969,2031,83535964,15776523,1852,99998148,138280580,6963088,30523214,86049196,72058884,27941116,99920052,79948,27584866,1000,1000,1000,1000,1000,1000,1000
204000,10660,62851,203000000,1218000000,1000,6000,9997539026116,29469455,426918907,1339949540,4041,46439,975593,202989340,1000,683,427461,404027494,26020178,1973979822,2075769815,920188047,1079811953,317252436,99988514708,73022798,366224,3323707,183387045,620140464,1338946,402,9,45,1020,6096,1181424866,1217936466,110935281,15147782,105218094,1269,84852218,99998014,1986,83060239,15881043,2013,99997987,138536722,6963105,30615198,86347597,71869042,28130958,99919919,80081,27601441,1000,1000,1000,1000,1000,1000,1000
205000,10420,63334,204000000,1224000000,1000,6000,9997540193038,27701873,427141832,1339946008,3811,50201,976996,203989580,1000,6451,424305,406025168,26015110,1973984890,2076269145,919892468,1080107532,318954512,99988778810,73295102,324340,3277681,183689889,622796288,1338926,406,4,42,1048,6136,1187282461,1223930215,111174039,15127138,105780066,1272,84872862,99998044,1956,82586651,15986135,2035,99997965,138792185,6963124,30708604,86646351,71680399,28319601,99920018,79982,27618146,1000,1000,1000,1000,1000,1000,1000
206000,10680,63544,205000000,1230000000,1000,6000,9997539936626,27357952,428799211,1339947632,3351,49037,975946,204989320,1000,1053,423337,408026748,26014955,1973985045,2076763554,919595730,1080404270,320659338,99988979518,73567944,346367,3287400,183999981,625458440,1338902,408,4,34,1080,6168,1193151227,1229935403,111413678,15106623,106341891,1272,84893377,99998007,1993,82112875,16090895,1949,99998051,139048535,6963140,30800109,86944073,71490893,28509107,99919871,80129,27634857,1000,1000,1000,1000,1000,1000,1000
207000,10630,61703,206000000,1236000000,1000,6000,9997539799799,26897270,430336961,1339946969,3588,49463,976066,205989370,1000,611,422114,410026608,26015278,1973984722,2077256343,919301591,1080698409,322365043,99989171719,73840418,376211,3307557,184305035,628117620,1338935,408,6,35,1044,6168,1199017273,1235937686,111652900,15087444,106904136,1281,84912556,99998034,1966,81638969,16196041,1997,99998003,139304555,6963156,30889861,87239451,71302065,28697935,99919463,80537,27651655,1000,1000,1000,1000,1000,1000,1000
208000,11170,63740,207000000,1242000000,1000,6000,9997537927657,28166625,433603601,1339947542,3838,48640,975970,206988830,1000,6873,419222,412025720,26011874,1973988126,2077753153,919009070,1080990930,324071626,99989422269,74112040,347132,3274412,184604557,630765768,1338937,408,4,47,1032,6168,1204873163,1241929387,111890816,15066461,107465004,1284,84933539,99998023,1977,81166535,16301195,1960,99998040,139559188,6963164,30980800,87534872,71114300,28885700,99919764,80236,27668372,1000,1000,1000,1000,1000,1000,1000
209000,10960,64372,208000000,1248000000,1000,6000,9997537257912,28236567,435670103,1339946604,3930,49486,976673,207989040,1000,583,417544,414024734,26009226,1973990774,2078248634,918715640,1081284360,325777188,99989657085,74382556,332513,3260420,184899045,633406256,1338926,412,4,30,1060,6208,1210743561,1247935045,112128364,15045385,108025212,1287,84954615,99997959,2041,80694714,16406363,1964,99998036,139813514,6963186,31071938,87830002,70927086,29072914,99919154,80846,27685150,1000,1000,1000,1000,1000,1000,1000
210000,10480,63378,209000000,1254000000,1000,6000,9997536708740,28185884,437620199,1339948158,3809,48053,976651,208989520,1000,626,416023,416025738,26008810,1973991190,2078742028,918423510,1081576490,327486046,99989853830,74653236,356155,3276475,185200285,636045712,1338893,418,8,47,1072,6268,1216609169,1253935996,112365433,15022564,108583509,1299,84977436,99998059,1941,80224657,16511391,1953,99998047,140067359,6963202,31162088,88123669,70740345,29259655,99919214,80786,27701926,1000,1000,1000,1000,1000,1000,1000
211000,10660,63258,210000000,1260000000,1000,6000,9997536634680,27660987,439091039,1339946420,3889,49711,977233,209989340,1000,562,414877,418024214,26005843,1973994157,2079237074,918131674,1081868326,329192671,99990112453,74923496,317885,3235926,185495596,638683080,1338923,418,4,45,1048,6268,1222474223,1259936180,112602756,15000612,109142631,1305,84999388,99998000,2000,79754471,16616960,1940,99998060,140321309,6963217,31251016,88416666,70552903,29447097,99918895,81105,27718553,1000,1000,1000,1000,1000,1000,1000
212000,10570,62370,211000000,1266000000,1000,6000,9997536217833,27478844,440906500,1339945786,3385,50849,977066,210989430,1000,6332,413619,420024728,26001793,1973998207,2079731506,917839953,1082160047,330901454,99990296927,75194040,353934,3271555,185789116,641321208,1338951,422,3,38,1028,6308,1228334067,1265931298,112839885,14981003,109702359,1320,85018997,99998060,1940,79283758,16722656,1855,99998145,140575104,6963227,31340208,88709655,70365772,29634228,99919057,80943,27735219,1000,1000,1000,1000,1000,1000,1000
213000,10680,63440,212000000,1272000000,1000,6000,9997536553718,26538547,441968011,1339948565,3752,47703,977455,211989320,1000,1156,412921,422023730,25997419,1974002581,2080226997,917549504,1082450496,332609998,99990548904,75463416,321581,3236722,186082573,643949560,1338979,422,5,32,1004,6308,1234203485,1271935404,113076115,14958007,110259639,1326,85041993,99998096,1904,78815673,16828431,2066,99997934,140827908,6963236,31428282,89000811,70179264,29820736,99918835,81165,27751793,1000,1000,1000,1000,1000,1000,1000
214000,11030,63297,213000000,1278000000,1000,6000,9997535608150,26886188,444308866,1339946593,3919,49508,977882,212988970,1000,6323,409340,424022176,25994071,1974005929,2080721085,917262105,1082737895,334321032,99990740769,75732752,349425,3257117,186381165,646576928,1338950,426,3,35,1032,6348,1240063791,1277930380,113312573,14933948,110815422,1329,85066052,99998081,1919,78348977,16934075,1883,99998117,141080920,6963249,31515925,89291804,69992468,30007532,99918779,81221,27768347,1000,1000,1000,1000,1000,1000,1000
215000,10840,63244,214000000,1284000000,1000,6000,9997530370770,31525206,450945649,1339946787,3340,49893,978382,213989160,1000,1053,408708,426021556,25990496,1974009504,2081213550,916972762,1083027238,336031050,99990959145,76003034,351159,3250857,186679163,649211780,1338973,426,4,47,996,6348,1245933973,1283935703,113549113,14913043,111373065,1338,85086957,99997980,2020,77880891,17040357,1898,99998102,141334176,6963268,31602811,89581798,69806076,30193924,99919055,80945,27785063,1000,1000,1000,1000,1000,1000,1000
216000,10490,62503,215000000,1290000000,1000,6000,9997535946052,25354264,446771981,1339945920,3535,50565,979378,214989510,1000,616,407765,428020264,25990365,1974009635,2081703751,916684618,1083315382,337741600,99991176118,76273206,354415,3239851,186982448,651846716,1338995,430,3,34,988,6388,1251800063,1289936881,113785839,14889978,111929445,1350,85110022,99998082,1918,77413988,17146488,1996,99998004,141587544,6963282,31688470,89870899,69619276,30380724,99919109,80891,27801705,1000,1000,1000,1000,1000,1000,1000
217000,10560,62087,216000000,1296000000,1000,6000,9997534811814,25890780,449307768,1339947496,3184,49340,979086,215989440,1000,1172,405731,430020708,25988955,1974011045,2082194142,916398098,1083601902,339455511,99991389973,76541878,359316,3231113,187284742,654466764,1339001,430,11,32,976,6388,1257665587,1295936741,114021262,14864412,112482357,1353,85135588,99998054,1946,76950545,17252594,1930,99998070,141839601,6963295,31774882,90159466,69433755,30566245,99919143,80857,27818339,1000,1000,1000,1000,1000,1000,1000
218000,10390,62627,217000000,1302000000,1000,6000,9997531921127,28187746,453606097,1339947919,3289,48812,978444,216989610,1000,6904,404852,432022332,25990975,1974009025,2082680756,916110699,1083889301,341169721,99991616020,76809214,350739,3218908,187576683,657074820,1338966,434,8,30,1016,6428,1263525645,1301930469,114255686,14838270,113034741,1353,85161730,99998105,1895,76488104,17359173,1869,99998131,142090661,6963310,31862023,90447759,69249239,30750761,99918833,81167,27834975,1000,1000,1000,1000,1000,1000,1000
219000,10660,62459,218000000,1308000000,1000,6000,9997532467329,27043778,454457975,1339944877,3540,51603,978307,217989340,1000,671,403521,434022066,25984650,1974015350,2083174479,915825975,1084174025,342884714,99991816743,77076088,366694,3232533,187865045,659677368,1338944,436,5,47,1024,6448,1269398608,1307936870,114489244,14812539,113586579,1356,85187461,99998024,1976,76026356,17466007,1881,99998119,142340960,6963327,31948019,90733831,69065904,30934096,99918640,81360,27851716,1000,1000,1000,1000,1000,1000,1000
220000,10960,63707,219000000,1314000000,1000,6000,9997534883942,24026690,453438680,1339946248,3699,50073,978161,218989040,1000,1228,399944,436021758,25979598,1974020402,2083666824,915542998,1084457002,344601418,99992032618,77341724,367101,3239377,188145169,662268264,1338959,440,4,29,1028,6488,1275263983,1313935065,114722042,14786222,114137622,1365,85213778,99998100,1900,75565456,17572607,1898,99998102,142590206,6963338,32034682,91020396,68882450,31117550,99918558,81442,27868164,1000,1000,1000,1000,1000,1000,1000
221000,11090,62429,220000000,1320000000,1000,6000,9997533733776,24579693,455985989,1339944799,3053,52168,978902,219988910,1000,6200,398748,438020016,25973454,1974026546,2084158408,915259171,1084740829,346315834,99992249229,77609084,368080,3234312,188436135,664875564,1338937,440,5,38,1040,6500,1281126609,1319931371,114956122,14761820,114689787,1365,85238180,99998050,1950,75104368,17680281,1994,99998006,142840883,6963353,32118834,91305434,68698161,31301839,99918533,81467,27884761,1000,1000,1000,1000,1000,1000,1000
222000,10500,62411,221000000,1326000000,1000,6000,9997533187622,24529159,457938549,1339947878,3230,48912,979239,220989500,1000,632,397919,440020522,25973496,1974026504,2084644684,914975771,1085024229,348032924,99992462833,77876018,371742,3227944,188730523,667477632,1338958,446,2,56,1004,6560,1286998725,1325936957,115189774,14735033,115239918,1389,85264967,99998030,1970,74644817,17787437,1896,99998104,143091087,6963369,32202531,91589679,68514165,31485835,99918799,81201,27901313,1000,1000,1000,1000,1000,1000,1000
223000,10250,62783,222000000,1332000000,1000,6000,9997530029717,27094404,462504130,1339944945,4308,50767,978936,221989750,1000,1021,397946,442021628,25972787,1974027213,2085132093,914692288,1085307712,349750527,99992689752,78142134,361199,3209230,189022109,670072696,1338983,446,4,41,992,6560,1292864906,1331936196,115422685,14706855,115789011,1392,85293145,99997991,2009,74186256,17894543,1986,99998014,143340569,6963389,32286238,91873155,68330967,31669033,99918752,81248,27917884,1000,1000,1000,1000,1000,1000,1000
224000,10420,62163,223000000,1338000000,1000,6000,9997532239640,24287207,461691764,1339944657,3865,51498,979552,222989580,1000,6747,395537,444020056,25965996,1974034004,2085622146,914411496,1085588504,351468149,99992894401,78408188,372826,3210490,189315697,672666924,1338971,448,5,44,1000,6580,1298726772,1337931090,115655568,14680517,116337183,1395,85319483,99998095,1905,73729436,18002495,1970,99998030,143590049,6963403,32369764,92156370,68147875,31852125,99918733,81267,27934481,1000,1000,1000,1000,1000,1000,1000
225000,10880,62341,224000000,1344000000,1000,6000,9997533471208,22454998,461854579,1339945231,3706,51083,979994,223989120,1000,608,392134,446018252,25956856,1974043144,2086114319,914133549,1085866451,353188373,99993163649,78672972,318933,3150119,189603476,675248112,1338936,452,6,38,1040,6632,1304600339,1343937051,115887141,14652282,116883522,1398,85347718,99998115,1885,73274658,18110548,2011,99997989,143838111,6963428,32452544,92437745,67965769,32034231,99918904,81096,27950970,1000,1000,1000,1000,1000,1000,1000
226000,10690,62944,225000000,1350000000,1000,6000,9997532596613,22731243,464126951,1339944825,3765,51430,981898,224989310,1000,1081,391988,448014824,25949646,1974050354,2086604718,913852771,1086147229,354904156,99993380151,78936924,317405,3149783,189883370,677821648,1338938,456,2,48,1032,6672,1310467285,1349935975,116118419,14623372,117429858,1410,85376628,99998016,1984,72820280,18218846,1854,99998146,144085717,6963439,32534857,92718680,67783475,32216525,99919072,80928,27967298,1000,1000,1000,1000,1000,1000,1000
227000,10330,63711,226000000,1356000000,1000,6000,9997529361155,25369865,468766940,1339947868,3221,48931,981486,225989670,1000,570,389873,450016368,25946504,1974053496,2087091184,913574323,1086425677,356627235,99993577929,79201240,334969,3157195,190174067,680399584,1338956,456,7,37,1020,6672,1316334871,1355935719,116350032,14593418,117974700,1413,85406582,99998095,1905,72366989,18326717,1917,99998083,144333647,6963456,32616458,92999260,67600813,32399187,99919061,80939,27983615,1000,1000,1000,1000,1000,1000,1000
228000,10390,63635,227000000,1362000000,1000,6000,9997529859286,24280306,469671720,1339944985,2955,52080,981958,226989610,1000,590,388707,452015304,25941700,1974058300,2087577712,913295885,1086704115,358347717,99993778520,79464046,347872,3180538,190443338,682961936,1338995,458,4,29,992,6704,1322203523,1361935775,116580032,14566303,118520958,1428,85433697,99998054,1946,71912339,18434766,1859,99998141,144580073,6963472,32698930,93278880,67420091,32579909,99919059,80941,28000041,1000,1000,1000,1000,1000,1000,1000
229000,10750,62088,228000000,1368000000,1000,6000,9997525030470,28517192,475908286,1339944339,3222,52459,981147,227989250,1000,6881,387608,454016206,25938822,1974061178,2088061916,913017941,1086982059,360070664,99993973872,79728250,367128,3186811,190735265,685538864,1339032,458,3,29,956,6704,1328066677,1367931031,116811282,14537635,119065182,1437,85462365,99998064,1936,71459691,18542871,2004,99997996,144827843,6963483,32779774,93557934,67238401,32761599,99918817,81183,28016561,1000,1000,1000,1000,1000,1000,1000
230000,11090,62375,229000000,1374000000,1000,6000,9997523970888,28983726,478374846,1339945226,3505,51289,980771,228988910,1000,6817,386119,456016278,25936629,1974063371,2088545301,912741592,1087258408,361794377,99994163681,79990744,390146,3203816,191019248,688099044,1339030,458,4,42,944,6704,1333935207,1373930808,117041142,14506411,119607108,1440,85493589,99998040,1960,71009699,18651364,1882,99998118,145074259,6963493,32860874,93835782,67058209,32941791,99918451,81549,28033117,1000,1000,1000,1000,1000,1000,1000
231000,10720,64152,230000000,1380000000,1000,6000,9997528574571,23788059,475175595,1339944848,3963,51209,982043,229989280,1000,568,383816,458014474,25933691,1974066309,2089028514,912466520,1087533480,363517486,99994414503,80253990,353220,3156195,191307341,690665764,1338983,462,4,37,996,6756,1339808054,1379935280,117271533,14476437,120149592,1440,85523563,99998081,1919,70559439,18760055,1827,99998173,145321117,6963508,32940807,94113172,66877219,33122781,99918416,81584,28049584,1000,1000,1000,1000,1000,1000,1000
232000,10830,63158,231000000,1386000000,1000,6000,9997527780380,23989294,477374570,1339945314,3178,51528,982170,230989170,1000,604,383147,460014000,25928614,1974071386,2089513228,912191336,1087808664,365241815,99994613974,80517218,368126,3151066,191603008,693233364,1338980,464,8,40,992,6776,1345677397,1385936238,117502057,14445438,120690435,1446,85554562,99998147,1853,70110867,18868616,2066,99997934,145567925,6963521,33018717,94389038,66695547,33304453,99918302,81698,28065868,1000,1000,1000,1000,1000,1000,1000
233000,10250,62539,232000000,1392000000,1000,6000,9997522218125,28965705,484350228,1339942761,3480,53779,982060,231989750,1000,632,382976,462015380,25928278,1974071722,2089992445,911914650,1088085350,366966496,99994832659,80777798,361347,3145895,191878462,695774444,1338985,464,5,50,980,6776,1351547698,1391936829,117730413,14413046,121229622,1449,85586954,99998100,1900,69664331,18977494,1873,99998127,145812505,6963534,33099679,94665908,66515863,33484137,99918258,81742,28082092,1000,1000,1000,1000,1000,1000,1000
234000,10630,62651,233000000,1398000000,1000,6000,9997521304524,29286169,486665428,1339943128,3197,53695,982672,232989370,1000,6995,379908,464013396,25922130,1974077870,2090476167,911642369,1088357631,368692218,99995015734,81040070,391353,3162112,192167527,698332468,1339010,464,7,47,956,6776,1357410087,1397930354,117959995,14382420,121769529,1455,85617580,99998078,1922,69217361,19086825,1988,99998012,146058475,6963547,33178235,94941270,66335445,33664555,99918044,81956,28098480,1000,1000,1000,1000,1000,1000,1000
235000,10110,64394,234000000,1404000000,1000,6000,9997525369715,24624184,484005529,1339945764,3564,50692,983628,233989890,1000,1064,379503,466012524,25914399,1974085601,2090960962,911367514,1088632486,370416484,99995232583,81300772,386135,3149047,192450851,700874168,1339034,466,3,43,940,6796,1363283923,1403934542,118188205,14350055,122306874,1464,85649945,99998068,1932,68772652,19195821,1794,99998206,146303036,6963554,33257994,95216537,66156288,33843712,99918023,81977,28114831,1000,1000,1000,1000,1000,1000,1000
236000,10700,63602,235000000,1410000000,1000,6000,9997523740052,25664646,487041983,1339944182,3212,52626,983041,234989300,1000,712,377800,468012518,25909111,1974090889,2091442206,911095099,1088904901,372144050,99995438455,81561722,392563,3140779,192739712,703418832,1339028,466,8,32,952,6808,1369154592,1409935686,118416749,14316992,122843352,1464,85683008,99998157,1843,68329848,19305712,1764,99998236,146547797,6963567,33336015,95490668,65976395,34023605,99918012,81988,28131048,1000,1000,1000,1000,1000,1000,1000
237000,10820,63057,236000000,1416000000,1000,6000,9997521362083,27452653,490829586,1339944657,3232,52131,983082,235989180,1000,1004,377212,470012196,25904865,1974095135,2091922552,910822432,1089177568,373871052,99995677317,81821086,364684,3116851,193008843,705947928,1339016,466,11,53,940,6808,1375025163,1415935939,118643662,14285626,123381063,1467,85714374,99998168,1832,67885125,19414833,1940,99998060,146790840,6963576,33414626,95763932,65797872,34202128,99918018,81982,28147178,1000,1000,1000,1000,1000,1000,1000
238000,10830,62507,237000000,1422000000,1000,6000,9997520503948,27721015,493094849,1339943362,3302,53356,983457,236989170,1000,1036,376055,472011426,25898628,1974101372,2092403981,910550101,1089449899,375597934,99995897431,82080452,355758,3114576,193275894,708475620,1339028,468,5,39,948,6828,1380895997,1421936457,118870660,14254640,123918831,1470,85745360,99998114,1886,67440865,19524402,1743,99998257,147033896,6963593,33493249,96037437,65619048,34380952,99918452,81548,28163236,1000,1000,1000,1000,1000,1000,1000
239000,10740,63044,238000000,1428000000,1000,6000,9997523211040,24425831,491797281,1339941499,3463,55058,982862,237989260,1000,1122,373857,474012796,25893141,1974106859,2092884679,910280075,1089719925,377329263,99996059876,82341238,405805,3150650,193562026,711018104,1339017,470,6,41,956,6848,1386764980,1427935834,119098916,14223191,124455645,1473,85776809,99998053,1947,66997042,19633498,1814,99998186,147278254,6963608,33569436,96309676,65439098,34560902,99918694,81306,28179338,1000,1000,1000,1000,1000,1000,1000
240000,10760,63661,239000000,1434000000,1000,6000,9997523430623,23613645,492981170,1339942359,3646,54015,984754,238989240,1000,6792,372546,476008972,25885287,1974114713,2093366011,910009827,1089990173,379055175,99996276876,82599584,398457,3140758,193836142,713536756,1339040,470,11,25,944,6848,1392629520,1433929547,119324786,14189360,124989222,1476,85810640,99998126,1874,66557468,19743726,1850,99998150,147520346,6963624,33647585,96581251,65261894,34738106,99918674,81326,28195560,1000,1000,1000,1000,1000,1000,1000
241000,10670,63895,240000000,1440000000,1000,6000,9997520081714,26374699,497742360,1339943051,3207,53762,984561,239989330,1000,557,372319,478009538,25880188,1974119812,2093843410,909738711,1090261289,380784608,99996510475,82858132,375154,3105608,194119307,716058276,1339029,470,4,43,944,6848,1398506247,1439935548,119551220,14154933,125521260,1476,85845067,99998074,1926,66119543,19853929,1867,99998133,147762870,6963641,33724691,96852611,65083730,34916270,99918574,81426,28211650,1000,1000,1000,1000,1000,1000,1000
242000,11000,61681,241000000,1446000000,1000,6000,9997520287337,25581109,498946374,1339943405,3235,53380,984315,240989000,1000,6785,369689,480009370,25874748,1974125252,2094321189,909471577,1090528423,382517298,99996750603,83115014,343825,3062538,194400865,718564400,1339022,474,2,24,972,6888,1404373790,1445931534,119776448,14117519,126049950,1479,85882481,99998080,1920,65684624,19963735,1811,99998189,148004130,6963649,33801299,97122383,64906598,35093402,99918216,81784,28227682,1000,1000,1000,1000,1000,1000,1000
243000,10380,64267,242000000,1452000000,1000,6000,9997517638440,27641509,503005164,1339944102,3010,52908,985740,241989620,1000,681,369460,482007760,25867924,1974132076,2094798940,909202320,1090797680,384246413,99996920542,83371968,383244,3098796,194673579,721069972,1339004,476,5,31,980,6908,1410248830,1451935052,120001584,14082924,126580596,1482,85917076,99998166,1834,65248378,20074009,1750,99998250,148245137,6963667,33877409,97391887,64729075,35270925,99918337,81663,28243553,1000,1000,1000,1000,1000,1000,1000
244000,10360,64014,243000000,1458000000,1000,6000,9997522056415,22637668,499997017,1339941204,3327,55489,986351,242989640,1000,6314,368613,484006578,25860895,1974139105,2095276830,908934232,1091065768,385977130,99997141424,83628792,371560,3079114,194950362,723574316,1338982,478,3,35,1000,6928,1416115037,1457929672,120226402,14046621,127109847,1482,85953379,99998146,1854,64813800,20184566,1887,99998113,148485839,6963680,33953307,97660835,64551909,35448091,99918427,81573,28259437,1000,1000,1000,1000,1000,1000,1000
245000,10410,61790,244000000,1464000000,1000,6000,9997517326922,26784868,506143594,1339942568,3438,54014,986317,243989590,1000,6258,366452,486006546,25860334,1974139666,2095746447,908667995,1091332005,387710845,99997390831,83885056,330214,3030097,195226497,726073196,1338992,480,3,29,996,6948,1421989184,1463931952,120450687,14010285,127637733,1488,85989715,99998110,1890,64381044,20295767,1847,99998153,148726189,6963696,34029566,97929249,64375819,35624181,99918302,81698,28275502,1000,1000,1000,1000,1000,1000,1000
246000,10800,63914,245000000,1470000000,1000,6000,9997518873104,24654127,506009981,1339942159,3373,54488,985878,244989200,1000,659,364041,488006644,25855427,1974144573,2096220753,908403358,1091596642,389446286,99997518798,84140792,410365,3104699,195499182,728567300,1338964,482,2,38,1016,6968,1427864790,1469935427,120674806,13973699,128165406,1488,86026301,99998094,1906,63948215,20406494,1749,99998251,148966191,6963716,34104281,98196317,64199349,35800651,99918233,81767,28291385,1000,1000,1000,1000,1000,1000,1000
247000,10350,62181,246000000,1476000000,1000,6000,9997518813104,24131679,507483274,1339939659,3112,57249,986663,245989650,1000,1246,363484,490005974,25849962,1974150038,2096695239,908138054,1091861946,391180302,99997754655,84396654,383359,3061976,195780535,731062160,1338959,484,1,36,1024,6988,1433738004,1475936573,120898819,13935391,128691102,1491,86064609,99998158,1842,63517566,20517217,1977,99998023,149205877,6963726,34177485,98462188,64022355,35977645,99918500,81500,28307058,1000,1000,1000,1000,1000,1000,1000
248000,10750,64161,247000000,1482000000,1000,6000,9997514178754,28177871,513532358,1339944154,3063,52803,986371,246989250,1000,1078,362211,492005758,25845542,1974154458,2097167466,907872885,1092127115,392914901,99997955384,84651412,389524,3053067,196062258,733546404,1338953,484,3,40,1024,6988,1439608813,1481934761,121121964,13894770,129213861,1491,86105230,99998114,1886,63090336,20628702,1784,99998216,149444978,6963742,34252710,98728646,63847078,36152922,99918378,81622,28323014,1000,1000,1000,1000,1000,1000,1000
249000,10950,63543,248000000,1488000000,1000,6000,9997515735357,26041322,513393136,1339942252,2796,54972,985933,247989050,1000,5815,361517,494006234,25841184,1974158816,2097638381,907607926,1092392074,394650399,99998168821,84904594,382530,3051949,196322074,736014840,1338995,486,4,37,984,7008,1445478102,1487930642,121343693,13857021,129738216,1506,86142979,99998186,1814,62661600,20739902,1808,99998192,149682273,6963761,34327785,98994318,63672047,36327953,99918658,81342,28338580,1000,1000,1000,1000,1000,1000,1000
250000,10780,63625,249000000,1494000000,1000,6000,9997515693428,25500668,514850392,1339941366,3020,55634,986256,248989220,1000,1074,360187,496005928,25835182,1974164818,2098110512,907345039,1092654961,396387190,99998395249,85158034,362388,3021751,196596408,738486752,1338969,490,4,35,1012,7048,1451356039,1493935301,121565842,13817066,130259832,1509,86182934,99998127,1873,62235367,20851016,1737,99998263,149920150,6963777,34401325,99258551,63497082,36502918,99918552,81448,28354308,1000,1000,1000,1000,1000,1000,1000
251000,10870,63385,250000000,1500000000,1000,6000,9997515222912,25385492,516732338,1339941030,3253,55737,986690,249989130,1000,6867,358238,498004880,25825529,1974174471,2098585337,907083646,1092916354,398124738,99998581723,85410806,381493,3032677,196867954,740951568,1338993,490,7,32,988,7048,1457224100,1499929748,121787139,13777311,130780407,1515,86222689,99998211,1789,61810034,20961986,1753,99998247,150157169,6963788,34474825,99521904,63322951,36677049,99918556,81444,28370030,1000,1000,1000,1000,1000,1000,1000
252000,10620,62969,251000000,1506000000,1000,6000,9997514002288,26024335,519368121,1339941033,2739,56248,987595,250989380,1000,542,357527,500003570,25819475,1974180525,2099056182,906820113,1093179887,399859881,99998770771,85663574,397932,3045902,197135271,743417192,1338960,494,6,38,1016,7088,1463104455,1505936489,122008490,13738507,131302122,1518,86261493,99998154,1846,61383990,21073433,1873,99998127,150394293,6963802,34549278,99786162,63148919,36851081,99918297,81703,28385803,1000,1000,1000,1000,1000,1000,1000
253000,10660,65035,252000000,1512000000,1000,6000,9997514177921,25268798,520612154,1339940349,3394,56277,987630,251989340,1000,633,356637,502003420,25814881,1974185119,2099524105,906558065,1093441935,401597667,99998965420,85916464,409181,3042463,197412857,745882812,1338944,496,3,37,1036,7108,1468975852,1511934332,122229841,13697870,131821128,1518,86302130,99998179,1821,60961323,21185443,1907,99998093,150631315,6963818,34622223,100049116,62974581,37025419,99918446,81554,28401474,1000,1000,1000,1000,1000,1000,1000
254000,10700,63529,253000000,1518000000,1000,6000,9997516999579,21865438,519206429,1339940023,3620,56377,987973,252989300,1000,6214,354926,504002654,25808190,1974191810,2099994123,906298120,1093701880,403336942,99999202678,86168656,377629,2995420,197690129,748341508,1338903,502,6,39,1072,7168,1474845678,1517930257,122450855,13655691,132338538,1524,86344309,99998185,1815,60540181,21297227,1761,99998239,150867839,6963832,34693899,100310786,62800097,37199903,99918742,81258,28416984,1000,1000,1000,1000,1000,1000,1000
255000,10530,63288,254000000,1524000000,1000,6000,9997517771362,20511061,519850455,1339939961,3438,56621,988750,253989470,1000,1083,354983,506001440,25798881,1974201119,2100465070,906036336,1093963664,405073930,99999427434,86419616,357142,2963980,197962722,750789140,1338879,506,3,38,1100,7208,1480725568,1523935629,122670668,13613624,132854325,1527,86386376,99998283,1717,60120708,21409118,1832,99998168,151103226,6963846,34766975,100572527,62627006,37372994,99918660,81340,28432558,1000,1000,1000,1000,1000,1000,1000
256000,10340,61918,255000000,1530000000,1000,6000,9997514729577,22972690,524310202,1339940839,3114,56067,988692,254989660,1000,6708,352382,508001936,25792849,1974207151,2100932849,905777722,1094222278,406815805,99999625273,86669458,362756,2967944,198225659,753225440,1338872,508,3,37,1108,7228,1486596391,1529931374,122889581,13570809,133369710,1530,86429191,99998184,1816,59701677,21520941,1760,99998240,151337605,6963853,34840216,100833749,62454491,37545509,99918724,81276,28448024,1000,1000,1000,1000,1000,1000,1000
257000,10650,63920,256000000,1536000000,1000,6000,9997510644602,26482607,529817975,1339940253,2855,56912,988752,255989350,1000,6265,352093,510001196,25790640,1974209360,2101396145,905518221,1094481779,408555553,99999802712,86918518,388259,2994544,198484384,755654088,1338883,510,2,31,1104,7248,1492470301,1535929815,123107786,13526774,133884039,1536,86473226,99998138,1862,59284579,21633548,1748,99998252,151571180,6963864,34912552,101093550,62282396,37717604,99918842,81158,28463394,1000,1000,1000,1000,1000,1000,1000
258000,10620,61575,257000000,1542000000,1000,6000,9997511337378,25210943,530542899,1339939238,3541,57241,989495,256989380,1000,604,349762,511999770,25783718,1974216282,2101862730,905260457,1094739543,410296351,99999993724,87167952,400667,2998850,198752592,758086772,1338922,510,2,40,1056,7248,1498353590,1541937821,123326429,13482928,134397000,1548,86517072,99998289,1711,58868913,21746180,1788,99998212,151805148,6963876,34984666,101353657,62109728,37890272,99918931,81069,28478719,1000,1000,1000,1000,1000,1000,1000
259000,10500,62783,258000000,1548000000,1000,6000,9997514621587,21349250,528677125,1339940263,3296,56461,990902,257989500,1000,1114,347725,513997196,25777086,1974222914,2102327937,905004024,1094995976,412037339,100000221018,87416484,376180,2964580,199020755,760510284,1338898,514,5,45,1072,7288,1504227604,1547936103,123544181,13439014,134907963,1554,86560986,99998228,1772,58454191,21857677,1865,99998135,152038150,6963881,35055889,101612132,61937726,38062274,99919133,80867,28493969,1000,1000,1000,1000,1000,1000,1000
260000,10970,63945,259000000,1554000000,1000,6000,9997511489690,23902011,533227762,1339938840,3093,58087,990547,258989030,1000,676,347676,515996966,25766599,1974233401,2102796633,904745451,1095254549,413778520,100000425720,87665018,374046,2942938,199299069,762933128,1338929,518,5,34,1052,7328,1510102611,1553935379,123761903,13392118,135416079,1569,86607882,99998163,1837,58042813,21969743,1728,99998272,152271185,6963897,35127431,101870770,61765943,38234057,99919444,80556,28509282,1000,1000,1000,1000,1000,1000,1000
261000,10410,62882,260000000,1560000000,1000,6000,9997512247280,22567667,533891756,1339940899,2684,56437,991524,259989590,1000,5902,345624,517996132,25761092,1974238908,2103258978,904490621,1095509379,415522839,100000593781,87912484,407492,2965307,199567030,765347260,1338942,520,8,34,1036,7348,1515974714,1559931216,123978873,13346232,135924432,1578,86653768,99998197,1803,57631895,22082502,1762,99998238,152503470,6963914,35197990,102127669,61594918,38405082,99919261,80739,28524597,1000,1000,1000,1000,1000,1000,1000
262000,10660,61897,261000000,1566000000,1000,6000,9997506647116,27591703,540913636,1339940803,3192,56025,992157,260989340,1000,6178,344325,519994366,25752965,1974247035,2103722260,904235310,1095764690,417265751,100000826715,88159820,376732,2925076,199833156,767758824,1338891,526,8,25,1096,7420,1521851752,1565931925,124195770,13302045,136432683,1581,86697955,99998272,1728,57221002,22194936,1677,99998323,152735440,6963925,35267860,102384290,61423240,38576760,99919634,80366,28539670,1000,1000,1000,1000,1000,1000,1000
263000,10500,62279,262000000,1572000000,1000,6000,9997510939019,22726361,538045392,1339940015,3126,56879,992863,261989500,1000,6205,343449,521993274,25745941,1974254059,2104183019,903980182,1096019818,419009517,100001024707,88405592,379335,2925241,200091526,770155968,1338844,532,4,40,1132,7480,1527728454,1571931516,124411281,13256202,136938993,1587,86743798,99998304,1696,56813142,22308470,1708,99998292,152966029,6963939,35338523,102640308,61252963,38747037,99919700,80300,28554748,1000,1000,1000,1000,1000,1000,1000
264000,10370,62617,263000000,1578000000,1000,6000,9997505483734,27612727,544933574,1339938014,2978,59028,991331,262989630,1000,6457,344253,523996598,25741635,1974258365,2104640611,903723146,1096276854,420755790,100001209773,88650436,394077,2940692,200346978,772544280,1338866,534,5,33,1116,7500,1533605441,1577930926,124625965,13209289,137443839,1596,86790711,99998293,1707,56406758,22421946,1818,99998182,153195718,6963954,35410096,102896555,61083294,38916706,99919727,80273,28569753,1000,1000,1000,1000,1000,1000,1000
265000,11010,63320,264000000,1584000000,1000,6000,9997504812927,27708805,547026026,1339938464,2912,58644,991644,263988990,1000,612,342233,525994692,25732753,1974267247,2105101314,903470474,1096529526,422501194,100001393976,88895496,409908,2949836,200608552,774934632,1338901,536,4,27,1088,7520,1539488052,1583936068,124841093,13162634,137947623,1608,86837366,99998307,1693,56001606,22535588,1674,99998326,153425844,6963972,35479674,103151265,60913160,39086840,99919791,80209,28584751,1000,1000,1000,1000,1000,1000,1000
266000,10690,63487,265000000,1590000000,1000,6000,9997508796749,23148003,544462900,1339940167,3248,56605,993213,264989310,1000,6506,340051,527992194,25722121,1974277879,2105562969,903218958,1096781042,424247161,100001603350,89141028,400622,2934875,200867966,777328912,1338943,536,10,27,1040,7520,1545359225,1589930007,125056182,13118807,138453018,1620,86881193,99998250,1750,55594353,22648874,1706,99998294,153656065,6963991,35548566,103404982,60743467,39256533,99919919,80081,28599883,1000,1000,1000,1000,1000,1000,1000
267000,10870,62734,266000000,1596000000,1000,6000,9997503942135,27432628,550745969,1339940359,2637,57024,993449,265989130,1000,643,340363,529991362,25715696,1974284304,2106020204,902964724,1097035276,425992089,100001819634,89385140,383541,2909189,201130533,779709672,1338947,536,5,40,1028,7520,1551243785,1595936623,125270268,13071138,138954273,1623,86928862,99998336,1664,55191298,22762047,1666,99998334,153885121,6963997,35618348,103658910,60574291,39425709,99920039,79961,28614853,1000,1000,1000,1000,1000,1000,1000
268000,11170,62698,267000000,1602000000,1000,6000,9997507069767,23737215,549046484,1339937440,3082,59498,993844,266988830,1000,6177,339728,531989972,25708232,1974291768,2106477198,902712632,1097287368,427738589,100002013349,89629192,388561,2901480,201395912,782090944,1338952,540,3,33,1032,7560,1557116259,1601931125,125484292,13024016,139454931,1632,86975984,99998232,1768,54788786,22875308,1762,99998238,154114251,6964015,35687281,103911655,60405585,39594415,99919745,80255,28629959,1000,1000,1000,1000,1000,1000,1000
269000,10670,62677,268000000,1608000000,1000,6000,9997507401147,22834504,550143537,1339938005,3440,58575,994415,267989330,1000,6270,338363,533989830,25700395,1974299605,2106934199,902461828,1097538172,429487633,100002219678,89872130,380676,2890451,201651229,784459552,1338955,542,3,34,1028,7592,1562994717,1607931053,125697192,12976280,139954902,1641,87023720,99998256,1744,54387382,22988715,1771,99998229,154341982,6964025,35756222,104163834,60237178,39762822,99920104,79896,28644790,1000,1000,1000,1000,1000,1000,1000
270000,10800,63658,269000000,1614000000,1000,6000,9997507498138,22164232,551471062,1339941094,3093,55833,995085,268989200,1000,601,335374,535988230,25692071,1974307929,2107390431,902213227,1097786773,431237423,100002395040,90115680,403947,2891172,201925386,786835660,1338907,546,5,40,1068,7632,1568877628,1613935741,125910952,12925979,140451813,1641,87074021,99998270,1730,53989789,23103022,1719,99998281,154570731,6964034,35824039,104415433,60068385,39931615,99919963,80037,28659779,1000,1000,1000,1000,1000,1000,1000
271000,10920,63843,270000000,1620000000,1000,6000,9997505337699,23759608,555063806,1339936237,3245,60538,993646,269989080,1000,1082,334670,537990868,25682987,1974317013,2107845644,901963219,1098036781,432990040,100002612172,90356840,384131,2866577,202180891,789187640,1338941,546,6,29,1044,7644,1574756382,1619935075,126122559,12875450,140947293,1650,87124550,99998333,1667,53594252,23217577,1754,99998246,154796941,6964047,35892363,104666158,59900587,40099413,99920262,79738,28674382,1000,1000,1000,1000,1000,1000,1000
272000,10950,63431,271000000,1626000000,1000,6000,9997507464547,21060299,554363989,1339938211,3543,58266,994835,270989050,1000,580,334046,539988430,25672661,1974327339,2108301817,901713763,1098286237,434738130,100002815305,90598478,378868,2849760,202442571,791544740,1338957,548,5,30,1028,7664,1580636476,1625935989,126334794,12825527,141442644,1659,87174473,99998328,1672,53198323,23331593,1738,99998262,155023761,6964063,35959394,104916254,59732107,40267893,99920497,79503,28688967,1000,1000,1000,1000,1000,1000,1000
273000,10620,63716,272000000,1632000000,1000,6000,9997504398803,23560632,558860547,1339938910,2928,58182,996029,271989380,1000,1099,332548,541986702,25666427,1974333573,2108752676,901465856,1098534144,436488477,100002973176,90837940,417107,2892176,202687835,793880872,1338952,550,14,42,1012,7684,1586515940,1631935185,126545173,12774996,141936744,1668,87225004,99998331,1669,52804232,23446061,1733,99998267,155248590,6964081,36027338,105165677,59565078,40434922,99920669,79331,28703417,1000,1000,1000,1000,1000,1000,1000
274000,10690,62023,273000000,1638000000,1000,6000,9997505152440,22243259,559542597,1339939393,2695,57932,995755,272989310,1000,1171,331558,543987110,25660575,1974339425,2109201989,901217191,1098782809,438240208,100003202561,91078820,384432,2839340,202957650,796230904,1338941,554,6,33,1040,7724,1592397119,1637936806,126756636,12723570,142428255,1671,87276430,99998294,1706,52412160,23560234,1719,99998281,155474784,6964093,36095004,105415344,59397808,40602192,99920630,79370,28718148,1000,1000,1000,1000,1000,1000,1000
275000,10380,63363,274000000,1644000000,1000,6000,9997501820662,25014468,564311854,1339935884,3633,60503,996149,273989620,1000,6765,331421,545986942,25654403,1974345597,2109650019,900969288,1099030712,439992123,100003364824,91318518,418019,2863537,203215168,798569180,1338975,554,8,33,1004,7724,1598270336,1643929872,126967076,12672645,142919667,1680,87327355,99998312,1688,52021245,23675344,1683,99998317,155699828,6964107,36161826,105663398,59231180,40768820,99920702,79298,28732752,1000,1000,1000,1000,1000,1000,1000
276000,10950,63666,275000000,1650000000,1000,6000,9997501668324,24603098,565899630,1339937567,2968,59485,995877,274989050,1000,5774,330824,547986346,25647602,1974352398,2110098183,900722919,1099277081,441745144,100003558741,91558340,419980,2852240,203475334,800908464,1338957,556,4,35,1024,7744,1604151112,1649930560,127177450,12622545,143410815,1680,87377455,99998297,1703,51629967,23789870,1729,99998271,155924858,6964121,36227744,105910378,59064774,40935226,99920780,79220,28747408,1000,1000,1000,1000,1000,1000,1000
277000,10650,63275,276000000,1656000000,1000,6000,9997506648181,19059503,562350521,1339934890,3007,62123,996818,275989350,1000,633,329202,549985064,25635815,1974364185,2110549635,900477285,1099522715,443498217,100003762034,91795926,411460,2842975,203723418,803227004,1338957,558,6,37,1020,7764,1610037850,1655936092,127386494,12571158,143899698,1686,87428842,99998339,1661,51241731,23904794,1661,99998339,156148173,6964132,36294509,106157645,58898543,41101457,99920839,79161,28761679,1000,1000,1000,1000,1000,1000,1000
278000,10580,63708,277000000,1662000000,1000,6000,9997501789692,23351141,568643376,1339937536,3061,59423,997008,276989420,1000,586,327918,551984824,25625325,1974374675,2110999252,900231896,1099768104,445252575,100003994595,92033454,374110,2798350,203977276,805544700,1338950,560,5,37,1028,7784,1615918699,1661935706,127595412,12518959,144387024,1689,87481041,99998363,1637,50854827,24019328,1755,99998245,156371200,6964145,36360495,106404331,58731952,41268048,99921126,78874,28775788,1000,1000,1000,1000,1000,1000,1000
279000,10600,63104,278000000,1668000000,1000,6000,9997498697913,25885155,573177361,1339937287,3263,59470,996843,277989400,1000,6443,327460,553985114,25620401,1974379599,2111442282,899985645,1100014355,447006598,100004164131,92270644,399101,2816047,204231398,807858720,1338963,564,2,47,1008,7824,1621794849,1667930453,127803997,12466585,144873303,1704,87533415,99998364,1636,50469096,24134110,1659,99998341,156594004,6964161,36427073,106651056,58566024,41433976,99921377,78623,28790007,1000,1000,1000,1000,1000,1000,1000
280000,10790,62442,279000000,1674000000,1000,6000,9997502396036,21628558,570917032,1339936832,2538,60650,996820,278989210,1000,555,325977,555984780,25612618,1974387382,2111886322,899741672,1100258328,448762281,100004376091,92505862,379937,2790452,204483316,810153932,1338988,564,3,45,984,7824,1627683790,1673937003,128010825,12410806,145355223,1710,87589194,99998398,1602,50088652,24249724,1665,99998335,156814964,6964171,36493975,106896522,58401592,41598408,99921487,78513,28804139,1000,1000,1000,1000,1000,1000,1000
281000,10330,63918,280000000,1680000000,1000,6000,9997502672586,20792246,572080020,1339936348,3242,60430,998002,279989670,1000,5736,325810,557983336,25603868,1974396132,2112331046,899496684,1100503316,450515836,100004562258,92742502,387670,2784480,204742054,812462980,1338991,566,10,39,980,7844,1633558812,1679930346,128218720,12358166,145839096,1716,87641834,99998427,1573,49705347,24364542,1817,99998183,157037103,6964184,36559736,107141690,58236429,41763571,99921581,78419,28818383,1000,1000,1000,1000,1000,1000,1000
282000,10490,63621,281000000,1686000000,1000,6000,9997504626077,18279500,571562635,1339934658,3324,62038,998478,280989510,1000,5836,323981,559982064,25592809,1974407191,2112776781,899253701,1100746299,452271569,100004699971,92977842,442653,2832096,204994378,814758700,1338996,566,1,55,968,7844,1639441339,1685930543,128425558,12304618,146321163,1719,87695382,99998397,1603,49324189,24479670,1671,99998329,157258157,6964196,36626154,107386514,58072239,41927761,99921785,78215,28832599,1000,1000,1000,1000,1000,1000,1000
283000,10630,63956,282000000,1692000000,1000,6000,9997501080224,21264404,576547985,1339937168,3507,59345,999180,281989370,1000,1144,323254,561980380,25581548,1974418452,2113220116,899010311,1100989689,454026476,100004945453,93213098,389807,2758088,205259661,817054284,1339044,566,6,26,944,7844,1645328068,1691934900,128632289,12250621,146800008,1725,87749379,99998355,1645,48946070,24594591,1744,99998256,157479077,6964215,36691937,107630650,57908075,42091925,99921840,78160,28846788,1000,1000,1000,1000,1000,1000,1000
284000,10330,62441,283000000,1698000000,1000,6000,9997497258064,24529766,581806912,1339935582,2893,61545,1000156,282989670,1000,6392,320996,563979028,25570195,1974429805,2113663371,898768738,1101231262,455783540,100005135404,93446254,391414,2750970,205512190,819329944,1339014,568,5,37,964,7876,1651207756,1697931167,128837581,12193770,147276855,1728,87806230,99998422,1578,48571086,24710334,1750,99998250,157698246,6964226,36758241,107874492,57744414,42255586,99921935,78065,28860665,1000,1000,1000,1000,1000,1000,1000
285000,10660,61829,284000000,1704000000,1000,6000,9997495326515,25906063,585184839,1339935863,3270,60887,999394,283989340,1000,1145,320735,565979892,25561665,1974438335,2114102175,898525285,1101474715,457540943,100005319445,93677672,397331,2764630,205748168,821587852,1339036,570,3,21,960,7896,1657097905,1703937026,129041092,12138038,147753390,1734,87861962,99998399,1601,48196521,24826124,1769,99998231,157915571,6964234,36826080,108118214,57582345,42417655,99922189,77811,28874479,1000,1000,1000,1000,1000,1000,1000
286000,10610,61376,285000000,1710000000,1000,6000,9997499128879,21548458,582824176,1339934606,3584,61830,1000259,284989390,1000,6817,319952,567978262,25551012,1974448988,2114542400,898283529,1101716471,459297541,100005500651,93910712,407846,2768324,205997521,823862460,1339012,572,5,35,968,7916,1662976165,1709931807,129246386,12083657,148230714,1737,87916343,99998441,1559,47821372,24942083,1772,99998228,158134646,6964250,36890903,108360769,57418394,42581606,99922356,77644,28888260,1000,1000,1000,1000,1000,1000,1000
287000,10820,62071,286000000,1716000000,1000,6000,9997495618423,24503916,587777517,1339936142,2619,61259,1000729,285989180,1000,6729,319610,569976902,25540696,1974459304,2114981400,898041937,1101958063,461054568,100005703883,94143542,395641,2741156,206254478,826135584,1339026,572,4,34,956,7916,1668859143,1715931200,129451498,12028657,148705899,1740,87971343,99998434,1566,47447681,25057510,1745,99998255,158353688,6964271,36955606,108602724,57255072,42744928,99922220,77780,28902190,1000,1000,1000,1000,1000,1000,1000
288000,10410,62462,287000000,1722000000,1000,6000,9997499546282,20020487,585291057,1339935530,2652,61838,1002356,286989590,1000,6249,319566,571974468,25526644,1974473356,2115420932,897800697,1102199303,462810887,100005873766,94376524,416689,2744555,206513437,828410028,1339027,574,5,24,964,7936,1674742740,1721931289,129656630,11975317,149180616,1743,88024683,99998454,1546,47075561,25174127,1729,99998271,158572837,6964278,37019799,108844015,57091991,42908009,99922047,77953,28916207,1000,1000,1000,1000,1000,1000,1000
289000,10390,62735,288000000,1728000000,1000,6000,9997494866589,24147076,591415767,1339936419,3043,60558,1002535,287989610,1000,6370,316349,573974150,25515308,1974484692,2115856629,897562666,1102437334,464572523,100006078308,94606510,400751,2721591,206761638,830654792,1338942,580,3,51,1024,7996,1680627350,1727930895,129859009,11918704,149650725,1743,88081296,99998395,1605,46707754,25290254,1728,99998272,158789041,6964293,37086333,109085278,56931087,43068913,99921996,78004,28930032,1000,1000,1000,1000,1000,1000,1000
290000,10700,61517,289000000,1734000000,1000,6000,9997492242919,26216936,595479925,1339934295,2792,62933,1003796,288989300,1000,6682,316424,575971008,25499481,1974500519,2116296253,897322826,1102677174,466329532,100006262710,94836796,405227,2711067,207016521,832901680,1338948,580,5,43,1024,8008,1686513113,1733931801,130061595,11861055,150119586,1746,88138945,99998440,1560,46341651,25406815,1629,99998371,159005427,6964302,37151121,109325052,56769901,43230099,99922186,77814,28943832,1000,1000,1000,1000,1000,1000,1000
291000,10230,63189,290000000,1740000000,1000,6000,9997496200858,21711868,592978313,1339935886,2707,61427,1003070,289989770,1000,567,316092,577973400,25492629,1974507371,2116725095,897083316,1102916684,468092389,100006395917,95065986,460235,2754603,207267832,835138196,1338959,582,12,29,1020,8028,1692402960,1739936244,130263210,11803045,150586692,1752,88196955,99998436,1564,45977667,25523596,1682,99998318,159220695,6964327,37216679,109564919,56609245,43390755,99922379,77621,28957485,1000,1000,1000,1000,1000,1000,1000
292000,11020,63361,291000000,1746000000,1000,6000,9997494580033,22779720,596043792,1339936805,3311,59904,1003868,290988980,1000,572,314781,579970224,25478880,1974521120,2117159822,896845887,1103154113,469851771,100006641253,95294384,402259,2693539,207509609,837366848,1338962,584,0,54,1004,8048,1698288583,1745936067,130464039,11746570,151054230,1761,88253430,99998432,1568,45613160,25640319,1725,99998275,159435207,6964340,37281969,109803672,56449465,43550535,99922528,77472,28971168,1000,1000,1000,1000,1000,1000,1000
293000,10620,63544,292000000,1752000000,1000,6000,9997490986732,25825604,601084631,1339935440,2848,61732,1005410,291989380,1000,1127,314332,581967940,25467192,1974532808,2117592439,896607558,1103392442,471611137,100006811461,95522426,419711,2701880,207757741,839592724,1338995,584,8,37,980,8048,1704173824,1751935329,130665150,11687715,151519509,1767,88312285,99998402,1598,45251056,25756947,1552,99998448,159649765,6964361,37346551,110042471,56288695,43711305,99922717,77283,28984615,1000,1000,1000,1000,1000,1000,1000
294000,10410,62738,293000000,1758000000,1000,6000,9997495197655,21065799,598325700,1339937276,2921,59823,1005666,292989590,1000,1169,313329,583967848,25455830,1974544170,2118022367,896370718,1103629282,473374192,100007029849,95749582,388061,2655670,208010116,841810672,1339008,584,9,23,980,8060,1710061010,1757936093,130865369,11627737,151981641,1770,88372263,99998432,1568,44892498,25873992,1608,99998392,159863452,6964374,37411124,110280327,56128880,43871120,99922649,77351,28998083,1000,1000,1000,1000,1000,1000,1000
295000,11220,62589,294000000,1764000000,1000,6000,9997498158727,17562429,596817365,1339932835,3442,63743,1005164,293988780,1000,6291,312389,585967232,25443753,1974556247,2118451662,896134249,1103865751,475137097,100007199265,95975710,404659,2661508,208258117,844018040,1338974,588,9,41,996,8100,1715942971,1763931120,131064485,11567676,152442252,1776,88432324,99998511,1489,44535420,25990915,1752,99998248,160075952,6964384,37476195,110517746,55969916,44030084,99922743,77257,29011467,1000,1000,1000,1000,1000,1000,1000
296000,10370,63382,295000000,1770000000,1000,6000,9997498469574,16704037,597957772,1339935016,3217,61787,1006629,294989630,1000,1075,310701,587966002,25430802,1974569198,2118879756,895899731,1104100269,476901335,100007350859,96201380,438807,2680811,208509258,846220756,1338955,590,10,39,1016,8120,1721834558,1769935543,131263424,11506915,152900772,1776,88493085,99998552,1448,44181079,26108410,1659,99998341,160288207,6964398,37540108,110753966,55810925,44189075,99922923,77077,29024783,1000,1000,1000,1000,1000,1000,1000
297000,10360,61988,296000000,1776000000,1000,6000,9997495542616,19085750,602338930,1339936736,3144,60140,1007309,295989640,1000,6306,309928,589964662,25418740,1974581260,2119305683,895663960,1104336040,478664208,100007574854,96427128,400339,2628460,208759627,848423740,1338978,590,5,33,1004,8120,1727717847,1775931706,131462044,11447494,153359508,1779,88552506,99998527,1473,43826610,26226081,1746,99998254,160500228,6964414,37604850,110990526,55652508,44347492,99923146,76854,29038184,1000,1000,1000,1000,1000,1000,1000
298000,10490,62489,297000000,1782000000,1000,6000,9997493307608,20779791,606031505,1339937652,2705,59663,1007337,296989510,1000,1086,308747,591964346,25408550,1974591450,2119729219,895428378,1104571622,480428303,100007715177,96651256,444884,2663174,209006257,850611612,1338994,592,5,33,988,8140,1733610501,1781936425,131659746,11386288,153815580,1788,88613712,99998458,1542,43474401,26343035,1733,99998267,160711012,6964421,37670082,111227296,55494052,44505948,99923416,76584,29051266,1000,1000,1000,1000,1000,1000,1000
299000,10680,63355,298000000,1788000000,1000,6000,9997489850909,23694990,610939831,1339934415,2589,63016,1008707,297989320,1000,1015,308469,593961226,25392936,1974607064,2120156166,895193229,1104806771,482190028,100007901660,96874552,442692,2653604,209249107,852791484,1338997,592,4,31,988,8140,1739498058,1787935630,131856801,11324864,154270359,1788,88675136,99998493,1507,43124527,26460941,1695,99998305,160921068,6964427,37734462,111462729,55336000,44664000,99923687,76313,29064267,1000,1000,1000,1000,1000,1000,1000
300000,10190,63397,299000000,1794000000,1000,6000,9997494622048,18386100,607633859,1339934567,3398,62055,1007879,298989810,1000,606,306988,595963862,25383361,1974616639,2120575018,894958705,1105041295,483958133,100008104586,97097038,423133,2636640,209482485,854963440,1338991,596,7,30,992,8180,1745387180,1793935997,132052977,11265892,154725519,1797,88734108,99998525,1475,42774254,26578879,1734,99998266,161130286,6964434,37800382,111698741,55178950,44821050,99923871,76129,29077309,1000,1000,1000,1000,1000,1000,1000
301000,10580,62212,300000000,1800000000,1000,6000,9997489003540,23463813,614703913,1339934826,2621,62573,1009803,299989420,1000,6222,305263,597959234,25368165,1974631835,2120998128,894726380,1105273620,485721169,100008266149,97320014,445781,2644907,209730962,857140344,1338963,600,5,32,1020,8220,1751271259,1799931566,132249866,11205316,155178075,1800,88794684,99998574,1426,42426965,26697082,1667,99998333,161340108,6964445,37863420,111932802,55020860,44979140,99924152,75848,29090242,1000,1000,1000,1000,1000,1000,1000
302000,10690,63031,301000000,1806000000,1000,6000,9997489935689,21999914,615238909,1339931177,3451,65392,1009690,300989310,1000,6378,306157,599959240,25358443,1974641557,2121415155,894491517,1105508483,487486296,100008499278,97541818,395556,2581728,209978000,859306880,1338974,600,5,33,1008,8220,1757159382,1805930591,132445903,11143826,155628564,1803,88856174,99998476,1524,42081052,26814624,1579,99998421,161549108,6964461,37927294,112166787,54863712,45136288,99924065,75935,29103205,1000,1000,1000,1000,1000,1000,1000
303000,11260,63839,302000000,1812000000,1000,6000,9997491717001,19680883,614922073,1339934732,2881,62407,1008854,301988740,1000,6320,305421,601959772,25347056,1974652944,2121831435,894258707,1105741293,489254002,100008639304,97761932,437565,2617378,210217870,861456324,1338974,602,4,26,1016,8240,1763048574,1811929841,132640336,11080999,156076344,1806,88919001,99998519,1481,41739029,26933078,1628,99998372,161756235,6964477,37991811,112400349,54707361,45292639,99924295,75705,29115899,1000,1000,1000,1000,1000,1000,1000
304000,11110,62264,303000000,1818000000,1000,6000,9997490405744,20452124,617687887,1339934110,3362,62548,1011381,302988890,1000,6705,304418,603955018,25329102,1974670898,2122253317,894027539,1105972461,491018070,100008818527,97981950,439910,2608472,210461255,863605564,1338963,606,9,40,1008,8292,1768939753,1817931031,132834750,11018565,156523239,1821,88981435,99998558,1442,41397574,27051353,1674,99998326,161963469,6964487,38055218,112632530,54551407,45448593,99924207,75793,29128719,1000,1000,1000,1000,1000,1000,1000
305000,10760,62844,304000000,1824000000,1000,6000,9997488125126,22206285,621437330,1339931683,2881,65456,1011754,303989240,1000,1156,303150,605954972,25320726,1974679274,2122663658,893796408,1106203592,492786878,100009023948,98201952,416232,2570161,210708331,865753208,1338984,608,11,21,1004,8312,1774834720,1823936000,133028903,10955757,156968625,1827,89044243,99998601,1399,41058460,27170377,1670,99998330,162170368,6964502,38118971,112864944,54395492,45604508,99924555,75445,29141465,1000,1000,1000,1000,1000,1000,1000
306000,10770,63405,305000000,1830000000,1000,6000,9997486108096,23690175,624922020,1339932794,2919,64307,1011706,304989230,1000,570,302699,607955048,25308250,1974691750,2123077609,893565097,1106434903,494555631,100009184294,98421144,437309,2576298,210955075,867893224,1338981,612,2,29,1008,8352,1780725147,1829936025,133222567,10892586,157412433,1836,89107414,99998533,1467,40720088,27288417,1619,99998381,162376627,6964514,38182271,113096718,54239613,45760387,99924936,75064,29154060,1000,1000,1000,1000,1000,1000,1000
307000,10450,62415,306000000,1836000000,1000,6000,9997488775941,20486666,623716606,1339933707,3435,62878,1013058,305989550,1000,1116,300925,609952984,25292771,1974707229,2123493433,893336222,1106663778,496324680,100009334161,98639060,467969,2598694,211193960,870021432,1338976,614,6,34,1004,8372,1786616632,1835936469,133415228,10829067,157855161,1842,89170933,99998572,1428,40383301,27406828,1662,99998338,162581752,6964526,38245199,113327379,54084344,45915656,99925210,74790,29166524,1000,1000,1000,1000,1000,1000,1000
308000,10660,64208,307000000,1842000000,1000,6000,9997485591086,23143327,628375087,1339934174,3107,62739,1011476,306989340,1000,6541,300203,611955728,25281590,1974718410,2123902437,893106235,1106893765,498097424,100009544626,98856004,436940,2556198,211436141,872140112,1338950,618,8,30,1032,8412,1792500940,1841929251,133606975,10764076,158294523,1845,89235924,99998578,1422,40050475,27525879,1648,99998352,162786011,6964539,38309198,113558101,53930133,46069867,99925388,74612,29179036,1000,1000,1000,1000,1000,1000,1000
309000,10900,63373,308000000,1848000000,1000,6000,9997485112555,23090957,630316389,1339932672,3472,63876,1013511,307989100,1000,6375,299207,613951178,25264749,1974735251,2124316032,892877664,1107122336,499864293,100009734704,99071562,425672,2541810,211668686,874245596,1338919,622,5,36,1060,8452,1798394160,1847930252,133797626,10699827,158733147,1848,89300173,99998637,1363,39718029,27644322,1763,99998237,162988924,6964549,38372648,113787678,53776268,46223732,99925650,74350,29191298,1000,1000,1000,1000,1000,1000,1000
310000,10550,63371,309000000,1854000000,1000,6000,9997489647154,18024079,627247700,1339936096,2889,61035,1015511,308989450,1000,6333,298450,615947878,25249541,1974750459,2124726632,892649032,1107350968,501632349,100009921786,99287718,417444,2517526,211914360,876357452,1338946,622,8,30,1036,8452,1804286126,1853930296,133989104,10634826,159169983,1854,89365174,99998600,1400,39387601,27763160,1579,99998421,163192826,6964561,38435419,114017079,53622062,46377938,99925652,74348,29203722,1000,1000,1000,1000,1000,1000,1000
311000,10710,62533,310000000,1860000000,1000,6000,9997485000168,22150668,633369811,1339931993,3169,64858,1015537,309989290,1000,6447,297898,617947506,25237946,1974762054,2125131546,892420165,1107579835,503403099,100010075904,99502354,440770,2529523,212155066,878454404,1338950,624,7,43,1020,8472,1810179531,1859931020,134178927,10568848,159604218,1863,89431152,99998606,1394,39060266,27882466,1634,99998366,163395046,6964572,38499820,114246509,53469430,46530570,99925607,74393,29216119,1000,1000,1000,1000,1000,1000,1000
312000,10720,63545,311000000,1866000000,1000,6000,9997486241921,20383281,633603270,1339935088,2454,62478,1015508,310989280,1000,6209,297057,619947544,25225844,1974774156,2125535557,892192942,1107807058,505175898,100010282811,99717074,411681,2487848,212395763,880551332,1338937,628,5,30,1048,8512,1816071395,1865930246,134368808,10504175,160038465,1866,89495825,99998528,1472,38732952,28001709,1586,99998414,163597234,6964588,38562633,114474589,53316470,46683530,99925868,74132,29228426,1000,1000,1000,1000,1000,1000,1000
313000,10780,63442,312000000,1872000000,1000,6000,9997488988195,17115658,632336544,1339935821,3218,60981,1015464,311989220,1000,644,295736,621947512,25214763,1974785237,2125936313,891965405,1108034595,506948318,100010417243,99929704,453579,2524741,212629507,882628128,1338880,634,5,27,1108,8572,1821970745,1871935914,134556863,10438597,160469454,1866,89561403,99998611,1389,38408938,28120805,1659,99998341,163797410,6964599,38627689,114703458,53164778,46835222,99926123,73877,29240547,1000,1000,1000,1000,1000,1000,1000
314000,10760,63463,313000000,1878000000,1000,6000,9997484645722,20943339,638157351,1339930248,2829,66943,1015709,312989240,1000,621,295676,623947062,25201732,1974798268,2126337398,891737515,1108262485,508719965,100010594852,100142620,452921,2519786,212861794,884708120,1338865,636,8,31,1116,8592,1827864288,1877935916,134745519,10374882,160901463,1869,89625118,99998614,1386,38084602,28240474,1623,99998377,163998059,6964612,38690982,114931421,53012101,46987899,99926422,73578,29252540,1000,1000,1000,1000,1000,1000,1000
315000,10640,62568,314000000,1884000000,1000,6000,9997485145754,19919880,639135527,1339934743,2466,62811,1015961,313989360,1000,6852,293817,625946798,25188064,1974811936,2126736954,891511371,1108488629,510493546,100010743051,100355404,481612,2528779,213109527,886786576,1338883,636,7,26,1104,8592,1833752560,1883930580,134933992,10309006,161329209,1872,89690994,99998657,1343,37764633,28360213,1618,99998382,164198491,6964623,38754441,115159435,52859505,47140495,99926809,73191,29264499,1000,1000,1000,1000,1000,1000,1000
316000,10380,63532,315000000,1890000000,1000,6000,9997485004723,19540479,640744586,1339930021,2867,67132,1019655,314989620,1000,6083,293079,627939930,25168316,1974831684,2127142476,891285498,1108714502,512260791,100010936040,100566478,464280,2497981,213349712,888849692,1338902,638,10,32,1076,8612,1839646827,1889930385,135121418,10241739,161755134,1884,89758261,99998659,1341,37446128,28479444,1549,99998451,164397716,6964637,38817238,115386060,52707476,47292524,99926916,73084,29276298,1000,1000,1000,1000,1000,1000,1000
317000,10340,63071,316000000,1896000000,1000,6000,9997480425359,23604090,646807081,1339930567,2828,66625,1020381,315989660,1000,655,292877,629938558,25156302,1974843698,2127538254,891059469,1108940531,514033380,100011143004,100776204,431491,2463525,213577628,890897512,1338907,638,15,22,1076,8612,1845547853,1895936274,135306920,10175484,162180243,1884,89824516,99998680,1320,37128640,28598912,1556,99998444,164595065,6964647,38881671,115612301,52557515,47442485,99927429,72571,29288145,1000,1000,1000,1000,1000,1000,1000
318000,10640,62183,317000000,1902000000,1000,6000,9997484074223,19445264,644649162,1339930173,3327,66520,1019542,316989360,1000,7021,292114,631939636,25148042,1974851958,2127928076,890834176,1109165824,515809153,100011332850,100986900,417056,2425675,213827033,892956096,1338915,638,9,32,1064,8612,1851437027,1901930796,135493675,10107938,162602529,1887,89892062,99998681,1319,36814625,28718947,1630,99998370,164793581,6964659,38944506,115838369,52406043,47593957,99927762,72238,29299906,1000,1000,1000,1000,1000,1000,1000
319000,10810,64320,318000000,1908000000,1000,6000,9997479677981,23330865,650532603,1339929572,2211,68237,1019261,317989190,1000,609,292577,633939858,25134822,1974865178,2128320431,890607659,1109392341,517582846,100011489141,101195680,434554,2432574,214063718,894997608,1338901,640,3,32,1084,8632,1857336911,1907935071,135679248,10041705,163023735,1887,89958295,99998709,1291,36501751,28838950,1584,99998416,164990825,6964671,39008341,116064435,52255483,47744517,99927663,72337,29311577,1000,1000,1000,1000,1000,1000,1000
320000,10730,63197,319000000,1914000000,1000,6000,9997483802411,18689448,647890098,1339931016,3334,65670,1020573,318989270,1000,1232,290276,635937394,25117767,1974882233,2128714517,890384769,1109615231,519357479,100011640934,101403906,456647,2444037,214299460,897033252,1338850,648,7,23,1140,8712,1863233294,1913935571,135864301,9975751,163443627,1893,90024249,99998757,1243,36190722,28959284,1633,99998367,165187343,6964684,39071422,116289639,52104825,47895175,99927852,72148,29323042,1000,1000,1000,1000,1000,1000,1000
321000,10420,63912,320000000,1920000000,1000,6000,9997483175424,18806480,650007602,1339932931,2783,64306,1021162,319989580,1000,620,290510,637936836,25104776,1974895224,2129103067,890160059,1109839941,521132194,100011824916,101610924,445136,2426757,214529727,899055448,1338838,652,7,19,1156,8752,1869129680,1919935468,136047806,9909579,163861599,1899,90090421,99998686,1314,35881264,29079325,1616,99998384,165382369,6964701,39135452,116514132,51955883,48044117,99928327,71673,29334563,1000,1000,1000,1000,1000,1000,1000
322000,10470,63615,321000000,1926000000,1000,6000,9997482177746,19289690,652485133,1339932487,3013,64520,1022786,320989530,1000,5709,288175,639933488,25084829,1974915171,2129497397,889938539,1110061461,522907314,100011984815,101818322,458524,2424119,214769543,901082692,1338835,654,4,29,1152,8772,1875021188,1925930676,136232069,9843105,164278368,1905,90156895,99998799,1201,35573468,29199677,1684,99998316,165578005,6964713,39197802,116737999,51805739,48194261,99928638,71362,29345936,1000,1000,1000,1000,1000,1000,1000
323000,10020,61427,322000000,1932000000,1000,6000,9997480915769,20043462,655235549,1339932913,2097,65010,1024022,321989980,1000,6859,287803,641931916,25069274,1974930726,2129885344,889714655,1110285345,524681852,100012154161,102023866,461093,2415414,215005075,903091924,1338762,662,6,32,1220,8852,1880919450,1931931714,136414892,9774307,164691606,1908,90225693,99998664,1336,35269739,29320425,1619,99998381,165772064,6964719,39261713,116962261,51656624,48343376,99928954,71046,29357172,1000,1000,1000,1000,1000,1000,1000
324000,11110,62843,323000000,1938000000,1000,6000,9997480301332,20150704,657347276,1339936108,2734,61178,1022483,322988890,1000,7069,286928,643932814,25056420,1974943580,2130268020,889491913,1110508087,526460001,100012322373,102228758,463736,2412099,215234724,905095380,1338784,662,4,36,1196,8852,1886815378,1937930088,136597121,9708486,165104886,1914,90291514,99998727,1273,34965801,29441112,1570,99998430,165965632,6964726,39325786,117185885,51508412,48491588,99928981,71019,29368511,1000,1000,1000,1000,1000,1000,1000
325000,11200,63770,324000000,1944000000,1000,6000,9997477411903,22540833,661734076,1339931937,2751,65332,1022224,323988800,1000,6619,287411,645933152,25041785,1974958215,2130650563,889269854,1110730146,528238267,100012493693,102433160,463178,2397107,215470737,907093688,1338773,664,3,40,1204,8872,1892712699,1943929611,136778869,9641240,165515232,1917,90358760,99998733,1267,34665145,29562023,1567,99998433,166158598,6964739,39388063,117407474,51360318,48639682,99929191,70809,29379729,1000,1000,1000,1000,1000,1000,1000
326000,10590,63496,325000000,1950000000,1000,6000,9997481832317,17616125,658803755,1339931340,2929,65751,1024502,324989410,1000,1111,285387,647929816,25025399,1974974601,2131034982,889049838,1110950162,530014903,100012659251,102636820,467810,2395848,215698667,909085600,1338777,664,7,32,1204,8872,1898616651,1949935393,136960166,9574978,165926154,1917,90425022,99998722,1278,34363363,29682317,1592,99998408,166351049,6964751,39451126,117629526,51212483,48787517,99929209,70791,29390883,1000,1000,1000,1000,1000,1000,1000
327000,10380,62984,326000000,1956000000,1000,6000,9997477231730,21710002,664891888,1339933256,2091,64673,1026997,325989620,1000,1245,283991,649925246,25005550,1974994450,2131419079,888829193,1111170807,531789670,100012850545,102839204,445524,2371798,215922508,911064776,1338760,666,6,30,1224,8892,1904515836,1955935771,137140273,9508819,166334604,1917,90491181,99998764,1236,34065316,29803852,1555,99998445,166542288,6964769,39515342,117851585,51065772,48934228,99929243,70757,29402015,1000,1000,1000,1000,1000,1000,1000
328000,10630,64329,327000000,1962000000,1000,6000,9997476102916,22341415,667523097,1339930728,2687,66605,1026282,326989370,1000,6372,284210,651926176,24991256,1975008744,2131797180,888607666,1111392334,533569056,100013009387,103041960,456344,2360988,216165468,913048008,1338737,668,8,31,1244,8912,1910407985,1961929299,137320917,9439619,166739364,1917,90560381,99998804,1196,33770749,29925084,1531,99998469,166733971,6964786,39578101,118072910,50918245,49081755,99929286,70714,29413054,1000,1000,1000,1000,1000,1000,1000
329000,10680,61578,328000000,1968000000,1000,6000,9997478679885,19267649,666447605,1339930264,2237,67519,1026639,327989320,1000,1106,284680,653925362,24975547,1975024453,2132173485,888386303,1111613697,535346861,100013186344,103242708,447343,2346300,216391950,915009944,1338700,674,8,32,1280,8972,1916315625,1967937316,137499243,9372068,167142876,1923,90627932,99998792,1208,33477692,30046490,1610,99998390,166923242,6964804,39642576,118293821,50772754,49227246,99929727,70273,29423999,1000,1000,1000,1000,1000,1000,1000
330000,10560,63081,329000000,1974000000,1000,6000,9997479502211,17949226,667123290,1339928329,2950,68741,1028120,328989440,1000,1115,282035,655922640,24957907,1975042093,2132549589,888168043,1111831957,537125863,100013367432,103443350,434216,2319911,216626199,916971464,1338648,678,9,31,1332,9024,1922213790,1973935804,137677855,9304803,167544390,1923,90695197,99998780,1220,33186481,30167705,1494,99998506,167112766,6964820,39706709,118514742,50626878,49373122,99930037,69963,29434911,1000,1000,1000,1000,1000,1000,1000
331000,10590,63129,330000000,1980000000,1000,6000,9997476980021,19974168,671145627,1339929121,2706,68193,1029332,329989410,1000,1210,281618,657920156,24940283,1975059717,2132924676,887949011,1112050989,538904339,100013501670,103643430,467839,2343034,216856070,918928488,1338622,682,5,21,1372,9064,1928113605,1979935661,137856184,9237867,167945775,1923,90762133,99998784,1216,32895958,30289318,1546,99998454,167301846,6964828,39769339,118734199,50480802,49519198,99930230,69770,29445662,1000,1000,1000,1000,1000,1000,1000
332000,10630,63396,331000000,1986000000,1000,6000,9997476842640,19615157,672784473,1339931357,2688,65975,1030454,330989370,1000,574,279613,659917832,24922595,1975077405,2133297340,887731829,1112268171,540684819,100013683793,103841802,452397,2315135,217087824,920869232,1338664,682,7,25,1324,9064,1934014788,1985936030,138033299,9168810,168342645,1935,90831190,99998782,1218,32610037,30410828,1496,99998504,167489510,6964842,39832523,118953400,50335334,49664666,99930425,69575,29456211,1000,1000,1000,1000,1000,1000,1000
333000,10530,62961,332000000,1992000000,1000,6000,9997480177744,15793755,670956263,1339926611,2084,71325,1031099,331989470,1000,6875,279867,661916742,24905866,1975094134,2133667346,887512932,1112487068,542464814,100013854100,104039840,448229,2296559,217320818,922805780,1338633,686,9,26,1352,9104,1939909901,1991930164,138209673,9100094,168738123,1938,90899906,99998860,1140,32325554,30532470,1544,99998456,167676528,6964860,39896098,119172061,50190892,49809108,99930739,69261,29466855,1000,1000,1000,1000,1000,1000,1000
334000,10750,63751,333000000,1998000000,1000,6000,9997475087905,20389994,677557179,1339930724,2197,67099,1031318,332989250,1000,5977,281093,663915864,24889948,1975110052,2134035020,887292427,1112707573,544243421,100014025488,104237472,442994,2285214,217546166,924737908,1338632,688,6,22,1360,9124,1945811192,1997930272,138385710,9033397,169134393,1941,90966603,99998851,1149,32040486,30654170,1588,99998412,167863060,6964870,39960340,119391350,50046340,49953660,99931292,68708,29477350,1000,1000,1000,1000,1000,1000,1000
335000,10340,63513,334000000,2004000000,1000,6000,9997476113447,18876280,678039593,1339929480,2377,68163,1032461,333989660,1000,1104,279587,665914398,24872891,1975127109,2134401818,887076074,1112923926,546025586,100014169351,104434802,464656,2286989,217783888,926669264,1338609,690,6,25,1380,9144,1951717637,2003935383,138561913,8964587,169527192,1941,91035413,99998811,1189,31759515,30776608,1605,99998395,168049873,6964886,40023232,119609225,49901967,50098033,99931168,68832,29487960,1000,1000,1000,1000,1000,1000,1000
336000,11100,61582,335000000,2010000000,1000,6000,9997470112145,24387878,685557028,1339933753,3182,63085,1031426,334988900,1000,1226,279008,667914948,24857943,1975142057,2134764524,886859159,1113140841,547809204,100014314802,104630412,483333,2296723,218010424,928582028,1338576,692,11,33,1400,9164,1957621640,2009937192,138736275,8896556,169918269,1941,91103444,99998877,1123,31479854,30898528,1500,99998500,168234739,6964903,40087389,119826736,49759117,50240883,99931498,68502,29498464,1000,1000,1000,1000,1000,1000,1000
337000,10600,62495,336000000,2016000000,1000,6000,9997472711250,21308817,684466274,1339928127,2265,69628,1033295,335989400,1000,6313,277528,669912210,24839285,1975160715,2135129575,886643695,1113356305,549590987,100014500534,104825914,461474,2260425,218241816,930494424,1338545,698,6,21,1448,9224,1963517886,2015931192,138910590,8829085,170308158,1944,91170915,99998798,1202,31200853,31019976,1465,99998535,168419611,6964918,40151147,120043695,49616473,50383527,99931597,68403,29509021,1000,1000,1000,1000,1000,1000,1000
338000,10710,62627,337000000,2022000000,1000,6000,9997471940421,21599726,686757886,1339927454,3065,69501,1032740,336989290,1000,557,276420,671913100,24824762,1975175238,2135487105,886427982,1113572018,551376158,100014648485,105020048,477639,2259621,218475541,932393732,1338534,700,4,26,1456,9244,1969426442,2021936816,139084145,8759798,170693988,1947,91240202,99998937,1063,30927272,31142239,1521,99998479,168603177,6964924,40214441,120260522,49472951,50527049,99932094,67906,29519032,1000,1000,1000,1000,1000,1000,1000
339000,10910,62110,338000000,2028000000,1000,6000,9997471441133,21612703,688769408,1339929852,2680,67488,1034019,337989090,1000,6892,276305,673910142,24803471,1975196529,2135848982,886211398,1113788602,553156606,100014785914,105213192,502784,2277904,218699180,934282908,1338518,702,10,28,1464,9264,1975324051,2027930998,139256593,8692686,171079767,1950,91307314,99998856,1144,30653717,31264660,1449,99998551,168785819,6964934,40279090,120477231,49331085,50668915,99932466,67534,29529226,1000,1000,1000,1000,1000,1000,1000
340000,10870,63251,339000000,2034000000,1000,6000,9997474670741,17901020,687053444,1339930824,2176,67020,1035735,338989130,1000,1108,275418,675906790,24783390,1975216610,2136208136,885996490,1114003510,554938340,100014978498,105406216,472761,2228447,218934419,936171884,1338487,706,7,34,1492,9304,1981232180,2033935641,139429173,8624190,171462588,1953,91375810,99998895,1105,30383179,31387113,1408,99998592,168968566,6964940,40342645,120693032,49189006,50810994,99932615,67385,29539393,1000,1000,1000,1000,1000,1000,1000
341000,10950,62558,340000000,2040000000,1000,6000,9997474667830,17424452,688575822,1339931297,2481,66242,1036534,339989050,1000,6357,275048,677905032,24764912,1975235088,2136564289,885781332,1114218668,556721415,100015133470,105596846,478998,2230042,219154567,938037248,1338510,708,7,27,1476,9324,1987132308,2039931085,139599708,8554500,171843255,1962,91445500,99998952,1048,30115251,31509661,1462,99998538,169148901,6964949,40407247,120908569,49047871,50952129,99933049,66951,29549193,1000,1000,1000,1000,1000,1000,1000
342000,10640,62372,341000000,2046000000,1000,6000,9997472994287,18627424,691771390,1339925112,3161,71747,1037603,340989360,1000,1108,273999,679903514,24746804,1975253196,2136917922,885568003,1114431997,558506556,100015281592,105787910,492181,2231017,219381092,939906928,1338551,708,7,22,1440,9324,1993042211,2045936520,139770500,8486559,172223433,1971,91513441,99998886,1114,29847601,31632104,1576,99998424,169329599,6964961,40470657,121122959,48906797,51093203,99933383,66617,29559099,1000,1000,1000,1000,1000,1000,1000
343000,10940,62662,342000000,2052000000,1000,6000,9997469097128,22044052,697184612,1339929214,1949,68857,1039255,341989060,1000,6865,272827,681899610,24724426,1975275574,2137272558,885354211,1114645789,560288852,100015416446,105977496,517349,2253616,219598635,941763244,1338542,710,8,34,1436,9344,1998941370,2051930473,139940345,8420147,172602375,1977,91579853,99998931,1069,29581800,31755109,1567,99998433,169509302,6964969,40535500,121337931,48766526,51233474,99933411,66589,29568957,1000,1000,1000,1000,1000,1000,1000
344000,10260,63726,343000000,2058000000,1000,6000,9997473410495,17262229,694405964,1339927963,3242,68815,1039028,342989740,1000,6614,272868,683901424,24709559,1975290441,2137618321,885140662,1114859338,562077102,100015613754,106167236,480538,2197073,219832036,943621084,1338571,710,5,20,1424,9344,2004845687,2057929660,140110564,8351770,172977822,1980,91648230,99998912,1088,29319262,31877760,1444,99998556,169689260,6964984,40598282,121551454,48625524,51374476,99933562,66438,29578696,1000,1000,1000,1000,1000,1000,1000
345000,10770,62616,344000000,2064000000,1000,6000,9997470788604,19413885,698551273,1339926790,2776,70454,1039808,343989230,1000,5766,271228,685898844,24689458,1975310542,2137967040,884928514,1115071486,563862352,100015761345,106357110,493920,2187706,220068461,945479800,1338555,714,6,31,1428,9384,2010752706,2063931618,140280654,8284490,173352606,1989,91715510,99998972,1028,29057984,32000915,1564,99998436,169868990,6965006,40661282,121765264,48484354,51515646,99933928,66072,29588336,1000,1000,1000,1000,1000,1000,1000
346000,10470,64184,345000000,2070000000,1000,6000,9997472945916,16782581,697922164,1339929592,3019,67409,1040929,344989530,1000,6469,271787,687897202,24667830,1975332170,2138314984,884714922,1115285078,565647108,100015894995,106543898,518231,2211341,220282242,947307992,1338540,716,2,30,1448,9404,2016657040,2069929347,140447981,8217674,173725458,1989,91782326,99999007,993,28798519,32123918,1479,99998521,170045933,6965016,40726230,121978307,48345875,51654125,99934234,65766,29597952,1000,1000,1000,1000,1000,1000,1000
347000,11060,62149,346000000,2076000000,1000,6000,9997465549315,23710810,706847402,1339931686,2045,66289,1041072,345988940,1000,6334,270128,689895736,24647883,1975352117,2138659167,884503935,1115496065,567434643,100016051075,106730826,520670,2206150,220502425,949138008,1338513,718,9,30,1468,9424,2022565745,2075931517,140615514,8151530,174097149,1989,91848470,99999000,1000,28540420,32246987,1571,99998429,170222943,6965028,40790309,122190965,48206773,51793227,99934573,65427,29607429,1000,1000,1000,1000,1000,1000,1000
348000,10490,63429,347000000,2082000000,1000,6000,9997470917183,17882788,703014261,1339929195,2619,68206,1043009,346989510,1000,6437,269095,691893002,24631862,1975368138,2138998305,884292600,1115707400,569220565,100016234071,106916966,495385,2171775,220724032,950961224,1338508,720,14,10,1488,9444,2028471291,2081930134,140782759,8084626,174466818,1989,91915374,99999000,1000,28284207,32369920,1436,99998564,170399665,6965037,40854395,122403342,48067959,51932041,99934642,65358,29616906,1000,1000,1000,1000,1000,1000,1000
349000,10650,63492,348000000,2088000000,1000,6000,9997465806624,22531991,709664154,1339930657,2041,67322,1042963,347989350,1000,6346,269723,693892774,24616266,1975383734,2139335732,884079947,1115920053,571007668,100016374087,107102482,512278,2174604,220950163,952777928,1338465,726,8,35,1512,9504,2034378558,2087930162,140949178,8016168,174833700,1998,91983832,99998973,1027,28030807,32492965,1355,99998645,170575638,6965053,40919125,122615383,47930202,52069798,99934702,65298,29626460,1000,1000,1000,1000,1000,1000,1000
350000,10550,64213,349000000,2094000000,1000,6000,9997467791701,20083402,709212285,1339930615,2309,67096,1043902,348989450,1000,1086,267635,695891096,24594235,1975405765,2139676197,883869839,1116130161,572795874,100016533370,107287294,509886,2161442,221172846,954587600,1338431,730,13,24,1552,9544,2040290689,2093934701,141114789,7950293,175199742,1998,92049707,99998993,1007,27778268,32615786,1622,99998378,170750567,6965061,40984354,122827587,47792545,52207455,99934996,65004,29635778,1000,1000,1000,1000,1000,1000,1000
351000,10700,63124,350000000,2100000000,1000,6000,9997469509932,17908046,709034855,1339929161,2564,68295,1044463,349989300,1000,1064,267934,697889674,24575278,1975424722,2140010992,883658038,1116341962,574582644,100016708461,107471838,491364,2130641,221396681,956394872,1338447,732,5,20,1548,9564,2046199527,2099935812,141280510,7885271,175564719,2004,92114729,99999032,968,27527491,32739315,1575,99998425,170925611,6965068,41048788,123039096,47654793,52345207,99935215,64785,29645101,1000,1000,1000,1000,1000,1000,1000
352000,10780,62669,351000000,2106000000,1000,6000,9997471403569,15559777,708680502,1339925650,2188,72182,1045309,350989220,1000,1144,267982,699887822,24554118,1975445882,2140345757,883447417,1116552583,576370154,100016884157,107655068,470978,2101042,221616543,958190476,1338427,734,5,32,1556,9584,2052108286,2105936187,141445316,7820176,175927716,2007,92179824,99998982,1018,27278931,32863069,1496,99998504,171099731,6965085,41113200,123249686,47517929,52482071,99935075,64925,29654415,1000,1000,1000,1000,1000,1000,1000
353000,10580,62851,352000000,2112000000,1000,6000,9997468480547,18023447,713142457,1339927750,2167,70103,1046771,351989420,1000,1014,266743,701885298,24531843,1975468157,2140679747,883238404,1116761596,578158607,100016983859,107837562,526269,2138560,221844644,959977744,1338472,734,11,29,1508,9584,2058016987,2111936135,141609241,7753375,176286687,2019,92246625,99999046,954,27034081,32986352,1487,99998513,171272806,6965095,41177837,123459948,47381454,52618546,99935343,64657,29663565,1000,1000,1000,1000,1000,1000,1000
354000,10510,63421,353000000,2118000000,1000,6000,9997470742522,15306576,712425564,1339929243,2527,68250,1047465,352989490,1000,1059,265764,703884050,24511878,1975488122,2141009867,883029372,1116970628,579948319,100017145630,108018330,518434,2127815,222057593,961747520,1338467,736,3,34,1516,9604,2063925987,2117935520,141771619,7687705,176645163,2022,92312295,99999026,974,26789576,33109275,1446,99998554,171444133,6965103,41243376,123669967,47245923,52754077,99935870,64130,29672514,1000,1000,1000,1000,1000,1000,1000
355000,10300,62532,354000000,2124000000,1000,6000,9997469249869,16348465,715462284,1339929401,2272,68347,1049316,353989700,1000,6188,264240,705880768,24492978,1975507022,2141337175,882821367,1117178633,581737021,100017318794,108199786,499879,2093014,222283368,963524584,1338471,736,8,37,1504,9604,2069831019,2123931280,141934719,7621618,177002097,2025,92378382,99999017,983,26547246,33232828,1471,99998529,171616179,6965114,41307708,123879507,47109661,52890339,99936298,63702,29681460,1000,1000,1000,1000,1000,1000,1000
356000,11100,62789,355000000,2130000000,1000,6000,9997465278666,19875183,720982478,1339924692,2801,72527,1049881,354988900,1000,6246,264108,707878038,24473113,1975526887,2141661826,882612795,1117387205,583525708,100017473868,108379628,497907,2072524,222510642,965285908,1338497,736,7,24,1492,9604,2075740783,2129930965,142096388,7554259,177354606,2028,92445741,99999041,959,26309843,33356842,1454,99998546,171786753,6965125,41372564,124088222,46974707,53025293,99936667,63333,29690365,1000,1000,1000,1000,1000,1000,1000
357000,10450,61887,356000000,2136000000,1000,6000,9997470799019,13906378,717011089,1339926125,2196,71699,1051959,355989550,1000,6752,264173,709875182,24452521,1975547479,2141985848,882404403,1117595597,585314444,100017603877,108558786,520268,2089582,222724240,967041892,1338485,738,4,19,1512,9636,2081651599,2135931361,142257671,7490846,177709302,2031,92509154,99999026,974,26069811,33480444,1484,99998516,171956971,6965141,41437494,124296565,46840229,53159771,99936628,63372,29699300,1000,1000,1000,1000,1000,1000,1000
358000,10440,63853,357000000,2142000000,1000,6000,9997463787024,20475522,725580447,1339923471,2763,73786,1051140,356989560,1000,1114,264263,711876840,24432712,1975567288,2142306467,882195951,1117804049,587107636,100017761035,108736476,514560,2081358,222935105,968782984,1338459,742,3,30,1528,9676,2087566424,2141935033,142417643,7425965,178060779,2037,92574035,99999034,966,25833890,33604763,1483,99998517,172125700,6965155,41503412,124504941,46706528,53293472,99936823,63177,29708057,1000,1000,1000,1000,1000,1000,1000
359000,10800,62125,358000000,2148000000,1000,6000,9997460994411,22822035,729928154,1339928716,2425,68879,1051312,357989200,1000,6783,261959,713875776,24414599,1975585401,2142623329,881990565,1118009435,588901179,100017876876,108914310,550687,2101431,223158902,970525932,1338440,744,9,23,1548,9696,2093473565,2147931092,142578050,7360227,178409484,2037,92639773,99999044,956,25600889,33729094,1430,99998570,172294734,6965162,41567956,124712638,46572002,53427998,99937044,62956,29716684,1000,1000,1000,1000,1000,1000,1000
360000,10850,62707,359000000,2154000000,1000,6000,9997464497069,18880585,727984336,1339927079,2619,70322,1052229,358989150,1000,694,262790,715873842,24394801,1975605199,2142939682,881781923,1118218077,590690587,100018063433,109091674,515774,2045445,223387772,972264108,1338430,746,4,30,1556,9716,2099390389,2153936599,142737945,7294774,178755840,2040,92705226,99999090,910,25369833,33852976,1440,99998560,172463208,6965178,41633046,124920465,46437844,53562156,99937331,62669,29725263,1000,1000,1000,1000,1000,1000,1000
361000,10630,63188,360000000,2160000000,1000,6000,9997459650727,23287359,734384576,1339924898,2318,72804,1053424,359989370,1000,1144,261001,717871892,24371317,1975628683,2143257493,881576515,1118423485,592483217,100018205302,109268134,524959,2035624,223613801,973993164,1338378,754,3,27,1612,9796,2105301224,2159935668,142896894,7229361,179100537,2046,92770639,99999051,949,25140880,33977215,1572,99998428,172630646,6965190,41698284,125127674,46304362,53695638,99937728,62272,29733752,1000,1000,1000,1000,1000,1000,1000
362000,10510,63260,361000000,2166000000,1000,6000,9997462334483,20160772,733258448,1339928926,2507,68587,1055229,360989490,1000,574,260439,719868522,24349585,1975650415,2143571189,881370798,1118629202,594274115,100018357129,109442852,522669,2023896,223829663,975704944,1338372,758,9,23,1616,9836,2111214361,2165936166,143054480,7163653,179443287,2055,92836347,99999071,929,24914644,34102133,1448,99998552,172796627,6965205,41763782,125333968,46171961,53828039,99938183,61817,29742147,1000,1000,1000,1000,1000,1000,1000
363000,10570,62846,362000000,2172000000,1000,6000,9997461009183,21052902,736140042,1339924725,2191,73104,1057306,361989430,1000,1175,259018,721864248,24325697,1975674303,2143883920,881166273,1118833727,596065308,100018462707,109616984,565873,2059655,224043051,977412152,1338382,760,4,22,1612,9856,2117127107,2171935979,143211618,7100537,179785503,2061,92899463,99999083,917,24688929,34227089,1459,99998541,172962214,6965213,41829496,125539922,46040170,53959830,99938262,61738,29750596,1000,1000,1000,1000,1000,1000,1000
364000,11100,62573,363000000,2178000000,1000,6000,9997462202876,19427592,736515119,1339925220,2721,72079,1057622,362988900,1000,6313,259556,723862556,24307165,1975692835,2144188871,880960024,1119039976,597857353,100018621054,109790888,556391,2033902,224265106,979116304,1338405,760,6,21,1588,9856,2123035290,2177931114,143368480,7035962,180124617,2067,92964038,99999110,890,24467112,34352730,1427,99998573,173127414,6965227,41895035,125745647,45908322,54091678,99938646,61354,29758934,1000,1000,1000,1000,1000,1000,1000
365000,10930,63276,364000000,2184000000,1000,6000,9997460984648,20216735,739300346,1339925481,2319,72220,1058520,363989070,1000,6416,257650,725861100,24287426,1975712574,2144492870,880756785,1119243215,599652647,100018813940,109963084,511162,1980758,224478263,980804256,1338414,760,8,22,1576,9856,2128948386,2183930308,143524060,6972030,180462009,2070,93027970,99999094,906,24246768,34477957,1354,99998646,173291170,6965238,41960963,125950803,45777270,54222730,99938972,61028,29767110,1000,1000,1000,1000,1000,1000,1000
366000,10710,62696,365000000,2190000000,1000,6000,9997458105359,22669283,743752978,1339924972,2341,72707,1058595,364989290,1000,1124,257923,727861390,24267400,1975732600,2144795077,880551486,1119448514,601447624,100018907674,110134794,564215,2020852,224696230,982487524,1338431,760,11,26,1552,9856,2134868403,2189936180,143678942,6908257,180797079,2076,93091743,99999146,854,24028412,34602978,1409,99998591,173454353,6965252,42027723,126155843,45647291,54352709,99939129,60871,29775411,1000,1000,1000,1000,1000,1000,1000
367000,10340,63049,366000000,2196000000,1000,6000,9997465025223,15322422,738400665,1339923723,1780,74517,1060069,365989660,1000,648,257060,729859182,24243465,1975756535,2145098861,880348342,1119651658,603242262,100019064252,110306128,554701,1997425,224914239,984166912,1338425,760,11,32,1552,9856,2140782859,2195936303,143833771,6845549,181131168,2076,93154451,99999129,871,23811254,34728001,1324,99998676,173617274,6965262,42093095,126359860,45516738,54483262,99939525,60475,29783503,1000,1000,1000,1000,1000,1000,1000
368000,10570,63920,367000000,2202000000,1000,6000,9997458159002,21760272,746836162,1339924097,3122,72801,1061809,366989430,1000,6925,255597,731855242,24220744,1975779256,2145399688,880145799,1119854201,605035771,100019243421,110476588,521638,1956043,225126467,985838288,1338468,760,4,20,1528,9856,2146690481,2201929155,143987677,6783004,181464498,2082,93216996,99999076,924,23595640,34853829,1458,99998542,173779286,6965270,42159415,126563874,45387150,54612850,99939725,60275,29791609,1000,1000,1000,1000,1000,1000,1000
369000,10870,63125,368000000,2208000000,1000,6000,9997458529950,20969091,748044763,1339924423,2421,73176,1062149,367989130,1000,598,257750,733853962,24201056,1975798944,2145694919,879940417,1120059583,606829094,100019339166,110646650,572259,1990303,225346098,987506788,1338471,760,12,21,1516,9856,2152612572,2207936277,144141806,6720884,181795371,2085,93279116,99999105,895,23382246,34979206,1451,99998549,173941310,6965285,42224320,126767118,45256706,54743294,99939860,60140,29799504,1000,1000,1000,1000,1000,1000,1000
370000,10560,63025,369000000,2214000000,1000,6000,9997463486923,15589556,744663421,1339925758,2575,71687,1063386,368989440,1000,1188,256166,735852108,24177991,1975822009,2145990962,879738112,1120261888,608624923,100019524329,110814766,531579,1944835,225554904,989154900,1338510,760,5,25,1480,9856,2158528024,2213935787,144293873,6659356,182123940,2094,93340644,99999140,860,23170831,35104236,1359,99998641,174101244,6965297,42291888,126971019,45128240,54871760,99940255,59745,29807371,1000,1000,1000,1000,1000,1000,1000
371000,10510,63884,370000000,2220000000,1000,6000,9997456838326,21820686,752889503,1339924886,2584,72550,1064875,369989490,1000,604,254866,737849230,24155453,1975844547,2146283522,879536352,1120463648,610420269,100019645338,110982162,554638,1961028,225764762,990795720,1338500,760,6,34,1480,9868,2164444051,2219935512,144445116,6597655,182450238,2097,93402345,99999151,849,22962521,35230006,1435,99998565,174260266,6965313,42359279,127174095,45000334,54999666,99940758,59242,29815150,1000,1000,1000,1000,1000,1000,1000
372000,10610,62777,371000000,2226000000,1000,6000,9997464012342,14229578,747292830,1339926115,1988,71917,1066659,370989390,1000,572,253041,739845462,24132979,1975867021,2146574917,879335669,1120664331,612215809,100019782267,111149838,561899,1953163,225982394,992440416,1338453,766,7,20,1540,9928,2170361349,2225936651,144596961,6536993,182775738,2097,93463007,99999128,872,22754239,35355070,1401,99998599,174419957,6965322,42425643,127376612,44872027,55127973,99940928,59072,29822996,1000,1000,1000,1000,1000,1000,1000
373000,10820,63688,372000000,2232000000,1000,6000,9997455748181,22084911,757150349,1339924674,2729,72617,1065704,371989180,1000,590,253709,741846952,24114974,1975885026,2146858200,879133372,1120866628,614014989,100019917541,111316236,569531,1946311,226198537,994071964,1338439,768,10,23,1548,9948,2176277220,2231935722,144747430,6475649,183098028,2100,93524351,99999179,821,22550356,35481315,1376,99998624,174578261,6965335,42492486,127578254,44745063,55254937,99941201,58799,29830831,1000,1000,1000,1000,1000,1000,1000
374000,10590,63883,373000000,2238000000,1000,6000,9997456660655,20761583,757821248,1339923893,2537,73590,1067545,372989410,1000,5905,252336,743843730,24093176,1975906824,2147144492,878932994,1121067006,615811376,100020045998,111481998,583461,1951064,226409374,995698312,1338381,774,10,33,1596,10008,2182188826,2237930212,144897508,6415913,183420522,2103,93584087,99999162,838,22345581,35606850,1422,99998578,174736152,6965348,42559798,127780018,44618424,55381576,99941206,58794,29838644,1000,1000,1000,1000,1000,1000,1000
375000,10420,63156,374000000,2244000000,1000,6000,9997460108491,16899586,755957100,1339925944,1872,72204,1068951,373989580,1000,622,251947,745841258,24068524,1975931476,2147430917,878732780,1121267220,617608679,100020201384,111646788,569831,1920618,226626832,997314684,1338421,774,6,21,1572,10008,2188112441,2243936222,145046735,6353608,183738663,2109,93646392,99999167,833,22146118,35733200,1426,99998574,174893045,6965359,42626517,127980632,44492195,55507805,99941422,58578,29846310,1000,1000,1000,1000,1000,1000,1000
376000,10420,62280,375000000,2250000000,1000,6000,9997459244363,17358909,758415752,1339924073,2780,73167,1069335,374989580,1000,6321,252108,747840490,24049027,1975950973,2147711005,878531146,1121468854,619406268,100020335995,111811030,577222,1916028,226840368,998925648,1338428,776,2,22,1568,10028,2194025496,2249931399,145195767,6292714,184056600,2115,93707286,99999188,812,21946442,35858880,1352,99998648,175049490,6965368,42693793,128182114,44365402,55634598,99941873,58127,29853723,1000,1000,1000,1000,1000,1000,1000
377000,10610,62376,376000000,2256000000,1000,6000,9997462751685,13445940,756494765,1339921923,2312,75785,1071054,375989390,1000,5855,251003,749836672,24023807,1975976193,2147993202,878331697,1121668303,621202992,100020496487,111975266,558189,1881367,227056632,1000537304,1338426,776,11,27,1556,10028,2199943748,2255931769,145344785,6234549,184373931,2118,93765451,99999144,856,21747586,35984948,1295,99998705,175206098,6965377,42760518,128382677,44239154,55760846,99941959,58041,29861313,1000,1000,1000,1000,1000,1000,1000
378000,10240,63768,377000000,2262000000,1000,6000,9997456529565,19265636,764312385,1339922455,2173,75392,1072477,376989760,1000,5901,250789,751834566,24003075,1975996925,2148268475,878131526,1121868474,623000705,100020601211,112137866,593929,1909223,227264862,1002132664,1338436,778,5,27,1552,10048,2205861009,2261930331,145492292,6175830,184689024,2124,93824170,99999247,753,21551867,36111706,1342,99998658,175360983,6965387,42828162,128583072,44113781,55886219,99942241,57759,29868691,1000,1000,1000,1000,1000,1000,1000
379000,10740,63018,378000000,2268000000,1000,6000,9997460354948,15036771,762081907,1339925564,1864,72592,1073071,377989260,1000,5831,248879,753832378,23981465,1976018535,2148543027,877933255,1122066745,624800240,100020765433,112299944,569766,1871230,227478872,1003723516,1338442,780,9,9,1560,10068,2211780789,2267931151,145639526,6116766,185001702,2127,93883234,99999237,763,21357979,36237836,1363,99998637,175515554,6965393,42895789,128783259,43988558,56011442,99942386,57614,29876028,1000,1000,1000,1000,1000,1000,1000
380000,11320,62418,379000000,2274000000,1000,6000,9997453748608,21246516,770287291,1339921759,2814,75447,1073751,378988680,1000,1032,248950,755829858,23958537,1976041463,2148815931,877733617,1122266383,626598075,100020913093,112460322,560849,1860304,227680482,1005297368,1338443,780,7,22,1548,10068,2217705999,2273936550,145785233,6058858,185313126,2130,93941142,99999212,788,21165886,36364382,1333,99998667,175668473,6965400,42964080,128982833,43864487,56135513,99942656,57344,29883240,1000,1000,1000,1000,1000,1000,1000
381000,10650,62025,380000000,2280000000,1000,6000,9997453032856,21563197,772604096,1339924486,2875,72659,1075429,379989350,1000,6919,248255,757827842,23937044,1976062956,2149085844,877536064,1122463936,628398492,100021022577,112620122,589545,1883905,227883816,1006865280,1338410,782,11,31,1568,10088,2223620604,2279931056,145930284,6000815,185622678,2130,93999185,99999190,810,20975487,36490752,1331,99998669,175820741,6965414,43031725,129181095,43741087,56258913,99942961,57039,29890457,1000,1000,1000,1000,1000,1000,1000
382000,10600,63620,381000000,2286000000,1000,6000,9997455582014,18620198,771653949,1339922607,2283,75130,1077175,380989400,1000,6509,247577,759824450,23913168,1976086832,2149355480,877338312,1122661688,630197333,100021200131,112779918,550295,1833499,228093396,1008432856,1338400,784,11,33,1576,10108,2229539520,2285929871,146075292,5943433,185930508,2133,94056567,99999243,757,20787162,36617428,1342,99998658,175972917,6965429,43099498,129379540,43617583,56382417,99943389,56611,29897625,1000,1000,1000,1000,1000,1000,1000
383000,10460,63176,382000000,2292000000,1000,6000,9997458704379,15106803,770141460,1339922669,2993,74358,1077818,381989540,1000,6236,248021,761823444,23893192,1976106808,2149619214,877139722,1122860278,631997723,100021313423,112939182,575289,1847305,228302676,1009996776,1338380,788,10,26,1604,10148,2235460603,2291930588,146220319,5887244,186237537,2136,94112756,99999303,697,20599653,36743952,1388,99998612,176124945,6965443,43166633,129577700,43493559,56506441,99943568,56432,29904626,1000,1000,1000,1000,1000,1000,1000
384000,10430,62487,383000000,2298000000,1000,6000,9997458329423,15089541,772117578,1339923465,2240,74315,1080027,382989570,1000,647,246479,763819086,23868416,1976131584,2149884275,876943130,1123056870,633796763,100021451748,113097338,574407,1836591,228510674,1011549192,1338393,792,5,26,1596,10188,2241387801,2297936866,146364299,5831059,186541863,2148,94168941,99999276,724,20415526,36871066,1369,99998631,176275828,6965453,43234603,129775844,43370288,56629712,99943951,56049,29911529,1000,1000,1000,1000,1000,1000,1000
385000,11000,62773,384000000,2304000000,1000,6000,9997457971741,15063033,774088029,1339921274,2367,76379,1079779,383989000,1000,6136,246031,765818442,23848448,1976151552,2150143583,876745728,1123254272,635598705,100021584825,113255422,578237,1821728,228727248,1013100416,1338386,794,8,22,1604,10208,2247302983,2303931091,146507928,5773721,186843789,2151,94226279,99999234,766,20233482,36998012,1349,99998651,176426518,6965465,43302958,129973706,43247842,56752158,99944294,55706,29918590,1000,1000,1000,1000,1000,1000,1000
386000,10520,63690,385000000,2310000000,1000,6000,9997457207908,15443082,776469177,1339921013,3140,75867,1080564,384989480,1000,6588,246470,767817832,23828427,1976171573,2150399657,876548048,1123451952,637400400,100021704138,113412336,594403,1824951,228937414,1014641092,1338358,796,11,27,1624,10228,2253223156,2309929722,146650548,5718479,187144617,2151,94281521,99999261,739,20052698,37125210,1360,99998640,176576292,6965480,43371902,130170962,43126684,56873316,99944256,55744,29925744,1000,1000,1000,1000,1000,1000,1000
387000,10760,64446,386000000,2316000000,1000,6000,9997453209894,19055024,782081181,1339925032,2640,72348,1080760,385989240,1000,6631,244401,769816960,23806753,1976193247,2150655133,876352894,1123647106,639204358,100021827850,113569142,607338,1819164,229153269,1016180928,1338324,800,3,29,1664,10268,2259143952,2315928923,146793495,5663599,187443843,2151,94336401,99999299,701,19873814,37252287,1416,99998584,176725974,6965496,43439664,130368201,43003942,56996058,99944577,55423,29932479,1000,1000,1000,1000,1000,1000,1000
388000,10630,63656,387000000,2322000000,1000,6000,9997451053603,20836443,785853026,1339917508,2612,79900,1082295,386989370,1000,558,245223,771814150,23782909,1976217091,2150910771,876155471,1123844529,641004119,100021994534,113723198,574745,1783176,229353399,1017693336,1338324,802,5,19,1672,10288,2265073786,2321935786,146933978,5608081,187740216,2154,94391919,99999330,670,19697569,37379073,1292,99998708,176873112,6965502,43509098,130564808,42883424,57116576,99944960,55040,29939134,1000,1000,1000,1000,1000,1000,1000
389000,10700,62433,388000000,2328000000,1000,6000,9997458599400,12913618,779927456,1339917141,2962,79917,1083363,387989300,1000,6844,244436,773811874,23761781,1976238219,2151160991,875959547,1124040453,642805904,100022116857,113877780,586826,1776761,229568522,1019211668,1338292,806,8,20,1700,10328,2270991430,2327930723,147074867,5552970,188034312,2157,94447030,99999300,700,19523558,37505898,1365,99998635,177020738,6965517,43578409,130761534,42762746,57237254,99945095,54905,29945871,1000,1000,1000,1000,1000,1000,1000
390000,10840,62816,389000000,2334000000,1000,6000,9997454714897,16416408,785430152,1339922016,2401,75603,1084829,388989160,1000,6594,243808,775808662,23738895,1976261105,2151410765,875765054,1124234946,644608192,100022214855,114031874,622918,1794955,229781669,1020725536,1338284,806,7,29,1700,10328,2276914250,2333930590,147215646,5498359,188327586,2157,94501641,99999257,743,19351238,37633523,1234,99998766,177168188,6965524,43646100,130956662,42641980,57358020,99945192,54808,29952542,1000,1000,1000,1000,1000,1000,1000
391000,10540,64135,390000000,2340000000,1000,6000,9997455439106,15319807,786327914,1339919770,2688,77562,1086758,389989460,1000,552,243112,777805404,23716300,1976283700,2151657222,875570549,1124429451,646410418,100022381814,114183294,588138,1769675,229967323,1022212312,1338249,810,6,25,1740,10368,2282843261,2339935313,147353755,5446408,188620893,2157,94553592,99999328,672,19179398,37761417,1255,99998745,177312724,6965535,43716057,131151874,42523152,57476848,99945621,54379,29958969,1000,1000,1000,1000,1000,1000,1000
392000,10710,63178,391000000,2346000000,1000,6000,9997450577953,19804221,792813468,1339923562,2012,74446,1087388,390989290,1000,6201,243428,779803804,23693126,1976306874,2151903182,875375449,1124624551,648213702,100022489213,114335774,613804,1783169,230174244,1023710896,1338257,810,9,26,1728,10368,2288762329,2345930621,147493132,5393438,188911893,2160,94606562,99999336,664,19009590,37889080,1320,99998680,177458569,6965551,43784416,131346674,42403179,57596821,99945707,54293,29965437,1000,1000,1000,1000,1000,1000,1000
393000,10880,62993,392000000,2352000000,1000,6000,9997449052319,20961210,795961507,1339920570,2212,77238,1089155,391989120,1000,6368,240954,781799930,23668443,1976331557,2152147071,875183044,1124816956,650017413,100022627214,114487862,608657,1758992,230388188,1025204376,1338260,810,7,25,1728,10368,2294686303,2351930639,147631975,5341047,189199890,2160,94658953,99999291,709,18842730,38016628,1294,99998706,177603823,6965561,43853284,131541563,42283569,57716431,99946146,53854,29971848,1000,1000,1000,1000,1000,1000,1000
394000,10790,62363,393000000,2358000000,1000,6000,9997452236310,17415708,794418821,1339920128,2543,77349,1088038,392989210,1000,6805,241147,783802344,23651768,1976348232,2152380925,874988098,1125011902,651824870,100022755217,114639238,612850,1746761,230599352,1026691984,1338266,810,5,33,1716,10368,2300610808,2357930832,147770384,5289733,189487059,2163,94710267,99999360,640,18676934,38144396,1320,99998680,177748624,6965572,43922423,131736327,42164336,57835664,99946292,53708,29978240,1000,1000,1000,1000,1000,1000,1000
395000,10670,63928,394000000,2364000000,1000,6000,9997448990354,20294762,799297886,1339923554,2262,74204,1089369,393989330,1000,1224,240727,785799922,23630959,1976369041,2152616448,874793698,1125206302,653628037,100022896237,114788998,602622,1730896,230799874,1028163032,1338297,810,9,22,1692,10368,2306539944,2363934848,147907199,5238627,189772632,2169,94761373,99999312,688,18513278,38272630,1305,99998695,177891750,6965583,43993061,131931158,42046454,57953546,99946619,53381,29984551,1000,1000,1000,1000,1000,1000,1000
396000,10180,63988,395000000,2370000000,1000,6000,9997454807817,14120198,795119570,1339920072,2458,77490,1090216,394989820,1000,6487,240788,787799208,23612057,1976387943,2152848602,874599640,1125400360,655433256,100023031909,114939286,598370,1705112,231015473,1029639808,1338301,812,14,17,1688,10388,2312459476,2369929525,148044714,5186721,190055868,2175,94813279,99999362,638,18351982,38400863,1258,99998742,178035552,6965592,44062126,132125164,41927800,58072200,99946858,53142,29990838,1000,1000,1000,1000,1000,1000,1000
397000,10710,62333,396000000,2376000000,1000,6000,9997453935030,14624121,797625174,1339926898,2458,70664,1091556,395989290,1000,657,239392,789795468,23588635,1976411365,2153082526,874407439,1125592561,657237306,100023121813,115087740,638112,1732313,231221631,1031098036,1338303,812,7,22,1688,10388,2318392734,2375937010,148180333,5135314,190336857,2175,94864686,99999311,689,18192836,38528977,1235,99998765,178177442,6965601,44132655,132318770,41810994,58189006,99947165,52835,29997109,1000,1000,1000,1000,1000,1000,1000
398000,10370,62960,397000000,2382000000,1000,6000,9997450426488,17783337,802769228,1339915112,2965,81943,1093350,396989630,1000,609,237922,791792560,23565098,1976434902,2153315259,874215804,1125784196,659042751,100023294776,115235052,594402,1684771,231418511,1032545196,1338306,814,2,16,1696,10408,2324318498,2381936431,148315062,5084920,190617459,2178,94915080,99999359,641,18034082,38656849,1297,99998703,178318192,6965613,44203085,132511887,41694328,58305672,99947634,52366,30003130,1000,1000,1000,1000,1000,1000,1000
399000,10730,63442,398000000,2388000000,1000,6000,9997450076763,17766778,804755305,1339922890,1842,75288,1094720,397989270,1000,1163,238496,793789100,23539440,1976460560,2153546585,874022700,1125977300,660846177,100023422606,115382390,595789,1673062,231624192,1033993536,1338319,814,11,18,1672,10408,2330243793,2387935395,148450111,5035584,190896048,2184,94964416,99999366,634,17877757,38785152,1283,99998717,178459274,6965623,44272642,132704427,41577378,58422622,99947861,52139,30009163,1000,1000,1000,1000,1000,1000,1000
400000,10750,62440,399000000,2394000000,1000,6000,9997449841943,17646507,806630041,1339921831,2186,76003,1096405,398989250,1000,6756,237292,795785690,23516146,1976483854,2153774013,873831982,1126168018,662652041,100023505230,115529142,641843,1709472,231825786,1035436016,1338313,814,13,22,1672,10408,2336165826,2393930804,148584591,4987193,191174175,2184,95012807,99999334,666,17721982,38913530,1261,99998739,178599780,6965631,44342144,132896357,41460976,58539024,99948095,51905,30015189,1000,1000,1000,1000,1000,1000,1000
401000,10790,63304,400000000,2400000000,1000,6000,9997453437639,13701967,804684871,1339920706,2324,76990,1096907,399989210,1000,588,238601,797784606,23496226,1976503774,2153995168,873638653,1126361347,664457622,100023668890,115674652,605636,1661473,232029598,1036866228,1338330,814,8,22,1660,10408,2342098375,2399936108,148717845,4937783,191448606,2187,95062217,99999386,614,17570209,39042206,1274,99998726,178739049,6965637,44412946,133088383,41345767,58654233,99948302,51698,30021204,1000,1000,1000,1000,1000,1000,1000
402000,10450,64067,401000000,2406000000,1000,6000,9997450302341,16487146,809462300,1339916245,2947,80828,1098876,400989550,1000,611,237335,799781348,23470883,1976529117,2154220450,873448482,1126551518,666264182,100023777827,115819224,623562,1673279,232227239,1038287436,1338341,814,9,22,1648,10408,2348025303,2405935322,148850439,4888772,191722329,2190,95111228,99999364,636,17419259,39170881,1214,99998786,178877542,6965648,44483598,133279831,41230870,58769130,99948531,51469,30027103,1000,1000,1000,1000,1000,1000,1000
403000,10860,63597,402000000,2412000000,1000,6000,9997449424845,17015501,811987798,1339919021,1641,79358,1099648,401989140,1000,6426,236691,801778984,23448500,1976551500,2154439275,873257419,1126742581,668070742,100023893204,115964598,635755,1671070,232433237,1039716680,1338333,816,9,22,1656,10428,2353947270,2411929977,148983624,4843086,191995929,2193,95156914,99999425,575,17268564,39299727,1330,99998670,179016665,6965661,44554009,133471551,41115499,58884501,99948717,51283,30033041,1000,1000,1000,1000,1000,1000,1000
404000,10480,62338,403000000,2418000000,1000,6000,9997453877326,12221561,809192052,1339917540,2164,80316,1100291,402989520,1000,633,235857,803778458,23430412,1976569588,2154653028,873067587,1126932413,669880373,100024033574,116107782,621092,1648881,232631549,1041123968,1338341,816,3,20,1656,10428,2359882730,2417937029,149114947,4794611,192266007,2193,95205389,99999376,624,17121325,39428391,1217,99998783,179153813,6965672,44625013,133662228,41001651,58998349,99949030,50970,30038866,1000,1000,1000,1000,1000,1000,1000
405000,10760,63190,404000000,2424000000,1000,6000,9997449662329,16091784,815062077,1339919482,2254,78284,1101012,403989240,1000,1059,235544,805776456,23409121,1976590879,2154866900,872877255,1127122745,671688034,100024132595,116251044,648112,1662122,232835999,1042532188,1338381,816,12,19,1608,10428,2365809821,2423935751,149246343,4747633,192534732,2205,95252367,99999388,612,16975734,39557261,1254,99998746,179290933,6965677,44695715,133852878,40887427,59112573,99949406,50594,30044590,1000,1000,1000,1000,1000,1000,1000
406000,10790,62779,405000000,2430000000,1000,6000,9997444649240,20764582,821734161,1339920918,2517,76585,1101863,404989210,1000,6745,234638,807774694,23388889,1976611111,2155076868,872687684,1127312316,673496693,100024223789,116393304,682002,1682851,233039671,1043930876,1338411,816,10,27,1572,10428,2371733416,2429930476,149376901,4701602,192801330,2214,95298398,99999394,606,16832035,39685885,1254,99998746,179427207,6965685,44767074,134043363,40774017,59225983,99949668,50332,30050306,1000,1000,1000,1000,1000,1000,1000
407000,10310,63545,406000000,2436000000,1000,6000,9997451491574,13580994,816549948,1339922000,2400,75620,1103161,405989690,1000,5883,234808,809773058,23366079,1976633921,2155288093,872497159,1127502841,675304525,100024398236,116535036,632071,1623740,233239167,1045324340,1338443,816,7,10,1560,10428,2377662646,2435930572,149506861,4656052,193067556,2217,95343948,99999365,635,16689141,39814949,1326,99998674,179562896,6965692,44838934,134233725,40661244,59338756,99949903,50097,30056035,1000,1000,1000,1000,1000,1000,1000
408000,10970,62713,407000000,2442000000,1000,6000,9997448862967,15874904,820838188,1339918890,2541,78589,1103759,406989030,1000,6842,234493,811770542,23344147,1976655853,2155496207,872307967,1127692033,677112806,100024525296,116675752,629019,1610171,233439311,1046708380,1338365,824,10,17,1628,10508,2383592157,2441930445,149636378,4609514,193331142,2220,95390486,99999375,625,16549507,39944501,1145,99998855,179698010,6965703,44910129,134423243,40548518,59451482,99950086,49914,30061632,1000,1000,1000,1000,1000,1000,1000
409000,10640,61911,408000000,2448000000,1000,6000,9997442609162,21789829,828749313,1339920233,2058,77729,1105908,407989360,1000,6888,233965,813766904,23319331,1976680669,2155705154,872119395,1127880605,678920585,100024649163,116816020,628885,1599877,233638482,1048087980,1338366,824,5,21,1628,10508,2389522779,2447931201,149765261,4564722,193593981,2220,95435278,99999435,565,16410228,40073574,1236,99998764,179832406,6965714,44981383,134612354,40436174,59563826,99950343,49657,30067145,1000,1000,1000,1000,1000,1000,1000
410000,10230,62947,409000000,2454000000,1000,6000,9997443996651,20070418,829027876,1339919577,2194,78249,1106545,408989770,1000,5680,232792,815766450,23297866,1976702134,2155908262,871931773,1128068227,680732494,100024739575,116955660,661289,1621408,233838172,1049461196,1338405,824,11,24,1580,10508,2395453131,2453931373,149893453,4520376,193855029,2232,95479624,99999413,587,16272909,40202908,1280,99998720,179966191,6965729,45053187,134801164,40324761,59675239,99950546,49454,30072738,1000,1000,1000,1000,1000,1000,1000
411000,11250,62037,410000000,2460000000,1000,6000,9997449590018,14148407,825098645,1339917306,2200,80514,1107012,409988750,1000,6813,230816,817763476,23275651,1976724349,2156109801,871745250,1128254750,682542986,100024865981,117094910,657520,1611103,234033278,1050831208,1338401,826,10,21,1588,10528,2401383282,2459931150,150021598,4478656,194116413,2235,95521344,99999460,540,16135352,40332278,1214,99998786,180099876,6965740,45124632,134989674,40213236,59786764,99950628,49372,30078278,1000,1000,1000,1000,1000,1000,1000
412000,10730,63216,411000000,2466000000,1000,6000,9997443970918,19439697,832388966,1339916751,2412,80857,1108304,410989270,1000,680,231532,819761932,23253984,1976746016,2156308664,871556202,1128443798,684352384,100024997199,117233404,648536,1590258,234233404,1052193188,1338385,828,4,23,1608,10548,2407318988,2465936104,150148867,4435729,194374554,2235,95564271,99999450,550,16001073,40461568,1263,99998737,180232573,6965750,45196561,135178016,40102251,59897749,99950940,49060,30083706,1000,1000,1000,1000,1000,1000,1000
413000,10190,62635,412000000,2472000000,1000,6000,9997442501628,20578689,835528415,1339920599,2984,76437,1110526,411989810,1000,6828,230368,821758568,23232480,1976767520,2156505308,871369458,1128630542,686162269,100025112567,117371746,655292,1580299,234438098,1053554184,1338403,828,10,23,1584,10548,2413244250,2471930537,150276232,4393486,194631321,2241,95606514,99999410,590,15868136,40590802,1229,99998771,180365336,6965757,45267907,135365931,39991080,60008920,99951148,48852,30089104,1000,1000,1000,1000,1000,1000,1000
414000,10870,63866,413000000,2478000000,1000,6000,9997445856313,16903738,833842549,1339915504,2031,82485,1111967,412989130,1000,6347,230704,823754326,23208359,1976791641,2156701870,871181513,1128818487,687970074,100025207015,117509430,682688,1589950,234643450,1054908832,1338419,828,6,23,1572,10548,2419174658,2477929787,150403066,4351515,194886207,2244,95648485,99999467,533,15737723,40720554,1247,99998753,180497446,6965765,45339242,135553548,39880074,60119926,99951420,48580,30094380,1000,1000,1000,1000,1000,1000,1000
415000,10200,62274,414000000,2484000000,1000,6000,9997448128542,14304656,833246761,1339920613,2764,76643,1114168,413989800,1000,6865,230494,825751264,23188768,1976811232,2156892847,870994901,1129005099,689780391,100025338884,117645334,670966,1570632,234837888,1056246320,1338430,828,5,13,1572,10548,2425107780,2483930861,150528326,4308590,195139461,2244,95691410,99999459,541,15609254,40850588,1245,99998755,180627955,6965774,45411311,135740379,39770561,60229439,99951559,48441,30099629,1000,1000,1000,1000,1000,1000,1000
416000,10320,62227,415000000,2490000000,1000,6000,9997449170027,12948487,833881453,1339917385,1815,80820,1115668,414989680,1000,6410,229731,827748024,23168350,1976831650,2157081841,870808874,1129191126,691591114,100025459316,117781116,670826,1559252,235035949,1057582140,1338386,830,16,26,1592,10568,2431040390,2489931363,150653468,4267314,195391434,2244,95732686,99999478,522,15481973,40980455,1202,99998798,180758272,6965784,45483319,135927179,39660944,60339056,99951884,48116,30104804,1000,1000,1000,1000,1000,1000,1000
417000,10230,63978,416000000,2496000000,1000,6000,9997443878792,17920295,840856152,1339919921,2761,77338,1116747,415989770,1000,1022,230181,829746046,23149064,1976850936,2157268121,870621989,1129378011,693402242,100025544570,117916520,705438,1587386,235228860,1058913916,1338408,830,7,25,1580,10568,2436976325,2495935000,150778107,4228125,195643734,2247,95771875,99999470,530,15354160,41110120,1217,99998783,180888086,6965793,45555474,136113623,39551830,60448170,99952275,47725,30109979,1000,1000,1000,1000,1000,1000,1000
418000,10810,62702,417000000,2502000000,1000,6000,9997446745549,14737202,839664524,1339919066,1694,79260,1118210,416989190,1000,6991,228730,831741960,23125339,1976874661,2157456152,870437124,1129562876,695213282,100025680320,118051862,689254,1558464,235427929,1060246160,1338419,830,7,14,1580,10568,2442903961,2501930307,150902886,4189552,195894471,2247,95810448,99999438,562,15228395,41240347,1222,99998778,181018120,6965802,45627530,136299948,39442816,60557184,99952314,47686,30115234,1000,1000,1000,1000,1000,1000,1000
419000,9970,63421,418000000,2508000000,1000,6000,9997444998682,16174346,843098240,1339916085,2555,81380,1119264,417990030,1000,1132,227001,833741532,23107195,1976892805,2157637184,870252561,1129747439,697028279,100025843137,118186408,645633,1501368,235627682,1061570828,1338408,830,8,24,1580,10568,2448841828,2507935447,151027085,4149548,196142997,2247,95850452,99999487,513,15105560,41371158,1239,99998761,181147439,6965814,45699875,136486252,39333977,60666023,99952392,47608,30120354,1000,1000,1000,1000,1000,1000,1000
420000,10300,63460,419000000,2514000000,1000,6000,9997447589974,13270032,842199241,1339918021,2523,79476,1118336,418989700,1000,632,229260,835742728,23086779,1976913221,2157817760,870064462,1129935538,698841364,100025934615,118319962,672656,1515973,235825948,1062885040,1338401,830,8,31,1580,10568,2454775512,2513935908,151150278,4110223,196389348,2247,95889777,99999493,507,14984731,41501700,1236,99998764,181275652,6965826,45772574,136672104,39225844,60774156,99952704,47296,30125374,1000,1000,1000,1000,1000,1000,1000
421000,10990,63179,420000000,2520000000,1000,6000,9997445983157,14565314,845488017,1339918140,2289,79591,1119701,419989010,1000,5681,227223,837738618,23064034,1976935966,2157998638,869881414,1130118586,700654196,100026030551,118452336,693707,1532148,236015960,1064187964,1338415,830,9,16,1580,10568,2460704557,2519931140,151272339,4071908,196634883,2247,95928092,99999424,576,14864844,41632472,1211,99998789,181402837,6965836,45845856,136857199,39119155,60880845,99952784,47216,30130498,1000,1000,1000,1000,1000,1000,1000
422000,10510,63786,421000000,2526000000,1000,6000,9997440372646,19865695,852783132,1339916437,2620,80963,1121836,420989490,1000,978,226324,839735308,23038724,1976961276,2158179495,869697460,1130302540,702466916,100026186819,118584258,654635,1484627,236209307,1065486128,1338420,830,12,20,1568,10568,2466642692,2525935236,151394093,4034225,196878426,2250,95965775,99999481,519,14747037,41763117,1193,99998807,181529497,6965852,45918783,137042068,39012119,60987881,99953142,46858,30135404,1000,1000,1000,1000,1000,1000,1000
423000,10360,63321,422000000,2532000000,1000,6000,9997443043612,16883951,851806841,1339923144,2547,74329,1122485,421989640,1000,673,226228,841734310,23020150,1976979850,2158352949,869512741,1130487259,704281185,100026277509,118716180,680969,1500326,236404717,1066784324,1338440,830,13,23,1544,10568,2472577501,2531936006,151515710,3996652,197121450,2256,96003348,99999489,511,14629738,41893807,1269,99998731,181656073,6965866,45991913,137226897,38905379,61094621,99953439,46561,30140363,1000,1000,1000,1000,1000,1000,1000
424000,10630,63116,423000000,2538000000,1000,6000,9997447785535,11839781,848755348,1339920726,2450,76844,1124127,422989370,1000,6511,225353,843730486,22998293,1977001707,2158527669,869329314,1130670686,706093922,100026383756,118847514,690988,1496323,236603063,1068077272,1338478,830,4,18,1520,10568,2478506201,2537930373,151636911,3959888,197362590,2262,96040112,99999471,529,14513621,42023849,1279,99998721,181782287,6965878,46065052,137411211,38799217,61200783,99953524,46476,30145376,1000,1000,1000,1000,1000,1000,1000
425000,10870,63432,424000000,2544000000,1000,6000,9997439473712,19853612,858761615,1339917988,1694,80338,1125463,423989130,1000,1121,225199,845727334,22978190,1977021810,2158698339,869146403,1130853597,707907851,100026500684,118978116,690421,1481669,236800275,1069362924,1338470,830,9,21,1520,10568,2484445974,2543935447,151757715,3922663,197601996,2262,96077337,99999475,525,14400283,42154665,1229,99998771,181907839,6965886,46136817,137594284,38692657,61307343,99953868,46132,30150124,1000,1000,1000,1000,1000,1000,1000
426000,11010,63202,425000000,2550000000,1000,6000,9997442565810,16468775,857380387,1339917922,2275,79823,1124025,424988990,1000,710,225129,847729930,22965837,1977034163,2158858903,868962312,1131037688,709726343,100026617175,119107454,688984,1478800,236985911,1070635744,1338470,832,9,25,1516,10588,2490381945,2549936088,151877170,3886495,197840877,2268,96113505,99999529,471,14288294,42286325,1199,99998801,182032056,6965899,46211060,137778458,38587488,61412512,99954246,45754,30154886,1000,1000,1000,1000,1000,1000,1000
427000,10850,62655,426000000,2556000000,1000,6000,9997447154493,11584609,854493397,1339917564,2241,80215,1125396,425989150,1000,6553,225165,849727508,22947564,1977052436,2159024170,868778690,1131221310,711540287,100026717775,119236290,702965,1482326,237180115,1071904488,1338502,832,9,17,1492,10588,2496312231,2555930792,151996468,3849615,198076860,2274,96150385,99999521,479,14178172,42416933,1080,99998920,182156095,6965911,46284842,137962056,38482413,61517587,99954409,45591,30159627,1000,1000,1000,1000,1000,1000,1000
428000,10460,62930,427000000,2562000000,1000,6000,9997444442578,14005861,858911085,1339915432,1838,82750,1125659,426989540,1000,6981,224290,851727762,22930744,1977069256,2159187386,868595850,1131404150,713357696,100026849624,119365324,685815,1456159,237372729,1073174892,1338511,832,7,22,1480,10588,2502247011,2561930089,152115609,3814922,198313812,2277,96185078,99999475,525,14066423,42546915,1208,99998792,182280012,6965916,46358973,138145776,38377600,61622400,99954617,45383,30164403,1000,1000,1000,1000,1000,1000,1000
429000,10900,61398,428000000,2568000000,1000,6000,9997441288129,16860798,863764453,1339919626,2059,78335,1127618,427989100,1000,6212,222894,853722964,22909654,1977090346,2159351230,868414201,1131585799,715171238,100026948640,119493708,700930,1459314,237567704,1074439556,1338488,834,8,24,1500,10608,2508185119,2567932390,152234411,3780294,198548421,2277,96219706,99999486,514,13958308,42678168,1228,99998772,182403573,6965927,46432745,138328832,38273075,61726925,99954652,45348,30169162,1000,1000,1000,1000,1000,1000,1000
430000,10720,62054,429000000,2574000000,1000,6000,9997440112813,17742148,866645819,1339920484,2580,76956,1129283,428989280,1000,1110,223987,855719994,22889362,1977110638,2159512238,868230347,1131769653,716984407,100027055730,119621224,707607,1462807,237753817,1075695468,1338505,834,9,18,1488,10608,2514125807,2573936836,152352673,3747180,198782976,2280,96252820,99999532,468,13850752,42809747,1086,99998914,182526412,6965934,46506405,138511600,38168544,61831456,99954887,45113,30173739,1000,1000,1000,1000,1000,1000,1000
431000,10530,63683,430000000,2580000000,1000,6000,9997441911055,15659304,866555888,1339917266,2543,80211,1130567,429989470,1000,577,222389,857717806,22872042,1977127958,2159668536,868050211,1131949789,718802074,100027179342,119747568,696653,1451333,237935974,1076940084,1338504,834,10,30,1476,10608,2520061539,2579935740,152469633,3713916,199015701,2283,96286084,99999515,485,13745021,42941306,1193,99998807,182647934,6965943,46580312,138693343,38065270,61934730,99955031,44969,30178301,1000,1000,1000,1000,1000,1000,1000
432000,10780,62953,431000000,2586000000,1000,6000,9997443939370,13342321,866239083,1339920052,2885,77083,1131544,430989220,1000,1115,221564,859715352,22855184,1977144816,2159822651,867869255,1132130745,720618651,100027293825,119874934,695751,1434582,238133581,1078194760,1338527,834,11,18,1464,10608,2525998048,2585935932,152587592,3681246,199247112,2286,96318754,99999526,474,13640445,43072731,1254,99998746,182770480,6965956,46653321,138875137,37961072,62038928,99955190,44810,30182888,1000,1000,1000,1000,1000,1000,1000
433000,10290,60834,432000000,2592000000,1000,6000,9997438108453,18890064,873782462,1339919616,2351,78053,1133451,431989710,1000,1127,221550,861712518,22837392,1977162608,2159975484,867688324,1132311676,722434874,100027394792,120000172,706703,1440923,238319270,1079428596,1338579,834,6,19,1416,10608,2531937536,2591938039,152703837,3648538,199476321,2298,96351462,99999525,475,13538111,43204042,1175,99998825,182891149,6965968,46726881,139056094,37858099,62141901,99955402,44598,30187312,1000,1000,1000,1000,1000,1000,1000
434000,10700,63176,433000000,2598000000,1000,6000,9997437314026,19402043,876286205,1339915384,2224,82412,1134631,432989300,1000,573,220988,863709338,22814910,1977185090,2160131037,867507613,1132492387,724250975,100027479494,120125260,733661,1457543,238510932,1080660476,1338580,834,8,16,1416,10608,2537873204,2597936251,152819730,3615938,199703562,2298,96384062,99999534,466,13437649,43335296,1137,99998863,183011517,6965976,46801219,139237375,37755631,62244369,99955677,44323,30191787,1000,1000,1000,1000,1000,1000,1000
435000,10070,63627,434000000,2604000000,1000,6000,9997441781380,14646426,873532137,1339921656,1545,76819,1136761,433989930,1000,6202,220632,865706338,22795836,1977204164,2160281980,867327085,1132672915,726067438,100027594832,120249878,729572,1439293,238706029,1081888176,1338567,836,9,20,1424,10628,2543804814,2603930171,152935314,3582069,199928781,2301,96417931,99999578,422,13339693,43467023,1083,99998917,183131562,6965985,46875450,139418268,37653430,62346570,99955836,44164,30196248,1000,1000,1000,1000,1000,1000,1000
436000,10660,63213,435000000,2610000000,1000,6000,9997440622001,15529242,876413187,1339917233,2680,80107,1136072,434989340,1000,7014,220831,867706536,22776690,1977223310,2160429780,867146889,1132853111,727887430,100027695342,120374036,739946,1439711,238896038,1083111244,1338582,836,5,21,1412,10628,2549742337,2609929773,153050452,3551022,200154033,2304,96448978,99999560,440,13242068,43599074,1044,99998956,183251121,6965995,46949161,139598275,37551555,62448445,99956043,43957,30200669,1000,1000,1000,1000,1000,1000,1000
437000,10440,62687,436000000,2616000000,1000,6000,9997443642550,12233015,875110504,1339914148,2128,83744,1137150,435989560,1000,6476,220295,869704820,22756512,1977243488,2160577329,866967629,1133032371,729706439,100027843007,120498208,703352,1391361,239087452,1084335396,1338630,836,5,21,1364,10628,2555681315,2615930837,153165665,3521478,200379276,2316,96478522,99999547,453,13144228,43730840,1245,99998755,183370685,6966010,47022461,139778086,37449395,62550605,99956084,43916,30205020,1000,1000,1000,1000,1000,1000,1000
438000,10470,62837,437000000,2622000000,1000,6000,9997439201901,16391347,881268222,1339918032,2012,79976,1138686,436989530,1000,1128,219164,871701688,22736321,1977263679,2160724324,866789228,1133210772,731524903,100027928818,120620888,727553,1410198,239272438,1085544196,1338641,836,14,25,1340,10628,2561625173,2621936035,153279684,3490439,200602341,2322,96509561,99999579,421,13048495,43862394,1187,99998813,183488920,6966013,47096409,139957621,37348024,62651976,99956368,43632,30209236,1000,1000,1000,1000,1000,1000,1000
439000,10380,64055,438000000,2628000000,1000,6000,9997442071178,13249790,880118620,1339912965,2378,84677,1140418,437989620,1000,607,218749,873698404,22716174,1977283826,2160868904,866610234,1133389766,733342614,100028008978,120743686,757313,1431196,239460645,1086755024,1338654,836,12,14,1340,10628,2567563077,2627935338,153393910,3460423,200824896,2322,96539577,99999553,447,12954052,43994795,1171,99998829,183607435,6966024,47170181,140137041,37246665,62753335,99956367,43633,30213525,1000,1000,1000,1000,1000,1000,1000
440000,10720,62445,439000000,2634000000,1000,6000,9997440028993,15014414,883881513,1339915069,2200,82751,1141446,438989280,1000,6237,218013,875695668,22695119,1977304881,2161012231,866431113,1133568887,735160750,100028115255,120866054,760434,1422770,239652045,1087960432,1338644,836,11,25,1340,10628,2573497873,2633931318,153507377,3430596,201045321,2322,96569404,99999554,446,12861608,44127103,1170,99998830,183725229,6966031,47245232,140316905,37146179,62853821,99956608,43392,30217852,1000,1000,1000,1000,1000,1000,1000
441000,10460,62256,440000000,2640000000,1000,6000,9997434916349,19855789,890724933,1339915872,2294,81854,1141620,439989540,1000,660,218908,877695840,22678292,1977321708,2161150208,866251120,1133748880,736980916,100028262753,120987590,721917,1377989,239837522,1089158192,1338655,838,11,18,1336,10648,2579442870,2639937084,153620411,3401252,201265293,2328,96598748,99999595,405,12769843,44259498,1079,99998921,183842445,6966044,47319673,140496016,37045691,62954309,99956826,43174,30222034,1000,1000,1000,1000,1000,1000,1000
442000,10160,62828,441000000,2646000000,1000,6000,9997438015149,16485714,889353448,1339918951,2620,78449,1143891,440989840,1000,5581,217716,879691898,22662248,1977337752,2161285260,866073571,1133926429,738799418,100028367621,121108674,725674,1376781,240021140,1090351576,1338653,838,10,21,1336,10648,2585376835,2645931591,153732879,3372780,201484530,2328,96627220,99999558,442,12679270,44392316,1170,99998830,183959067,6966051,47394261,140674764,36945685,63054315,99957036,42964,30226188,1000,1000,1000,1000,1000,1000,1000
443000,10430,62626,442000000,2652000000,1000,6000,9997442639011,11603045,886468108,1339915348,2139,82533,1143342,441989570,1000,7028,219060,881692456,22649114,1977350886,2161415232,865893388,1134106612,740619785,100028443470,121229584,758339,1400514,240208881,1091542884,1338678,838,9,21,1312,10648,2591315135,2651930346,153845148,3344821,201702192,2334,96655179,99999564,436,12590397,44525235,1231,99998769,184075460,6966059,47469087,140853611,36845788,63154212,99957360,42640,30230312,1000,1000,1000,1000,1000,1000,1000
444000,10830,63664,443000000,2658000000,1000,6000,9997438803675,15171067,892033600,1339917058,2170,80792,1144033,442989170,1000,1029,216953,883690274,22631604,1977368396,2161548327,865717585,1134282415,742441787,100028561204,121350382,748909,1375882,240402075,1092733720,1338695,838,6,19,1300,10648,2597259697,2657935307,153957545,3317179,201918483,2337,96682821,99999531,469,12502421,44657713,1173,99998827,184192017,6966072,47542933,141031534,36745871,63254129,99957486,42514,30234472,1000,1000,1000,1000,1000,1000,1000
445000,11070,64766,444000000,2664000000,1000,6000,9997439983546,13727618,892586514,1339914268,2645,83107,1144340,443988930,1000,5897,216257,885689180,22612903,1977387097,2161681393,865539873,1134460127,744262974,100028649692,121470378,768019,1381824,240593648,1093916792,1338681,838,16,23,1300,10648,2603193729,2663929337,154069162,3288823,202133151,2337,96711177,99999565,435,12416446,44790540,1189,99998811,184307768,6966079,47617999,141209949,36646656,63353344,99957574,42426,30238606,1000,1000,1000,1000,1000,1000,1000
446000,10890,64041,445000000,2670000000,1000,6000,9997437368212,16087266,896939777,1339909827,2392,87801,1145026,444989110,1000,595,215838,887688168,22598067,1977401933,2161809259,865363047,1134636953,746085129,100028791370,121589400,733400,1339297,240778806,1095089932,1338674,840,9,17,1320,10668,2609140244,2669935364,154179935,3261167,202347018,2337,96738833,99999593,407,12331100,44923054,1170,99998830,184422534,6966086,47692464,141387201,36547862,63452138,99957851,42149,30242599,1000,1000,1000,1000,1000,1000,1000
447000,10260,63263,446000000,2676000000,1000,6000,9997436567962,16621288,899477586,1339914983,2410,82627,1146378,445989740,1000,6940,215888,889686724,22580262,1977419738,2161938116,865185688,1134814312,747906315,100028889597,121707726,741413,1344093,240959357,1096256600,1338651,842,9,20,1340,10688,2615075513,2675929797,154290104,3235415,202560498,2337,96764585,99999573,427,12245780,45055251,1133,99998867,184536740,6966097,47767689,141564521,36449804,63550196,99957962,42038,30246636,1000,1000,1000,1000,1000,1000,1000
448000,10180,63009,447000000,2682000000,1000,6000,9997431989595,20930628,905782776,1339919613,1604,78803,1149346,446989820,1000,6232,214505,891680948,22557828,1977442172,2162070511,865010152,1134989848,749724994,100028959197,121826112,778347,1371953,241145381,1097423748,1338663,842,8,21,1328,10688,2621017282,2681930759,154400368,3208704,202772577,2340,96791296,99999602,398,12162559,45188059,1121,99998879,184650951,6966106,47842247,141741449,36351381,63648619,99958193,41807,30250583,1000,1000,1000,1000,1000,1000,1000
449000,10180,62959,448000000,2688000000,1000,6000,9997438487382,14179188,901023180,1339914773,1966,83281,1151236,447989820,1000,1115,214252,893677168,22541185,1977458815,2162195838,864833437,1135166563,751544492,100029071627,121943262,771462,1361893,241325605,1098578600,1338693,842,15,20,1292,10688,2626963874,2687935926,154509523,3181553,202983033,2349,96818447,99999618,382,12081042,45320863,1091,99998909,184763962,6966113,47917779,141918424,36253794,63746206,99958499,41501,30254439,1000,1000,1000,1000,1000,1000,1000
450000,10420,62980,449000000,2694000000,1000,6000,9997440758632,11655720,900494720,1339912560,2236,85224,1152365,448989580,1000,6797,213682,895674430,22525457,1977474543,2162316311,864657586,1135342414,753365892,100029206838,122060290,741701,1326650,241507565,1099732064,1338727,842,9,16,1268,10688,2632899657,2693930223,154618510,3156416,203192487,2355,96843584,99999604,396,12001420,45454551,1067,99998933,184876799,6966124,47992924,142094856,36156357,63843643,99958853,41147,30258289,1000,1000,1000,1000,1000,1000,1000
451000,10420,62984,450000000,2700000000,1000,6000,9997438935802,13232003,904072681,1339911914,1856,86250,1151264,449989580,1000,1168,214573,897676632,22515383,1977484617,2162430561,864480591,1135519409,755191090,100029305509,122177010,748054,1321449,241695142,1100883064,1338749,842,4,23,1244,10688,2638846922,2699935848,154727176,3130316,203400012,2361,96869684,99999579,421,11923319,45587874,1169,99998831,184989358,6966133,48068157,142270969,36059370,63940630,99959010,40990,30262182,1000,1000,1000,1000,1000,1000,1000
452000,10230,62749,451000000,2706000000,1000,6000,9997435664116,16245322,909088012,1339917024,1478,81518,1152353,450989770,1000,618,214037,899674834,22497634,1977502366,2162551273,864305121,1135694879,757013814,100029403772,122293534,754364,1320590,241878379,1102032408,1338744,842,11,21,1244,10688,2644789445,2705936633,154835780,3106728,203608308,2361,96893272,99999598,402,11843963,45720797,1124,99998876,185101945,6966141,48143533,142446983,35962715,64037285,99959001,40999,30266165,1000,1000,1000,1000,1000,1000,1000
453000,10350,62869,452000000,2712000000,1000,6000,9997431408007,20255094,915093505,1339913099,1947,84974,1152732,451989650,1000,692,213756,901673836,22482776,1977517224,2162667810,864129382,1135870618,758837064,100029489925,122409594,772489,1328019,242065127,1103176944,1338742,842,14,20,1244,10688,2650731221,2711936439,154943899,3081883,203814441,2361,96918117,99999628,372,11767159,45854053,1109,99998891,185213991,6966154,48219301,142623016,35866377,64133623,99959090,40910,30270092,1000,1000,1000,1000,1000,1000,1000
454000,10650,63250,453000000,2718000000,1000,6000,9997438683627,12726497,909563481,1339915981,2399,81640,1154105,452989350,1000,5805,211896,903670490,22466208,1977533792,2162784820,863956580,1136043420,760660909,100029613610,122525136,753048,1300173,242248114,1104316556,1338750,842,12,14,1244,10688,2656667956,2717930945,155051627,3058579,204020439,2361,96941421,99999637,363,11690030,45986686,1200,99998800,185325483,6966161,48293770,142797685,35769941,64230059,99959278,40722,30273856,1000,1000,1000,1000,1000,1000,1000
455000,10430,62407,454000000,2724000000,1000,6000,9997433516364,17651365,916488916,1339915716,1947,82357,1153619,453989570,1000,6223,212227,905671902,22455748,1977544252,2162894768,863781036,1136218964,762486770,100029690519,122640698,780371,1311141,242439850,1105456112,1338758,842,6,12,1244,10688,2662610600,2723931370,155159555,3033303,204224103,2361,96966697,99999573,427,11615754,46119850,1035,99998965,185437187,6966168,48368614,142972905,35673341,64326659,99959518,40482,30277632,1000,1000,1000,1000,1000,1000,1000
456000,10800,63859,455000000,2730000000,1000,6000,9997436291788,14632784,915465502,1339913277,2324,84419,1154476,454989200,1000,580,211544,907669448,22441247,1977558753,2163007097,863607566,1136392434,764310835,100029796803,122754652,776876,1305746,242615848,1106580436,1338745,842,9,22,1244,10688,2668557814,2729935561,155265910,3010232,204427962,2361,96989768,99999636,364,11541060,46252740,1094,99998906,185547267,6966179,48443873,143147069,35578161,64421839,99959597,40403,30281357,1000,1000,1000,1000,1000,1000,1000
457000,10420,63763,456000000,2736000000,1000,6000,9997436403171,14278335,917114541,1339916663,2119,81238,1154610,455989580,1000,645,211576,909669940,22430883,1977569117,2163113420,863432525,1136567475,766136274,100029919234,122869242,757889,1275189,242802502,1107711000,1338752,844,11,17,1240,10708,2674500549,2735935592,155372995,2987026,204630549,2367,97012974,99999645,355,11468316,46386302,1042,99998958,185658065,6966191,48519235,143322090,35482215,64517785,99959718,40282,30285070,1000,1000,1000,1000,1000,1000,1000
458000,10540,62958,457000000,2742000000,1000,6000,9997438176283,12260205,917094088,1339917666,2183,80171,1156410,456989460,1000,1182,211973,911666100,22415161,1977584839,2163223702,863258177,1136741823,767958075,100029974567,122982804,805026,1315951,242982781,1108831324,1338761,844,12,19,1228,10708,2680444036,2741935860,155478959,2964037,204832143,2370,97035963,99999594,406,11396694,46519971,1111,99998889,185767723,6966202,48594621,143496052,35387333,64612667,99959848,40152,30288764,1000,1000,1000,1000,1000,1000,1000
459000,10920,63162,458000000,2748000000,1000,6000,9997431701603,18496270,925320907,1339912811,2689,84520,1158038,457989080,1000,6279,210593,913662084,22398921,1977601079,2163332615,863085607,1136914393,769781482,100030119277,123095764,762260,1273457,243156474,1109946212,1338763,844,7,22,1228,10708,2686382255,2747930559,155584577,2942778,205033929,2370,97057222,99999600,400,11325286,46654022,1095,99998905,185877014,6966209,48670306,143670009,35292734,64707266,99959853,40147,30292437,1000,1000,1000,1000,1000,1000,1000
460000,10410,62144,459000000,2754000000,1000,6000,9997431104840,18855863,927672753,1339910740,1791,87489,1160154,458989590,1000,6956,209935,915658872,22383270,1977616730,2163439064,862912685,1137087315,771605338,100030170353,123209462,813861,1312150,243342956,1111068104,1338767,844,5,20,1228,10708,2692325747,2753930900,155690804,2922421,205234359,2370,97077579,99999628,372,11254873,46787712,1111,99998889,185986914,6966219,48745015,143843599,35197526,64802474,99959952,40048,30296110,1000,1000,1000,1000,1000,1000,1000
461000,10930,62332,460000000,2760000000,1000,6000,9997429665439,20054772,930875791,1339911971,2200,85849,1158865,459989070,1000,1169,210489,917660410,22368008,1977631992,2163544593,862738657,1137261343,773432836,100030265258,123322426,820979,1309422,243526297,1112183056,1338764,846,13,19,1224,10728,2698274863,2759936499,155796436,2902033,205433931,2376,97097967,99999606,394,11184972,46921035,1115,99998885,186096192,6966231,48820161,144017085,35102832,64897168,99959978,40022,30299756,1000,1000,1000,1000,1000,1000,1000
462000,10670,62138,461000000,2766000000,1000,6000,9997436828386,12648834,925472341,1339917370,2159,80491,1160093,460989330,1000,6361,209601,919658474,22352945,1977647055,2163648402,862566564,1137433436,775258802,100030359397,123434340,827648,1312946,243702397,1113286420,1338781,846,11,16,1212,10728,2704213908,2765931501,155900660,2881528,205632291,2379,97118472,99999611,389,11116736,47054859,1159,99998841,186204113,6966236,48896317,144190071,35009699,64990301,99960225,39775,30303453,1000,1000,1000,1000,1000,1000,1000
463000,10470,63082,462000000,2772000000,1000,6000,9997436468924,12776288,927592585,1339913163,2315,84542,1161349,461989530,1000,656,208411,921656362,22339220,1977660780,2163750465,862394997,1137605003,777085110,100030480162,123546066,807813,1286697,243881649,1114388440,1338786,846,8,14,1212,10728,2710162806,2771936262,156005034,2859998,205829484,2379,97140002,99999624,376,11049941,47188855,1090,99998910,186312085,6966249,48971909,144362841,34916119,65083881,99960437,39563,30307051,1000,1000,1000,1000,1000,1000,1000
464000,10780,62474,463000000,2778000000,1000,6000,9997436235289,12775462,929586283,1339911183,2051,86786,1162347,462989220,1000,6851,208064,923653746,22323147,1977676853,2163852911,862223010,1137776990,778910502,100030571213,123657722,817679,1287602,244062946,1115489792,1338797,846,11,12,1200,10728,2716101391,2777930675,156109288,2839363,206025933,2382,97160637,99999594,406,10984173,47323114,1110,99998890,186419914,6966254,49047144,144535180,34822590,65177410,99960664,39336,30310626,1000,1000,1000,1000,1000,1000,1000
465000,10410,63246,464000000,2784000000,1000,6000,9997431733262,17044534,935853070,1339911619,2113,86288,1164203,463989590,1000,5887,208196,925650774,22309850,1977690150,2163950990,862050578,1137949422,780735093,100030682357,123768698,806915,1273558,244238500,1116584800,1338791,846,11,18,1200,10728,2722046095,2783930867,156213012,2820056,206222202,2382,97179944,99999644,356,10918748,47457492,1135,99998865,186527172,6966259,49122793,144707485,34729468,65270532,99960818,39182,30314160,1000,1000,1000,1000,1000,1000,1000
466000,10940,64083,465000000,2790000000,1000,6000,9997436097927,12449773,933259204,1339913154,2423,84443,1164207,464989060,1000,574,208015,927649706,22300668,1977699332,2164044854,861878954,1138121046,782562390,100030805293,123879172,783869,1244857,244416085,1117675476,1338795,846,13,24,1188,10728,2727995334,2789935343,156316539,2799178,206416878,2385,97200822,99999630,370,10854930,47591879,1029,99998971,186634225,6966270,49198134,144879301,34636519,65363481,99960808,39192,30317686,1000,1000,1000,1000,1000,1000,1000
467000,10530,63075,466000000,2796000000,1000,6000,9997429824576,18489408,941299931,1339915251,2608,82161,1165469,465989470,1000,603,208357,929648002,22286925,1977713075,2164142296,861706870,1138293130,784388589,100030884332,123989664,804829,1252392,244601229,1118765612,1338818,846,10,16,1176,10728,2733941067,2795936322,156419778,2777732,206609628,2388,97222268,99999631,369,10792678,47725871,1082,99998918,186740955,6966283,49273632,145051056,34543753,65456247,99961013,38987,30321177,1000,1000,1000,1000,1000,1000,1000
468000,10740,63050,467000000,2802000000,1000,6000,9997436248600,11840475,936647150,1339913947,1860,84213,1165115,466989260,1000,6811,207026,931648290,22275539,1977724461,2164234728,861535688,1138464312,786217690,100030973684,124099030,814741,1260260,244775840,1119844456,1338825,846,19,12,1164,10728,2739880201,2801930139,156522097,2757974,206802054,2391,97242026,99999657,343,10731416,47860400,1058,99998942,186846636,6966288,49350555,145223574,34451520,65548480,99961355,38645,30324539,1000,1000,1000,1000,1000,1000,1000
469000,10730,63528,468000000,2808000000,1000,6000,9997436209306,11656077,938457734,1339910530,2049,87441,1165819,467989270,1000,595,206446,933646902,22262529,1977737471,2164327327,861366269,1138633731,788046872,100031082861,124208762,804757,1239901,244956199,1120927400,1338832,846,9,15,1164,10728,2745831073,2807935877,156624697,2739631,206994120,2391,97260369,99999644,356,10670157,47994721,1071,99998929,186952750,6966299,49424993,145393584,34359462,65640538,99961435,38565,30328053,1000,1000,1000,1000,1000,1000,1000
470000,10750,63280,469000000,2814000000,1000,6000,9997431912420,15723738,944526852,1339914865,1917,83238,1167283,468989250,1000,1021,206813,935643934,22250527,1977749473,2164417900,861195397,1138804603,789873019,100031158668,124317976,827822,1256084,245133658,1122005052,1338848,846,12,20,1140,10728,2751776288,2813935699,156726872,2721490,207185556,2397,97278510,99999640,360,10609723,48129170,1034,99998966,187058366,6966312,49500218,145564102,34267610,65732390,99961616,38384,30331494,1000,1000,1000,1000,1000,1000,1000
471000,10200,63395,470000000,2820000000,1000,6000,9997435622553,11786129,942587785,1339914590,2470,82960,1168751,469989800,1000,552,206367,937642098,22236086,1977763914,2164510277,861024612,1138975388,791700391,100031255378,124427368,830255,1249667,245313653,1123084724,1338877,846,8,19,1116,10728,2757721946,2819936053,156829173,2703369,207376770,2403,97296631,99999648,352,10549916,48263991,1148,99998852,187164075,6966319,49575971,145735340,34175533,65824467,99961770,38230,30334902,1000,1000,1000,1000,1000,1000,1000
472000,10800,63109,471000000,2826000000,1000,6000,9997435713415,11468907,944267787,1339914627,2367,83026,1168681,470989200,1000,5702,204830,939641038,22220328,1977779672,2164601806,860855673,1139144327,793530382,100031342709,124535734,840932,1256567,245488052,1124154160,1338889,846,13,14,1104,10728,2763662899,2825931189,156930640,2686189,207566805,2406,97313811,99999651,349,10491328,48398888,1034,99998966,187268989,6966329,49651884,145905826,34084407,65915593,99961879,38121,30338349,1000,1000,1000,1000,1000,1000,1000
473000,10820,61997,472000000,2832000000,1000,6000,9997427113939,19842639,954642371,1339916665,1737,81618,1169101,471989180,1000,6870,205794,941640158,22206606,1977793394,2164691622,860684796,1139315204,795358615,100031429381,124643794,852245,1261384,245664336,1125221288,1338884,846,10,22,1104,10728,2769608813,2831931133,157031837,2667997,207755886,2406,97332003,99999631,369,10433406,48533408,1158,99998842,187373547,6966339,49727332,146075749,33993293,66006707,99961886,38114,30341710,1000,1000,1000,1000,1000,1000,1000
474000,10980,62605,473000000,2838000000,1000,6000,9997432878296,13859927,950651007,1339911638,1882,86500,1170353,472989020,1000,6348,204713,943637334,22192149,1977807851,2164780109,860516315,1139483685,797187300,100031543195,124752160,836798,1229063,245850882,1126290772,1338866,848,6,24,1124,10748,2775554543,2837931047,157133436,2649601,207942933,2406,97350399,99999627,373,10377768,48668158,1032,99998968,187478487,6966349,49801987,146245321,33901717,66098283,99962089,37911,30345051,1000,1000,1000,1000,1000,1000,1000
475000,10290,61743,474000000,2844000000,1000,6000,9997434499697,12018681,950808853,1339911259,2162,86599,1171388,473989710,1000,690,204319,945636644,22179717,1977820283,2164865084,860346675,1139653325,799016965,100031649969,124859204,827245,1213752,246026701,1127347396,1338882,848,9,17,1112,10748,2781507541,2843937567,157233753,2631863,208129392,2409,97368137,99999671,329,10323007,48803127,1032,99998968,187582072,6966354,49878245,146415360,33811204,66188796,99962275,37725,30348319,1000,1000,1000,1000,1000,1000,1000
476000,10500,62344,475000000,2850000000,1000,6000,9997431684589,14607576,955398327,1339916368,2104,81548,1172709,474989500,1000,637,202975,947633582,22165626,1977834374,2164951526,860178892,1139821108,800846112,100031758468,124965386,815173,1204820,246192693,1128396200,1338890,848,9,21,1100,10748,2787453902,2849937019,157333413,2615057,208316415,2412,97384943,99999661,339,10267452,48937847,1043,99998957,187684981,6966362,49954218,146584495,33721291,66278709,99962280,37720,30351568,1000,1000,1000,1000,1000,1000,1000
477000,10730,62781,476000000,2856000000,1000,6000,9997430758161,15322751,958103646,1339909100,2306,88614,1173569,475989270,1000,6823,202170,949631402,22153078,1977846922,2165034037,860010587,1139989413,802675620,100031844623,125072564,826387,1209346,246368497,1129453876,1338912,848,10,10,1088,10748,2793393690,2855930396,157433771,2599080,208502931,2415,97400920,99999674,326,10213479,49073655,1068,99998932,187788601,6966369,50029501,146753612,33630719,66369281,99962544,37456,30354830,1000,1000,1000,1000,1000,1000,1000
478000,10840,62755,477000000,2862000000,1000,6000,9997432863358,13002845,957785119,1339909647,2466,87907,1173728,476989160,1000,598,203234,951630864,22143933,1977856067,2165112405,859841069,1140158931,804505550,100031933725,125178372,833367,1210257,246543075,1130498356,1338910,848,9,13,1088,10748,2799347037,2861936647,157532967,2581050,208686498,2415,97418950,99999691,309,10162303,49209289,1023,99998977,187891040,6966383,50105259,146922080,33541252,66458748,99962701,37299,30358073,1000,1000,1000,1000,1000,1000,1000
479000,11140,62408,478000000,2868000000,1000,6000,9997429009429,16641922,963424112,1339911441,2574,86005,1174147,477988860,1000,6731,202588,953629426,22134378,1977865622,2165190336,859673292,1140326708,806336325,100032006313,125283932,856859,1227287,246717888,1131540644,1338891,850,15,18,1096,10768,2805288470,2867930861,157631951,2563929,208869612,2418,97436071,99999683,317,10111040,49344308,1098,99998902,187993189,6966393,50181038,147090513,33451763,66548237,99962864,37136,30361238,1000,1000,1000,1000,1000,1000,1000
480000,10340,63314,479000000,2874000000,1000,6000,9997427300843,18142500,966925221,1339910024,2229,87767,1174329,478989660,1000,6430,204005,955630662,22127241,1977872759,2165264747,859503368,1140496632,808167622,100032096485,125389250,862301,1239985,246879137,1132580232,1338899,850,6,19,1096,10768,2811235206,2873930256,157730614,2550244,209055357,2418,97449756,99999651,349,10057419,49479667,1105,99998895,188095087,6966408,50257367,147259035,33362805,66637195,99963027,36973,30364473,1000,1000,1000,1000,1000,1000,1000
481000,10410,63384,480000000,2880000000,1000,6000,9997431455117,13770887,964551545,1339912314,2345,85361,1175649,479989590,1000,6350,202210,957627882,22114489,1977885511,2165344173,859337513,1140662487,809998977,100032202230,125495428,853136,1220641,247057118,1133628588,1338919,850,8,21,1072,10768,2817182127,2879930266,157830352,2534985,209239074,2424,97465015,99999658,342,10006011,49615174,987,99999013,188198017,6966418,50331673,147426695,33272643,66727357,99963191,36809,30367665,1000,1000,1000,1000,1000,1000,1000
482000,10880,63777,481000000,2886000000,1000,6000,9997428579226,16434787,969210288,1339910140,2591,87289,1177073,480989120,1000,630,202526,959624094,22101910,1977898090,2165423259,859169281,1140830719,811826954,100032304612,125600914,846665,1206092,247233053,1134670168,1338921,850,11,16,1072,10768,2823134711,2885935593,157929255,2519581,209421777,2424,97480419,99999701,299,9954951,49750007,1057,99998943,188300110,6966421,50407069,147594614,33183310,66816690,99963321,36679,30370855,1000,1000,1000,1000,1000,1000,1000
483000,10540,63162,482000000,2892000000,1000,6000,9997430757714,14042692,968820285,1339915186,1908,82926,1177865,481989460,1000,6282,201849,961623190,22093083,1977906917,2165496589,859002234,1140997766,813658996,100032381636,125705584,864952,1221598,247403611,1135703924,1338915,850,16,17,1072,10768,2829077339,2891930556,158027604,2504085,209603598,2424,97495915,99999681,319,9905924,49885921,1015,99998985,188401579,6966428,50482691,147762345,33094321,66905679,99963437,36563,30373975,1000,1000,1000,1000,1000,1000,1000
484000,10500,62203,483000000,2898000000,1000,6000,9997433648901,10945923,967717350,1339910697,2530,86793,1178450,482989500,1000,6307,200029,963622100,22082218,1977917782,2165570222,858837039,1141162961,815492700,100032496570,125809886,844982,1199449,247572739,1136733944,1338929,850,7,12,1072,10768,2835026122,2897931490,158125461,2489890,209784867,2424,97510110,99999690,310,9857360,50021737,1088,99998912,188502547,6966439,50558082,147929371,33005797,66994203,99963576,36424,30377086,1000,1000,1000,1000,1000,1000,1000
485000,11090,62976,484000000,2904000000,1000,6000,9997429582857,14806104,973579153,1339911048,2474,86498,1177719,483988910,1000,582,201140,965622382,22074998,1977925002,2165639426,858668592,1141331408,817324525,100032572194,125914504,864765,1208047,247751327,1137767252,1338928,850,9,23,1060,10768,2840978765,2903936442,158223835,2474214,209964456,2427,97525786,99999700,300,9811062,50158101,1034,99998966,188603991,6966449,50633194,148096717,32916633,67083367,99963724,36276,30380156,1000,1000,1000,1000,1000,1000,1000
486000,10590,63483,485000000,2910000000,1000,6000,9997426435287,17744545,978519212,1339914559,1952,83509,1178405,484989410,1000,1069,200674,967622010,22066305,1977933695,2165709463,858502475,1141497525,819158025,100032689198,126019478,843305,1171411,247933120,1138804080,1338943,850,16,13,1048,10768,2846925284,2909935448,158322428,2459607,210144189,2430,97540393,99999668,332,9764293,50294204,1040,99998960,188705720,6966460,50707467,148263311,32827448,67172552,99963816,36184,30383292,1000,1000,1000,1000,1000,1000,1000
487000,10960,63261,486000000,2916000000,1000,6000,9997430555117,13417004,976191250,1339913974,2073,83973,1178009,485989040,1000,1097,200550,969622062,22054613,1977945387,2165781427,858335446,1141664554,820991042,100032754090,126122552,872073,1203786,248096745,1139822524,1338940,850,10,22,1048,10768,2852873941,2915935642,158419369,2445935,210323841,2430,97554065,99999686,314,9717711,50430415,952,99999048,188805802,6966466,50783967,148430470,32739930,67260070,99963749,36251,30386433,1000,1000,1000,1000,1000,1000,1000
488000,10200,63694,487000000,2922000000,1000,6000,9997426497267,17271771,982044475,1339914328,2632,83060,1179570,486989800,1000,594,199139,971620460,22047621,1977952379,2165847871,858170876,1141829124,822824869,100032876087,126225370,843626,1168627,248269379,1140838416,1338947,850,13,12,1048,10768,2858822602,2921935712,158515955,2430707,210500724,2430,97569293,99999667,333,9673468,50566141,1025,99998975,188905474,6966467,50859535,148596452,32652602,67347398,99963735,36265,30389519,1000,1000,1000,1000,1000,1000,1000
489000,10320,64214,488000000,2928000000,1000,6000,9997427723799,15842368,982609273,1339912554,1890,85576,1180809,487989680,1000,529,199323,973617742,22036905,1977963095,2165917039,858005245,1141994755,824656513,100032935299,126328572,878308,1202078,248436048,1141857524,1338981,850,14,13,1012,10768,2864770546,2927935257,158612779,2418237,210679779,2439,97581763,99999713,287,9627532,50702360,1077,99998923,189005389,6966474,50934347,148761906,32565051,67434949,99963872,36128,30392610,1000,1000,1000,1000,1000,1000,1000
490000,10780,62498,489000000,2934000000,1000,6000,9997429636759,13729428,982490515,1339908613,2120,89287,1181281,488989220,1000,6270,198866,975615878,22026593,1977973407,2165984786,857840209,1142159791,826489597,100033062942,126432038,844806,1155317,248614828,1142879624,1338983,850,13,12,1012,10768,2870714788,2933931232,158709993,2404751,210856623,2439,97595249,99999654,346,9583524,50838304,1065,99998935,189105711,6966490,51008858,148927415,32477161,67522839,99963904,36096,30395718,1000,1000,1000,1000,1000,1000,1000
491000,10730,63021,490000000,2940000000,1000,6000,9997430215294,12945767,983702802,1339909189,1442,89389,1182279,489989270,1000,6193,197501,977613982,22013806,1977986194,2166053809,857675131,1142324869,828322612,100033141473,126534472,859454,1166861,248784471,1143890844,1339008,850,9,15,988,10768,2876663125,2939930786,158806126,2391755,211032966,2445,97608245,99999672,328,9540302,50974509,997,99999003,189204922,6966501,51085335,149093869,32390262,67609738,99964106,35894,30398796,1000,1000,1000,1000,1000,1000,1000
492000,10300,63184,491000000,2946000000,1000,6000,9997431076230,11879414,984635826,1339911192,1494,87334,1184044,490989700,1000,6381,197452,979611312,22001539,1977998461,2166120748,857510114,1142489886,830154914,100033232222,126636868,861794,1163221,248955524,1144902180,1339005,850,13,14,988,10768,2882611576,2945930435,158902244,2379760,211208931,2445,97620240,99999705,295,9497658,51110932,1006,99998994,189304142,6966512,51160498,149258946,32303450,67696550,99964160,35840,30401898,1000,1000,1000,1000,1000,1000,1000
493000,10920,62825,492000000,2952000000,1000,6000,9997426289789,16464526,991220721,1339912350,1425,86245,1184261,491989080,1000,571,197899,981609638,21992132,1978007868,2166184366,857344944,1142655056,831988060,100033325634,126738384,860985,1161239,249121354,1145904988,1339002,850,10,20,988,10768,2888566987,2951936604,158997622,2366986,211384020,2445,97633014,99999702,298,9456218,51247554,1073,99998927,189402493,6966522,51235799,149423679,32216991,67783009,99964275,35725,30404871,1000,1000,1000,1000,1000,1000,1000
494000,10350,63172,493000000,2958000000,1000,6000,9997424036163,18517786,995275660,1339912920,2559,84541,1185176,492989650,1000,582,197435,983608948,21982400,1978017600,2166246598,857180645,1142819355,833823066,100033410310,126840226,868976,1160039,249295272,1146911072,1338992,850,15,25,988,10768,2894515708,2957936246,159093274,2355035,211557954,2445,97644965,99999687,313,9415654,51383984,1114,99998886,189501205,6966527,51311035,149588447,32130519,67869481,99964299,35701,30407931,1000,1000,1000,1000,1000,1000,1000
495000,10680,63356,494000000,2964000000,1000,6000,9997422629344,19729105,998484568,1339911355,2209,86456,1184995,493989320,1000,1115,197593,985608650,21974408,1978025592,2166307532,857016365,1142983635,835658482,100033466126,126941370,905341,1193123,249462783,1147910560,1339014,850,13,17,976,10768,2900464419,2963935529,159188527,2342504,211731828,2448,97657496,99999721,279,9375277,51520465,1030,99998970,189599439,6966533,51385872,149752575,32044209,67955791,99964306,35694,30410912,1000,1000,1000,1000,1000,1000,1000
496000,10780,62981,495000000,2970000000,1000,6000,9997429428895,12732605,993481207,1339909733,1603,88684,1186299,494989220,1000,545,196377,987605842,21963907,1978036093,2166370112,856853567,1143146433,837492873,100033602424,127042452,861230,1148339,249627518,1148908972,1339012,850,18,14,976,10768,2906414823,2969936474,159283577,2331050,211906098,2448,97668950,99999709,291,9334640,51657062,993,99999007,189697453,6966536,51460767,149916592,31958051,68041949,99964444,35556,30413876,1000,1000,1000,1000,1000,1000,1000
497000,10410,62260,496000000,2976000000,1000,6000,9997429319354,12643166,995395888,1339911442,2493,86085,1186376,495989590,1000,6887,196430,989606428,21956041,1978043959,2166429877,856688969,1143311031,839328853,100033683550,127143026,871717,1157394,249793422,1149902608,1339014,850,13,17,976,10768,2912358915,2975930853,159378056,2318290,212078877,2448,97681710,99999697,303,9295489,51793678,1066,99998934,189794920,6966544,51536817,150081145,31872536,68127464,99964482,35518,30416864,1000,1000,1000,1000,1000,1000,1000
498000,10540,62882,497000000,2982000000,1000,6000,9997423420952,18350876,1003099028,1339908484,2108,89428,1186255,496989460,1000,613,195619,991606410,21949046,1978050954,2166487007,856526340,1143473660,841166193,100033773211,127243518,873497,1154843,249961229,1150894944,1339030,850,9,17,964,10768,2918314321,2981936505,159472391,2306178,212250783,2451,97693822,99999703,297,9257472,51930583,1051,99998949,189892268,6966557,51611961,150244598,31787240,68212760,99964615,35385,30419877,1000,1000,1000,1000,1000,1000,1000
499000,10290,62360,498000000,2988000000,1000,6000,9997423385591,18190082,1004938970,1339910928,1516,87576,1186770,497989710,1000,6740,195629,993605880,21940284,1978059716,2166544853,856362948,1143637052,843002267,100033878088,127344166,860140,1134208,250131976,1151889640,1339059,850,12,9,940,10768,2924258392,2987930900,159567105,2295521,212422656,2457,97704479,99999676,324,9219018,52067040,1003,99998997,189990014,6966561,51686697,150407984,31701622,68298378,99964529,35471,30422909,1000,1000,1000,1000,1000,1000,1000
500000,10820,63902,499000000,2994000000,1000,6000,9997425222076,16155457,1004905332,1339913929,2106,83985,1187517,498989180,1000,566,195001,995603326,21930604,1978069396,2166602775,856200883,1143799117,844837636,100033952215,127444444,877588,1140211,250306073,1152880356,1339054,850,14,12,940,10768,2930212885,2993935532,159661401,2283570,212592654,2457,97716430,99999694,306,9182745,52203667,1055,99998945,190087212,6966573,51760910,150570689,31616032,68383968,99964643,35357,30425811,1000,1000,1000,1000,1000,1000,1000
501000,10690,63498,500000000,3000000000,1000,6000,9997428794400,12388535,1003133899,1339912393,2457,85170,1189185,499989310,1000,6421,194415,997600250,21919739,1978080261,2166661867,856037869,1143962131,846671531,100034010759,127544328,910052,1170660,250471726,1153866676,1339059,850,8,13,940,10768,2936157492,2999930081,159755211,2272639,212763648,2457,97727361,99999728,272,9145483,52340358,1025,99998975,190183981,6966588,51836633,150734304,31531099,68468901,99964814,35186,30428770,1000,1000,1000,1000,1000,1000,1000
502000,10690,63847,501000000,3006000000,1000,6000,9997429888532,11107952,1003844827,1339907192,1962,90866,1190056,500989310,1000,1122,193867,999598508,21911031,1978088969,2166717010,855876075,1144123925,848507987,100034123532,127644506,888733,1144117,250639310,1154856128,1339055,850,9,16,940,10768,2942112353,3005935031,159849402,2263309,212934864,2457,97736691,99999712,288,9108362,52477362,1013,99998987,190281081,6966596,51910610,150896654,31445635,68554365,99964987,35013,30431679,1000,1000,1000,1000,1000,1000,1000
503000,11040,62290,502000000,3012000000,1000,6000,9997425340384,15466271,1010205912,1339908265,2323,89432,1189418,501988960,1000,6772,194271,1001599084,21904906,1978095094,2166768199,855713009,1144286991,850345488,100034243255,127744486,860344,1105889,250811780,1155843576,1339051,850,13,16,940,10768,2948058270,3011930938,159943359,2253318,213104307,2457,97746682,99999666,334,9073243,52614568,1057,99998943,190377920,6966605,51985088,151059325,31360324,68639676,99965193,34807,30434561,1000,1000,1000,1000,1000,1000,1000
504000,10380,62978,503000000,3018000000,1000,6000,9997422598967,18018156,1014755866,1339908934,1677,89409,1190746,502989620,1000,1189,194307,1003597748,21898564,1978101436,2166820398,855550438,1144449562,852181573,100034299091,127844084,895230,1133574,250981502,1156827420,1339058,850,11,11,940,10768,2954013366,3017935833,160036933,2242345,213273510,2457,97757655,99999700,300,9038393,52751878,1082,99998918,190474451,6966613,52059971,151221868,31275621,68724379,99965270,34730,30437518,1000,1000,1000,1000,1000,1000,1000
505000,10290,62478,504000000,3024000000,1000,6000,9997429205468,11225474,1009961154,1339906351,1913,91756,1190593,503989710,1000,6656,193908,1005598234,21891832,1978108168,2166871314,855388565,1144611435,854020180,100034410012,127943080,874540,1109919,251146718,1157805980,1339033,852,10,17,960,10788,2959958900,3023930866,160130144,2232413,213442443,2457,97767587,99999700,300,9004141,52889490,1082,99998918,190570593,6966619,52134900,151384146,31191203,68808797,99965189,34811,30440449,1000,1000,1000,1000,1000,1000,1000
506000,10690,64353,505000000,3030000000,1000,6000,9997426655473,13582470,1014317660,1339910271,1782,87967,1192005,504989310,1000,5966,193391,1007594610,21883852,1978116148,2166923328,855227798,1144772202,855855782,100034484368,128041272,889778,1125392,251307894,1158776148,1339069,852,10,17,924,10788,2965908619,3029929681,160222621,2221985,213610392,2466,97778015,99999690,310,8970525,53026686,998,99999002,190665924,6966626,52209422,151545437,31107288,68892712,99965273,34727,30443303,1000,1000,1000,1000,1000,1000,1000
507000,10560,62257,506000000,3036000000,1000,6000,9997424024322,16027468,1018757345,1339905261,2648,92111,1192400,505989440,1000,6329,191891,1009594080,21873199,1978126801,2166975812,855067712,1144932288,857695161,100034547647,128139724,916329,1148941,251472489,1159749068,1339083,852,14,11,912,10788,2971861126,3035931414,160315280,2212855,213778020,2469,97787145,99999705,295,8937839,53164499,1018,99998982,190761451,6966631,52284090,151707028,31023233,68976767,99965305,34695,30446171,1000,1000,1000,1000,1000,1000,1000
508000,10610,63388,507000000,3042000000,1000,6000,9997423652688,16209737,1020937796,1339906609,1927,91484,1193345,506989390,1000,6133,192165,1011592090,21864300,1978135700,2167027426,854906327,1145093673,859531778,100034655511,128237532,897890,1124954,251639209,1160715324,1339096,852,11,13,900,10788,2977811287,3041930479,160407379,2201419,213943623,2472,97798581,99999711,289,8906566,53301623,972,99999028,190856341,6966639,52358692,151868147,30939507,69060493,99965470,34530,30448962,1000,1000,1000,1000,1000,1000,1000
509000,10560,63214,508000000,3048000000,1000,6000,9997422464878,17210087,1023938916,1339907989,2331,89700,1193733,507989440,1000,1110,191435,1013591414,21857520,1978142480,2167075667,854745567,1145254433,861370330,100034762095,128336278,881408,1097722,251811386,1161690936,1339107,854,15,14,884,10808,2983767110,3047935676,160500182,2191893,214110123,2481,97808107,99999695,305,8874615,53439058,1066,99998934,190952021,6966651,52433145,152029649,30855335,69144665,99965555,34445,30451839,1000,1000,1000,1000,1000,1000,1000
510000,10480,62840,509000000,3054000000,1000,6000,9997428375076,11113920,1019842279,1339908864,1670,89486,1194030,508989520,1000,1053,191856,1015590980,21851228,1978148772,2167124181,854584191,1145415809,863208510,100034821937,128434252,911017,1124054,251975705,1162658772,1339131,854,9,20,860,10808,2989718554,3053936107,160592400,2181865,214276692,2487,97818135,99999720,280,8842446,53576299,1001,99998999,191047074,6966661,52507562,152190614,30771622,69228378,99965696,34304,30454674,1000,1000,1000,1000,1000,1000,1000
511000,10640,63134,510000000,3060000000,1000,6000,9997426461647,12844852,1023569879,1339905656,1981,92383,1194457,509989360,1000,6266,192297,1017589806,21843715,1978156285,2167171758,854423670,1145576330,865046802,100034902841,128532384,919677,1123637,252144860,1163628492,1339139,854,10,11,860,10808,2995663981,3059930600,160684741,2172511,214442379,2487,97827489,99999707,293,8811723,53714116,1026,99998974,191142268,6966674,52581020,152350707,30687840,69312160,99965743,34257,30457527,1000,1000,1000,1000,1000,1000,1000
512000,11030,62336,511000000,3066000000,1000,6000,9997425425233,13700932,1026426804,1339905404,2433,92183,1193310,510988970,1000,6249,190983,1019591320,21841140,1978158860,2167214584,854265096,1145734904,866889735,100034994777,128629578,916650,1121259,252304108,1164589224,1339138,854,10,12,860,10808,3001616199,3065931415,160776367,2163795,214608423,2487,97836205,99999744,256,8780225,53851424,1023,99998977,191236656,6966681,52654813,152510602,30604500,69395500,99965783,34217,30460289,1000,1000,1000,1000,1000,1000,1000
513000,10640,63330,512000000,3072000000,1000,6000,9997425078162,13860555,1028578786,1339906266,1478,92276,1196349,511989360,1000,1087,189696,1021586022,21830600,1978169400,2167264120,854106463,1145893537,868725796,100035118563,128727124,881775,1080471,252469987,1165553444,1339125,854,15,20,860,10808,3007571594,3071935583,160868255,2154724,214773507,2487,97845276,99999709,291,8750265,53989429,982,99999018,191331425,6966689,52728615,152670530,30521255,69478745,99965712,34288,30463170,1000,1000,1000,1000,1000,1000,1000
514000,10220,63404,513000000,3078000000,1000,6000,9997428898846,9852902,1026572448,1339906545,2435,91040,1197552,512989780,1000,6193,190400,1023584456,21820817,1978179183,2167311858,853945744,1146054256,870563495,100035196125,128824038,892507,1089918,252631236,1166510960,1339126,856,8,18,868,10828,3013517956,3077930403,160959319,2146202,214938075,2490,97853798,99999690,310,8720813,54127424,1036,99998964,191425365,6966705,52803334,152830561,30438819,69561181,99965742,34258,30466046,1000,1000,1000,1000,1000,1000,1000
515000,10500,62790,514000000,3084000000,1000,6000,9997420534962,18037365,1036753516,1339904913,2100,93007,1197708,513989500,1000,6091,190189,1025583584,21814954,1978185046,2167354790,853786519,1146213481,872403388,100035278416,128921112,898937,1095570,252791536,1167470364,1339123,856,12,17,868,10828,3019470135,3083931119,161050836,2138675,215103237,2490,97861325,99999742,258,8691323,54265880,965,99999035,191519666,6966715,52876831,152990007,30355654,69644346,99965792,34208,30468830,1000,1000,1000,1000,1000,1000,1000
516000,10710,63322,515000000,3090000000,1000,6000,9997425634345,12747974,1033469016,1339912642,1714,85664,1198149,514989290,1000,1115,189433,1027582282,21806843,1978193157,2167399937,853627969,1146372031,874243528,100035355052,129018426,911286,1102800,252955886,1168431896,1339101,858,13,18,888,10848,3025425921,3089935563,161142395,2131784,215268153,2490,97868216,99999705,295,8661141,54403398,1028,99998972,191614009,6966723,52950154,153149321,30272447,69727553,99965910,34090,30471614,1000,1000,1000,1000,1000,1000,1000
517000,10470,62925,516000000,3096000000,1000,6000,9997420543806,17660633,1040376858,1339908604,2001,89415,1198996,515989530,1000,6430,189305,1029581068,21799691,1978200309,2167442799,853468693,1146531307,876083027,100035426124,129115320,928625,1112081,253123377,1169389420,1339087,860,13,12,908,10868,3031372555,3095930645,161233625,2122933,215430969,2490,97877067,99999684,316,8634261,54542167,996,99999004,191708072,6966734,53024005,153308736,30189716,69810284,99965931,34069,30474447,1000,1000,1000,1000,1000,1000,1000
518000,10290,63266,517000000,3102000000,1000,6000,9997424866602,13163336,1037877410,1339905254,2626,92140,1199020,516989710,1000,1153,188949,1031581380,21795896,1978204104,2167481766,853309632,1146690368,877924271,100035520578,129212334,922839,1097755,253291262,1170347632,1339063,862,15,14,928,10888,3037328983,3101935581,161324803,2115347,215593986,2490,97884653,99999722,278,8606713,54680426,1055,99998945,191802040,6966741,53097831,153468160,30106908,69893092,99966123,33877,30477237,1000,1000,1000,1000,1000,1000,1000
519000,10230,63841,518000000,3108000000,1000,6000,9997426462151,11386779,1038101014,1339908066,1649,90305,1199165,517989770,1000,1153,188433,1033581210,21789673,1978210327,2167522577,853151538,1146848462,879765996,100035605885,129308580,925190,1095297,253454728,1171299116,1339036,864,13,23,948,10908,3043280284,3107935006,161415490,2107648,215756400,2490,97892352,99999686,314,8579788,54818788,988,99999012,191895600,6966752,53171511,153626781,30024840,69975160,99965994,34006,30480110,1000,1000,1000,1000,1000,1000,1000
520000,10050,63993,519000000,3114000000,1000,6000,9997423939206,13735149,1042445074,1339905522,1403,93095,1200244,518989950,1000,1186,188972,1035579412,21785220,1978214780,2167561218,852991804,1147008196,881604449,100035704172,129403840,914040,1093821,253604300,1172240284,1339050,864,10,12,948,10908,3049232469,3113934821,161505201,2100663,215919618,2490,97899337,99999691,309,8552590,54957512,960,99999040,191988015,6966767,53246418,153785991,29943241,70056759,99966148,33852,30482814,1000,1000,1000,1000,1000,1000,1000
521000,10390,62932,520000000,3120000000,1000,6000,9997421616977,15878674,1046594097,1339908499,2215,89306,1198935,519989610,1000,6282,187940,1037581350,21783477,1978216523,2167597375,852833948,1147166052,883448522,100035812470,129500240,893902,1071048,253765686,1173192916,1339039,864,14,19,948,10908,3055180234,3119930786,161595858,2093376,216082740,2490,97906624,99999705,295,8525477,55096270,1103,99998897,192081421,6966776,53320156,153944888,29860831,70139169,99966241,33759,30485563,1000,1000,1000,1000,1000,1000,1000
522000,10460,62436,521000000,3126000000,1000,6000,9997417916314,19401809,1052106800,1339904046,1961,94013,1201295,520989540,1000,6938,187336,1039576490,21772988,1978227012,2167640804,852677126,1147322874,885286833,100035863259,129596576,931349,1094442,253937248,1174144852,1339046,864,13,13,948,10908,3061131906,3125930626,161686704,2084764,216243132,2490,97915236,99999749,251,8501193,55235076,1032,99998968,192174965,6966783,53392139,154102321,29778079,70221921,99966399,33601,30488261,1000,1000,1000,1000,1000,1000,1000
523000,10600,62790,522000000,3132000000,1000,6000,9997420291799,16842911,1051554703,1339909739,2436,87845,1201205,521989400,1000,6477,187602,1041576390,21767765,1978232235,2167679065,852519154,1147480846,887128753,100035965280,129691882,916024,1080315,254093788,1175086840,1339047,864,15,10,948,10908,3067084360,3131930733,161776384,2077202,216404748,2490,97922798,99999724,276,8475692,55374060,1013,99998987,192267514,6966791,53465911,154260035,29697006,70302994,99966298,33702,30491130,1000,1000,1000,1000,1000,1000,1000
524000,10550,63287,523000000,3138000000,1000,6000,9997425884744,11077775,1047786134,1339905549,2486,91985,1200680,522989450,1000,5794,187119,1043577540,21761852,1978238148,2167716868,852362316,1147637684,888973055,100036030451,129787376,938231,1100625,254253012,1176030516,1339044,864,10,18,948,10908,3073036799,3137930919,161866353,2070979,216566229,2490,97929021,99999730,270,8450031,55512588,1004,99998996,192360191,6966801,53538689,154417366,29615161,70384839,99966406,33594,30493838,1000,1000,1000,1000,1000,1000,1000
525000,10570,62798,524000000,3144000000,1000,6000,9997418323184,18459524,1057165873,1339908956,1346,89718,1201699,523989430,1000,616,186063,1045575462,21754788,1978245212,2167755758,852206092,1147793908,890814750,100036118596,129882022,936571,1101416,254407866,1176966264,1339044,864,17,11,948,10908,3078995143,3143936586,161955608,2063756,216726789,2490,97936244,99999709,291,8425407,55651242,996,99999004,192452164,6966804,53612153,154574649,29534060,70465940,99966366,33634,30496556,1000,1000,1000,1000,1000,1000,1000
526000,10370,63334,525000000,3150000000,1000,6000,9997422871374,13735935,1054441165,1339906015,2373,91632,1202205,524989630,1000,6997,186446,1047574850,21747366,1978252634,2167793888,852048419,1147951581,892656462,100036203097,129977444,939408,1096525,254572851,1177909876,1339043,864,14,15,948,10908,3084940515,3149929669,162045650,2056429,216886650,2490,97943571,99999716,284,8402033,55790425,1025,99998975,192544902,6966807,53684796,154731942,29452106,70547894,99966322,33678,30499252,1000,1000,1000,1000,1000,1000,1000
527000,10930,63132,526000000,3156000000,1000,6000,9997417616853,18815419,1061519660,1339907752,1787,90481,1201702,525989070,1000,5786,185017,1049574736,21742548,1978257452,2167828414,851893389,1148106611,894501307,100036300810,130071546,927792,1090512,254723739,1178839952,1339049,864,9,14,948,10908,3090894877,3155931082,162134362,2050007,217046607,2490,97949993,99999737,263,8378768,55929785,1000,99999000,192636282,6966818,53757890,154888412,29371398,70628602,99966390,33610,30501920,1000,1000,1000,1000,1000,1000,1000
528000,10840,62428,527000000,3162000000,1000,6000,9997423434276,12822996,1057527905,1339909211,1393,89416,1202533,526989160,1000,6296,186506,1051573254,21737841,1978262159,2167863509,851735924,1148264076,896342350,100036364469,130166634,951096,1102905,254890555,1179780120,1339048,864,11,13,948,10908,3096847527,3161931276,162223970,2042080,217205235,2490,97957920,99999702,298,8356272,56068625,1084,99998916,192728598,6966828,53829684,155044398,29289914,70710086,99966360,33640,30504628,1000,1000,1000,1000,1000,1000,1000
529000,10600,62768,528000000,3168000000,1000,6000,9997425992593,10092033,1056793024,1339908725,1377,89918,1203781,527989400,1000,659,185131,1053571238,21732565,1978267435,2167898234,851580948,1148419052,898185349,100036475134,130261744,927561,1066667,255059724,1180720364,1339055,864,13,16,936,10908,3102805269,3167936573,162313795,2035061,217363398,2493,97964939,99999732,268,8333872,56207048,989,99999011,192821080,6966837,53901533,155200758,29208060,70791940,99966417,33583,30507285,1000,1000,1000,1000,1000,1000,1000
530000,11000,61724,529000000,3174000000,1000,6000,9997417943699,17973791,1066675137,1339905796,2117,92107,1202809,528989000,1000,1072,185798,1055572382,21731291,1978268709,2167928530,851423926,1148576074,900029464,100036565466,130356192,923697,1062436,255216439,1181654220,1339053,864,18,13,936,10908,3108758676,3173937204,162402899,2029192,217522926,2493,97970808,99999727,273,8310714,56346077,1011,99998989,192912843,6966844,53974109,155357120,29126933,70873067,99966414,33586,30509944,1000,1000,1000,1000,1000,1000,1000
531000,10620,63075,530000000,3180000000,1000,6000,9997419301952,16444560,1067144373,1339904227,2580,93213,1203425,529989380,1000,565,185388,1057571910,21726131,1978273869,2167961185,851267995,1148732005,901873053,100036674281,130450332,901121,1039651,255373014,1182584580,1339057,864,19,8,936,10908,3114710762,3179936360,162491650,2023499,217681515,2493,97976501,99999737,263,8288922,56485506,1000,99999000,193004226,6966852,54046971,155513469,29046078,70953922,99966542,33458,30512576,1000,1000,1000,1000,1000,1000,1000
532000,10210,62259,531000000,3186000000,1000,6000,9997422188603,13383231,1066083317,1339907919,2214,89887,1204715,530989790,1000,618,184465,1059570150,21722029,1978277971,2167993436,851113324,1148886676,903716618,100036731902,130544452,929920,1070995,255526089,1183514412,1339078,864,6,24,912,10908,3120664465,3185937123,162580387,2018229,217840929,2499,97981771,99999733,267,8266039,56624607,973,99999027,193095527,6966856,54118960,155669067,28965033,71034967,99966820,33180,30515140,1000,1000,1000,1000,1000,1000,1000
533000,10970,62544,532000000,3192000000,1000,6000,9997416192045,19209574,1073903771,1339906433,1426,92161,1204900,531989030,1000,617,183541,1061568260,21715871,1978284129,2168026689,850958417,1149041583,905559808,100036817798,130638672,930410,1069546,255683885,1184445956,1339081,864,10,17,912,10908,3126617071,3191936839,162669323,2013162,217999557,2499,97986838,99999760,240,8244038,56763843,971,99999029,193187072,6966869,54191086,155824911,28883924,71116076,99966875,33125,30517749,1000,1000,1000,1000,1000,1000,1000
534000,10760,63303,533000000,3198000000,1000,6000,9997422561008,12667592,1069365187,1339907805,2331,89884,1205367,532989240,1000,584,184278,1063567746,21711183,1978288817,2168058240,850801967,1149198033,907402837,100036883820,130732724,950402,1086814,255842262,1185375924,1339085,864,7,16,912,10908,3132569319,3197936113,162757986,2007851,218157657,2499,97992149,99999724,276,8222450,56903034,1036,99998964,193278414,6966876,54263501,155980631,28803298,71196702,99966834,33166,30520428,1000,1000,1000,1000,1000,1000,1000
535000,10700,63846,534000000,3204000000,1000,6000,9997417423991,17634835,1076332882,1339909274,1540,89206,1205080,533989300,1000,1147,184154,1065568440,21708448,1978291552,2168087737,850646964,1149353036,909248523,100036987477,130826576,932703,1063555,256003019,1186304012,1339074,864,16,18,912,10908,3138521287,3203935007,162846651,2001075,218314590,2499,97998925,99999744,256,8202484,57042633,978,99999022,193369711,6966881,54335232,156135763,28722529,71277471,99966810,33190,30523060,1000,1000,1000,1000,1000,1000,1000
536000,10070,62163,535000000,3210000000,1000,6000,9997416307517,18583994,1079280580,1339907673,1405,90942,1204880,534989930,1000,6163,182914,1067570100,21704873,1978295127,2168117854,850493221,1149506779,911096430,100037041739,130921068,964794,1086420,256167197,1187238276,1339076,864,17,15,912,10908,3144470708,3209931674,162935712,1996092,218472378,2499,98003908,99999737,263,8180918,57181567,1023,99998977,193461484,6966891,54406588,156290756,28641604,71358396,99966762,33238,30525772,1000,1000,1000,1000,1000,1000,1000
537000,10670,65259,536000000,3216000000,1000,6000,9997423889636,10831846,1073527820,1339905993,2395,91632,1204820,535989330,1000,578,183090,1069569020,21699598,1978300402,2168149227,850338159,1149661841,912940280,100037130803,131014316,960920,1082212,256322475,1188160380,1339085,864,8,15,912,10908,3150426573,3215934163,163023731,1990192,218629248,2499,98009808,99999725,275,8160708,57320913,964,99999036,193552189,6966899,54478835,156445650,28561643,71438357,99966670,33330,30528458,1000,1000,1000,1000,1000,1000,1000
538000,11050,62333,537000000,3222000000,1000,6000,9997419938404,14611638,1079302175,1339904484,2001,93535,1205645,536988950,1000,6821,182363,1071566610,21691473,1978308527,2168182831,850184535,1149815465,914784243,100037224850,131107164,952054,1070567,256479556,1189078092,1339081,864,17,10,912,10908,3156376832,3221930846,163111264,1982743,218784471,2499,98017257,99999717,283,8142670,57460652,1030,99998970,193642276,6966902,54550764,156600004,28481772,71518228,99966808,33192,30531012,1000,1000,1000,1000,1000,1000,1000
539000,10420,63382,538000000,3228000000,1000,6000,9997418208511,16175105,1082859909,1339900258,2254,97508,1207533,537989580,1000,1227,182871,1073564094,21685481,1978314519,2168213156,850029330,1149970670,916626517,100037316030,131200472,946456,1063130,256636050,1190000256,1339068,864,7,21,924,10920,3162334723,3227935391,163199244,1977355,218940870,2499,98022645,99999754,246,8123762,57600726,1044,99998956,193732839,6966907,54622652,156754706,28401541,71598459,99966951,33049,30533595,1000,1000,1000,1000,1000,1000,1000
540000,10370,62120,539000000,3234000000,1000,6000,9997417743637,16467560,1085148228,1339901920,1823,96277,1209794,538989630,1000,6475,182369,1075559672,21677938,1978322062,2168244307,849875762,1150124238,918468515,100037366235,131293720,981597,1094318,256794133,1190921944,1339080,864,19,21,900,10920,3168284113,3233931405,163287168,1972217,219096762,2505,98027783,99999737,263,8105275,57740763,1032,99998968,193823389,6966919,54694062,156908788,28321495,71678505,99967023,32977,30536221,1000,1000,1000,1000,1000,1000,1000
541000,10700,63675,540000000,3240000000,1000,6000,9997424376717,9666507,1080352821,1339906617,1831,91572,1208786,539989300,1000,5931,181952,1077561028,21678334,1978321666,2168267378,849722051,1150277949,920316154,100037481174,131387076,951937,1058534,256954348,1191844904,1339101,864,11,20,888,10920,3174236424,3239930394,163375132,1966861,219252399,2508,98033139,99999717,283,8087144,57880960,1080,99998920,193914041,6966925,54765608,157062922,28241595,71758405,99966985,33015,30538909,1000,1000,1000,1000,1000,1000,1000
542000,10520,63101,541000000,3246000000,1000,6000,9997414832454,19050306,1091730077,1339900417,1297,98306,1208872,540989480,1000,600,182492,1079561216,21674088,1978325912,2168294197,849567560,1150432440,922161848,100037544354,131479852,973672,1081166,257107485,1192762120,1339111,864,11,10,888,10920,3180195941,3245936299,163462722,1962463,219408324,2508,98037537,99999729,271,8068981,58021339,1010,99998990,194004248,6966928,54837206,157216876,28161856,71838144,99967004,32996,30541526,1000,1000,1000,1000,1000,1000,1000
543000,10400,63302,542000000,3252000000,1000,6000,9997419230392,14481165,1089160722,1339901741,2102,96177,1209652,541989600,1000,547,180681,1081559896,21667915,1978332085,2168323550,849416334,1150583666,924009285,100037637182,131573074,965957,1066727,257267272,1193684068,1339103,864,10,19,888,10920,3186149182,3251936151,163550672,1957912,219563934,2508,98042088,99999763,237,8050386,58161060,991,99999009,194094904,6966945,54907722,157369930,28082024,71917976,99966866,33134,30544232,1000,1000,1000,1000,1000,1000,1000
544000,11130,61664,543000000,3258000000,1000,6000,9997415648362,17896317,1094572781,1339902724,1589,95707,1210379,542988870,1000,6241,180553,1083556982,21664222,1978335778,2168349729,849263204,1150736796,925853233,100037751840,131665758,936160,1036748,257420739,1194600492,1339107,864,11,14,888,10920,3192098784,3257932095,163638151,1953464,219719616,2508,98046536,99999742,258,8032327,58301289,978,99999022,194184989,6966953,54978721,157523196,28002363,71997637,99966864,33136,30546838,1000,1000,1000,1000,1000,1000,1000
545000,10980,63157,544000000,3264000000,1000,6000,9997422612774,10762721,1089446344,1339907803,1845,90372,1209723,543989020,1000,1104,180517,1085558594,21662514,1978337486,2168373128,849110888,1150889112,927702521,100037808443,131758372,964229,1059714,257578137,1195515968,1339105,864,11,16,888,10920,3198056121,3263935739,163725380,1948362,219874023,2508,98051638,99999726,274,8015722,58441739,1041,99998959,194274866,6966961,55049148,157675556,27923078,72076922,99966882,33118,30549486,1000,1000,1000,1000,1000,1000,1000
546000,10910,62346,545000000,3270000000,1000,6000,9997417893084,15315587,1095998970,1339908683,2075,89262,1210610,544989090,1000,6274,180578,1087556960,21658494,1978341506,2168399118,848957749,1151042251,929547741,100037870176,131850800,987002,1080750,257732997,1196429944,1339103,864,15,14,888,10920,3204005548,3269931380,163812617,1944134,220028871,2508,98055866,99999704,296,7997958,58581463,1009,99998991,194364743,6966968,55120276,157828641,27843761,72156239,99966818,33182,30552126,1000,1000,1000,1000,1000,1000,1000
547000,10700,62342,546000000,3276000000,1000,6000,9997423094211,9954785,1092634469,1339904452,1662,93906,1209702,545989300,1000,6329,179709,1089559196,21656257,1978343743,2168422796,848805755,1151194245,931397974,100037968408,131942916,973300,1070396,257882564,1197340576,1339110,864,10,12,888,10920,3209959439,3275931329,163899610,1939731,220183977,2508,98060269,99999749,251,7980965,58722104,963,99999037,194454264,6966977,55191211,157981513,27764352,72235648,99966922,33078,30554654,1000,1000,1000,1000,1000,1000,1000
548000,10350,62451,547000000,3282000000,1000,6000,9997413894414,18989312,1103666756,1339902361,2499,95160,1211122,546989650,1000,1186,180034,1091557056,21650740,1978349260,2168448915,848654006,1151345994,933244077,100038044246,132035352,981998,1071487,258041639,1198254720,1339094,864,18,20,888,10920,3215918255,3281936363,163986884,1935041,220337643,2508,98064959,99999764,236,7965068,58862509,927,99999073,194544174,6966985,55260641,158132945,27684986,72315014,99966840,33160,30557290,1000,1000,1000,1000,1000,1000,1000
549000,10690,62063,548000000,3288000000,1000,6000,9997421570996,11139045,1097821593,1339909381,1993,88646,1210895,547989310,1000,6202,179363,1093556830,21644871,1978355129,2168475760,848503363,1151496637,935093201,100038174624,132127918,936170,1017104,258201417,1199170004,1339092,864,20,20,888,10920,3221867344,3287931735,164074077,1930133,220491438,2508,98069867,99999691,309,7948927,59002835,1027,99998973,194634039,6966992,55330113,158284266,27605809,72394191,99966762,33238,30559962,1000,1000,1000,1000,1000,1000,1000
550000,10270,63133,549000000,3294000000,1000,6000,9997423390410,9156730,1097840499,1339909770,2448,87802,1210832,548989730,1000,6404,178327,1095557796,21643369,1978356631,2168497271,848352352,1151647648,936943148,100038242077,132219868,952753,1032292,258354927,1200079120,1339106,864,3,23,888,10920,3227820097,3293930463,164160864,1926036,220645203,2508,98073964,99999745,255,7933069,59143381,947,99999053,194723465,6967000,55400659,158436321,27526939,72473061,99966719,33281,30562601,1000,1000,1000,1000,1000,1000,1000
551000,10760,62602,550000000,3300000000,1000,6000,9997413941602,18443052,1109116816,1339903944,2432,93644,1212182,549989240,1000,6748,177868,1097554116,21635973,1978364027,2168524897,848201489,1151798511,938788597,100038293759,132311454,985002,1066323,258504377,1200984380,1339095,864,16,21,888,10920,3233774491,3299930650,164247128,1921443,220798980,2508,98078557,99999756,244,7917443,59284083,1060,99998940,194812280,6967008,55470827,158587651,27448328,72551672,99966818,33182,30565152,1000,1000,1000,1000,1000,1000,1000
552000,10490,63188,551000000,3306000000,1000,6000,9997414489726,17732544,1110404390,1339901749,2263,96008,1212772,550989510,1000,1062,179131,1099553476,21631846,1978368154,2168548781,848048808,1151951192,940635268,100038387763,132403014,974909,1052314,258659721,1201889660,1339108,864,11,13,888,10920,3239733811,3305935750,164333552,1915597,220951248,2508,98084403,99999716,284,7903492,59424947,1061,99998939,194901251,6967016,55540923,158739077,27369545,72630455,99966851,33149,30567699,1000,1000,1000,1000,1000,1000,1000
553000,10280,64234,552000000,3312000000,1000,6000,9997419057199,13000625,1107676306,1339907798,1214,91008,1212407,551989720,1000,1049,177869,1101554626,21632698,1978367302,2168567191,847898300,1152101700,942485906,100038480043,132494866,966688,1045492,258810233,1202797660,1339107,864,20,17,876,10920,3245686852,3311934717,164420295,1912055,221105361,2511,98087945,99999761,239,7887817,59565983,941,99999059,194990589,6967020,55611144,158890851,27290587,72709413,99966886,33114,30570294,1000,1000,1000,1000,1000,1000,1000
554000,10300,62361,553000000,3318000000,1000,6000,9997414854651,17042537,1113710542,1339901622,1865,96533,1213971,552989700,1000,6695,178244,1103551458,21626399,1978373601,2168592897,847747365,1152252635,944331794,100038554005,132586176,976144,1057842,258957818,1203699992,1339119,864,10,15,876,10920,3251637424,3317930944,164506192,1908378,221258934,2511,98091622,99999743,257,7872069,59706438,1023,99998977,195079116,6967029,55681076,159041420,27212580,72787420,99966948,33052,30572924,1000,1000,1000,1000,1000,1000,1000
555000,10850,64367,554000000,3324000000,1000,6000,9997417422534,14314344,1112982281,1339901303,1454,97263,1212631,553989150,1000,1094,177751,1105553038,21624860,1978375140,2168613114,847596670,1152403330,946182665,100038649952,132677412,963814,1042210,259112343,1204601760,1339112,864,22,10,876,10920,3257595401,3323934539,164592232,1903010,221410539,2511,98096990,99999733,267,7858749,59847261,1019,99998981,195167694,6967043,55751314,159192622,27134154,72865846,99967058,32942,30575462,1000,1000,1000,1000,1000,1000,1000
556000,10710,61471,555000000,3330000000,1000,6000,9997415842974,15734099,1116403578,1339900830,2143,97047,1212590,554989290,1000,6823,178031,1107553400,21624490,1978375510,2168631904,847445864,1152554136,948032216,100038733050,132768286,963763,1043886,259261132,1205499940,1339115,864,22,19,864,10920,3263547131,3329931706,164677835,1898562,221562687,2514,98101438,99999745,255,7844789,59988060,1037,99998963,195255905,6967048,55821458,159343153,27056375,72943625,99967090,32910,30578070,1000,1000,1000,1000,1000,1000,1000
557000,10450,63193,556000000,3336000000,1000,6000,9997417066419,14341761,1117013435,1339906181,1869,91970,1213557,555989550,1000,659,176847,1109551986,21619697,1978380303,2168654376,847296300,1152703700,949881228,100038827461,132860098,953265,1025344,259419864,1206407660,1339129,866,7,12,872,10940,3269505666,3335936148,164764351,1894055,221714598,2517,98105945,99999713,287,7831585,60129404,1091,99998909,195345055,6967058,55890968,159493911,26977761,73022239,99967056,32944,30580704,1000,1000,1000,1000,1000,1000,1000
558000,10100,62554,557000000,3342000000,1000,6000,9997421475671,9773830,1114442705,1339903042,2496,94482,1214628,556989900,1000,692,177385,1111550544,21617053,1978382947,2168674396,847145679,1152854321,951729155,100038898889,132950982,965222,1037992,259569357,1207306676,1339115,866,14,19,872,10940,3275460830,3341936754,164850358,1890144,221866686,2517,98109856,99999759,241,7818166,60270575,1000,99999000,195433564,6967068,55960058,159644004,26899260,73100740,99967010,32990,30583206,1000,1000,1000,1000,1000,1000,1000
559000,10600,62405,558000000,3348000000,1000,6000,9997415274237,15804167,1122476967,1339911854,1500,86666,1214909,557989400,1000,1045,176057,1113548982,21611587,1978388413,2168696468,846996495,1153003505,953578404,100038977241,133042272,970191,1040427,259722312,1208209312,1339134,866,11,15,860,10940,3281414981,3347936550,164936317,1887065,222018804,2520,98112935,99999723,277,7804603,60411784,1109,99998891,195522174,6967073,56029918,159794521,26821254,73178746,99966925,33075,30585857,1000,1000,1000,1000,1000,1000,1000
560000,10590,63451,559000000,3354000000,1000,6000,9997413053512,17869455,1126539187,1339906264,2054,91702,1214554,558989410,1000,592,176753,1115549712,21608993,1978391007,2168715680,846846001,1153153999,955428628,100039062535,133133378,968369,1031213,259879619,1209110028,1339120,868,17,15,868,10960,3287368834,3353935957,165022386,1882303,222169341,2523,98117697,99999752,248,7792776,60553045,1002,99998998,195610791,6967085,56098755,159944331,26742829,73257171,99966963,33037,30588405,1000,1000,1000,1000,1000,1000,1000
561000,10760,62823,560000000,3360000000,1000,6000,9997413697482,17065963,1127731260,1339904994,1661,93365,1215555,559989240,1000,622,176726,1117547370,21605009,1978394991,2168735405,846696457,1153303543,957276732,100039175762,133224162,938115,1002026,260028107,1210007596,1339141,868,13,22,844,10960,3293324040,3359936555,165107955,1879593,222321246,2529,98120407,99999734,266,7779727,60694505,1041,99998959,195698958,6967095,56167963,160093912,26665054,73334946,99966933,33067,30591003,1000,1000,1000,1000,1000,1000,1000
562000,10570,62191,561000000,3366000000,1000,6000,9997412668472,17935695,1130597281,1339903510,1829,94681,1216576,560989430,1000,1140,175833,1119545708,21601525,1978398475,2168754741,846547406,1153452594,959126011,100039219757,133315440,977579,1035271,260184405,1210910144,1339148,868,10,18,844,10960,3299278515,3365936669,165194188,1876355,222472494,2529,98123645,99999753,247,7767132,60835763,915,99999085,195787796,6967103,56236892,160243864,26586636,73413364,99966886,33114,30593608,1000,1000,1000,1000,1000,1000,1000
563000,10900,61989,562000000,3372000000,1000,6000,9997416157038,14288891,1128943972,1339899098,1779,99143,1216843,561989100,1000,6150,175047,1121544514,21596457,1978403543,2168775530,846399359,1153600641,960976757,100039325715,133405702,954041,1013187,260331682,1211802620,1339158,868,9,9,844,10960,3305228576,3371931861,165279167,1872141,222623316,2529,98127859,99999738,262,7755610,60977674,1038,99998962,195875386,6967116,56305981,160392710,26509490,73490510,99966811,33189,30596219,1000,1000,1000,1000,1000,1000,1000
564000,10690,63308,563000000,3378000000,1000,6000,9997411557339,18725657,1135389614,1339905405,1693,92922,1215804,562989310,1000,654,175298,1123547012,21596357,1978403643,2168791058,846250103,1153749897,962829991,100039393884,133496640,968855,1025927,260482758,1212701384,1339161,868,14,13,832,10960,3311187284,3377936038,165364770,1869779,222774942,2532,98130221,99999710,290,7742516,61118858,1062,99998938,195963638,6967124,56374689,160541723,26431834,73568166,99966816,33184,30598868,1000,1000,1000,1000,1000,1000,1000
565000,10070,61821,564000000,3384000000,1000,6000,9997413212285,16915715,1135580353,1339903470,2250,94300,1215394,563989930,1000,6153,174752,1125549072,21596431,1978403569,2168806000,846101554,1153898446,964683490,100039474427,133587218,971102,1029669,260630406,1213596608,1339151,868,12,13,844,10972,3317137983,3383932026,165450150,1867480,222926478,2532,98132520,99999723,277,7729812,61260290,1012,99998988,196051618,6967136,56443616,160690830,26354254,73645746,99966852,33148,30601468,1000,1000,1000,1000,1000,1000,1000
566000,10780,63109,565000000,3390000000,1000,6000,9997412436055,17530519,1138190312,1339903926,1439,94655,1216176,564989220,1000,605,174066,1127546088,21591021,1978408979,2168825837,845953611,1154046389,966532554,100039522661,133677600,1005255,1060144,260782730,1214490588,1339181,868,15,16,808,10972,3323097052,3389936286,165535381,1863677,223076406,2541,98136323,99999700,300,7719165,61402234,1040,99998960,196139503,6967145,56512331,160839468,26276985,73723015,99966658,33342,30604122,1000,1000,1000,1000,1000,1000,1000
567000,11040,62697,566000000,3396000000,1000,6000,9997413142581,16663495,1139324001,1339904936,2120,92964,1216971,565988960,1000,5605,174529,1129543978,21588206,1978411794,2168842786,845804750,1154195250,968381571,100039614613,133767810,995888,1047597,260934348,1215382168,1339194,868,16,14,796,10972,3329047359,3395931698,165620425,1859803,223225932,2544,98140197,99999752,248,7708957,61544092,1027,99998973,196227084,6967157,56580771,160987878,26199552,73800448,99966751,33249,30606659,1000,1000,1000,1000,1000,1000,1000
568000,10550,62921,567000000,3402000000,1000,6000,9997419373307,10276335,1134934836,1339903874,2436,93710,1217717,566989450,1000,5873,173471,1131543466,21586931,1978413069,2168858388,845657464,1154342536,970233768,100039744873,133858244,948210,998676,261083934,1216275732,1339194,868,14,16,796,10972,3335001650,3401931206,165705540,1857085,223376532,2544,98142915,99999721,279,7697317,61685670,1029,99998971,196314817,6967162,56649241,161136227,26122291,73877709,99966827,33173,30609277,1000,1000,1000,1000,1000,1000,1000
569000,10650,62543,568000000,3408000000,1000,6000,9997413829407,15657612,1142316591,1339908036,1372,90612,1218310,567989350,1000,6368,173311,1133542080,21583111,1978416889,2168875342,845509257,1154490743,972084165,100039791651,133947978,983479,1033478,261232867,1217162880,1339203,868,18,15,784,10972,3340956666,3407931089,165790230,1852856,223525443,2547,98147144,99999725,275,7688416,61828241,957,99999043,196402065,6967172,56718044,161284604,26045275,73954725,99966817,33183,30611835,1000,1000,1000,1000,1000,1000,1000
570000,10710,63490,569000000,3414000000,1000,6000,9997414439059,14888660,1143549478,1339907987,2290,89743,1218253,568989290,1000,6905,173376,1135542074,21580441,1978419559,2168892332,845361026,1154638974,973935921,100039862546,134038488,995044,1042542,261383474,1218057700,1339218,868,19,11,772,10972,3346909927,3413929605,165875401,1850487,223676136,2550,98149513,99999743,257,7676483,61969682,1041,99998959,196489914,6967179,56786402,161432777,25968138,74031862,99966709,33291,30614513,1000,1000,1000,1000,1000,1000,1000
571000,10750,62927,570000000,3420000000,1000,6000,9997418775122,10396110,1141056299,1339907809,1184,91027,1217415,569989250,1000,568,173549,1137543670,21578150,1978421850,2168907954,845212940,1154787060,975789423,100039973287,134128306,966373,1013740,261531461,1218945352,1339199,870,18,11,792,10992,3352871917,3419936505,165959947,1846999,223825515,2550,98153001,99999766,234,7666663,62111831,1085,99998915,196577050,6967187,56854957,161580698,25891362,74108638,99966751,33249,30617103,1000,1000,1000,1000,1000,1000,1000
572000,10550,63622,571000000,3426000000,1000,6000,9997414078449,14943517,1147594712,1339896883,2400,100737,1217981,570989450,1000,1169,173793,1139542938,21573675,1978426325,2168925099,845065818,1154934182,977641557,100040036769,134217682,984523,1032108,261678098,1219828960,1339204,870,11,13,792,10992,3358825933,3425935209,166044165,1843827,223974300,2550,98156173,99999728,272,7657127,62253662,1111,99998889,196663850,6967199,56922793,161727588,25814890,74185110,99966707,33293,30619685,1000,1000,1000,1000,1000,1000,1000
573000,10880,62679,572000000,3432000000,1000,6000,9997415893410,12970920,1147619440,1339898126,1172,100722,1217547,571989120,1000,6713,172129,1141543146,21571207,1978428793,2168940519,844919787,1155080213,979495728,100040121034,134307364,982201,1032797,261822821,1220715404,1339206,870,8,14,792,10992,3364776491,3431930608,166128704,1841149,224124180,2550,98158851,99999743,257,7646868,62395863,1074,99998926,196750969,6967205,56991115,161875289,25738091,74261909,99966721,33279,30622265,1000,1000,1000,1000,1000,1000,1000
574000,10310,63275,573000000,3438000000,1000,6000,9997410488886,18211518,1154865807,1339902647,2276,95097,1218952,572989690,1000,1104,172851,1143541476,21567331,1978432669,2168956916,844771881,1155228119,981346140,100040214519,134397710,971044,1020499,261971269,1221608768,1339223,870,11,18,768,10992,3370736331,3437935621,166213936,1840138,224274933,2556,98159862,99999732,268,7635347,62537767,986,99999014,196838867,6967217,57058411,162022485,25660857,74339143,99966579,33421,30624931,1000,1000,1000,1000,1000,1000,1000
575000,10520,62232,574000000,3444000000,1000,6000,9997419526903,9018295,1147669420,1339903485,1769,94766,1219277,573989480,1000,6899,170943,1145540406,21567042,1978432958,2168969468,844627516,1155372484,983200695,100040266093,134487748,1001816,1046801,262121982,1222498708,1339221,870,13,18,768,10992,3376686560,3443930869,166298748,1837365,224424159,2556,98162635,99999755,245,7625880,62680090,1028,99998972,196926243,6967227,57125010,162168768,25583737,74416263,99966625,33375,30627495,1000,1000,1000,1000,1000,1000,1000
576000,10610,62247,575000000,3450000000,1000,6000,9997415632417,12757866,1153411330,1339904149,1846,94025,1219067,574989390,1000,6383,172232,1147540646,21567766,1978432234,2168981522,844480087,1155519913,985053498,100040366357,134577616,983528,1024698,262271922,1223386916,1339219,870,14,19,768,10992,3382642127,3449931370,166383336,1834093,224573196,2556,98165907,99999713,287,7616332,62822210,1051,99998949,197013462,6967235,57191832,162314916,25507042,74492958,99966612,33388,30630126,1000,1000,1000,1000,1000,1000,1000
577000,10280,61767,576000000,3456000000,1000,6000,9997416281167,11954753,1154604076,1339902801,1556,95663,1220372,575989720,1000,1182,171975,1149538696,21565602,1978434398,2168994881,844333187,1155666813,986904642,100040427108,134667186,1004617,1046936,262418000,1224272072,1339225,870,16,11,768,10992,3388603023,3455937051,166467744,1831954,224722305,2556,98168046,99999728,272,7607291,62964852,997,99999003,197100444,6967241,57259735,162462079,25430356,74569644,99966674,33326,30632700,1000,1000,1000,1000,1000,1000,1000
578000,11170,62578,577000000,3462000000,1000,6000,9997415113322,12972033,1157620052,1339898228,2073,99719,1218199,576988830,1000,664,171652,1151541262,21565497,1978434503,2169007382,844187191,1155812809,988761204,100040535090,134756464,978070,1023118,262561500,1225154836,1339216,870,14,22,768,10992,3394558091,3461936758,166551807,1829349,224871591,2556,98170651,99999735,265,7597507,63106972,1082,99998918,197187125,6967249,57327235,162608406,25354147,74645853,99966560,33440,30635318,1000,1000,1000,1000,1000,1000,1000
579000,10530,62719,578000000,3468000000,1000,6000,9997415159440,12764384,1159409923,1339900264,2042,97714,1220610,577989470,1000,1148,170745,1153537720,21559989,1978440011,2169024995,844042500,1155957500,990612966,100040640034,134846578,955283,991164,262716263,1226045200,1339231,870,15,18,756,10992,3400512409,3467936133,166636551,1826389,225020013,2559,98173611,99999721,279,7588348,63248885,1106,99998894,197274516,6967254,57393388,162754009,25277344,74722656,99966607,33393,30637965,1000,1000,1000,1000,1000,1000,1000
580000,10390,63020,579000000,3474000000,1000,6000,9997418797825,8970266,1157613793,1339900709,1097,98214,1220915,578989610,1000,1075,170519,1155537390,21557188,1978442812,2169038663,843896811,1156103189,992466936,100040693641,134936118,983561,1014112,262867622,1226930112,1339240,870,11,13,756,10992,3406467411,3473935905,166721010,1823279,225167760,2559,98176721,99999746,254,7580616,63391450,1004,99998996,197361525,6967265,57459955,162899935,25200535,74799465,99966679,33321,30640515,1000,1000,1000,1000,1000,1000,1000
581000,10690,63215,580000000,3480000000,1000,6000,9997413534747,14080531,1164727389,1339901179,1149,97692,1219732,579989310,1000,1087,171516,1157539156,21558035,1978441965,2169048458,843750197,1156249803,994322082,100040778393,135025558,980233,1007615,263016358,1227814192,1339234,870,11,19,756,10992,3412422484,3479935698,166805140,1820989,225315972,2559,98179011,99999708,292,7572226,63533946,1054,99998946,197448329,6967271,57526796,163045558,25124427,74875573,99966585,33415,30643189,1000,1000,1000,1000,1000,1000,1000
582000,10270,62006,581000000,3486000000,1000,6000,9997414540596,12915696,1165566845,1339905367,1713,92940,1220236,580989730,1000,663,170673,1159538988,21556844,1978443156,2169059766,843605592,1156394408,996177295,100040858598,135114854,981608,1012188,263158600,1228696504,1339240,870,11,13,756,10992,3418379469,3485937331,166889162,1819832,225465258,2559,98180168,99999738,262,7563296,63676872,1082,99998918,197534921,6967285,57593376,163191020,25048115,74951885,99966677,33323,30645759,1000,1000,1000,1000,1000,1000,1000
583000,10350,63009,582000000,3492000000,1000,6000,9997416284473,11024468,1165660109,1339895378,1509,103133,1222364,581989650,1000,5872,169990,1161534572,21552667,1978447333,2169074542,843460730,1156539270,998028005,100040920888,135204404,1000953,1026815,263308908,1229581732,1339259,870,14,15,732,10992,3424328482,3491931119,166973509,1817129,225613296,2565,98182871,99999727,273,7555389,63819640,1074,99998926,197621899,6967297,57659848,163336577,24971661,75028339,99966614,33386,30648390,1000,1000,1000,1000,1000,1000,1000
584000,10630,62769,583000000,3498000000,1000,6000,9997413097440,14054494,1170695426,1339899649,1249,99122,1221597,582989370,1000,651,170563,1163535546,21552667,1978447333,2169084443,843315072,1156684928,999883314,100041039710,135293488,963629,988629,263454953,1230462892,1339261,870,8,19,732,10992,3430289401,3497936580,167057737,1814666,225761301,2565,98185334,99999725,275,7547949,63962735,973,99999027,197708657,6967304,57725772,163481669,24895023,75104977,99966504,33496,30650920,1000,1000,1000,1000,1000,1000,1000
585000,10760,62827,584000000,3504000000,1000,6000,9997416007433,10983839,1169622711,1339902502,1300,96218,1223507,583989240,1000,1110,169637,1165531466,21547518,1978452482,2169099464,843171330,1156828670,1001735483,100041092493,135382986,992625,1016128,263601064,1231347648,1339259,870,13,16,732,10992,3436244135,3503936063,167142027,1813580,225910278,2565,98186420,99999699,301,7539137,64105472,1044,99998956,197795519,6967313,57791303,163626346,24818449,75181551,99966488,33512,30653492,1000,1000,1000,1000,1000,1000,1000
586000,10350,63709,585000000,3510000000,1000,6000,9997415712616,11128273,1171770985,1339903137,1440,95443,1222240,584989650,1000,565,169214,1167534820,21550078,1978449922,2169105586,843026202,1156973798,1003593703,100041182345,135472244,984302,1004793,263749638,1232230156,1339262,870,11,15,732,10992,3442199169,3509935726,167226191,1811634,226057890,2565,98188366,99999733,267,7532435,64248958,1038,99998962,197882259,6967319,57857848,163771903,24742013,75257987,99966430,33570,30656068,1000,1000,1000,1000,1000,1000,1000
587000,10530,63168,586000000,3516000000,1000,6000,9997411075715,15614983,1178252980,1339899935,1195,98890,1222462,585989470,1000,1161,169003,1169534016,21549390,1978450610,2169115994,842881650,1157118350,1005448339,100041250968,135561624,997263,1013871,263898328,1233113412,1339291,870,11,10,708,10992,3448154424,3515935671,167310345,1809105,226205724,2571,98190895,99999725,275,7525236,64392188,1031,99998969,197969002,6967327,57923643,163916674,24665626,75334374,99966477,33523,30658657,1000,1000,1000,1000,1000,1000,1000
588000,10420,63101,587000000,3522000000,1000,6000,9997414479907,12055869,1176697779,1339900170,2256,97594,1221709,586989580,1000,1140,168839,1171535742,21548516,1978451484,2169126599,842737162,1157262838,1007305571,100041320028,135650634,1009573,1026928,264042339,1233992896,1339294,870,19,23,684,10992,3454110007,3521935759,167394233,1807039,226353837,2577,98192961,99999749,251,7517595,64535209,950,99999050,198055433,6967333,57989499,164061332,24589367,75410633,99966588,33412,30661200,1000,1000,1000,1000,1000,1000,1000
589000,10650,63940,588000000,3528000000,1000,6000,9997411748176,14639038,1181277264,1339896170,2120,101730,1221454,587989350,1000,566,169388,1173535792,21547894,1978452106,2169136752,842591939,1157408061,1009160387,100041411117,135740322,1000075,1008355,264195962,1234879368,1339318,870,7,11,684,10992,3460064898,3527935494,167478476,1805226,226501413,2577,98194774,99999741,259,7509869,64677754,1087,99998913,198142371,6967344,58055331,164206017,24513209,75486791,99966495,33505,30663895,1000,1000,1000,1000,1000,1000,1000
590000,11000,61737,589000000,3534000000,1000,6000,9997416893009,9339690,1177976903,1339895778,2314,101928,1220759,588989000,1000,1105,167700,1175536482,21545617,1978454383,2169148966,842450190,1157549810,1011019317,100041506700,135828472,985121,997436,264335395,1235750692,1339311,870,14,11,684,10992,3466022487,3533937158,167561577,1802653,226648761,2577,98197347,99999749,251,7502513,64820253,1074,99998926,198227979,6967355,58120692,164349465,24437629,75562371,99966532,33468,30666402,1000,1000,1000,1000,1000,1000,1000
591000,11630,63271,590000000,3540000000,1000,6000,9997410542088,15526339,1186167391,1339904223,1261,94536,1221776,589988370,1000,6339,168503,1177533188,21540882,1978459118,2169162373,842306156,1157693844,1012871980,100041571531,135916354,1000135,1019605,264471574,1236619520,1339309,870,16,11,684,10992,3471971778,3539930390,167644365,1800441,226796055,2577,98199559,99999709,291,7496013,64963726,982,99999018,198313446,6967364,58186502,164492705,24362878,75637122,99966351,33649,30669081,1000,1000,1000,1000,1000,1000,1000
592000,10540,64090,591000000,3546000000,1000,6000,9997408943990,16974310,1189607771,1339898825,1429,99766,1223595,590989460,1000,7001,167443,1179531730,21537335,1978462665,2169175258,842163310,1157836690,1014727665,100041680563,136004956,971642,988916,264617574,1237495404,1339305,870,13,18,684,10992,3477925996,3545928909,167727629,1798164,226942908,2577,98201836,99999699,301,7488942,65106198,1085,99998915,198399400,6967375,58252535,164636622,24287684,75712316,99966195,33805,30671771,1000,1000,1000,1000,1000,1000,1000
593000,10620,63583,592000000,3552000000,1000,6000,9997414148362,11613987,1186248163,1339899606,1631,98783,1224120,591989380,1000,659,168191,1181530520,21534310,1978465690,2169186710,842018855,1157981145,1016581992,100041738719,136094056,994667,1008797,264764462,1238375596,1339308,870,12,16,684,10992,3483888295,3551935758,167811408,1796347,227090355,2577,98203653,99999739,261,7482372,65249714,1057,99998943,198485818,6967383,58317749,164780337,24211822,75788178,99966258,33742,30674410,1000,1000,1000,1000,1000,1000,1000
594000,10460,63096,593000000,3558000000,1000,6000,9997415735488,9872189,1186509043,1339903135,1997,94888,1224465,592989540,1000,552,166988,1183530150,21534862,1978465138,2169193740,841876690,1158123310,1018439447,100041814787,136182878,999507,1013459,264908039,1239253320,1339319,870,7,10,684,10992,3489844478,3557936352,167894980,1795238,227237955,2577,98204762,99999723,277,7475883,65393461,1037,99998963,198572026,6967393,58382827,164923715,24136158,75863842,99966246,33754,30677046,1000,1000,1000,1000,1000,1000,1000
595000,10420,62019,594000000,3564000000,1000,6000,9997414539276,10917575,1189548972,1339897394,2231,100395,1224839,593989580,1000,5773,167477,1185529482,21530151,1978469849,2169206550,841732958,1158267042,1020295042,100041882060,136270944,1012565,1031052,265046812,1240124132,1339292,872,13,11,704,11012,3495796300,3563932208,167978070,1793356,227385084,2577,98206644,99999748,252,7469691,65536984,962,99999038,198657702,6967398,58448157,165066963,24060826,75939174,99966122,33878,30679632,1000,1000,1000,1000,1000,1000,1000
596000,10470,62943,595000000,3570000000,1000,6000,9997413213011,12087353,1192719073,1339900617,2263,97140,1225349,594989530,1000,6902,165640,1187528362,21527968,1978472032,2169216210,841592111,1158407889,1022153068,100041993501,136359520,981632,999841,265189772,1240999876,1339296,872,7,13,704,11012,3501749959,3569930155,168061444,1792265,227532387,2577,98207735,99999713,287,7463270,65680556,963,99999037,198743766,6967405,58512854,165209654,23985522,76014478,99965936,34064,30682322,1000,1000,1000,1000,1000,1000,1000
597000,10590,61964,596000000,3576000000,1000,6000,9997416532274,8615404,1191247600,1339900962,1698,97360,1224807,595989410,1000,6763,166065,1189529206,21526197,1978473803,2169225812,841449200,1158550800,1024010993,100042049017,136448064,1006617,1028150,265328896,1241874516,1339291,872,12,13,704,11012,3507706805,3575931273,168144548,1791868,227680440,2577,98208132,99999717,283,7455840,65823860,1014,99998986,198829551,6967413,58577606,165352148,23910461,76089539,99965955,34045,30685003,1000,1000,1000,1000,1000,1000,1000
598000,10200,63107,597000000,3582000000,1000,6000,9997413386157,11611494,1196246310,1339901564,1403,97053,1224243,596989800,1000,6417,166772,1191531114,21527697,1978472303,2169232467,841306078,1158693922,1025869772,100042160407,136536528,975796,999685,265468907,1242748604,1339305,872,15,8,692,11012,3513661776,3581930476,168227666,1791068,227828193,2580,98208932,99999755,245,7448523,65966925,1089,99998911,198915295,6967420,58642162,165494570,23835221,76164779,99965967,34033,30687629,1000,1000,1000,1000,1000,1000,1000
599000,10830,63020,598000000,3588000000,1000,6000,9997410300450,14543416,1201172413,1339899317,1721,98982,1224912,597989170,1000,5770,165168,1193528516,21522752,1978477248,2169244100,841165436,1158834564,1027726526,100042203569,136625658,1013851,1028863,265620090,1243629672,1339297,872,19,12,692,11012,3519617945,3587931210,168311647,1789344,227974644,2580,98210656,99999710,290,7443514,66111006,1035,99998965,199001915,6967426,58705711,165636822,23759157,76240843,99965886,34114,30690268,1000,1000,1000,1000,1000,1000,1000
600000,10280,62729,599000000,3594000000,1000,6000,9997407636199,17054059,1205682823,1339899360,2404,98256,1226483,598989720,1000,6725,165577,1195526474,21520511,1978479489,2169253317,841022844,1158977156,1029581883,100042295475,136714278,1002563,1015157,265764625,1244505824,1339299,872,15,14,692,11012,3525572971,3593930546,168395009,1788384,228121632,2580,98211616,99999735,265,7437523,66254671,1104,99998896,199087945,6967435,58769877,165779014,23683799,76316201,99965730,34270,30692936,1000,1000,1000,1000,1000,1000,1000
