Time,glucose,O2,glucose_total,O2_total,glucose_in,O2_in,H2O:=Cell_1,OH-:=Cell_1,H+:=Cell_1,glucose:=Cell_1,glucose_in:=Cell_1,glucose_transport:=Cell_1,O2:=Cell_1,Pyruvate-:=Cell_1,Pyruvate_created:=Cell_1,ATP:=Cell_1,ADP:=Cell_1,Pi:=Cell_1,NAD+:=Cell_1,NADH:=Cell_1,Lactic-:=Cell_1,H2O::Cell_1::Mitochondria_1,H2O_created::Cell_1::Mitochondria_1,OH-::Cell_1::Mitochondria_1,H+::Cell_1::Mitochondria_1,H+_inter::Cell_1::Mitochondria_1,H+_inter_created::Cell_1::Mitochondria_1,O2::Cell_1::Mitochondria_1,O2_in::Cell_1::Mitochondria_1,CO2::Cell_1::Mitochondria_1,ATP::Cell_1::Mitochondria_1,ATP_created::Cell_1::Mitochondria_1,ADP::Cell_1::Mitochondria_1,GDP::Cell_1::Mitochondria_1,GTP::Cell_1::Mitochondria_1,Pi::Cell_1::Mitochondria_1,NAD+::Cell_1::Mitochondria_1,NADH::Cell_1::Mitochondria_1,NADH_created::Cell_1::Mitochondria_1,NADH_in::Cell_1::Mitochondria_1,Pyruvate-::Cell_1::Mitochondria_1,Pyruvate-_in::Cell_1::Mitochondria_1,CoA-SH::Cell_1::Mitochondria_1,Acetyl_CoA::Cell_1::Mitochondria_1,FAD::Cell_1::Mitochondria_1,FADH2::Cell_1::Mitochondria_1,FADH2_created::Cell_1::Mitochondria_1,Pyruvate_transport::Cell_1::Mitochondria_1,ATP_synthase::Cell_1::Mitochondria_1,ADP_ATP_transport::Cell_1::Mitochondria_1,NADH_shuttle::Cell_1::Mitochondria_1,Pi_transport::Cell_1::Mitochondria_1,Commp1-3-4::Cell_1::Mitochondria_1,Commp2-3-4::Cell_1::Mitochondria_1,H2O::Cell_1::Mitochondria_2,H2O_created::Cell_1::Mitochondria_2,OH-::Cell_1::Mitochondria_2,H+::Cell_1::Mitochondria_2,H+_inter::Cell_1::Mitochondria_2,H+_inter_created::Cell_1::Mitochondria_2,O2::Cell_1::Mitochondria_2,O2_in::Cell_1::Mitochondria_2,CO2::Cell_1::Mitochondria_2,ATP::Cell_1::Mitochondria_2,ATP_created::Cell_1::Mitochondria_2,ADP::Cell_1::Mitochondria_2,GDP::Cell_1::Mitochondria_2,GTP::Cell_1::Mitochondria_2,Pi::Cell_1::Mitochondria_2,NAD+::Cell_1::Mitochondria_2,NADH::Cell_1::Mitochondria_2,NADH_created::Cell_1::Mitochondria_2,NADH_in::Cell_1::Mitochondria_2,Pyruvate-::Cell_1::Mitochondria_2,Pyruvate-_in::Cell_1::Mitochondria_2,CoA-SH::Cell_1::Mitochondria_2,Acetyl_CoA::Cell_1::Mitochondria_2,FAD::Cell_1::Mitochondria_2,FADH2::Cell_1::Mitochondria_2,FADH2_created::Cell_1::Mitochondria_2,Pyruvate_transport::Cell_1::Mitochondria_2,ATP_synthase::Cell_1::Mitochondria_2,ADP_ATP_transport::Cell_1::Mitochondria_2,NADH_shuttle::Cell_1::Mitochondria_2,Pi_transport::Cell_1::Mitochondria_2,Commp1-3-4::Cell_1::Mitochondria_2,Commp2-3-4::Cell_1::Mitochondria_2
0,0,0,0,0,0,0,10000000000000,100000,100000,0,0,2000,0,0,0,10000000000,10000000000,10000000000,10000000000,0,0,100000000000,0,1000,1000,0,0,0,0,0,0,0,1000000000,1000000000,0,1500000000,1000000000,0,0,0,0,0,1000000000,0,1000000000,0,0,1000,1000,1000,1000,1000,1000,1000,100000000000,0,1000,1000,0,0,0,0,0,0,0,1000000000,1000000000,0,1500000000,1000000000,0,0,0,0,0,1000000000,0,1000000000,0,0,1000,1000,1000,1000,1000,1000,1000
1000,0,0,0,0,10000,60000,9999989097737,10000950,10000950,0,0,2000,0,0,0,9998998687,10001001313,10001001313,10000000000,0,0,99999901236,0,99764,99764,0,0,0,0,0,0,0,1000000000,1000000000,0,1500000000,1000000000,0,0,0,0,0,1000000000,0,1000000000,0,0,1000,1000,1000,1000,1000,1000,1000,99999900253,0,100747,100747,0,0,0,0,0,0,0,1000000000,1000000000,0,1500000000,1000000000,0,0,0,0,0,1000000000,0,1000000000,0,0,1000,1000,1000,1000,1000,1000,1000
2000,94330,618847,10000000,60000000,10000,60000,9998969425142,91864434,109178037,9963,9905670,2000,5978,3987089,19791414,9199550176,10800449824,10906689024,9986700971,13299029,27485,100012986465,44439000,150001,13612355,97500,382781200,11197460,29566410,23602436,18801674,80033100,981198326,999998996,1004,1428444122,994317686,5682314,31469914,3249200,10060,7877540,999999998,2,999833622,166378,7867478,1000,1000,1000,1000,1000,1000,1000,100013068050,44538900,88656,13543250,108500,383676200,11396365,29808765,23669096,19002502,80376600,980997498,999998904,1096,1427510402,994336206,5663794,31558794,3215700,9600,7899300,999999998,2,999824402,175598,7889698,1000,1000,1000,1000,1000,1000,1000
3000,96170,645070,20000000,120000000,10000,60000,9998104790230,90888458,114678679,1449,19903830,2000,513,4232359,39804762,8528415588,11471584412,11726276712,9980546461,19453539,104323,100041652709,112482500,136791,20869631,566800,984349000,12161345,59622845,53134500,61046684,209652300,938953316,999997984,2016,1312452200,996422000,3578000,70846000,10095500,10140,17721640,1000000000,0,999848000,152000,17711500,1000,1000,1000,1000,1000,1000,1000,100041698922,112595000,72573,21394154,137400,985268400,12226672,59731572,53239306,61534503,210322800,938465497,999987068,12932,1310259365,996287459,3712541,70985741,10151400,4,17746440,999999999,1,999838765,161235,17746435,1000,1000,1000,1000,1000,1000,1000
4000,96050,632522,30000000,180000000,10000,60000,9997305597488,88228489,115129947,1485,29903950,2000,57328,4243128,59804930,7924113477,12075886523,12481586823,9977546632,22453368,204962,100071354110,181925600,57942,29541249,535800,1599054400,12502529,89702729,82998811,105167999,342605700,894832001,999989683,10317,1192675784,997653473,2346527,110661927,18559800,1,27672580,999990537,9463,999862084,137916,27663116,1000,1000,1000,1000,1000,1000,1000,100071383436,182015300,110550,29961677,140800,1599916200,12364571,89607421,83012729,105580730,343213800,894419270,999999692,308,1190864562,997692333,2307667,110676967,18586800,7,27684260,999979985,20015,999865362,134638,27664238,1000,1000,1000,1000,1000,1000,1000
5000,94900,625469,40000000,240000000,10000,60000,9996560455096,88959055,117481681,786,39905100,2000,56437,4252598,79808628,7378093551,12621906449,13178778849,9976047322,23952678,317350,100100950948,251280000,45658,39413425,98900,2212960800,13264783,120164833,112814369,148551626,475247100,851448374,999998828,1172,1074145502,998155033,1844967,150415867,27749300,10327,37621700,999990125,9875,999878402,121598,37601498,1000,1000,1000,1000,1000,1000,1000,100100959076,251254000,29350,38949061,582700,2212727200,12264561,119153261,112800273,148705943,475593000,851294057,999999885,115,1071723242,998114569,1885431,150396931,27789300,10023,37616980,999989701,10299,999879942,120058,37596658,1000,1000,1000,1000,1000,1000,1000
6000,94940,632284,50000000,300000000,10000,60000,9995870071319,86941679,116326642,1534,49905060,2000,480,4238611,99807052,6884510498,13115489502,13825753002,9975290189,24709811,436541,100130554542,320684300,22858,48662458,635700,2827376600,11966062,148591562,142674600,191891043,608030100,808108957,999997743,2257,954432400,998292900,1707100,190232800,37292000,10000,47568200,1000000000,0,999875100,124900,47558200,1000,1000,1000,1000,1000,1000,1000,100130689457,320764400,22303,48701339,530700,2828248800,14105674,150775674,142649856,192603853,608964600,807396147,999998673,1327,950805620,998353964,1646036,190192936,37368700,4,47563700,999979384,20616,999881320,118680,47543080,1000,1000,1000,1000,1000,1000,1000
7000,93820,626243,60000000,360000000,10000,60000,9995224117688,87481751,117332846,10055,59906180,2000,529,4236945,119792250,6438148939,13561851061,14425107661,9974943235,25056765,557385,100160194860,390118300,117523,58669840,505900,3442320600,11901332,178281582,172449118,235437036,741185400,764562964,999998697,1303,834257861,998434843,1565157,229932157,47035700,10020,57493060,999999999,1,999874761,125239,57483039,1000,1000,1000,1000,1000,1000,1000,100160406659,390320400,31582,58593658,521400,3444255200,14615746,181091646,172514563,236318720,742263900,763681280,999969367,30633,830697847,998421384,1578616,230019416,47142400,3,57504860,999999996,4,999863747,136253,57504853,1000,1000,1000,1000,1000,1000,1000
8000,95010,633572,70000000,420000000,10000,60000,9994620287276,88328489,118489126,11021,69904990,2000,63320,4222899,139787938,6034366265,13965633735,14981983435,9974741941,25258059,679679,100190024774,459668800,113175,68458701,543300,4058333600,12048761,208236011,202257469,279061854,874489200,720938146,999989937,10063,714165983,998543614,1456386,269669986,56866600,5,67432440,999980082,19918,999881783,118217,67412517,1000,1000,1000,1000,1000,1000,1000,100190264976,459943300,27088,68845960,101500,4060857000,14756447,211067097,202339740,280267648,875847600,719732352,999997336,2664,710142088,998532548,1467452,269783152,56983600,4,67452920,999990496,9504,999878588,121412,67443412,1000,1000,1000,1000,1000,1000,1000
9000,93990,632363,80000000,480000000,10000,60000,9994054640908,89474614,119879922,11019,79906010,2000,57283,4226626,159789982,5669195022,14330804978,15500420078,9974625354,25374646,804036,100219929533,529249900,14013,78709926,99100,4674613400,12868697,238875797,232071655,322943712,1008093000,677056288,999989694,10306,593277882,998571727,1428273,309428873,66777900,9521,77366740,999999999,1,999878482,121518,77357218,1000,1000,1000,1000,1000,1000,1000,100219995371,529488100,111992,78321583,564500,4676785800,14321457,240434557,232139132,323641938,1008953400,676358062,999998559,1441,590509621,998618489,1381511,309512411,66833400,6,77392580,999980705,19295,999888621,111379,77373279,1000,1000,1000,1000,1000,1000,1000
10000,93650,640266,90000000,540000000,10000,60000,9993526249720,88125205,118716802,1624,89906350,2000,956,4244545,179809452,5338856625,14661143375,15982479175,9974581475,25418525,928527,100249711187,598864900,111353,88687773,67000,5291293800,13450851,269298601,261873960,366454624,1141364100,633545376,999990004,9996,474098580,998657920,1342080,349165280,76702900,10020,87301340,1000000000,0,999878080,121920,87291320,1000,1000,1000,1000,1000,1000,1000,100249910166,599101900,11463,88143631,572700,5293372600,14112127,270060177,261975471,367192073,1142268300,632807927,999989516,10484,470898443,998630172,1369828,349300628,76759500,9883,87335040,1000000000,0,999880643,119357,87325157,1000,1000,1000,1000,1000,1000,1000
11000,95140,622177,100000000,600000000,10000,60000,9993029347005,86687543,117321990,10590,99904860,2000,62420,4219007,199788540,5039995648,14960004352,16433941652,9974636653,25363347,1052093,100279758926,668581400,10114,98446853,98900,5908832400,12707536,298436886,291700499,410315654,1275021600,589684346,999999734,266,353659080,998714981,1285019,388930719,86690300,10561,97250620,999990161,9839,999892480,107520,97230220,1000,1000,1000,1000,1000,1000,1000,100279674886,668657800,109954,98606990,60700,5909493200,15117417,300878517,291748596,410722153,1275601500,589277847,999999733,267,351365280,998709084,1290916,388994716,86682800,10464,97266820,999989764,10236,999889480,110520,97246120,1000,1000,1000,1000,1000,1000,1000
12000,95100,622046,110000000,660000000,10000,60000,9992560795432,85358034,116089815,10215,109904900,2000,62743,4212711,219789370,4769636166,15230363834,16857382434,9974656149,25343851,1175219,100309466739,738232500,101067,108583161,66200,6525765800,12415546,327996846,321595796,454018875,1408527300,545981125,999987577,12423,233445102,998650306,1349694,428794394,96648000,0,107198600,999999998,2,999871302,128698,107198598,1000,1000,1000,1000,1000,1000,1000,100309569006,738298700,101177,108436670,103100,6526348600,15708915,331318365,321569314,454386992,1409093400,545613008,999998453,1547,231116461,998764247,1235753,428752553,96622300,4,107202840,999980403,19597,999896561,103439,107183239,1000,1000,1000,1000,1000,1000,1000
13000,95050,637495,120000000,720000000,10000,60000,9992116930235,85059852,116016948,958,119904950,2000,502,4230212,239807984,4525052987,15474947013,17254921113,9974572468,25427532,1299352,100339332045,807709800,8522,118346791,104900,7141148400,11975252,357333302,351376538,497270310,1541634600,502729690,999994899,5101,113782789,998682351,1317649,468502049,106538000,4,117125520,999999995,5,999868189,131811,117125511,1000,1000,1000,1000,1000,1000,1000,100339389973,807921500,108656,118010927,474900,7143007800,16580901,362028701,351418214,497885617,1542432900,502114383,999998260,1740,111080343,998775729,1224271,468550871,106543100,0,117152900,999979757,20243,999893243,106757,117132657,1000,1000,1000,1000,1000,1000,1000
14000,95960,642387,130000000,780000000,10000,60000,9991694332629,86802650,117934863,1751,129904040,2000,5312,4232735,259804578,4303793579,15696206421,17621733621,9974524605,25475395,1424083,100369061401,877271100,109226,118926178,9539000,7757226200,11994406,387162156,381177421,537559378,1671785400,462440622,999997487,2513,91309,998710888,1289112,508232712,116456300,1,127066840,999988452,11548,999880309,119691,127055291,1000,1000,1000,1000,1000,1000,1000,100369109475,877379100,108764,115124264,13328300,7758187800,16975795,392190145,381221893,536802732,1671214500,463197268,999997245,2755,14113,998737120,1262880,508292380,116448800,1,127080920,999989568,10432,999879913,120087,127070487,1000,1000,1000,1000,1000,1000,1000
15000,95500,637779,140000000,840000000,10000,60000,9991298754596,82531841,113654971,10476,139904500,2000,512,4208082,279788048,4103559237,15896440763,17825739963,9974633558,25366442,1548606,100398175072,946063200,58837,29776766,109368400,8365848000,12306092,416913692,410985012,535570583,1759664700,464429417,999994686,5314,74003,997910491,2089509,547979109,126477600,2,136996820,999997279,2721,999853903,146097,136994097,1000,1000,1000,1000,1000,1000,1000,100398143652,946179900,57287,27330425,111875400,8366727000,17800067,422448017,411098511,535014995,1759301700,464985005,999971208,28792,7113,997886002,2113998,548130498,126395400,3,137034540,999997450,2550,999852013,147987,137031987,1000,1000,1000,1000,1000,1000,1000
16000,95220,628197,150000000,900000000,10000,60000,9990912792105,87737527,118970058,10301,149904780,2000,5758,4208773,299788958,3922411632,16077588368,18008009968,9974649507,25350493,1673265,100421547691,1009154700,142381,9861226,145604800,8917735800,14986420,446200570,440757409,534978094,1848951600,465021906,999998518,1482,101524,991607615,8392385,587670485,136423800,3,146931260,999981819,18181,999813324,186676,146913076,1000,1000,1000,1000,1000,1000,1000,100421247564,1009070500,160273,9972136,145835200,8916537000,22015725,453165475,440894282,534470861,1848620400,465529139,999983140,16860,9579,991328597,8671403,587858503,136341400,9820,146975660,999998381,1619,999806779,193221,146964221,1000,1000,1000,1000,1000,1000,1000
17000,93940,628025,160000000,960000000,10000,60000,9990551343896,85661056,116976071,10955,159906060,2000,5219,4215705,319790210,3758497052,16241502948,18172815748,9974697595,25302405,1796905,100443328148,1070648600,132095,9108951,164370600,9453359600,18766001,475769901,470559837,534602652,1938453900,465397348,999988833,11167,25181,983513344,16486656,627409356,146444300,1,156860800,999988720,11280,999791281,208719,156849519,1000,1000,1000,1000,1000,1000,1000,100442969073,1070560700,196466,8680407,165117700,9452035000,26664755,483596855,470706054,533939390,1937946900,466060610,999995103,4897,103913,983315159,16684841,627605941,146246600,10520,156916800,999993607,6393,999796613,203387,156899887,1000,1000,1000,1000,1000,1000,1000
18000,95300,622622,170000000,1020000000,10000,60000,9990202305639,86750499,118215568,967,169904700,2000,6145,4225003,339807466,3610158038,16389841962,18321908262,9974680837,25319163,1920903,100465090309,1132144700,174114,8409908,183073000,9988823000,22633232,505416582,500331675,534150640,2027883000,465849360,999999081,919,99241,975496866,24503134,667099434,156392400,9503,166805660,999971602,28398,999810241,189759,166767759,1000,1000,1000,1000,1000,1000,1000,100464763034,1132058900,159110,8145960,183609000,9987547400,31240301,513954651,500527598,533571822,2027442900,466428178,999995770,4230,106848,975260050,24739950,667363450,156175000,6,166855900,999979958,20042,999794348,205652,166835852,1000,1000,1000,1000,1000,1000,1000
19000,96160,637544,180000000,1080000000,10000,60000,9989869411265,85839340,117542874,1933,179903840,2000,5289,4240220,359803814,3475966405,16524033595,18456763295,9974581700,25418300,2045014,100486791312,1193637100,180270,8046628,201410900,10524297400,27198079,535762029,530159372,533806332,2117400900,466193668,999995726,4274,107694,967454022,32545978,706878478,166286200,10120,176731280,999997946,2054,999790094,209906,176719106,1000,1000,1000,1000,1000,1000,1000,100486534560,1193520200,139237,8089580,201553200,10522739600,35113938,543595138,530303342,533249557,2116995300,466750443,999997456,2544,99899,967283757,32716243,707066543,166054300,10360,176787300,999986261,13739,999794599,205401,176763201,1000,1000,1000,1000,1000,1000,1000
20000,94940,628300,190000000,1140000000,10000,60000,9989547332293,86840371,118666637,2004,189905060,2000,1089,4244954,379806112,3354492664,16645507336,18578802136,9974589446,25410554,2170758,100508557701,1255161800,137141,8003256,219464800,11059925200,31207945,565558045,560007549,533532133,2206986600,466467867,999986247,13753,89014,959348665,40651335,746676335,176213600,9603,186679580,999998809,1191,999792814,207186,186668786,1000,1000,1000,1000,1000,1000,1000,100508189332,1255007300,214262,8224205,219502800,11058213000,39550166,573812566,560125621,532998496,2206608600,467001504,999992994,7006,64798,959198077,40801923,746833023,176011200,3,186710820,999996585,3415,999775098,224902,186707402,1000,1000,1000,1000,1000,1000,1000
21000,96950,634204,200000000,1200000000,10000,60000,9989241491521,83206236,115146848,1126,199903050,2000,5796,4230564,399803848,3244628257,16755371743,18689177843,9974585456,25414544,2295504,100530220451,1316700800,193499,8243629,237364900,11595716000,35745089,595889739,589878140,533355090,2296647600,466644910,999996540,3460,18650,951221810,48778190,786503590,186152400,9600,196636840,999998210,1790,999786050,213950,196625450,1000,1000,1000,1000,1000,1000,1000,100530024820,1316534700,211382,8282355,237336300,11593993400,43412511,603470261,589894467,532803689,2296302300,467196311,999990623,9377,3634,951233667,48766333,786521233,185941400,5,196640940,999985831,14169,999792434,207566,196626766,1000,1000,1000,1000,1000,1000,1000
22000,94900,621303,210000000,1260000000,10000,60000,9988939770773,85873723,118009818,1140,209905100,2000,61741,4229275,419807920,3145202796,16854797204,18789044404,9974513945,25486055,2420765,100552043016,1378249100,180352,7789721,255737200,12131651000,38653318,624600368,619692505,533049813,2386223100,466950187,999999469,531,111056,943231451,56768549,826249749,196057900,3,206578020,999979227,20773,999797756,202244,206557244,1000,1000,1000,1000,1000,1000,1000,100551747786,1378056800,208057,8070733,255550900,12129644000,48870938,634716588,619737497,532484131,2385845100,467515869,999988512,11488,95781,943166284,56833716,826316316,195843200,1,206579860,999998960,1040,999786681,213319,206578819,1000,1000,1000,1000,1000,1000,1000
23000,96790,633159,220000000,1320000000,10000,60000,9988651093212,84969928,117246749,2005,219903210,2000,564,4224911,439802410,3055247340,16944752660,18879393060,9974494069,25505931,2545979,100573791725,1439802700,141425,8120931,273416800,12667623000,43558110,655309210,649570836,532948370,2475974100,467051630,999997720,2280,9350,935137714,64862286,866094186,205969800,9884,216534020,999999214,786,999777150,222850,216523350,1000,1000,1000,1000,1000,1000,1000,100573610480,1439564600,196579,7952116,273486000,12665470800,52410717,664057067,649488590,532308196,2475554100,467691804,999995949,4051,87353,935255963,64744037,865984137,205780700,4,216497500,999998051,1949,999776353,223647,216495547,1000,1000,1000,1000,1000,1000,1000
24000,95470,625307,230000000,1380000000,10000,60000,9988370150917,84879644,117268555,1206,229904530,2000,62751,4240463,459806648,2973826161,17026173839,18961141639,9974522957,25477043,2671405,100595515429,1501383900,190188,7789408,291815300,13203787000,47379659,684943359,679434439,532692095,2565570600,467307905,999995434,4566,105439,927071400,72928600,905908700,215890800,3,226485920,999988344,11656,999782239,217761,226474261,1000,1000,1000,1000,1000,1000,1000,100595536770,1501107900,163693,7735748,291501700,13201574200,56908683,694368583,679222416,532128671,2565291600,467871329,999977692,22308,79121,927335105,72664895,905629195,215767400,2,226408860,999997921,2079,999781321,218679,226406779,1000,1000,1000,1000,1000,1000,1000
25000,96090,624197,240000000,1440000000,10000,60000,9988093020592,88701506,121298532,1100,239903910,2000,5684,4229706,479805620,2900127698,17099872302,19035122102,9974429794,25570206,2797114,100617331565,1562960700,180040,8047852,309428700,13739987000,51102620,714481720,709249187,532628995,2655383700,467371005,999981330,18670,8935,919130848,80869152,945665052,225759800,9903,236427360,999998408,1592,999786635,213365,236415865,1000,1000,1000,1000,1000,1000,1000,100617322638,1562663600,169118,8108740,309076100,13737635200,61619149,724888399,709049934,532062431,2655090300,467937569,999976583,23417,7752,919335718,80664282,945399182,225678500,2,236351440,999997810,2190,999775852,224148,236349248,1000,1000,1000,1000,1000,1000,1000
26000,93890,632154,250000000,1500000000,10000,60000,9987829488848,85966437,118663087,2059,249906110,2000,490,4223548,499808102,2833475085,17166524915,19102021915,9974449932,25550068,2923034,100639141825,1624554100,152174,8139292,327352900,14276269000,55894331,745091881,739116091,532513896,2745117900,467486104,999983929,16071,5233,911041342,88958658,985483458,235711300,3,246381360,999986010,13990,999791633,208367,246367367,1000,1000,1000,1000,1000,1000,1000,100639209050,1624231500,199152,7669067,327359100,14273897400,65185825,754275475,738794889,531863992,2744773200,468136008,999997926,2074,101734,911451145,88548855,985052255,235623700,3,246280160,999977209,22791,999794834,205166,246257366,1000,1000,1000,1000,1000,1000,1000
27000,95630,633196,260000000,1560000000,10000,60000,9987569905762,85637967,118465249,1283,259904370,2000,566,4222908,519806174,2773175029,17226824971,19162535971,9974444632,25555368,3049006,100660967338,1686136800,183130,7726519,345690400,14812612800,60976771,775997971,768905185,532324192,2834791500,467675808,999999348,652,100856,903085771,96914229,1025202829,245659400,9663,256319560,999987747,12253,999796756,203244,256297644,1000,1000,1000,1000,1000,1000,1000,100661013710,1685802800,167268,7717187,345228500,14810135200,68460167,783368267,768638845,531756368,2834539200,468243632,999972094,27906,79026,903436281,96563719,1024850919,245542400,3,256214700,999997377,2623,999774526,225474,256212074,1000,1000,1000,1000,1000,1000,1000
28000,95990,631958,270000000,1620000000,10000,60000,9987317818747,83542189,116420739,10856,269904010,2000,5702,4208142,539786308,2718605036,17281394964,19217282864,9974504638,25495362,3175046,100682814732,1747742700,149349,8082147,363303600,15349086200,65974548,806824598,798747385,532327247,2924654700,467672753,999991674,8326,7827,895029442,104970558,1064993058,255635000,9801,266265840,999989634,10366,999796927,203073,266245673,1000,1000,1000,1000,1000,1000,1000,100682916824,1747364800,186042,8069429,362680400,15346366400,71810442,812537742,798372429,531756600,2924419200,468243400,999999122,878,11222,895573493,104426507,1064490007,255480900,7,266137280,999980305,19695,999792622,207378,266117578,1000,1000,1000,1000,1000,1000,1000
29000,96440,635954,280000000,1680000000,10000,60000,9987068156847,84230397,117322977,1282,279903560,2000,63622,4224924,559804556,2669236044,17330763956,19266805356,9974433096,25566904,3300752,100704612234,1809312300,190064,8062645,381242200,15885432600,69968681,836644181,828550607,532253259,3014446800,467746741,999989725,10275,5366,887079459,112920541,1104733841,265576400,10101,276194240,999999095,905,999778066,221934,276183234,1000,1000,1000,1000,1000,1000,1000,100704739102,1808973800,153637,8028275,380626800,15882830800,76101043,842656243,828230411,531672684,3014187900,468327316,999994197,5803,11213,887583202,112416798,1104303298,265360500,3,276084640,999988250,11750,999790513,209487,276072887,1000,1000,1000,1000,1000,1000,1000
30000,94500,617694,290000000,1740000000,10000,60000,9986824812249,83270733,116524121,2167,289905500,2000,62467,4222222,579806666,2624541982,17375458018,19311629218,9974395838,25604162,3427004,100726454215,1870909300,228127,8174604,399068900,16421870600,75182152,867685402,858345831,532186412,3104252100,467813588,999997626,2374,16014,879113683,120886317,1144454217,275535800,1,286129060,999979327,20673,999794414,205586,286108386,1000,1000,1000,1000,1000,1000,1000,100726560481,1870556600,150239,8019479,398503900,16419198000,79254137,871634437,858052700,531602777,3103976700,468397223,999996417,3583,17640,879655240,120344760,1144069660,275239700,9600,286028380,999998180,1820,999779040,220960,286016960,1000,1000,1000,1000,1000,1000,1000
31000,96230,635281,300000000,1800000000,10000,60000,9986580979536,87039531,120453002,1228,299903770,2000,57626,4225287,599805084,2584096867,17415903133,19352188433,9974365633,25634367,3553817,100748352294,1932495600,172544,7853426,417210400,16958270400,78609511,896939461,888136188,532039958,3193980300,467960042,999992004,7996,98946,871163758,128836242,1184181542,285478900,9560,296055040,999999874,126,999790346,209654,296045354,1000,1000,1000,1000,1000,1000,1000,100748445684,1932184900,154913,8050936,416322900,16955861000,84149432,902367632,887852282,531559636,3193819800,468440364,999994335,5665,2499,871752017,128247983,1183797883,285138000,9860,295970940,999984521,15479,999802899,197101,295945601,1000,1000,1000,1000,1000,1000,1000
32000,94890,635692,310000000,1860000000,10000,60000,9986347667122,84153802,117662326,10698,309905110,2000,57479,4215200,619788824,2547508724,17452491276,19388859276,9974387200,25612800,3680524,100770262945,1994124200,206626,7641753,435245700,17495083600,83502261,927679461,917906624,532006084,3283831500,467993916,999997241,2759,99657,863312033,136687967,1223868567,295404000,10122,305992860,999979205,20795,999807857,192143,305961943,1000,1000,1000,1000,1000,1000,1000,100770302048,1993780700,165625,7948691,434306700,17492410200,87574318,931627368,917649717,531505240,3283632300,468494760,999996331,3669,14591,863810474,136189526,1223529526,295091500,10141,305900240,999989710,10290,999794791,205209,305879809,1000,1000,1000,1000,1000,1000,1000
33000,95820,625098,320000000,1920000000,10000,60000,9986111652313,87476489,121153021,11641,319904180,2000,63203,4212754,639785078,2514429702,17485570298,19422021498,9974343206,25656794,3806984,100792063280,2055728800,171548,8027260,452796400,18031593600,87979682,957988182,947783288,532050363,3373716300,467949637,999993439,6561,17176,855285388,144714612,1263711012,305308800,9660,315937500,999999884,116,999784076,215924,315927724,1000,1000,1000,1000,1000,1000,1000,100792124785,2055368300,186378,8120173,452023300,18028811000,91443867,961323517,947450676,531444661,3373461300,468555339,999980782,19218,10821,855870745,144129255,1263267055,305012500,9922,315827840,999998461,1539,999792621,207379,315816379,1000,1000,1000,1000,1000,1000,1000
34000,94190,634867,330000000,1980000000,10000,60000,9985885695592,83864869,117663509,11837,329905810,2000,428,4211794,659787946,2484477961,17515522039,19452038139,9974347846,25652154,3934692,100813936957,2117360800,176090,7579799,471137000,18568386400,90076989,985931039,977604738,531939863,3463473000,468060137,999991612,8388,102849,847342911,152657089,1303470089,315242400,9584,325883620,999991315,8685,999787349,212651,325865351,1000,1000,1000,1000,1000,1000,1000,100814033856,2116957800,190933,8109824,469849400,18565358800,97718466,993433666,977219214,531420265,3463321200,468579735,999990928,9072,3463,847989549,152010451,1302954751,314958700,9700,325757840,999987397,12603,999791863,208137,325735537,1000,1000,1000,1000,1000,1000,1000
35000,94840,625603,340000000,2040000000,10000,60000,9985659512985,83334165,117256795,11033,339905160,2000,5691,4197676,679788254,2457381650,17542618350,19479161250,9974337064,25662936,4062018,100835725580,2178993200,225758,7729380,488960000,19105121600,93816057,1015512007,1007443368,531928901,3553329900,468071099,999979947,20053,90446,839361778,160638222,1343257222,325171600,9740,335825400,999998194,1806,999787446,212554,335813854,1000,1000,1000,1000,1000,1000,1000,100835830100,2178612600,195900,7990919,487960200,19102268400,102291499,1023856699,1007106759,531393982,3553139400,468606018,999992482,7518,16200,839947941,160052059,1342808559,324891700,1,335703160,999998641,1359,999780400,219600,335701800,1000,1000,1000,1000,1000,1000,1000
36000,94140,636016,350000000,2100000000,10000,60000,9985432262119,86440545,120585003,1423,349905860,2000,509,4236284,699808874,2432847564,17567152436,19503727036,9974280356,25719644,4188530,100857625064,2240582100,194726,8148733,506342100,19641586600,96730319,1044256719,1037234517,531995752,3643261200,468004248,999986182,13818,18030,831459413,168540587,1382979187,335084900,10343,345755520,999999493,507,999784630,215370,345744670,1000,1000,1000,1000,1000,1000,1000,100857802575,2240219200,224363,7987205,505691000,19638936800,107700606,1055106756,1036819448,531385331,3643039500,468614669,999998977,1023,11446,832174698,167825302,1382414902,334815800,0,345628540,999966914,33086,999811446,188554,345595454,1000,1000,1000,1000,1000,1000,1000
37000,94170,627752,360000000,2160000000,10000,60000,9985212429915,84477247,118686482,11165,359905830,2000,5727,4222505,719789330,2410665962,17589334038,19525925438,9974328955,25671045,4315685,100879532024,2302230600,228025,7558771,524775800,20178602000,99923034,1073306834,1067021889,531920903,3733055700,468079097,999998186,1814,100183,823585794,176414206,1422691406,345027400,9485,355692340,999986662,13338,999793483,206517,355669517,1000,1000,1000,1000,1000,1000,1000,100879656472,2301824500,203513,7609025,523961200,20175581800,112813887,1086059687,1066647207,531281600,3732795300,468718400,999998395,1605,102495,824192088,175807912,1422191412,344775200,3,355558800,999985408,14592,999788695,211305,355544205,1000,1000,1000,1000,1000,1000,1000
38000,94040,640860,370000000,2220000000,10000,60000,9984989887262,87321728,121681011,10523,369905960,2000,58856,4216609,739790874,2390572790,17609427210,19545995110,9974301531,25698469,4444205,100901431481,2363836100,198106,7664895,542453300,20715193800,104607672,1103827772,1096821458,531932000,3822932100,468068000,999998429,1571,100729,815703971,184296029,1462425329,354915000,10344,365624060,999990155,9845,999792029,207971,365603871,1000,1000,1000,1000,1000,1000,1000,100901447748,2363461300,222352,7846749,541732800,20712364200,116382412,1115472512,1096513397,531288221,3822671400,468711779,999974521,25479,84100,816148803,183851197,1462017097,354733200,3,365506000,999997703,2297,999777400,222600,365503700,1000,1000,1000,1000,1000,1000,1000
39000,96190,626723,380000000,2280000000,10000,60000,9984772581518,86834928,121281191,11698,379903810,2000,610,4220139,759784224,2372382446,17627617554,19564161154,9974346181,25653819,4572305,100923346065,2425495000,179061,7790274,560207900,21252250000,108677256,1133756006,1126651135,532031798,3912892500,467968202,999997240,2760,10142,807743107,192256893,1502195593,364881300,1,375562220,999982239,17761,999793042,206958,375544458,1000,1000,1000,1000,1000,1000,1000,100923438578,2425084400,208723,8062036,559246700,21249160800,120679661,1145616661,1126248020,531389221,3912644100,468610779,999999488,512,21967,808329547,191670453,1501657253,364676800,6,375429560,999979679,20321,999801167,198833,375409233,1000,1000,1000,1000,1000,1000,1000
40000,95200,618273,390000000,2340000000,10000,60000,9984557098773,86314485,120940734,1509,389904800,2000,61842,4226267,779806582,2355995558,17644004442,19580537942,9974299693,25700307,4699675,100945237916,2487116400,164515,7619121,578247100,21788914400,111757724,1162675324,1156462963,531948350,4002680400,468051650,999999527,473,100177,799805414,200194586,1541940886,374807700,3,385507120,999970806,29194,999803277,196723,385477923,1000,1000,1000,1000,1000,1000,1000,100945324943,2486715400,158018,7980796,577185900,21785996400,125859211,1176644561,1156099345,531397035,4002513000,468602965,999993922,6078,14387,800364842,199635158,1541462258,374598900,1,385373520,999989394,10606,999781787,218213,385362913,1000,1000,1000,1000,1000,1000,1000
41000,93620,638673,400000000,2400000000,10000,60000,9984342757017,86187716,121001066,1410,399906380,2000,58428,4235210,799809940,2341141133,17658858867,19595347067,9974250070,25749930,4828210,100967063040,2548753200,168667,7587360,596156000,22325771200,116120412,1192886962,1186302602,531958852,4092551100,468041148,999992921,7079,104969,791869867,208130133,1581736733,384706400,10220,395444560,999999791,209,999785969,214031,395434131,1000,1000,1000,1000,1000,1000,1000,100967257063,2548350600,175264,7649316,595293000,22322876400,129779987,1206415937,1185852701,531331239,4092348300,468668761,999979848,20152,89509,792534908,207465092,1581132892,384525400,9641,395301960,999987872,12128,999798509,201491,395280191,1000,1000,1000,1000,1000,1000,1000
42000,94670,640004,410000000,2460000000,10000,60000,9984130084883,85779863,120642979,10235,409905330,2000,5261,4212626,819790190,2327672646,17672327354,19608767654,9974306774,25693226,4957264,100988974002,2610387100,177600,7722538,613906400,22862608600,121235707,1223850357,1216095352,531995119,4182458700,468004881,999997653,2347,102334,783934382,216065618,1621454918,394682200,9500,405385720,999983346,16654,999798234,201766,405359566,1000,1000,1000,1000,1000,1000,1000,100989165033,2609972600,203869,8014022,612752200,22859697200,133019878,1235504378,1215635307,531444877,4182344100,468555123,999987511,12489,2534,784672227,215327773,1620835673,394457500,5,405234580,999965791,34209,999803234,196766,405200366,1000,1000,1000,1000,1000,1000,1000
43000,94650,635160,420000000,2520000000,10000,60000,9983918930881,85192516,120333758,1241,419905350,2000,980,4222024,839808218,2315545497,17684454503,19620836103,9974166696,25833304,5085914,101010799967,2672040500,173342,7805289,631719000,23399568200,124845287,1253313237,1245966770,532022077,4272366300,467977923,999968280,31720,68903,775973433,224026567,1661287967,404569900,4,415324380,999996821,3179,999783403,216597,415321197,1000,1000,1000,1000,1000,1000,1000,101010960314,2671604800,214770,8158082,630503100,23396451200,137723023,1266050623,1245496640,531485945,4272216600,468514055,999997373,2627,7128,776729488,223270512,1660657012,404319100,4,415175900,999984476,15524,999789228,210772,415160372,1000,1000,1000,1000,1000,1000,1000
44000,94430,637124,430000000,2580000000,10000,60000,9983708370071,85124680,120448270,10902,429905570,2000,471,4208154,859789336,2304544151,17695455849,19631782449,9974099286,25900714,5214722,101032714629,2733685400,217494,8050710,649308400,23936554800,129777894,1284101894,1275740837,532135569,4362356100,467864431,999990610,9390,2541,768121304,231878696,1700979796,414509500,1,425262920,999976040,23960,999798441,201559,425238959,1000,1000,1000,1000,1000,1000,1000,101032940915,2733238300,172093,7941763,648365400,23933378200,141079161,1295260511,1275270666,531516447,4362133500,468483553,999998683,1317,8136,768968470,231031530,1700354230,414164400,2,425103540,999980026,19974,999792036,207964,425083564,1000,1000,1000,1000,1000,1000,1000
45000,96150,641549,440000000,2640000000,10000,60000,9983497660308,86311475,121810400,1376,439903850,2000,529,4225877,879804948,2294634983,17705365017,19641618217,9974071363,25928637,5344411,101054660174,2795318800,186069,7906725,667229500,24473501600,132475759,1312654759,1305523517,532176593,4452265500,467823407,999996674,3326,8881,760241264,239758736,1740694436,424461500,9741,435191420,999989240,10760,999789881,210119,435170919,1000,1000,1000,1000,1000,1000,1000,101054845990,2794871300,155529,8041730,666074700,24470196200,146674813,1326703163,1305070634,531552606,4452042300,468447394,999998279,1721,3673,761082339,238917661,1740089361,424070400,10060,435043240,999985547,14453,999795873,204127,435018727,1000,1000,1000,1000,1000,1000,1000
46000,95140,612759,450000000,2700000000,10000,60000,9983289931180,85415128,121116623,1439,449904860,2000,61254,4226653,899806842,2285629608,17714370392,19650558292,9973999727,26000273,5474569,101076566391,2856971500,186803,7437747,685533500,25010521400,135866232,1341902382,1335348722,532113985,4542077100,467886015,999998583,1417,100498,752350876,247649124,1780455424,434366800,2,445135320,999971384,28616,999792498,207502,445106702,1000,1000,1000,1000,1000,1000,1000,101076715434,2856507000,168980,8016886,683912100,25007089200,151543905,1357423605,1334877644,531585090,4541945100,468414910,999996228,3772,7338,753210294,246789706,1779836306,433965200,9980,444970300,999998342,1658,999788938,211062,444958662,1000,1000,1000,1000,1000,1000,1000
47000,94490,647072,460000000,2760000000,10000,60000,9983083643634,83949719,119761558,1354,459905510,2000,489,4224227,919808312,2277492653,17722507347,19658605847,9974016953,25983047,5604565,101098405612,2918588600,192280,7610768,703236600,25547258800,140368806,1372248906,1365164632,532154191,4631978100,467845809,999994055,5945,106864,744410832,255589168,1820219068,444301900,10160,455065920,999998676,1324,999773964,226036,455054436,1000,1000,1000,1000,1000,1000,1000,101098632632,2918176600,145569,7560128,702237400,25544222000,155361733,1387103533,1364708026,531523248,4631766300,468476752,999981715,18285,92967,745261641,254738359,1819610159,443918800,9840,454913600,999998373,1627,999790867,209133,454902133,1000,1000,1000,1000,1000,1000,1000
48000,95150,631807,470000000,2820000000,10000,60000,9982875273941,85342081,121324970,1305,469904850,2000,5163,4222799,939807090,2270123422,17729876578,19665879878,9973974181,26025819,5734271,101120378655,2980239800,179195,7506443,721030900,26084285200,144140792,1401878642,1394924838,532213105,4721919300,467786895,999996855,3145,100250,736630812,263369188,1859897788,454183000,10022,464988960,999994012,5988,999791150,208850,464972950,1000,1000,1000,1000,1000,1000,1000,101120395759,2979816000,214601,8012957,719804800,26081148800,159889588,1417484388,1394581216,531667435,4721743500,468332565,999995255,4745,8020,737257904,262742096,1859441296,453864000,4,464861060,999999024,976,999766320,233680,464860080,1000,1000,1000,1000,1000,1000,1000
49000,93550,628368,480000000,2880000000,10000,60000,9982670340732,84021649,120143387,1526,479906450,2000,613,4218390,959809848,2263493981,17736506019,19672416519,9973961550,26038450,5864898,101142237855,3041882200,193323,7893583,738551000,26621244400,148418022,1432010522,1424766366,532341072,4811914800,467658928,999997698,2302,17926,728678560,271321440,1899684640,464124600,2,474929820,999988456,11544,999778926,221074,474918274,1000,1000,1000,1000,1000,1000,1000,101142406204,3041461700,152467,7697093,737831500,26618072200,163913697,1447360497,1424344343,531625464,4811590500,468374536,999998221,1779,100957,729420614,270579386,1899122986,463781900,9683,474796740,999991586,8414,999789457,210543,474778643,1000,1000,1000,1000,1000,1000,1000
50000,96380,640883,490000000,2940000000,10000,60000,9982463853324,84893585,121144833,1535,489903620,2000,5311,4219978,979804170,2257486709,17742513291,19678317991,9973964322,26035678,5995592,101164176194,3103525400,205589,7983264,756242700,27158195600,151503072,1460949622,1454535956,532407978,4901862300,467592022,999998039,1961,10161,720840705,279159295,1939373395,474046700,2,484861080,999976361,23639,999794861,205139,484837439,1000,1000,1000,1000,1000,1000,1000,101164356553,3103129900,153835,7786482,755529400,27155295800,169089434,1478404184,1454130723,531765017,4901609700,468234983,999998613,1387,8796,721565473,278434527,1938837427,473726200,10205,484727520,999989389,10611,999793696,206304,484706704,1000,1000,1000,1000,1000,1000,1000
51000,96850,636228,500000000,3000000000,10000,60000,9982261682427,82011542,118450518,10877,499903150,2000,973,4207230,999784546,2252054169,17747945831,19683637331,9973894110,26105890,6125856,101186151665,3165157500,138237,7879070,774019100,27695139000,155912085,1491213585,1484323447,532465074,4991803200,467534926,999986208,13792,5534,713020787,286979213,1979094813,483932900,5,494780720,999990651,9349,999783134,216866,494771366,1000,1000,1000,1000,1000,1000,1000,101186234391,3164766900,148317,8024786,773144800,27692136200,172986564,1508149214,1483966465,531812162,4991538300,468187838,999990498,9502,2436,713649471,286350529,1978614329,483619900,3,494670740,999977127,22873,999793736,206264,494647864,1000,1000,1000,1000,1000,1000,1000
52000,95230,627466,510000000,3060000000,10000,60000,9982056754696,82418203,118964223,2415,509904770,2000,62903,4204210,1019804710,2247149199,17752850801,19688425701,9973914810,26085190,6256620,101208007084,3226834000,126043,7922111,791939900,28232247200,160428457,1521589657,1514191337,532527112,5081699400,467472888,999996921,3079,10609,705005772,294994228,2018921428,493883600,10585,504741740,999998936,1064,999781509,218491,504730091,1000,1000,1000,1000,1000,1000,1000,101208149225,3226419800,159491,7966351,791041300,28229219600,176696224,1537719974,1513761992,531872866,5081470800,468127134,999999138,862,10572,705753980,294246020,2018341920,493579300,4,504602140,999977792,22208,999792372,207628,504579928,1000,1000,1000,1000,1000,1000,1000
53000,96390,626170,520000000,3120000000,10000,60000,9981851858714,83224029,119982281,9698,519903610,2000,5756,4206628,1039787824,2242666143,17757333857,19692777957,9973835992,26164008,6387616,101229852410,3288471500,209014,7673250,809950300,28769139000,165422668,1552434918,1543966664,532500700,5171548500,467499300,999995208,4792,109508,697252844,302747156,2058621356,503703300,10100,514667380,999997412,2588,999792308,207692,514654692,1000,1000,1000,1000,1000,1000,1000,101230084755,3288068600,193935,7605443,809198800,28766264400,180050206,1566933156,1543518338,531840573,5171330700,468159427,999999503,497,99830,697915892,302084108,2058014408,503532900,2,514526200,999969872,30128,999806630,193370,514496070,1000,1000,1000,1000,1000,1000,1000
54000,95160,623383,530000000,3180000000,10000,60000,9981648387889,83074851,119974977,2378,529904840,2000,5641,4221002,1059804924,2238665240,17761334760,19696655560,9973840338,26159662,6519462,101251795299,3350149700,179920,7845721,827588100,29306409800,168442678,1581324578,1573796474,532650843,5261580600,467349157,999986716,13284,6773,689359699,310640301,2098393001,513625200,10180,524613600,999993107,6893,999789373,210627,524596527,1000,1000,1000,1000,1000,1000,1000,101252003943,3349705700,210944,8010173,826614800,29303252200,185306348,1598046398,1573294998,531994782,5261371500,468005218,999990711,9289,4229,690036831,309963169,2097717069,513500600,4,524450860,999971215,28785,999803529,196471,524422071,1000,1000,1000,1000,1000,1000,1000
55000,94650,636746,540000000,3240000000,10000,60000,9981444570942,83621176,120631313,11714,539905350,2000,57506,4205965,1079787272,2235011118,17764988882,19700167482,9973846755,26153245,6650927,101273695396,3411813000,143348,7518083,845793300,29843531600,173212303,1611956403,1603653043,532653571,5351431800,467346429,999995019,4981,80348,681384705,318615295,2138203195,523575500,1,534552740,999997413,2587,999774648,225352,534550152,1000,1000,1000,1000,1000,1000,1000,101273966530,3411338300,151480,7908348,844435900,29840207800,188753645,1627349345,1603093898,532065023,5351303100,467934977,999999393,607,16870,682184872,317815128,2137452028,523407600,2,534377640,999980492,19508,999788770,211230,534358130,1000,1000,1000,1000,1000,1000,1000
56000,93930,638953,550000000,3300000000,10000,60000,9981238657907,86627103,123780166,11618,549906070,2000,470,4201159,1099788904,2231719010,17768280990,19703316290,9973830541,26169459,6782445,101295601986,3473467300,142930,7641673,863533400,30380524200,177438752,1642038102,1633469035,532713222,5441358600,467286778,999997894,2106,101272,673467037,326532963,2177953963,533509100,1,544499180,999985749,14251,999783672,216328,544484928,1000,1000,1000,1000,1000,1000,1000,101295825656,3472990900,219012,7734523,862459300,30377205800,192870975,1657322475,1632869447,532041695,5441166300,467958305,999994751,5249,101156,674331309,325668691,2177155891,533327900,9561,544306120,999989885,10115,999801456,198544,544286444,1000,1000,1000,1000,1000,1000,1000
57000,96330,633784,560000000,3360000000,10000,60000,9981039677206,83014247,120406855,10291,559903670,2000,57708,4200350,1119786758,2228743053,17771256947,19706148847,9973722510,26277490,6914768,101317495206,3535122200,159726,7957074,881041900,30917624400,180994852,1671456102,1663278652,532875453,5531389200,467124547,999998697,1303,15444,665593692,334406308,2217701508,543427600,0,554432940,999989916,10084,999776844,223156,554422856,1000,1000,1000,1000,1000,1000,1000,101317778028,3534619000,178547,8023067,879851000,30914135600,197546306,1687852406,1662676445,532195642,5531202900,467804358,999990167,9833,10425,666543180,333456820,2216895320,543166900,5,554238700,999980180,19820,999787925,212075,554218875,1000,1000,1000,1000,1000,1000,1000
58000,94060,636691,570000000,3420000000,10000,60000,9980836522619,83885783,121480961,1462,569905940,2000,5359,4231422,1139808956,2226077702,17773922298,19708666898,9973683518,26316482,7047274,101339468308,3596768500,155259,7944372,898755800,31454668200,186326386,1702647086,1693025222,532941153,5621360400,467058847,999985342,14658,8189,657811267,342188733,2257364833,553338200,10180,564356180,999993611,6389,999787489,212511,564339611,1000,1000,1000,1000,1000,1000,1000,101339691562,3596300700,224660,7554438,898146900,31451427800,200534214,1716710864,1692455472,532184327,5621070000,467815673,999993401,6599,100474,658697402,341302598,2256601498,553107000,10660,564174080,999982606,17394,999801374,198626,564146026,1000,1000,1000,1000,1000,1000,1000
59000,94350,620936,580000000,3480000000,10000,60000,9980635812866,82543828,120252134,10176,579905650,2000,61823,4208458,1159790948,2223640394,17776359606,19710938506,9973681082,26318918,7180930,101361456295,3658434700,134051,7813441,916601500,31991894200,191611421,1733800471,1722815752,533046939,5711337600,466953061,999993721,6279,2182,650009030,349990970,2297078670,563233800,4,574289920,999973002,26998,999793682,206318,574262918,1000,1000,1000,1000,1000,1000,1000,101361659724,3657957900,182296,7636150,915871700,31988491000,203480820,1745516770,1722265554,532262816,5711025300,467737184,999996956,3044,99840,650786086,349213914,2296342514,563057300,6,574111640,999965326,34674,999809040,190960,574076960,1000,1000,1000,1000,1000,1000,1000
60000,94980,626890,590000000,3540000000,10000,60000,9980432817566,83725227,121605357,2357,589905020,2000,5162,4208504,1179805326,2221448293,17778551707,19712986007,9973642736,26357264,7314362,101383280873,3720104000,177063,7844146,934503000,32529035200,194154843,1762206543,1752650755,533074294,5801261400,466925706,999953406,46594,6112,642059357,357940643,2336866243,573177200,9661,584229440,999995709,4291,999785112,214888,584215488,1000,1000,1000,1000,1000,1000,1000,101383449968,3719629900,211686,7993866,933449800,32525658200,209261505,1777161405,1752145778,532417016,5801034900,467582984,999985234,14766,6918,642821040,357178960,2336192160,572956500,6,584053020,999993368,6632,999783718,216282,584046382,1000,1000,1000,1000,1000,1000,1000
61000,97290,634728,600000000,3600000000,10000,60000,9980233208578,81723776,119762924,2470,599902710,2000,5256,4201168,1199800480,2219453154,17780546846,19714814746,9973609092,26390908,7447072,101405139542,3781788300,184978,7811314,952428800,33066251000,198245234,1792162384,1782521096,533179722,5891181300,466820278,999991062,8938,21440,634125444,365874556,2376691356,583063500,4,594180580,999989684,10316,999783740,216260,594170260,1000,1000,1000,1000,1000,1000,1000,101405489290,3781267900,180444,7899325,951199900,33062717400,213436282,1807197632,1781874299,532509131,5891016600,467490869,999999109,891,11978,635052879,364947121,2375825621,582899000,5,593971660,999979667,20333,999793878,206122,593951322,1000,1000,1000,1000,1000,1000,1000
62000,94930,635642,610000000,3660000000,10000,60000,9980031833462,81667424,119893665,11734,609905070,2000,478,4205369,1219786672,2217637686,17782362314,19716466414,9973558791,26441209,7579663,101427026973,3843410700,227083,7688547,970317100,33603143800,202205783,1821975933,1812289956,533177853,5981085600,466822147,999966905,33095,80552,626319896,373680104,2416385704,592964300,0,604098460,999997288,2712,999774652,225348,604095748,1000,1000,1000,1000,1000,1000,1000,101427325287,3842900500,200645,7849967,969107800,33599611400,217774797,1837387947,1811704086,532525209,5980896900,467474791,999994253,5747,73444,627146058,372853942,2415604542,592801500,6,603903180,999997282,2718,999773744,226256,603900456,1000,1000,1000,1000,1000,1000,1000
63000,95660,637387,620000000,3720000000,10000,60000,9979825888952,86398135,124830615,2372,619904340,2000,5290,4208544,1239803936,2216030487,17783969513,19717897613,9973489456,26510544,7713392,101448984967,3905088000,182375,7965692,987822800,34140327200,205439796,1851074246,1842112891,533366645,6071108700,466633355,999998159,1841,12114,618448423,381551577,2456147077,602854300,10021,614054540,999989667,10333,999784914,215086,614034186,1000,1000,1000,1000,1000,1000,1000,101449361899,3904564900,157357,7468901,987138100,34136870600,222799277,1868283077,1841450336,532579842,6070847100,467420158,999985294,14706,96752,619377816,380622184,2455266784,602725700,10020,613827460,999999008,992,999780852,219148,613816448,1000,1000,1000,1000,1000,1000,1000
64000,95660,629751,630000000,3780000000,10000,60000,9979625103568,86121947,124705789,1596,629904340,2000,5757,4216454,1259805488,2214587215,17785412785,19719175685,9973480206,26519794,7847594,101470958370,3966767100,140430,7882708,1005696800,34677575000,209243139,1880745689,1871917958,533446035,6161065500,466553965,999995935,4065,9600,610550542,389449458,2495887058,612805500,9862,623989620,999989342,10658,999792900,207100,623969100,1000,1000,1000,1000,1000,1000,1000,101471356812,3966201400,136805,7954925,1004339800,34673826800,227279803,1898618803,1871199639,532765052,6160923000,467234948,999990791,9209,3139,611593900,388406100,2494928100,612632600,9103,623751820,999985744,14256,999794939,205061,623728461,1000,1000,1000,1000,1000,1000,1000
65000,95300,632269,640000000,3840000000,10000,60000,9979427517285,82774398,121497353,10037,639904700,2000,58089,4202329,1279789326,2213264983,17786735017,19720314417,9973460351,26539649,7980977,101492869457,4028405200,154607,8107981,1023297800,35214525600,213695394,1911052594,1901701342,533538694,6251035200,466461306,999997082,2918,9888,602666546,397333454,2535598454,622758600,10602,633917720,999989994,10006,999793688,206312,633897112,1000,1000,1000,1000,1000,1000,1000,101493288356,4027869100,132048,7840537,1022216700,35211027800,231051448,1928257048,1901016157,532857722,6250878000,467142278,999998390,1610,9768,603763111,396236889,2534680089,622510100,7,633688300,999975639,24361,999793968,206032,633663932,1000,1000,1000,1000,1000,1000,1000
66000,93640,623310,650000000,3900000000,10000,60000,9979227050104,82470488,121430189,2388,649906360,2000,5666,4216357,1299807944,2212102492,17787897508,19721291808,9973372043,26627957,8115387,101514835727,4090070800,169658,7696552,1041395300,35751696000,217717059,1940939209,1931464929,533538911,6340925700,466461089,999999506,494,99895,594925866,405074134,2575278234,632613700,9741,643848060,999974986,25014,999813195,186805,643813305,1000,1000,1000,1000,1000,1000,1000,101515136981,4089533500,151278,7853619,1040102700,35748171800,235362765,1958431815,1930851754,532943683,6340812000,467056317,999997036,2964,19753,595823099,404176901,2574468701,632450900,10280,643628140,999999087,913,999778453,221547,643616947,1000,1000,1000,1000,1000,1000,1000
67000,95460,626126,660000000,3960000000,10000,60000,9979023351468,85506570,124648540,1516,659904540,2000,62478,4223122,1319806048,2211060238,17788939762,19722147262,9973331798,26668202,8250646,101536716911,4151717300,166230,7878347,1059004600,36288831400,222179456,1971266756,1961293044,533692743,6430957500,466307257,999985090,14910,18947,587058103,412941897,2615057197,642516600,10082,653774820,999999415,585,999778547,221453,653764153,1000,1000,1000,1000,1000,1000,1000,101537079739,4151207100,131588,7539876,1058198100,36285421400,239106690,1988044640,1960667837,532963926,6430720500,467036074,999976435,23565,78409,587951072,412048928,2614223028,642370600,5,653557460,999997736,2264,999776009,223991,653555191,1000,1000,1000,1000,1000,1000,1000
68000,95310,622917,670000000,4020000000,10000,60000,9978825682041,82574239,121901803,2384,669904690,2000,62152,4216952,1339804612,2210074480,17789925520,19722951620,9973274868,26725132,8385480,101558678093,4213377700,143394,7586647,1077074400,36825979400,226298947,2001250447,1991083862,533709096,6520855200,466290904,999985025,14975,86629,579187667,420812333,2654778033,652462600,9800,663705320,999998651,1349,999780529,219471,663694171,1000,1000,1000,1000,1000,1000,1000,101558910628,4212865200,235266,8024929,1075551900,36822484000,243267384,2018064484,1990453401,533143375,6520762500,466856625,999990673,9327,10498,580155297,419844703,2653936503,652231400,9663,663496860,999995905,4095,999787898,212102,663483102,1000,1000,1000,1000,1000,1000,1000
69000,96120,626624,680000000,4080000000,10000,60000,9978625738200,82052198,121597931,1441,679903880,2000,5729,4219855,1359804878,2209227598,17790772402,19723612402,9973195485,26804515,8521363,101580574751,4275046600,154587,7594425,1094871200,37363158800,231714213,2032530813,2020907044,533796069,6610817700,466203931,999976115,23885,83746,571326102,428673898,2694541998,662351700,4,673637140,999997818,2182,999778446,221554,673634954,1000,1000,1000,1000,1000,1000,1000,101580879493,4274512500,210702,8010044,1093285000,37359579400,246177184,2046836834,2020246587,533234804,6610743600,466765196,999985669,14331,7165,572342178,427657822,2693656622,662127300,3,673426520,999983518,16482,999783165,216835,673410035,1000,1000,1000,1000,1000,1000,1000
70000,94830,631067,690000000,4140000000,10000,60000,9978422887195,84502634,124133933,11569,689905170,2000,62825,4184397,1379787202,2208456429,17791543571,19724214871,9973211523,26788477,8658425,101602542387,4336707800,217353,7527291,1112722400,37900364400,236265729,2062950029,2050629758,533883239,6700793700,466116761,999998219,1781,101680,563534222,436465778,2734166378,672328800,10042,683566560,999980102,19898,999802580,197420,683536620,1000,1000,1000,1000,1000,1000,1000,101602793130,4336214000,199679,7863506,1111259100,37896959200,249822879,2076356079,2050094210,533322131,6700687800,466677869,999997434,2566,17303,564454893,435545107,2733452407,672011500,4,683377820,999980381,19619,999789403,210597,683358197,1000,1000,1000,1000,1000,1000,1000
71000,97040,619030,700000000,4200000000,10000,60000,9978221440565,85619745,125540075,1519,699902960,2000,62481,4204348,1399802882,2207745210,17792254790,19724733990,9973078332,26921668,8794314,101624429479,4398359500,188973,7688938,1130382400,38437361400,240426659,2092966809,2080464149,533975707,6790741800,466024293,999997291,2709,107184,555616835,444383165,2773951765,682232500,10283,693499200,999998699,1301,999791584,208416,693487616,1000,1000,1000,1000,1000,1000,1000,101624749811,4397869200,189789,7526789,1129259500,38434051200,253957130,2106351680,2079862580,533333643,6790585500,466666357,999998543,1457,100100,556708520,443291480,2773146080,681854400,9440,693305020,999987920,12080,999796600,203400,693283500,1000,1000,1000,1000,1000,1000,1000
72000,93450,626345,710000000,4260000000,10000,60000,9978023824499,82981823,123098507,10526,709906550,2000,5248,4205636,1419792048,2207093422,17792906578,19725169778,9973020904,26979096,8931952,101646404862,4460019000,174568,7875057,1147885800,38974594000,245042570,2123452320,2110252939,534174944,6880816200,465825056,999996854,3146,16510,547839271,452160729,2813666629,692114100,1,703425560,999988131,11869,999785810,214190,703413690,1000,1000,1000,1000,1000,1000,1000,101646727538,4459512700,158300,7525339,1146964300,38971119000,257660237,2135916087,2109637285,533441037,6880567800,466558963,999999583,417,100746,548897561,451102439,2812846239,691766900,9523,703228900,999989577,10423,999792046,207954,703208954,1000,1000,1000,1000,1000,1000,1000
73000,96000,626800,720000000,4320000000,10000,60000,9977822904072,83733806,124042407,10316,719904000,2000,5315,4194233,1439787368,2206546878,17793453122,19725523822,9972955867,27044133,9070235,101668357393,4521664300,206293,7607122,1165855400,39511652600,248847504,2153117754,2140001731,534186451,6970725600,465813549,999996813,3187,100462,540093631,459906369,2853327669,701995400,5,713349860,999976083,23917,999797862,202138,713325938,1000,1000,1000,1000,1000,1000,1000,101668572104,4521204600,193725,7525956,1164869100,39508429200,262123881,2166250131,2139488534,533528206,6970515300,466471794,999997449,2551,108443,540971709,459028291,2852651091,701677600,9620,713173040,999999137,863,999789543,210457,713162557,1000,1000,1000,1000,1000,1000,1000
74000,96520,628065,730000000,4380000000,10000,60000,9977622746528,83799324,124312615,2461,729903480,2000,62470,4216953,1459802038,2206078252,17793921748,19725798948,9972912667,27087333,9209005,101690287619,4583317100,180634,7980860,1183279500,40048767000,252995277,2183128577,2169810837,534373207,7060780500,465626793,999995358,4642,15551,532198214,467801786,2893077286,711940600,1,723277940,999988510,11490,999784051,215949,723266449,1000,1000,1000,1000,1000,1000,1000,101690555342,4582843100,161822,7605458,1182460900,40045470200,266194388,2196180888,2169258584,533627212,7060524000,466372788,999980900,19100,83088,533193604,466806396,2892344196,711565100,10780,723098140,999998252,1748,999784488,215512,723085612,1000,1000,1000,1000,1000,1000,1000
75000,96010,627539,740000000,4440000000,10000,60000,9977422845466,83626479,124356498,1441,739903990,2000,1032,4209421,1479805098,2205626845,17794373155,19726050855,9972827219,27172781,9347817,101712269892,4645008300,145107,8015608,1201008900,40586077400,257945339,2213949139,2199608614,534483242,7150772700,465516758,999993875,6125,2933,524343419,475656581,2932806481,721857000,9940,733222820,999984987,15013,999802833,197167,733197867,1000,1000,1000,1000,1000,1000,1000,101712477999,4644497800,200235,7502078,1200292300,40582627600,269570290,2225422290,2199042881,533725778,7150492200,466274222,999998356,1644,102578,525430897,474569103,2932051803,721427500,3,733025040,999983885,16115,999784878,215122,733008922,1000,1000,1000,1000,1000,1000,1000
76000,94410,630906,750000000,4500000000,10000,60000,9977226836846,79570601,120471767,10352,749905590,2000,56953,4196390,1499790476,2205174247,17794825753,19726295453,9972782230,27217770,9487006,101734192467,4706659100,153580,7841130,1218926200,41123250200,262498542,2244369292,2229397419,534577626,7240733700,465422374,999997275,2725,17749,516529030,483470970,2972529570,731765300,9663,743142780,999999034,966,999785449,214551,743132151,1000,1000,1000,1000,1000,1000,1000,101734422633,4706159300,216388,7668760,1217891700,41119728200,273229749,2254942849,2228823079,533821655,7240481100,466178345,999992462,7538,103007,517620228,482379772,2971752472,731320400,7,742964300,999965100,34900,999803707,196293,742929393,1000,1000,1000,1000,1000,1000,1000
77000,92520,627541,760000000,4560000000,10000,60000,9977022660821,83811953,124944139,2601,759907480,2000,63099,4214428,1519809758,2204865574,17795134426,19726400226,9972708172,27291828,9625930,101756156094,4768318200,150437,7941043,1236550700,41660391600,267503608,2275238308,2259169903,534682211,7330737000,465317789,999994788,5212,8477,508729374,491270626,3012224526,741666700,10023,753070680,999993966,6034,999794177,205823,753054623,1000,1000,1000,1000,1000,1000,1000,101756369183,4767838800,134623,7544257,1235775700,41656985600,276489302,2284071052,2258662616,533927533,7330432800,466072467,999996435,3565,107202,509713386,490286614,3011549514,741225300,9900,752898720,999998078,1922,999788402,211598,752886898,1000,1000,1000,1000,1000,1000,1000
78000,93850,647675,770000000,4620000000,10000,60000,9976825142638,81362419,122664290,10875,769906150,2000,5319,4188721,1539790550,2204515457,17795484543,19726538543,9972652339,27347661,9765489,101778099441,4829959600,227358,7627910,1254564800,42197492800,273111439,2306709789,2288901005,534697041,7420658700,465302959,999999374,626,100133,501021728,498978272,3051857972,751554100,9,762987080,999969896,30104,999805933,194067,762956967,1000,1000,1000,1000,1000,1000,1000,101778203929,4829521000,217713,8012290,1253223000,42194278800,279184917,2312637217,2288505231,534132126,7420504200,465867874,999992340,7660,8414,501831683,498168317,3051333217,751123300,1,762849260,999978727,21273,999788414,211586,762827986,1000,1000,1000,1000,1000,1000,1000
79000,94520,635247,780000000,4680000000,10000,60000,9976620565313,86043392,127655299,2603,779905480,2000,872,4205353,1559805754,2204235505,17795764495,19726602195,9972498407,27501593,9904961,101800141888,4891591700,142631,7878570,1271877800,42734524200,277295043,2336753843,2318657632,534894166,7510742400,465105834,999998839,1161,11773,493287841,506712159,3091535659,761420000,2,772901580,999976449,23551,999796073,203927,772878027,1000,1000,1000,1000,1000,1000,1000,101800080576,4891217200,226299,7614084,1271428500,42731651200,283283988,2342610038,2318348150,534153327,7510393800,465846673,999979152,20848,81025,493977575,506022425,3091130225,760979200,9860,772793860,999998075,1925,999783025,216975,772782075,1000,1000,1000,1000,1000,1000,1000
80000,95170,627577,790000000,4740000000,10000,60000,9976425352537,81377271,123162070,2448,789904830,2000,62730,4207435,1579804764,2203977108,17796022892,19726641192,9972469225,27530775,10046589,101821903640,4953278700,225865,7680674,1290054700,43271821400,282797188,2368126188,2348531284,534905480,7600621500,465094520,999979115,20885,91835,485335451,514664549,3131374449,771327400,6,782844960,999998211,1789,999777535,222465,782843165,1000,1000,1000,1000,1000,1000,1000,101822171725,4952846000,133811,7929829,1288678700,43268637600,285999405,2371183505,2348071450,534351862,7600479900,465648138,999993074,6926,4712,486231062,513768938,3130759338,770900000,10106,782705780,999992214,7786,999789912,210088,782687888,1000,1000,1000,1000,1000,1000,1000
81000,94680,631878,800000000,4800000000,10000,60000,9976224712161,82159040,124198148,1528,799905320,2000,63119,4213024,1599807584,2203739801,17796260199,19726661199,9972362196,27637804,10188280,101843951284,5014939700,175691,7620156,1307712900,43809001800,287339808,2398534958,2378265510,535022316,7690629600,464977684,999987941,12059,89725,477608415,522391585,3171020285,781212200,9820,792765780,999998815,1185,999794625,205375,792754775,1000,1000,1000,1000,1000,1000,1000,101844022551,5014510900,193997,7975429,1306454500,43805815400,289720445,2400770045,2377885748,534436725,7690449300,465563275,999978141,21859,16316,478404568,521595432,3170513632,780769300,10520,792640500,999997904,2096,999783816,216184,792627884,1000,1000,1000,1000,1000,1000,1000
82000,94850,631764,810000000,4860000000,10000,60000,9976025886561,81147462,123271602,10617,809905150,2000,1007,4186774,1619789066,2203517023,17796482977,19726660177,9972392746,27607254,10330112,101865884412,5076587400,185480,7885348,1325209200,44346147600,291684313,2428745113,2408053232,535198863,7780688100,464801137,999985327,14673,18864,469785232,530214768,3210737468,791133100,9540,802694300,999999476,524,999781564,218436,802684236,1000,1000,1000,1000,1000,1000,1000,101865943065,5076209900,219326,7630484,1324660400,44343230200,293696466,2430622116,2407704475,534487200,7780350900,465512800,999997197,2803,100397,470506322,529493678,3210267778,790718600,11,802577880,999985434,14566,999795297,204703,802563303,1000,1000,1000,1000,1000,1000,1000
83000,95540,632647,820000000,4920000000,10000,60000,9975824778332,82479551,124834538,2412,819904460,2000,5732,4204891,1639804096,2203357483,17796642517,19726600017,9972322649,27677351,10472745,101887835527,5138230700,171120,7687332,1343132000,44883152600,294961262,2457879462,2437842781,535225059,7870587300,464774941,999995508,4492,108049,461974068,538025932,3250453032,801015000,1,812622280,999987972,12028,999784049,215951,812610251,1000,1000,1000,1000,1000,1000,1000,101888021680,5137866000,146647,7507620,1342386700,44880439200,298687959,2461482159,2437441602,534603931,7870362600,465396069,999999240,760,100209,462756507,537243493,3249915293,800639000,9960,812504180,999979471,20529,999803909,196091,812473691,1000,1000,1000,1000,1000,1000,1000
84000,96430,628123,830000000,4980000000,10000,60000,9975625404252,82086973,124681746,2592,829903570,2000,62917,4192317,1659801956,2203205825,17796794175,19726525775,9972212783,27787217,10615239,101909821022,5199916700,155672,7898298,1360589400,45420531800,298029513,2486823163,2467616724,535437538,7960684800,464562462,999994136,5864,4798,454219874,545780126,3290153926,810884100,9580,822551900,999994882,5118,999792198,207802,822537202,1000,1000,1000,1000,1000,1000,1000,101909904651,5199535700,150622,7535144,1360175200,45417648200,303824747,2492485797,2467287713,534718741,7960333800,465281259,999998332,1668,99791,454882778,545117222,3289710322,810515400,5,822442500,999980114,19886,999790991,209009,822422609,1000,1000,1000,1000,1000,1000,1000
85000,97060,623190,840000000,5040000000,10000,60000,9975424300991,83403376,126199482,1597,839902940,2000,62562,4202520,1679802686,2203037067,17796962933,19726466533,9972165220,27834780,10758806,101931765287,5261563500,226701,7971830,1378230000,45957670200,301654356,2516313306,2497355865,535552616,8050704000,464447384,999998112,1888,4296,446496131,553503869,3329798169,820778000,3,832471260,999971047,28953,999803296,196704,832442304,1000,1000,1000,1000,1000,1000,1000,101931812628,5261201100,165933,7577752,1377916500,45954855800,308472592,2523000942,2497079706,534838923,8050323600,465161077,999996510,3490,95187,447041781,552958219,3329439419,820431100,9820,832370100,999999433,567,999784687,215313,832359713,1000,1000,1000,1000,1000,1000,1000
86000,93450,624313,850000000,5100000000,10000,60000,9975225426564,82505355,125562068,10072,849906550,2000,62809,4189457,1699792956,2202877019,17797122981,19726393881,9972035183,27964817,10902439,101953697443,5323235200,221277,7854435,1396049700,46494928800,306026239,2546554889,2527150318,535667200,8140684800,464332800,999998940,1060,7840,438717622,561282378,3369530178,830631600,9882,842400480,999989262,10738,999798040,201960,842379860,1000,1000,1000,1000,1000,1000,1000,101953754235,5322858700,181662,7980320,1395232900,46492017400,312364239,2552757989,2526868977,535042277,8140413900,464957723,999992876,7124,3599,439269022,560730978,3369153178,830294100,5,842300580,999983626,16374,999786999,213001,842284201,1000,1000,1000,1000,1000,1000,1000
87000,96230,634542,860000000,5160000000,10000,60000,9975024012822,84204979,127518096,1401,859903770,2000,57221,4202979,1719804738,2202774201,17797225799,19726263799,9971937461,28062539,11047599,101975648544,5384884400,211031,7897348,1413708500,47032024000,310601484,2576992434,2556943842,535780365,8230676700,464219635,999996590,3410,9225,430933483,569066517,3409251617,840494300,8,852328300,999979483,20517,999794725,205275,852307775,1000,1000,1000,1000,1000,1000,1000,101975705973,5384521000,180082,7875742,1413064900,47029261200,316052103,2582315803,2556654085,535157638,8230402500,464842362,999996723,3277,8085,431465300,568534700,3408868200,840200300,5,852225860,999988260,11740,999779485,220515,852214115,1000,1000,1000,1000,1000,1000,1000
88000,97130,634232,870000000,5220000000,10000,60000,9974826347153,82114867,125587730,12150,869902870,2000,58041,4179123,1739781440,2202640420,17797359580,19726170880,9971898937,28101063,11192677,101997568367,5446537500,170640,7589347,1431787700,47569121400,315299007,2607551907,2586769256,535795393,8320556100,464204607,999997162,2838,107069,423060813,576939187,3449025187,850388100,9826,862267220,999998537,1463,999775769,224231,862255931,1000,1000,1000,1000,1000,1000,1000,101997754411,5446169700,134943,7880624,1430665800,47566373800,319628670,2611755820,2586386379,535273464,8320416900,464726536,999999182,818,9118,423730939,576269061,3448508361,850099600,5,862142420,999979567,20433,999793418,206582,862121982,1000,1000,1000,1000,1000,1000,1000
89000,95550,621245,880000000,5280000000,10000,60000,9974627830816,80956851,124709995,1524,879904450,2000,1066,4190892,1759805852,2202578867,17797421133,19725994833,9971776928,28223072,11339180,102019488203,5508238800,223531,7888315,1449236100,48106556000,320172416,2638302316,2616559362,536007651,8410650300,463992349,999996729,3271,11378,415302916,584697084,3488742384,860235500,10482,872203800,999989704,10296,999795978,204022,872183022,1000,1000,1000,1000,1000,1000,1000,102019691422,5507836800,144184,7486854,1448810400,48103603200,323079773,2641075373,2616166392,535290598,8410311600,464709402,999995600,4400,109002,415918910,584081090,3488218590,860008100,9984,872071980,999990202,9798,999793402,206598,872052198,1000,1000,1000,1000,1000,1000,1000
90000,94740,632517,890000000,5340000000,10000,60000,9974427732811,81347448,125310869,2580,889905260,2000,981,4203561,1779805360,2202489859,17797510141,19725853141,9971725039,28274961,11484899,102041465384,5569863800,206030,7863394,1466874600,48643559600,322701621,2666691121,2646309282,536116972,8500651200,463883028,999996410,3590,17338,407581456,592418544,3528412144,870100600,9862,882113420,999999304,696,999781938,218062,882102862,1000,1000,1000,1000,1000,1000,1000,102041540394,5569512600,218931,7864786,1466314800,48640910000,328807581,2672675381,2645978450,535476670,8500384500,464523330,999975845,24155,18275,408042825,591957175,3527970875,869944900,9880,882003480,999998825,1175,999784575,215425,881992425,1000,1000,1000,1000,1000,1000,1000
91000,95760,624159,900000000,5400000000,10000,60000,9974225821462,83571451,127787227,11092,899904240,2000,511,4189480,1799786296,2202420313,17797579687,19725681387,9971605220,28394780,11631516,102063458962,5631526100,158440,7911214,1484475100,49180731400,326832263,2696687213,2676102068,536236925,8590664400,463763075,999987059,12941,5934,399811866,600188134,3568133234,879948600,4,892039740,999991430,8570,999785034,214966,892031166,1000,1000,1000,1000,1000,1000,1000,102063559104,5631175100,173390,7776576,1484017800,49178150200,332950617,2702688117,2675744424,535630706,8590401900,464369294,999996004,3996,7798,400304574,599695426,3567658926,879811400,10140,891925560,999999082,918,999785598,214402,891914502,1000,1000,1000,1000,1000,1000,1000
92000,96910,641882,910000000,5460000000,10000,60000,9974027939612,81818546,126323889,1386,909903090,2000,540,4207635,1819803408,2202406058,17797593942,19725459642,9971482125,28517875,11779833,102085429363,5693180900,158940,7936157,1502136600,49717884200,331272929,2726993079,2705854738,536339398,8680668900,463660602,999980899,19101,8501,392049163,607950837,3607805737,889844800,10240,901962980,999998259,1741,999789601,210399,901950999,1000,1000,1000,1000,1000,1000,1000,102085517198,5692824000,137199,7784320,1501689600,49715253600,336764149,2732364499,2705551160,535744114,8680392600,464255886,999988913,11087,12099,392516239,607483761,3607400261,889660900,2,901852960,999996143,3857,999774199,225801,901849101,1000,1000,1000,1000,1000,1000,1000
93000,92740,651282,920000000,5520000000,10000,60000,9973827420566,82656937,127458687,11626,919907260,2000,59080,4188482,1839791268,2202344003,17797655997,19725279597,9971316238,28683762,11929506,102107404434,5754851300,182676,7796086,1519946300,50255212200,334473942,2756068292,2735616340,536483651,8770682400,463516349,999998421,1579,10770,384331230,615668770,3647483870,899711000,9660,911890940,999986250,13750,999795070,204930,911867530,1000,1000,1000,1000,1000,1000,1000,102107411599,5754490300,205091,7859821,1519311800,50252423800,341756146,2763221346,2735316120,535847728,8770392600,464152272,999985358,14642,18030,384815810,615184190,3647087690,899467000,9360,911782340,999998590,1410,999788330,211670,911771570,1000,1000,1000,1000,1000,1000,1000
94000,95800,619413,930000000,5580000000,10000,60000,9973630893247,79551697,124657759,2660,929904200,2000,1137,4195782,1859803080,2202336544,17797663456,19725048556,9971168618,28831382,12078898,102129328953,5816512100,185095,7625586,1537870800,50792333000,339572364,2787029164,2765419987,536512425,8860594200,463487575,999994041,5959,100016,376508329,623491671,3687220171,909586600,1,921819620,999980565,19435,999798316,201684,921800184,1000,1000,1000,1000,1000,1000,1000,102129449368,5816145200,184358,7538490,1537221500,50789575200,345019986,2792350286,2765060694,535892049,8860333500,464107951,999998191,1809,102642,377133148,622866852,3686736652,909306200,2,921708780,999967180,32820,999808642,191358,921675958,1000,1000,1000,1000,1000,1000,1000
95000,94750,629005,940000000,5640000000,10000,60000,9973428982609,81788544,127207895,10381,939905250,2000,5734,4186413,1879789738,2202284653,17797715347,19724860747,9970996607,29003393,12229545,102151332772,5878152500,156067,7917605,1555162300,51329434600,343811266,2817131866,2795173611,536719876,8950694400,463280124,999999089,911,14713,368814202,631185798,3726891398,919424300,3,931738040,999979750,20250,999793513,206487,931717787,1000,1000,1000,1000,1000,1000,1000,102151367963,5877785700,160505,8018101,1554428400,51326581000,349045295,2822233395,2794868212,536105513,8950413600,463894487,999997769,2231,11356,369349744,630650256,3726484456,919132500,16,931635740,999980520,19480,999793256,206744,931616244,1000,1000,1000,1000,1000,1000,1000
96000,95840,626074,950000000,5700000000,10000,60000,9973227606191,83560523,129270405,1463,949904160,2000,62817,4196688,1899805394,2202293614,17797706386,19724609886,9970868192,29131808,12381386,102173202635,5939823000,202314,7585705,1573302300,51866672400,348320070,2847509220,2824974534,536742665,9040587000,463257335,999995848,4152,108783,360982149,639017851,3766632651,929318800,9540,941667840,999999817,183,999786583,213417,941658117,1000,1000,1000,1000,1000,1000,1000,102173305379,5939451400,157114,7589878,1572536900,51863803600,352745589,2851801889,2824660215,536135795,9040316100,463864205,999997926,2074,103031,361589816,638410184,3766210584,928973400,3,941559480,999990892,9108,999788431,211569,941550369,1000,1000,1000,1000,1000,1000,1000
97000,96000,629661,960000000,5760000000,10000,60000,9973032954481,78568056,124494570,10179,959904000,2000,63133,4176472,1919787642,2202271037,17797728963,19724394163,9970784008,29215992,12534050,102195175658,6001464400,183670,7920628,1590606100,52403780800,352847453,2877900703,2854749634,536930994,9130686300,463069006,999971570,28430,13076,353241142,646758858,3806332358,939175100,14,951584200,999998538,1462,999775176,224824,951582724,1000,1000,1000,1000,1000,1000,1000,102195230869,6001101100,195448,7706663,1590171400,52400934200,356485753,2881406503,2854437034,536256472,9130326000,463743528,999997311,2689,103139,353810305,646189695,3805909095,938862500,8,951492920,999979149,20851,999787539,212461,951472061,1000,1000,1000,1000,1000,1000,1000
98000,93440,633467,970000000,5820000000,10000,60000,9972828319032,83603294,129894563,11622,969906560,2000,5253,4182693,1939789876,2202299126,17797700874,19724123974,9970578907,29421093,12687483,102217225078,6063119400,156285,7550998,1608530000,52940957200,356666733,2907586633,2884481794,536993148,9220632600,463006852,999998269,1731,100121,345584127,654415873,3845968273,949007800,4,961508840,999977643,22357,999793121,206879,961486479,1000,1000,1000,1000,1000,1000,1000,102217277807,6062758500,136229,7946802,1607451900,52938142600,360985547,2911774647,2884187625,536471429,9220443600,463528571,999992041,7959,2512,346148387,653851613,3845576013,948673500,11,961410860,999977539,22461,999791912,208088,961388388,1000,1000,1000,1000,1000,1000,1000
99000,95040,617086,980000000,5880000000,10000,60000,9972632881738,79436224,126049070,2540,979904960,2000,61844,4191606,1959804840,2202310762,17797689238,19723862438,9970419854,29580146,12841094,102239142881,6124792000,181669,7520254,1626287200,53478227200,360817795,2937607995,2914280015,537110343,9310629600,462889657,999992093,7907,103450,337816335,662183665,3885698965,958853500,5,971442120,999976835,23165,999792650,207350,971418950,1000,1000,1000,1000,1000,1000,1000,102239133865,6124423000,224962,7683775,1625473200,53475354800,365056275,2941713075,2913957502,536502168,9310364400,463497832,999981677,18323,84609,338398007,661601993,3885276093,958530100,9700,971330020,999998271,1729,999790809,209191,971318591,1000,1000,1000,1000,1000,1000,1000
100000,96040,634420,990000000,5940000000,10000,60000,9972430075978,82603039,129508407,10592,989903960,2000,57890,4186032,1979786736,2202296317,17797703683,19723635783,9970277348,29722652,12996684,102261048054,6186430600,203415,7645597,1643838800,54015286000,364847471,2967499021,2944055225,537250746,9400650300,462749254,999994769,5231,79823,330072498,669927502,3925406102,968697000,9,981353480,999997406,2594,999776623,223377,981350877,1000,1000,1000,1000,1000,1000,1000,102261225118,6186078500,133676,7481057,1643194600,54012558600,369283569,2971808669,2943712139,536629884,9400372500,463370116,999998682,1318,100898,330708559,669291441,3924942941,968370400,5,981250540,999980267,19733,999797498,202502,981230802,1000,1000,1000,1000,1000,1000,1000
101000,95050,627246,1000000000,6000000000,10000,60000,9972232989498,80087046,127330136,10353,999904950,2000,1017,4178896,1999789194,2202316144,17797683856,19723376556,9970088424,29911576,13152618,102282989895,6248099800,230612,7796603,1661322100,54552561200,369868634,2998391234,2973836160,537439661,9490725000,462560339,999997430,2570,11269,322397609,677602391,3965111391,978481600,2,991285700,999989533,10467,999779369,220631,991275231,1000,1000,1000,1000,1000,1000,1000,102283112039,6247728300,213529,7899497,1660514400,54549702200,372590153,3000980503,2973466044,536834176,9490466700,463165824,999997032,2968,16656,322971612,677028388,3964618088,978243400,10024,991171980,999990088,9912,999795556,204444,991152044,1000,1000,1000,1000,1000,1000,1000
102000,94380,627234,1010000000,6060000000,10000,60000,9972035060341,78399138,125929112,10158,1009905620,2000,62800,4180850,2019790924,2202322779,17797677221,19723126021,9969960750,30039250,13309874,102304989010,6309738300,150962,7726903,1679023800,55089534200,374754208,3029132808,3003621405,537476864,9580669800,462523136,999966488,33512,68724,314609519,685390481,4004827481,988339100,7,1001209260,999996823,3177,999775024,224976,1001206076,1000,1000,1000,1000,1000,1000,1000,102305063686,6309376200,202779,7968509,1678112900,55086811600,375923458,3030177158,3003242945,536956108,9580479000,463043892,999994263,5737,10255,315212310,684787690,4004323590,988102700,9285,1001090940,999998990,1010,999788155,211845,1001080645,1000,1000,1000,1000,1000,1000,1000
103000,94450,618562,1020000000,6120000000,10000,60000,9971834967644,78901883,126847254,1572,1019905550,2000,463,4200015,2039807956,2202356027,17797643973,19722848273,9969723165,30276835,13468521,102326989805,6371379500,156679,7883533,1696404100,55626641400,377762514,3058005164,3033340522,537681084,9670749000,462318916,999996912,3088,13828,306992906,693007094,4044453794,998144400,9882,1011123860,999999294,706,999780928,219072,1011113272,1000,1000,1000,1000,1000,1000,1000,102327119182,6371027300,172211,7868318,1695736700,55624000200,381254211,3061375811,3032973878,537087684,9670513200,462912316,999998615,1385,8631,307582753,692417247,4043958147,997918200,10220,1011015560,999978929,21071,999799831,200169,1010984269,1000,1000,1000,1000,1000,1000,1000
104000,95410,633166,1030000000,6180000000,10000,60000,9971633962979,80278456,128490357,10345,1029904590,2000,448,4177311,2059788490,2202348535,17797651465,19722600965,9969594769,30405231,13629359,102348996671,6433038400,148918,7883025,1714025600,56163853600,380250266,3086361316,3063095470,537812446,9760779600,462187554,999995309,4691,6363,299284093,700715907,4084121307,1008000400,4,1021043800,999982041,17959,999790463,209537,1021025837,1000,1000,1000,1000,1000,1000,1000,102349038527,6432688300,155188,7895673,1713400400,56161171000,387017920,3093005070,3062782470,537216075,9760510200,462783925,999997480,2520,8405,299797135,700202865,4083709665,1007753500,9940,1020938020,999999115,885,999786805,213195,1020927195,1000,1000,1000,1000,1000,1000,1000
105000,94990,632387,1040000000,6240000000,10000,60000,9971435924065,78756301,127401481,2643,1039905010,2000,503,4190746,2079804734,2202409366,17797590634,19722290534,9969336474,30663526,13790908,102370951309,6494700500,137285,7960331,1731583800,56700993000,383214144,3115188644,3092874224,537938405,9850787700,462061595,999998203,1797,7898,291569974,708430026,4123828026,1017799500,10200,1030976820,999987182,12818,999797698,202302,1030953802,1000,1000,1000,1000,1000,1000,1000,102371022458,6494313000,158853,7931156,1730914300,56698141200,392333766,3124178466,3092518980,537331801,9850526400,462668199,999996738,3262,16937,292159657,707840343,4123355343,1017550800,6,1030846260,999990109,9891,999787237,212763,1030836363,1000,1000,1000,1000,1000,1000,1000
106000,95250,637453,1050000000,6300000000,10000,60000,9971238596164,76476813,125477355,2562,1049904750,2000,897,4190266,2099804376,2202418977,17797581023,19722025223,9969143814,30856186,13954090,102392896862,6556356200,150476,7433112,1749695300,57238238000,387434340,3145279690,3122646162,537962786,9940715700,462037214,999979732,20268,89746,283915284,716084716,4163527616,1027582300,9966,1040893220,999998200,1800,999784046,215954,1040881454,1000,1000,1000,1000,1000,1000,1000,102392980612,6555970600,188003,7493186,1749013300,57235380400,396367010,3154081960,3122274988,537369041,9940452000,462630959,999994846,5154,108805,284448317,715551683,4163029083,1027411800,2,1040766800,999987297,12703,999786605,213395,1040754095,1000,1000,1000,1000,1000,1000,1000
107000,92930,639186,1060000000,6360000000,10000,60000,9971035723364,79747788,129079445,10339,1059907070,2000,63861,4185095,2119793462,2202431852,17797568148,19721749448,9968971305,31028695,14117867,102414814602,6617988600,179202,7709793,1767068000,57775190000,391199652,3174900452,3152411359,538121985,10030743600,461878015,999994953,5047,79068,276206909,723793091,4203214291,1037393400,5,1050805500,999997437,2563,999784068,215932,1050802932,1000,1000,1000,1000,1000,1000,1000,102414957937,6617626500,184361,7772263,1766343600,57772596200,400812551,3184396501,3152026768,537589234,10030561800,462410766,999993100,6900,16466,276753498,723246502,4202702302,1037253500,9300,1050685000,999999834,166,999783066,216934,1050675534,1000,1000,1000,1000,1000,1000,1000
108000,94820,635757,1070000000,6420000000,10000,60000,9970839594771,76281413,126045538,1489,1069905180,2000,1080,4193543,2139807382,2202471084,17797528916,19721465516,9968711897,31288103,14282479,102436798743,6679643800,207076,7782108,1784557100,58312460400,394093510,3203666810,3182153025,538314623,10120839600,461685377,999995796,4204,8173,268593048,731406952,4242866952,1047189400,9,1060725180,999988756,11244,999783273,216727,1060713927,1000,1000,1000,1000,1000,1000,1000,102436975962,6679284200,173069,7686787,1783977000,58309810000,406243753,3215696353,3181777615,537713976,10120590600,462286024,999997853,2147,20277,269115462,730884538,4242363338,1047047400,11,1060606180,999979554,20446,999793277,206723,1060585723,1000,1000,1000,1000,1000,1000,1000
109000,94070,621116,1080000000,6480000000,10000,60000,9970640321382,75962958,126178885,2539,1079905930,2000,927,4189345,2159806782,2202507440,17797492560,19721183160,9968423695,31576305,14450277,102458794872,6741262500,229752,7437280,1802386900,58849401800,399095237,3234525037,3211854956,538346284,10210775100,461653716,999999592,408,110008,261036552,738963448,4282466948,1056953200,8,1070630980,999981020,18980,999790908,209092,1070611992,1000,1000,1000,1000,1000,1000,1000,102458950594,6740916500,141975,7957157,1801294800,58846747400,409545770,3244852920,3211551325,537841835,10210626000,462158165,999990958,9042,1823,261426198,738573802,4282058902,1056827000,9,1070536180,999971406,28594,999794623,205377,1070507577,1000,1000,1000,1000,1000,1000,1000
110000,95170,633824,1090000000,6540000000,10000,60000,9970437199678,79483578,130135881,2626,1089904830,2000,6296,4186295,2179804408,2202522456,17797477544,19720904344,9968152565,31847435,14618573,102480932786,6802895000,142953,7446834,1819757500,59386430800,402369357,3263659407,3241529474,538482877,10300836000,461517123,999998690,1310,102113,253474539,746525461,4322031261,1066759400,10020,1080535920,999975887,24113,999813113,186887,1080501787,1000,1000,1000,1000,1000,1000,1000,102480833310,6802584700,162157,7765330,1819128500,59384007000,414523123,3275700473,3241360342,537967628,10300606500,462032372,999993317,6683,12589,253731947,746268053,4321813753,1066579000,10100,1080463620,999999891,109,999776589,223411,1080453411,1000,1000,1000,1000,1000,1000,1000
111000,95460,625114,1100000000,6600000000,10000,60000,9970235729900,81356070,132371775,10486,1099904540,2000,531,4185097,2199788108,2202547970,17797452030,19720619430,9967958863,32041137,14789471,102502838310,6864492400,178462,7973630,1836825700,59923250400,406333978,3293475578,3271271032,538696331,10390947300,461303669,999993655,6345,10524,245814992,754185008,4361693508,1076565500,9780,1090435860,999996396,3604,999786724,213276,1090422476,1000,1000,1000,1000,1000,1000,1000,102502870654,6864241600,147677,7770683,1836652100,59921176000,418855477,3305898777,3271080603,538104053,10390644900,461895947,999997630,2370,12977,246102574,753897426,4361437026,1076392000,9923,1090377680,999988666,11334,999798577,201423,1090356423,1000,1000,1000,1000,1000,1000,1000
112000,95540,629498,1110000000,6660000000,10000,60000,9970040530563,76949095,128485922,1250,1109904460,2000,63836,4187407,2219806420,2202564958,17797435042,19720349542,9967611513,32388487,14960933,102524848570,6926148000,187344,7867650,1854420900,60460446400,410804565,3323813965,3301002024,538826711,10480983000,461173289,999997149,2851,7338,238254814,761745186,4401329986,1086304800,9920,1100356020,999981862,18138,999801238,198762,1100327962,1000,1000,1000,1000,1000,1000,1000,102524731803,6925891300,210972,7405897,1854684700,60458317000,422584301,3335492701,3300875990,538143211,10480558200,461856789,999997236,2764,102625,238422435,761577565,4401167665,1086152200,9420,1100302060,999999035,965,999782825,217175,1100291675,1000,1000,1000,1000,1000,1000,1000
113000,96810,640160,1120000000,6720000000,10000,60000,9969839867040,78011225,129992931,9768,1119903190,2000,5821,4175262,2239786844,2202585565,17797414435,19720072935,9967329418,32670582,15135862,102546777640,6987751700,224081,7981656,1871823300,60997266600,416544700,3355404900,3330730062,538937107,10570999800,461062893,999992214,7786,16607,230679045,769320955,4440969955,1096040100,9644,1110259920,999989617,10383,999791407,208593,1110239893,1000,1000,1000,1000,1000,1000,1000,102546722643,6987503000,209272,7657835,1871968300,60995140400,425190719,3363949119,3330596068,538269637,10570590600,461730363,999996242,3758,106605,230798937,769201063,4440791363,1095940300,10322,1110215800,999989817,10183,999790905,209095,1110195295,1000,1000,1000,1000,1000,1000,1000
114000,96690,628553,1130000000,6780000000,10000,60000,9969641501473,76767616,129293786,10232,1129903310,2000,63407,4163314,2259786156,2202591189,17797408811,19719793811,9966950386,33049614,15313242,102568731292,7049408900,193286,7916848,1889419000,61534408200,422214645,3386939045,3360526388,539051096,10661007000,460948904,999976022,23978,18526,223043638,776956362,4480701462,1105743600,9960,1120186200,999998834,1166,999785026,214974,1120175074,1000,1000,1000,1000,1000,1000,1000,102568763998,7049148400,149736,7883842,1889170500,61532280000,427745045,3392368995,3360337184,538510030,10660717500,461489970,999995908,4092,7278,223218794,776781206,4480448906,1105679700,9660,1120123400,999997982,2018,999788778,211222,1120111722,1000,1000,1000,1000,1000,1000,1000
115000,95750,628826,1140000000,6840000000,10000,60000,9969444286029,74408818,127456925,9805,1139904250,2000,5287,4159017,2279788890,2202624547,17797375453,19719484853,9966602863,33397137,15491953,102590710498,7111047900,210333,7516160,1907290600,62071502200,424484679,3415072579,3390256904,539122590,10750959000,460877410,999986967,13033,98677,215499473,784500527,4520342227,1115462000,9642,1130095900,999999065,935,999786777,213223,1130085323,1000,1000,1000,1000,1000,1000,1000,102590714686,7110776600,181296,7675940,1906948100,62069238800,433812958,3424293308,3390085818,538554544,10750654500,461445456,999999138,862,100894,215599276,784400724,4520107724,1115437800,14,1130042020,999979900,20100,999793994,206006,1130021906,1000,1000,1000,1000,1000,1000,1000
116000,95000,638384,1150000000,6900000000,10000,60000,9969239854922,79267900,132887988,11437,1149905000,2000,5340,4151662,2299787126,2202668822,17797331178,19719171078,9966204318,33795682,15672744,102612781142,7172640600,181764,8044290,1924084900,62608239600,428182038,3444616938,3419932708,539361076,10841111700,460638924,999997878,2122,2102,208056694,791943306,4559902006,1125140300,10008,1140004120,999975186,24814,999801502,198498,1139969298,1000,1000,1000,1000,1000,1000,1000,102612706766,7172424100,140504,7538914,1924572800,62606389800,438392988,3454739338,3419846700,538693025,10840676400,461306975,999996015,3985,97790,207987390,792012610,4559795510,1125178400,9520,1139958600,999999730,270,999782590,217410,1139948810,1000,1000,1000,1000,1000,1000,1000
117000,94580,623551,1160000000,6960000000,10000,60000,9969043600687,75926734,130170185,10442,1159905420,2000,62963,4159395,2319789956,2202691821,17797308179,19718881379,9965771765,34228235,15855821,102634691021,7234292700,200152,7380139,1942250600,63145436600,432641208,3474944408,3449716318,539382753,10931010600,460617247,999996944,3056,109791,200484773,799515227,4599621727,1134813600,9860,1149915360,999999909,91,999780891,219109,1149905409,1000,1000,1000,1000,1000,1000,1000,102634656382,7234031100,196951,7977718,1941600400,63143256600,442169428,3484369078,3449547998,538910675,10930800000,461089325,999995886,4114,16411,200478213,799521787,4599396987,1134892300,9360,1149859380,999998969,1031,999782811,217189,1149848989,1000,1000,1000,1000,1000,1000,1000
118000,95390,633761,1170000000,7020000000,10000,60000,9968842944333,77021868,131949717,11758,1169904610,2000,5276,4160145,2339785704,2202754001,17797245999,19718553899,9965274895,34725105,16042599,102656750228,7295870800,187604,7882392,1959021500,63682128000,435971706,3504120856,3479367952,539606965,11021175300,460393035,999985409,14591,7844,193087392,806912608,4639155108,1144483300,10040,1159803680,999993516,6484,999785344,214656,1159787156,1000,1000,1000,1000,1000,1000,1000,102656691594,7295676000,141272,7545206,1959402000,63680323200,447179407,3515240107,3479295576,538959811,11020746000,461040189,999997533,2467,100422,192973346,807026654,4639058754,1144534700,10060,1159779280,999993958,6042,999791422,208578,1159763178,1000,1000,1000,1000,1000,1000,1000
119000,94570,635789,1180000000,7080000000,10000,60000,9968643577226,76818566,132433940,10539,1179905430,2000,6250,4164592,2359789782,2202801292,17797198708,19718235708,9964782328,35217672,16233110,102678727370,7357497700,186436,7948030,1976373700,64219059400,439933412,3533937412,3509100756,539751650,11111208300,460248350,999990352,9648,7602,185578846,814421154,4678799154,1154140300,10180,1169714140,999994438,5562,999791302,208698,1169698398,1000,1000,1000,1000,1000,1000,1000,102678686099,7357285900,179401,7568996,1976741600,64217251000,451503099,3545420549,3508981655,539105994,11110812300,460894006,999996994,3006,85100,185546745,814453255,4678638455,1154198700,9885,1169677940,999988745,11255,999794200,205800,1169656800,1000,1000,1000,1000,1000,1000,1000
120000,95270,638962,1190000000,7140000000,10000,60000,9968443249499,77566643,133875855,10623,1189904730,2000,5213,4150198,2379788214,2202844642,17797155358,19717936458,9964266922,35733078,16425936,102700718581,7419120500,209627,7790833,1993874300,64756072200,443948548,3563812998,3538806822,539889019,11201247900,460110981,999997455,2545,8236,178159814,821840186,4718407386,1163770100,9626,1179615320,999994870,5130,999791036,208964,1179600564,1000,1000,1000,1000,1000,1000,1000,102700605381,7418920900,212341,7645352,1994170700,64754188200,455771177,3575542827,3538738025,539218557,11200815300,460781443,999999331,669,99874,177993049,822006951,4718313551,1163859100,9787,1179596760,999988553,11447,999802074,197926,1179575526,1000,1000,1000,1000,1000,1000,1000
121000,97210,630353,1200000000,7200000000,10000,60000,9968243838642,77387571,134491330,11048,1199902790,2000,63387,4144375,2399783484,2202874813,17797125187,19717639887,9963662485,36337515,16621869,102722750137,7480702000,140571,7944016,2011042000,65292696000,447771302,3593477052,3568533501,540013366,11291277000,459986634,999995102,4898,18736,170673535,829326465,4758040765,1173406700,7,1189518980,999988291,11709,999783236,216764,1189507264,1000,1000,1000,1000,1000,1000,1000,102722553734,7480514200,233432,8012880,2011113500,65290940400,460209708,3605829208,3568456810,539430518,11290936200,460569482,999992640,7360,10422,170605312,829394688,4757941088,1173417400,10006,1189498260,999996024,3976,999790922,209078,1189484278,1000,1000,1000,1000,1000,1000,1000
122000,95160,646306,1210000000,7260000000,10000,60000,9968045865250,75783895,133730283,10971,1209904840,2000,5256,4151150,2419787738,2202917645,17797082355,19717327655,9963027970,36972030,16823208,102744758572,7542326500,206178,7529005,2028751100,65829700200,451611569,3623177019,3598196237,540067628,11381257200,459932372,999998778,1222,100450,163344213,836655787,4797585287,1183005800,3,1199418140,999970913,29087,999806550,193450,1199389050,1000,1000,1000,1000,1000,1000,1000,102744599870,7542116700,207486,7903670,2028437300,65827786200,464699369,3636171419,3598143796,539571118,11380984200,460428882,999998770,1230,13052,163261756,836738244,4797523044,1182986700,9940,1199395240,999993948,6052,999793352,206648,1199379248,1000,1000,1000,1000,1000,1000,1000
123000,96570,629394,1220000000,7320000000,10000,60000,9967844443262,77650118,136502724,2284,1219903430,2000,62771,4163114,2439802292,2202974080,17797025920,19716995620,9962339606,37660394,17029098,102766694500,7603947700,189675,7425780,2046213600,66366628200,455626027,3653046827,3627959950,540210746,11471271600,459789254,999998671,1329,100525,155880975,844119025,4837279425,1192575100,9680,1209330680,999998475,1525,999786625,213375,1209319475,1000,1000,1000,1000,1000,1000,1000,102766728319,7603679600,190003,7677176,2045748600,66364343200,468949508,3666261008,3627749847,539616591,11470983900,460383409,999999165,835,100274,156043627,843956373,4836985073,1192537700,5,1209279400,999955831,44169,999821374,178626,1209235226,1000,1000,1000,1000,1000,1000,1000
124000,94790,626429,1230000000,7380000000,10000,60000,9967646913587,75619123,135318563,2573,1229905210,2000,63023,4160966,2459805274,2203026110,17796973890,19716665790,9961700714,38299286,17239188,102788676145,7665534500,218662,7618355,2063315900,66903293800,460699257,3683963307,3657647262,540354325,11561325600,459645675,999997894,2106,100069,148519107,851480893,4876858693,1202143900,10300,1219234700,999987031,12969,999794969,205031,1219211431,1000,1000,1000,1000,1000,1000,1000,102788661235,7665282500,203281,7836498,2062914600,66901244200,472179791,3695347241,3657484669,539831451,11561094900,460168549,999992223,7777,12372,148622603,851377397,4876641797,1202122900,7,1219170420,999986715,13285,999790472,209528,1219157128,1000,1000,1000,1000,1000,1000,1000
125000,95990,629439,1240000000,7440000000,10000,60000,9967446003119,76947013,137624685,2551,1239904010,2000,895,4159654,2479802918,2203066432,17796933568,19716349768,9960934826,39065174,17452844,102810664431,7727128600,184783,7883662,2080264500,67440066000,464062032,3713175082,3687382317,540570852,11651450100,459429148,999987190,12810,10038,141167021,858832979,4916508279,1211648300,7,1229130400,999995569,4431,999776538,223462,1229125962,1000,1000,1000,1000,1000,1000,1000,102810737544,7726848800,135645,7574188,2080279000,67437823200,477186734,3726194584,3687155686,539886786,11651082900,460113214,999979949,20051,83263,141342477,858657523,4916203523,1211636600,8,1229060020,999987825,12175,999785263,214737,1229047837,1000,1000,1000,1000,1000,1000,1000
126000,96300,631769,1250000000,7500000000,10000,60000,9967246167776,77208894,138929246,2483,1249903700,2000,486,4136018,2499802434,2203114570,17796885430,19716026730,9960088002,39911998,17672336,102832625993,7788717900,223250,8042999,2097293900,67976704600,469264269,3744218569,3717062590,540692594,11741505300,459307406,999975575,24425,8281,133918191,866081809,4956082709,1221098400,9488,1239031840,999997767,2233,999789181,210819,1239020119,1000,1000,1000,1000,1000,1000,1000,102832721317,7788458400,170483,7510449,2097557700,67974629600,480292126,3755149176,3716844426,540019976,11741110800,459980024,999997576,2424,111000,134064574,865935426,4955785526,1221119700,14,1238962240,999978874,21126,999803200,196800,1238941100,1000,1000,1000,1000,1000,1000,1000
127000,95150,624749,1260000000,7560000000,10000,60000,9967047857114,75941766,138794710,9931,1259904850,2000,6292,4133006,2519789838,2203159380,17796840620,19715714020,9959176814,40823186,17896752,102854691734,7850302700,152421,7842242,2114559200,68513438200,474593254,3775395304,3746768106,540835682,11831552100,459164318,999986067,13933,6585,126678479,873321521,4995688421,1230538600,24,1248927500,999992839,7161,999778285,221715,1248920315,1000,1000,1000,1000,1000,1000,1000,102854731902,7849978800,212489,7929872,2114126300,68510983200,483284555,3783973655,3746445800,540251747,11831286300,459748253,999991544,8456,10197,126988897,873011103,4995257403,1230531300,9986,1248832580,999989009,10991,999788997,211003,1248811603,1000,1000,1000,1000,1000,1000,1000
128000,95810,627722,1270000000,7620000000,10000,60000,9966851135291,73078503,137170757,2631,1269904190,2000,5642,4143436,2539803118,2203202994,17796797006,19715408506,9958179564,41820436,18128382,102876742105,7911898200,140340,7366265,2132079400,69050210800,478644866,3805295766,3776422380,540882733,11921532000,459117267,999977548,22452,86215,119513035,880486965,5035229165,1239963200,9550,1258818360,999997975,2025,999789615,210385,1258806785,1000,1000,1000,1000,1000,1000,1000,102876717166,7911535800,221552,7679034,2131403900,69047421200,487549020,3814070870,3776106948,540297067,11921253000,459702933,999997673,2327,97706,119851558,880148442,5034808942,1239891100,9980,1258712940,999999034,966,999790106,209894,1258701994,1000,1000,1000,1000,1000,1000,1000
129000,94110,638323,1280000000,7680000000,10000,60000,9966649268594,75360268,140773913,9533,1279905890,2000,5311,4128831,2559792714,2203234762,17796765238,19715093338,9957083349,42916651,18368163,102898733425,7973435400,196318,7459380,2148965600,69586563600,483231294,3835712094,3806053683,541032095,12011595300,458967905,999999676,324,101081,112469798,887530202,5074731302,1249286700,15,1268698460,999979174,20826,999796181,203819,1268677619,1000,1000,1000,1000,1000,1000,1000,102898813181,7973096500,190696,7583132,2148386400,69583957000,491284022,3843644272,3805732335,540432615,12011327700,459567385,999997774,2226,103559,112818424,887181576,5074304876,1249221200,10007,1268597260,999985288,14712,999803459,196541,1268572541,1000,1000,1000,1000,1000,1000,1000
130000,95600,630989,1290000000,7740000000,10000,60000,9966451281056,73799476,140750678,2585,1289904400,2000,5148,4128172,2579803630,2203308132,17796691868,19714745368,9955793008,44206992,18616038,102920690349,8034978200,212234,7824631,2165491900,70122917200,487659228,3865969278,3835724738,541254531,12101738700,458745469,999998092,1908,10361,105484223,894515777,5114297577,1258480200,9460,1278588520,999993779,6221,999785261,214739,1278572839,1000,1000,1000,1000,1000,1000,1000,102920777847,8034631300,228174,7604513,2165301200,70120306600,495204335,3873394585,3835377446,540568097,12101387100,459431903,999995004,4996,106607,105793361,894206639,5113835939,1258500400,10440,1278470900,999998033,1967,999792307,207693,1278458493,1000,1000,1000,1000,1000,1000,1000
131000,95590,635380,1300000000,7800000000,10000,60000,9966251870937,73626386,142220142,11365,1299904410,2000,5100,4119366,2599786090,2203347123,17796652877,19714430177,9954397474,45602526,18871864,102942698551,8096501600,182969,7622480,2182487900,70659045600,491856681,3895984331,3865386631,541279896,12191703000,458720104,999980736,19264,106640,98542709,901457291,5153844891,1267621400,9,1288470120,999988149,11851,999788040,211960,1288458260,1000,1000,1000,1000,1000,1000,1000,102942898225,8096132200,223913,7902548,2181630000,70656521200,499359139,3903375189,3864921941,540803642,12191596500,459196358,999991188,8812,4446,99016105,900983895,5153225595,1267690300,10107,1288324740,999989021,10979,999796446,203554,1288303654,1000,1000,1000,1000,1000,1000,1000
132000,93910,630784,1310000000,7860000000,10000,60000,9966053873293,72057647,142474238,11544,1309906090,2000,542,4103599,2619789092,2203406040,17796593960,19714085460,9952825041,47174959,19138033,102964798219,8158050200,137918,7871052,2198842400,71195422800,494416178,3924373828,3894991013,541521743,12281886000,458478257,999981222,18778,14279,91771466,908228534,5193317734,1276691200,9429,1298347000,999989150,10850,999808179,191821,1298326721,1000,1000,1000,1000,1000,1000,1000,102964929136,8157656500,189846,7843158,2198390200,71192759400,505154446,3934994846,3894575646,540934549,12281664600,459065451,999985243,14757,4394,92156948,907843052,5192763252,1276784900,26,1298200460,999987172,12828,999788094,211906,1298187606,1000,1000,1000,1000,1000,1000,1000
133000,94390,643296,1320000000,7920000000,10000,60000,9965853114700,73237731,145647298,10022,1319905610,2000,478,4090591,2639791176,2203452331,17796547669,19713770169,9951097089,48902911,19416065,102986781364,8219552400,165955,7781924,2215565200,71731555200,499178070,3954956220,3924620442,541677858,12371959800,458322142,999999031,969,11073,85032631,914967369,5232823769,1285703800,12,1308213800,999989539,10461,999792773,207227,1308203327,1000,1000,1000,1000,1000,1000,1000,102986972981,8219144600,197625,7556299,2215213600,71728706800,508748906,3964400006,3924148756,540986497,12371658900,459013503,999998999,1001,100102,85498446,914501554,5232192954,1285768400,10360,1308070720,999983838,16162,999798202,201798,1308044198,1000,1000,1000,1000,1000,1000,1000
134000,95150,638778,1330000000,7980000000,10000,60000,9965656165220,70607031,145256760,10642,1329904850,2000,540,4087213,2659788416,2203492951,17796507049,19713449149,9949144707,50855293,19707223,103008866768,8280977400,138170,7858658,2231767800,72267139600,504890406,3986464456,3954144794,541806388,12462067500,458193612,999984934,15066,10446,78570352,921429648,5272192848,1294555600,9954,1318058640,999999368,632,999781246,218754,1318048054,1000,1000,1000,1000,1000,1000,1000,103009010884,8280636500,209362,7537877,2231702000,72264694600,511432376,3992896226,3953740957,541121950,12461746800,458878050,999998932,1068,102982,78904825,921095175,5271643775,1294670300,19,1317935340,999967497,32503,999805982,194018,1317902818,1000,1000,1000,1000,1000,1000,1000
135000,94590,634206,1340000000,8040000000,10000,60000,9965452827560,74392567,151560632,2543,1339905410,2000,1010,4108831,2679805734,2203560527,17796439473,19713098173,9946954489,53045511,20013723,103030924430,8342425300,203109,7915338,2247955500,72802855400,508312770,4015688070,3983643122,541960882,12552193500,458039118,999992395,7605,9513,72235791,927764209,5311517809,1303322300,9772,1327903520,999980939,19061,999800013,199987,1327874687,1000,1000,1000,1000,1000,1000,1000,103031038003,8342078000,211276,7605060,2247889000,72800320000,516416464,4023676714,3983284517,541261376,12551845500,458738624,999999169,831,101093,72496876,927503124,5311041924,1303424200,9957,1327779660,999987704,12296,999800093,199907,1327757407,1000,1000,1000,1000,1000,1000,1000
136000,95510,631125,1350000000,8100000000,10000,60000,9965255298043,72319327,152264685,10743,1349904490,2000,932,4076164,2699787494,2203592970,17796407030,19712798230,9944468036,55531964,20337230,103052892085,8403867600,220858,7933675,2264100500,73338408000,512665473,4045832523,4013232158,542087772,12642269100,457912228,999997953,2047,20281,65937423,934062577,5350972877,1311890300,20,1337750740,999989999,10001,999792781,207219,1337740719,1000,1000,1000,1000,1000,1000,1000,103053067818,8403525800,239612,7879258,2263737500,73335986800,520476970,4053535420,4012830296,541480457,12642035400,458519543,999997167,2833,15410,66246214,933753786,5350433786,1312028000,44,1337623360,999980174,19826,999805410,194590,1337603490,1000,1000,1000,1000,1000,1000,1000
137000,95000,635829,1360000000,8160000000,10000,60000,9965058721389,69297824,152383927,11348,1359905000,2000,532,4063999,2719787304,2203613213,17796386787,19712494487,9941657181,58342819,20679285,103075114086,8465249400,130301,7585053,2280134500,73873611600,517790699,4076735249,4042676701,542160320,12732333300,457839680,999998949,1051,100229,59990328,940009672,5390225272,1320313200,21,1347579580,999969012,30988,999811729,188271,1347548571,1000,1000,1000,1000,1000,1000,1000,103075184450,8464911000,161257,7530981,2279904200,73871207600,523791790,4082628390,4042350053,541519667,12732068100,458480333,999982236,17764,93269,60190516,939809484,5389792884,1320452000,49,1347464440,999978440,21560,999794969,205031,1347442831,1000,1000,1000,1000,1000,1000,1000
138000,97600,620899,1370000000,8220000000,10000,60000,9964863343487,65098856,151724718,2413,1369902400,2000,582,4060588,2739799974,2203669943,17796330057,19712170357,9938477372,61522628,21042646,103097113750,8526630700,183624,7395392,2296020500,74408837400,523347295,4108070795,4072173586,542288511,12822444900,457711489,999996369,3631,106658,54174272,945825728,5429557128,1328531900,38,1357406540,999977040,22960,999800158,199842,1357383542,1000,1000,1000,1000,1000,1000,1000,103097196526,8526285800,195327,7773853,2295378200,74406342800,526697024,4111307724,4071843877,541734990,12822256500,458265010,999992941,7059,18851,54333474,945666526,5429120726,1328702800,21,1357290200,999986670,13330,999787551,212449,1357276849,1000,1000,1000,1000,1000,1000,1000
139000,95810,624183,1380000000,8280000000,10000,60000,9964662344595,66516167,157133305,2501,1379904190,2000,62273,4050560,2759803378,2203716762,17796283238,19711849738,9934865600,65134400,21432178,103119206697,8587925900,182707,7478563,2311221600,74943397400,525375435,4135847035,4101573104,542435409,12912598800,457564591,999999177,823,100668,48695064,951304936,5468758036,1336507400,9280,1367212520,999981692,18308,999797768,202232,1367184932,1000,1000,1000,1000,1000,1000,1000,103119254518,8587624800,224757,7917266,2310653700,74941139200,533098409,4143466509,4101270314,541887516,12912412200,458112484,999997841,2159,6925,48761911,951238089,5468356289,1336729400,9756,1367108120,999987611,12389,999802625,197375,1367085975,1000,1000,1000,1000,1000,1000,1000
140000,95790,640362,1390000000,8340000000,10000,60000,9964465659848,63609346,158657563,10929,1389904210,2000,550,4014155,2779786562,2203744494,17796255506,19711538706,9930818705,69181295,21852767,103141312327,8649214800,148540,7395361,2326353100,75477861600,528584610,4164799110,4130979350,542562165,13002739500,457437835,999994454,5546,106489,43409839,956590161,5507969061,1344264300,9832,1377009760,999989783,10217,999796089,203911,1376989711,1000,1000,1000,1000,1000,1000,1000,103141340815,8648917600,167170,7351118,2326306000,75475664000,538445678,4174559978,4130724263,541930247,13002441900,458069753,999994942,5058,107295,43419932,956580068,5507631468,1344488200,27,1376909880,999997352,2648,999781795,218205,1376907205,1000,1000,1000,1000,1000,1000,1000
141000,92600,638562,1400000000,8400000000,10000,60000,9964263476437,66250456,166364192,1579,1399907400,2000,5285,4024194,2799811642,2203821693,17796178307,19711174407,9926217906,73782094,22307448,103163371469,8710440200,167333,7849271,2340664100,76011870800,532264511,4194201411,4160337632,542810395,13093004400,457189605,999995929,4071,7634,38444402,961555598,5547116298,1351746700,10140,1386790440,999998366,1634,999787734,212266,1386778666,1000,1000,1000,1000,1000,1000,1000,103163481441,8710117900,176884,7567429,2340767000,76009495800,543325992,4205154742,4160022960,542078185,13092639600,457921815,999998060,1940,101675,38532015,961467985,5546689685,1351975400,50,1386689560,999977215,22785,999793675,206325,1386666725,1000,1000,1000,1000,1000,1000,1000
142000,95230,645756,1410000000,8460000000,10000,60000,9964068543113,61605367,167369430,2662,1409904770,2000,502,3998747,2819804216,2203869380,17796130620,19710847420,9921038173,78961827,22803489,103185508540,8771603800,195932,7792347,2354992900,76545468400,535815849,4223457149,4189590579,542941035,13183200600,457058965,999996759,3241,18924,33958545,966041455,5586116955,1358885900,10033,1396547860,999988549,11451,999794824,205176,1396526376,1000,1000,1000,1000,1000,1000,1000,103185520707,8771315500,230581,7918604,2354859400,76543263000,548357093,4235896593,4189339899,542292906,13182906600,457707094,999981602,18398,8696,33906697,966093303,5585782803,1359153000,29,1396454120,999988813,11187,999793596,206404,1396442904,1000,1000,1000,1000,1000,1000,1000
143000,96030,637256,1420000000,8520000000,10000,60000,9963869454464,61088297,173199603,2534,1419903970,2000,57864,3979134,2839802872,2203878961,17796121039,19710550039,9915212346,84787654,23344518,103207650611,8832697200,215590,7896626,2368750000,77078516000,540540767,4253860867,4218787123,543088531,13273431600,456911469,999996198,3802,7667,29848844,970151156,5625045456,1365688900,9423,1406279880,999987876,12124,999798667,201333,1406258333,1000,1000,1000,1000,1000,1000,1000,103207765300,8832414900,142190,7540238,2369051600,77076343400,552224413,4265444013,4218554438,542369487,13273032000,457630513,999998517,1483,100030,29749692,970250308,5624732008,1365981800,42,1406199340,999978272,21728,999798130,201870,1406177570,1000,1000,1000,1000,1000,1000,1000
144000,96470,627178,1430000000,8580000000,10000,60000,9963674209767,56743519,175791018,2524,1429903530,2000,62673,3941187,2859802012,2203902086,17796097914,19710233114,9908832713,91167287,23939025,103229924941,8893736600,154511,7531068,2382536000,77611172400,544543443,4283524643,4247912021,543145516,13363585800,456854484,999999200,800,100884,26076863,973923137,5663873337,1372238000,31,1415989420,999971927,28073,999812884,187116,1415961316,1000,1000,1000,1000,1000,1000,1000,103229808572,8893475500,194348,7613446,2382610600,77609081400,556902356,4295785506,4247775258,542508962,13363237500,457491038,999998002,1998,106640,25902682,974097318,5663696718,1372457700,42,1415932380,999989122,10878,999787740,212260,1415921460,1000,1000,1000,1000,1000,1000,1000
145000,96190,626234,1440000000,8640000000,10000,60000,9963472401315,58975440,185759157,1298,1439903810,2000,6232,3916393,2879805024,2203953155,17796046845,19709899445,9901726927,98273073,24594251,103252071226,8954680700,235505,7869673,2395189800,78143256600,549618842,4314237292,4276941025,543365542,13453950900,456634458,999986619,13381,5777,22839052,977160948,5702584748,1378369300,9441,1425663020,999990144,9856,999800077,199923,1425643723,1000,1000,1000,1000,1000,1000,1000,103252059132,8954474100,142248,7836306,2395340800,78141427400,560600292,4325130242,4276860958,542746647,13453594500,457253353,999993007,6993,9060,22596502,977403498,5702480798,1378568400,10082,1425631360,999998562,1438,999794360,205640,1425619840,1000,1000,1000,1000,1000,1000,1000
146000,94640,628607,1450000000,8700000000,10000,60000,9963275452137,56358399,191573037,1226,1449905360,2000,5620,3877470,2899808268,2204007436,17795992564,19709556564,9893980370,106019630,25317538,103274436148,9015559700,130620,7798166,2407656600,78674801000,554666400,4344896500,4305914442,543512712,13544247900,456487288,999998768,1232,9756,19994114,980005886,5741212586,1384154000,106,1435318260,999979990,20010,999801356,198644,1435298144,1000,1000,1000,1000,1000,1000,1000,103274300909,9015373800,174054,7368155,2408306900,78673117200,564321173,4354469273,4305833422,542798690,13543791900,457201310,999997511,2489,111121,19793999,980206001,5741107501,1384317100,9736,1435295000,999988815,11185,999803521,196479,1435274079,1000,1000,1000,1000,1000,1000,1000
147000,96750,630673,1460000000,8760000000,10000,60000,9963077348535,54873983,199126733,11594,1459903250,2000,988,3822438,2919783312,2204045018,17795954982,19709232982,9885686482,114313518,26116794,103296689627,9076365000,224806,7683875,2419818300,79205946800,560401829,4376227879,4334758420,543651342,13634584200,456348658,999997453,2547,17211,17655391,982344609,5779671309,1389612500,118,1444932760,999980247,19753,999800011,199989,1444912889,1000,1000,1000,1000,1000,1000,1000,103296617023,9076169100,188069,7742261,2419898800,79204139000,567402910,4383140460,4334691936,543039194,13634236500,456960806,999991658,8342,3364,17458328,982541672,5779582272,1389740500,56,1444911320,999979072,20928,999803664,196336,1444890336,1000,1000,1000,1000,1000,1000,1000
148000,95620,637747,1470000000,8820000000,10000,60000,9962880523779,52139466,206116178,1451,1469904380,2000,63697,3810554,2939805858,2204112245,17795887755,19708882155,9876839946,123160054,27006104,103319008048,9137065000,224372,7591905,2431502900,79736263600,563779026,4405162376,4363537833,543703042,13724875500,456296958,999972582,27418,81640,15644007,984355993,5818049593,1394774800,127,1454514440,999997447,2553,999786540,213460,1454511760,1000,1000,1000,1000,1000,1000,1000,103318972578,9136857000,231628,7693667,2431410300,79734480400,572838280,4414136180,4363403081,543170229,13724604300,456829771,999993931,6069,17202,15602421,984397579,5817867279,1394864900,75,1454474760,999989513,10487,999797002,202998,1454464198,1000,1000,1000,1000,1000,1000,1000
149000,96270,625680,1480000000,8880000000,10000,60000,9962685708426,47390745,211500401,2346,1479903730,2000,1050,3766888,2959802768,2204173571,17795826429,19708537329,9867643232,132356768,27986000,103341655562,9197666600,129651,7806551,2442125400,80266075600,568453743,4435375143,4392060431,543947713,13815395700,456052287,999996084,3916,9371,14228940,985771060,5856079960,1399710100,9867,1464031240,999998156,1844,999804271,195729,1464019529,1000,1000,1000,1000,1000,1000,1000,103341438840,9197464000,234728,7554680,2442588300,80264216000,577167627,4443998127,4392001568,543224986,13814942700,456775014,999996942,3058,100056,14110388,985889612,5855997712,1399749900,9360,1464018640,999986864,13136,999806856,193144,1463996144,1000,1000,1000,1000,1000,1000,1000
150000,94620,626839,1490000000,8940000000,10000,60000,9962485278193,48245554,222788667,1562,1489905380,2000,6391,3720277,2979807636,2204222747,17795777253,19708207953,9858245763,141754237,29068599,103364343161,9258172100,158084,7349898,2453104300,80795448200,572484441,4464928441,4420422529,543997311,13905815400,456002689,999998626,1374,99715,13210786,986789214,5893885114,1404508000,9541,1473506900,999965226,34774,999821515,178485,1473462585,1000,1000,1000,1000,1000,1000,1000,103363977161,9257995400,220501,7552768,2453257200,80793591600,582088279,4474438329,4420504461,543360783,13905393000,456639217,999986337,13663,96454,12922393,987077607,5894005607,1404476800,9691,1473511860,999998977,1023,999794154,205846,1473501146,1000,1000,1000,1000,1000,1000,1000
151000,93920,633057,1500000000,9000000000,10000,60000,9962288752659,45161526,230385375,10292,1499906080,2000,483,3656973,2999791576,2204221885,17795778115,19707906115,9848686147,151313853,30253023,103386874758,9318615100,206959,7500326,2463402500,81324346200,577089473,4495034223,4448810626,544144185,13996314000,455855815,999981024,18976,83839,12242313,987757687,5931746887,1409174700,76,1482938180,999998157,1843,999789339,210661,1482936261,1000,1000,1000,1000,1000,1000,1000,103386774608,9318435300,139890,7430155,2463467600,81322475400,586481937,4504332237,4448801331,543514795,13995913500,456485205,999992861,7139,103066,12185535,987814465,5931730365,1409050000,137,1482943400,999985771,14229,999805666,194334,1482929034,1000,1000,1000,1000,1000,1000,1000
152000,93690,629873,1510000000,9060000000,10000,60000,9962086838241,47506013,243527387,11476,1509906310,2000,63680,3615006,3019789668,2204267054,17795732946,19707568646,9839142354,160857646,31548722,103409695892,9378927700,232360,7931517,2472845400,81852550600,581217753,4524636203,4476911021,544353235,14086967700,455646765,999974219,25781,18684,11760163,988239837,5969214237,1413771700,131,1492304720,999998627,1373,999787584,212416,1492303216,1000,1000,1000,1000,1000,1000,1000,103409516051,9378775700,223357,7975688,2472872300,81850811400,591341494,4534670244,4476924747,543747828,14086583100,456252172,999989264,10736,8036,11696589,988303411,5969231111,1413611600,9201,1492321220,999994345,5655,999811836,188164,1492306364,1000,1000,1000,1000,1000,1000,1000
153000,94940,633073,1520000000,9120000000,10000,60000,9961891481041,43296130,250084286,1524,1519905060,2000,5198,3582884,3039807072,2204329271,17795670729,19707226729,9829747696,170252304,32952968,103432764998,9439185300,211406,7494006,2482777200,82380598600,585174600,4554063850,4504822388,544429005,14177533800,455570995,999997373,2627,110568,11560680,988439320,6006423420,1418387600,156,1501620480,999980708,19292,999805768,194232,1501601032,1000,1000,1000,1000,1000,1000,1000,103432502702,9439040700,180764,7420117,2483021900,82378907800,596496229,4565297879,4504921935,543789916,14177102700,456210084,999995838,4162,107722,11389487,988610513,6006562213,1418214200,9361,1501650740,999998899,1101,999797122,202878,1501640278,1000,1000,1000,1000,1000,1000,1000
154000,96280,629805,1530000000,9180000000,10000,60000,9961695048915,40133442,257504700,2450,1529903720,2000,5692,3529218,3059802540,2204351557,17795648443,19706909443,9820631402,179368598,34473442,103455874707,9499378700,195524,7897792,2491790800,82908343000,589859935,4584209035,4532629945,544678259,14268317400,455321741,999997936,2064,5877,11392932,988607068,6043506268,1423118500,8701,1510886000,999999024,976,999804177,195823,1510876323,1000,1000,1000,1000,1000,1000,1000,103455573632,9499212400,223490,7892267,2491900600,82906485600,600901668,4595155468,4532712471,544032084,14267886900,455967916,999997158,2842,17874,11344503,988655497,6043616297,1422842000,9061,1510913880,999999007,993,999800974,199026,1510903826,1000,1000,1000,1000,1000,1000,1000
155000,94930,637637,1540000000,9240000000,10000,60000,9961495483378,40105445,267788081,10167,1539905070,2000,5256,3482230,3079789806,2204373423,17795626577,19706590277,9811904610,188095390,36105016,103479183118,9559487200,160130,7797981,2501010700,83435754400,594452187,4614250937,4560255947,544818480,14359062000,455181520,999996196,3804,10416,11446169,988553831,6080341031,1427920600,8941,1520094720,999999305,695,999804616,195384,1520085084,1000,1000,1000,1000,1000,1000,1000,103478948260,9559302100,163736,7423220,2501406000,83433809800,605405820,4625106170,4560291576,544076058,14358558000,455923942,999981290,18710,108832,11442356,988557644,6080388144,1427668800,9400,1520107840,999998128,1872,999804832,195168,1520096568,1000,1000,1000,1000,1000,1000,1000
156000,95240,624864,1550000000,9300000000,10000,60000,9961298647099,37387288,275113506,2471,1549904760,2000,62740,3452040,3099804578,2204448387,17795551613,19706232713,9803570440,196429560,37844618,103502581581,9619521300,182069,7801754,2510035800,83962873800,599406196,4644645646,4587721275,544951939,14449867800,455048061,999989489,10511,5850,11588375,988411625,6116960025,1432888100,85,1529243860,999994975,5025,999803650,196350,1529238750,1000,1000,1000,1000,1000,1000,1000,103502356528,9619327800,181840,7872852,2509993900,83960862000,609528850,4654666750,4587756208,544333897,14449458900,455666103,999998753,1247,15456,11579148,988420852,6117002352,1432642300,140,1529264060,999982224,17776,999805856,194144,1529246144,1000,1000,1000,1000,1000,1000,1000
157000,93010,619163,1560000000,9360000000,10000,60000,9961097669663,38757532,286163899,2597,1559906990,2000,551,3414781,3119808786,2204470695,17795529305,19705930905,9795698859,204301141,39690445,103526180407,9679482100,152206,7513350,2519175600,84489648200,605096781,4675764531,4615008895,545003805,14540630700,454996195,999998276,1724,104871,11811776,988188224,6153343524,1438033600,8883,1538348520,999994992,5008,999811971,188029,1538334629,1000,1000,1000,1000,1000,1000,1000,103525985070,9679287400,142972,7827177,2518831100,84487683600,613046455,4683615755,4615029279,544467901,14540322000,455532099,999992415,7585,12514,11839735,988160265,6153366465,1437783600,133,1538355040,999982279,17721,999811614,188386,1538337186,1000,1000,1000,1000,1000,1000,1000
158000,94930,636848,1570000000,9420000000,10000,60000,9960896178029,40651671,297253423,11765,1569905070,2000,542,3352642,3139786610,2204492700,17795507300,19705621900,9788386358,211613642,41635468,103549795197,9739387100,231812,8035609,2527562600,85016289400,609658570,4705753270,4642170720,545241012,14631628800,454758988,999997315,2685,8803,12028883,987971117,6189558517,1443404300,154,1547395280,999992671,7329,999809903,190097,1547387797,1000,1000,1000,1000,1000,1000,1000,103549635197,9739196700,181604,7469810,2528027400,85014359800,617611440,4713609340,4642180753,544519904,14631126000,455480096,999990671,9329,103667,12087614,987912386,6189574086,1443133200,9133,1547403220,999999246,754,999807567,192433,1547393333,1000,1000,1000,1000,1000,1000,1000
159000,96810,625361,1580000000,9480000000,10000,60000,9960700740243,36537200,301973771,1421,1579903190,2000,62413,3331833,3159803538,2204552843,17795447157,19705265057,9781576227,218423773,43680965,103573652335,9799222500,223951,7727803,2536579200,85542683400,615597786,4737112686,4669162154,545286299,14722491900,454713701,999990461,9539,103662,12309508,987690492,6225546992,1448980600,82,1556392560,999992360,7640,999807862,192138,1556384838,1000,1000,1000,1000,1000,1000,1000,103573449520,9799037600,226085,7943477,2536311700,85540790400,620779840,4742199540,4669165647,544759048,14722178100,455240952,999987183,12817,10735,12369088,987630912,6225553912,1448718200,9063,1556398180,999999148,852,999809935,190065,1556388265,1000,1000,1000,1000,1000,1000,1000
160000,93750,633391,1590000000,9540000000,10000,60000,9960500203946,37505523,311327123,1457,1589906250,2000,5233,3317814,3179809586,2204618169,17795381831,19704922331,9775317886,224682114,45821672,103597717926,9858986700,209974,8021012,2544785100,86068903000,620308175,4767241275,4695946438,545525374,14813614800,454474626,999995374,4626,7800,12724162,987275838,6261259538,1454762000,62,1565320300,999992862,7138,999807400,192600,1565313100,1000,1000,1000,1000,1000,1000,1000,103597511117,9858823600,175037,7980242,2544898700,86067069600,625281201,4772120101,4696011423,544901489,14813190900,455098511,999990507,9493,10718,12645895,987354105,6261342305,1454543800,141,1565349800,999981223,18777,999814918,185082,1565330882,1000,1000,1000,1000,1000,1000,1000
161000,93120,623368,1600000000,9600000000,10000,60000,9960298532887,39588002,321394870,2411,1599906880,2000,5288,3276930,3199808938,2204657789,17795342211,19704604011,9769520290,230479710,48050228,103621921043,9918764900,144476,7865452,2553485000,86595278600,624335751,4796695051,4722663169,545668827,14904657300,454331173,999999100,900,11273,13030104,986969896,6296881196,1460761000,8965,1574236080,999990912,9088,999828273,171727,1574218027,1000,1000,1000,1000,1000,1000,1000,103621622750,9918557900,180373,7660710,2553767700,86593179000,630422343,4802676293,4722706978,544945140,14904155700,455054860,999985481,14519,97541,12997663,987002337,6296942237,1460518000,9240,1574245700,999998799,1201,999814741,185259,1574235259,1000,1000,1000,1000,1000,1000,1000
162000,94520,629930,1610000000,9660000000,10000,60000,9960101295333,37226481,326565914,2585,1609905480,2000,513,3237943,3219805790,2204676814,17795323186,19704298386,9764252877,235747123,50354367,103646074026,9978452000,217926,7944121,2562070100,87121291200,628822458,4826596658,4749277119,545807447,14995740600,454192553,999998231,1769,10684,13309265,986690735,6332362935,1466972600,73,1583105560,999980329,19671,999817784,182216,1583085816,1000,1000,1000,1000,1000,1000,1000,103645836669,9978241100,203249,8153590,2561860100,87119123800,635107799,4832772899,4749293027,545181489,14995338900,454818511,999983295,16705,6706,13297479,986702521,6332390121,1466731700,9081,1583107920,999998255,1745,999813806,186194,1583097094,1000,1000,1000,1000,1000,1000,1000
163000,95180,632817,1620000000,9720000000,10000,60000,9959904087563,34861905,331378528,2646,1619904820,2000,5753,3222875,3239804348,2204723168,17795276832,19703956732,9759440745,240559255,52734493,103670444116,10038106500,187871,7549536,2570949600,87647263400,632799723,4855990373,4775752494,545859729,15086792400,454140271,999976458,23542,83829,13607835,986392165,6367669265,1473379000,148,1591919100,999997819,2181,999808429,191571,1591916771,1000,1000,1000,1000,1000,1000,1000,103670223773,10037900500,191848,8045621,2570445000,87645128200,640288107,4863371057,4775753500,545333994,15086468700,454666006,999996001,3999,15007,13629107,986370893,6367670593,1473131600,8566,1591927880,999997779,2221,999817507,182493,1591917093,1000,1000,1000,1000,1000,1000,1000
164000,95390,631581,1630000000,9780000000,10000,60000,9959707436217,31902519,335155385,11635,1629904610,2000,536,3174916,3259785950,2204732536,17795267464,19703657364,9755106184,244893816,55184134,103694947852,10097717600,176971,7844776,2579102800,88173102400,636888805,4885493005,4802093146,546105524,15178048800,453894476,999996565,3435,5541,13932895,986067105,6402788005,1479978300,72,1600703500,999991431,8569,999814341,185659,1600694859,1000,1000,1000,1000,1000,1000,1000,103694747060,10097522500,149587,7680218,2579278300,88170999400,645377728,4893874878,4802122380,545386981,15177549300,454613019,999997230,2770,105849,13914469,986085531,6402821931,1479729700,122,1600723400,999976273,23727,999828649,171351,1600699551,1000,1000,1000,1000,1000,1000,1000
165000,95430,622430,1640000000,9840000000,10000,60000,9959508642248,31130969,340785075,11107,1639904570,2000,62260,3154780,3279786926,2204791517,17795208483,19703308683,9751203900,248796100,57703226,103719462923,10157276700,210207,7695456,2587771800,88698727800,641147413,4915158313,4828352739,546154678,15269179800,453845322,999966388,33612,77710,14195971,985804029,6437802629,1486768300,61,1609453020,999996931,3069,999805010,194990,1609449890,1000,1000,1000,1000,1000,1000,1000,103719194680,10157119600,217113,7701450,2587862500,88696903200,650240497,4924156997,4828423968,545531593,15268752600,454468407,999981824,18176,84031,14129063,985870937,6437898037,1486519300,70,1609475900,999998239,1761,999812531,187469,1609474069,1000,1000,1000,1000,1000,1000,1000
166000,92970,614857,1650000000,9900000000,10000,60000,9959307789449,32405029,348193629,10500,1649907030,2000,62224,3140240,3299793060,2204830778,17795169222,19702972022,9747633500,252366500,60281860,103744147419,10216841100,215153,7974074,2595936700,89224498200,646755531,4946181531,4854505365,546397638,15360491100,453602362,999997262,2738,7924,14482859,985517141,6472668841,1493711200,67,1618178480,999985063,14937,999825624,174376,1618163476,1000,1000,1000,1000,1000,1000,1000,103743945064,10216634500,187704,7687197,2596179400,89222406600,653820288,4953141388,4854532669,545686079,15360000600,454313921,999997435,2565,100256,14513587,985486413,6472702813,1493433500,99,1618192480,999977763,22237,999822156,177844,1618170144,1000,1000,1000,1000,1000,1000,1000
167000,95540,628961,1660000000,9960000000,10000,60000,9959109168077,31434888,352907418,11538,1659904460,2000,62955,3107986,3319785844,2204869765,17795130235,19702653335,9744558134,255441866,62922678,103768955699,10276309400,176939,7750164,2604507600,89749809200,652368407,4977192807,4880534831,546446244,15451679700,453553756,999998890,1110,100446,14776015,985223985,6507373885,1500838300,117,1626856840,999982331,17669,999821546,178454,1626839054,1000,1000,1000,1000,1000,1000,1000,103768709449,10276170800,141759,7771091,2604597500,89748058400,657382977,4982115277,4880632428,545814968,15451249800,454185032,999989104,10896,103236,14671508,985328492,6507503892,1500583000,8840,1626898340,999981964,18036,999834736,165264,1626871464,1000,1000,1000,1000,1000,1000,1000
168000,96920,611025,1670000000,10020000000,10000,60000,9958907785936,33237970,360183512,1419,1669903080,2000,61621,3114620,3339803322,2204920406,17795079594,19702316294,9741777700,258222300,65608622,103793828315,10335805300,154849,7664405,2613016600,90275456200,657570027,5007810377,4906510484,546593295,15542978400,453406705,999999683,317,100488,14993904,985006096,6542009996,1508152200,8600,1635520060,999988052,11948,999825088,174912,1635499512,1000,1000,1000,1000,1000,1000,1000,103793482438,10335648700,161920,8154843,2612669400,90273563000,661375377,5011516977,4906653189,546050149,15542629800,453949851,999985935,14065,4986,14897697,985102303,6542199803,1507820200,59,1635560020,999986653,13347,999818886,181114,1635546614,1000,1000,1000,1000,1000,1000,1000
169000,93540,637519,1680000000,10080000000,10000,60000,9958711604682,29854023,361973657,2574,1679906460,2000,460,3098662,3359807772,2204970905,17795029095,19701967095,9739325298,260674702,68346270,103818715637,10395276600,156634,7967981,2621186600,90801045200,663382406,5039038156,4932441664,546821296,15634383000,453178704,999982353,17647,6257,15158793,984841207,6576588407,1515599200,8562,1644156740,999998565,1435,999818357,181643,1644146743,1000,1000,1000,1000,1000,1000,1000,103818304738,10395131000,229370,7622742,2621676000,90799218000,664764115,5040323865,4932588208,546103086,15633833700,453896914,999995322,4678,109036,15136728,984863272,6576783672,1515187600,8820,1644206100,999998184,1816,999816036,183964,1644195464,1000,1000,1000,1000,1000,1000,1000
170000,94850,641855,1690000000,10140000000,10000,60000,9958508949596,32928606,369968766,2525,1689905150,2000,998,3087810,3379805250,2205025902,17794974098,19701630598,9737172690,262827310,71125040,103843656516,10454712800,231132,7787458,2629820600,91326427200,668427607,5069490207,4958264722,546880476,15725646900,453119524,999993992,6008,100316,15395494,984604506,6611010906,1523131200,66,1652772420,999973830,26170,999841416,158584,1652746184,1000,1000,1000,1000,1000,1000,1000,103843282247,10454565000,233949,7687211,2630006800,91324671600,668895590,5069866940,4958429614,546254996,15725208300,453745004,999978628,21372,80332,15359918,984640082,6611238782,1522721700,8702,1652819980,999997890,2110,999813132,186868,1652809168,1000,1000,1000,1000,1000,1000,1000
171000,94300,615438,1700000000,10200000000,10000,60000,9958311343781,30925926,372606397,10416,1699905700,2000,5599,3058303,3399790568,2205036407,17794963593,19701326693,9735326417,264673583,73948585,103868690032,10514133900,183516,7766266,2638288400,91851823000,674379046,5100851246,4984083126,547029950,15816987600,452970050,999998866,1134,102316,15506090,984493910,6645440410,1530808400,8682,1661377240,999988726,11274,999832216,167784,1661357284,1000,1000,1000,1000,1000,1000,1000,103868386691,10513969800,171980,8031709,2637967000,91849942000,672152567,5098527717,4984193546,546491242,15816650400,453508758,999996199,3801,8457,15579711,984420289,6645591089,1530360000,7980,1661406440,999999083,917,999821957,178043,1661397543,1000,1000,1000,1000,1000,1000,1000
172000,95050,628427,1710000000,10260000000,10000,60000,9958113465206,29230110,375401635,1455,1709904950,2000,5721,3065135,3419806990,2205072916,17794927084,19700990784,9733700465,266299535,76806855,103893816739,10573532400,152991,7946752,2646433100,92377230400,678856128,5130741478,5009819311,547268485,15908456400,452731515,999994795,5205,11110,15724599,984275401,6679753301,1538531100,129,1669951460,999982659,17341,999827710,172290,1669933990,1000,1000,1000,1000,1000,1000,1000,103893498809,10573373700,158843,7906471,2646518600,92375377000,676835024,5128624374,5009922872,546623108,15908019000,453376892,999990992,9008,19384,15717312,984282688,6679896888,1538169500,8700,1669983540,999999176,824,999820984,179016,1669974016,1000,1000,1000,1000,1000,1000,1000
173000,96670,635713,1720000000,10320000000,10000,60000,9957914319804,28771630,379158995,11789,1719903330,2000,63403,3025583,3439783082,2205085434,17794914566,19700678866,9732347777,267652223,79709559,103918917167,10632905100,207783,8010548,2654787000,92902486200,683508198,5160800448,5035476555,547407667,15999854400,452592333,999995217,4783,16750,15913195,984086805,6713963405,1546387300,105,1678502960,999983995,16005,999833750,166250,1678486850,1000,1000,1000,1000,1000,1000,1000,103918604426,10632752900,185991,8018493,2654850900,92900669800,681302686,5158500436,5035607161,546790023,15999425700,453209977,999994162,5838,10639,15861578,984138422,6714142522,1546034000,8541,1678544980,999998922,1078,999822039,177961,1678535361,1000,1000,1000,1000,1000,1000,1000
174000,94840,635503,1730000000,10380000000,10000,60000,9957713413220,30118589,384614363,1343,1729905160,2000,5675,3036540,3459807634,2205148209,17794851791,19700328691,9731177260,268822740,82636494,103944157594,10692269000,170770,7632300,2663539000,93427778800,688428005,5191130555,5061104318,547473500,16091186100,452526500,999998688,1312,99988,16052070,983947930,6748130230,1554358900,106,1687052600,999973418,26582,999837988,162012,1687025912,1000,1000,1000,1000,1000,1000,1000,103943799746,10692093800,226843,8187114,2663053700,93425782800,685628567,5188228267,5061189534,546936507,16090858800,453063493,999998970,1030,10763,16068029,983931971,6748247471,1553989500,8340,1687082000,999984277,15723,999836463,163537,1687057937,1000,1000,1000,1000,1000,1000,1000
175000,94580,634833,1740000000,10440000000,10000,60000,9957511495251,32440377,390810120,1510,1739905420,2000,584,3028823,3479807820,2205184928,17794815072,19700007572,9730243617,269756383,85584537,103969365187,10751607400,142191,7984976,2671588400,93952942800,692260517,5220368517,5086726931,547702728,16182684000,452297272,999998454,1546,16126,16156095,983843905,6782296805,1562371700,97,1695587280,999982691,17309,999821526,178474,1695569874,1000,1000,1000,1000,1000,1000,1000,103969018172,10751449500,195716,7787767,2671925200,93951129400,690981666,5218996066,5086817667,546985860,16182198300,453014140,999981956,18044,83196,16089929,983910071,6782422971,1562095200,121,1695607180,999998245,1755,999815396,184604,1695605304,1000,1000,1000,1000,1000,1000,1000
176000,94760,628406,1750000000,10500000000,10000,60000,9957315033755,29302543,391410054,11694,1749905240,2000,584,3002619,3499787092,2205203598,17794796402,19699690902,9729461721,270538279,88566613,103994614532,10810980200,145151,7500721,2680509600,94478394800,697068293,5250595443,5112305211,547769108,16274026200,452230892,999999369,631,100261,16250750,983749250,6816403750,1570473900,7787,1704115920,999990406,9594,999827361,172639,1704098539,1000,1000,1000,1000,1000,1000,1000,103994377325,10810752900,187363,8049475,2679892600,94476211400,695356467,5248775567,5112276468,547219099,16273745700,452780901,999994195,5805,10596,16347228,983652772,6816367972,1570208300,8480,1704101940,999998044,1956,999823196,176804,1704091504,1000,1000,1000,1000,1000,1000,1000
177000,94310,619539,1760000000,10560000000,10000,60000,9957116602806,28186699,393995650,1325,1759905690,2000,5728,3022421,3519808730,2205282805,17794717195,19699322195,9728789339,271210661,91575869,104019859513,10870273300,217332,7786407,2688636700,95003385000,700779634,5279707034,5137782210,547930615,16365513900,452069385,999993130,6870,74815,16398505,983601495,6850375195,1578662600,8040,1712604280,999996745,3255,999825515,174485,1712592985,1000,1000,1000,1000,1000,1000,1000,104019735588,10870093800,182996,7897346,2688353000,95001565200,700831599,5279667699,5137767318,547374668,16365219000,452625332,999994696,5304,2728,16538810,983461190,6850352190,1578359600,8586,1712606160,999987298,12702,999836728,163272,1712584872,1000,1000,1000,1000,1000,1000,1000
178000,92800,624489,1770000000,10620000000,10000,60000,9956917084250,28125368,397450444,11083,1769907200,2000,984,2983042,3539792234,2205323618,17794676382,19698987082,9728262498,271737502,94604532,104045279108,10929566300,132053,8154360,2696536000,95528346200,705881020,5310206870,5163252514,548147499,16457046300,451852501,999998486,1514,10587,16542373,983457627,6884333027,1586861700,9192,1721100680,999989025,10975,999834087,165913,1721080513,1000,1000,1000,1000,1000,1000,1000,104045036575,10929408900,190569,7923437,2696751100,95526716200,704924007,5309167657,5163270136,547517185,16456667400,452482815,999998933,1067,11448,16620012,983379988,6884357188,1586588500,7948,1721103980,999991020,8980,999834548,165452,1721087052,1000,1000,1000,1000,1000,1000,1000
179000,97160,633081,1780000000,10680000000,10000,60000,9956718383952,27234491,399867861,11771,1779902840,2000,517,2985832,3559782138,2205357343,17794642657,19698665057,9728013888,271986112,97661426,104070543052,10988850600,215855,8220042,2704937800,96053421200,708394362,5338126862,5188708676,548277151,16548518700,451722849,999981720,18280,7269,16628693,983371307,6918277707,1595173000,66,1729570680,999998417,1583,999816569,183431,1729569031,1000,1000,1000,1000,1000,1000,1000,104070466422,10988647300,162208,8179279,2704823300,96051448200,711604940,5341239540,5188658481,547658512,16548158700,452341488,999999222,778,15610,16723829,983276171,6918205671,1594961600,99,1729564200,999983089,16911,999830910,169090,1729547190,1000,1000,1000,1000,1000,1000,1000
180000,95910,631848,1790000000,10740000000,10000,60000,9956516196085,29870688,405755474,2533,1789904090,2000,5689,2988872,3579803114,2205439173,17794560827,19698299627,9727839928,272160072,100735842,104096056357,11048164400,178876,8053334,2713386900,96578723200,712271642,5367421292,5214078269,548435919,16640022900,451564081,999998530,1470,9511,16781642,983218358,6952099958,1603552600,8109,1738043000,999986798,13202,999843411,156589,1738021689,1000,1000,1000,1000,1000,1000,1000,104095825118,11047929600,182396,8197761,2713239500,96576541600,716898521,5371941171,5214079603,547795178,16639639200,452204822,999994916,5084,14038,16780535,983219465,6952105865,1603354600,8321,1738035400,999999183,817,999818038,181962,1738026262,1000,1000,1000,1000,1000,1000,1000
181000,97490,615044,1800000000,10800000000,10000,60000,9956320449745,26051361,405055882,2384,1799902510,2000,504,2979869,3599800252,2205494806,17794505194,19697949094,9727806231,272193769,103830883,104121558918,11107412900,138427,7785126,2721938500,97103606600,716590600,5397139400,5239427694,548483614,16731441000,451516386,999992029,7971,104215,16908421,983091579,6985894779,1611979100,96,1746493620,999973561,26439,999848215,151785,1746467085,1000,1000,1000,1000,1000,1000,1000,104121297457,11107205200,154895,8187459,2721606100,97101637600,721793352,5402245052,5239463868,547945936,16731145800,452054064,999993320,6680,7684,16857216,983142784,6985947884,1611796500,44,1746495880,999988180,11820,999817784,182216,1746484016,1000,1000,1000,1000,1000,1000,1000
182000,94200,625815,1810000000,10860000000,10000,60000,9956118594217,28322606,410268080,10739,1809905800,2000,62849,2959652,3619790122,2205541623,17794458377,19697621777,9727947688,272052312,106933510,104146938332,11166675100,204035,8064938,2730114900,97628707800,720819266,5426779116,5264780892,548708313,16823023800,451291687,999995002,4998,15389,16961797,983038203,7019707003,1620495500,8930,1754937600,999997441,2559,999829289,170711,1754926111,1000,1000,1000,1000,1000,1000,1000,104146720469,11166509900,195154,7786274,2730484700,97626927000,726663020,5432532220,5264833301,548003952,16822554300,451996048,999996593,3407,100541,16883540,983116460,7019774560,1620308800,8577,1754959360,999990476,9524,999830241,169759,1754941259,1000,1000,1000,1000,1000,1000,1000
183000,94940,615337,1820000000,10920000000,10000,60000,9955916101437,31203499,416080554,10797,1819905060,2000,61761,2956229,3639788526,2205556836,17794443164,19697318164,9728126391,271873609,110047217,104172495270,11225924400,178673,7710246,2738757900,98153709600,726236623,5457602923,5290074334,548771150,16914469500,451228850,999998631,1369,100181,17087647,982912353,7053427553,1629025600,9224,1763377120,999985323,14677,999838581,161419,1763353219,1000,1000,1000,1000,1000,1000,1000,104172183548,11225788400,183538,8077211,2738622800,98152087200,730438079,5461719979,5290206375,548230118,16914140700,451769882,999991880,8120,14062,16891487,983108513,7053605613,1628842100,61,1763407960,999991339,8661,999825362,174638,1763399238,1000,1000,1000,1000,1000,1000,1000
184000,95260,639083,1830000000,10980000000,10000,60000,9955718641953,29107065,416881078,1249,1829904740,2000,959,2974631,3659806982,2205624818,17794375182,19696961382,9728376509,271623491,113175891,104197962727,11285152600,186220,8230016,2746647400,98678560400,732367157,5489133107,5315390325,548998332,17006077500,451001668,999987381,12619,6649,17109924,982890076,7087184976,1637616300,97,1771801120,999993628,6372,999826049,173951,1771794651,1000,1000,1000,1000,1000,1000,1000,104197641499,11285057500,213221,7725614,2747395400,98677231000,733532101,5490226851,5315537393,548293321,17005579200,451706679,999983461,16539,86340,16947547,983052453,7087382653,1637391300,8467,1771855340,999998387,1613,999822740,177260,1771845260,1000,1000,1000,1000,1000,1000,1000
185000,96140,629088,1840000000,11040000000,10000,60000,9955522819658,25339844,415802431,11526,1839903860,2000,63308,2944719,3679784668,2205660902,17794339098,19696632098,9728796921,271203079,116314789,104223480955,11344399100,192854,8193743,2755128500,99203626200,738051567,5520228317,5340681552,549144937,17097596700,450855063,999996840,3160,13703,17106551,982893449,7120908449,1646292900,8182,1780235940,999999139,861,999818703,181297,1780226897,1000,1000,1000,1000,1000,1000,1000,104223144969,11344312300,220003,7701327,2755814500,99202263000,736976887,5519079287,5340849728,548435262,17097083100,451564738,999997786,2214,107724,16993396,983006604,7121130004,1645973900,44,1780289220,999991100,8900,999827224,172776,1780280276,1000,1000,1000,1000,1000,1000,1000
186000,93870,623252,1850000000,11100000000,10000,60000,9955315686874,32928521,426205615,1509,1849906130,2000,63130,2965852,3699809242,2205737295,17794262705,19696251805,9729152488,270847512,119463730,104249087852,11403669900,196530,7765065,2763873100,99728835000,741886975,5549480425,5365933969,549211382,17189065800,450788618,999999676,324,100394,17223425,982776575,7154568475,1654912000,103,1788665060,999969549,30451,999848494,151506,1788634506,1000,1000,1000,1000,1000,1000,1000,104248763498,11403545100,152623,8075140,2763698300,99727213400,742325493,5549833193,5366105824,548684466,17188726200,451315534,999991473,8527,5807,17093783,982906217,7154805917,1654586000,8962,1788714600,999994455,5545,999829607,170393,1788700093,1000,1000,1000,1000,1000,1000,1000
187000,95150,630727,1860000000,11160000000,10000,60000,9955120802234,28234547,424182099,11290,1859904850,2000,5806,2950632,3719787120,2205790781,17794209219,19695913519,9729623388,270376612,122620308,104274706453,11462876500,165202,7753087,2772140100,100253683400,745917747,5578913397,5391138530,549350920,17280617700,450649080,999998305,1695,103385,17338655,982661345,7188178745,1663588700,8540,1797066640,999982115,17885,999844985,155015,1797040215,1000,1000,1000,1000,1000,1000,1000,104274244622,11462786600,146755,7809904,2772403600,100252213200,747535070,5580450070,5391442568,548737927,17280170400,451262073,999969686,30314,71459,17082791,982917209,7188589109,1663201500,54,1797149540,999997055,2945,999810059,189941,1797146541,1000,1000,1000,1000,1000,1000,1000
188000,95170,628879,1870000000,11220000000,10000,60000,9954921350090,28094092,426633096,11433,1869904830,2000,63677,2937210,3739786794,2205831182,17794168818,19695587918,9730191690,269808310,125793484,104300236343,11522100500,180508,8032545,2780284000,100778701800,751650193,5610056493,5416398114,549579704,17372242200,450420296,999994621,5379,13817,17339703,982660297,7221863697,1672321300,8792,1805475740,999998635,1365,999822317,177683,1805465583,1000,1000,1000,1000,1000,1000,1000,104299775339,11522056000,223061,7660121,2780973100,100777428000,750918701,5609250951,5416683400,548880904,17371689900,451119096,999999604,396,100700,17170200,982829800,7222239100,1671863700,8360,1805580360,999983700,16300,999835800,164200,1805555700,1000,1000,1000,1000,1000,1000,1000
189000,95230,631636,1880000000,11280000000,10000,60000,9954724756015,25105434,426222234,11041,1879904770,2000,63216,2938342,3759787458,2205873949,17794126051,19695254451,9730793378,269206622,128971836,104325860797,11581332300,168726,8141298,2788526400,101303673400,756245251,5640058301,5441616273,549735010,17463807900,450264990,999996951,3049,4441,17385668,982614332,7255482132,1681052100,85,1813884640,999981304,18696,999840341,159659,1813865859,1000,1000,1000,1000,1000,1000,1000,104325372817,11581287400,150938,8004319,2788970100,101302378000,755509147,5639246847,5441953126,549111085,17463307500,450888915,999996170,3830,14185,17169159,982830841,7255937341,1680556900,7944,1813992640,999999519,481,999827785,172215,1813984215,1000,1000,1000,1000,1000,1000,1000
190000,96860,644082,1890000000,11340000000,10000,60000,9954523545464,26758845,430423906,1342,1889903140,2000,59101,2947465,3779803596,2205947209,17794052791,19694892691,9731431655,268568345,132149251,104351439021,11640568600,158125,8039471,2797054400,101828749200,761857208,5671082958,5466863788,549878046,17555338800,450121954,999999128,872,13082,17366694,982633306,7289148906,1689818800,8888,1822302440,999991566,8434,999831982,168018,1822285118,1000,1000,1000,1000,1000,1000,1000,104350955793,11640505700,184026,8112472,2797226800,101827312200,759070059,5668213859,5467170179,549256842,17554877700,450743158,999994115,5885,5373,17249194,982750806,7289553106,1689267200,115,1822404440,999978602,21398,999835173,164827,1822382927,1000,1000,1000,1000,1000,1000,1000
191000,96300,621696,1900000000,11400000000,10000,60000,9954323484058,27225787,433348011,9981,1899903700,2000,5653,2929086,3799787438,2205974545,17794025455,19694567955,9732146394,267853606,135339532,104376933233,11699803400,213803,7817427,2805812900,102353786000,766047004,5700683204,5492127596,549945086,17646797700,450054914,999995898,4102,89812,17301416,982698584,7322836384,1698603600,7920,1830717940,999998768,1232,999822212,177788,1830708788,1000,1000,1000,1000,1000,1000,1000,104376561491,11699700600,148808,7772522,2805873900,102352090000,764146397,5698689447,5492385367,549308069,17646325800,450691931,999997402,2598,107833,17303266,982696734,7323177634,1697990700,47,1830800880,999991434,8566,999822233,177767,1830792267,1000,1000,1000,1000,1000,1000,1000
192000,93300,632933,1910000000,11460000000,10000,60000,9954121866200,29261047,437864459,11634,1909906700,2000,5038,2940780,3819790132,2206008947,17793991053,19694233853,9732874300,267125700,138536932,104402654408,11758990600,155506,7857472,2813979400,102878525200,768728043,5728762043,5517271664,550086388,17738364300,449913612,999999126,874,102338,17426274,982573726,7356358026,1707361100,8700,1839107640,999987422,12578,999836238,163762,1839086362,1000,1000,1000,1000,1000,1000,1000,104402157362,11758926700,141824,8096590,2813942300,102877111800,770646336,5730599986,5517610748,549518977,17737966800,450481023,999967439,32561,16062,17307714,982692286,7356813786,1706766400,108,1839204780,999998366,1634,999816362,183638,1839203038,1000,1000,1000,1000,1000,1000,1000
193000,95780,619994,1920000000,11520000000,10000,60000,9953922512251,29039803,440065196,2610,1919904220,2000,5683,2949573,3839803220,2206059354,17793940646,19693890346,9733665987,266334013,141741807,104428216836,11818231000,216569,8158255,2822125000,103403675600,771513364,5756964214,5542479961,550328103,17830015200,449671897,999998438,1562,9035,17442074,982557926,7389969726,1716160600,8329,1847508760,999989334,10666,999839535,160465,1847489765,1000,1000,1000,1000,1000,1000,1000,104427826383,11818143900,163720,7809197,2822550800,103402070200,777048709,5762410109,5542750198,549605464,17829462300,450394536,999997265,2735,103401,17406803,982593197,7390328097,1715566800,8680,1847603080,999983499,16501,999843201,156799,1847577899,1000,1000,1000,1000,1000,1000,1000
194000,95300,633844,1930000000,11580000000,10000,60000,9953727499846,24471485,437877537,10728,1929904700,2000,63548,2927908,3859787944,2206114631,17793885369,19693555369,9734481272,265518728,144959416,104453914626,11877427300,162449,8036471,2830487900,103928575400,776294432,5787151982,5567657407,550472208,17921585700,449527792,999996633,3367,6125,17536218,982463782,7423537082,1724929600,83,1855898140,999981618,18382,999832525,167475,1855879675,1000,1000,1000,1000,1000,1000,1000,104453408142,11877357800,156354,7890953,2830910200,103926992400,781383326,5792150626,5567983151,549744951,17921010300,450255049,999997783,2217,101132,17357681,982642319,7423973519,1724380200,65,1856002480,999987953,12047,999832832,167168,1855990368,1000,1000,1000,1000,1000,1000,1000
195000,95430,626944,1940000000,11640000000,10000,60000,9953524779489,27633576,443411185,1564,1939904570,2000,57416,2947897,3879806012,2206184865,17793815135,19693198535,9735344723,264655277,148174435,104479438057,11936642900,219010,7854369,2839207800,104453542600,781671251,5817937301,5592878488,550525320,18013060200,449474680,999976309,23691,76989,17451401,982548599,7457170499,1733799400,94,1864294560,999997545,2455,999818789,181211,1864292011,1000,1000,1000,1000,1000,1000,1000,104479067875,11936566100,162916,8129823,2838967000,104451992200,785199589,5821378339,5593140884,549979264,18012678600,450020736,999993361,6639,4697,17455213,982544787,7457516787,1733176900,42,1864389120,999986825,13175,999832697,167303,1864375903,1000,1000,1000,1000,1000,1000,1000
196000,93690,630584,1950000000,11700000000,10000,60000,9953324853446,27988430,446067831,11688,1949906310,2000,537,2926757,3899789244,2206243576,17793756424,19692855124,9736237903,263762097,151390547,104505136362,11995835700,158947,7872919,2847526100,104978333800,785598740,5847265140,5618040875,550638680,18104600700,449361320,999975883,24117,107303,17450028,982549972,7490720372,1742659500,8219,1872690100,999997616,2384,999823403,176597,1872679497,1000,1000,1000,1000,1000,1000,1000,104504677760,11995780400,184832,7649680,2847806100,104976999200,790513839,5852103739,5618318472,550028248,18104143500,449971752,999996312,3688,99264,17510892,982489108,7491091208,1741977100,8840,1872781840,999999736,264,999827864,172136,1872772736,1000,1000,1000,1000,1000,1000,1000
197000,95560,632876,1960000000,11760000000,10000,60000,9953124071458,29177889,449580796,10772,1959904440,2000,63461,2928071,3919787336,2206274447,17793725553,19692529153,9737131829,262868171,154606665,104530799676,12055064500,148375,7974587,2855750900,105503478600,789377252,5876461602,5643223269,550893489,18196251900,449106511,999996406,3594,19517,17498448,982501552,7524297152,1751477300,57,1881075560,999998380,1620,999821917,178083,1881073883,1000,1000,1000,1000,1000,1000,1000,104530341907,12054985200,148123,8061321,2855781000,105501900000,795846461,5882842061,5643511768,550262337,18195794700,449737663,999996647,3353,14110,17482842,982517158,7524679158,1750835200,52,1881177040,999990402,9598,999826610,173390,1881167390,1000,1000,1000,1000,1000,1000,1000
198000,95220,632394,1970000000,11820000000,10000,60000,9952922882114,30791362,453623558,1410,1969904780,2000,1021,2939356,3939806740,2206317376,17793682624,19692183524,9737929344,262070656,157822184,104556462888,12114270900,133343,7943702,2864085100,106028421000,794378645,5906871095,5668399016,551045293,18287828100,448954707,999995070,4930,16177,17577161,982422839,7557862239,1760259500,50,1889472620,999990653,9347,999822777,177223,1889463223,1000,1000,1000,1000,1000,1000,1000,104555895847,12114182100,231334,8265696,2864026300,106026721800,800098140,5912495490,5668684809,550411338,18287358900,449588662,999999065,935,20427,17511918,982488082,7558240982,1759654400,117,1889572580,999983710,16290,999831227,168773,1889556173,1000,1000,1000,1000,1000,1000,1000
199000,94700,637096,1980000000,11880000000,10000,60000,9952731440171,22647953,447867475,2456,1979905300,2000,527,2937634,3959805688,2206359824,17793640176,19691850076,9738764886,261235114,161046774,104581995567,12173443900,225328,8007173,2872448000,106553071800,798817101,5936703601,5693555010,551110498,18379333200,448889502,999979763,20237,81365,17623155,982376845,7591406045,1769072900,60,1897853000,999998095,1905,999819865,180135,1897851035,1000,1000,1000,1000,1000,1000,1000,104581584951,12173427400,201345,7602209,2872980400,106551972400,804838926,5942658776,5693862616,550474849,18378842400,449525151,999999181,819,102332,17587016,982412984,7591814084,1768450900,8600,1897968280,999991788,8212,999836232,163768,1897951468,1000,1000,1000,1000,1000,1000,1000
200000,94480,631308,1990000000,11940000000,10000,60000,9952529090885,25385845,452852245,10383,1989905520,2000,5204,2927426,3979790274,2206380630,17793619370,19691540370,9739733794,260266206,164272768,104607722294,12232661600,180052,8183006,2880596500,107078114400,802920038,5966219488,5718706116,551338044,18470979900,448661956,999991126,8874,9682,17641666,982358334,7624938634,1777955900,40,1906241120,999991438,8562,999830182,169818,1906232518,1000,1000,1000,1000,1000,1000,1000,104607183825,12232601600,232394,8186315,2880782400,107076683200,809926500,5973144000,5719020434,550706510,18470510100,449293490,999994883,5117,10773,17612639,982387361,7625360361,1777295400,8380,1906348960,999999347,653,999826673,173327,1906339927,1000,1000,1000,1000,1000,1000,1000
201000,93630,625508,2000000000,12000000000,10000,60000,9952329450468,25451858,455095995,2476,1999906370,2000,63606,2939449,3999807788,2206441526,17793558474,19691190474,9740801631,259198369,167506319,104633420580,12291864500,158853,7774056,2889365000,107603128200,806539018,5995251468,5743848194,551408773,18562485300,448591227,999993884,6116,83611,17637117,982362883,7658463683,1786884500,104,1914617320,999998273,1727,999824111,175889,1914615489,1000,1000,1000,1000,1000,1000,1000,104632929548,12291827100,141216,8130832,2889205200,107601751800,815428318,6004059418,5744198004,550859020,18562083600,449140980,999997908,2092,8388,17549884,982450116,7658928816,1786218600,8320,1914744700,999994432,5568,999834088,165912,1914730812,1000,1000,1000,1000,1000,1000,1000
202000,94790,624512,2010000000,12060000000,10000,60000,9952130543721,24756252,456651159,9820,2009905210,2000,5166,2924327,4019790780,2206457573,17793542427,19690876027,9741773573,258226427,170744153,104659107791,12351049500,168591,8154831,2897315500,108127951800,809618203,6023734003,5768964854,551635606,18654146100,448364394,999997900,2100,12994,17701740,982298260,7691950260,1795761700,9438,1923003480,999991364,8636,999832494,167506,1922985406,1000,1000,1000,1000,1000,1000,1000,104658549333,12351004100,190150,7762785,2897911700,108126561800,821601719,6035636319,5769331076,550906630,18653565300,449093370,999994891,5109,103961,17634485,982365515,7692441315,1795058500,8222,1923118820,999999641,359,999824661,175339,1923110239,1000,1000,1000,1000,1000,1000,1000
203000,94130,631899,2020000000,12120000000,10000,60000,9951925709061,30027187,464161269,1557,2019905870,2000,962,2927456,4039808626,2206527448,17793472552,19690520952,9742764544,257235456,173971170,104684666140,12410267600,203425,8277240,2905734200,108652916800,814401887,6053925737,5794181070,551771295,18745690200,448228705,999993450,6550,19155,17594885,982405115,7725574115,1804658800,7920,1931402900,999998065,1935,999826855,173145,1931393045,1000,1000,1000,1000,1000,1000,1000,104684254819,12410213600,150196,7623920,2906390800,108651582400,825994202,6065441402,5794492629,551021775,18745134000,448978225,999976780,23220,109605,17642576,982357424,7725989424,1803943200,8061,1931507100,999997756,2244,999822405,177595,1931496795,1000,1000,1000,1000,1000,1000,1000
204000,96490,624235,2030000000,12180000000,10000,60000,9951727483656,28656673,464984867,2563,2029903510,2000,62574,2918400,4059801894,2206563629,17793436371,19690198271,9743787280,256212720,177197074,104710395713,12469527000,146946,7900499,2914452600,109178295600,819379408,6084332008,5819373526,551927911,18837263100,448072089,999996864,3136,8853,17591727,982408273,7759161373,1813530300,48,1939797880,999990015,9985,999833953,166047,1939787847,1000,1000,1000,1000,1000,1000,1000,104709850711,12469405600,207933,8272129,2914216200,109176396000,830132133,6094981183,5819640504,551281629,18836808300,448718371,999996577,3423,13148,17608144,982391856,7759520656,1812861800,8340,1939888540,999999952,48,999827348,172652,1939880152,1000,1000,1000,1000,1000,1000,1000
205000,96050,628907,2040000000,12240000000,10000,60000,9951534431984,22120299,460739119,1565,2039903950,2000,5662,2934550,4079804770,2206613783,17793386217,19689863017,9744744610,255255390,180428880,104735980032,12528675800,219902,7827090,2922897600,109702848400,823713732,6114057282,5844499326,551948621,18928749600,448051379,999974599,25401,107878,17669152,982330848,7792662048,1822367200,58,1948173940,999988840,11160,999825978,174022,1948162722,1000,1000,1000,1000,1000,1000,1000,104735592478,12528594600,168145,7919602,2922852700,109701272400,835052949,6125308149,5844759398,551339278,18928312500,448660722,999999719,281,101741,17663243,982336757,7793009657,1821753300,8520,1948267400,999991379,8621,999833941,166059,1948250259,1000,1000,1000,1000,1000,1000,1000
206000,95400,629632,2050000000,12300000000,10000,60000,9951331936210,25037467,465848075,9966,2049904600,2000,5762,2915340,4099789268,2206659677,17793340323,19689517923,9745770420,254229580,183665688,104761725135,12587888400,186979,8015545,2930968600,110227921600,828251114,6144010164,5869612804,552211674,19020437400,447788326,999986712,13288,8538,17752634,982247366,7826148466,1831246700,8320,1956549800,999994182,5818,999834638,165362,1956535662,1000,1000,1000,1000,1000,1000,1000,104761208204,12587820500,186913,8210731,2931018200,110226361800,839684392,6155354442,5869947317,551566579,19019958600,448433421,999997218,2782,19539,17616422,982383578,7826595978,1830647300,8445,1956658440,999998666,1334,999831739,168261,1956648661,1000,1000,1000,1000,1000,1000,1000
207000,96980,628428,2060000000,12360000000,10000,60000,9951131070964,26327276,469337580,10268,2059903020,2000,5597,2909000,4119785504,2206708840,17793291160,19689174060,9746803720,253196280,186905024,104787390084,12647067900,173701,7882656,2939497100,110752694200,833830781,6174990681,5894759170,552292755,19111941000,447707245,999995350,4650,84495,17723525,982276475,7859678175,1840170000,8420,1964929580,999997845,2155,999829095,170905,1964919005,1000,1000,1000,1000,1000,1000,1000,104786863220,12647013100,197613,7825220,2939758000,110751282200,843296794,6184375294,5895098018,551624960,19111451100,448375040,999989471,10529,99711,17656293,982343707,7860130407,1839514200,8660,1965041900,999999149,851,999823711,176289,1965032389,1000,1000,1000,1000,1000,1000,1000
208000,95190,634852,2070000000,12420000000,10000,60000,9950935380566,22470726,467768032,2504,2069904810,2000,63422,2938894,4139804612,2206781692,17793218308,19688796408,9747786386,252213614,190144798,104813021162,12706272700,233298,8036471,2947730900,111277751000,837909527,6204484877,5919906953,552517825,19203595800,447482175,999990745,9255,10020,17774767,982225233,7893206033,1849047900,47,1973308840,999990287,9713,999822920,177080,1973299080,1000,1000,1000,1000,1000,1000,1000,104812594453,12706209200,181969,8129504,2947731000,111276239200,848328049,6214816849,5920213429,551873034,19203142800,448126966,999992108,7892,3874,17733545,982266455,7893614155,1848398300,103,1973412080,999988749,11251,999830874,169126,1973400726,1000,1000,1000,1000,1000,1000,1000
209000,96700,628117,2080000000,12480000000,10000,60000,9950732975467,25289738,472725703,10778,2079903300,2000,63458,2909021,4159785044,2206824205,17793175795,19688455695,9748858959,251141041,193385903,104838696522,12765479700,233798,8030117,2956150900,111802739400,842014987,6234001237,5945044139,552653889,19295169300,447346111,999983429,16571,17740,17743501,982256499,7926725199,1857996600,8701,1981690720,999999041,959,999826140,173860,1981681060,1000,1000,1000,1000,1000,1000,1000,104838211397,12765418700,230842,8060157,2956205000,111801264600,853405488,6245307188,5945374128,552020766,19294714200,447979234,999998279,1721,9413,17765085,982234915,7927161515,1857261500,46,1981799400,999988033,11967,999827913,172087,1981787387,1000,1000,1000,1000,1000,1000,1000
210000,95790,629675,2090000000,12540000000,10000,60000,9950535480740,23188988,472851722,10030,2089904210,2000,1005,2921774,4179788360,2206849328,17793150672,19688128572,9749878986,250121014,196619946,104864413295,12824673900,147209,7843542,2964666600,112327583800,847644716,6265034466,5970222361,552763872,19386680100,447236128,999995340,4660,76968,17712807,982287193,7960295693,1866876600,43,1990075740,999997635,2365,999821068,178932,1990073332,1000,1000,1000,1000,1000,1000,1000,104863915033,12824600700,222914,7734813,2964852100,112326099800,857028704,6274334854,5970487748,552069845,19386211500,447930155,999994594,5406,101349,17806901,982193099,7960646199,1866170800,54,1990170900,999987605,12395,999829949,170051,1990158451,1000,1000,1000,1000,1000,1000,1000
211000,94280,626379,2100000000,12600000000,10000,60000,9950338178847,20925285,472772929,10844,2099905720,2000,5100,2919192,4199789752,2206913632,17793086368,19687768368,9750933488,249066512,199861940,104890101968,12883870100,210170,8057018,2972778800,112852553000,851870168,6294670968,5995299514,552968951,19478342400,447031049,999997797,2203,21046,17822432,982177568,7993729668,1875781000,8874,1998448080,999990948,9052,999838346,161654,1998430154,1000,1000,1000,1000,1000,1000,1000,104889603534,12883803300,174816,7710699,2973260300,112851055400,861982003,6304697553,5995662993,552221647,19477782000,447778353,999996497,3503,100650,17764357,982235643,7994214243,1875080300,47,1998560540,999990757,9243,999820950,179050,1998551250,1000,1000,1000,1000,1000,1000,1000
212000,95900,630753,2110000000,12660000000,10000,60000,9950136255779,23255705,477300909,11645,2109904100,2000,509,2915094,4219784910,2206956284,17793043716,19687436916,9751967046,248032954,203097156,104915780974,12943082200,165826,8055917,2981146700,113377521200,856223890,6324433690,6020482191,553118239,19569911400,446881761,999997239,2761,17300,17804609,982195391,8027306791,1884645600,8409,2006841400,999991609,8391,999838000,162000,2006824600,1000,1000,1000,1000,1000,1000,1000,104915258289,12942986400,219770,8220879,2981139700,113375894400,866814948,6334935048,6020773302,552457470,19569469800,447542530,999996423,3577,7453,17790451,982209549,8027694349,1884009200,52,2006931260,999989839,10161,999825153,174847,2006921047,1000,1000,1000,1000,1000,1000,1000
213000,96120,638379,2120000000,12720000000,10000,60000,9949932817593,27134474,483372983,2427,2119903880,2000,532,2931603,4239802906,2207030167,17792969833,19687069933,9753034317,246965683,206341223,104941471662,13002252500,159648,7728926,2989801800,113902338600,860146422,6353761022,6045599668,553177814,19661419800,446822186,999990784,9216,98370,17837902,982162098,8060799298,1893568700,8572,2015208980,999999222,778,999823670,176330,2015199630,1000,1000,1000,1000,1000,1000,1000,104940930525,13002216900,210788,7738025,2990043000,113901040200,872062167,6365600067,6045944708,552512235,19660947600,447487765,999998506,1494,100771,17750863,982249137,8061256537,1892927300,50,2015321100,999990779,9221,999829271,170729,2015311829,1000,1000,1000,1000,1000,1000,1000
214000,95550,625261,2130000000,12780000000,10000,60000,9949736584744,23776162,482148336,10496,2129904450,2000,5591,2913666,4259787908,2207069906,17792930094,19686735194,9754121154,245878846,209579662,104967214928,13061478100,141237,7603622,2998312800,114427493000,864758865,6383792415,6070739040,553327353,19753008600,446672647,999998108,1892,100555,17822615,982177385,8094309685,1902523800,50,2023597800,999972895,27105,999840355,159645,2023570645,1000,1000,1000,1000,1000,1000,1000,104966639428,13061391600,193791,7903087,2998167700,114425771200,876639983,6395576733,6071049589,552663343,19752542700,447336657,999999216,784,100973,17819784,982180216,8094730016,1901805600,8045,2023696780,999991692,8308,999837673,162327,2023680427,1000,1000,1000,1000,1000,1000,1000
215000,95390,632786,2140000000,12840000000,10000,60000,9949534659243,26117718,486678236,2613,2139904610,2000,5235,2921524,4279803994,2207114861,17792885139,19686392639,9755172776,244827224,212811770,104992792384,13120701800,163103,8059998,3006374500,114952503600,868994522,6413438272,6095941604,553569637,19844650500,446430363,999999166,834,13129,17722325,982277675,8127919275,1911431600,7458,2031993720,999991409,8591,999836629,163371,2031977671,1000,1000,1000,1000,1000,1000,1000,104992407621,13120600600,144677,8110779,3006258300,114950838800,881571357,6425923707,6096171688,552897330,19844229000,447102670,999997396,2604,8966,17852578,982147422,8128222822,1910733400,7560,2032076980,999981714,18286,999844766,155234,2032051134,1000,1000,1000,1000,1000,1000,1000
216000,92280,627716,2150000000,12900000000,10000,60000,9949336449154,24734496,487495633,10322,2149907720,2000,565,2921541,4299794796,2207146850,17792853150,19686065950,9756207159,243792841,216046755,105018398944,13179887500,229632,8168816,3014675900,115477363800,873911246,6443760546,6121081976,553715419,19936238700,446284581,999990311,9689,3992,17761116,982238884,8161438984,1920309600,8240,2040376200,999989048,10952,999831892,168108,2040357008,1000,1000,1000,1000,1000,1000,1000,105017964577,13179783100,207807,7860227,3014988300,115475703000,885852623,6455611173,6121347348,552966716,19935717000,447033284,999993744,6256,85128,17809580,982190420,8161795920,1919645600,96,2040450300,999998368,1632,999817428,182572,2040448572,1000,1000,1000,1000,1000,1000,1000
217000,97030,635283,2160000000,12960000000,10000,60000,9949136008872,25570638,490517372,2393,2159902970,2000,1054,2928480,4319801154,2207154010,17792845990,19685745490,9757266820,242733180,219285074,105044063495,13239094900,211883,7781425,3023432500,116002341000,879753614,6475013064,6146245408,553783554,20027722500,446216446,999990280,9720,91826,17755218,982244782,8194993582,1929194100,8200,2048757260,999999114,886,999827826,172174,2048748174,1000,1000,1000,1000,1000,1000,1000,105043691762,13238986100,201548,8240623,3022970300,116000642600,889183699,6484350599,6146457905,553202533,20027386500,446797467,999999303,697,12170,17820965,982179035,8195271735,1928588800,95,2048830340,999983585,16415,999838470,161530,2048813830,1000,1000,1000,1000,1000,1000,1000
218000,95870,631865,2170000000,13020000000,10000,60000,9948937932055,24044359,491220694,1552,2169904130,2000,479,2927679,4339805156,2207174714,17792825286,19685426286,9758274521,241725479,222523177,105069802014,13298309800,152663,8036470,3031479800,116527355600,884578731,6505249731,6171396966,554023305,20119386300,445976695,999998164,1836,8059,17782793,982217207,8228526407,1938065000,8316,2057146400,999991357,8643,999838359,161641,2057129441,1000,1000,1000,1000,1000,1000,1000,105069364839,13298189500,216479,8100210,3031470100,116525679800,893536625,6514117925,6171596037,553352413,20118968700,446647587,999997319,2681,10706,17854069,982145931,8228790131,1937491500,51,2057207900,999986245,13755,999832806,167194,2057194094,1000,1000,1000,1000,1000,1000,1000
219000,94580,630589,2180000000,13080000000,10000,60000,9948737143778,25223985,494529733,9461,2179905420,2000,57349,2923330,4359791918,2207187463,17792812537,19685112337,9759380170,240619830,225762588,105095423285,13357472900,190746,8174532,3039741200,117052088200,888574535,6534645935,6196531583,554177085,20210970300,445822915,999995762,4238,4977,17786794,982213206,8262041506,1946984400,43,2065511780,999998186,1814,999820177,179823,2065509923,1000,1000,1000,1000,1000,1000,1000,105095022155,13357390500,202902,7755025,3040240700,117050615400,898676477,6544666127,6196756522,553401655,20210443200,446598345,999994174,5826,106419,17801397,982198603,8262341603,1946425100,7860,2065594220,999998721,1279,999826119,173881,2065585081,1000,1000,1000,1000,1000,1000,1000
220000,95040,629320,2190000000,13140000000,10000,60000,9948533598789,29193590,500728726,10019,2189904960,2000,5226,2917454,4379789882,2207240179,17792759821,19684759721,9760381426,239618574,228999108,105121185242,13416688300,132961,8050798,3048150200,117577142200,892916405,6564401755,6221657878,554322841,20302559100,445677159,999992842,7158,6401,17829223,982170777,8295542377,1955881500,8380,2073897260,999995619,4381,999833101,166899,2073884499,1000,1000,1000,1000,1000,1000,1000,105120709514,13416583400,196235,8181355,3048135500,117575505200,903567549,6574963699,6221892543,553655642,20302131300,446344358,999996025,3975,4083,17855440,982144560,8295855060,1955290700,8551,2073976060,999995008,4992,999828583,171417,2073962517,1000,1000,1000,1000,1000,1000,1000
221000,96440,625198,2200000000,13200000000,10000,60000,9948341356510,21850584,495560956,10844,2199903560,2000,63284,2913340,4399785432,2207289694,17792710306,19684418806,9761441200,238558800,232238232,105146783390,13475857500,184555,8249501,3056353800,118101858200,897925378,6594809328,6246810341,554465527,20394138300,445534473,999997842,2158,8315,17857674,982142326,8329077326,1964743300,49,2082276420,999990614,9386,999822615,177385,2082266985,1000,1000,1000,1000,1000,1000,1000,105146373771,13475780100,196672,8184660,3056572100,118100444200,907696940,6604502190,6247051429,553796220,20393698500,446203780,999995701,4299,14981,17797352,982202648,8329398448,1964245100,49,2082357440,999989628,10372,999822581,177419,2082347019,1000,1000,1000,1000,1000,1000,1000
222000,95890,624953,2210000000,13260000000,10000,60000,9948138598257,25031681,500922676,9987,2209904110,2000,5151,2914549,4419788246,2207331438,17792668562,19684072062,9762500471,237499529,235476917,105172507132,13535057600,177144,8146249,3064780200,118626855200,902744948,6625041198,6271918957,554614915,20485727400,445385085,999998707,1293,10992,17905335,982094665,8362555365,1973666700,8499,2090654640,999990267,9733,999828692,171308,2090636408,1000,1000,1000,1000,1000,1000,1000,105172157997,13535010200,148830,7563796,3065464600,118625653200,912101648,6634328698,6272174235,553867843,20485207200,446132157,999998452,1548,99909,17862574,982137426,8362890326,1973145100,87,2090742140,999974038,25962,999840009,159991,2090716091,1000,1000,1000,1000,1000,1000,1000
223000,96500,630234,2220000000,13320000000,10000,60000,9947939691619,24361317,502470048,1448,2219903500,2000,5716,2931227,4439804104,2207374836,17792625164,19683725364,9763538173,236461827,238715677,105198166195,13594238200,191001,8335064,3072971900,119151630000,906839756,6654536856,6297038095,554764169,20577314400,445235831,999998501,1499,9432,17905037,982094963,8396050763,1982594400,8241,2099021000,999999909,91,999831332,168668,2099012668,1000,1000,1000,1000,1000,1000,1000,105197738104,13594217400,164145,7720557,3073799400,119150554000,917194744,6664827194,6297378595,554023074,20576763600,445976926,999998757,1243,100383,17780388,982219612,8396499812,1982032200,39,2099136200,999985056,14944,999831283,168717,2099121217,1000,1000,1000,1000,1000,1000,1000
224000,96580,626783,2230000000,13380000000,10000,60000,9947739256643,25221848,505490254,1305,2229903420,2000,6246,2931176,4459804230,2207430591,17792569409,19683375709,9764620204,235379796,241957434,105223826604,13653437700,229468,7817875,3081888400,119676701800,912402625,6685516775,6322174851,554818682,20668815000,445181318,999982906,17094,90924,17924073,982075927,8429565927,1991528900,8181,2107400880,999998377,1623,999818324,181676,2107391076,1000,1000,1000,1000,1000,1000,1000,105223348030,13653424200,209407,7690752,3082260200,119675598000,920803346,6693850196,6322539484,554158445,20668351500,445841555,999976324,23676,84879,17773195,982226805,8430051905,1990938100,98,2107514740,999997779,2221,999818079,181921,2107512421,1000,1000,1000,1000,1000,1000,1000
225000,97250,626671,2240000000,13440000000,10000,60000,9947536027266,28862370,511357998,1450,2239902750,2000,56615,2928728,4479802600,2207477436,17792522564,19683035264,9765623652,234376348,245190552,105249523829,13712660900,198056,7778011,3090339500,120201744200,916789633,6715316033,6347332870,554963143,20760374100,445036857,999998038,1962,108295,17867325,982132675,8463110175,2000467200,8520,2115786780,999999045,955,999830795,169205,2115777305,1000,1000,1000,1000,1000,1000,1000,105249028851,13712612100,236549,8057433,3090179000,120200430600,925550281,6724000681,6347645544,554392332,20760017100,445607668,999997932,2068,19500,17896656,982103344,8463524344,1999768500,8596,2115896540,999990856,9144,999832500,167500,2115878800,1000,1000,1000,1000,1000,1000,1000
226000,94270,626763,2250000000,13500000000,10000,60000,9947339059111,26237955,511020898,10273,2249905730,2000,456,2916329,4499790914,2207513566,17792486434,19682702234,9766552691,233447309,248419305,105275260973,13771863200,157358,8037040,3098356700,120726718400,921446522,6745383522,6372465859,555197983,20852051400,444802017,999998960,1040,17277,17933518,982066482,8496618082,2009333200,8487,2124169900,999990810,9190,999836977,163023,2124152223,1000,1000,1000,1000,1000,1000,1000,105274688596,13771808000,221485,7823715,3098743000,120725276800,930135459,6753989259,6372809777,554465096,20851512900,445534904,999997923,2077,100727,17940150,982059850,8497075950,2008591100,7949,2124285380,999988742,11258,999834227,165773,2124266173,1000,1000,1000,1000,1000,1000,1000
227000,94910,621238,2260000000,13560000000,10000,60000,9947143369260,22338802,509322211,9971,2259905090,2000,62619,2916071,4519790238,2207555962,17792444038,19682370438,9767583049,232416951,251650387,105300838151,13831052400,227254,8085761,3106774700,121251620000,927033381,6776378081,6397632962,555337971,20943621300,444662029,999996306,3694,19135,17916473,982083527,8530174627,2018235300,48,2132549680,999992033,7967,999821335,178665,2132541665,1000,1000,1000,1000,1000,1000,1000,105300363765,13831018100,172865,8147435,3106807400,121250257000,933674262,6782938062,6397993380,554700773,20943166800,445299227,999996583,3417,8610,17892130,982107870,8530657370,2017487600,8700,2132674100,999998590,1410,999826510,173490,2132663990,1000,1000,1000,1000,1000,1000,1000
228000,93810,628158,2270000000,13620000000,10000,60000,9946939935702,26200329,515446206,2535,2269906190,2000,5779,2933567,4539807310,2207602131,17792397869,19682017269,9768570373,231429627,254882683,105326631723,13890264200,144981,7695773,3115394300,121776601200,931073110,6805827660,6422763040,555413537,21035133000,444586463,999998805,1195,100168,17995728,982004272,8563674172,2027084100,44,2140940820,999970356,29644,999843968,156032,2140911132,1000,1000,1000,1000,1000,1000,1000,105326052454,13890213400,198854,8055116,3115267400,121775232400,938863053,6813538403,6423117058,554842625,21034746600,445157375,999999261,739,22336,17926578,982073422,8564150522,2026410900,110,2141050240,999983334,16666,999829236,170764,2141033464,1000,1000,1000,1000,1000,1000,1000
229000,95160,625277,2280000000,13680000000,10000,60000,9946743042738,23524667,514985757,2643,2279904840,2000,6144,2927296,4559804394,2207671205,17792328795,19681663095,9769577364,230422636,258111158,105352160939,13949478400,232973,7704181,3123895200,122301612000,937263062,6837429012,6447943452,555543653,21126683700,444456347,999998757,1243,106304,17959552,982040448,8597256448,2035969400,8500,2149325960,999995536,4464,999833504,166496,2149312996,1000,1000,1000,1000,1000,1000,1000,105351700624,13949424200,180361,8123962,3123603900,122300203600,941854867,6841939567,6448291116,554986272,21126326100,445013728,999982367,17633,10595,17892479,982107521,8597720921,2035301200,8474,2149439980,999998299,1701,999824995,175005,2149429805,1000,1000,1000,1000,1000,1000,1000
230000,95520,630050,2290000000,13740000000,10000,60000,9946543876594,23130736,516844145,2498,2289904480,2000,5725,2929045,4579803964,2207736930,17792263070,19681295970,9770550055,229449945,261334419,105377923081,14008672400,142339,7745970,3132149200,122826508000,940313927,6865886627,6473100291,555687231,21218282700,444312769,999979571,20429,89640,17960249,982039751,8630793951,2044864200,109,2157713080,999980689,19311,999833340,166660,2157693660,1000,1000,1000,1000,1000,1000,1000,105377377991,14008630900,157457,8187695,3131893100,122825128200,947985948,6873477598,6473459934,555154928,21217904700,444845072,999994844,5156,9716,17904082,982095918,8631276218,2044155400,54,2157827420,999988918,11082,999831316,168684,2157816284,1000,1000,1000,1000,1000,1000,1000
231000,93770,644019,2300000000,13800000000,10000,60000,9946343835242,23611782,519561700,1444,2299906230,2000,531,2936446,4599809572,2207802824,17792197176,19680930276,9771547434,228452566,264560906,105403487358,14067914300,147198,7793075,3140671600,123351643800,945938964,6896927414,6498345469,555837745,21309829800,444162255,999976097,23903,84352,17799183,982200817,8664459917,2053780400,87,2166116660,999997875,2125,999822952,177048,2166114448,1000,1000,1000,1000,1000,1000,1000,105403064548,14067816200,171701,8083894,3140273500,123350048400,951527036,6902428036,6498573316,555302860,21309498900,444697140,999988243,11757,6283,18009867,981990133,8664762233,2053015700,78,2166195560,999993435,6565,999825283,174717,2166188917,1000,1000,1000,1000,1000,1000,1000
232000,93610,621093,2310000000,13860000000,10000,60000,9946140659155,27207715,525399284,1463,2309906390,2000,5119,2930615,4619809854,2207856970,17792143030,19680585330,9772528925,227471075,267789879,105429166948,14127140500,178824,7603629,3149182300,123876755400,950485590,6926890240,6523478589,555987884,21401399100,444012116,999999008,992,102224,17903735,982096265,8697966765,2062607600,8603,2174510840,999985939,14061,999843024,156976,2174488176,1000,1000,1000,1000,1000,1000,1000,105428765691,14127027000,177622,7662908,3149068100,123875090800,956168748,6932483548,6523703337,555364142,21400995000,444635858,999998413,1587,100871,18025134,981974866,8698265766,2061941300,41,2174578520,999983950,16050,999834971,165029,2174562429,1000,1000,1000,1000,1000,1000,1000
233000,94210,625209,2320000000,13920000000,10000,60000,9945948034996,20242069,520688032,10724,2319905790,2000,63443,2908531,4639790132,2207895465,17792104535,19680251535,9773476029,226523971,271013461,105454733519,14186334500,220114,8119153,3157097900,124401575400,955096192,6956902842,6548669290,556221379,21493049700,443778621,999998690,1310,14911,17898621,982101379,8731556179,2071437300,48,2182895560,999991377,8623,999834311,165689,2182886889,1000,1000,1000,1000,1000,1000,1000,105454375248,14186237000,207213,7692320,3157482900,124400058000,960684506,6962408506,6548883514,555505578,21492555300,444494422,999999265,735,109087,18004573,981995427,8731839027,2070815400,92,2182972580,999983025,16975,999833487,166513,2182955513,1000,1000,1000,1000,1000,1000,1000
234000,95460,633190,2330000000,13980000000,10000,60000,9945745369080,23321037,526111882,2549,2329904540,2000,517,2928463,4659803982,2207936817,17792063183,19679914183,9774379257,225620743,274241639,105480469651,14245489100,168125,7818524,3165612500,124926223800,958834875,6986037725,6573785251,556278609,21584548800,443721391,999998801,1199,110592,18009841,981990159,8765041559,2080270900,105,2191272740,999983673,16327,999827092,172908,2191256308,1000,1000,1000,1000,1000,1000,1000,105480077370,14245441400,153887,8046996,3165439800,124924982800,966197318,6993328568,6574040588,555744077,21584222400,444255923,999998996,1004,13519,18028231,981971769,8765384669,2079670700,8714,2191361140,999991655,8345,999834819,165181,2191344081,1000,1000,1000,1000,1000,1000,1000
235000,93510,622867,2340000000,14040000000,10000,60000,9945543561899,25560594,530548745,1457,2339906490,2000,62573,2933585,4679810066,2207996993,17792003007,19679556307,9775410475,224589525,277465041,105506178976,14304715600,164280,7723988,3174062300,125451367200,963708175,7016329175,6598916760,556437474,21676146000,443562526,999996926,3074,100052,18036992,981963008,8798550008,2089181400,8736,2199659000,999982984,17016,999840352,159648,2199633248,1000,1000,1000,1000,1000,1000,1000,105505742110,14304646800,148414,7845623,3174064300,125449891200,970448035,7022985385,6599209177,555805474,21675713100,444194526,999999782,218,100408,17990931,982009069,8798937569,2088574100,47,2199752440,999975999,24001,999843708,156292,2199728392,1000,1000,1000,1000,1000,1000,1000
236000,95670,623409,2350000000,14100000000,10000,60000,9945348079615,21447409,528647556,10541,2349904330,2000,62034,2908069,4699787578,2208034724,17791965276,19679216876,9776394771,223605229,280686849,105531737730,14363926800,192162,8242909,3182056600,125976317600,967438115,7045467115,6624137171,556677278,21767800200,443322722,999991842,8158,4164,17952293,982047707,8832180207,2098056700,8541,2208059640,999991937,8063,999825764,174236,2208043036,1000,1000,1000,1000,1000,1000,1000,105531302212,14363844500,223374,7825812,3182517700,125974860200,975899242,7053847442,6624372680,555950060,21767286300,444049940,999989722,10278,98462,18012882,981987118,8832496618,2097438800,8216,2208133020,999999134,866,999824162,175838,2208123938,1000,1000,1000,1000,1000,1000,1000
237000,95240,633906,2360000000,14160000000,10000,60000,9945146290696,23652372,533120338,10227,2359904760,2000,63785,2910000,4719789066,2208077868,17791922132,19678878032,9777348000,222652000,283905966,105557433594,14423154700,177686,8058783,3190590200,126501455000,970948370,7074394970,6649302017,556828532,21859372200,443171468,999999092,908,7160,17975543,982024457,8865729657,2106926500,103,2216446840,999980903,19097,999833860,166140,2216427640,1000,1000,1000,1000,1000,1000,1000,105557031800,14423075300,162796,7973850,3190685700,126500017800,981540639,7084907339,6649544126,556195905,21858952200,443804095,999994837,5163,6432,18029506,981970494,8866057394,2106304600,8670,2216526260,999995678,4322,999828632,171368,2216513268,1000,1000,1000,1000,1000,1000,1000
238000,95290,630892,2370000000,14220000000,10000,60000,9944944858098,25507138,537198720,10832,2369904710,2000,57177,2908926,4739787756,2208124736,17791875264,19678529964,9778346454,221653546,287129110,105583019054,14482373200,228958,7930803,3199151600,127026546400,975754408,7104616908,6674479949,556974076,21950934000,443025924,999994980,5020,9604,17974555,982025445,8899305945,2115796300,43,2224828000,999998039,1961,999822204,177796,2224825996,1000,1000,1000,1000,1000,1000,1000,105582634052,14482282700,200574,7866545,3199286200,127024895800,985924373,7114695023,6674718993,556253989,21950431500,443746011,999998531,1469,101142,17969549,982030451,8899621551,2115208800,7843,2224921720,999988681,11319,999838842,161158,2224902558,1000,1000,1000,1000,1000,1000,1000
239000,94750,638632,2380000000,14280000000,10000,60000,9944745805214,24966284,538956839,11891,2379905250,2000,6242,2911237,4759786718,2208159498,17791840502,19678198202,9779270143,220729857,290349461,105608750704,14541557600,156444,7828437,3207552600,127551252800,981965374,7136223974,6699629669,557040063,22042430700,442959937,999997179,2821,100616,17997747,982002253,8932833353,2124645700,39,2233222340,999981383,18617,999836716,163284,2233203684,1000,1000,1000,1000,1000,1000,1000,105608302168,14541474500,191189,7834493,3207654500,127549775400,988954502,7143131152,6699877543,556389214,22041999600,443610786,999999133,867,108719,18005876,981994124,8933164524,2124061700,99,2233303680,999983400,16600,999834219,165781,2233286981,1000,1000,1000,1000,1000,1000,1000
240000,94100,632614,2390000000,14340000000,10000,60000,9944546496641,24664402,540971819,11371,2389905900,2000,5202,2910359,4779789058,2208171143,17791828857,19677883157,9780175581,219824419,293572639,105634308093,14600788400,239347,7653956,3216140600,128076413600,985999674,7165676974,6724817709,557187844,22133992200,442812156,999998024,1976,106480,18065371,981934629,8966420429,2133435000,8311,2241620580,999990451,9549,999831080,168920,2241602720,1000,1000,1000,1000,1000,1000,1000,105633968895,14600680900,228551,7819204,3216035800,128074783400,994096360,7173685210,6724998055,556547657,22133593500,443452343,999998739,1261,100482,18059027,981940973,8966658473,2132957000,8261,2241685480,999983199,16801,999842782,157218,2241660418,1000,1000,1000,1000,1000,1000,1000
241000,92430,635787,2400000000,14400000000,10000,60000,9944348983151,22593033,541198829,10916,2399907570,2000,64208,2918188,4799793308,2208214984,17791785016,19677542416,9781102532,218897468,296790140,105659971270,14660014600,213067,7993572,3224183800,128601470000,991020085,7196110135,6750014264,557432822,22225653900,442567178,999991401,8599,10779,18052215,981947785,9000013185,2142280200,98,2250016520,999982499,17501,999835579,164421,2249998921,1000,1000,1000,1000,1000,1000,1000,105659648908,14659879700,235936,7774926,3224412800,128599741000,998191020,7203189870,6750135578,556689126,22225179600,443310874,999998974,1026,100248,18116670,981883330,9000173530,2141825500,8786,2250068460,999978278,21722,999844048,155952,2250037952,1000,1000,1000,1000,1000,1000,1000
242000,94540,628756,2410000000,14460000000,10000,60000,9944147418526,24584283,545486174,10245,2409905460,2000,63357,2919361,4819790430,2208268109,17791731891,19677186891,9782029839,217970161,300012369,105685626911,14719199600,143561,8271109,3232272000,129126173600,994244251,7224730151,6775207432,557604066,22317225900,442395934,999998190,1810,4524,18015092,981984908,9033608208,2151120700,8760,2258414640,999994896,5104,999827024,172976,2258400776,1000,1000,1000,1000,1000,1000,1000,105685333217,14719058700,162823,8104689,3232388300,129124523000,1004177386,7234577736,6775306386,556902485,22316826900,443097515,999984865,15135,16980,18113894,981886106,9033741606,2150687200,8114,2258444060,999999274,726,999822780,177220,2258435220,1000,1000,1000,1000,1000,1000,1000
243000,94580,630358,2420000000,14520000000,10000,60000,9943947696974,24728012,547917429,1439,2419905420,2000,569,2939455,4839807962,2208316286,17791683714,19676831914,9782986365,217013635,303236327,105711294738,14778403700,174154,7705382,3241171400,129651259400,997909945,7253813195,6800339532,557662761,22408726500,442337239,999990225,9775,92764,18086032,981913968,9067119068,2160004200,8200,2266788660,999999076,924,999817664,182336,2266779536,1000,1000,1000,1000,1000,1000,1000,105710935484,14778303000,198013,7715956,3241248700,129649701200,1009737428,7265555878,6800505322,556976710,22408302900,443023290,999996809,3191,106599,18076877,981923123,9067340123,2159553800,7800,2266843520,999999081,919,999831299,168701,2266834801,1000,1000,1000,1000,1000,1000,1000
244000,94340,624645,2430000000,14580000000,10000,60000,9943751207185,21607995,547051739,11040,2429905660,2000,62136,2917004,4859789240,2208333980,17791666020,19676519220,9783929236,216070764,306455976,105736919173,14837626400,163281,7754939,3249519700,130176248000,1002733486,7284045686,6825544456,557803762,22500288300,442196238,999982980,17020,93818,18071162,981928838,9100725438,2168825800,28,2275182520,999998490,1510,999821018,178982,2275180982,1000,1000,1000,1000,1000,1000,1000,105736616202,14837502200,174775,7728564,3249602500,130174614800,1014041883,7295267533,6825665808,557120374,22499876100,442879626,999994133,5867,105959,18077451,981922549,9100886249,2168436700,8814,2275233740,999995515,4485,999830459,169541,2275220441,1000,1000,1000,1000,1000,1000,1000
245000,94990,643391,2440000000,14640000000,10000,60000,9943552699635,20544185,548249653,2638,2439905010,2000,5381,2936024,4879804744,2208391820,17791608180,19676165680,9784906936,215093064,309676380,105762534149,14896850600,233623,8080906,3257622400,130701344400,1007047685,7313775385,6850702307,558060146,22591956300,441939854,999997770,2230,6424,18106917,981893083,9134265183,2177688100,45,2283576600,999986321,13679,999832324,167676,2283562876,1000,1000,1000,1000,1000,1000,1000,105762298885,14896707800,154980,7731600,3257976700,130699588400,1018940043,7325575843,6850819535,557262533,22591457400,442737467,999990088,9912,101255,18062420,981937580,9134425780,2177347200,8695,2283615740,999999200,800,999829955,170045,2283606245,1000,1000,1000,1000,1000,1000,1000
246000,94580,640108,2450000000,14700000000,10000,60000,9943353986557,19673004,549685561,1448,2449905420,2000,63978,2942113,4899807944,2208437061,17791562939,19675820939,9785821347,214178653,312891791,105788271472,14956043400,132368,7692048,3266243700,131226172400,1012856506,7344986856,6875861460,558112992,22683435900,441887008,999998672,1328,100380,18161220,981838780,9167814080,2186502700,8380,2291964600,999996400,3600,999830080,169920,2291952620,1000,1000,1000,1000,1000,1000,1000,105787982498,14955922600,151029,7790498,3266311000,131224590800,1022262458,7354309058,6875983138,557424886,22683043200,442575114,999998095,1905,100509,18058971,981941029,9167970029,2186234800,84,2292009440,999977535,22465,999842509,157491,2291986891,1000,1000,1000,1000,1000,1000,1000
247000,94670,631696,2460000000,14760000000,10000,60000,9943149001514,25068297,557405043,1495,2459905330,2000,481,2942476,4919807670,2208480611,17791519389,19675482689,9786713304,213286696,316107574,105813860792,15015273400,161139,7970763,3274441500,131751290000,1017673620,7375220070,6901073141,558336460,22775078700,441663540,999995437,4563,14677,18116136,981883864,9201430464,2195365800,8765,2300367260,999998828,1172,999823177,176823,2300357323,1000,1000,1000,1000,1000,1000,1000,105813573733,15015124300,196118,8111442,3274348000,131749543000,1026691853,7384147753,6901143681,557668905,22774705800,442331095,999997922,2078,10017,18127036,981872964,9201524664,2195047600,8645,2300390360,999999268,732,999831517,168483,2300380983,1000,1000,1000,1000,1000,1000,1000
248000,96640,626574,2470000000,14820000000,10000,60000,9942953724526,20727903,555311939,10453,2469903360,2000,62839,2916222,4939785814,2208488729,17791511271,19675168871,9787656978,212343022,319324792,105839498501,15074474600,180658,7747725,3283055100,132276188400,1020414194,7403366644,6926235680,558407465,22866574500,441592535,999997918,2082,100353,18137573,981862427,9234977927,2204219700,8554,2308759740,999991061,8939,999827453,172547,2308742247,1000,1000,1000,1000,1000,1000,1000,105839208021,15074331000,221444,7730791,3283129800,132274515600,1033078093,7415943943,6926320442,557720056,22866182100,442279944,999999311,689,111755,18145913,981854087,9235088187,2203898300,108,2308785060,999982793,17207,999831555,168445,2308767745,1000,1000,1000,1000,1000,1000,1000
249000,94300,629487,2480000000,14880000000,10000,60000,9942750091595,24788415,561725438,1362,2479905700,2000,6292,2937147,4959808676,2208557010,17791442990,19674812990,9788541013,211458987,322540889,105865110810,15133708800,226706,7603359,3291610200,132801350400,1025906670,7434277470,6951414145,558542130,22958138700,441457870,999998902,1098,108472,18165427,981834573,9268549173,2213059800,8191,2317152280,999990939,9061,999832172,167828,2317135028,1000,1000,1000,1000,1000,1000,1000,105864820614,15133541400,217291,8197366,3291077000,132799440400,1036814401,7445086751,6951508450,557959297,22957839600,442040703,999996932,3068,15935,18121285,981878715,9268677715,2212749000,8440,2317178360,999999345,655,999827435,172565,2317169265,1000,1000,1000,1000,1000,1000,1000
250000,94570,629621,2490000000,14940000000,10000,60000,9942554993321,20292149,559507585,11972,2489905430,2000,5742,2916720,4979786916,2208597170,17791402830,19674477830,9789456040,210543960,325754756,105890756087,15192912300,229663,7705840,3299888100,133326255800,1031106286,7464883236,6976587807,558694364,23049717600,441305636,999997914,2086,106250,18177543,981822457,9302110857,2221907100,113,2325541820,999981343,18657,999835350,164650,2325523050,1000,1000,1000,1000,1000,1000,1000,105890484793,15192752500,193680,8037267,3299579600,133324480200,1040795451,7474481401,6976694958,558099634,23049406800,441900366,999995525,4475,18191,18150433,981849567,9302259767,2221581100,8280,2325573620,999999469,531,999815791,184209,2325564809,1000,1000,1000,1000,1000,1000,1000
251000,93670,631713,2500000000,15000000000,10000,60000,9942356709411,19040868,560586457,2496,2499906330,2000,5290,2939821,4999807668,2208696379,17791303621,19674083621,9790361879,209638121,328967647,105916456822,15252111800,156725,8136597,3307798700,133851140400,1036488567,7495670867,7001757401,558938065,23141386800,441061935,999998214,1786,7149,18152048,981847952,9335674752,2230790600,7921,2333930620,999994652,5348,999829849,170151,2333917351,1000,1000,1000,1000,1000,1000,1000,105916068070,15251987500,222782,7842728,3308234200,133849526200,1044595180,7503692130,7001905550,558162182,23140893900,441837818,999982066,17934,92884,18115434,981884566,9335873566,2230411300,62,2333969580,999998498,1502,999825584,174416,2333968016,1000,1000,1000,1000,1000,1000,1000
252000,95870,629704,2510000000,15060000000,10000,60000,9942149234831,26923302,570774635,2514,2509904130,2000,979,2927301,5019803232,2208729333,17791270667,19673748667,9791245559,208754441,332169591,105942043443,15311340700,205280,7855580,3316572500,134376205400,1041030718,7525625968,7026966161,559002848,23232863400,440997152,999996089,3911,100441,18114880,981885120,9369280420,2239645000,37,2342337680,999976616,23384,999835941,164059,2342314259,1000,1000,1000,1000,1000,1000,1000,105941767138,15311216300,182511,7652933,3316733900,134374643000,1049230199,7533743349,7027078545,558312915,23232463500,441687085,999990498,9502,92383,18164338,981835662,9369437762,2239234200,8549,2342368660,999999106,894,999830783,169217,2342359217,1000,1000,1000,1000,1000,1000,1000
253000,95430,630649,2520000000,15120000000,10000,60000,9941951824226,24726714,570942292,10119,2519904570,2000,6257,2919976,5039788902,2208754640,17791245360,19673426060,9792082844,207917156,335378446,105967688424,15370552200,154538,7836055,3324904000,134901133200,1047139784,7557141584,7052168531,559145055,23324423400,440854945,999993209,6791,100054,18150523,981849477,9402889077,2248415400,8601,2350736040,999993107,6893,999828054,171946,2350720546,1000,1000,1000,1000,1000,1000,1000,105967356751,15370407700,219749,7803222,3325001800,134899484200,1052304710,7562221510,7052259733,558464454,23324039700,441535546,999983654,16346,86600,18169167,981830833,9403012433,2248077900,107,2350754440,999998367,1633,999821400,178600,2350752700,1000,1000,1000,1000,1000,1000,1000
254000,92960,624056,2530000000,15180000000,10000,60000,9941754779532,22220724,570865322,2501,2529907040,2000,62610,2933120,5059809078,2208829656,17791170344,19673049044,9792876900,207123100,338588378,105993271136,15429810900,190835,7904504,3333251900,135426461800,1051343604,7586771104,7077394786,559382716,23416066500,440617284,999989973,10027,10657,18174971,981825029,9436526129,2257198000,8440,2359140540,999999243,757,999824557,175443,2359131343,1000,1000,1000,1000,1000,1000,1000,105993101849,15429613200,139163,7929271,3333113600,135424470400,1057214480,7592542230,7077416372,558695876,23415692100,441304124,999989580,10420,11604,18243332,981756668,9436554868,2256899600,7660,2359147040,999999116,884,999819204,180796,2359138496,1000,1000,1000,1000,1000,1000,1000
255000,94740,617312,2540000000,15240000000,10000,60000,9941555179632,22214920,573173509,2414,2539905260,2000,6268,2930097,5079805692,2208864552,17791135448,19672721648,9793761283,206238717,341789775,106018920554,15489012700,186059,8112767,3341422600,135951307800,1055208286,7616038436,7102560259,559533705,23507648700,440466295,999992476,7524,9071,18182512,981817488,9470078488,2266046900,8019,2367531820,999994428,5572,999834171,165829,2367518229,1000,1000,1000,1000,1000,1000,1000,106018684270,15488853400,184940,8062148,3341467800,135949534000,1062598784,7623337984,7102627378,558842594,23507252100,441157406,999998064,1936,18970,18208992,981791008,9470164108,2265730300,82,2367554000,999982812,17188,999838270,161730,2367536730,1000,1000,1000,1000,1000,1000,1000
256000,95170,639485,2550000000,15300000000,10000,60000,9941353605038,24207561,577544158,1541,2549904830,2000,57874,2935119,5099806578,2208917399,17791082601,19672371401,9794592741,205407259,344994219,106044570169,15548213800,201595,8058100,3349816500,136476261200,1057994404,7644234004,7127724713,559680888,23599223100,440319112,999998776,1224,18788,18246175,981753825,9503627525,2274870900,91,2375919180,999983723,16277,999831788,168212,2375902812,1000,1000,1000,1000,1000,1000,1000,106044302968,15548065300,224164,8047411,3349853300,136474565000,1068916487,7655068637,7127801531,559003719,23598843600,440996281,999995063,4937,1644,18281513,981718487,9503727587,2274534200,8641,2375958060,999976637,23363,999834944,165056,2375926056,1000,1000,1000,1000,1000,1000,1000
257000,93770,624708,2560000000,15360000000,10000,60000,9941154885821,23313742,578994006,11521,2559906230,2000,601,2917146,5119789418,2208946563,17791053437,19672058437,9795443974,204556026,348207092,106070241099,15607403100,162870,7719979,3358441900,137001109400,1064151666,7675795616,7152885512,559740704,23690717400,440259296,999991427,8573,94323,18304611,981695389,9537180489,2283687600,8062,2384303620,999999419,581,999820223,179777,2384294977,1000,1000,1000,1000,1000,1000,1000,106069916283,15607295800,150363,7735992,3358585500,136999558000,1072018675,7683579075,7153064951,559049207,23690296800,440950793,999984589,15411,86782,18190431,981809569,9537416669,2283338700,45,2384361560,999990203,9797,999823282,176718,2384351718,1000,1000,1000,1000,1000,1000,1000
258000,94800,620212,2570000000,15420000000,10000,60000,9940957083083,21534487,579514162,10619,2569905200,2000,61791,2916413,5139789162,2208979070,17791020930,19671708630,9796347007,203652993,351410269,106095888982,15666659000,166408,7969917,3366655600,137526365200,1068717339,7705782789,7178092999,559988663,23782367700,440011337,999997593,2407,10330,18249631,981750369,9570785169,2292568000,81,2392708740,999983511,16489,999835930,164070,2392692170,1000,1000,1000,1000,1000,1000,1000,106095527586,15666512800,179053,7716453,3366994200,137524552800,1076564758,7713535208,7178243873,559204576,23781855900,440795424,999996289,3711,102613,18222140,981777860,9570988960,2292157900,41,2392753740,999991388,8612,999826813,173187,2392745087,1000,1000,1000,1000,1000,1000,1000
259000,95490,628482,2580000000,15480000000,10000,60000,9940760121815,18908754,579285297,11109,2579904510,2000,5267,2916241,5159786802,2209022569,17790977431,19671363531,9797153639,202846361,354613941,106121469750,15725881700,159964,7965226,3375097400,138051381800,1073131529,7735607679,7203332740,560135521,23873918400,439864479,999998159,1841,8138,18214398,981785602,9604440602,2301367900,44,2401117060,999990846,9154,999821538,178462,2401107862,1000,1000,1000,1000,1000,1000,1000,106121154938,15725713100,216502,7689562,3375337700,138049517400,1081377872,7743758572,7203391980,559365973,23873449500,440634027,999989253,10747,91680,18328800,981671200,9604522300,2300958600,8220,2401139560,999998980,1020,999821380,178620,2401130320,1000,1000,1000,1000,1000,1000,1000
260000,94660,632975,2590000000,15540000000,10000,60000,9940553315583,26165351,588884496,11035,2589905340,2000,989,2912935,5179788610,2209109734,17790890266,19670978666,9798010045,201989955,357816255,106147113523,15785094400,150082,7745357,3383701400,138576284000,1078473144,7766354094,7228505410,560184042,23965396800,439815958,999995477,4523,103835,18217425,981782575,9638005175,2310206800,8220,2409514100,999993885,6115,999832735,167265,2409499765,1000,1000,1000,1000,1000,1000,1000,106146805022,15784952300,186211,8047325,3383372800,138574594200,1085218842,7773011942,7228601105,559594870,23965096200,440405130,999987481,12519,11811,18311406,981688594,9638133094,2309775600,8193,2409545320,999994862,5138,999834111,165889,2409531989,1000,1000,1000,1000,1000,1000,1000
261000,95340,629144,2600000000,15600000000,10000,60000,9940353583615,26325572,591378264,11890,2599904660,2000,5201,2922052,5199785540,2209153387,17790846613,19670618613,9798881588,201118412,361012228,106172681561,15844307300,195045,7821017,3392047500,139101265000,1083717915,7797008565,7253714614,560356400,24056973600,439643600,999995402,4598,91602,18237388,981762612,9671616512,2319001400,42,2417910860,999991080,8920,999824102,175898,2417901898,1000,1000,1000,1000,1000,1000,1000,106172457161,15844172700,139195,7696284,3392142900,139099638200,1089151290,7802357090,7253817841,559670550,24056580900,440329450,999980602,19398,85452,18240411,981759589,9671756589,2318653500,55,2417940400,999998403,1597,999822352,177648,2417938748,1000,1000,1000,1000,1000,1000,1000
262000,94680,644774,2610000000,15660000000,10000,60000,9940161971893,18351127,585739923,11000,2609905320,2000,501,2918856,5219788640,2209206920,17790793080,19670277080,9799745724,200254276,364215664,106198276985,15903546800,223587,8032766,3400305600,139626431200,1087234894,7825943494,7278928103,560573128,24148604700,439426872,999996352,3648,18624,18201621,981798379,9705233979,2327852000,49,2426316400,999989525,10475,999823724,176276,2426305876,1000,1000,1000,1000,1000,1000,1000,106198015128,15903389500,229484,8069992,3400207900,139624631000,1094795481,7833411231,7278988192,559900271,24148226100,440099729,999994975,5025,15304,18289312,981710688,9705317488,2327466700,8120,2426337720,999999696,304,999828704,171296,2426329296,1000,1000,1000,1000,1000,1000,1000
263000,95890,637270,2620000000,15720000000,10000,60000,9939956852215,23875080,593643308,10391,2619904110,2000,5782,2923890,5239787438,2209245895,17790754105,19669942205,9800572430,199427570,367416768,106223980883,15962755200,167033,8183596,3408440800,140151296800,1091916137,7856027787,7304093595,560727131,24240192300,439272869,999998503,1497,10972,18252077,981747923,9738785723,2336653600,101,2434709440,999982789,17211,999839772,160228,2434692128,1000,1000,1000,1000,1000,1000,1000,106223716296,15962610200,155291,7643163,3408955300,140149639600,1099302961,7863329161,7304183661,559961246,24239700600,440038754,999996175,3825,107229,18294168,981705832,9738910932,2336289500,8221,2434737340,999998152,1848,999830529,169471,2434727271,1000,1000,1000,1000,1000,1000,1000
264000,94520,640995,2630000000,15780000000,10000,60000,9939763956396,17181461,589321494,10285,2629905480,2000,925,2928343,5259790390,2209280057,17790719943,19669600743,9801406597,198593403,370618287,106249627019,16021974200,143401,7616841,3417350800,140676373200,1096480417,7886006967,7329285060,560782183,24331659000,439217817,999994223,5777,106240,18279780,981720220,9772379620,2345472600,8080,2443104020,999998620,1380,999826540,173460,2443094560,1000,1000,1000,1000,1000,1000,1000,106249339829,16021818800,132737,8112601,3416889000,140674548800,1103919163,7893351113,7329401246,560204661,24331357200,439795339,999993283,6717,13622,18270876,981729124,9772532024,2345106100,50,2443139740,999991088,8912,999824122,175878,2443130778,1000,1000,1000,1000,1000,1000,1000
265000,92650,628979,2640000000,15840000000,10000,60000,9939563932523,17613681,592133698,11557,2639907350,2000,990,2927231,5279791586,2209321804,17790678196,19669266496,9802222309,197777691,373815095,106275134274,16081193700,207703,8240261,3425281400,141201305800,1100049890,7914982290,7354527617,561019828,24423306600,438980172,999990787,9213,10059,18206342,981793658,9806035558,2354294000,8565,2451520300,999996206,3794,999820959,179041,2451507941,1000,1000,1000,1000,1000,1000,1000,106274954499,16081031700,187338,7853182,3425509300,141199490600,1109548541,7924387741,7354553963,560268275,24422849700,439731725,999996154,3846,100479,18353816,981646184,9806066484,2353904800,39,2451528960,999983600,16400,999840779,159221,2451512521,1000,1000,1000,1000,1000,1000,1000
266000,92600,623399,2650000000,15900000000,10000,60000,9939360949257,21037980,598049459,1235,2649907400,2000,1096,2954349,5299812330,2209388637,17790611363,19668894463,9802962031,197037969,377019161,106300766164,16140446400,209097,7976005,3433875400,141726556000,1104794338,7945148288,7379734415,561170808,24514865100,438829192,999989395,10605,12887,18277572,981722428,9839645628,2363046200,7891,2459919880,999999224,776,999827287,172713,2459911213,1000,1000,1000,1000,1000,1000,1000,106300581172,16140242800,219192,8105820,3433599100,141724521600,1113974967,7954227217,7379722276,560508498,24514515900,439491502,999997386,2614,11488,18433212,981566788,9839623988,2362709000,88,2459918940,999982860,17140,999836588,163412,2459901712,1000,1000,1000,1000,1000,1000,1000
267000,95020,636326,2660000000,15960000000,10000,60000,9939164979411,17402862,596801956,1585,2659904980,2000,5215,2933304,5319806790,2209429473,17790570527,19668565727,9803748516,196251484,380214306,106326376047,16199664200,186196,8154392,3442114100,142251453200,1109211745,7974969545,7404955117,561323782,24606422400,438676218,999994163,5837,17381,18244664,981755336,9873273236,2371849100,8081,2468326960,999999240,760,999830481,169519,2468318119,1000,1000,1000,1000,1000,1000,1000,106326191478,16199473800,166194,7706861,3442400500,142249540400,1118726864,7984388914,7404968971,560532615,24605961900,439467385,999984539,15461,109724,18391053,981608947,9873291447,2371491900,8201,2468332220,999998457,1543,999827224,172776,2468322476,1000,1000,1000,1000,1000,1000,1000
268000,96050,629886,2670000000,16020000000,10000,60000,9938957679104,25104029,606890952,1457,2669903950,2000,62599,2942737,5339804986,2209471133,17790528867,19668236667,9804559983,195440017,383404169,106352076846,16258869400,147680,7777826,3450777500,142776393200,1113388805,8004554705,7430120508,561389020,24697916700,438610980,999997562,2438,103842,18315334,981684666,9906823266,2380655600,7988,2476722980,999987766,12234,999834842,165158,2476702758,1000,1000,1000,1000,1000,1000,1000,106351771557,16258680300,209483,7872853,3450678100,142774433400,1123685760,8014752810,7430171050,560685565,24697530300,439314435,999997245,2755,108580,18393630,981606370,9906889070,2380305200,90,2476735100,999983010,16990,999828180,171820,2476718020,1000,1000,1000,1000,1000,1000,1000
269000,96470,631256,2680000000,16080000000,10000,60000,9938763695428,19467768,603616166,10309,2679903530,2000,5280,2910856,5359786442,2209481896,17790518104,19667924104,9805359164,194640836,386596706,106377578966,16318123700,229899,8150844,3458915100,143301598600,1119270369,8035854819,7455367260,561643748,24789565800,438356252,999997703,2297,5355,18298695,981701305,9940487605,2389427800,8170,2485134740,999993775,6225,999834455,165545,2485120345,1000,1000,1000,1000,1000,1000,1000,106377373765,16317939200,200887,7735777,3459253000,143299708000,1127019295,8043508645,7455405834,560841075,24789092700,439158925,999991959,8041,93484,18356250,981643750,9940540850,2389121100,8338,2485144140,999999214,786,999825484,174516,2485135016,1000,1000,1000,1000,1000,1000,1000
270000,95150,637115,2690000000,16140000000,10000,60000,9938566866969,16733474,603289929,11474,2689904850,2000,63872,2913403,5379786752,2209548543,17790451457,19667556657,9806146277,193853723,389789329,106403281425,16377337000,161732,8096274,3467247900,143826561200,1122822224,8064815174,7480555001,561781640,24881137500,438218360,999989959,10041,4619,18351618,981648382,9974069582,2398213600,8221,2493534060,999988742,11258,999836519,163481,2493514581,1000,1000,1000,1000,1000,1000,1000,106402993646,16377161700,214293,8094533,3467294200,143824739400,1132582839,8074483839,7480604993,561085995,24880750200,438914005,999991808,8192,4313,18375520,981624480,9974136680,2397930100,8341,2493549960,999990068,9932,999828013,171987,2493531687,1000,1000,1000,1000,1000,1000,1000
271000,93890,637291,2700000000,16200000000,10000,60000,9938361100242,22913452,611906183,10513,2699906110,2000,58359,2924437,5399791194,2209599694,17790400306,19667212506,9806915283,193084717,392983577,106428821214,16436568400,171454,7777449,3476027500,144351595200,1128409678,8095813328,7505817271,561836955,24972594300,438163045,999982511,17489,91056,18306785,981693215,10007755815,2406983600,97,2501940280,999998361,1639,999822556,177444,2501938544,1000,1000,1000,1000,1000,1000,1000,106428648869,16436385900,218262,7662325,3476073300,144349791000,1136177322,8103491022,7505783640,561140741,24972229200,438859259,999998718,1282,100277,18425537,981574463,10007704063,2406739300,106,2501942900,999977629,22371,999838077,161923,2501920423,1000,1000,1000,1000,1000,1000,1000
272000,94240,622182,2710000000,16260000000,10000,60000,9938166874828,17561614,609002651,2306,2709905760,2000,62160,2941529,5419806908,2209644942,17790355058,19666855958,9807670871,192329129,396170379,106454456100,16495787900,183979,8006607,3484137500,144876630200,1134062499,8126878399,7530993121,562071301,25064241300,437928699,999991094,8906,18693,18379372,981620628,10041324028,2415772300,8193,2510339500,999999600,400,999825193,174807,2510330907,1000,1000,1000,1000,1000,1000,1000,106454208305,16495615400,171431,8066246,3484144500,144874778000,1139715559,8132437259,7531065227,561369800,25063846200,438630200,999985212,14788,15612,18316185,981683815,10041420115,2415535100,49,2510355500,999999437,563,999817112,182888,2510354888,1000,1000,1000,1000,1000,1000,1000
273000,94740,629480,2720000000,16320000000,10000,60000,9937959415640,25395392,619245877,11410,2719905260,2000,57043,2926885,5439787700,2209645632,17790354368,19666550268,9808435435,191564565,399359035,106479989329,16555021400,237089,7750930,3492881400,145401675600,1138834411,8157061461,7556229307,562134956,25155708600,437865044,999989562,10438,104506,18356699,981643301,10074972201,2424557900,8421,2518751940,999999375,625,999824406,175594,2518742894,1000,1000,1000,1000,1000,1000,1000,106479878995,16554810400,195946,8000665,3492489300,145399539200,1144132116,8162252016,7556185226,561453070,25155360900,438546930,999998717,1283,99847,18455821,981544179,10074907179,2424306200,8520,2518749840,999980633,19367,999848647,151353,2518721953,1000,1000,1000,1000,1000,1000,1000
274000,97210,631567,2730000000,16380000000,10000,60000,9937768565598,16660192,612997282,10316,2729902790,2000,537,2914642,5459784948,2209702390,17790297610,19666202110,9809127678,190872322,402550126,106505658104,16614235800,217011,8056170,3500854300,145926656400,1143118653,8186755203,7581416084,562382299,25247376300,437617701,999998504,1496,11405,18456721,981543279,10108549079,2433304600,86,2527150180,999982901,17099,999829705,170295,2527132995,1000,1000,1000,1000,1000,1000,1000,106505414112,16614074400,200592,8061335,3500905800,145924884800,1149066693,8192612693,7581488811,561684319,25246983300,438315681,999992687,7313,8668,18403457,981596543,10108648243,2433057900,53,2527170000,999989485,10515,999822968,177032,2527159432,1000,1000,1000,1000,1000,1000,1000
275000,91870,626619,2740000000,16440000000,10000,60000,9937561632503,24031140,622836194,11385,2739908130,2000,57572,2924164,5479793490,2209768043,17790231957,19665830457,9809858836,190141164,405739726,106531229609,16673453400,209794,8264641,3509089600,146451534800,1148367963,8217407213,7606652848,562539030,25338927300,437460970,999997831,2169,12601,18415053,981584947,10142199547,2442089000,50,2535559500,999987249,12751,999828201,171799,2535546699,1000,1000,1000,1000,1000,1000,1000,106531080507,16673281400,135685,8079422,3509179100,146449751600,1152959296,8221908596,7606683801,561819533,25338539100,438180467,999990897,9103,19064,18447263,981552737,10142244937,2441823600,8571,2535570100,999999607,393,999821664,178336,2535561136,1000,1000,1000,1000,1000,1000,1000
276000,96080,632874,2750000000,16500000000,10000,60000,9937366906278,19184493,620406367,1440,2749903920,2000,568,2939914,5499804960,2209834471,17790165529,19665473529,9810651606,189348394,408933566,106556869067,16732681700,228998,7736324,3517977300,146976660200,1151644109,8246100159,7631824061,562583832,25430403600,437416168,999998287,1713,108955,18471094,981528906,10175762406,2450909000,8349,2543955720,999990974,9026,999831255,168745,2543938345,1000,1000,1000,1000,1000,1000,1000,106556717836,16732507800,139685,8086540,3517544200,146974821200,1158903549,8253266399,7631888502,561990837,25430124900,438009163,999996844,3156,3507,18484705,981515295,10175844895,2450614000,44,2543975760,999980677,19323,999825707,174293,2543956393,1000,1000,1000,1000,1000,1000,1000
277000,94910,626449,2760000000,16560000000,10000,60000,9937167953741,18551903,622234395,2620,2759905090,2000,56679,2931252,5519804940,2209888444,17790111556,19665120956,9811365988,188634012,412117228,106582507737,16791926400,153004,7702177,3526372100,147501764800,1156006818,8275876318,7657080120,562733283,25521961800,437266717,999988030,11970,99547,18447427,981552573,10209439873,2459664300,8086,2552368700,999999139,861,999827647,172353,2552359753,1000,1000,1000,1000,1000,1000,1000,106582197352,16791761100,224367,8128423,3526045500,147499967800,1163662704,8283440554,7657144369,562126812,25521659400,437873188,999995585,4415,14573,18438204,981561796,10209522696,2459389400,45,2552387760,999990612,9388,999827073,172927,2552378327,1000,1000,1000,1000,1000,1000,1000
278000,96140,635929,2770000000,16620000000,10000,60000,9936968553969,18361642,624460718,1348,2769903860,2000,57908,2934752,5539805024,2209928211,17790071789,19664775189,9812141128,187858872,415305452,106608119605,16851164500,178685,7697355,3534785700,148026872200,1163215221,8308499171,7682292620,562891402,25613529300,437108598,999995932,4068,103530,18474610,981525390,10243049490,2468447200,100,2560778980,999977990,22010,999839730,160270,2560756870,1000,1000,1000,1000,1000,1000,1000,106607899832,16850968100,168386,8066760,3534395500,148024913000,1165620942,8310806992,7682322340,562268458,25613230500,437731542,999991564,8436,20706,18491966,981508034,10243090634,2468193500,88,2560785840,999982542,17458,999827706,172294,2560768294,1000,1000,1000,1000,1000,1000,1000
279000,95480,630078,2780000000,16680000000,10000,60000,9936766186312,21097699,629638530,11846,2779904520,2000,464,2911683,5559785348,2209931411,17790068589,19664474789,9812864237,187135763,418493385,106633713828,16910399500,150620,8088115,3542807900,148551903800,1168186351,8338880401,7707541351,563134046,25705168200,436865954,999999562,438,11616,18446265,981553735,10276716235,2477214200,77,2569191660,999983301,16699,999836516,163484,2569174884,1000,1000,1000,1000,1000,1000,1000,106633415331,16910200900,236454,7839249,3543070100,148549911400,1169894707,8340489057,7707539470,562332874,25704695400,437667126,999996969,3031,111795,18515725,981484275,10276718775,2476942000,7760,2569188620,999998445,1555,999832895,167105,2569179305,1000,1000,1000,1000,1000,1000,1000
280000,95190,621333,2790000000,16740000000,10000,60000,9936570934459,16764534,627726076,10923,2789904810,2000,62779,2920868,5579787774,2209983193,17790016807,19664124607,9813642692,186357308,421683366,106659299529,16969609500,181697,8184730,3551103000,149076843000,1172277070,8368378570,7732734215,563284578,25796744700,436715422,999994320,5680,3242,18487827,981512173,10310308473,2486000200,8161,2577593860,999988559,11441,999832242,167758,2577574258,1000,1000,1000,1000,1000,1000,1000,106659128376,16969414200,142181,8088032,3551114600,149074911600,1174932118,8370937318,7732750190,562576063,25796355000,437423937,999996282,3718,18919,18529229,981470771,10310330471,2485746900,52,2577589680,999990653,9347,999823519,176481,2577580281,1000,1000,1000,1000,1000,1000,1000
281000,94520,635513,2800000000,16800000000,10000,60000,9936370636325,17474243,630956840,2602,2799905480,2000,446,2940941,5599805756,2210031468,17789968532,19663781032,9814332719,185667281,424874375,106684921358,17028839000,177965,8103897,3559509900,149601885200,1176072029,8397584979,7757948853,563427298,25888302300,436572702,999999039,961,9341,18561388,981438612,10343924712,2494726700,85,2585997220,999978724,21276,999837241,162759,2585975859,1000,1000,1000,1000,1000,1000,1000,106684675403,17028650300,213428,8048171,3559601700,149600034200,1180358212,8401779062,7757954300,562726769,25887915000,437273231,999998146,1854,21277,18556777,981443223,10343938923,2494537400,8166,2585993220,999999569,431,999823977,176023,2585984623,1000,1000,1000,1000,1000,1000,1000
282000,94740,628719,2810000000,16860000000,10000,60000,9936170232455,18287757,634188424,11715,2809905260,2000,5838,2919577,5619787090,2210081612,17789918388,19663436988,9815078983,184921017,428060073,106710581076,17088069300,171129,7666951,3568275300,150126965000,1181574397,8428501047,7783123857,563481462,25979785200,436518538,999998897,1103,100335,18626478,981373522,10377491222,2503519600,8473,2594397600,999978238,21762,999848635,151365,2594367365,1000,1000,1000,1000,1000,1000,1000,106710311297,17087884000,149435,8168342,3567845500,150125023200,1184035946,8430864396,7783198911,562885431,25979481300,437114569,999996475,3525,9544,18545433,981454567,10377597967,2503286400,9041,2594409840,999998257,1743,999828044,171956,2594399056,1000,1000,1000,1000,1000,1000,1000
283000,94110,614235,2820000000,16920000000,10000,60000,9935969797577,19155410,637484201,10509,2819905890,2000,6091,2929329,5639790762,2210164087,17789835913,19663068513,9815841351,184158649,431240813,106736134139,17147302800,170333,7734921,3576687800,150652000000,1187199420,8459536570,7808386212,563621342,26071329900,436378658,999998266,1734,101424,18553312,981446688,10411176488,2512316000,40,2602805700,999984616,15384,999838224,161776,2602790276,1000,1000,1000,1000,1000,1000,1000,106735846011,17147117800,204690,7794490,3576694900,150650143600,1187598854,8459843104,7808440747,562930675,26070954000,437069325,999977742,22258,89967,18530220,981469780,10411253680,2512075300,39,2602814920,999998052,1948,999816367,183633,2602812933,1000,1000,1000,1000,1000,1000,1000
284000,96230,639680,2830000000,16980000000,10000,60000,9935772197481,17147657,637909467,11496,2829903770,2000,57523,2923062,5659784548,2210199038,17789800962,19662739162,9816582158,183417842,434420906,106761700441,17206551300,190234,8109636,3584759000,151177139400,1191630467,8489382767,7833626767,563864488,26162977200,436135512,999998513,1487,9225,18546858,981453142,10444831742,2521079300,8443,2611225260,999988158,11842,999841725,158275,2611204975,1000,1000,1000,1000,1000,1000,1000,106761494637,17206323400,184933,8196703,3584625100,151175022000,1192271580,8489920030,7833619340,563151894,26162603400,436848106,999980084,19916,14790,18578450,981421550,10444825450,2520866500,8200,2611215320,999998990,1010,999820390,179610,2611206110,1000,1000,1000,1000,1000,1000,1000
285000,96570,614324,2840000000,17040000000,10000,60000,9935565737053,24014539,647244851,10568,2839903430,2000,6247,2914088,5679785724,2210237492,17789762508,19662400208,9817285512,182714488,437601736,106787218310,17265805200,234960,7755534,3593597300,151702293600,1196175864,8519343564,7858896024,563926327,26254429800,436073673,999999017,983,100790,18530866,981469134,10478523734,2529811000,8136,2619648740,999987106,12894,999842090,157910,2619627710,1000,1000,1000,1000,1000,1000,1000,106787147991,17265576900,157910,7966108,3593215700,151700277000,1196965665,8520035865,7858836305,563302328,26254163100,436697672,999983095,16905,14967,18597262,981402738,10478448138,2529658500,8521,2619621160,999999194,806,999824667,175333,2619611833,1000,1000,1000,1000,1000,1000,1000
286000,94160,626068,2850000000,17100000000,10000,60000,9935371113903,19014724,644761861,11881,2849905840,2000,447,2916819,5699787918,2210247627,17789752373,19662089573,9817951061,182048939,440781379,106812849925,17325025100,184854,7666226,3601966200,152227247000,1201681855,8550256655,7884125705,564066428,26345975700,435933572,999997121,2879,110693,18609388,981390612,10512164312,2538500400,8469,2628056960,999990116,9884,999836893,163107,2628038607,1000,1000,1000,1000,1000,1000,1000,106812734286,17324802200,182478,8080141,3601552400,152225276400,1200637330,8549116830,7884061491,563465690,26345727000,436534310,999998278,1722,15388,18582697,981417303,10512075903,2538457200,93,2628032760,999981745,18255,999828788,171212,2628014412,1000,1000,1000,1000,1000,1000,1000
287000,95110,624731,2860000000,17160000000,10000,60000,9935170031790,20522873,648800127,1472,2859904890,2000,56470,2939518,5719806836,2210311763,17789688237,19661724037,9818621882,181378118,443959618,106838467653,17384260900,139641,8132527,3609883400,152752268200,1206207331,8580191481,7909368524,564310888,26437633800,435689112,999988686,11314,6198,18593274,981406726,10545822526,2547259900,9040,2636469560,999993482,6518,999838598,161402,2636454002,1000,1000,1000,1000,1000,1000,1000,106838253769,17384027900,211528,8213168,3609873300,152750248600,1205240268,8579127318,7909311299,563622285,26437281300,436377715,999995884,4116,9399,18563200,981436800,10545747900,2547209200,43,2636438140,999998504,1496,999817199,182801,2636436601,1000,1000,1000,1000,1000,1000,1000
288000,97440,625909,2870000000,17220000000,10000,60000,9934972368010,18553547,649221942,11525,2869902560,2000,5799,2925025,5739782070,2210308357,17789691643,19661422643,9819394915,180605085,447138285,106864094333,17443472200,149217,7709474,3618650200,153277240400,1212677324,8612070824,7934564407,564366819,26529104700,435633181,999995469,4531,107350,18657743,981342257,10579412557,2556031500,93,2644868200,999980043,19957,999837050,162950,2644848150,1000,1000,1000,1000,1000,1000,1000,106863969632,17443291500,189195,7646241,3618762600,153275561400,1207986318,8607297468,7934493495,563685114,26528772000,436314886,999996923,3077,102109,18630914,981369086,10579314986,2556007200,47,2644850560,999970978,29022,999847709,152291,2644821491,1000,1000,1000,1000,1000,1000,1000
289000,94500,632483,2880000000,17280000000,10000,60000,9934775404808,15943473,649088304,12055,2879905500,2000,501,2914441,5759786890,2210374581,17789625419,19661062319,9820086319,179913681,450316709,106889604777,17502734700,218826,7697330,3627173300,153802487000,1217936006,8642749606,7959824405,564528663,26620659900,435471337,999999264,736,101001,18636296,981363704,10613092604,2564790800,93,2653288100,999980192,19808,999839301,160699,2653268199,1000,1000,1000,1000,1000,1000,1000,106889529047,17502510400,161871,7711013,3627129300,153800494400,1211900310,8636617410,7959755008,563831126,26620311900,436168874,999998732,1268,100306,18589198,981410802,10613003102,2564765700,8820,2653267640,999989274,10726,999828106,171894,2653248094,1000,1000,1000,1000,1000,1000,1000
290000,96570,631082,2890000000,17340000000,10000,60000,9934571487132,20259471,655898528,10711,2889903430,2000,1005,2923719,5779785438,2210405103,17789594897,19660728997,9820776221,179223779,453491559,106915253242,17561986800,152413,7848953,3635368500,154327687200,1222605007,8672837107,7985077785,564765964,26712296700,435234036,999996249,3751,13085,18639800,981360200,10646764300,2573537500,85,2661704840,999981760,18240,999836085,163915,2661686515,1000,1000,1000,1000,1000,1000,1000,106915113424,17561746000,199839,8058076,3635168500,154325592000,1216399556,8666530806,7984957738,564070689,26711973600,435929311,999992010,7990,4421,18638583,981361417,10646607817,2573532600,7740,2661665320,999992499,7501,999833421,166579,2661650079,1000,1000,1000,1000,1000,1000,1000
291000,97100,618985,2900000000,17400000000,10000,60000,9934374490305,17712821,655924991,1444,2899902900,2000,61690,2946658,5799802912,2210500826,17789499174,19660336074,9821406522,178593478,456672034,106940757178,17621214000,161001,8080522,3643574300,154852576000,1228057629,8703691879,8010351834,564921999,26803840800,435078001,999997692,2308,7593,18632159,981367841,10680468941,2582221900,8360,2670125980,999999487,513,999828393,171607,2670117107,1000,1000,1000,1000,1000,1000,1000,106940728435,17620949000,213355,7753010,3643827500,154850482000,1220090946,8695627446,8010146345,564126163,26803450800,435873837,999995393,4607,100430,18691085,981308915,10680190415,2582315500,35,2670058240,999985865,14135,999831930,168070,2670044070,1000,1000,1000,1000,1000,1000,1000
292000,95950,631475,2910000000,17460000000,10000,60000,9934172587158,20013749,660719171,9779,2909904050,2000,5687,2924280,5819788542,2210525007,17789474993,19660004793,9822070760,177929240,459851902,106966349830,17680453600,185905,7707159,3652314700,155377661600,1233792737,8734839887,8035582659,564987760,26895314100,435012240,999999405,595,100745,18707086,981292914,10714102514,2590925400,91,2678543040,999976906,23094,999839445,160555,2678519855,1000,1000,1000,1000,1000,1000,1000,106966304594,17680181000,208309,8074312,3651928200,155375526000,1223575201,8724522951,8035391684,564358865,26895081300,435641135,999994866,5134,17101,18675117,981324883,10713852883,2591082000,34,2678469320,999991913,8087,999824301,175699,2678461199,1000,1000,1000,1000,1000,1000,1000
293000,94310,629848,2920000000,17520000000,10000,60000,9933977047941,15962568,659213518,2550,2919905690,2000,63142,2949470,5839806280,2210573109,17789426891,19659660391,9822729870,177270130,463031350,106991888414,17739654400,194859,8201046,3660231100,155902472000,1238650353,8765098053,8060814418,565194182,26986946400,434805818,999973473,26527,17191,18709973,981290027,10747752127,2599674300,8260,2686947260,999998709,1291,999821291,178709,2686937709,1000,1000,1000,1000,1000,1000,1000,106991946077,17739402600,218593,7892522,3660445000,155900459600,1227855557,8754208957,8060573519,564425693,26986578000,435574307,999999183,817,102090,18759271,981240729,10747421229,2599830500,101,2686878200,999969611,30389,999848090,151910,2686847710,1000,1000,1000,1000,1000,1000,1000
294000,96120,632416,2930000000,17580000000,10000,60000,9933775542344,17864785,663591836,2407,2929903880,2000,5820,2935105,5859802946,2210603229,17789396771,19659330371,9823417875,176582125,466209821,107017476220,17798910200,220855,7884223,3668993200,156427639600,1243550119,8795413819,8086051653,565287926,27078420600,434712074,999998651,1349,102825,18707572,981292428,10781395428,2608441600,37,2695364140,999979672,20328,999839025,160975,2695343775,1000,1000,1000,1000,1000,1000,1000,107017524580,17798660100,184314,8011539,3668725500,156425710600,1232173545,8783947945,8085846643,564662234,27078205500,435337766,999997432,2568,9498,18741155,981258845,10781126945,2608569400,7841,2695293880,999994263,5737,999830998,169002,2695280302,1000,1000,1000,1000,1000,1000,1000
295000,95000,636385,2940000000,17640000000,10000,60000,9933571605805,22216579,670467582,2484,2939905000,2000,5876,2941071,5879805032,2210653084,17789346916,19658979416,9824074769,175925231,469384701,107043046937,17858154600,181756,8177360,3677107500,156952734800,1246710823,8823987423,8111326915,565510355,27170046900,434489645,999983686,16314,9231,18681816,981318184,10815102084,2617167900,8343,2703784920,999998592,1408,999826231,173769,2703775169,1000,1000,1000,1000,1000,1000,1000,107043131097,17857879700,203097,7986238,3677108100,156950728200,1238184766,8815370316,8111052899,564816707,27169775400,435183293,999997305,2695,12198,18803099,981196901,10814732201,2617327200,45,2703694340,999985007,14993,999829298,170702,2703679302,1000,1000,1000,1000,1000,1000,1000
296000,96050,623349,2950000000,17700000000,10000,60000,9933372024119,22194887,672924342,10966,2949903950,2000,581,2921487,5899785968,2210682106,17789317894,19658646194,9824750293,175249707,472558261,107068685836,17917375000,162510,7674867,3685882100,157477774800,1251616783,8854305833,8136531519,565586980,27261528000,434413020,999991162,8838,94382,18791363,981208637,10848708437,2625881400,8137,2712185820,999999235,765,999819982,180018,2712176918,1000,1000,1000,1000,1000,1000,1000,107068658625,17917130700,201439,7817955,3685792100,157475800600,1242474037,8845070237,8136334604,564880111,27261235800,435119889,999987199,12801,88588,18711784,981288216,10848445716,2626096600,8020,2712120400,999998732,1268,999827188,172812,2712111112,1000,1000,1000,1000,1000,1000,1000
297000,94900,632738,2960000000,17760000000,10000,60000,9933179094209,15561144,668854966,2492,2959905100,2000,63446,2937206,5919805216,2210749653,17789250347,19658269747,9825375074,174624926,475731690,107094239778,17976610200,200113,8116082,3693844300,158002795600,1256248449,8884346899,8161759946,565816230,27353175300,434183770,999979227,20773,8997,18836151,981163849,10882345949,2634601500,8480,2720596420,999998063,1937,999827297,172703,2720586003,1000,1000,1000,1000,1000,1000,1000,107094224471,17976379000,236745,7730429,3694324400,158000978000,1246943167,8874956917,8161584656,565034195,27352785000,434965805,999996767,3233,97172,18721816,981278184,10882107084,2634847100,100,2720539900,999982628,17372,999829072,170928,2720522428,1000,1000,1000,1000,1000,1000,1000
298000,96740,634068,2970000000,17820000000,10000,60000,9932973266664,21783864,677562933,1419,2969903260,2000,984,2939387,5939803682,2210789328,17789210672,19657935972,9826064313,173935687,478903995,107119945779,18035833200,135091,7774494,3702500400,158527792000,1261487665,8914995515,8186954553,565884719,27444661500,434115281,999998509,1491,100490,18866037,981133963,10915933163,2643399000,8507,2729005840,999981277,18723,999838890,161110,2728978610,1000,1000,1000,1000,1000,1000,1000,107119856760,18035618400,190092,7725742,3702655500,158526012800,1250945933,8904369433,8186813574,565187108,27444339000,434812892,999999292,708,100184,18763310,981236690,10915747290,2643565000,8318,2728954460,999987574,12426,999837684,162316,2728933716,1000,1000,1000,1000,1000,1000,1000
299000,95880,636064,2980000000,17880000000,10000,60000,9932778379437,17056149,675306187,10828,2979904120,2000,57086,2916854,5959786584,2210816286,17789183714,19657615014,9826742866,173257134,482076050,107145457324,18095081200,185321,8126394,3710654400,159052933600,1265716245,8944639445,8212222488,566112448,27536290200,433887552,999997663,2337,17815,18823927,981176073,10949624073,2652163600,82,2737419400,999982267,17733,999833215,166785,2737401585,1000,1000,1000,1000,1000,1000,1000,107145419334,18094858900,160724,8112559,3710691600,159051048200,1255834255,8934667405,8212090641,565417554,27535965300,434582446,999993540,6460,12086,18730845,981269155,10949453055,2652289800,8467,2737374280,999996601,3399,999830186,169814,2737362414,1000,1000,1000,1000,1000,1000,1000
300000,93350,637729,2990000000,17940000000,10000,60000,9932578010547,17870997,678673392,10780,2989906650,2000,5357,2925555,5979791740,2210891844,17789108156,19657231656,9827369645,172630355,485246485,107171062838,18154318300,171040,7714342,3719411200,159578013400,1269412298,8973748348,8237450388,566176164,27627761700,433823836,999997490,2510,103426,18878338,981121662,10983263462,2660884100,8600,2745832840,999988834,11166,999833126,166874,2745813074,1000,1000,1000,1000,1000,1000,1000,107171079327,18154086100,165055,7727246,3719385600,159576097800,1261363216,8965608566,8237276325,565486345,27627457800,434513655,999993639,6361,101694,18839069,981160931,10983025431,2661030800,8747,2745786860,999970993,29007,999846294,153706,2745749106,1000,1000,1000,1000,1000,1000,1000
301000,97040,635525,3000000000,18000000000,10000,60000,9932372226805,24075210,687399207,10378,2999902960,2000,57154,2918433,5999785164,2210946415,17789053585,19656872185,9828006247,171993753,488411811,107196666449,18213556900,165995,7755927,3727778200,160103082600,1274691641,9004439691,8262692020,566329464,27719323200,433670536,999998512,1488,102048,18880828,981119172,11016913572,2669640900,44,2754248960,999972636,27364,999839248,160752,2754221552,1000,1000,1000,1000,1000,1000,1000,107196600093,18213344500,185508,7726643,3727847600,160101262600,1265206780,8994867630,8262563942,565647909,27718999800,434352091,999999676,324,100167,18817225,981182775,11016742975,2669738700,84,2754205960,999973157,26843,999843767,156233,2754179033,1000,1000,1000,1000,1000,1000,1000
302000,95430,620931,3010000000,18060000000,10000,60000,9932176674120,20057386,685964715,11124,3009904570,2000,62146,2925337,6019786892,2211017406,17788982594,19656507794,9828603083,171396917,491585075,107222239116,18272812800,142069,7570463,3736368200,160628288800,1279643985,9034810435,8287954109,566468492,27810857100,433531508,999995487,4513,104795,18863486,981136514,11050605014,2678384500,7781,2762660080,999998606,1394,999828995,171005,2762650905,1000,1000,1000,1000,1000,1000,1000,107222108175,18272561000,226752,8136834,3735827900,160626198000,1269439238,9024506488,8287808991,565883502,27810640800,434116498,999993411,6589,6909,18878418,981121582,11050409182,2678420400,7791,2762616400,999991582,8418,999826309,173691,2762600191,1000,1000,1000,1000,1000,1000,1000
303000,95180,635081,3020000000,18120000000,10000,60000,9931975424065,21728290,690171682,11957,3019904820,2000,532,2923866,6039785726,2211078655,17788921345,19656148945,9829237214,170762786,494756740,107247813212,18332039700,175202,7910188,3744415600,161153331400,1283256841,9063835091,8313169184,566704835,27902508900,433295165,999993673,6327,15738,18914354,981085646,11084225546,2687133400,8480,2771064940,999999902,98,999826838,173162,2771056362,1000,1000,1000,1000,1000,1000,1000,107247711629,18331812900,165103,7712828,3744632900,161151314600,1275048746,9055529296,8313088489,565943310,27902088300,434056690,999998754,1246,100944,18859555,981140445,11084116945,2687132800,8603,2771040180,999996879,3121,999823344,176656,2771028456,1000,1000,1000,1000,1000,1000,1000
304000,95220,634265,3030000000,18180000000,10000,60000,9931777946254,19624428,690645566,11606,3029904780,2000,63680,2921290,6059786348,2211133982,17788866018,19655793518,9829823610,170176390,497923458,107273413212,18391280100,182023,8102298,3752604300,161678341000,1287163326,9093149626,8338391400,566855657,27994085400,433144343,999985202,14798,5245,18956745,981043255,11117850855,2695857500,8830,2779481320,999986965,13035,999848045,151955,2779459455,1000,1000,1000,1000,1000,1000,1000,107273256153,18391069600,187342,7659060,3753112300,161676480000,1280256129,9086152429,8338360303,566086100,27993630000,433913900,999994965,5035,105665,18876262,981123738,11117810338,2695829000,47,2779460280,999989802,10198,999826965,173035,2779450035,1000,1000,1000,1000,1000,1000,1000
305000,94170,632443,3040000000,18240000000,10000,60000,9931576453110,21551747,695119370,1552,3039905830,2000,497,2945567,6079808556,2211204757,17788795243,19655422643,9830472153,169527847,501094209,107298902047,18450512900,232515,8100168,3761101100,162203383400,1292679105,9124076455,8363671627,567010929,28085613300,432989071,999996983,3017,19554,18928827,981071173,11151558673,2704589000,45,2787897580,999989511,10489,999831154,168846,2787887046,1000,1000,1000,1000,1000,1000,1000,107298882057,18450296800,145404,7766604,3761378600,162201476800,1283985405,9115290605,8363593787,566236701,28085206800,433763299,999982088,17912,84487,18871400,981128600,11151455100,2704597500,39,2787871200,999990152,9848,999825087,174913,2787861313,1000,1000,1000,1000,1000,1000,1000
306000,94670,626873,3050000000,18300000000,10000,60000,9931382584879,15805894,691898470,1346,3049905330,2000,56530,2936608,6099807968,2211225173,17788774827,19655102427,9831101772,168898228,504257740,107324473610,18509764900,192023,8110891,3769542400,162728505000,1297240236,9154051186,8388958199,567148470,28177154100,432851530,999979781,20219,15011,18867312,981132688,11185277288,2713334300,8559,2796328580,999999068,932,999823911,176089,2796319089,1000,1000,1000,1000,1000,1000,1000,107324419689,18509536500,220528,8184349,3769380800,162726531400,1288549261,9145265411,8388805620,566480198,28176851700,433519802,999994037,5963,2539,18940419,981059581,11185069981,2713317700,8142,2796285040,999987463,12537,999839839,160161,2796264361,1000,1000,1000,1000,1000,1000,1000
307000,95030,636746,3060000000,18360000000,10000,60000,9931180637476,18143383,696721097,9675,3059904970,2000,469,2930424,6119790590,2211238959,17788761041,19654775841,9831781636,168218364,507428926,107350109337,18568988300,202716,7845123,3778126600,163253475000,1302501428,9184720078,8414145838,567233657,28268646300,432766343,999999008,992,102151,18967913,981032087,11218854587,2722063800,8580,2804736920,999980409,19591,999842251,157749,2804708749,1000,1000,1000,1000,1000,1000,1000,107350047660,18568775400,179539,7721236,3778216100,163251626800,1292512957,9174642707,8414049810,566546172,28268307300,433453828,999998805,1195,101033,18936523,981063477,11218727577,2722079500,44,2804694320,999983491,16509,999838133,161867,2804677767,1000,1000,1000,1000,1000,1000,1000
308000,93700,633740,3070000000,18420000000,10000,60000,9930983954603,15283509,696443587,2253,3069906300,2000,5694,2941584,6139808094,2211332312,17788667688,19654380588,9832378536,167621464,510597030,107375719639,18628233300,183182,8029020,3786278900,163778652200,1307768759,9215405359,8439386105,567477320,28360296000,432522680,999997927,2073,8907,19022302,980977698,11252509898,2730780900,8521,2813147040,999985274,14726,999836307,163693,2813123793,1000,1000,1000,1000,1000,1000,1000,107375592026,18628018900,178851,7721562,3786676600,163776703400,1296413607,9203955207,8439331230,566689312,28359840000,433310688,999998671,1329,108159,18903129,981096871,11252435671,2730808700,92,2813122440,999982093,17907,999831259,168741,2813104441,1000,1000,1000,1000,1000,1000,1000
309000,95260,626791,3080000000,18480000000,10000,60000,9930778317396,21300692,704971048,10388,3079904740,2000,62992,2927552,6159788704,2211354888,17788645112,19654065012,9833017928,166982072,513760732,107401298888,18687452200,182584,7621612,3795053900,164303630800,1312774635,9245820035,8464615952,567528919,28451753400,432471081,999998143,1857,104724,19057572,980942428,11286152728,2739519100,8100,2821550500,999994376,5624,999824624,175376,2821536776,1000,1000,1000,1000,1000,1000,1000,107401092604,18687280800,214708,8184640,3794710600,164301861600,1300533932,9233490182,8464612616,566925096,28451479800,433074904,999987300,12700,6804,18869388,981130612,11286148012,2739526800,8096,2821549920,999993572,6428,999832904,167096,2821535396,1000,1000,1000,1000,1000,1000,1000
310000,95060,624277,3090000000,18540000000,10000,60000,9930577458745,22587182,708892167,1482,3089904940,2000,62883,2940069,6179806916,2211416327,17788583673,19653699073,9833563371,166436629,516928287,107426848503,18746709300,162389,7762746,3803371000,164828735400,1316755473,9275212773,8489905541,567690989,28543307100,432309011,999990853,9147,92464,19005723,980994277,11319873777,2748240400,8011,2829977080,999999167,833,999826464,173536,2829968236,1000,1000,1000,1000,1000,1000,1000,107426670292,18746488200,190179,7878028,3803341000,164826703600,1305742117,9264100067,8489857226,566982560,28542935400,433017440,999990217,9783,99657,18932631,981067369,11319809369,2748201600,8540,2829961480,999999203,797,999820157,179843,2829952143,1000,1000,1000,1000,1000,1000,1000
311000,94370,630206,3100000000,18600000000,10000,60000,9930384187442,16223356,705031074,11392,3099905630,2000,63010,2931742,6199788476,2211427398,17788572602,19653397402,9834214718,165785282,520090694,107452461170,18805949000,150639,7989629,3811503700,165353866000,1321661564,9305534564,8515137613,567927424,28634951700,432072576,999995327,4673,7403,19046490,980953510,11353516010,2756980500,8361,2838389180,999997578,2422,999824603,175397,2838378397,1000,1000,1000,1000,1000,1000,1000,107452305026,18805742500,146134,7663047,3811908500,165351905800,1309995920,9293772220,8515111773,567123139,28634475900,432876861,999998359,1641,110920,18951447,981048553,11353479253,2756932000,47,2838376860,999990667,9333,999822420,177580,2838367480,1000,1000,1000,1000,1000,1000,1000
312000,94920,636355,3110000000,18660000000,10000,60000,9930177932861,22900508,714272453,2447,3109905080,2000,580,2941679,6219805266,2211481969,17788518031,19653039331,9834820961,165179039,523251227,107477958410,18865183200,194555,7806269,3820197900,165878828800,1326093361,9335372261,8540406349,567981782,28726393500,432018218,999996837,3163,109055,19001406,980998594,11387208294,2765722700,8561,2846811020,999999486,514,999823455,176545,2846801945,1000,1000,1000,1000,1000,1000,1000,107477821115,18864992300,211659,8063586,3819980200,165877051000,1314799154,9323990804,8540368945,567367076,28726123500,432632924,999997834,2166,15458,18969213,981030787,11387152787,2765652300,79,2846801340,999982581,17419,999825158,174842,2846783842,1000,1000,1000,1000,1000,1000,1000
313000,95240,633904,3120000000,18720000000,10000,60000,9929977806933,23425069,717342193,10508,3119904760,2000,57336,2922620,6239788504,2211517702,17788482298,19652706598,9835414820,164585180,526409324,107503610661,18924440500,149676,7758316,3828604000,166404015400,1330128791,9364824691,8565649139,568143587,28817961600,431856413,999999266,734,100379,19014940,980985060,11420859960,2774468200,83,2855227580,999983324,16676,999837879,162121,2855210821,1000,1000,1000,1000,1000,1000,1000,107503326519,18924245400,220173,8196739,3828296200,166402103600,1319883269,9354484069,8565657150,567520403,28817664000,432479597,999995367,4633,5964,18956214,981043786,11420875786,2774325800,9102,2855228980,999998758,1242,999825164,174836,2855218636,1000,1000,1000,1000,1000,1000,1000
314000,95310,640446,3130000000,18780000000,10000,60000,9929779944041,21689882,718192246,1529,3129904690,2000,541,2948242,6259806322,2211551223,17788448777,19652367077,9836014998,163985002,529569120,107529167630,18983684100,216566,8099109,3836699500,166929181000,1335434979,9395548279,8590863935,568384087,28909623900,431615913,999990919,9081,2532,19052997,980947003,11454478403,2783237700,41,2863635040,999979469,20531,999843032,156968,2863614468,1000,1000,1000,1000,1000,1000,1000,107528922885,18983494800,183608,8169173,3836690700,166927207200,1323797134,9383810734,8590926876,567679143,28909213200,432320857,999997474,2526,4331,18977655,981022345,11454567445,2783014500,8182,2863653920,999994831,5169,999827031,172969,2863640569,1000,1000,1000,1000,1000,1000,1000
315000,96340,632054,3140000000,18840000000,10000,60000,9929581314560,20721277,719755648,1419,3139903660,2000,487,2933889,6279804482,2211586737,17788413263,19652025163,9836625691,163374309,532726173,107554734838,19042945000,142003,7981901,3845286400,167454359600,1339321754,9424851104,8616183205,568529645,29001135900,431470355,999992592,7408,14947,18943842,981056158,11488244158,2791984400,8841,2872070140,999999654,346,999825347,174653,2872060953,1000,1000,1000,1000,1000,1000,1000,107554462271,19042756700,214678,7634069,3845652800,167452457400,1329082355,9414516355,8616193594,567730516,29000661300,432269484,999996299,3701,101883,19002089,980997911,11488257611,2791719600,8720,2872074280,999998457,1543,999824683,175317,2872064017,1000,1000,1000,1000,1000,1000,1000
316000,96290,643424,3150000000,18900000000,10000,60000,9929382276338,20167406,721828125,2508,3149903710,2000,5745,2932215,6299802404,2211630344,17788369656,19651679156,9837153605,162846395,535882109,107580227785,19102177700,216941,7797355,3853894100,167979352200,1344013127,9454950427,8641432016,568608784,29092614600,431391216,999997026,2974,89542,19012726,980987274,11521908974,2800649800,9140,2880487240,999998858,1142,999826142,173858,2880476958,1000,1000,1000,1000,1000,1000,1000,107580102866,19102011800,145865,7561326,3854079000,167977586000,1333552754,9444400404,8641465798,567877437,29092203000,432122563,999998714,1286,110477,19006379,980993621,11521948321,2800424100,88,2880500840,999981771,18229,999833977,166023,2880482523,1000,1000,1000,1000,1000,1000,1000
317000,95090,621622,3160000000,18960000000,10000,60000,9929188308933,14521872,718803097,9964,3159904910,2000,5199,2926533,6319789892,2211656605,17788343395,19651354595,9837689707,162310293,539044399,107605885870,19161397500,187744,7719724,3862216200,168504317400,1348105038,9484450188,8666643698,568748168,29184177000,431251832,999998406,1594,100438,19150440,980849560,11555516260,2809316400,46,2888898620,999973988,26012,999834638,165362,2888872562,1000,1000,1000,1000,1000,1000,1000,107605652658,19161249300,155754,7617019,3862424200,168502625000,1338665091,9474922991,8666725829,568027257,29183758800,431972743,999991661,8339,103004,19034875,980965125,11555628625,2809118800,103,2888920340,999982559,17441,999830704,169296,2888902796,1000,1000,1000,1000,1000,1000,1000
318000,95130,623904,3170000000,19020000000,10000,60000,9928986792561,16439235,723283413,11169,3169904870,2000,62824,2922676,6339787402,2211696696,17788303304,19651016604,9838285564,161714436,542207066,107631431538,19220654500,150620,8072622,3870332000,169029458600,1352684957,9514444307,8691938808,568986138,29275798500,431013862,999994324,5676,6786,19067978,980932022,11589251322,2818063600,8200,2897321980,999998734,1266,999823286,176714,2897312514,1000,1000,1000,1000,1000,1000,1000,107631127632,19220486000,208934,7786785,3870711400,169027650400,1343201565,9504868965,8692001793,568183311,29275324500,431816689,999971433,28567,76222,19046429,980953571,11589334871,2817802300,43,2897335680,999997441,2559,999818122,181878,2897333078,1000,1000,1000,1000,1000,1000,1000
319000,94960,634734,3180000000,19080000000,10000,60000,9928784566388,19092805,728564995,2380,3179905040,2000,5742,2943070,6359805320,2211768093,17788231907,19650651907,9838837230,161162770,545366350,107657001746,19279914500,171851,7613295,3879222700,169554686600,1357332112,9544510712,8717200983,569043954,29367258000,430956046,999998253,1747,101899,19080516,980919484,11622929184,2826790200,79,2905744660,999983620,16380,999829099,170901,2905728201,1000,1000,1000,1000,1000,1000,1000,107656795864,19279709900,143333,8096628,3878663600,169552565400,1347777212,9534848812,8717221154,568413676,29366950200,431586324,999996875,3125,15599,19134345,980865655,11622956155,2826486000,88,2905751240,999983849,16151,999831699,168301,2905735001,1000,1000,1000,1000,1000,1000,1000
320000,94250,628395,3190000000,19140000000,10000,60000,9928585342152,18704005,730725200,11661,3189905750,2000,489,2932517,6379788178,2211790557,17788209443,19650327143,9839438663,160561337,548527341,107682571835,19339144300,187126,7718272,3887498300,170079652600,1361179100,9573764350,8742433633,569194263,29458813500,430805737,999998950,1050,106487,19129254,980870746,11656571146,2835496300,93,2914158700,999978906,21094,999836287,163713,2914137513,1000,1000,1000,1000,1000,1000,1000,107682309149,19338964000,192352,7627690,3887583600,170077758400,1353117366,9565606766,8742480285,568449730,29458398600,431550270,999980397,19603,111167,19150682,980849318,11656639718,2835203200,8201,2914169620,999998014,1986,999825767,174233,2914159433,1000,1000,1000,1000,1000,1000,1000
321000,95690,634329,3200000000,19200000000,10000,60000,9928386374113,18104604,732718291,1413,3199904310,2000,513,2944493,6399805794,2211855317,17788144683,19649954083,9840020887,159979113,551690081,107708129207,19398399700,175017,8035221,3895583300,170604806600,1364665341,9602665791,8767706472,569441645,29550451200,430558355,999996053,3947,8608,19131236,980868764,11690272364,2844198500,52,2922574740,999991204,8796,999832908,167092,2922565892,1000,1000,1000,1000,1000,1000,1000,107707876862,19398220400,164976,8074553,3895596300,170602878400,1358797017,9596699367,8767772343,568713927,29550036600,431286073,999994473,5527,16946,19090603,980909397,11690360297,2843938100,45,2922596480,999991519,8481,999827746,172254,2922587954,1000,1000,1000,1000,1000,1000,1000
322000,95130,628912,3210000000,19260000000,10000,60000,9928187570751,17319124,734452870,11212,3209904870,2000,62751,2913330,6419787316,2211890175,17788109825,19649601025,9840621750,159378250,554842166,107733605934,19457630600,238589,8166006,3903959800,171129787600,1370665362,9634073262,8792972698,569579242,29641985400,430420758,999991183,8817,21241,19112843,980887157,11723963457,2852924700,8880,2931000060,999999579,421,999824041,175959,2930990759,1000,1000,1000,1000,1000,1000,1000,107733375291,19457482300,213266,7810085,3904369300,171128039000,1361917925,9625235075,8793062878,568791330,29641492500,431208670,999995449,4551,103619,19065641,980934359,11724078459,2852642200,44,2931031760,999983865,16135,999832419,167581,2931015581,1000,1000,1000,1000,1000,1000,1000
323000,94940,639256,3220000000,19320000000,10000,60000,9927989051868,16255665,736019446,10943,3219905060,2000,63691,2924747,6439788234,2211943033,17788056967,19649243167,9841151333,158848667,557990367,107759190825,19516894100,226485,8045881,3912466400,171655043400,1374865670,9663694120,8818249986,569753006,29733546600,430246994,999995376,4624,7270,19137184,980862816,11757663516,2861619000,54,2939422980,999990604,9396,999823670,176330,2939413530,1000,1000,1000,1000,1000,1000,1000,107758985433,19516726900,187532,7690805,3912817300,171653172200,1366870533,9655602933,8818311988,568946390,29733050100,431053610,999998345,1655,100855,19129567,980870433,11757742933,2861330200,42,2939450140,999980847,19153,999831155,168845,2939430945,1000,1000,1000,1000,1000,1000,1000
324000,94240,630109,3230000000,19380000000,10000,60000,9927783473463,22221447,744592387,11592,3229905760,2000,5720,2934104,6459788336,2211954110,17788045890,19648917590,9841709016,158290984,561145852,107784822490,19576130600,164355,7968072,3920857600,172180098800,1379181681,9693421531,8843495952,569914226,29825099700,430085774,999994541,5459,6015,19172163,980827837,11791327237,2870329400,98,2947833480,999997903,2097,999819615,180385,2947831285,1000,1000,1000,1000,1000,1000,1000,107784572080,19575989700,180563,7994786,3920895500,172178381000,1371792540,9685942640,8843573904,569195274,29824699500,430804726,999994155,5845,1481,19165177,980834823,11791423423,2870022100,34,2947874900,999974653,25347,999839981,160019,2947849519,1000,1000,1000,1000,1000,1000,1000
325000,94280,634923,3240000000,19440000000,10000,60000,9927589974580,16109701,741115123,10329,3239905720,2000,63873,2928640,6479790782,2211977681,17788022319,19648587319,9842224880,157775120,564301662,107810399454,19635346200,202769,7825369,3929361700,172704963600,1385320598,9724962548,8868697841,569969755,29916579600,430030245,999994396,5604,102541,19267300,980732700,11824925400,2879028900,8877,2956251600,999984836,15164,999834741,165259,2956227559,1000,1000,1000,1000,1000,1000,1000,107810104192,19635229200,175934,7832325,3929490100,172703309600,1374785456,9714338656,8868860353,569249527,29916141000,430750473,999994369,5631,101942,19162389,980837611,11825136111,2878685100,43,2956308880,999966921,33079,999847042,152958,2956275758,1000,1000,1000,1000,1000,1000,1000
326000,94960,621090,3250000000,19500000000,10000,60000,9927389873264,16626517,744222215,11216,3249905040,2000,62394,2927150,6499787648,2212033081,17787966919,19648233719,9842787830,157212170,567456378,107835942637,19694615800,202825,8033960,3937595500,173230228400,1390821301,9755883601,8893996889,570203839,30008201700,429796161,999995693,4307,17154,19250265,980749735,11858656935,2887726200,103,2964676900,999983249,16751,999831154,168846,2964660046,1000,1000,1000,1000,1000,1000,1000,107835619577,19694491100,224791,7803220,3937975200,173228513400,1378462215,9743432915,8894125865,569405826,30007688100,430594174,999998082,1918,100156,19173591,980826409,11858825209,2887392900,43,2964727220,999972167,27833,999850356,149644,2964699344,1000,1000,1000,1000,1000,1000,1000
327000,94240,634686,3260000000,19560000000,10000,60000,9927191142875,15797368,746100912,1521,3259905760,2000,536,2948066,6519808478,2212115443,17787884557,19647854257,9843254854,156745146,570610332,107861497107,19753860900,185848,7733384,3946309500,173755297000,1396152928,9786626378,8919273901,570273200,30099664200,429726800,999996585,3415,94185,19240284,980759716,11892362216,2896430400,49,2973097320,999991044,8956,999825685,174315,2973088315,1000,1000,1000,1000,1000,1000,1000,107861147067,19753725700,213668,7832712,3946310800,173753496200,1382360600,9772738400,8919408029,569555653,30099226500,430444347,999996498,3502,100345,19222916,980777084,11892539984,2896022600,8641,2973152760,999987836,12164,999838145,161855,2973131955,1000,1000,1000,1000,1000,1000,1000
328000,93890,617015,3270000000,19620000000,10000,60000,9926986925577,20439932,753402497,2308,3269906110,2000,1010,2939861,6539807604,2212180909,17787819091,19647490791,9843739439,156260561,573762143,107887079093,19813102800,223951,7709924,3954683500,174280383200,1400947185,9816833285,8944488221,570417588,30191225100,429582412,999999036,964,100548,19338727,980661273,11925978273,2905124600,83,2981508200,999981935,18065,999840548,159452,2981490052,1000,1000,1000,1000,1000,1000,1000,107886623182,19813016700,216015,8024997,3954613600,174278855800,1386747290,9802548690,8944765581,569790514,30190832700,430209486,999988413,11587,7099,19174818,980825182,11926353782,2904660300,8221,2981597400,999999022,978,999825699,174301,2981588201,1000,1000,1000,1000,1000,1000,1000
329000,93540,633526,3280000000,19680000000,10000,60000,9926791014240,16757542,752310596,11596,3279906460,2000,536,2928526,6559789728,2212229982,17787770018,19647144518,9844292914,155707086,576917442,107912591570,19872343500,241690,8000127,3962817600,174805475000,1404630823,9845930073,8969767377,570633709,30282850500,429366291,999978429,21571,12820,19355543,980644457,11959689457,2913808500,8363,2989931580,999998863,1137,999822920,177080,2989922080,1000,1000,1000,1000,1000,1000,1000,107912209266,19872233700,211098,8113554,3962871100,174803772200,1392229315,9833435865,8969999264,569943177,30282394800,430056823,999991365,8635,5588,19238624,980761376,11959997176,2913356700,8740,2990012180,999994472,5528,999822688,177312,2989997912,1000,1000,1000,1000,1000,1000,1000
330000,95550,637711,3290000000,19740000000,10000,60000,9926586539524,21641039,759878038,2416,3289904450,2000,5295,2939031,6579804068,2212283263,17787716737,19646800537,9844771749,155228251,580069717,107938199353,19931591300,172435,7696963,3971473800,175330498600,1409349023,9876056273,8995054944,570708204,30374303100,429291796,999998200,1800,100596,19360852,980639148,11993402848,2922474000,44,2998359180,999988768,11232,999828896,171104,2998347904,1000,1000,1000,1000,1000,1000,1000,107937773058,19931486700,206477,8138132,3971244500,175328863800,1396682571,9863300721,8995274560,570092851,30373937400,429907149,999997896,2104,10645,19259985,980740015,11993693815,2922032100,90,2998436140,999983205,16795,999831145,168855,2998419255,1000,1000,1000,1000,1000,1000,1000
331000,95710,622075,3300000000,19800000000,10000,60000,9926386583321,22014433,762826499,10108,3299904290,2000,57342,2930002,6599788364,2212344554,17787655446,19646444546,9845340798,154659202,583222862,107963754056,19990856000,169443,7661284,3979928600,175855724800,1413604058,9905729858,9020331094,570868455,30465862500,429131545,999994988,5012,80933,19365939,980634061,12027107461,2931173800,8020,3006786380,999998007,1993,999828033,171967,3006776367,1000,1000,1000,1000,1000,1000,1000,107963312639,19990728000,204633,8080957,3979705300,175853942400,1401560325,9893590725,9020545428,570223616,30465474000,429776384,999982840,17160,15724,19267496,980732504,12027393604,2930732500,44,3006849120,999999100,900,999819024,180976,3006848176,1000,1000,1000,1000,1000,1000,1000
332000,96290,646668,3310000000,19860000000,10000,60000,9926193772092,15239099,758773083,1285,3309903710,2000,538,2942434,6619804850,2212388391,17787611609,19646096009,9845779746,154220254,586371296,107989216802,20050107200,188256,8029461,3988073100,176380782400,1417735766,9935271266,9045668291,571064036,30557451000,428935964,999973322,26678,14786,19309395,980690605,12060890605,2939834800,37,3015223700,999998651,1349,999813886,186114,3015222314,1000,1000,1000,1000,1000,1000,1000,107988913673,20049957000,189562,8111529,3987970900,176378915600,1406643928,9924081528,9045782692,570396919,30557037300,429603081,999996564,3436,9745,19374553,980625447,12061040347,2939378500,38,3015267420,999990273,9727,999824145,175855,3015257655,1000,1000,1000,1000,1000,1000,1000
333000,93680,638827,3320000000,19920000000,10000,60000,9925994400122,15012278,761076554,10823,3319906320,2000,1021,2926882,6639790994,2212425800,17787574200,19645757200,9846378678,153621322,589516072,108014743725,20109371600,206979,7741184,3996829200,176905927200,1421559634,9964508634,9070958093,571144944,30648900000,428855056,999995612,4388,106968,19295875,980704125,12094607525,2948521000,51,3023659280,999990203,9797,999824168,175832,3023649432,1000,1000,1000,1000,1000,1000,1000,108014507193,20109215500,192604,8199267,3996309800,176904051000,1412000268,9954851518,9071016702,570549984,30648597300,429450016,999998083,1917,8799,19372297,980627703,12094684603,2948132600,7860,3023688760,999987001,12999,999845099,154901,3023667901,1000,1000,1000,1000,1000,1000,1000
334000,96560,634404,3330000000,19980000000,10000,60000,9925790176829,19633668,768282802,9972,3329903440,2000,536,2924898,6659786936,2212455097,17787544903,19645417003,9846949742,153050258,592673978,108040384797,20168604700,200567,7651916,4005205400,177431003000,1424456378,9992818478,9096157537,571299770,30740471400,428700230,999997758,2242,110988,19407651,980592349,12128204149,2957231900,87,3032064400,999982299,17701,999833888,166112,3032046612,1000,1000,1000,1000,1000,1000,1000,108039983072,20168479300,215442,8078001,4004956100,177429288200,1418275982,9986546582,9096352737,570687811,30740115000,429312189,999986849,13151,13938,19305001,980694999,12128467299,2956830800,47,3032123660,999990949,9051,999823538,176462,3032114562,1000,1000,1000,1000,1000,1000,1000
335000,95820,640980,3340000000,20040000000,10000,60000,9925592681920,17527295,768812251,10913,3339904180,2000,976,2923422,6679786534,2212477615,17787522385,19645077185,9847459258,152540742,595820792,108065932269,20227856900,214421,8000734,4013264800,177956156200,1431272985,10025050635,9121426703,571559639,30832120500,428440361,999995369,4631,9430,19435927,980564073,12161896573,2965921200,77,3040487040,999982907,17093,999831730,168270,3040469870,1000,1000,1000,1000,1000,1000,1000,108065590272,20227725000,154503,8217329,4013169400,177954285200,1420630209,10014307409,9121620071,570855950,30831669600,429144050,999991775,8225,7325,19323054,980676946,12162156946,2965503800,8959,3040555280,999990554,9446,999833725,166275,3040536875,1000,1000,1000,1000,1000,1000,1000
336000,96020,626743,3350000000,20100000000,10000,60000,9925388453639,22184737,776052437,10004,3349903980,2000,62657,2928148,6699787952,2212536876,17787463124,19644709624,9848031192,151968808,598970744,108091520078,20287117800,178937,7930229,4021771100,178481338000,1434793386,10053987286,9146706497,571707626,30923654400,428292374,999999131,869,18305,19391008,980608992,12195603092,2974663700,93,3048913400,999983288,16712,999833405,166595,3048896595,1000,1000,1000,1000,1000,1000,1000,108091134156,20286981700,183256,7753509,4022042700,178479469800,1426229164,10045323314,9146890197,570913119,30923121000,429086881,999990823,9177,104404,19362707,980637293,12195847493,2974184700,55,3048975660,999981691,18309,999836104,163896,3048957296,1000,1000,1000,1000,1000,1000,1000
337000,96260,631313,3360000000,20160000000,10000,60000,9925192860889,18183494,774711908,10471,3359903740,2000,63358,2915276,6719786538,2212586483,17787413517,19644360117,9848502564,151497436,602115702,108117033928,20346381100,234992,7578058,4030560900,179006548600,1438946157,10083557807,9171971286,571775386,31015124400,428224614,999996726,3274,100440,19438954,980561046,12229289746,2983336800,8554,3057342920,999984094,15906,999839340,160660,3057318460,1000,1000,1000,1000,1000,1000,1000,108116668897,20346246700,189449,8029024,4030179200,179004686200,1431235472,10075747522,9172182117,571162845,31014754800,428837155,999997027,2973,8482,19393865,980606135,12229571035,2982836600,8359,3057412640,999984637,15363,999833682,166318,3057388918,1000,1000,1000,1000,1000,1000,1000
338000,96210,624565,3370000000,20220000000,10000,60000,9924990785746,20673295,779954264,2463,3369903790,2000,486,2940815,6739802654,2212647541,17787352459,19644004659,9848922265,151077735,605262419,108142600934,20405596900,202114,7780314,4038699600,179531377000,1445731319,10115742769,9197230076,571927850,31106680200,428072150,999997966,2034,92116,19480140,980519860,12262970360,2991998400,8432,3065757940,999990776,9224,999833716,166284,3065740284,1000,1000,1000,1000,1000,1000,1000,108142241080,20405496700,155325,7740191,4038815100,179529713400,1433712180,10103632180,9197462821,571224560,31106208600,428775440,999998995,1005,100235,19441514,980558486,12263277686,2991464100,8389,3065841480,999981774,18226,999841835,158165,3065814865,1000,1000,1000,1000,1000,1000,1000
339000,97060,640646,3380000000,20280000000,10000,60000,9924795147849,16715830,778695606,10020,3379902940,2000,5326,2920936,6759785840,2212684079,17787315921,19643658021,9849355264,150644736,608414104,108168220478,20464856900,141008,7920975,4046870000,180056587400,1450349625,10145779225,9222507469,572166153,31198312200,427833847,999992215,7785,3962,19533393,980466607,12296673707,3000654400,8367,3074183360,999991245,8755,999831462,168538,3074166238,1000,1000,1000,1000,1000,1000,1000,108167678993,20464736400,210143,7762067,4047237500,180054736000,1438245853,10133574803,9222772196,571368295,31197732900,428631705,999994707,5293,106412,19478016,980521984,12297028784,3000072600,8420,3074267440,999997568,2432,999821912,178088,3074256588,1000,1000,1000,1000,1000,1000,1000
340000,96140,622331,3390000000,20340000000,10000,60000,9924592460892,19852790,784521933,2418,3389903860,2000,63224,2938959,6779802884,2212774982,17787225018,19643265218,9849834181,150165819,611564365,108193730671,20524111300,156199,7585069,4055661700,180581681000,1454386664,10175227814,9247801020,572218223,31289748000,427781777,999998313,1687,106490,19520870,980479130,12330399830,3009332600,8040,3082611440,999995410,4590,999830190,169810,3082598810,1000,1000,1000,1000,1000,1000,1000,108193220180,20523977300,236638,7765072,4055626400,180579817800,1443345181,10164086631,9248039420,571525642,31289289300,428474358,999995048,4952,102806,19533286,980466714,12330715114,3008740100,88,3082688120,999987662,12338,999818706,181294,3082675694,1000,1000,1000,1000,1000,1000,1000
341000,96460,629268,3400000000,20400000000,10000,60000,9924397314389,15418465,782695819,1351,3399903540,2000,6281,2939676,6799804378,2212835154,17787164846,19642907746,9850372664,149627336,614710342,108219210136,20583352500,185246,8108382,4063631800,181106695400,1460853259,10207102659,9273105770,572447022,31381379400,427552978,999983116,16884,9594,19481324,980518676,12364140576,3018023200,102,3091036260,999998648,1352,999818894,181106,3091034806,1000,1000,1000,1000,1000,1000,1000,108218807979,20583240600,170581,8153080,4063651200,181104953200,1446107292,10192261792,9273339019,571765993,31380919200,428234007,999988313,11687,5920,19484401,980515599,12364449499,3017443500,41,3091118100,999992421,7579,999821120,178880,3091110480,1000,1000,1000,1000,1000,1000,1000
342000,95370,628743,3410000000,20460000000,10000,60000,9924192075744,21062119,791016697,2528,3409904630,2000,488,2943874,6819804204,2212887663,17787112337,19642563437,9850846386,149153614,617857090,108244807146,20642597700,135458,8118225,4072001800,181631745000,1464595172,10236254522,9298381075,572590015,31472919600,427409985,999986483,13517,12168,19478493,980521507,12397840107,3026721100,49,3099463060,999996021,3979,999819968,180032,3099459032,1000,1000,1000,1000,1000,1000,1000,108244361517,20642502700,192407,7608223,4072531300,181630179800,1451542847,10223116247,9298594144,571830654,31472376300,428169346,999997762,2238,100308,19593064,980406936,12398125436,3026072400,8620,3099540180,999999732,268,999824608,175392,3099531292,1000,1000,1000,1000,1000,1000,1000
343000,95860,624159,3420000000,20520000000,10000,60000,9923995965688,17539792,790085922,11434,3419904140,2000,5615,2931118,6839785412,2212910780,17787089220,19642253120,9851390102,148609898,621005114,108270377823,20701843800,148429,7832300,4080645400,182156796400,1469389607,10266458907,9323629815,572653634,31564389600,427346366,999998418,1582,100684,19558369,980441631,12431500931,3035374100,57,3107887640,999983533,16467,999834084,165916,3107871116,1000,1000,1000,1000,1000,1000,1000,108269942200,20701735300,160100,8060335,4080492200,182155157800,1455930869,10252911319,9323867895,572061831,31564009800,427938169,999998631,1369,17000,19569105,980430895,12431821095,3034796300,45,3107961540,999991705,8295,999821200,178800,3107953200,1000,1000,1000,1000,1000,1000,1000
344000,94710,624530,3430000000,20580000000,10000,60000,9923793679192,20216715,795437324,10785,3429905290,2000,485,2921899,6859789010,2212928807,17787071193,19641920293,9851856561,148143439,624155271,108295865858,20761117600,143201,8105042,4088834000,182682004800,1474356951,10296842551,9348964094,572886235,31655990100,427113765,999997288,2712,20853,19534659,980465341,12465285141,3044005000,8500,3116330500,999999047,953,999825353,174647,3116321047,1000,1000,1000,1000,1000,1000,1000,108295527046,20760972600,170997,8212441,4088698000,182680152400,1460144484,10282532434,9349092385,572223186,31655580600,427776814,999993667,6333,11581,19641896,980358104,12465452004,3043485300,8193,3116381340,999986472,13528,999837081,162919,3116359619,1000,1000,1000,1000,1000,1000,1000
345000,94080,619808,3440000000,20640000000,10000,60000,9923594695592,19633083,797537136,1596,3439905920,2000,62159,2946005,6879808648,2212992075,17787007925,19641548025,9852342195,147657805,627300243,108321443996,20820369300,159526,8082543,4097220200,183207141800,1477852134,10325752334,9374206791,573040784,31747551600,426959216,999992758,7242,17574,19606583,980393417,12498939417,3052685500,8261,3124749800,999991087,8913,999836274,163726,3124732626,1000,1000,1000,1000,1000,1000,1000,108321007232,20820270300,219754,8018208,4097397700,183205580600,1465750699,10313565699,9374406816,572372642,31747104900,427627358,999993604,6396,15262,19616446,980383554,12499208154,3052165100,8460,3124812600,999997198,2802,999838962,161038,3124801338,1000,1000,1000,1000,1000,1000,1000
346000,94870,628926,3450000000,20700000000,10000,60000,9923398651310,16080662,796614325,2649,3449905130,2000,63556,2942701,6899804962,2213036172,17786963828,19641203828,9852853319,147146681,630444281,108346861200,20879627500,234110,7833824,4106017600,183732284600,1483971336,10357285686,9399535244,573111322,31839000600,426888678,999987792,12208,93070,19569726,980430274,12532713374,3061346800,8056,3133187040,999999146,854,999820670,179330,3133178130,1000,1000,1000,1000,1000,1000,1000,108346607758,20879502200,156266,7699585,4106075800,183730597200,1468797282,10342021832,9399688287,572432445,31838577600,427567555,999975153,24847,86108,19611821,980388179,12532916979,3060867200,37,3133230940,999997789,2211,999824408,175592,3133228692,1000,1000,1000,1000,1000,1000,1000
347000,95940,630818,3460000000,20760000000,10000,60000,9923197870191,17273898,800422548,1515,3459904060,2000,503,2935960,6919805090,2213084689,17786915311,19640849011,9853377860,146622140,633590550,108372497807,20938888500,163683,8080477,4114075000,184257421800,1487301975,10386029775,9424803984,573348141,31930626600,426651859,999999271,729,18030,19623846,980376154,12566402354,3069996500,8396,3141615640,999991126,8874,999834530,165470,3141598370,1000,1000,1000,1000,1000,1000,1000,108372121607,20938756500,228089,7761569,4114518700,184255731400,1474700254,10373338904,9424948572,572589097,31930118400,427410903,999992329,7671,102632,19610760,980389240,12566591440,3069595900,104,3141662940,999980032,19968,999836332,163668,3141642868,1000,1000,1000,1000,1000,1000,1000
348000,95600,635123,3470000000,20820000000,10000,60000,9923000970151,14580525,800420797,1506,3469904400,2000,5230,2941984,6939805788,2213121176,17786878824,19640498624,9853837316,146162684,636735604,108397995099,20998149800,241030,8123768,4122471700,184782614000,1491263587,10415408237,9450070801,573512065,32022191400,426487935,999997508,2492,4243,19688742,980311258,12600088858,3078651200,8493,3150043180,999983370,16630,999842443,157557,3150018057,1000,1000,1000,1000,1000,1000,1000,108397744223,20997992700,145100,8103217,4122470000,184780744600,1479903960,10403951410,9450215038,572853692,32021762700,427146308,999997733,2267,5441,19656903,980343097,12600283897,3078256300,7700,3150085020,999991539,8461,999828941,171059,3150068859,1000,1000,1000,1000,1000,1000,1000
349000,95760,623112,3480000000,20880000000,10000,60000,9922803694396,12258695,800737111,10220,3479904240,2000,999,2925176,6959788040,2213150591,17786849409,19640153909,9854329064,145670936,639882304,108423576613,21057373200,140885,8203880,4130731800,185307466400,1496123167,10445668167,9475375161,573660057,32113712100,426339943,999996623,3377,17066,19673005,980326995,12633832995,3087300800,8307,3158467800,999998341,1659,999825366,174634,3158457834,1000,1000,1000,1000,1000,1000,1000,108423269517,21057251000,150259,7697654,4131317400,185305917200,1484244272,10433707722,9475518127,572906730,32113212300,427093270,999982722,17278,90992,19647965,980352035,12634020835,3086934000,49,3158512760,999989997,10003,999821392,178608,3158502708,1000,1000,1000,1000,1000,1000,1000
350000,93750,628813,3490000000,20940000000,10000,60000,9922594550761,21839865,812979711,1309,3489906250,2000,5765,2947364,6979809882,2213224326,17786775674,19639772774,9854830716,145169284,643023198,108449078917,21116664100,199918,7697141,4139757100,185832888200,1499865936,10474838436,9500675968,573721525,32205164100,426278475,999995170,4830,106945,19643577,980356423,12667565023,3096017300,42,3166897900,999991197,8803,999830045,169955,3166889055,1000,1000,1000,1000,1000,1000,1000,108448811007,21116519200,151079,7609032,4139815500,185831110400,1489647486,10464526986,9500798095,573059593,32204739300,426940407,999994555,5445,104562,19667967,980332033,12667730733,3095600100,8601,3166941420,999999819,181,999827562,172438,3166932638,1000,1000,1000,1000,1000,1000,1000
351000,97310,622349,3500000000,21000000000,10000,60000,9922399878496,16863709,810603858,2485,3499902690,2000,5182,2932739,6999800410,2213219505,17786780495,19639480695,9855357621,144642379,646165031,108474646934,21175907600,168725,8119906,4147728300,186357927200,1504363273,10504745273,9525959434,573960759,32296801800,426039241,999995012,4988,11853,19647119,980352881,12701275881,3104697400,60,3175326600,999989907,10093,999827153,172847,3175316447,1000,1000,1000,1000,1000,1000,1000,108474355019,21175790000,167326,7942034,4147934800,186356366400,1494328046,10494627196,9526085483,573310795,32296383600,426689205,999993010,6990,4415,19666532,980333468,12701444468,3104295600,8527,3175376040,999991472,8528,999832715,167285,3175358985,1000,1000,1000,1000,1000,1000,1000
352000,95720,631302,3510000000,21060000000,10000,60000,9922200142810,17001907,813443293,11141,3509904280,2000,939,2916508,7019786278,2213262217,17786737783,19639137183,9855775432,144224568,649300310,108500099241,21235154900,228774,7890892,4156455400,186883026600,1508518867,10534313667,9551264983,574029367,32388269400,425970633,999976172,23828,78205,19639122,980360878,12735019178,3113366000,47,3183756640,999997602,2398,999811105,188895,3183754195,1000,1000,1000,1000,1000,1000,1000,108499845981,21235027600,197146,8130419,4156159900,186881294400,1499351642,10525054092,9551379562,573459790,32387920500,426540210,999998799,1201,8209,19719647,980280353,12735167153,3112895400,8440,3183812820,999983211,16789,999835109,164891,3183787591,1000,1000,1000,1000,1000,1000,1000
353000,96220,631145,3520000000,21120000000,10000,60000,9921997978444,19600221,818757126,1333,3519903780,2000,528,2942211,7039804894,2213338565,17786661435,19638758335,9856221969,143778031,652436663,108525736258,21294447200,139844,7962882,4164724300,187408372800,1514179928,10565397328,9576560472,574261264,32479875300,425738736,999993998,6002,11034,19648362,980351638,12768747038,3122027000,8360,3192195700,999999226,774,999825834,174166,3192186566,1000,1000,1000,1000,1000,1000,1000,108525383017,21294279100,227919,7804507,4164878500,187406395800,1502856149,10553970999,9576635280,573522096,32479382700,426477904,999998108,1892,100812,19775232,980224768,12768841868,3121563200,8216,3192230320,999984484,15516,999842812,157188,3192206588,1000,1000,1000,1000,1000,1000,1000
354000,94580,618497,3530000000,21180000000,10000,60000,9921803291100,14692016,816594329,1426,3529905420,2000,985,2941825,7059807988,2213379416,17786620584,19638412184,9856618455,143381545,655578943,108551210481,21353694500,191836,7729610,4173395000,187933452200,1519012933,10595641883,9601858873,574329463,32571348300,425670537,999974602,25398,77239,19688466,980311534,12802477734,3130655100,89,3200621240,999997710,2290,999817739,182261,3200618861,1000,1000,1000,1000,1000,1000,1000,108550900611,21353536900,180797,7826805,4173284700,187931474600,1507213585,10583738635,9601979064,573669254,32570902200,426330746,999994490,5510,101536,19735272,980264728,12802635628,3130192400,44,3200665980,999990628,9372,999830236,169764,3200656564,1000,1000,1000,1000,1000,1000,1000
355000,93620,632234,3540000000,21240000000,10000,60000,9921603487842,14881195,819393252,11015,3539906380,2000,5661,2922227,7079790730,2213398237,17786601763,19638082763,9857132273,142867727,658722103,108576751762,21412933600,199427,7797803,4181701900,188458422400,1525102148,10627136848,9627120759,574475188,32662880100,425524812,999982751,17249,95063,19749904,980250096,12836160496,3139294800,8895,3209050180,999998452,1548,999824463,175537,3209039737,1000,1000,1000,1000,1000,1000,1000,108576428377,21412809000,216922,7603383,4181967900,188456821200,1510275057,10612225257,9627258474,573799399,32662442100,426200601,999973732,26268,105833,19741859,980258141,12836343841,3138906100,8480,3209096220,999997627,2373,999823233,176767,3209085367,1000,1000,1000,1000,1000,1000,1000
356000,91980,627889,3550000000,21300000000,10000,60000,9921397706903,21052420,828302101,10312,3549908020,2000,5119,2927665,7099795416,2213433123,17786566877,19637748577,9857539495,142460505,661861511,108602249426,21472174400,232035,7823134,4190093100,188983460800,1529135861,10656580361,9652408666,574629669,32754417000,425370331,999997956,2044,100787,19794221,980205779,12869878179,3147931200,8780,3217478420,999999873,127,999815887,184113,3217469513,1000,1000,1000,1000,1000,1000,1000,108602032517,21472062800,151594,7697403,4190206400,188981858400,1515428331,10642786631,9652541426,573981402,32753992500,426018598,999996739,3261,101137,19775611,980224389,12870052589,3147542200,8720,3217527820,999992063,7937,999835037,164963,3217511163,1000,1000,1000,1000,1000,1000,1000
357000,94290,629434,3560000000,21360000000,10000,60000,9921204684816,14462678,824366552,10251,3559905710,2000,5788,2925956,7119790918,2213456894,17786543106,19637417806,9858018604,141981396,664996522,108627815957,21531468700,195454,7630991,4198697100,189508838200,1534787898,10687656698,9677728034,574778724,32845948800,425221276,999996461,3539,101437,19777303,980222697,12903637097,3156592100,32,3225909940,999999155,845,999822037,177963,3225909063,1000,1000,1000,1000,1000,1000,1000,108627479927,21531304500,218397,8251687,4198170400,189506872200,1518941630,10671708080,9677840398,574229250,32845624200,425770750,999993658,6342,6008,19754810,980245190,12903785590,3156220900,8486,3225958500,999995178,4822,999826408,173592,3225945192,1000,1000,1000,1000,1000,1000,1000
358000,96670,625586,3570000000,21420000000,10000,60000,9921004152865,15440736,828028081,1407,3569903330,2000,946,2935599,7139803846,2213540201,17786459799,19637027099,9858482321,141517679,668134067,108653332369,21590714700,227020,7819828,4206968900,190033855800,1537990456,10716267106,9703000451,574931924,32937496500,425068076,999996087,3913,104363,19783712,980216288,12937332088,3165276100,8243,3234345420,999994460,5540,999829763,170237,3234331637,1000,1000,1000,1000,1000,1000,1000,108653068124,21590576000,217281,7782312,4207008800,190032121600,1524920762,10703106362,9703113206,574290510,32937084300,425709490,999998245,1755,100235,19814929,980185071,12937475471,3164876000,84,3234388760,999973589,26411,999842535,157465,3234362265,1000,1000,1000,1000,1000,1000,1000
359000,95980,631633,3580000000,21480000000,10000,60000,9920806874129,13095928,828391913,9989,3579904020,2000,530,2921223,7159788062,2213557357,17786442643,19636708043,9858894657,141105343,671269419,108678858510,21649986300,219776,7645870,4215546000,190559117400,1542166593,10745863143,9728316116,575080365,33029026800,424919635,999992127,7873,106262,19808546,980191454,12971088054,3173903300,8400,3242780640,999999698,302,999821262,178738,3242771938,1000,1000,1000,1000,1000,1000,1000,108678569700,21649821800,198232,7854109,4215354700,190557146000,1529910794,10733504694,9728430641,574430227,33028617600,425569773,999982471,17529,92344,19806203,980193797,12971237597,3173510000,51,3242816780,999990227,9773,999827044,172956,3242806956,1000,1000,1000,1000,1000,1000,1000
360000,96120,627252,3590000000,21540000000,10000,60000,9920605994399,14390138,832375283,11520,3589903880,2000,539,2916725,7179784720,2213616137,17786383863,19636356763,9859338295,140661705,674406715,108704393491,21709236400,232446,7880601,4223758700,191084126400,1546852307,10775955657,9753601594,575241948,33120579000,424758052,999998827,1173,100579,19806985,980193015,13004795515,3182574500,88,3251213840,999980169,19831,999835779,164221,3251193921,1000,1000,1000,1000,1000,1000,1000,108704140384,21709067500,156842,7746558,4223809600,191082203800,1534412252,10763416552,9753722318,574571239,33120138900,425428761,999996681,3319,108842,19848124,980151876,13004959776,3182141800,38,3251247440,999990056,9944,999821442,178558,3251237458,1000,1000,1000,1000,1000,1000,1000
361000,94900,642843,3600000000,21600000000,10000,60000,9920401491811,19312484,839983147,10334,3599905100,2000,986,2927631,7199789532,2213668095,17786331905,19635997005,9859799229,140200771,677542261,108729941870,21768489300,233344,8221229,4231805200,191609241800,1552117631,10806634081,9778870003,575486197,33212213700,424513803,999998135,1865,10138,19845735,980154265,13038489565,3191241200,7941,3259638820,999988683,11317,999836838,163162,3259619562,1000,1000,1000,1000,1000,1000,1000,108729673101,21768345700,169234,7948859,4232031700,191607503400,1538296340,10792722090,9779012450,574809786,33211762800,425190214,999995531,4469,22445,19869495,980130505,13038682505,3190805300,8480,3259680820,999997715,2285,999824145,175855,3259670055,1000,1000,1000,1000,1000,1000,1000
362000,96010,629293,3610000000,21660000000,10000,60000,9920200251067,20949625,844328214,11186,3609903990,2000,56847,2924581,7219785608,2213698792,17786301208,19635658208,9860225119,139774881,680679127,108755550695,21827752000,150207,8067938,4240237800,192134410400,1557806102,10837737752,9804181425,575642017,33303756600,424357983,999992151,7849,2934,19917009,980082991,13072235891,3199821700,47,3268072540,999981973,18027,999834234,165766,3268054466,1000,1000,1000,1000,1000,1000,1000,108755130140,21827594000,236468,8203619,4240313900,192132531200,1541742158,10821576108,9804302827,574967882,33303308400,425032118,999995618,4382,17936,19828309,980171691,13072403591,3199509900,8061,3268109360,999999465,535,999825336,174664,3268100764,1000,1000,1000,1000,1000,1000,1000
363000,95560,620758,3620000000,21720000000,10000,60000,9920003773806,17831231,843958716,10595,3619904440,2000,6111,2921195,7239787690,2213744037,17786255963,19635313863,9860613965,139386035,683820255,108781049853,21886998800,193186,8097519,4248623300,192659463200,1563672652,10869014252,9829461266,575785549,33395290500,424214451,999997262,2738,13413,19972947,980027053,13105941653,3208453000,88,3276500580,999979895,20105,999835213,164787,3276480387,1000,1000,1000,1000,1000,1000,1000,108780780049,21886856900,162664,7760131,4249039200,192657699400,1545109779,10850358879,9829583278,575037792,33394777800,424962208,999997563,2437,100171,19908993,980091007,13106102107,3208128400,40,3276545660,999973209,26791,999839871,160129,3276518829,1000,1000,1000,1000,1000,1000,1000
364000,94660,619085,3630000000,21780000000,10000,60000,9919808275004,13747696,842570233,10206,3629905340,2000,5674,2931769,7259790268,2213796100,17786203900,19634954800,9861069631,138930369,686960399,108806608231,21946278800,166864,7537872,4257579100,193184778400,1567241723,10898005523,9854759533,575847114,33486734100,424152886,999995579,4421,103765,19982432,980017568,13139677368,3217116600,8677,3284932540,999993972,6028,999833365,166635,3284917835,1000,1000,1000,1000,1000,1000,1000,108806338426,21946122400,160984,7980667,4257175800,193182917600,1550702668,10881369718,9854847593,575282480,33486411300,424717520,999998950,1050,10270,19970077,980029923,13139792823,3216782900,8427,3284965560,999988097,11903,999843070,156930,3284945230,1000,1000,1000,1000,1000,1000,1000
365000,96280,631306,3640000000,21840000000,10000,60000,9919601969564,20469502,851972099,2416,3639903720,2000,5321,2941389,7279802608,2213856766,17786143234,19634598334,9861536211,138463789,690097419,108832089731,22005530900,191509,7644721,4265953700,193709855400,1572042795,10928217395,9880081392,575997061,33578271000,424002939,999994241,5759,100180,19961888,980038112,13173437712,3225767900,48,3293368800,999987568,12432,999825380,174620,3293356320,1000,1000,1000,1000,1000,1000,1000,108831747907,22005353600,221050,7869344,4265855100,193707872800,1555073128,10911145978,9880180113,575352878,33577858800,424647122,999994697,5303,83719,19891606,980108394,13173572694,3225473500,49,3293395000,999997630,2370,999815319,184681,3293392581,1000,1000,1000,1000,1000,1000,1000
366000,95140,633529,3650000000,21900000000,10000,60000,9919407360725,15480572,849690885,10340,3649904860,2000,5157,2926773,7299789040,2213909797,17786090203,19634254603,9861948587,138051413,693232127,108857567881,22064776100,197108,8098061,4273972100,194234884200,1576816892,10958400142,9905404856,576234719,33669888900,423765281,999993982,6018,9163,19930207,980069793,13207205693,3234421000,78,3301803260,999997655,2345,999808763,191237,3301800837,1000,1000,1000,1000,1000,1000,1000,108857348166,22064597600,186221,8202098,4273825000,194232887200,1559480422,10940961172,9905445526,575569807,33669485100,424430193,999994836,5164,10729,19986003,980013997,13207254897,3234084500,96,3301826880,999982587,17413,999826729,173271,3301809371,1000,1000,1000,1000,1000,1000,1000
367000,95610,634999,3660000000,21960000000,10000,60000,9919210621928,12633666,849580651,2506,3659904390,2000,5239,2944217,7319803768,2213960494,17786039506,19633895506,9862363503,137636497,696366271,108883120376,22124058700,210863,7666288,4282816800,194760178200,1581697573,10988701373,9930688138,576299365,33761345700,423700635,999998378,1622,100513,19964375,980035625,13240913925,3243078200,36,3310236600,999989223,10777,999825313,174687,3310225787,1000,1000,1000,1000,1000,1000,1000,108882908159,22123868100,167987,7763422,4282630300,194758093000,1563761089,10970658389,9930727537,575640571,33760936200,424359429,999998953,1047,100882,20030945,979969055,13240967355,3242722800,8779,3310256680,999991917,8083,999833682,166318,3310239818,1000,1000,1000,1000,1000,1000,1000
368000,93760,627102,3670000000,22020000000,10000,60000,9919004630730,18999830,858667774,11968,3669906240,2000,1021,2928800,7339788544,2213976260,17786023740,19633574540,9862766580,137233420,699505724,108908690965,22183307600,174370,8142747,4290664200,195285186400,1585155657,11017566357,9955966102,576546143,33852989700,423453857,999991888,8112,4145,20037043,979962957,13274618457,3251679700,8228,3318669620,999990963,9037,999833845,166155,3318652355,1000,1000,1000,1000,1000,1000,1000,108908462990,22183114200,224341,7701810,4291053700,195283238000,1569492420,11001805520,9955968646,575789125,33852501900,424210875,999998502,1498,100177,20153231,979846769,13274615269,3251369700,9000,3318684400,999971223,28777,999841377,158623,3318646623,1000,1000,1000,1000,1000,1000,1000
369000,97540,631973,3680000000,22080000000,10000,60000,9918809726540,14294568,856629359,9990,3679902460,2000,5312,2930551,7359784940,2214014608,17785985392,19633238592,9863238489,136761511,702642729,108934118487,22242566600,232569,7819212,4299500000,195810356400,1588793291,11046619741,9981305475,576602405,33944438700,423397595,999971657,28343,79752,20016977,979983023,13308406423,3260315800,41,3327103620,999997369,2631,999812752,187248,3327100948,1000,1000,1000,1000,1000,1000,1000,108933955133,22242393600,224444,7949907,4299294700,195808528000,1575009174,11032742974,9981292482,576024149,33944114100,423975851,999998308,1692,10459,20087877,979912123,13308388823,3260064900,8240,3327108040,999996541,3459,999829659,170341,3327096341,1000,1000,1000,1000,1000,1000,1000
370000,93310,632470,3690000000,22140000000,10000,60000,9918611670684,12762960,857854140,11402,3689906690,2000,1028,2930204,7379790576,2214070544,17785929456,19632883856,9863614336,136385664,705775312,108959720437,22301837100,175514,8115344,4307535600,196335512600,1592292209,11075532109,10006595467,576855066,34036060200,423144934,999992983,7017,3917,20063550,979936450,13342123750,3268935200,79,3335538980,999989382,10618,999829017,170983,3335528283,1000,1000,1000,1000,1000,1000,1000,108959460978,22301647600,238998,8128670,4307554700,196333554400,1580693193,11063834393,10006593284,576170379,34035654600,423829621,999998471,1529,7692,20101708,979898292,13342121092,3268694400,8412,3335546080,999990140,9860,999837392,162608,3335527808,1000,1000,1000,1000,1000,1000,1000
371000,94530,634186,3700000000,22200000000,10000,60000,9918404344650,20529468,868317835,10336,3699905470,2000,437,2934999,7399790268,2214151218,17785848782,19632497182,9864052881,135947119,708906249,108985271044,22361102300,200079,7668815,4316400200,196860740600,1596899527,11105558027,10031858777,576908092,34127515800,423091908,999994733,5267,100641,20100464,979899536,13375807736,3277623500,8541,3343969400,999988100,11900,999836341,163659,3343948959,1000,1000,1000,1000,1000,1000,1000,108984993997,22360882900,194816,7907846,4316152100,196858520200,1585260200,11093807350,10031908981,576235749,34127118300,423764251,999974320,25680,76171,20114490,979885510,13375877810,3277313400,8297,3343979620,999997506,2494,999819771,180229,3343968829,1000,1000,1000,1000,1000,1000,1000
372000,94370,647259,3710000000,22260000000,10000,60000,9918209878595,15406311,865891720,10234,3709905630,2000,5366,2932017,7419790792,2214198806,17785801194,19632142494,9864484963,135515037,712038355,109010877525,22420358200,152053,7739542,4324683300,197385819600,1601488213,11135557163,10057144735,577070385,34219068900,422929615,999999011,989,100226,20134491,979865509,13409514509,3286268600,93,3352405280,999964587,35413,999850526,149474,3352369774,1000,1000,1000,1000,1000,1000,1000,109010510588,22420156200,220407,8226090,4324285100,197383722000,1589827112,11123790212,10057204308,576475056,34218730800,423524944,999992121,7879,4165,20124357,979875643,13409603043,3285968800,8302,3352415140,999991897,8103,999831265,168735,3352398735,1000,1000,1000,1000,1000,1000,1000
373000,93210,630796,3720000000,22320000000,10000,60000,9918006489605,19215418,872455190,1307,3719906790,2000,5682,2950806,7439810966,2214252823,17785747177,19631779377,9864879994,135120006,715168960,109036296864,22479613900,221897,7997993,4332916200,197911002200,1604207177,11163693077,10082466883,577316750,34310681400,422683250,999998337,1663,8387,20138604,979861396,13443284896,3294906200,43,3360830900,999987156,12844,999824087,175913,3360818013,1000,1000,1000,1000,1000,1000,1000,109036043427,22479440000,171482,7744537,4333225800,197908988800,1596288645,11155670445,10082560058,576527834,34310149200,423472166,999995537,4463,108703,20061445,979938555,13443409955,3294615800,36,3360860300,999989633,10367,999826503,173497,3360849897,1000,1000,1000,1000,1000,1000,1000
374000,94960,638300,3730000000,22380000000,10000,60000,9917806563606,19542967,875502934,1435,3729905040,2000,5248,2945957,7459807210,2214303573,17785696427,19631436227,9865294203,134705797,718308213,109061878595,22538858300,167083,7776624,4341486200,198435994200,1608864320,11193756670,10107741607,577384022,34402146900,422615978,999996348,3652,85226,20161119,979838881,13476988281,3303561700,8601,3369256860,999998415,1585,999826926,173074,3369246674,1000,1000,1000,1000,1000,1000,1000,109061528601,22538704500,227288,8148472,4341258400,198434159400,1600802882,11185599782,10107855367,576776976,34401789600,423223024,999998839,1161,9163,20116596,979883404,13477135004,3303231500,87,3369296180,999983544,16456,999831063,168937,3369279637,1000,1000,1000,1000,1000,1000,1000
375000,94700,626337,3740000000,22440000000,10000,60000,9917614545467,11975966,870676275,10858,3739905300,2000,5184,2936225,7479788884,2214361333,17785638667,19631077567,9865680595,134319405,721444679,109087440325,22598120000,146674,7658155,4349941500,198961158400,1613700341,11224007741,10133029554,577522155,34493683200,422477845,999989788,10212,93433,20232479,979767521,13510705821,3312171300,8440,3377685460,999999247,753,999828933,171067,3377676267,1000,1000,1000,1000,1000,1000,1000,109087083421,22597950400,201084,7725728,4350025500,198959222400,1605153138,11215360738,10133143559,576829294,34493234400,423170706,999997129,2871,103135,20172376,979827624,13510854124,3311853500,91,3377722520,999988136,11864,999824635,175365,3377710565,1000,1000,1000,1000,1000,1000,1000
376000,94660,626706,3750000000,22500000000,10000,60000,9917414314129,12615880,874019230,2416,3749905340,2000,476,2934602,7499805848,2214410009,17785589991,19630728991,9866109018,133890982,724577766,109112851459,22657364100,240235,8274276,4357909300,199486156200,1618620319,11254334569,10158348099,577750933,34585302300,422249067,999983531,16469,9198,20179599,979820401,13544460701,3320852600,45,3386122940,999989707,10293,999822998,177002,3386112602,1000,1000,1000,1000,1000,1000,1000,109112547131,22657224000,214405,7886309,4358371900,199484340800,1609419949,11245038249,10158479276,576981204,34584756900,423018796,999998116,1884,101312,20126736,979873264,13544637964,3320484500,8640,3386170540,999996788,3212,999828712,171288,3386158688,1000,1000,1000,1000,1000,1000,1000
377000,95070,634420,3760000000,22560000000,10000,60000,9917209019738,18293619,882417826,1501,3759904930,2000,5267,2942249,7519806858,2214435557,17785564443,19630403143,9866528471,133471529,727710429,109138516870,22716623500,137506,7754568,4366693700,200011347800,1622645223,11283776523,10183610534,577824845,34676772900,422175155,999986537,13463,87792,20235158,979764842,13578146942,3329519600,8202,3394545920,999998690,1310,999824492,175508,3394536408,1000,1000,1000,1000,1000,1000,1000,109138218946,22716504600,150961,7536220,4366983600,200009718000,1614539490,11275583790,10183754668,577133120,34676313000,422866880,999998089,1911,100169,20239401,979760599,13578327899,3329105300,54,3394608260,999965025,34975,999842769,157231,3394573231,1000,1000,1000,1000,1000,1000,1000
378000,94750,625228,3770000000,22620000000,10000,60000,9917010292239,17417439,884252329,10190,3769905250,2000,62878,2934870,7539790120,2214483978,17785516022,19630065522,9866942190,133057810,730842210,109164061204,22775894800,157295,7966493,4374880900,200536602400,1627591958,11314142758,10208887731,578056136,34768398300,421943864,999991769,8231,9433,20283502,979716498,13611849098,3338175800,8603,3402973600,999996370,3630,999831833,168167,3402961367,1000,1000,1000,1000,1000,1000,1000,109163642148,22775727100,147471,8179349,4374811300,200534493400,1618729186,11305169136,10209091711,577353012,34767910800,422646988,999990785,9215,14473,20196262,979803738,13612122138,3337714300,8583,3403039440,999999570,430,999816773,183227,3403030427,1000,1000,1000,1000,1000,1000,1000
379000,95570,623023,3780000000,22680000000,10000,60000,9916811243143,16881353,886434702,2463,3779904430,2000,571,2947115,7559803934,2214545196,17785454804,19629710904,9867365025,132634975,733971259,109189560469,22835125800,213504,8108702,4383186700,201061565200,1632234998,11344192098,10234157969,578196677,34859942100,421803323,999990268,9732,17991,20315322,979684678,13645538378,3346848900,69,3411397220,999983258,16742,999831191,168809,3411380409,1000,1000,1000,1000,1000,1000,1000,109189135693,22835039000,186922,8089721,4383399100,201059940400,1623317908,11335184308,10234420964,577494895,34859445000,422505105,999984100,15900,8705,20186441,979813559,13645891359,3346348800,8166,3411488340,999990221,9779,999835805,164195,3411470395,1000,1000,1000,1000,1000,1000,1000
380000,93810,629979,3790000000,22740000000,10000,60000,9916611826106,16669604,888940574,11322,3789906190,2000,57189,2921634,7579789736,2214563710,17785436290,19629396490,9867748226,132251774,737097562,109215052281,22894398800,208407,7751738,4392027000,201586778400,1636691025,11374064825,10259488047,578268838,34951383000,421731162,999995834,4166,99896,20267249,979732751,13679317351,3355511800,8141,3419837580,999999865,135,999821896,178104,3419829304,1000,1000,1000,1000,1000,1000,1000,109214609713,22894316800,182379,7737742,4392195200,201585120000,1627967607,11365248007,10259770567,577557287,34950873300,422442713,999989451,10549,99064,20182397,979817603,13679693803,3354928600,8865,3419932960,999999141,859,999832764,167236,3419923236,1000,1000,1000,1000,1000,1000,1000
381000,93650,627877,3800000000,22800000000,10000,60000,9916410575335,18316206,893390341,1486,3799906350,2000,1036,2951307,7599809728,2214598941,17785401059,19629054559,9868104113,131895887,740226941,109240660878,22953674900,205722,8018008,4400090800,202112046600,1641959965,11404753515,10284739686,578515140,35043036000,421484860,999998640,1360,8500,20364114,979635886,13712980186,3364155000,8514,3428267200,999981814,18186,999847300,152700,3428240500,1000,1000,1000,1000,1000,1000,1000,109240145034,22953563600,173403,7621105,4400665300,202110211200,1631924822,11394617572,10285068201,577705610,35042402100,422294390,999994889,5111,110779,20251278,979748722,13713424222,3363531900,8121,3428364280,999999862,138,999822079,177921,3428356021,1000,1000,1000,1000,1000,1000,1000
382000,97390,624345,3810000000,22860000000,10000,60000,9916215573988,13693026,891485452,9525,3809902610,2000,553,2926856,7619786170,2214616414,17785383586,19628732486,9868490104,131509896,743355674,109266203427,23012894700,164250,8156235,4408301000,202636887800,1645259058,11433452708,10310028964,578663876,35134570500,421336124,999999035,965,16359,20397395,979602605,13746702505,3372780000,8498,3436690380,999991659,8341,999833859,166141,3436673541,1000,1000,1000,1000,1000,1000,1000,109265637022,23012846300,144138,8007520,4408753700,202635421400,1637814344,11425922394,10310437142,577928521,35134011600,422071479,999975141,24859,16520,20196178,979803822,13747249122,3372140600,78,3436813260,999998798,1202,999818220,181780,3436811980,1000,1000,1000,1000,1000,1000,1000
383000,96690,623891,3820000000,22920000000,10000,60000,9916012105157,17581176,898045188,10462,3819903310,2000,62603,2936316,7639785696,2214685833,17785314167,19628371067,9868956904,131043096,746484600,109291709977,23072143700,205025,7873441,4417042400,203161962600,1651379680,11464984380,10335303290,578710825,35226021000,421289175,999996559,3441,110934,20404044,979595956,13780401756,3381469300,8502,3445114860,999992108,7892,999835834,164166,3445098466,1000,1000,1000,1000,1000,1000,1000,109291131816,23072119900,184507,7992970,4417231400,203160665400,1640802526,11454329126,10335741784,578097460,35225555400,421902540,999990401,9599,10841,20210057,979789943,13780987743,3380788700,54,3445249920,999996093,3907,999820741,179259,3445245959,1000,1000,1000,1000,1000,1000,1000
384000,95900,629193,3830000000,22980000000,10000,60000,9915815610509,14507529,897719357,1315,3829904100,2000,57755,2949658,7659805570,2214760438,17785239562,19627995262,9869356082,130643918,749618252,109317254920,23131430700,181075,8032360,4425318500,203687345400,1656063753,11495094003,10360626170,578960930,35317650900,421039070,999996395,3605,9365,20381295,979618705,13814168005,3390141000,8580,3453551080,999999335,665,999828365,171635,3453541835,1000,1000,1000,1000,1000,1000,1000,109316651171,23131384800,222766,7702814,4425926400,203685816800,1645278599,11484219049,10361025147,578169346,35317020600,421830654,999993625,6375,94679,20280132,979719868,13814694468,3389402400,75,3453686580,999982816,17184,999834579,165421,3453669321,1000,1000,1000,1000,1000,1000,1000
385000,93730,627637,3840000000,23040000000,10000,60000,9915618303590,12214458,898161173,10400,3839906270,2000,5771,2933075,7679791740,2214802248,17785197752,19627652552,9869732865,130267135,752746505,109342776119,23190681500,205335,7604885,4434175800,204212498200,1661880825,11526326775,10385912268,579014721,35409102600,420985279,999990639,9361,101318,20404250,979595750,13847882750,3398815300,8296,3461979600,999999178,822,999819118,180882,3461970482,1000,1000,1000,1000,1000,1000,1000,109342174119,23190663600,195212,8044654,4433966000,204210988800,1648685967,11513039817,10386358759,578403755,35408633100,421596245,999992732,7268,8777,20317118,979682882,13848471882,3397962800,47,3462132560,999980610,19390,999842777,157223,3462113123,1000,1000,1000,1000,1000,1000,1000
386000,97130,638181,3850000000,23100000000,10000,60000,9915414859451,16061570,904698972,2556,3849902870,2000,5283,2939674,7699800628,2214848621,17785151379,19627301579,9870175806,129824194,755873534,109368385752,23249948300,148438,8015488,4442154200,204737667800,1666288124,11556148824,10411204320,579274980,35500750500,420725020,999997810,2190,3630,20391010,979608990,13881600390,3407503100,80,3470412260,999983890,16110,999830830,169170,3470396070,1000,1000,1000,1000,1000,1000,1000,109367669100,23249912200,183813,7807330,4442665600,204735994000,1653447112,11543207712,10411687928,578446126,35500063800,421553874,999984097,15903,106971,20286043,979713957,13882244357,3406599800,90,3470575160,999981359,18641,999834571,165429,3470556429,1000,1000,1000,1000,1000,1000,1000
387000,96150,624975,3860000000,23160000000,10000,60000,9915214833007,16459024,907867633,11309,3859903850,2000,487,2921227,7719785082,2214869931,17785130069,19626985869,9870514313,129485687,759001695,109393872858,23309192000,162922,7722901,4450840800,205262655200,1670610913,11585877863,10436500299,579324455,35592186300,420675545,999999015,985,101260,20441961,979558039,13915333339,3416100500,8521,3478842740,999998821,1179,999825060,174940,3478833040,1000,1000,1000,1000,1000,1000,1000,109393128444,23309194000,200574,7686496,4451246900,205261276000,1658316175,11573496675,10437033208,578605373,35591582400,421394627,999995979,4021,108106,20286598,979713402,13916044202,3415197200,8200,3479019420,999999774,226,999822006,177994,3479010994,1000,1000,1000,1000,1000,1000,1000
388000,94020,625576,3870000000,23220000000,10000,60000,9915017230529,14488294,908628860,11639,3869905980,2000,5619,2919884,7739788682,2214935323,17785064677,19626615277,9870909236,129090764,762129918,109419427803,23368495800,144807,7836889,4459157400,205788129200,1676023926,11616720026,10461830692,579572665,35683814100,420427335,999994735,5265,6170,20434178,979565822,13949104222,3424750200,28,3487283660,999989898,10102,999830070,169930,3487273530,1000,1000,1000,1000,1000,1000,1000,109418706950,23368459000,173215,7671391,4459613500,205786423600,1662054679,11602648779,10462319711,578757066,35683128300,421242934,999999221,779,107455,20343544,979656456,13949756056,3423817800,8199,3487455220,999989324,10676,999834455,165545,3487436345,1000,1000,1000,1000,1000,1000,1000
389000,95660,630120,3880000000,23280000000,10000,60000,9914813742752,18377037,915331819,10485,3879904340,2000,63102,2933672,7759787710,2214986189,17785013811,19626268011,9871230028,128769972,765251138,109444847340,23427716100,244643,8142020,4467316600,206312961000,1682031104,11648126654,10487104538,579719134,35775356700,420280866,999997895,2105,10861,20499123,979500877,13982804577,3433362400,8640,3495713100,999995579,4421,999824961,175039,3495700039,1000,1000,1000,1000,1000,1000,1000,109444246272,23427706800,173871,7818056,4467825000,206311431200,1665179024,11631180124,10487611766,578912347,35774683500,421087653,999998728,1272,100081,20420615,979579385,13983472785,3432404200,72,3495889800,999971291,28709,999843581,156419,3495861019,1000,1000,1000,1000,1000,1000,1000
390000,95680,626894,3890000000,23340000000,10000,60000,9914617338486,15216917,914992021,2563,3889904320,2000,510,2940290,7779803514,2215072903,17784927097,19625887097,9871537530,128462470,768372344,109470391056,23487013500,178966,7998449,4475899700,206838302200,1687459893,11678977093,10512474737,579867846,35866871700,420132154,999995120,4880,14274,20445337,979554663,14016629863,3441980100,35,3504164520,999990641,9359,999823974,176026,3504155126,1000,1000,1000,1000,1000,1000,1000,109469704943,23486984700,188652,7716610,4476355800,206836699800,1668974853,11660395503,10512950463,579052411,35866216800,420947589,999982776,17224,83365,20442602,979557398,14017266698,3440988600,8367,3504326360,999998242,1758,999827165,172835,3504316235,1000,1000,1000,1000,1000,1000,1000
391000,94550,626149,3900000000,23400000000,10000,60000,9914416897176,16051583,918604350,10953,3899905450,2000,62598,2928473,7799788994,2215106559,17784893441,19625546841,9871873127,128126873,771497421,109495932339,23546269800,166759,7617039,4484626400,207363413200,1692255448,11709185048,10537762006,579931305,35958327300,420068695,999990471,9529,99666,20519460,979480540,14050349040,3450580100,8202,3512596140,999999096,904,999823566,176434,3512587034,1000,1000,1000,1000,1000,1000,1000,109495181129,23546244900,211851,7773691,4484738800,207361787400,1673295105,11690126205,10538271840,579194986,35957740500,420805014,999982046,17954,93160,20466320,979533680,14051028580,3449584600,8600,3512766960,999998380,1620,999825960,174040,3512756740,1000,1000,1000,1000,1000,1000,1000
392000,95420,633392,3910000000,23460000000,10000,60000,9914222270620,11082295,916409518,10357,3909904580,2000,6191,2927577,7819788446,2215163115,17784836885,19625191085,9872221543,127778457,774621189,109521467795,23605516600,141697,8113266,4492528200,207888425200,1696609031,11738946031,10563072013,580173372,36049962600,419826628,999986536,13464,6564,20528651,979471349,14084093849,3459208900,79,3521028420,999993495,6505,999820764,179236,3521021836,1000,1000,1000,1000,1000,1000,1000,109520795707,23605532100,145965,8008725,4492830600,207887067400,1678164186,11720414386,10563584324,579442472,36049370400,420557528,999998096,1904,8024,20517900,979482100,14084770900,3458179900,88,3521211260,999975404,24596,999845124,154876,3521186576,1000,1000,1000,1000,1000,1000,1000
393000,94610,620913,3920000000,23520000000,10000,60000,9914018186467,15581154,923760367,2369,3919905390,2000,62239,2939671,7839806042,2215218421,17784781579,19624833379,9872504569,127495431,777744111,109546966897,23664772800,190387,8192697,4500873700,208413511200,1701522677,11769270527,10588349018,580328954,36141502500,419671046,999996582,3418,15928,20580110,979419890,14117795490,3467843000,46,3529456120,999990398,9602,999830628,169372,3529446472,1000,1000,1000,1000,1000,1000,1000,109546166502,23664806100,197292,8127724,4501246500,208412189000,1682385271,11750046321,10588972290,579582049,36140876100,420417951,999987047,12953,4898,20489208,979510792,14118625392,3466723500,54,3529666140,999987016,12984,999830898,169102,3529653102,1000,1000,1000,1000,1000,1000,1000
394000,96470,627264,3930000000,23580000000,10000,60000,9913820235141,13913768,924858716,1372,3929903530,2000,6116,2947832,7859804316,2215244509,17784755491,19624506891,9872876108,127123892,780873224,109572522315,23724051100,169199,7685459,4509756400,208938815000,1707343060,11800512610,10613649998,580387695,36232962000,419612305,999984033,15967,93738,20619840,979380160,14151532860,3476474400,8226,3537892500,999998588,1412,999829138,170862,3537882862,1000,1000,1000,1000,1000,1000,1000,109571676398,23724043200,197863,7795946,4509947000,208937199200,1685784460,11778854010,10614267910,579641652,36232330500,420358348,999976939,23061,86487,20545677,979454323,14152356523,3475332800,76,3538090760,999997929,2071,999815487,184513,3538088613,1000,1000,1000,1000,1000,1000,1000
395000,94270,627393,3940000000,23640000000,10000,60000,9913619089861,15445557,929136024,1344,3939905730,2000,6098,2950695,7879808772,2215273518,17784726482,19624175982,9873267765,126732235,784007537,109598040768,23783287500,210671,8029127,4517805400,209463847800,1711122404,11829701954,10638926729,580606142,36324590400,419393858,999979755,20245,17113,20697184,979302816,14185229616,3485103900,85,3546321040,999981932,18068,999825513,174487,3546302887,1000,1000,1000,1000,1000,1000,1000,109597196224,23783312600,213424,8127736,4518037600,209462366800,1691180705,11809664555,10639560428,579878517,36323945400,420121483,999984633,15367,13116,20577588,979422412,14186080112,3483965100,8440,3546529500,999998624,1376,999825216,174784,3546519684,1000,1000,1000,1000,1000,1000,1000
396000,93410,618675,3950000000,23700000000,10000,60000,9913420759939,14177093,930533486,10214,3949906590,2000,62051,2934041,7899792752,2215318932,17784681068,19623829368,9873709579,126290421,787131931,109623631269,23842561500,191245,7679651,4526515000,209989058200,1715666759,11859662709,10664191504,580696474,36416060400,419303526,999999212,788,100138,20749234,979250766,14218914966,3493758100,8060,3554752640,999978882,21118,999846138,153862,3554723462,1000,1000,1000,1000,1000,1000,1000,109622726142,23842585900,197717,8175166,4526442200,209987535800,1695758815,11839656565,10664880762,580036661,36415475400,419963339,999999014,986,16653,20554491,979445509,14219838309,3492612300,8472,3554974140,999991879,8121,999832853,167147,3554957547,1000,1000,1000,1000,1000,1000,1000
397000,96420,623748,3960000000,23760000000,10000,60000,9913219282231,16070173,935161439,1346,3959903580,2000,460,2938898,7919804468,2215373804,17784626196,19623467696,9874108142,125891858,790260510,109649057920,23901826000,228738,7818158,4534928400,210514161600,1720033715,11889440565,10689553226,580847134,36507576600,419152866,999998420,1580,100386,20683460,979316540,14252729240,3502388700,82,3563201280,999974816,25184,999836286,163714,3563176014,1000,1000,1000,1000,1000,1000,1000,109648350839,23901852000,144572,8042588,4534895900,210512780800,1700617927,11869935227,10690163873,580192521,36507038400,419807479,999991558,8442,8437,20609864,979390136,14253543936,3501263400,33,3563403780,999976316,23684,999837337,162663,3563380063,1000,1000,1000,1000,1000,1000,1000
398000,95670,618433,3970000000,23820000000,10000,60000,9913020757700,14953288,936838055,11179,3969904330,2000,1000,2932665,7939786302,2215374688,17784625312,19623162512,9874431855,125568145,793383957,109674533667,23961090300,228074,8187218,4542992900,211039311000,1724845103,11919665753,10714891631,581091609,36599198700,418908391,999991556,8444,3747,20685916,979314084,14286518484,3510987900,35,3571637960,999988928,11072,999822147,177853,3571626853,1000,1000,1000,1000,1000,1000,1000,109673847202,23961090800,164243,8106936,4543192800,211037752800,1704991614,11899714814,10715447488,580345880,36598574100,419654120,999997995,2005,11115,20696227,979303773,14287259473,3509846300,8202,3571831720,999988467,11533,999832415,167585,3571811985,1000,1000,1000,1000,1000,1000,1000
399000,96100,626514,3980000000,23880000000,10000,60000,9912817641866,18460794,943098496,11417,3979903900,2000,63179,2927036,7959784966,2215423560,17784576440,19622825740,9874794644,125205356,796505310,109700060068,24020374000,195672,7773621,4551830500,211564562400,1728961979,11949200379,10740231809,581141599,36690636600,418858401,999983479,16521,91680,20675371,979324629,14320305829,3519598400,51,3580083820,999990251,9749,999823180,176820,3580074020,1000,1000,1000,1000,1000,1000,1000,109699370619,24020377300,146493,7897901,4551823500,211563087400,1709964128,11930109928,10740777612,580464364,36690095100,419535636,999979168,20832,15704,20693892,979306108,14321036108,3518475900,8180,3580268800,999997876,2124,999827204,172796,3580258496,1000,1000,1000,1000,1000,1000,1000
400000,96240,638242,3990000000,23940000000,10000,60000,9912622668439,13857269,941292684,1396,3989903760,2000,522,2943887,7979804728,2215487408,17784512592,19622456292,9875144993,124855007,799636521,109725599306,24079639900,159244,8120826,4559889400,212089701400,1733114774,11978766124,10765552932,581384263,36782253600,418615737,999986413,13587,5750,20671918,979328082,14354067982,3528225600,68,3588522900,999992218,7782,999822150,177850,3588515050,1000,1000,1000,1000,1000,1000,1000,109724820855,24079621600,187321,7744808,4560441000,212088093600,1715041962,11960595112,10766100759,580542856,36781554300,419457144,999979748,20252,89592,20702933,979297067,14354800467,3527087600,77,3588701420,999998365,1635,999815592,184408,3588699708,1000,1000,1000,1000,1000,1000,1000
401000,96090,635573,4000000000,24000000000,10000,60000,9912421430926,15474527,945694897,1465,3999903910,2000,5717,2941680,7999804890,2215502853,17784497147,19622126147,9875479860,124520140,802758550,109751094031,24138944400,176204,7540189,4568904400,212615132000,1736312446,12007390146,10790890010,581459268,36873686100,418540732,999995313,4687,101045,20706435,979293565,14387852065,3536807900,8920,3596974820,999996155,3845,999826945,173055,3596962055,1000,1000,1000,1000,1000,1000,1000,109750356727,24138870900,210851,7784433,4568775200,212613141800,1721006064,11991968564,10791360268,580694650,36873093000,419305350,999995376,4624,106726,20781058,979218942,14388479742,3535718300,8520,3597129840,999998154,1846,999826426,173574,3597119474,1000,1000,1000,1000,1000,1000,1000
402000,94740,631059,4010000000,24060000000,10000,60000,9912221648011,15644741,948630787,1335,4009905260,2000,63615,2945496,8019807850,2215534352,17784465648,19621790348,9875840424,124159576,805880974,109776571995,24198199500,164466,7806565,4577094100,213140127800,1740777700,12037260750,10816232586,581605704,36965227200,418394296,999978591,21409,87087,20684301,979315699,14421642799,3545405600,8340,3605420500,999998053,1947,999823187,176813,3605410213,1000,1000,1000,1000,1000,1000,1000,109775940581,24198121100,161717,7807638,4577106200,213138251000,1725669026,12022044576,10816660707,580871395,36964658100,419128605,999994661,5339,84366,20808759,979191241,14422210641,3544361700,41,3605560880,999989095,10905,999820066,179934,3605549934,1000,1000,1000,1000,1000,1000,1000
403000,94000,622813,4020000000,24120000000,10000,60000,9912021119288,16589904,952378930,1394,4019906000,2000,5654,2950114,8039809212,2215593392,17784406608,19621431008,9876159486,123840514,808998398,109802000578,24257479300,197736,7739221,4585659700,213665334600,1745066978,12066965478,10841600843,581746758,37056721200,418253242,999994096,5904,108538,20674795,979325205,14455467405,3553972500,8261,3613875980,999998843,1157,999815738,184262,3613866562,1000,1000,1000,1000,1000,1000,1000,109801458564,24257380200,197179,8107832,4585203100,213663391600,1730616605,12052406055,10841934114,581099904,37056279300,418900096,999994985,5015,9481,20870967,979129033,14455908833,3552997800,44,3613984720,999990043,9957,999826581,173419,3613974719,1000,1000,1000,1000,1000,1000,1000
404000,94460,632719,4030000000,24180000000,10000,60000,9911823495501,14608182,953124745,1520,4029905540,2000,5236,2943223,8059808040,2215633683,17784366317,19621091417,9876548417,123451583,812121757,109827606947,24316750600,171460,7583635,4594117800,214190582800,1750323252,12097640852,10866876164,581904313,37148275800,418095687,999998582,1418,107669,20774405,979225595,14489162095,3562583300,78,3622304380,999981629,18371,999829469,170531,3622285931,1000,1000,1000,1000,1000,1000,1000,109826961490,24316670500,186798,7817696,4594008300,214188642600,1734514843,12081721193,10867282214,581158751,37147713000,418841249,999997947,2053,100696,20799482,979200518,14489704018,3561651400,74,3622438680,999983198,16802,999835996,164004,3622421804,1000,1000,1000,1000,1000,1000,1000
405000,93920,636642,4040000000,24240000000,10000,60000,9911622399829,16095704,957403557,1361,4039906080,2000,499,2943215,8079809438,2215663533,17784336467,19620749967,9876879845,123120155,815244483,109853108496,24376028200,184273,8085508,4602057700,214715744400,1755614916,12128345416,10892185798,582155625,37239909900,417844375,999998848,1152,10923,20789025,979210975,14522908875,3571195900,8316,3630747960,999983433,16567,999844123,155877,3630723077,1000,1000,1000,1000,1000,1000,1000,109852559506,24375938300,143477,8040205,4602079400,214713862200,1738393343,12111017443,10892562809,581408532,37239357900,418591468,999993693,6307,3961,20897652,979102348,14523411548,3570248900,8449,3630873780,999983408,16592,999841361,158639,3630848739,1000,1000,1000,1000,1000,1000,1000
406000,97260,632611,4050000000,24300000000,10000,60000,9911421828506,17057074,961030087,11271,4049902740,2000,5254,2920675,8099782938,2215700280,17784299720,19620415120,9877308525,122691475,818360863,109878621659,24435277600,150638,8141920,4610419200,215240779200,1760542688,12158681688,10917513541,582301122,37331436900,417698878,999993721,6279,8999,20773258,979226742,14556682442,3579822700,8001,3639183740,999993162,6838,999830699,169301,3639168901,1000,1000,1000,1000,1000,1000,1000,109877937769,24435219000,225809,8072350,4610661900,215239103600,1742638847,12140680447,10917923407,581547838,37330860600,418452162,999996664,3336,17026,20809219,979190781,14557230281,3578907900,8001,3639317660,999997215,2785,999828926,171074,3639306874,1000,1000,1000,1000,1000,1000,1000
407000,95440,633042,4060000000,24360000000,10000,60000,9911220425211,18858249,965649991,10698,4059904560,2000,63157,2926518,8119787724,2215738760,17784261240,19620072140,9877612562,122387438,821477786,109904077868,24494555500,212461,8195432,4618820900,215765980600,1766796776,12190351126,10942828634,582442423,37422973200,417557577,999982266,17734,6443,20820009,979179991,14590435091,3588406800,8160,3647623880,999990737,9263,999840343,159657,3647606457,1000,1000,1000,1000,1000,1000,1000,109903427359,24494481000,231694,8133392,4619039500,215764230000,1745498425,12168952675,10943251809,581710532,37422399300,418289468,999996883,3117,8851,20818342,979181658,14591001958,3587515700,8029,3647759540,999998638,1362,999822351,177649,3647750149,1000,1000,1000,1000,1000,1000,1000
408000,94510,641310,4070000000,24420000000,10000,60000,9911022923164,16777673,966413690,2485,4069905490,2000,475,2951407,8139806010,2215804737,17784195263,19619711363,9877911773,122088227,824596383,109929574057,24553803900,170203,7863351,4627553500,216291019800,1771186824,12220150074,10968184828,582511006,37514411100,417488994,999983626,16374,85320,20816092,979183908,14624245908,3596987100,72,3656062740,999998412,1588,999816320,183680,3656061080,1000,1000,1000,1000,1000,1000,1000,109929064625,24553747700,144340,8111994,4627362100,216289377000,1750340541,12199208141,10968546929,581861745,37513952400,418138255,999992700,7300,2155,20865726,979134274,14624722674,3596134300,41,3656195480,999980306,19694,999836755,163245,3656175745,1000,1000,1000,1000,1000,1000,1000
409000,93510,629129,4080000000,24480000000,10000,60000,9910820408611,19700331,972085886,2709,4079906490,2000,455,2955193,8159807562,2215871242,17784128758,19619354758,9878289027,121710973,827719389,109955199234,24613048700,175877,7728146,4635941700,216816124600,1774844046,12249220746,10993393826,582654437,37605970200,417345563,999999374,626,100337,20988911,979011089,14657853589,3605615600,8580,3664482880,999985463,14537,999835537,164463,3664459763,1000,1000,1000,1000,1000,1000,1000,109954461838,24613039900,184432,8072416,4635990800,216814700600,1755860870,12230149670,10993938274,582008303,37605457500,417991697,999994093,5907,4390,20771316,979228684,14658582384,3604761600,46,3664650100,999994056,5944,999818190,181810,3664644110,1000,1000,1000,1000,1000,1000,1000
410000,94390,619832,4090000000,24540000000,10000,60000,9910629118202,11386110,966559627,9714,4089905610,2000,969,2939225,8179791792,2215908512,17784091488,19619008888,9878604435,121395565,830838727,109980659790,24672305000,227358,8137070,4643984800,217341248400,1779455386,12279245286,11018703528,582900480,37697601300,417099520,999995896,4104,8016,21013288,978986712,14691601412,3614239900,40,3672907800,999990124,9876,999827316,172684,3672897884,1000,1000,1000,1000,1000,1000,1000,109979935652,24672348500,216623,7688155,4644836200,217340049800,1760424363,12260133913,11019284517,582068439,37696889400,417931561,999999364,636,100925,20798308,979201692,14692373792,3613317600,73,3673106040,999983308,16692,999840125,159875,3673089275,1000,1000,1000,1000,1000,1000,1000
411000,95310,624260,4100000000,24600000000,10000,60000,9910425424269,15473369,973405028,1290,4099904690,2000,486,2948359,8199806800,2215948638,17784051362,19618669062,9878976901,121023099,833960201,110006176368,24731565300,201657,7851692,4652722100,217866336200,1784112634,12309312984,11044024450,582947428,37789036500,417052572,999991003,8997,102775,20978225,979021775,14725365675,3622892200,8360,3681350360,999999225,775,999823375,176625,3681341225,1000,1000,1000,1000,1000,1000,1000,110005431405,24731588800,184817,7787605,4653161200,217865004800,1764948070,12290062270,11044615082,582210857,37788407100,417789143,999995731,4269,107974,20783892,979216108,14726152808,3621931300,8250,3681547880,999998096,1904,999822674,177326,3681537726,1000,1000,1000,1000,1000,1000,1000
412000,93830,631870,4110000000,24660000000,10000,60000,9910222091215,19184660,979988037,2486,4109906170,2000,62861,2944209,8219807368,2215971775,17784028225,19618345225,9879215011,120784989,837074179,110031710847,24790847000,182020,7709843,4661253800,218391609200,1787731985,12338351685,11069349712,583094353,37880564100,416905647,999995342,4658,106789,21012077,978987923,14759132223,3631487500,9010,3689793700,999997821,2179,999825089,174911,3689782511,1000,1000,1000,1000,1000,1000,1000,110030903074,24790871100,222707,7760213,4661597100,218390245400,1770422134,12320953584,11069953953,582371638,37879943400,417628362,999997165,2835,102727,20860674,979139326,14759933326,3630460700,73,3689995280,999984166,15834,999828827,171173,3689979373,1000,1000,1000,1000,1000,1000,1000
413000,95320,636700,4120000000,24720000000,10000,60000,9910028326386,13341272,976906831,2545,4119904680,2000,5764,2939889,8239804270,2216008758,17783991242,19618004642,9879562691,120437309,840188361,110057210286,24850133500,169639,7775050,4669701200,218916859800,1792714389,12368751439,11094713606,583255537,37972094100,416744463,999997612,2388,99975,20943569,979056431,14792945331,3640125800,24,3698250180,999981569,18431,999827675,172325,3698231725,1000,1000,1000,1000,1000,1000,1000,110056420945,24850138500,248246,8041345,4669685500,218915445800,1774658047,12350606097,11095244356,582607538,37971576000,417392462,999995435,4565,16597,20947241,979052759,14793653659,3639052800,90,3698425840,999983553,16447,999833097,166903,3698409303,1000,1000,1000,1000,1000,1000,1000
414000,95330,626490,4130000000,24780000000,10000,60000,9909822176329,19888843,986221688,9787,4129904670,2000,6238,2932279,8259789766,2216049672,17783950328,19617658628,9879905161,120094839,843305727,110082715354,24909420400,140496,8077886,4677819900,219442089600,1796359484,12397812534,11120052740,583472867,38063696400,416527133,999984317,15683,18150,20936810,979063190,14826736490,3648718500,8860,3706694100,999998510,1490,999830550,169450,3706683750,1000,1000,1000,1000,1000,1000,1000,110082043367,24909374000,189477,8219918,4677792500,219440389600,1780202138,12381554738,11120506529,582780213,38063151600,417219787,999997061,2939,1848,21034719,978965281,14827330981,3647670700,35,3706857660,999966827,33173,999844348,155652,3706824452,1000,1000,1000,1000,1000,1000,1000
415000,94190,628785,4140000000,24840000000,10000,60000,9909628696256,13779499,982888926,10841,4139905810,2000,56932,2924689,8279789938,2216093955,17783906045,19617300645,9880234131,119765869,846418869,110108142809,24968683800,216513,8178191,4686224100,219967251600,1800347043,12427214793,11145378772,583636307,38155241100,416363693,999983181,16819,6474,20949802,979050198,14860504498,3657332900,8260,3715135580,999998406,1594,999822574,177426,3715125726,1000,1000,1000,1000,1000,1000,1000,110107538444,24968674800,195849,7722551,4686749100,219965755200,1785324140,12412099490,11145846833,582844880,38154577800,417155120,999999111,889,100031,21034998,978965002,14861119302,3656272300,8905,3715310800,999970574,29426,999851631,148369,3715272469,1000,1000,1000,1000,1000,1000,1000
416000,95450,629234,4150000000,24900000000,10000,60000,9909426860372,16019361,988009160,11724,4149904550,2000,580,2932347,8299785652,2216138133,17783861867,19616946567,9880478433,119521567,849535885,110133745714,25027960700,146521,8090751,4694611600,220492454200,1803925449,12456208749,11170693195,583791165,38246782200,416208835,999991910,8090,8545,21020550,978979450,14894251650,3665900300,95,3723576380,999982170,17830,999835645,164355,3723558455,1000,1000,1000,1000,1000,1000,1000,110133020522,25027920600,189046,7753982,4695091300,220490766800,1790978587,12443161437,11171179052,583006506,38246105400,416993494,999999062,938,100056,21084804,978915196,14894898096,3664827900,76,3723741040,999978080,21920,999835856,164144,3723719044,1000,1000,1000,1000,1000,1000,1000
417000,95440,628299,4160000000,24960000000,10000,60000,9909226604970,16692312,991504464,2553,4159904560,2000,63078,2942238,8319804014,2216207382,17783792618,19616581418,9880783722,119216278,852653636,110159219026,25087241600,155909,7751144,4703412500,221017658400,1807689602,12485388052,11196042060,583854637,38338213800,416145363,999994182,5818,101045,21019085,978980915,14928049715,3674483400,70,3732026820,999980905,19095,999837045,162955,3732007655,1000,1000,1000,1000,1000,1000,1000,110158498718,25087193800,186880,7658402,4703642800,221015981200,1796320971,12473920571,11196515368,583131578,38337618000,416868422,999991144,8856,109266,21066998,978933002,14928686902,3673450700,9020,3732181320,999999234,766,999823066,176934,3732171534,1000,1000,1000,1000,1000,1000,1000
418000,96350,627929,4170000000,25020000000,10000,60000,9909029618755,14069211,991688631,1346,4169903650,2000,57476,2940912,8339804608,2216243866,17783756134,19616245434,9881088668,118911332,855767176,110184649811,25146533300,210195,7963960,4711686700,221543014600,1811025861,12514147611,11221401947,584099008,38429823600,415900992,999997710,2290,9602,21038555,978961445,14961863445,3683051700,69,3740479020,999982547,17453,999828302,171698,3740461498,1000,1000,1000,1000,1000,1000,1000,110184065646,25146463000,166104,7989689,4711687100,221541173200,1802151534,12505166984,11221817535,583371335,38429255400,416628665,999987985,12015,16450,21106815,978893185,14962417585,3682074400,65,3740617500,999982615,17385,999832050,167950,3740600050,1000,1000,1000,1000,1000,1000,1000
419000,95530,644042,4180000000,25080000000,10000,60000,9908831409946,12660917,993061651,1433,4179904470,2000,5304,2944260,8359806074,2216269063,17783730937,19615915937,9881428960,118571040,858885434,110210101128,25205788600,222373,8077872,4720020300,222068034000,1815208980,12543737530,11246735466,584228546,38521339200,415771454,999981113,18887,17167,21045201,978954799,14995646999,3691633400,8600,3748921000,999999133,867,999819967,180033,3748911533,1000,1000,1000,1000,1000,1000,1000,110209494518,25205737900,241810,8048900,4720156500,222066403000,1807180174,12535613124,11247142386,583539159,38520792300,416460841,999998235,1765,9476,21091790,978908210,14996185910,3690716200,42,3749055380,999988186,11814,999828476,171524,3749043524,1000,1000,1000,1000,1000,1000,1000
420000,94070,632377,4190000000,25140000000,10000,60000,9908634471714,10007162,993234775,2516,4189905930,2000,1032,2948285,8379806828,2216323676,17783676324,19615556524,9881720715,118279285,862000043,110235680884,25265048600,160835,7695721,4728699000,222593122800,1820320649,12574259749,11272047139,584304068,38612789400,415695932,999996241,3759,108573,21121634,978878366,15029392966,3700193200,35,3757355520,999990342,9658,999824573,175427,3757345827,1000,1000,1000,1000,1000,1000,1000,110234998264,25265020100,216664,7737696,4728922000,222591598600,1811259442,12565106842,11272481628,583598209,38612226000,416401791,999995985,4015,101176,21059948,978940052,15029975252,3699334300,8600,3757502980,999999244,756,999831676,168324,3757493624,1000,1000,1000,1000,1000,1000,1000
421000,94430,620691,4200000000,25200000000,10000,60000,9908433177279,11691375,997792601,2389,4199905570,2000,1032,2946164,8399806362,2216363554,17783636446,19615223746,9881962516,118037484,865117578,110261147992,25324312400,242494,7811196,4736998000,223118248000,1824858075,12604209525,11297337224,584457212,38704344300,415542788,999998774,1226,100362,21228338,978771662,15063108362,3708756700,92,3765795040,999976190,23810,999838362,161638,3765771138,1000,1000,1000,1000,1000,1000,1000,110260553781,25324284400,175484,8032308,4736969400,223116725600,1815908952,12595168752,11297808399,583835901,38703843900,416164099,999999456,544,17455,21121356,978878644,15063738844,3707894600,71,3765947580,999982936,17064,999834355,165645,3765930445,1000,1000,1000,1000,1000,1000,1000
422000,95760,633371,4210000000,25260000000,10000,60000,9908229617694,15648452,1004540109,9849,4209904240,2000,968,2934775,8419788782,2216402246,17783597754,19614879354,9882275865,117724135,868232747,110286624269,25383616300,238794,7951344,4745316600,223643665400,1829574641,12634351691,11322708671,584696271,38795946000,415303729,999998592,1408,14921,21218250,978781750,15096939350,3717334300,87,3774247400,999983366,16634,999831521,168479,3774230679,1000,1000,1000,1000,1000,1000,1000,110286008018,25383530200,216020,8066318,4745363500,223641769200,1820344670,12625013970,11323117484,583969947,38795373300,416030053,999981893,18107,17746,21160062,978839938,15097489338,3716497600,84,3774373860,999998078,1922,999819746,180254,3774371854,1000,1000,1000,1000,1000,1000,1000
423000,97930,618505,4220000000,25320000000,10000,60000,9908034917003,10741024,1002459891,11087,4219902070,2000,504,2919601,8439781966,2216451727,17783548273,19614536573,9882555319,117444681,871354585,110312211896,25442854800,175851,8191749,4753359200,224168546400,1834755271,12664932571,11347983787,584847396,38887503900,415152604,999998845,1155,10549,21305562,978694438,15130639738,3725909100,8775,3782680660,999984066,15934,999844249,155751,3782655951,1000,1000,1000,1000,1000,1000,1000,110311508857,25442828800,246308,8021663,4753836400,224167112800,1824357470,12654448420,11348436790,584140595,38886915000,415859405,999998750,1250,10755,21215365,978784635,15131246035,3725073600,8820,3782827120,999990945,9055,999837655,162345,3782809245,1000,1000,1000,1000,1000,1000,1000
424000,95470,616542,4230000000,25380000000,10000,60000,9907829927728,16174668,1010723209,1290,4229904530,2000,62979,2952361,8459806480,2216551596,17783448404,19614139804,9882878479,117121521,874474659,110337700899,25502106100,218721,7756873,4762218500,224693691400,1837977239,12693569689,11373283272,584898679,38978949900,415101321,999999719,281,107440,21349168,978650832,15164372032,3734542500,68,3791105820,999983008,16992,999832440,167560,3791088760,1000,1000,1000,1000,1000,1000,1000,110337043005,25502091500,211762,7750894,4762503900,224692199000,1830249790,12685750790,11373764681,584199756,38978361600,415800244,999998245,1755,100689,21230608,978769392,15165014092,3733667800,7781,3791273640,999983552,16448,999840089,159911,3791249411,1000,1000,1000,1000,1000,1000,1000
425000,94500,629036,4240000000,25440000000,10000,60000,9907630396113,16072025,1013365809,11155,4239905500,2000,975,2924694,8479788690,2216552638,17783447362,19613826162,9883227426,116772574,877596516,110363211079,25561398900,235894,8047623,4770364600,225219033000,1842576101,12723590801,11398605100,585144799,39070582800,414855201,999994090,5910,9591,21373191,978626809,15198132909,3743153800,38,3799549520,999978327,21673,999841691,158309,3799527809,1000,1000,1000,1000,1000,1000,1000,110362487529,25561356800,207678,8234011,4770508900,225217276800,1834868988,12715779188,11399126742,584445274,39069966000,415554726,999995143,4857,10769,21182727,978817273,15198835473,3742265800,8680,3799717960,999999451,549,999827669,172331,3799708731,1000,1000,1000,1000,1000,1000,1000
426000,96480,620202,4250000000,25500000000,10000,60000,9907435927020,10965183,1011057485,2546,4249903520,2000,5592,2941454,8499801948,2216625803,17783374197,19613449697,9883563426,116436574,880714274,110388710416,25620657300,206645,8085748,4778775800,225744141800,1848297596,12754724296,11423947610,585296679,39162111900,414703321,999995266,4734,3987,21334577,978665423,15231926723,3751788200,96,3807989480,999989729,10271,999824787,175213,3807979113,1000,1000,1000,1000,1000,1000,1000,110388050446,25620632300,178864,8076883,4779020100,225742562200,1838318810,12744649910,11424445949,584606537,39161514600,415393463,999991307,8693,3870,21238621,978761379,15232590579,3750862900,51,3808156740,999987941,12059,999825470,174530,3808144630,1000,1000,1000,1000,1000,1000,1000
427000,95890,631763,4260000000,25560000000,10000,60000,9907231120219,16181258,1019117610,11274,4259904110,2000,502,2925680,8519785672,2216687077,17783312923,19613086923,9883817000,116183000,883827672,110414275003,25679915100,180694,8053605,4787113100,226269231000,1854284802,12786122352,11449237310,585443773,39253651500,414556227,999998672,1328,13599,21437789,978562211,15265644111,3760353200,92,3816423800,999983093,16907,999833199,166801,3816406801,1000,1000,1000,1000,1000,1000,1000,110413572247,25679921900,153890,8003546,4787488300,226267824600,1841496583,12773245383,11449790115,584754024,39253037700,415245976,999997903,2097,11179,21270564,978729436,15266380936,3759421800,47,3816608520,999982348,17652,999833479,166521,3816590821,1000,1000,1000,1000,1000,1000,1000
428000,94860,634567,4270000000,25620000000,10000,60000,9907029521832,18162269,1023910162,11587,4269905140,2000,5627,2933987,8539787106,2216713201,17783286799,19612757699,9884131673,115868327,886945579,110439795746,25739177600,157110,7754453,4795840800,226794373600,1859662803,12816913953,11474552715,585520398,39345108900,414479602,999995250,4750,86352,21423337,978576663,15299402863,3769000800,9061,3824861480,999997729,2271,999825152,174848,3824850148,1000,1000,1000,1000,1000,1000,1000,110439015085,25739185800,204685,7660404,4796249600,226792981200,1845282753,12802445853,11475117649,584825868,39344490300,415174132,999994958,5042,86690,21340741,978659259,15300153459,3767972400,31,3825046060,999989781,10219,999823790,176210,3825035810,1000,1000,1000,1000,1000,1000,1000
429000,94360,628126,4280000000,25680000000,10000,60000,9906834016625,14065854,1022577605,10893,4279905640,2000,5738,2930057,8559789494,2216762179,17783237821,19612409721,9884481323,115518677,890063017,110465264581,25798458100,192567,8072534,4804043400,227319635400,1864765232,12847435182,11499884483,585748336,39436716000,414251664,999996052,3948,8216,21380533,978619467,15333179067,3777662100,8585,3833303900,999999269,731,999823616,176384,3833294584,1000,1000,1000,1000,1000,1000,1000,110464550423,25798458800,194415,7714097,4804569600,227318104000,1849356804,12831930954,11500420708,584966528,39436020600,415033472,999999174,826,100246,21403238,978596762,15333888862,3776545700,8120,3833492520,999983754,16246,999842346,157654,3833468154,1000,1000,1000,1000,1000,1000,1000
430000,94370,629884,4290000000,25740000000,10000,60000,9906634211568,14242768,1025519643,10481,4289905630,2000,5279,2933177,8579790298,2216780036,17783219964,19612088664,9884835203,115164797,893178901,110490767363,25857727800,168982,7880819,4812669400,227844765200,1870824809,12878906659,11525231272,585810138,39528179400,414189862,999970453,29547,71415,21364543,978635457,15366974057,3786261000,78,3841745780,999997083,2917,999821315,178685,3841742785,1000,1000,1000,1000,1000,1000,1000,110490037257,25857740300,214665,7537043,4813214000,227843441400,1852460628,12860458178,11525753512,585117507,39527548200,414882493,999997781,2219,100474,21396062,978603938,15367668238,3785185600,8380,3841932440,999990666,9334,999830474,169526,3841914726,1000,1000,1000,1000,1000,1000,1000
431000,94200,633777,4300000000,25800000000,10000,60000,9906431322780,17516391,1031641229,10194,4299905800,2000,63151,2934326,8599791212,2216805871,17783194129,19611751529,9885097674,114902326,896288186,110516243088,25916999700,234826,8152309,4820849400,228369980200,1874829031,12908327831,11550526401,586051042,39619787100,413948958,999997180,2820,9138,21421037,978578963,15400699963,3794874500,8643,3850187920,999994285,5715,999828538,171462,3850173562,1000,1000,1000,1000,1000,1000,1000,110515502997,25917006900,208611,7712763,4821462500,228368484200,1857570841,12890975241,11551104308,585278023,39619073400,414721977,999998459,1541,100036,21414128,978585872,15401470372,3793726200,8600,3850380780,999993884,6116,999832036,167964,3850366064,1000,1000,1000,1000,1000,1000,1000
432000,93320,626543,4310000000,25860000000,10000,60000,9906230173235,19089400,1036063771,2419,4309906680,2000,62905,2946949,8619808522,2216869735,17783130265,19611380965,9885373191,114626809,899400613,110541786559,25976281200,234656,8087601,4829303600,228895224800,1878061410,12936977810,11575831210,586198157,39711322500,413801843,999997862,2138,14105,21475295,978524705,15434435405,3803473700,9020,3858631840,999981375,18625,999844205,155795,3858604195,1000,1000,1000,1000,1000,1000,1000,110540971082,25976290200,191750,7770020,4829874200,228893712400,1863511992,12922332742,11576482194,585427461,39710607600,414572539,999974005,25995,81444,21376650,978623350,15435308750,3802307400,38,3858829120,999997474,2526,999822144,177856,3858826556,1000,1000,1000,1000,1000,1000,1000
433000,94020,629035,4320000000,25920000000,10000,60000,9906039037920,10608721,1030372033,11616,4319905980,2000,998,2928984,8639788728,2216901241,17783098759,19611045759,9885673576,114326424,902507904,110567308218,26035553200,227946,7771002,4838020800,229420393600,1883382981,12967713431,11601158664,586262192,39802775400,413737808,999998680,1320,100088,21511024,978488976,15468200576,3812057000,40,3867074880,999967072,32928,999850388,149612,3867041912,1000,1000,1000,1000,1000,1000,1000,110566456071,26035574300,224899,7640809,4838438800,229419008600,1867415286,12951656536,11601803540,585582597,39802132200,414417403,999983687,16313,90490,21422250,978577750,15469071050,3810897400,8440,3867276960,999998990,1010,999824290,175710,3867267510,1000,1000,1000,1000,1000,1000,1000
434000,95040,631757,4330000000,25980000000,10000,60000,9905839796573,10258391,1032881403,2591,4329904960,2000,57561,2950974,8659804738,2216946264,17783053736,19610691436,9885952126,114047874,905624164,110592693534,26094815100,228647,7949426,4846381000,229945455000,1888831144,12998570194,11626559586,586426634,39894290700,413573366,999992761,7239,79527,21419941,978580059,15502078559,3820642600,80,3875521720,999997333,2667,999818027,181973,3875518973,1000,1000,1000,1000,1000,1000,1000,110592061300,26094819000,142652,7943120,4846416000,229944018800,1871091688,12980740488,11627096472,585828153,39893752500,414171847,999992937,7063,13684,21491412,978508588,15502794688,3819490100,7840,3875707880,999998176,1824,999823184,176816,3875698216,1000,1000,1000,1000,1000,1000,1000
435000,95330,638738,4340000000,26040000000,10000,60000,9905637126417,13358992,1038840703,1507,4339904670,2000,63953,2942385,8679806326,2217017909,17782982091,19610313291,9886198175,113801825,908737501,110618241700,26154112800,247371,8103946,4854604000,230470840000,1893218919,13028382319,11651858292,586656176,39985914000,413343824,999993033,6967,3757,21505265,978494735,15535804535,3829231000,34,3883965840,999980437,19563,999839757,160243,3883946243,1000,1000,1000,1000,1000,1000,1000,110617492011,26154094000,204062,7696002,4855140300,230469178400,1875853090,13010914990,11652446331,585897966,39985194900,414102034,999995557,4443,99491,21528360,978471640,15536589240,3828036000,87,3884160600,999982396,17604,999827291,172709,3884142909,1000,1000,1000,1000,1000,1000,1000
436000,95480,624494,4350000000,26100000000,10000,60000,9905431885979,18992789,1047348971,2450,4349904520,2000,5044,2944242,8699804140,2217065368,17782934632,19609967732,9886439458,113560542,911851398,110643768138,26213357600,207351,7672462,4863378100,230995869600,1898504486,13059076636,11677170714,586706516,40077342900,413293484,999997779,2221,107263,21556849,978443151,15569560651,3837813500,9220,3892400060,999999097,903,999823363,176637,3892389937,1000,1000,1000,1000,1000,1000,1000,110643019662,26213382300,171261,7994984,4863205000,230994438200,1879814226,13040293826,11677787924,586137713,40076820300,413862287,999990154,9846,3341,21579717,978420283,15570377683,3836578700,34,3892608440,999981353,18647,999833341,166659,3892589759,1000,1000,1000,1000,1000,1000,1000
437000,94520,639830,4360000000,26160000000,10000,60000,9905234472970,16794926,1047896504,10729,4359905480,2000,975,2924776,8719789502,2217096996,17782903004,19609629004,9886786624,113213376,914963426,110669294487,26272652000,169199,8008848,4871481200,231521154400,1901929575,13087920225,11702527131,586948122,40168958100,413051878,999995384,4616,18962,21536431,978463569,15603366669,3846407500,9225,3900857280,999991483,8517,999831162,168838,3900839538,1000,1000,1000,1000,1000,1000,1000,110668452951,26272649700,227613,7719429,4871980700,231519557000,1885547870,13071438970,11703103784,586192049,40168246200,413807951,999995837,4163,106088,21571504,978428496,15604137996,3845205200,8660,3901044020,999998852,1148,999833288,166712,3901034212,1000,1000,1000,1000,1000,1000,1000
438000,95230,620437,4370000000,26220000000,10000,60000,9905035561045,16136733,1050099673,2352,4369904770,2000,62125,2948404,8739804836,2217170278,17782829722,19609249722,9887057196,112942804,918071732,110694748616,26331906000,243477,8091269,4879846200,232046253600,1906320032,13117722632,11727822143,587107272,40260502800,412892728,999997803,2197,17231,21593588,978406412,15637093512,3855017300,8175,3909287580,999991964,8036,999829431,170569,3909271369,1000,1000,1000,1000,1000,1000,1000,110693981159,26331929300,224719,7718664,4880373700,232044781800,1890287106,13101594806,11728428851,586347660,40259790900,413652340,999994386,5614,100026,21629475,978370525,15637899025,3853773000,8617,3909497120,999981671,18329,999843726,156274,3909470174,1000,1000,1000,1000,1000,1000,1000
439000,93200,645036,4380000000,26280000000,10000,60000,9904835670974,16414089,1053203177,1326,4379906800,2000,493,2949440,8759810948,2217214863,17782785137,19608915337,9887344000,112656000,921183648,110720158342,26391222400,250700,8031156,4888491500,232571675200,1910963741,13147790641,11753246590,587229523,40352001300,412770477,999981237,18763,17014,21477524,978522476,15670995176,3863612500,62,3917749480,999999168,832,999820014,179986,3917748586,1000,1000,1000,1000,1000,1000,1000,110719462265,26391179200,246983,7757605,4888733300,232569830400,1894846830,13131563830,11753736958,586502584,40351323300,413497416,999998900,1100,100816,21684458,978315542,15671645542,3862358800,8590,3917928380,999988794,11206,999836616,163384,3917908584,1000,1000,1000,1000,1000,1000,1000
440000,96780,623750,4390000000,26340000000,10000,60000,9904633375015,19082867,1058651299,11067,4389903220,2000,62487,2919626,8779784306,2217238282,17782761718,19608593818,9887650554,112349446,924299360,110745817041,26450477900,153162,8051229,4896678700,233096724600,1916114429,13178349979,11778524408,587404305,40443565800,412595695,999998506,1494,8801,21613093,978386907,15704691707,3872159500,50,3926189860,999977489,22511,999839501,160499,3926167299,1000,1000,1000,1000,1000,1000,1000,110744948796,26450461200,248877,7997245,4896960800,233095114400,1898826784,13160963784,11779085399,586734858,40442931000,413265142,999997849,2151,16291,21666292,978333708,15705444508,3870976000,8279,3926375460,999991928,8072,999828091,171909,3926359109,1000,1000,1000,1000,1000,1000,1000
441000,94640,635052,4400000000,26400000000,10000,60000,9904439676840,13211240,1055633670,2597,4399905360,2000,57632,2947504,8799805526,2217324880,17782675120,19608214920,9887940576,112059424,927415502,110771299453,26509744000,156622,8096007,4905053600,233621849600,1919486323,13207133923,11803847530,587555928,40535096700,412444072,999997353,2647,6325,21636095,978363905,15738460905,3880749400,8300,3934629080,999992595,7405,999835425,164575,3934613375,1000,1000,1000,1000,1000,1000,1000,110770485038,26509718100,195211,8106201,4905236800,233620161800,1904628043,13192173393,11804412633,586875461,40534470000,413124539,999986944,13056,6783,21665650,978334350,15739216450,3879581200,8441,3934813440,999998818,1182,999823583,176417,3934803817,1000,1000,1000,1000,1000,1000,1000
442000,93650,631844,4410000000,26460000000,10000,60000,9904236972904,16267994,1061477181,11907,4409906350,2000,63422,2934501,8819788886,2217335698,17782664302,19607914202,9888253699,111746301,930528385,110796746084,26569008600,243726,7723176,4913897200,234147039600,1926182013,13239245913,11829148980,587605281,40626542100,412394719,999996951,3049,100770,21687990,978312010,15772195310,3889363700,8320,3943064640,999990010,9990,999834470,165530,3943046330,1000,1000,1000,1000,1000,1000,1000,110795978518,26569002300,208008,8126228,4913651900,234145363000,1907098921,13220058821,11829750802,587019164,40625990100,412980836,999999006,994,20842,21691240,978308760,15772995560,3888150500,74,3943261360,999983472,16528,999837742,162258,3943244758,1000,1000,1000,1000,1000,1000,1000
443000,94140,634687,4420000000,26520000000,10000,60000,9904043148680,10502183,1058520489,11355,4419905860,2000,598,2935696,8839789010,2217397463,17782602537,19607556137,9888561904,111438096,933644514,110822267569,26628296600,195475,8042590,4922026000,234672307600,1931133293,13269615443,11854511763,587837786,40718155800,412162214,999984034,15966,8048,21637185,978362815,15806012515,3897982300,41,3951510300,999990493,9507,999831548,168452,3951500752,1000,1000,1000,1000,1000,1000,1000,110821526646,26628267000,159305,7958917,4922151000,234670554000,1911373022,13249749272,11855076829,587164821,40717521900,412835179,999997538,2462,17317,21747888,978252112,15806766012,3896724100,37,3951698500,999990720,9280,999825317,174683,3951689183,1000,1000,1000,1000,1000,1000,1000
444000,95190,644609,4430000000,26580000000,10000,60000,9903842612634,11435854,1062313087,11754,4429904810,2000,465,2929321,8859786112,2217434088,17782565912,19607211012,9888811639,111188361,936759551,110847777304,26687542500,231595,8073639,4930321300,235197342600,1935017262,13298908362,11879794717,588006028,40809705300,411993972,999998261,1739,8233,21781916,978218084,15839719484,3906520500,77,3959945260,999979584,20416,999835533,164467,3959924767,1000,1000,1000,1000,1000,1000,1000,110846968338,26687556400,191723,7990522,4930624400,235195808000,1916653114,13280446564,11880428306,587311048,40809041100,412688952,999990635,9365,18487,21728781,978271219,15840570919,3905317700,8900,3960151980,999999533,467,999826887,173113,3960142613,1000,1000,1000,1000,1000,1000,1000
445000,93160,629658,4440000000,26640000000,10000,60000,9903644241867,10211245,1063945468,11373,4439906840,2000,970,2934589,8879790934,2217486012,17782513988,19606856888,9889072751,110927249,939872385,110873359785,26746788300,199261,8111078,4938560000,235722355000,1938529388,13327828038,11905060599,588161047,40901259000,411838953,999998329,1671,7582,21904683,978095317,15873407017,3915094600,8737,3968376500,999978655,21345,999844582,155418,3968346418,1000,1000,1000,1000,1000,1000,1000,110872395139,26746841600,230307,7678180,4939452400,235721040800,1922331484,13311541334,11905795495,587374132,40900470000,412625868,999995914,4086,108582,21707187,978292813,15874393913,3913896700,8801,3968607460,999999759,241,999823482,176518,3968598418,1000,1000,1000,1000,1000,1000,1000
446000,96360,638953,4450000000,26700000000,10000,60000,9903442860104,12001196,1068491662,10736,4449903640,2000,64454,2930158,8899785808,2217531300,17782468700,19606498000,9889422462,110577538,942982770,110898849202,26806073100,178402,8022818,4947119300,236247648600,1942195709,13356914609,11930417644,588321655,40992782100,411678345,999996323,3677,3268,21855124,978144876,15907221376,3923726000,8660,3976818840,999993552,6448,999831568,168432,3976803732,1000,1000,1000,1000,1000,1000,1000,110898002322,26806117900,148308,7698617,4947770200,236246212600,1927758434,13342381984,11931110779,587537975,40992016500,412462025,999998485,1515,102610,21733531,978266469,15908143269,3922499500,8241,3977054040,999986691,13309,999838310,161690,3977032490,1000,1000,1000,1000,1000,1000,1000
447000,92450,634312,4460000000,26760000000,10000,60000,9903245351629,9940255,1069333678,11676,4459907550,2000,504,2935775,8919791748,2217610384,17782389616,19606117316,9889636365,110363635,946094013,110924257590,26865342600,217417,8209037,4955459100,236772737200,1947632128,13387760378,11955793189,588471876,41084299200,411528124,999997545,2455,4669,21820880,978179120,15941054020,3932295500,73,3985271600,999989304,10696,999825269,174731,3985260831,1000,1000,1000,1000,1000,1000,1000,110923402714,26865389100,210297,7767819,4956162900,236771385400,1931566856,13371604806,11956466199,587684522,41083554300,412315478,999975059,24941,83837,21769938,978230062,15941954162,3931038600,87,3985490360,999997690,2310,999825237,174763,3985487963,1000,1000,1000,1000,1000,1000,1000
448000,93680,634660,4470000000,26820000000,10000,60000,9903038786976,16891982,1079103719,11277,4469906320,2000,57733,2936751,8939790086,2217638858,17782361142,19605778642,9889934069,110065931,949209055,110949830797,26924606200,202753,8012130,4963971200,237297945200,1952027182,13417572982,11981075967,588624791,41175836100,411375209,999998441,1559,19550,21922783,978077217,15974762317,3940891900,93,3993703360,999983083,16917,999828250,171750,3993686350,1000,1000,1000,1000,1000,1000,1000,110948929094,26924655500,170340,8169686,4964160400,237296464600,1936287525,13401734625,11981796604,587913300,41175159000,412086700,999986178,13822,9478,21781174,978218826,15975728526,3939623200,8160,3993940920,999999162,838,999829378,170622,3993931922,1000,1000,1000,1000,1000,1000,1000
449000,93740,632368,4480000000,26880000000,10000,60000,9902843716762,12336860,1077354150,10165,4479906260,2000,58188,2934700,8959792190,2217656922,17782343078,19605453578,9890237280,109762720,952319870,110975313230,26983878600,181139,8099571,4972371600,237823102000,1957395771,13448354821,12006433835,588780341,41267362500,411219659,999996264,3736,13323,21860688,978139312,16008575412,3949521500,39,4002150720,999990896,9104,999818923,181077,4002141577,1000,1000,1000,1000,1000,1000,1000,110974427341,26983952400,185874,7623606,4973123200,237821833600,1940084073,13430954623,12007139437,587981203,41266591800,412018797,999996408,3592,107305,21825968,978174032,16009515732,3948188100,53,4002386900,999989448,10552,999835005,164995,4002376295,1000,1000,1000,1000,1000,1000,1000
450000,94880,635224,4490000000,26940000000,10000,60000,9902640041554,16395763,1084230901,10034,4489905120,2000,5136,2930766,8979790172,2217682817,17782317183,19605123483,9890519654,109480346,955424026,111000759390,27043198700,239407,8065133,4980932900,238348556600,1963107296,13479492246,12031791825,588935098,41358889800,411064902,999994597,5403,11199,21851874,978148126,16042382526,3958106700,77,4010610500,999980278,19722,999838099,161901,4010590701,1000,1000,1000,1000,1000,1000,1000,110999859394,27043198700,233392,7844393,4981366500,238346863000,1943588294,13459867394,12032469083,588137966,41358151500,411862034,999969828,30172,73862,21847379,978152621,16043291221,3956779100,73,4010824880,999997331,2669,999818362,181638,4010822138,1000,1000,1000,1000,1000,1000,1000
451000,93490,625911,4500000000,27000000000,10000,60000,9902446228754,10607042,1081278731,11613,4499906510,2000,5629,2936995,8999789794,2217725596,17782274404,19604772804,9890799645,109200355,958534339,111026283088,27102461300,155226,8029932,4989359200,238873641800,1966716168,13508511118,12057153564,589086020,41450397000,410913980,999996258,3742,18338,21826674,978173326,16076204426,3966687400,8740,4019060580,999999022,978,999820538,179462,4019050862,1000,1000,1000,1000,1000,1000,1000,111025479747,27102471800,161891,7965173,4989517800,238872091600,1949160592,13490857342,12057759748,588380938,41449769700,411619062,999991984,8016,4546,21936798,978063202,16077010702,3965367700,40,4019257880,999993114,6886,999827346,172654,4019250954,1000,1000,1000,1000,1000,1000,1000
452000,94610,634324,4510000000,27060000000,10000,60000,9902240426337,16801595,1090264370,11678,4509905390,2000,63319,2931951,9019787424,2217767832,17782232168,19604429068,9891111089,108888911,961641913,111051750421,27161792600,201475,7540177,4998360500,239399203600,1971888001,13539114151,12082514874,589151941,41541839700,410848059,999998073,1927,102332,21822858,978177142,16110015342,3975273800,8122,4027522060,999986530,13470,999839832,160168,4027500468,1000,1000,1000,1000,1000,1000,1000,111051013375,27161719000,176457,8081957,4997780900,239397114000,1953083456,13520188206,12083038544,588527162,41541318900,411472838,999988306,11694,8044,22005100,977994900,16110712100,3973982800,68,4027691500,999982124,17876,999835944,164056,4027673556,1000,1000,1000,1000,1000,1000,1000
453000,93220,626593,4520000000,27120000000,10000,60000,9902039486472,18160376,1094484388,1315,4519906780,2000,531,2954482,9039810930,2217833548,17782166452,19604060852,9891382618,108617382,964752148,111077187206,27221041800,222046,7778434,5006575600,239924138000,1976839028,13569467428,12107866112,589294406,41633358900,410705594,999994690,5310,108384,21835172,978164828,16143815628,3983821000,80,4035967160,999982436,17564,999835484,164516,4035949516,1000,1000,1000,1000,1000,1000,1000,111076518551,27220994000,144120,7671784,5006656500,239922330400,1957384048,13549905448,12108391181,588591934,41632747800,411408066,999995091,4909,100657,21952976,978047024,16144518224,3982620400,45,4036137140,999989948,10052,999824157,175843,4036127043,1000,1000,1000,1000,1000,1000,1000
454000,94500,613654,4530000000,27180000000,10000,60000,9901848380496,9652824,1088795492,10174,4529905500,2000,61186,2943616,9059790652,2217870820,17782129180,19603725980,9891664224,108335776,967863276,111102715928,27280305100,201470,8104514,5014567500,240449254200,1981270203,13599310453,12133181050,589536173,41724987000,410463827,999997839,2161,16066,21934516,978065484,16177569084,3992352300,78,4044405060,999983052,16948,999836566,163434,4044388034,1000,1000,1000,1000,1000,1000,1000,111101933720,27280259000,225396,8173324,5014674000,240447458800,1962080907,13580014707,12133710300,588831488,41724371700,411168512,999990760,9240,8072,21956772,978043228,16178280128,3991239300,8056,4044578700,999999184,816,999821572,178428,4044569828,1000,1000,1000,1000,1000,1000,1000
455000,94550,626032,4540000000,27240000000,10000,60000,9901642922559,15505749,1097509211,11544,4539905450,2000,62505,2932150,9079787812,2217915808,17782084192,19603380892,9891898450,108101550,970969762,111128218780,27339576700,163809,7848182,5023240200,240974359800,1985215687,13628666087,12158527236,589598353,41816424600,410401647,999998216,1784,101463,21932227,978067773,16211366973,4000925700,9038,4052856800,999991975,8025,999836163,163837,4052839737,1000,1000,1000,1000,1000,1000,1000,111127458531,27339550300,222990,8097892,5023137800,240972748600,1967292376,13610645376,12159046009,588982352,41815905000,411017648,999992159,7841,11507,22016398,977983602,16212054502,3999790800,77,4053029100,999979470,20530,999835807,164193,4053008493,1000,1000,1000,1000,1000,1000,1000
456000,93250,625634,4550000000,27300000000,10000,60000,9901443952359,14878856,1099780716,11660,4549906750,2000,5675,2937380,9099790180,2217973115,17782026885,19603029285,9892107820,107892180,974072300,111153741713,27398870700,149536,7950507,5031510300,241499759000,1987820216,13656696316,12183873854,589839975,41908049400,410160025,999997658,2342,3383,21996229,978003771,16245161171,4009476300,8280,4061307500,999988097,11903,999831183,168817,4061287317,1000,1000,1000,1000,1000,1000,1000,111152944294,27398830500,196817,8002862,5031639600,241497981800,1973902325,13642672375,12184406282,589131468,41907425100,410868532,999987205,12795,7637,22027355,977972645,16245872945,4008349400,44,4061473000,999993707,6293,999823737,176263,4061466663,1000,1000,1000,1000,1000,1000,1000
457000,97380,635775,4560000000,27360000000,10000,60000,9901242330672,16897018,1104663104,10146,4559902620,2000,57648,2924238,9119784948,2218020390,17781979610,19602681210,9892336902,107663098,977178750,111179139242,27458129000,201859,7901713,5040042400,242024703600,1992902537,13687180387,12209233301,589890778,41999476500,410109222,999999045,955,100367,22014066,977985934,16278971834,4017996500,85,4069756320,999982298,17702,999834767,165233,4069738533,1000,1000,1000,1000,1000,1000,1000,111178417094,27458102700,195387,8142472,5039972700,242023095000,1977945590,13672126190,12209750672,589285843,41998949400,410714157,999989270,10730,9727,22005855,977994145,16279667245,4016946600,8114,4069925640,999999047,953,999824927,175073,4069916573,1000,1000,1000,1000,1000,1000,1000
458000,94600,624826,4570000000,27420000000,10000,60000,9901044128864,15519309,1106059365,9799,4569905400,2000,6234,2925354,9139791202,2218078473,17781921527,19602310827,9892666826,107333174,980281528,111204632457,27517420800,172081,7774723,5048607300,242550020800,1997759615,13717458315,12234594728,590041884,42090995400,409958116,999987930,12070,98146,21997118,978002882,16312792682,4026584200,8240,4078207060,999999134,866,999825446,174554,4078197954,1000,1000,1000,1000,1000,1000,1000,111203936054,27517390900,209501,7839618,5048765100,242548365000,1982311675,13701910625,12235079442,589355271,42090398100,410644729,999996956,3044,100285,21982043,978017957,16313430557,4025592300,48,4078377260,999973903,26097,999841885,158115,4078351115,1000,1000,1000,1000,1000,1000,1000
459000,97390,638268,4580000000,27480000000,10000,60000,9900847853605,12187877,1105621263,1529,4579902610,2000,5378,2947324,9159802162,2218122982,17781877018,19601965218,9892900976,107099024,983387038,111230157541,27576701100,210837,7673945,5057092400,243075302200,2004204052,13749322802,12259893834,590195362,42182540400,409804638,999993788,6212,102826,22099692,977900308,16346517208,4035157000,8114,4086655200,999976288,23712,999840226,159774,4086623374,1000,1000,1000,1000,1000,1000,1000,111229448908,27576658400,199894,8037999,5056916700,243073568800,1985017802,13730033552,12260393139,589578641,42182016000,410421359,999987375,12625,16134,22057795,977942205,16347187705,4034159100,8593,4086812600,999990559,9441,999832334,167666,4086794566,1000,1000,1000,1000,1000,1000,1000
460000,95220,632023,4590000000,27540000000,10000,60000,9900643563292,16855255,1113171859,2503,4589904780,2000,63044,2944950,9179804554,2218150747,17781849253,19601637653,9893126970,106873030,986498624,111255618573,27635950900,195516,7748417,5065449900,243600358600,2009609948,13780138498,12285246244,590349254,42274076100,409650746,999975517,24483,84063,22080819,977919181,16380327581,4043754900,50,4095083620,999997767,2233,999812463,187537,4095081337,1000,1000,1000,1000,1000,1000,1000,111254936278,27635952600,156836,7715555,5065673500,243598792400,1988735985,13759166435,12285789797,589648089,42273441600,410351911,999998727,1273,104438,22045141,977954859,16381046059,4042678000,87,4095277360,999978989,21011,999835438,164562,4095256262,1000,1000,1000,1000,1000,1000,1000
461000,92010,624239,4600000000,27600000000,10000,60000,9900445908721,14902565,1114044525,11749,4599907990,2000,6075,2929678,9199792482,2218199886,17781800114,19601295414,9893394682,106605318,989606964,111281144392,27695248300,231253,8085473,5073540500,244125671000,2013725525,13809673925,12310541555,590596019,42365701200,409403981,999999034,966,8115,22140360,977859640,16414048940,4052356000,8295,4103535080,999980600,19400,999844115,155885,4103507385,1000,1000,1000,1000,1000,1000,1000,111280385009,27695231100,197427,8075956,5073745800,244123990200,1993850261,13789695761,12311127081,589880682,42365056800,410119318,999997694,2306,16612,22096431,977903569,16414830269,4051224200,55,4103720760,999982483,17517,999836912,163088,4103703188,1000,1000,1000,1000,1000,1000,1000
462000,97690,633776,4610000000,27660000000,10000,60000,9900247892601,13306518,1115305562,2432,4609902310,2000,5238,2948388,9219799756,2218226819,17781773181,19600954481,9893660532,106339468,992711188,111306662054,27754495800,191880,8122423,5081888600,244650697200,2018540896,13839897496,12335877741,590751596,42457229700,409248404,999999174,826,11078,22151837,977848163,16447831163,4060947600,83,4111970980,999982525,17475,999829178,170822,4111953422,1000,1000,1000,1000,1000,1000,1000,111305887770,27754493900,186358,8186829,5082039200,244649089400,1998207140,13819463490,12336453947,590042508,42456602700,409957492,999990284,9716,2976,22129529,977870471,16448600471,4059801500,8301,4112169200,999985625,14375,999834676,165324,4112146524,1000,1000,1000,1000,1000,1000,1000
463000,95610,625812,4620000000,27720000000,10000,60000,9900045766601,15818193,1120652145,10585,4619904390,2000,5726,2932242,9239787610,2218263694,17781736306,19600618606,9893917918,106082082,995819628,111332140339,27813773300,175337,7787902,5090643300,245175887400,2023726775,13870498075,12361229657,590809569,42548673300,409190431,999982261,17739,84092,22155235,977844765,16481638965,4069517700,59,4120411100,999998267,1733,999821392,178608,4120409308,1000,1000,1000,1000,1000,1000,1000,111331271839,27813805000,247423,7735262,5091044300,245174519600,2002188537,13848870387,12361846553,590103816,42548024400,409896184,999987870,12130,90354,22092501,977907499,16482461699,4068368200,8379,4120624640,999998885,1115,999826154,173846,4120615146,1000,1000,1000,1000,1000,1000,1000
464000,95590,626913,4630000000,27780000000,10000,60000,9899844919467,17066330,1124767086,11596,4629904410,2000,5676,2928028,9259785628,2218321397,17781678603,19600271603,9894150932,105849068,998923660,111357693126,27873059800,179044,7609754,5099159100,245701177200,2027578819,13899769919,12386521300,590950630,42640203000,409049370,999998320,1680,100490,22266190,977733810,16515358310,4078080100,8720,4128856000,999989730,10270,999840590,159410,4128837010,1000,1000,1000,1000,1000,1000,1000,111356784000,27873091200,218493,8046106,5099154300,245699753600,2007499292,13879597492,12387207804,590335865,42639632100,409664135,999986696,13304,5031,22096027,977903973,16516272773,4076932800,74,4129077940,999987103,12897,999829831,170169,4129064969,1000,1000,1000,1000,1000,1000,1000
465000,95380,627917,4640000000,27840000000,10000,60000,9899643808153,18602810,1129190183,2459,4639904620,2000,5755,2941551,9279804322,2218393163,17781606837,19599896637,9894381889,105618111,1002027711,111383059327,27932340600,239682,8116349,5107252400,246226361200,2031616098,13929221098,12411921970,591187020,42731802300,408812980,999995023,4977,9703,22184933,977815067,16549225967,4086668500,24,4137314000,999990021,9979,999826603,173397,4137303997,1000,1000,1000,1000,1000,1000,1000,111382247851,27932348400,252387,8134730,5107475400,246224814400,2012637880,13910145230,12412522529,590498585,42731165100,409501415,999996231,3769,6146,22163317,977836683,16550027683,4085490000,8839,4137521060,999992933,7067,999828546,171454,4137505154,1000,1000,1000,1000,1000,1000,1000
466000,93870,634460,4650000000,27900000000,10000,60000,9899445540864,17278437,1130743453,1351,4649906130,2000,604,2954658,9299809558,2218453401,17781546599,19599539999,9894625382,105374618,1005135740,111408646078,27991606700,150633,7603507,5116067300,246751530200,2036318210,13959338010,12437248411,591252637,42823242300,408747363,999998274,1726,100837,22240626,977759374,16582996374,4095235500,8315,4145760800,999995478,4522,999819137,180863,4145747963,1000,1000,1000,1000,1000,1000,1000,111407821659,27991627300,195215,7684561,5116249600,246750009800,2017104726,13940026926,12437835544,590543926,42822603300,409456074,999995984,4016,103458,22219414,977780586,16583778386,4094063700,8500,4145958360,999992982,7018,999840058,159942,4145942842,1000,1000,1000,1000,1000,1000,1000
467000,96130,628036,4660000000,27960000000,10000,60000,9899245809124,17389934,1133641419,2450,4659903870,2000,63131,2948945,9319802840,2218484958,17781515042,19599210942,9894937795,105062205,1008240335,111434058991,28050883200,252403,7705249,5124484500,247276718400,2040604899,13989039399,12462559664,591393232,42914771400,408606768,999994330,5670,105498,22258634,977741366,16616745866,4103850300,8720,4154195980,999998942,1058,999827998,172002,4154186202,1000,1000,1000,1000,1000,1000,1000,111433285689,28050911100,221283,7712989,5124718700,247275260600,2021929534,13970269434,12463200050,590694337,42914131800,409305663,999998461,1539,103824,22207174,977792826,16617591326,4102650000,82,4154417580,999973778,26222,999840024,159976,4154391276,1000,1000,1000,1000,1000,1000,1000
468000,94560,627478,4670000000,28020000000,10000,60000,9899049054966,14522351,1133685053,2410,4669905440,2000,63207,2944442,9339806060,2218518517,17781481483,19598879283,9895126658,104873342,1011344918,111459598424,28110171000,194390,7601756,5132953800,247801985200,2044964665,14018817365,12487914384,591542215,43006299600,408457785,999990553,9447,101938,22285554,977714446,16650552246,4112402000,8060,4162646720,999999202,798,999827738,172262,4162637862,1000,1000,1000,1000,1000,1000,1000,111458733995,28110197400,176223,7646221,5133229800,247800507600,2026734900,14000491950,12488606524,590837844,43005643500,409162156,999981450,18550,92206,22170182,977829818,16651474818,4111185800,44,4162869980,999998358,1642,999815006,184994,4162868294,1000,1000,1000,1000,1000,1000,1000
469000,96000,618502,4680000000,28080000000,10000,60000,9898850938881,13035581,1135023271,2646,4679904000,2000,61928,2943282,9359802708,2218564962,17781435038,19598530438,9895404178,104595822,1014448586,111485127627,28169443700,144858,7721507,5141276000,248327106600,2048413553,14047677253,12513265144,591704650,43097829300,408295350,999999545,455,100995,22250551,977749449,16684350449,4121010100,8666,4171103200,999990771,9229,999830995,169005,4171085305,1000,1000,1000,1000,1000,1000,1000,111484259064,28169461500,215359,7969196,5141248100,248325647800,2032472017,14031642317,12513876738,591076526,43097273700,408923474,999994767,5233,16741,22305703,977694297,16685165797,4119748200,9020,4171307640,999990439,9561,999831841,168159,4171289059,1000,1000,1000,1000,1000,1000,1000
470000,95200,623108,4690000000,28140000000,10000,60000,9898646965325,17394765,1142219999,10473,4689904800,2000,521,2928180,9379788654,2218602290,17781397710,19598196010,9895658520,104341480,1017555574,111510564569,28228727800,186285,7969441,5149498500,248852411600,2052614233,14077298983,12538625834,591934593,43189443000,408065407,999983311,16689,8418,22264484,977735516,16718165716,4129581000,70,4179546140,999993812,6188,999818418,181582,4179539882,1000,1000,1000,1000,1000,1000,1000,111509729281,28228721700,180242,8088438,5149569400,248850686600,2037499688,14062077388,12539248377,591213587,43188791700,408786413,999983528,16472,11941,22281164,977718836,16718997336,4128310600,8301,4179758760,999998500,1500,999817341,182659,4179748959,1000,1000,1000,1000,1000,1000,1000
471000,95740,644963,4700000000,28200000000,10000,60000,9898456085449,8692050,1136324391,9778,4699904260,2000,1001,2935377,9399788964,2218682399,17781317601,19597829301,9895966503,104033497,1020663467,111536002839,28288005500,228932,7789229,5158176000,249377572600,2057467690,14107565290,12563966174,591998438,43280892600,408001562,999982695,17305,83657,22262383,977737617,16751954317,4138168200,8792,4187998680,999998255,1745,999822157,177843,4187988143,1000,1000,1000,1000,1000,1000,1000,111535235159,28287992800,228854,8136434,5157944000,249375864000,2041796346,14091788746,12564539211,591367637,43280335800,408632363,999997808,2192,19071,22339860,977660140,16752713140,4136923800,87,4188191440,999982576,17424,999834071,165929,4188173929,1000,1000,1000,1000,1000,1000,1000
472000,95010,620586,4710000000,28260000000,10000,60000,9898255243353,9932237,1140485606,10317,4709904990,2000,1032,2930323,9419789346,2218727390,17781272610,19597483010,9896146637,103853363,1023769683,111561561861,28347279400,155465,8104299,5166184200,249902692400,2062398889,14137907239,12589304336,592244939,43372498200,407755061,999998081,1919,7542,22312806,977687194,16785737794,4146703400,8420,4196445840,999996038,3962,999829242,170758,4196433458,1000,1000,1000,1000,1000,1000,1000,111560753820,28347265500,182033,8150740,5166292200,249901015800,2046065843,14121471143,12589884958,591523194,43371873000,408476806,999991945,8055,3951,22382593,977617407,16786510207,4145462900,9040,4196643500,999990789,9211,999829651,170349,4196625249,1000,1000,1000,1000,1000,1000,1000
473000,96060,631988,4720000000,28320000000,10000,60000,9898050843575,14743630,1148176326,2352,4719903940,2000,5812,2951020,9439803176,2218791905,17781208095,19597118695,9896389060,103610940,1026870736,111587080625,28406545900,151013,8076494,5174606100,250427849400,2066444108,14167366458,12614631387,592387770,43464030600,407612230,999999616,384,11746,22357159,977642841,16819502741,4155283600,61,4204888740,999982675,17325,999829846,170154,4204871354,1000,1000,1000,1000,1000,1000,1000,111586253220,28406557200,146226,7792505,5175089400,250426284800,2051172592,14151995742,12615257881,591586433,43463312400,408413567,999982315,17685,85382,22357001,977642999,16820340499,4154037900,35,4205092680,999989973,10027,999828282,171718,4205082618,1000,1000,1000,1000,1000,1000,1000
474000,94400,623941,4730000000,28380000000,10000,60000,9897854321104,11642075,1147918376,2557,4729905600,2000,6027,2947015,9459806086,2218816779,17781183221,19596793121,9896645405,103354595,1029974691,111612432459,28465844400,239026,7819461,5183469800,250953143200,2070785151,14197126051,12640017530,592451509,43555452000,407548491,999996604,3396,100695,22301265,977698735,16853354635,4163863300,8180,4213351500,999993785,6215,999825495,174505,4213337105,1000,1000,1000,1000,1000,1000,1000,111611746680,28465829300,165772,8022705,5183259300,250951505000,2056003581,14182243981,12640579037,591816639,43554925200,408183361,999987723,12277,5584,22416647,977583353,16854102153,4162613500,75,4213532880,999990311,9689,999825384,174616,4213523116,1000,1000,1000,1000,1000,1000,1000
475000,96360,630873,4740000000,28440000000,10000,60000,9897649571636,16782888,1155956823,2583,4739903640,2000,558,2938421,9479802114,2218846524,17781153476,19596449676,9896838559,103161441,1033074073,111637984373,28525149000,159530,8011000,5191622200,251478487600,2075757600,14227519450,12665387551,592695054,43647062400,407304946,999988555,11445,8001,22334750,977665250,16887181150,4172382500,8067,4221808420,999993246,6754,999831701,168299,4221793599,1000,1000,1000,1000,1000,1000,1000,111637253406,28525103000,166096,8092648,5191597000,251476665200,2060195419,14211849119,12665907086,591978134,43646465700,408021866,999991968,8032,3134,22457648,977542352,16887870052,4171184100,46,4221981200,999981812,18188,999832634,167366,4221962966,1000,1000,1000,1000,1000,1000,1000
476000,95450,633886,4750000000,28500000000,10000,60000,9897456575902,10191587,1152255733,1332,4749904550,2000,530,2962410,9499806436,2218912989,17781087011,19596086811,9897076290,102923710,1036178026,111663433751,28584426600,210370,8118167,5199968400,252003657200,2079543662,14256718912,12690727124,592842776,43738598700,407157224,999988983,11017,2907,22379383,977620617,16920962917,4180932100,42,4230255580,999980255,19745,999840307,159693,4230235793,1000,1000,1000,1000,1000,1000,1000,111662755019,28584352900,193597,7790500,5200269900,252001695400,2065584822,14242646672,12691186255,592037059,43737910500,407962941,999999331,669,105772,22543617,977456383,16921578283,4179772600,8221,4230410420,999989829,10171,999837172,162828,4230392028,1000,1000,1000,1000,1000,1000,1000
477000,94730,626799,4760000000,28560000000,10000,60000,9897252767202,14396277,1159304534,11243,4759905270,2000,56961,2928003,9519788054,2218954179,17781045821,19595742921,9897298457,102701543,1039278711,111688933651,28643717900,167107,7972480,5208492400,252528935800,2085634434,14288228184,12716108379,592998677,43830112500,407001323,999992563,7437,2586,22418807,977581193,16954804293,4189434000,29,4238716580,999979363,20637,999834486,165514,4238695914,1000,1000,1000,1000,1000,1000,1000,111688168140,28643642000,232440,8167561,5208439200,252526987200,2068606606,14271088056,12716565121,592268213,43829522700,407731787,999979473,20527,5460,22490439,977509561,16955419561,4188373800,8519,4238864760,999998199,1801,999824660,175340,4238854440,1000,1000,1000,1000,1000,1000,1000
478000,93330,628190,4770000000,28620000000,10000,60000,9897049597563,17968901,1165782948,1507,4769906670,2000,5756,2952221,9539810326,2219005164,17780994836,19595390136,9897518319,102481681,1042380145,111714391659,28703012500,185516,7993678,5216943400,253054205000,2089639641,14317650891,12741465447,593145955,43921633800,406854045,999993180,6820,3825,22416378,977583622,16988614222,4198001900,43,4247167940,999980878,19122,999841225,158775,4247148775,1000,1000,1000,1000,1000,1000,1000,111713709216,28702915000,209075,7659761,5217309200,253052195600,2073817313,14301715163,12741886863,592336484,43920953400,407663516,999999181,819,110797,22550134,977449866,16989179666,4196946600,8763,4247310020,999991546,8454,999826497,173503,4247292803,1000,1000,1000,1000,1000,1000,1000
479000,93680,631087,4780000000,28680000000,10000,60000,9896854044723,13927466,1164680799,1403,4779906320,2000,945,2948699,9559809834,2219049989,17780950011,19595027911,9897680121,102319879,1045484755,111739828547,28762262600,196246,7763983,5225552100,253579177200,2095036075,14348451825,12766808568,593209421,44013068700,406790579,999989652,10348,92431,22492363,977507637,17022411137,4206496900,8770,4255612200,999999139,861,999828531,171469,4255602569,1000,1000,1000,1000,1000,1000,1000,111739202708,28762212700,186383,8041935,5225362800,253577501400,2077598893,14330916143,12767253369,592599609,44012583300,407400391,999993806,6194,4097,22545828,977454172,17023002172,4205508300,8417,4255764180,999993040,6960,999829397,170603,4255748803,1000,1000,1000,1000,1000,1000,1000
480000,95340,635964,4790000000,28740000000,10000,60000,9896659858433,8527522,1162097879,1376,4789904660,2000,5292,2953789,9579806568,2219130955,17780869045,19594661945,9897973731,102026269,1048590299,111765342423,28821526700,190662,7978617,5233726000,254104356600,2099497034,14378328484,12792132530,593434189,44104677000,406565811,999995084,4916,19195,22539765,977460235,17056176135,4215083200,8400,4264053720,999998285,1715,999820195,179805,4264043605,1000,1000,1000,1000,1000,1000,1000,111764721835,28821481500,165877,7644718,5234178700,254102655000,2082299510,14361030260,12792591885,592635578,44104011000,407364422,999996482,3518,109704,22551219,977448781,17056783481,4214106800,67,4264208760,999982903,17097,999828404,171596,4264191596,1000,1000,1000,1000,1000,1000,1000
481000,95080,629677,4800000000,28800000000,10000,60000,9896450827281,17957219,1174418803,1363,4799904920,2000,1024,2954870,9599807114,2219172800,17780827200,19594316200,9898185270,101814730,1051691984,111790780732,28880814600,197580,8269820,5241973500,254629500400,2105092068,14409334018,12817518644,593593299,44196207300,406406701,999989303,10697,4004,22468560,977531440,17090020840,4223663800,48,4272514300,999987944,12056,999828504,171496,4272502196,1000,1000,1000,1000,1000,1000,1000,111790180642,28880737400,196486,8203093,5242008800,254627669200,2085898131,14390035281,12817911323,592889322,44195649000,407110678,999990398,9602,4076,22630553,977369447,17090544047,4222636600,85,4272645960,999986849,13151,999830376,169624,4272632724,1000,1000,1000,1000,1000,1000,1000
482000,94040,629353,4810000000,28860000000,10000,60000,9896252241213,16904626,1176232173,11551,4809905960,2000,63030,2927429,9619788818,2219190439,17780809561,19594000361,9898393571,101606429,1054793689,111816215472,28940122500,245323,7795158,5250905200,255154885000,2107953454,14437618454,12842881100,593653844,44287633500,406346156,999997709,2291,100565,22520665,977479335,17123837835,4232179000,8070,4280975700,999989105,10895,999835765,164235,4280956735,1000,1000,1000,1000,1000,1000,1000,111815642058,28940029100,250939,8045266,5250617000,255153013400,2092129463,14421689163,12843243526,593032577,44287168800,406967423,999998476,1524,18399,22680673,977319327,17124319327,4231209700,76,4281092000,999983877,16123,999833899,166101,4281075801,1000,1000,1000,1000,1000,1000,1000
483000,95050,623567,4820000000,28920000000,10000,60000,9896060546876,9001128,1171220859,10905,4819904950,2000,6178,2933441,9639788090,2219237504,17780762496,19593646996,9898616159,101383841,1057902449,111841764292,28999376300,227034,7804215,5259193400,255679940600,2112677349,14467751599,12868179763,593801265,44379178800,406198735,999998307,1693,100342,22645579,977354421,17157565821,4240709300,8513,4289416160,999978411,21589,999841742,158258,4289386058,1000,1000,1000,1000,1000,1000,1000,111841230814,28999288900,163411,8160227,5258819000,255678062600,2096650856,14451618656,12868555451,593195647,44378721000,406804353,999988122,11878,4675,22720224,977279776,17158069576,4239792500,8839,4289536040,999986924,13076,999839175,160825,4289514125,1000,1000,1000,1000,1000,1000,1000
484000,94720,638694,4830000000,28980000000,10000,60000,9895853701152,16230749,1181312955,11166,4829905280,2000,5760,2937378,9659788228,2219266901,17780733099,19593314999,9898869482,101130518,1061014310,111867249929,29058623900,218923,7775251,5267578700,256204978200,2116560264,14497043414,12893498572,593946106,44470703700,406053894,999996190,3810,102584,22706312,977293688,17191331388,4249271000,8400,4297841340,999999876,124,999824784,175216,4297832816,1000,1000,1000,1000,1000,1000,1000,111866671832,29058602800,190212,7488634,5268008200,256203588800,2101913182,14482312132,12893953070,593262477,44470134300,406737523,999997625,2375,100748,22688578,977311422,17191932022,4248372400,34,4297995200,999983786,16214,999825948,174052,4297978952,1000,1000,1000,1000,1000,1000,1000
485000,95700,619964,4840000000,29040000000,10000,60000,9895657568207,12761066,1180708219,11727,4839904300,2000,56507,2929307,9679785146,2219321873,17780678127,19592964827,9899096853,100903147,1064114699,111892828076,29117902100,191635,8016336,5275675000,256730260200,2121901799,14527805299,12918806958,594184636,44562349500,405815364,999992873,7127,4337,22781779,977218221,17225069721,4257860400,48,4306281480,999981331,18669,999832337,167663,4306262763,1000,1000,1000,1000,1000,1000,1000,111892135648,29117889500,157215,7977112,5275977700,256728719000,2105709480,14511518230,12919334658,593495524,44561730000,406504476,999995745,4255,17421,22662063,977337937,17225776537,4256906900,8760,4306459660,999990979,9021,999830121,169879,4306441879,1000,1000,1000,1000,1000,1000,1000
486000,95070,638158,4850000000,29100000000,10000,60000,9895459620034,11113334,1181934689,9940,4849904930,2000,503,2931975,9699789980,2219367468,17780632532,19592611732,9899331665,100668335,1067221045,111918321556,29177152500,212697,8187537,5283889200,257255252200,2126936840,14558246040,12944105771,594340971,44653892100,405659029,999996822,3178,2851,22851680,977148320,17258800820,4266431800,47,4314715720,999979376,20624,999839051,160949,4314695049,1000,1000,1000,1000,1000,1000,1000,111917478807,29177202100,249382,8040894,5284523300,257254105800,2109883949,14541115299,12944736235,593661235,44653245300,406338765,999995198,4802,7763,22606428,977393572,17259648072,4265468800,8679,4314921240,999999276,724,999827563,172437,4314911837,1000,1000,1000,1000,1000,1000,1000
487000,95510,626113,4860000000,29160000000,10000,60000,9895260986684,10151204,1183842434,11584,4859904490,2000,925,2926618,9719785812,2219430688,17780569312,19592253012,9899557982,100442018,1070322594,111943745370,29236436500,247559,8096610,5292466100,257780522600,2132445806,14589173906,12969464934,594478196,44745402300,405521804,999991939,8061,8443,22848209,977151791,17292619691,4275008000,7940,4323163360,999999337,663,999825543,174457,4323154757,1000,1000,1000,1000,1000,1000,1000,111942977695,29236471600,237643,8053679,5292903600,257779248800,2113554956,14570199056,12970080042,593808967,44744775300,406191033,999997713,2287,10346,22653604,977346396,17293437996,4274013200,9106,4323373240,999993820,6180,999825446,174554,4323357954,1000,1000,1000,1000,1000,1000,1000
488000,95470,629431,4870000000,29220000000,10000,60000,9895059429963,12117818,1188695320,1435,4869904530,2000,63786,2948912,9739806190,2219496081,17780503919,19591894819,9899790688,100209312,1073419278,111969259012,29295720600,245623,7667312,5301339100,258305802000,2137041875,14619189425,12994796394,594535599,44836842300,405464401,999996444,3556,101245,22849251,977150749,17326393549,4283626800,7956,4331610040,999995071,4929,999828345,171655,4331597155,1000,1000,1000,1000,1000,1000,1000,111968458938,29295766100,205585,7724462,5301663700,258304481000,2118058058,14600117358,12995456558,593856081,44836203900,406143919,999981822,18178,94441,22645383,977354617,17327274917,4282550800,8120,4331827960,999998519,1481,999829141,170859,4331818359,1000,1000,1000,1000,1000,1000,1000
489000,96670,633573,4880000000,29280000000,10000,60000,9894862183275,9755943,1189244173,1276,4879903330,2000,5201,2951422,9759804108,2219549818,17780450182,19591548082,9899986118,100013882,1076522926,111994766836,29354984700,207570,8065143,5309317600,258830879800,2141194710,14648751610,13020142655,594768813,44928454500,405231187,999995515,4485,17502,22882547,977117453,17360189453,4292170900,8661,4340057720,999997739,2261,999824102,175898,4340046798,1000,1000,1000,1000,1000,1000,1000,111994032946,29355031400,146726,7727057,5309971900,258829590000,2123139166,14630609616,13020780115,594012707,44927745300,405987293,999995931,4069,94524,22719809,977280191,17361034191,4291096400,77,4340272040,999982113,17887,999836424,163576,4340254076,1000,1000,1000,1000,1000,1000,1000
490000,94170,637637,4890000000,29340000000,10000,60000,9894655419257,16904610,1199173109,11650,4889905830,2000,64057,2922039,9779788360,2219589867,17780410133,19591209133,9900278421,99721579,1079624881,112020256658,29414275000,203179,8159042,5317720100,259356142000,2145505713,14678480213,13045491542,594931152,45019992300,405068848,999994831,5169,7679,22830737,977169263,17393988263,4300804000,8600,4348506700,999998621,1379,999829279,170721,4348496721,1000,1000,1000,1000,1000,1000,1000,112019499585,29414343000,141928,7950041,5318212500,259354999600,2127923493,14660818093,13046167144,594248013,45019348500,405751987,999996584,3416,5571,22714127,977285873,17394883373,4299637900,54,4348734740,999981543,18457,999837571,162429,4348716229,1000,1000,1000,1000,1000,1000,1000
491000,95870,627026,4900000000,29400000000,10000,60000,9894461716282,10992928,1196184864,10610,4899904130,2000,504,2928196,9799787040,2219637610,17780362390,19590871790,9900465604,99534396,1082729344,112045795674,29473538900,158043,8105166,5326102500,259881244200,2150548642,14708934042,13070818522,595070242,45111515700,404929758,999996481,3519,15239,22898017,977101983,17427757883,4309346800,7840,4356947640,999999561,439,999828739,171261,4356939361,1000,1000,1000,1000,1000,1000,1000,112044961160,29473604800,162778,7691784,5326877900,259880063200,2132135078,14690438428,13071495892,594298206,45110787000,405701794,999997052,2948,100446,22774954,977225046,17428657146,4308176500,8476,4357181860,999987870,12130,999836846,163154,4357161254,1000,1000,1000,1000,1000,1000,1000
492000,95960,631826,4910000000,29460000000,10000,60000,9894255329744,17760889,1205835425,9989,4909904040,2000,63595,2930534,9819788102,2219677833,17780322167,19590538067,9900689006,99310994,1085833008,112071266389,29532818200,245521,7748371,5334947100,260406534800,2155998391,14739804541,13096112660,595125941,45202976400,404874059,999998611,1389,103170,22936810,977063190,17461479790,4317989800,8360,4365386760,999988730,11270,999838770,161230,4365367130,1000,1000,1000,1000,1000,1000,1000,112070403057,29532885600,164882,8075913,5334904000,260405239200,2135783288,14719500038,13096882144,594541890,45202399500,405458110,999991203,8797,2913,22822769,977177231,17462504331,4316654300,30,4365637800,999984417,15583,999829913,170087,4365622187,1000,1000,1000,1000,1000,1000,1000
493000,95250,637583,4920000000,29520000000,10000,60000,9894059602580,13883716,1204814872,10410,4919904750,2000,5759,2925876,9839788680,2219731496,17780268504,19590187004,9900926664,99073336,1088931944,112096789789,29592095400,230841,7736731,5343379100,260931758800,2161121596,14770344596,13121444140,595271556,45294514800,404728444,999998766,1234,100510,22950070,977049930,17495252930,4326593600,8500,4373835060,999982230,17770,999840610,159390,4373808790,1000,1000,1000,1000,1000,1000,1000,112095770997,29592181300,239790,8151123,5343366200,260930497000,2139878662,14749012062,13122258562,594684246,45293910300,405315754,999982675,17325,6629,22818267,977181733,17496344233,4325189800,8580,4374095800,999998451,1549,999828829,171171,4374085671,1000,1000,1000,1000,1000,1000,1000
494000,93790,622745,4930000000,29580000000,10000,60000,9893860206668,13684346,1207494850,10914,4929906210,2000,602,2935812,9859790592,2219796114,17780203886,19589827686,9901155428,98844572,1092030120,112122203163,29651386000,248576,7677857,5351954900,261457037600,2166932641,14801574241,13146834354,595409735,45386016300,404590265,999995748,4252,106913,22903759,977096241,17529111841,4335164800,8560,4382287940,999998107,1893,999825313,174687,4382277487,1000,1000,1000,1000,1000,1000,1000,112121333588,29651444700,201323,7721687,5352123200,261455623000,2143256562,14777802412,13147575181,594743203,45385350300,405256797,999998940,1060,111037,22893156,977106844,17530094444,4333751100,65,4382536720,999982608,17392,999833737,166263,4382519263,1000,1000,1000,1000,1000,1000,1000
495000,93150,625565,4940000000,29640000000,10000,60000,9893662254526,12059174,1208781510,1509,4939906850,2000,62198,2950554,9879810682,2219869700,17780130300,19589453100,9901364666,98635334,1095136448,112147762723,29710634400,164040,8215490,5359758000,261981997600,2169221148,14829266698,13172175131,595662456,45477650700,404337544,999997377,2623,4521,22922190,977077810,17562896910,4343728700,67,4390731640,999990206,9794,999821521,178479,4390721779,1000,1000,1000,1000,1000,1000,1000,112146784791,29710739500,223408,7650518,5360659000,261980938200,2150079339,14810045539,13172934103,594894507,45476870100,405105493,999997940,2060,111033,22905930,977094070,17563909170,4342310200,8071,4390992040,999991098,8902,999832033,167967,4390975067,1000,1000,1000,1000,1000,1000,1000
496000,97830,633660,4950000000,29700000000,10000,60000,9893459199834,15493528,1215013626,11195,4949902170,2000,466,2924348,9899781950,2219907562,17780092438,19589120538,9901636652,98363348,1098232402,112173242932,29769926400,211230,8040034,5368374300,262507374400,2173685959,14859156059,13197504658,595804758,45569182200,404195242,999997212,2788,9554,22976896,977023104,17596667004,4352310100,34,4399180000,999982380,17620,999823854,176146,4399162346,1000,1000,1000,1000,1000,1000,1000,112172323515,29770033200,144540,7611847,5369097400,262506209600,2154825865,14840209815,13198312392,595051773,45568397100,404948227,999998258,1742,101285,22880493,977119507,17597746007,4350876100,38,4399445200,999988453,11547,999831685,168315,4399433615,1000,1000,1000,1000,1000,1000,1000
497000,94460,631262,4960000000,29760000000,10000,60000,9893266727550,8353239,1210805008,1364,4959905540,2000,62765,2955317,9919808352,2219949989,17780050011,19588782811,9901834383,98165617,1101330835,112198664966,29829222500,231558,8118694,5376773500,263032597000,2177589513,14888474013,13222873904,595951180,45660693000,404048820,999996588,3412,13008,22972604,977027396,17630498396,4360844500,8320,4407633240,999999572,428,999829008,170992,4407624492,1000,1000,1000,1000,1000,1000,1000,112197717943,29829286900,229302,7770795,5377450300,263031261000,2160039010,14870831960,13223640448,595186523,45659924700,404813477,999988238,11762,101315,22897167,977102833,17631520333,4359467400,8282,4407888960,999999207,793,999821115,178885,4407879885,1000,1000,1000,1000,1000,1000,1000
498000,93800,635295,4970000000,29820000000,10000,60000,9893058193684,17265198,1222587630,2547,4969906200,2000,6319,2954426,9939807306,2219971282,17780028718,19588450618,9902058574,97941426,1104426580,112224176876,29888496300,238184,7787046,5385517800,263557787800,2182045599,14918345299,13248193782,596022630,45752145300,403977370,999998150,1850,100320,23012038,976987962,17664255562,4369434900,8478,4416078700,999991558,8442,999835120,164880,4416061780,1000,1000,1000,1000,1000,1000,1000,112223211919,29888584600,195772,7762538,5385892100,263556518000,2164803787,14901013087,13249022163,595339370,45751436700,404660630,999995167,4833,109097,22888734,977111266,17665359466,4368004400,43,4416347600,999989746,10254,999828697,171303,4416337303,1000,1000,1000,1000,1000,1000,1000
499000,91810,636863,4980000000,29880000000,10000,60000,9892865368210,10504688,1218686387,2362,4979908190,2000,940,2951843,9959811656,2220037998,17779962002,19588079702,9902292417,97707583,1107522273,112249658189,29947801100,223589,8024052,5393758200,264083197400,2185910498,14947635198,13273587429,596263647,45843760800,403736353,999992673,7327,2126,22983097,977016903,17698110303,4378004300,79,4424541760,999981193,18807,999828826,171174,4424522874,1000,1000,1000,1000,1000,1000,1000,112248711659,29947870700,162808,8081227,5393992000,264081787800,2170099099,14931726999,13274383928,595598817,45843061200,404401183,999995906,4094,6289,22885361,977114639,17699178039,4376577500,74,4424795780,999998405,1595,999820789,179211,4424794111,1000,1000,1000,1000,1000,1000,1000
500000,94050,627746,4990000000,29940000000,10000,60000,9892665242526,11009719,1222094099,1467,4989905950,2000,62776,2950514,9979808966,2220074045,17779925955,19587750855,9902487466,97512534,1110621332,112275099457,30007088800,238716,8060102,5402168000,264608385600,2189870420,14977008420,13298952777,596404892,45935270400,403595108,999997983,2017,9191,23004214,976995786,17731932386,4386526600,41,4432993600,999986050,13950,999833191,166809,4432979609,1000,1000,1000,1000,1000,1000,1000,112274148902,30007136900,209786,7871561,5402671900,264606921800,2175260558,14962301058,13299725651,595676556,45934519200,404323444,999994952,5048,77396,22909845,977090155,17732966755,4385148500,77,4433243520,999997661,2339,999814796,185204,4433241104,1000,1000,1000,1000,1000,1000,1000
501000,94870,626591,5000000000,30000000000,10000,60000,9892468504499,8140862,1222135673,1328,4999905130,2000,5211,2951307,9999807604,2220126261,17779873739,19587402839,9902670753,97329247,1113714257,112300529890,30066381700,239321,8136776,5410600400,265133621800,2193257330,15005810980,13324348872,596540689,46026784500,403459311,999984326,15674,6137,22958365,977041635,17765795235,4395079300,74,4441456220,999990217,9783,999828037,171963,4441446363,1000,1000,1000,1000,1000,1000,1000,112299695790,30066414800,219449,8067776,5410792800,265132156000,2181099318,14993557218,13325020120,595897050,46026138600,404102950,999997663,2337,9013,23044693,976955307,17766687307,4393684800,74,4441685820,999981441,18559,999831813,168187,4441667187,1000,1000,1000,1000,1000,1000,1000
502000,92600,630154,5010000000,30060000000,10000,60000,9892267394446,9633213,1226536157,11448,5009907400,2000,984,2940940,10019791904,2220164859,17779835141,19587067841,9902856940,97143060,1116818944,112326051306,30125643700,190289,7863494,5419200000,265658673800,2199843558,15037805208,13349684230,596620967,46118234400,403379033,999996032,3968,85165,23030635,976969365,17799578465,4403593800,8080,4449903840,999998475,1525,999826165,173835,4449894235,1000,1000,1000,1000,1000,1000,1000,112325181928,30125691800,187989,7744037,5419513900,265657346000,2183691004,15021563654,13350379007,595954698,46117590600,404045302,999972137,27863,74639,23058232,976941768,17800504468,4402236100,95,4450128180,999997376,2624,999821039,178961,4450125461,1000,1000,1000,1000,1000,1000,1000
503000,94930,619986,5020000000,30120000000,10000,60000,9892069126388,8245178,1228111052,11367,5019905070,2000,5799,2935368,10039787406,2220169866,17779830134,19586770634,9902990272,97009728,1119920778,112351559657,30184934500,186876,7645315,5427750400,266183961800,2203629897,15067010697,13375027570,596739446,46209746400,403260554,999992357,7643,103311,23150141,976849859,17833366259,4412072300,8788,4458358980,999988497,11503,999834211,165789,4458338689,1000,1000,1000,1000,1000,1000,1000,112350692701,30184963600,216965,8012325,5427606200,266182520800,2189076418,15052363518,13375674302,596190155,46209202200,403809845,999993077,6923,12022,23170720,976829280,17834229480,4410784600,8334,4458572280,999991232,8768,999834222,165778,4458555178,1000,1000,1000,1000,1000,1000,1000
504000,96500,625870,5030000000,30180000000,10000,60000,9891862641102,15143878,1237920492,10889,5029903500,2000,6217,2932692,10059785222,2220239980,17779760020,19586407420,9903178628,96821372,1123022550,112376944638,30244192800,238822,7754223,5436126000,266709008800,2208198962,15096987912,13400397021,596878886,46301257500,403121114,999996706,3294,107420,23166999,976833001,17867195501,4420600500,8339,4466808400,999998419,1581,999816420,183580,4466798480,1000,1000,1000,1000,1000,1000,1000,112376128004,30244224000,222568,7898396,5436189200,266707527200,2193687551,15082380001,13401036672,596255861,46300639800,403744139,999985485,14515,92624,23156552,976843448,17868048448,4419340800,8460,4467021580,999998656,1344,999827324,172676,4467011776,1000,1000,1000,1000,1000,1000,1000
505000,95310,629995,5040000000,30240000000,10000,60000,9891666508116,11687200,1237354158,10660,5039904690,2000,57640,2936998,10079788060,2220294416,17779705584,19586042184,9903396482,96603518,1126126442,112402375512,30303505000,257583,8124574,5444257400,267234362800,2211255281,15125464831,13425787876,597109748,46392862500,402890252,999982713,17287,15165,23147489,976852511,17901050211,4429135500,8674,4475271880,999999129,871,999823565,176435,4475262335,1000,1000,1000,1000,1000,1000,1000,112401694365,30303483800,185169,8146745,5444257500,267232681200,2199740434,15113847534,13426343114,596500330,46392270900,403499670,999985508,14492,6378,23233664,976766336,17901788336,4427922600,70,4475452740,999992552,7448,999824378,175622,4475445222,1000,1000,1000,1000,1000,1000,1000
506000,94450,633473,5050000000,30300000000,10000,60000,9891467494664,11092497,1239636787,11476,5049905550,2000,501,2927142,10099788148,2220349761,17779650239,19585696939,9903611098,96388902,1129228246,112427847057,30362814100,251568,8080511,5452782500,267759730600,2217257328,15156888728,13451173818,597274117,46484381100,402725883,999997492,2508,13075,23127357,976872643,17934895543,4437688600,8432,4483738800,999991357,8643,999829575,170425,4483721725,1000,1000,1000,1000,1000,1000,1000,112427196718,30362756000,192896,8062462,5452713800,267757884000,2202954048,15142477298,13451658044,596648794,46483803300,403351206,999995932,4068,10738,23310594,976689406,17935544006,4436482400,7840,4483893960,999999842,158,999823538,176462,4483885962,1000,1000,1000,1000,1000,1000,1000
507000,93850,623837,5060000000,30360000000,10000,60000,9891267909975,11067648,1242539264,10472,5059906150,2000,62496,2936960,10119791356,2220395223,17779604777,19585352177,9903791220,96208780,1132325876,112453394130,30422108400,184781,7653239,5461549500,268284981600,2221415549,15186463349,13476538515,597328489,46575815400,402671511,999994426,5574,105737,23175522,976824478,17968711078,4446196200,91,4492193480,999979174,20826,999840237,159763,4492172563,1000,1000,1000,1000,1000,1000,1000,112452669471,30422014400,248750,8293754,5460912300,268282926400,2207919218,15172850318,13476956771,596804463,46575356100,403195537,999997070,2930,5407,23377736,976622264,17969271764,4445060500,8255,4492335040,999988208,11792,999837207,162793,4492314993,1000,1000,1000,1000,1000,1000,1000
508000,94410,644569,5070000000,30420000000,10000,60000,9891062983124,16373234,1250690910,11668,5069905590,2000,439,2933832,10139787844,2220419058,17779580942,19585021242,9904042128,95957872,1135425972,112478887960,30481380400,144770,7956400,5469625300,268810153600,2227780915,15218242965,13501897220,597586264,46667430600,402413736,999998874,1126,6710,23206990,976793010,18002528010,4454732800,8280,4500643920,999995150,4850,999825510,174490,4500630790,1000,1000,1000,1000,1000,1000,1000,112478182614,30481308500,204673,8083106,5469565500,268808289800,2210757477,15201112027,13502324042,596948517,46666868400,403051483,999994546,5454,11629,23340187,976659813,18003098313,4453671200,8620,4500784120,999998771,1229,999825129,174871,4500774271,1000,1000,1000,1000,1000,1000,1000
509000,95490,629631,5080000000,30480000000,10000,60000,9890862118261,17618550,1254804699,2395,5079904510,2000,63613,2949819,10159804230,2220457911,17779542089,19584690389,9904291461,95708539,1138527791,112504303823,30540646900,188466,7696880,5478402700,269335262600,2230576758,15246449808,13527257837,597604673,46758852900,402395327,999969936,30064,105663,23176926,976823074,18036342774,4463325600,77,4509088040,999996974,3026,999815863,184137,4509084937,1000,1000,1000,1000,1000,1000,1000,112503662751,30540594400,188709,8110089,5477993900,269333507200,2217087048,15232856948,13527689820,597096560,46758389100,402903440,999995680,4320,10420,23323300,976676700,18036919600,4462242300,8320,4509238580,999999520,480,999824820,175180,4509229780,1000,1000,1000,1000,1000,1000,1000
510000,96800,634753,5090000000,30540000000,10000,60000,9890662853875,17251328,1257311466,11459,5089903200,2000,442,2927956,10179783482,2220469003,17779530997,19584369897,9904492024,95507976,1141624206,112529805246,30599952100,172086,7641774,5486853100,269860604200,2234792936,15276086686,13552612512,597785355,46850386200,402214645,999984699,15301,95444,23223932,976776068,18070149568,4471849400,8320,4517546720,999998656,1344,999827544,172456,4517537056,1000,1000,1000,1000,1000,1000,1000,112529148436,30599890100,233470,8044089,5486486200,269858847400,2222086419,15263278119,13553019521,597251784,46849928700,402748216,999996786,3214,10002,23387781,976612219,18070687019,4470801900,75,4517684600,999982973,17027,999839202,160798,4517667498,1000,1000,1000,1000,1000,1000,1000
511000,96710,631113,5100000000,30600000000,10000,60000,9890466318638,14185836,1257121110,10574,5099903290,2000,982,2919442,10199785432,2220517374,17779482626,19584016526,9904703038,95296962,1144718870,112555314641,30659237300,141729,8017788,5494905900,270385820200,2238965500,15305674600,13577980449,598040515,46942000800,401959485,999997505,2495,8090,23223341,976776659,18103968059,4480407700,71,4526005300,999982381,17619,999831490,168510,4525987610,1000,1000,1000,1000,1000,1000,1000,112554672411,30659167400,170204,8072040,5494860900,270384002800,2227089055,15293693305,13578386321,597405634,46941451500,402594366,999999339,661,8705,23379084,976620916,18104508616,4479361900,89,4526141820,999980564,19436,999836605,163395,4526122295,1000,1000,1000,1000,1000,1000,1000
512000,95280,639768,5110000000,30660000000,10000,60000,9890263180255,17713790,1263631500,1522,5109904720,2000,483,2950614,10219806396,2220555645,17779444355,19583676955,9904854706,95145294,1147821802,112580762040,30718484900,211107,8027780,5503238300,270910869000,2244182687,15336301387,13603271542,598190657,47033543400,401809343,999997206,2794,6949,23381407,976618593,18137693293,4488915200,8340,4534436380,999993711,6289,999825749,174251,4534421751,1000,1000,1000,1000,1000,1000,1000,112580015778,30718443700,238803,7828187,5503680900,270909200200,2231038812,15323058362,13603787911,597464250,47032883700,402535750,999975277,24723,78027,23327316,976672684,18138383084,4487924100,35,4534597600,999997608,2392,999809427,190573,4534595173,1000,1000,1000,1000,1000,1000,1000
513000,92830,628411,5120000000,30720000000,10000,60000,9890069137575,12110690,1260859904,11504,5119907170,2000,62486,2931482,10239791332,2220570765,17779429235,19583370935,9905103398,94896602,1150921130,112606296724,30777794900,138789,7873691,5511781700,271436239400,2249842122,15367382722,13628655473,598334451,47125056600,401665549,999995422,4578,10271,23382798,976617202,18171537702,4497447000,8385,4542899400,999991214,8786,999831471,168529,4542882229,1000,1000,1000,1000,1000,1000,1000,112605589594,30777713800,229074,8189605,5511667900,271434344400,2234494081,15351926381,13629062267,597702676,47124512400,402297324,999997332,2668,3656,23410889,976589111,18172077911,4496526600,8341,4543039320,999984665,15335,999833556,166444,4543015644,1000,1000,1000,1000,1000,1000,1000
514000,95970,648058,5130000000,30780000000,10000,60000,9889873364313,8259931,1260013668,1497,5129904030,2000,5472,2952671,10259805066,2220604544,17779395456,19583040656,9905221649,94778351,1154022715,112631737122,30837034300,198226,7923419,5520105800,271961227800,2254735868,15397683318,13653970469,598477320,47216589600,401522680,999995336,4664,17416,23499147,976500853,18205290653,4505965700,39,4551330140,999990083,9917,999819216,180784,4551320184,1000,1000,1000,1000,1000,1000,1000,112631045619,30837012800,197203,8106161,5520190500,271959627200,2238813052,15381663152,13654463092,597841213,47216013300,402158787,999994287,5713,8474,23400082,976599918,18205949218,4505038300,8700,4551499540,999995286,4714,999826474,173526,4551486126,1000,1000,1000,1000,1000,1000,1000
515000,95510,625122,5140000000,30840000000,10000,60000,9889673452128,8561656,1263158914,2411,5139904490,2000,62242,2947500,10279804158,2220653584,17779346416,19582695516,9905468740,94531260,1157118498,112657114813,30896311500,250118,7859743,5528718200,272486312600,2259596849,15427952449,13679348202,598536160,47308022100,401463840,999987937,12063,99677,23455575,976544425,18239130625,4514524700,44,4559783400,999999067,933,999817877,182123,4559782423,1000,1000,1000,1000,1000,1000,1000,112656479638,30896309400,249464,7815295,5529017700,272484914000,2243091737,15411360187,13679827205,597891831,47307443700,402108169,999995365,4635,106534,23371229,976628771,18239763471,4513629700,87,4559954760,999981593,18407,999836234,163766,4559936266,1000,1000,1000,1000,1000,1000,1000
516000,96800,620276,5150000000,30900000000,10000,60000,9889471634063,10777914,1268269341,10897,5149903200,2000,5664,2931621,10299784606,2220709677,17779290323,19582340723,9905654379,94345621,1160214185,112682678959,30955594200,189153,7829221,5537068900,273011501200,2263350770,15457120320,13704675932,598692963,47399555400,401307037,999998967,1033,100704,23527872,976472128,18272899928,4523056200,8900,4568236840,999996056,3944,999831104,168896,4568223996,1000,1000,1000,1000,1000,1000,1000,112682003342,30955578300,182214,8237369,5536946200,273010008600,2248575490,15442253740,13705174847,598139889,47399066100,401860111,999995441,4559,10452,23400605,976599395,18273565495,4522168600,8409,4568401960,999997097,2903,999831152,168848,4568390648,1000,1000,1000,1000,1000,1000,1000
517000,96360,630810,5160000000,30960000000,10000,60000,9889274302069,8503713,1268843877,11046,5159903640,2000,5190,2917276,10319785188,2220758582,17779241418,19581992718,9905887924,94112076,1163310812,112708188174,31014903700,143160,8032299,5545329200,273536919400,2267078308,15486272808,13730075797,598929991,47491161300,401070009,999996869,3131,9278,23485081,976514919,18306762019,4531627200,67,4576703420,999982869,17131,999828478,171522,4576686222,1000,1000,1000,1000,1000,1000,1000,112707458506,31014870800,238251,7690216,5545951700,273535383200,2253988592,15473091192,13730518004,598189049,47490498300,401810951,999992668,7332,109919,23450015,976549985,18307354485,4530735100,8638,4576853680,999991439,8561,999829119,170881,4576836481,1000,1000,1000,1000,1000,1000,1000
518000,96210,629431,5170000000,31020000000,10000,60000,9889071760097,11452636,1274759930,2636,5169903790,2000,62883,2946386,10339802308,2220825333,17779174667,19581633867,9906043114,93956886,1166404022,112733562161,31074166300,215986,8183018,5553682900,274061975800,2271649770,15516252470,13755428781,599065246,47582673900,400934754,999994295,5705,15249,23501268,976498732,18340571532,4540171700,7921,4585151200,999999472,528,999818149,181851,4585142751,1000,1000,1000,1000,1000,1000,1000,112732952562,31074143100,246655,7865779,5554171900,274060485400,2258542766,15503055216,13755851763,598352398,47582045700,401647602,999998037,1963,100239,23509676,976490324,18341127324,4539269700,59,4585300700,999974920,25080,999842639,157361,4585275561,1000,1000,1000,1000,1000,1000,1000
519000,95860,634402,5180000000,31080000000,10000,60000,9888867325822,16281023,1282456583,2542,5179904140,2000,1052,2947564,10359803196,2220862945,17779137055,19581286355,9906275396,93724604,1169503392,112759074869,31133459000,228251,7814166,5562505700,274587294800,2277588087,15547611637,13780768715,599135674,47674127100,400864326,999999614,386,100540,23513825,976486175,18374350375,4548771000,45,4593605440,999976265,23735,999830240,169760,4593581660,1000,1000,1000,1000,1000,1000,1000,112758408354,31133408200,230155,8143363,5562296900,274585616400,2261827909,15531752909,13781213411,598592207,47673643200,401407793,999994910,5090,16803,23536692,976463308,18374950908,4547804200,8383,4593746800,999999080,920,999820703,179297,4593737497,1000,1000,1000,1000,1000,1000,1000
520000,94950,630600,5190000000,31140000000,10000,60000,9888672593754,11377816,1280494982,9907,5189905050,2000,63024,2934780,10379790286,2220892670,17779107330,19580970630,9906420440,93579560,1172602826,112784495338,31192766100,254630,8034676,5570746100,275112679400,2280291603,15575738303,13806153582,599356076,47765727900,400643924,999983732,16268,9456,23531174,976468826,18408201726,4557287800,26,4602057320,999990850,9150,999824556,175444,4602048144,1000,1000,1000,1000,1000,1000,1000,112783968222,31192706900,168139,7997670,5570761500,275110944200,2268222423,15563568073,13806565958,598729464,47765179200,401270536,999982351,17649,7787,23604329,976395671,18408751271,4556320100,28,4602195360,999989981,10019,999830287,169713,4602185313,1000,1000,1000,1000,1000,1000,1000
521000,94970,632074,5200000000,31200000000,10000,60000,9888474079580,10279119,1282246885,10988,5199905030,2000,549,2929982,10399788084,2220932099,17779067901,19580625401,9906660618,93339382,1175698402,112810022526,31252044200,212534,7743900,5579445400,275637847600,2284399948,15605259898,13831503286,599429175,47857172400,400570825,999990695,9305,99120,23536034,976463966,18441998566,4565861000,74,4610512800,999982554,17446,999829020,170980,4610495280,1000,1000,1000,1000,1000,1000,1000,112809444284,31251999100,176814,7893936,5579304300,275636255000,2273341429,15594107479,13831912988,598888959,47856699900,401111041,999995925,4075,11866,23625478,976374522,18442550322,4564889300,8580,4610646900,999999014,986,999829666,170334,4610637334,1000,1000,1000,1000,1000,1000,1000
522000,95480,630003,5210000000,31260000000,10000,60000,9888267882082,16880137,1291790325,2421,5209904520,2000,62552,2954490,10419804198,2220998219,17779001781,19580270281,9906841370,93158630,1178797068,112835481051,31311305100,239236,7794010,5587792000,276162964600,2288782206,15635054356,13856826603,599579858,47948716200,400420142,999982387,17613,85129,23596526,976403474,18475768274,4574418700,39,4618943300,999998410,1590,999819129,180871,4618941671,1000,1000,1000,1000,1000,1000,1000,112834861952,31311278500,212939,7754647,5587959900,276161368200,2278077389,15624253089,13857294265,598945862,47948130300,401054138,999998659,1341,101697,23607732,976392268,18476386768,4573429800,81,4619109340,999983244,16756,999834597,165403,4619092503,1000,1000,1000,1000,1000,1000,1000
523000,94170,632458,5220000000,31320000000,10000,60000,9888068784244,16400516,1294231307,1331,5219905830,2000,63205,2947893,10439808998,2221084460,17778915540,19579894440,9907010207,92989793,1181893105,112861042028,31370607000,154305,8037926,5595939600,276688275600,2292647046,15664338396,13882193692,599809216,48040317600,400190784,999988827,11173,6411,23587619,976412381,18509589481,4582981300,8726,4627410840,999993675,6325,999828511,171489,4627395789,1000,1000,1000,1000,1000,1000,1000,112860351842,31370540200,181102,8026978,5596039000,276686472400,2283378941,15654965941,13882643364,599148002,48039733800,400851998,999973550,26450,19848,23672284,976327716,18510190716,4581944800,8500,4627557160,999998692,1308,999818848,181152,4627547352,1000,1000,1000,1000,1000,1000,1000
524000,95630,634988,5230000000,31380000000,10000,60000,9887874807330,10775362,1291485682,2544,5229904370,2000,902,2949968,10459803652,2221141992,17778858008,19579539208,9907228752,92771248,1184989104,112886384715,31429870500,230256,7821408,5604707600,277213337000,2298352217,15695451967,13907588029,599864051,48131726400,400135949,999994708,5292,109557,23565628,976434372,18543449872,4591513000,37,4635864380,999997500,2500,999809157,190843,4635861843,1000,1000,1000,1000,1000,1000,1000,112885887801,31429806500,159944,8160333,5604294300,277211578600,2286914293,15683912143,13907966104,599327008,48131284800,400672992,999999623,377,12515,23705511,976294489,18543949089,4590530300,66,4636000200,999982851,17149,999827815,172185,4635982985,1000,1000,1000,1000,1000,1000,1000
525000,94480,639325,5240000000,31440000000,10000,60000,9887678213975,7740268,1291362120,2409,5239905520,2000,6379,2948630,10479806222,2221166843,17778833157,19579214157,9907419070,92580930,1188092292,112911971037,31489168300,173010,7936471,5612890300,277738718200,2302774290,15725298140,13932906070,600110482,48223357500,399889518,999994231,5769,15249,23657379,976342621,18577207621,4600062100,8172,4644311140,999998583,1417,999819049,180951,4644301551,1000,1000,1000,1000,1000,1000,1000,112911277627,31489108300,239321,8035357,5612920300,277736983000,2291633256,15714056156,13933331292,599464544,48222807600,400535456,999983460,16540,6416,23737824,976262176,18577774576,4599070900,9436,4644454160,999998560,1440,999819216,180784,4644443284,1000,1000,1000,1000,1000,1000,1000
526000,93540,629525,5250000000,31500000000,10000,60000,9887470661705,15669670,1302149081,11344,5249906460,2000,57391,2939379,10499790232,2221206975,17778793025,19578881425,9907651861,92348139,1191191893,112937371064,31548442100,242222,8142121,5621173400,278263826600,2308070530,15756004430,13958260581,600256832,48314888700,399743168,999987494,12506,12062,23683681,976316319,18611012419,4608597400,75,4652756980,999994933,5067,999822462,177538,4652751838,1000,1000,1000,1000,1000,1000,1000,112936853009,31548388800,158467,7711116,5621611800,278262142400,2295473354,15743308654,13958675361,599526240,48314246700,400473760,999997232,2768,101192,23737531,976262469,18611562069,4607652800,35,4652901980,999984763,15237,999831492,168508,4652886708,1000,1000,1000,1000,1000,1000,1000
527000,94550,628443,5260000000,31560000000,10000,60000,9887275435121,11295293,1300656441,1307,5259905450,2000,5768,2952262,10519808286,2221271914,17778728086,19578528286,9907876678,92123322,1194285564,112962877971,31607734400,216943,7703456,5630025900,278789160800,2313455776,15786811526,13983619671,600322353,48406342500,399677647,999977791,22209,79138,23695567,976304433,18644825533,4617167500,33,4661207980,999997915,2085,999817038,182962,4661205862,1000,1000,1000,1000,1000,1000,1000,112962229075,31607684400,228777,7770505,5630121800,278787464800,2299298263,15772554263,13984057032,599682524,48405773700,400317476,999994808,5192,88384,23698952,976301048,18645408748,4616231900,8880,4661362480,999998116,1884,999820684,179316,4661351716,1000,1000,1000,1000,1000,1000,1000
528000,94130,618418,5270000000,31620000000,10000,60000,9887073831422,13277630,1305558815,2455,5269905870,2000,1008,2947355,10539806830,2221298752,17778701248,19578194448,9908039145,91960855,1197372975,112988395048,31667011600,224240,7587791,5638500300,279314356000,2317717373,15816488173,14008927987,600463783,48497857500,399536217,999990679,9321,107096,23790509,976209491,18678569091,4625712000,8581,4669654360,999995325,4675,999828896,171104,4669641104,1000,1000,1000,1000,1000,1000,1000,112987743024,31666989100,163861,8081202,5638236800,279312744600,2304219501,15802892401,14009450196,599910082,48497364300,400089918,999996677,3323,13195,23677999,976322001,18679263501,4624761000,8554,4669832140,999989719,10281,999829995,170005,4669813305,1000,1000,1000,1000,1000,1000,1000
529000,94390,627556,5280000000,31680000000,10000,60000,9886870306375,17169948,1312310675,10540,5279905610,2000,1028,2932187,10559790140,2221309823,17778690177,19577871077,9908258013,91741987,1200466553,113013918298,31726286400,187077,8049135,5646447400,279839500000,2321886241,15846069191,14034279283,600717677,48589486200,399282323,999986602,13398,11425,23795542,976204458,18712366458,4634283400,67,4678105000,999982242,17758,999833325,166675,4678087175,1000,1000,1000,1000,1000,1000,1000,113013200621,31726287600,158220,7939240,5646830400,279838089600,2309207575,15833302225,14034840667,600046697,48588875400,399953303,999985344,14656,15247,23674980,976325020,18713117820,4633298200,39,4678286400,999990792,9208,999821147,178853,4678277153,1000,1000,1000,1000,1000,1000,1000
530000,96830,635307,5290000000,31740000000,10000,60000,9886680099563,7763492,1305845673,10868,5289903170,2000,5656,2928677,10579784604,2221354055,17778645945,19577528345,9908404363,91595637,1203557867,113039296301,31785582000,249370,7683459,5655346500,280364806400,2326370087,15875972737,14059660926,600779057,48680909700,399220943,999990414,9586,97657,23781531,976218469,18746214469,4642832600,8280,4686562120,999999703,297,999823157,176843,4686553543,1000,1000,1000,1000,1000,1000,1000,113038667584,31785561600,167415,8017600,5655126900,280363223200,2313880050,15863386300,14060179878,600207348,48680413500,399792652,999984081,15919,8033,23758855,976241145,18746906045,4641798500,8396,4686735940,999998623,1377,999822933,177067,4686726167,1000,1000,1000,1000,1000,1000,1000
531000,94010,639814,5300000000,31800000000,10000,60000,9886470940913,17335986,1318305387,11396,5299905990,2000,58185,2940113,10599789188,2221417899,17778582101,19577158301,9908621727,91378273,1206651015,113064867659,31844886600,153880,7452761,5663931700,280890177200,2331315051,15906340301,14085030134,600932126,48772422300,399067874,999996039,3961,107413,23787279,976212721,18780040121,4651387000,7700,4695017860,999999827,173,999826113,173887,4695009987,1000,1000,1000,1000,1000,1000,1000,113064158961,31844822200,158792,7845699,5663715100,280888274000,2318047350,15892961700,14085513458,600290575,48771868200,399709425,999996526,3474,86251,23778193,976221807,18780684107,4650372900,8040,4695180200,999998489,1511,999822851,177149,4695170649,1000,1000,1000,1000,1000,1000,1000
532000,94710,621648,5310000000,31860000000,10000,60000,9886274463604,14237429,1318178955,1391,5309905290,2000,5756,2950628,10619807798,2221483733,17778516267,19576781367,9908755392,91244608,1209746290,113090315023,31904141300,175146,8048177,5671771000,281415149000,2335379886,15935809036,14110371874,601170494,48864041400,398829506,999992017,7983,16623,23823049,976176951,18813828251,4659924000,7960,4703467080,999997257,2743,999826623,173377,4703456377,1000,1000,1000,1000,1000,1000,1000,113089579431,31904122700,181039,7852549,5672200200,281413556600,2323231610,15923563560,14110905300,600437609,48863375100,399562391,999991099,8901,93290,23772090,976227910,18814540110,4658892900,8120,4703643800,999999130,870,999823990,176010,4703634810,1000,1000,1000,1000,1000,1000,1000
533000,95850,627149,5320000000,31920000000,10000,60000,9886077416813,11663308,1318496571,10227,5319904150,2000,490,2926317,10639787846,2221520521,17778479479,19576447579,9908930203,91069797,1212837149,113115797596,31963445200,163170,8074746,5680192000,281940465600,2339759235,15965607685,14135762298,601332238,48955573500,398667762,999993460,6540,3922,23834024,976165976,18847674676,4668439900,58,4711937600,999974836,25164,999835922,164078,4711912378,1000,1000,1000,1000,1000,1000,1000,113115104882,31963411100,194480,7993560,5680411100,281938887800,2328010576,15953764676,14136217754,600670230,48954994200,399329770,999999384,616,18354,23876600,976123400,18848287700,4667441000,8918,4712086780,999992084,7916,999832954,167046,4712069946,1000,1000,1000,1000,1000,1000,1000
534000,95400,630278,5330000000,31980000000,10000,60000,9885875181682,14261635,1324013041,10291,5329904600,2000,5276,2928388,10659788618,2221530117,17778469883,19576131083,9909102132,90897868,1215925150,113141222404,32022752900,180786,7626132,5689096800,282465852200,2343506629,15994778279,14161143256,601407102,49047007800,398592898,999993132,6868,78430,23848774,976151226,18881523626,4676961300,8404,4720390920,999997854,2146,999829230,170770,4720380370,1000,1000,1000,1000,1000,1000,1000,113140574155,32022697600,213454,7730798,5689146200,282464115200,2333416167,15984586167,14161579687,600744660,49046441100,399255340,999998363,1637,100103,23880616,976119384,18882097484,4676004300,67,4720544160,999973704,26296,999839803,160197,4720517797,1000,1000,1000,1000,1000,1000,1000
535000,94920,632294,5340000000,32040000000,10000,60000,9885676443249,13412174,1326121902,11714,5339905080,2000,5585,2936196,10679786732,2221596923,17778403077,19575767077,9909247164,90752836,1219020696,113166666957,32082026900,190360,7660623,5697485100,282990943400,2347312848,16023993448,14186508442,601536812,49138505700,398463188,999997651,2349,100639,23891597,976108403,18915343403,4685460500,8440,4728846960,999996441,3559,999830739,169261,4728834961,1000,1000,1000,1000,1000,1000,1000,113166087610,32081957600,186045,8176617,5697055000,282989177600,2338789773,16015368673,14186906277,600992282,49138071900,399007718,999998667,1333,2585,23937308,976062692,18915867992,4684552700,33,4728982880,999978868,21132,999838085,161915,4728961715,1000,1000,1000,1000,1000,1000,1000
536000,95380,628151,5350000000,32100000000,10000,60000,9885480201704,10025821,1325650981,2450,5349904620,2000,1033,2950020,10699804340,2221633325,17778366675,19575437475,9909450680,90549320,1222125820,113192089825,32141319000,214652,8047674,5705592900,283516190000,2352964520,16055061520,14211891441,601768983,49230106800,398231017,999996242,3758,16259,23880118,976119882,18949188282,4694000600,8281,4737306040,999999082,918,999828159,171841,4737296841,1000,1000,1000,1000,1000,1000,1000,113191593403,32141237100,144741,7740281,5705882100,283514440600,2342311396,16044309296,14212261528,601036865,49229523900,398963135,999968313,31687,71648,23944820,976055180,18949681080,4693128600,36,4737422460,999997128,2872,999821748,178252,4737419552,1000,1000,1000,1000,1000,1000,1000
537000,94140,631698,5360000000,32160000000,10000,60000,9885282015453,8609242,1327164523,1452,5359905860,2000,63516,2955965,10719808816,2221693295,17778306705,19575084805,9909616515,90383485,1225215831,113217621422,32200613300,171892,7987014,5714033900,284041485000,2357541607,16085057757,14237258100,601922657,49321641600,398077343,999999095,905,10438,23915838,976084162,18983004762,4702530700,84,4745764860,999981886,18114,999834338,165662,4745746662,1000,1000,1000,1000,1000,1000,1000,113217050944,32200505300,243862,7744611,5714311000,284039593000,2346835629,16074247029,14237558091,601186059,49321048800,398813941,999998161,1839,100002,24060411,975939589,18983401089,4701678800,65,4745872160,999970903,29097,999839502,160498,4745842998,1000,1000,1000,1000,1000,1000,1000
538000,93950,628180,5370000000,32220000000,10000,60000,9885075321662,15674664,1337116059,12031,5369906050,2000,56768,2933757,10739788038,2221723626,17778276374,19574755874,9909805503,90194497,1228313141,113243011080,32259877900,202192,7867979,5722648800,284566536600,2362030217,16114954017,14262637551,601973337,49413082200,398026663,999975861,24139,83224,23899473,976100527,19016849327,4711068500,61,4754214060,999997777,2223,999818524,181476,4754211776,1000,1000,1000,1000,1000,1000,1000,113242524434,32259787300,224955,8172196,5722308000,284564772200,2351536185,16104361035,14262927924,601424201,49412667000,398575799,999987564,12436,3163,24071839,975928161,19017228361,4710211900,30,4754327080,999973387,26613,999837163,162837,4754300437,1000,1000,1000,1000,1000,1000,1000
539000,96460,629430,5380000000,32280000000,10000,60000,9884875255306,16141863,1340534303,2528,5379903540,2000,5853,2941416,10759802024,2221776969,17778223031,19574401931,9909952204,90047796,1231403228,113268477036,32319179700,228720,7703224,5731266900,285091896200,2366223971,16144570021,14287991836,602123005,49504587300,397876995,999995357,4643,104752,23933916,976066084,19050654284,4719616300,8380,4762675320,999995508,4492,999825152,174848,4762662448,1000,1000,1000,1000,1000,1000,1000,113267973739,32319076400,220321,7716511,5731201800,285090025600,2356552646,16134794696,14288309350,601485901,49504080900,398514099,999999021,979,101820,24084070,975915930,19051073030,4718734700,70,4762782060,999981690,18310,999828620,171380,4762763680,1000,1000,1000,1000,1000,1000,1000
540000,96480,625867,5390000000,32340000000,10000,60000,9884681547289,10225861,1337537393,10721,5389903520,2000,63110,2930034,10779785598,2221802250,17778197750,19574072650,9910119826,89880174,1234501324,113294029611,32378467500,154743,8125317,5739196300,285617089400,2370255951,16174015601,14313346332,602373854,49596217800,397626146,999993572,6428,2918,23963986,976036014,19084458314,4728148800,8492,4771130860,999989614,10386,999836218,163782,4771111982,1000,1000,1000,1000,1000,1000,1000,113293532411,32378329800,143844,8111101,5739085300,285615027600,2361647422,16165295422,14313629162,601730980,49595704500,398269020,999999165,835,10085,24170823,975829177,19084836077,4727255300,8048,4771223380,999991583,8417,999826885,173115,4771206915,1000,1000,1000,1000,1000,1000,1000
541000,94110,626626,5400000000,32400000000,10000,60000,9884484695197,7464518,1337765914,10901,5399905890,2000,63034,2941918,10799789978,2221844015,17778155985,19573729785,9910240882,89759118,1237600360,113319435168,32437756100,232362,8095903,5747667900,286142358600,2375156183,16204334083,14338699771,602523756,49687744200,397476244,999989966,10034,4810,24050639,975949361,19118262861,4736642000,8489,4779582080,999989499,10501,999837210,162790,4779563090,1000,1000,1000,1000,1000,1000,1000,113318940912,32437612100,208417,8133249,5747530400,286140249800,2365912157,16194976257,14338985455,601875936,49687229400,398124064,999997379,2621,9043,24210388,975789612,19118645412,4735788500,79,4779665620,999994416,5584,999823943,176057,4779659957,1000,1000,1000,1000,1000,1000,1000
542000,96610,632661,5410000000,32460000000,10000,60000,9884278423017,14141763,1347341413,1355,5409903390,2000,5785,2939980,10819804070,2221903780,17778096220,19573371720,9910436400,89563600,1240696070,113344962457,32497054700,155681,7672280,5756494600,286667626200,2380567595,16235162395,14364097705,602586220,49779163200,397413780,999999566,434,100846,24038241,975961759,19152121859,4745164400,43,4788049440,999974757,25243,999840946,159054,4788024154,1000,1000,1000,1000,1000,1000,1000,113344484776,32496891300,197626,7779607,5756284100,286665469800,2369718709,16224199159,14364304835,601935797,49778682000,398064203,999998931,1069,100134,24252499,975747501,19152398001,4744380000,77,4788118580,999974663,25337,999837234,162766,4788093166,1000,1000,1000,1000,1000,1000,1000
543000,95630,630322,5420000000,32520000000,10000,60000,9884079479659,13445165,1349497865,11112,5419904370,2000,475,2932684,10839786516,2221934124,17778065876,19573058276,9910669016,89330984,1243789032,113370415781,32556321400,181365,8099883,5764483300,287192740400,2384215860,16264221960,14389436380,602813895,49870784400,397186105,999995277,4723,7882,24090602,975909398,19185908398,4753704000,76,4796492420,999979674,20326,999837182,162818,4796472018,1000,1000,1000,1000,1000,1000,1000,113369946694,32556194600,171746,7961386,5764578600,287190848400,2375243543,16255147243,14389690240,602159989,49870273500,397840011,999994669,5331,15780,24204140,975795860,19186253560,4752962500,8780,4796572380,999999720,280,999823880,176120,4796563320,1000,1000,1000,1000,1000,1000,1000
544000,95090,625815,5430000000,32580000000,10000,60000,9883878605093,14741762,1353770903,1548,5429904910,2000,6102,2944017,10859806724,2222018655,17777981345,19572682345,9910800523,89199477,1246885647,113395864085,32615609200,169701,7715969,5773320600,287717967200,2388021309,16293443109,14414828370,602866330,49962202800,397133670,999999192,808,102062,24087692,975912308,19219765308,4762225000,66,4804954560,999982444,17556,999828662,171338,4804936938,1000,1000,1000,1000,1000,1000,1000,113395489002,32615480200,147897,7593675,5773292600,287716075600,2380605274,16285924974,14415016711,602228336,49961727300,397771664,999999069,931,100533,24284122,975715878,19220017878,4761496600,8123,4805022500,999986790,13210,999839633,160367,4805001167,1000,1000,1000,1000,1000,1000,1000
545000,95480,634925,5440000000,32640000000,10000,60000,9883682845213,10894648,1352898528,2520,5439904520,2000,5705,2953280,10879804000,2222068161,17777931839,19572332139,9910924700,89075300,1249975300,113421335491,32674875600,194335,8215946,5781182300,288243048000,2394445041,16325276091,14440152993,603109784,50053840800,396890216,999991126,8874,2942,24193649,975806351,19253530751,4770724200,83,4813397560,999980281,19719,999835742,164258,4813377758,1000,1000,1000,1000,1000,1000,1000,113420912725,32674752500,156232,8095058,5781271300,288241179400,2383353629,16314083279,14440405385,602461677,50053335600,397538323,999990696,9304,7119,24267734,975732266,19253869166,4770029200,37,4813477860,999985958,14042,999829419,170581,4813463781,1000,1000,1000,1000,1000,1000,1000
546000,93430,625673,5450000000,32700000000,10000,60000,9883477178998,16939855,1361777333,10418,5449906570,2000,56853,2931774,10899792304,2222103853,17777896147,19571998447,9911168106,88831894,1253073810,113446765628,32734166700,193913,8209040,5789684400,288768275800,2400413454,16356659854,14465545074,603253431,50145337800,396746569,999994378,5622,14247,24156073,975843927,19287389827,4779273000,32,4821855600,999989185,10815,999829147,170853,4821844753,1000,1000,1000,1000,1000,1000,1000,113446404463,32734058300,163301,7983396,5789830900,288766582200,2386503520,16342657620,14465750563,602615652,50144866200,397384348,999997140,2860,5888,24280125,975719875,19287664375,4778613600,8181,4821931120,999990873,9127,999836288,163712,4821913812,1000,1000,1000,1000,1000,1000,1000
547000,96410,632927,5460000000,32760000000,10000,60000,9883278425852,16100541,1363881349,2434,5459903590,2000,63389,2951596,10919802312,2222172793,17777827207,19571636907,9911334844,88665156,1256164056,113472286880,32793441400,191135,8045423,5798153300,289293524400,2403769364,16385434464,14490859373,603401089,50236882500,396598911,999988194,11806,7005,24291932,975708068,19321143768,4787783300,8937,4830299520,999993812,6188,999826805,173195,4830284395,1000,1000,1000,1000,1000,1000,1000,113471812082,32793342900,199599,8012498,5798334000,289291809000,2392299020,16373869220,14491131286,602740254,50236374300,397259746,999981781,18219,11927,24240241,975759759,19321507859,4787189800,9000,4830387140,999998433,1567,999825927,174073,4830376573,1000,1000,1000,1000,1000,1000,1000
548000,93170,633807,5470000000,32820000000,10000,60000,9883085235492,9668124,1360310246,10830,5469906830,2000,5725,2933922,10939792000,2222204716,17777795284,19571306284,9911549118,88450882,1259257318,113497783217,32852720000,148195,8066863,5806533700,289818676800,2408908789,16415986089,14516229452,603549790,50328399600,396450210,999985394,14606,11304,24294352,975705648,19354970848,4796324000,60,4838746720,999994736,5264,999824004,175996,4838741396,1000,1000,1000,1000,1000,1000,1000,113497259112,32852633400,170234,7780268,5807090400,289816981200,2396392229,16403374379,14516536476,602802141,50327784600,397197859,999996723,3277,107882,24153606,975846394,19355381794,4795759800,8200,4838854040,999999478,522,999823782,176218,4838845318,1000,1000,1000,1000,1000,1000,1000
549000,91940,630183,5480000000,32880000000,10000,60000,9882884971598,10321529,1363829697,11640,5479908060,2000,5808,2937928,10959792840,2222241327,17777758673,19570961473,9911778232,88221768,1262348472,113523240903,32912014300,145776,8089637,5814967000,290343921400,2414985484,16447478784,14541601014,603706676,50419914000,396293324,999996969,3031,17893,24298179,975701821,19388801321,4804859400,8640,4847209040,999999907,93,999827393,172607,4847200307,1000,1000,1000,1000,1000,1000,1000,113522728717,32911909900,203296,7796083,5815538800,290342192600,2399486925,16431885225,14541865758,602956157,50419315200,397043843,999996028,3972,109471,24165813,975834187,19389154287,4804363200,8700,4847297400,999999829,171,999824771,175229,4847288529,1000,1000,1000,1000,1000,1000,1000
550000,96770,632402,5490000000,32940000000,10000,60000,9882688270635,7385817,1363820642,11049,5489903230,2000,1082,2928563,10979784362,2222262652,17777737348,19570646348,9911936357,88063643,1265442619,113548726801,32971261100,191038,7866730,5823546100,290868931000,2419046404,16476946954,14566897365,603772026,50511379200,396227974,999996339,3661,100813,24427348,975572652,19422525452,4813388300,7949,4855649140,999986896,13104,999831913,168087,4855628087,1000,1000,1000,1000,1000,1000,1000,113548213153,32971217400,174477,8026582,5823750900,290867599600,2404596762,16462419562,14567269975,603201807,50510932200,396798193,999991217,8783,3910,24161035,975838965,19423022965,4812889800,45,4855764040,999988995,11005,999818810,181190,4855752990,1000,1000,1000,1000,1000,1000,1000
551000,96790,632993,5500000000,33000000000,10000,60000,9882479992221,16050239,1375433030,10546,5499903210,2000,58118,2933463,10999785328,2222303160,17777696840,19570306040,9912081257,87918743,1268530585,113574272375,33030547000,151663,7720359,5832055800,291394222000,2422825102,16506145602,14592235442,603920379,50602911300,396079621,999998325,1675,101046,24465704,975534296,19456308096,4821961200,66,4864090200,999982520,17480,999833346,166654,4864072654,1000,1000,1000,1000,1000,1000,1000,113573643991,33030524800,168467,8016831,5832223500,291392876800,2409924087,16493163287,14592675670,603347634,50602427100,396652366,999997020,2980,17086,24159216,975840784,19456897984,4821374800,38,4864231080,999991272,8728,999824086,175914,4864222314,1000,1000,1000,1000,1000,1000,1000
552000,93680,619930,5510000000,33060000000,10000,60000,9882288659204,7772724,1370120399,10799,5509906320,2000,61967,2926133,11019791042,2222357928,17777642072,19569961872,9912203307,87796693,1271624849,113599744390,33089853400,151411,7902310,5840322000,291919638800,2427090452,16535836202,14617600286,604158566,50694520800,395841434,999997933,2067,9167,24471181,975528819,19490132519,4830525900,8260,4872544080,999996413,3587,999829667,170333,4872532233,1000,1000,1000,1000,1000,1000,1000,113599033104,33089810200,216598,7847376,5840858800,291918010800,2414832501,16523481901,14618054032,603408225,50693859900,396591775,999998559,1441,100734,24206402,975793598,19490737398,4829843600,8680,4872695980,999996066,3934,999828034,171966,4872683366,1000,1000,1000,1000,1000,1000,1000
553000,93670,622873,5520000000,33120000000,10000,60000,9882087067005,9764220,1375024281,10558,5519906330,2000,5738,2940217,11039791544,2222416425,17777583575,19569608275,9912397263,87602737,1274717107,113625140542,33149106700,247889,7723224,5849000600,292444679800,2431964459,16566118609,14642924412,604212526,50785962600,395787474,999997803,2197,102177,24509965,975490035,19523898035,4839101900,8734,4880985900,999996457,3543,999824777,175223,4880973623,1000,1000,1000,1000,1000,1000,1000,113624503402,33149092600,209299,8189892,5848937900,292443215600,2419188380,16553252780,14643426340,603640070,50785468200,396359930,999996537,3463,14867,24229827,975770173,19524565373,4838369800,46,4881148320,999990759,9241,999824767,175233,4881139033,1000,1000,1000,1000,1000,1000,1000
554000,96430,620731,5530000000,33180000000,10000,60000,9881881889159,15334256,1383573326,2469,5529903570,2000,62386,2943968,11059802202,2222471515,17777528485,19569259885,9912513732,87486268,1277808834,113650706345,33208389700,173534,7847397,5857242700,292969813800,2437346506,16596911156,14668284216,604354955,50877498000,395645045,999991348,8652,101893,24534077,975465923,19557701023,4847633800,38,4889450640,999966205,33795,999843593,156407,4889416807,1000,1000,1000,1000,1000,1000,1000,113649999775,33208396300,237748,7969983,5857517400,292968639800,2422915277,16582405727,14668761616,603789628,50877007500,396210372,999997569,2431,11041,24349125,975650875,19558343075,4846873300,62,4889598760,999982761,17239,999833941,166059,4889581459,1000,1000,1000,1000,1000,1000,1000
555000,96610,626121,5540000000,33240000000,10000,60000,9881687066792,10552143,1381667246,1288,5539903390,2000,62904,2953499,11079804204,2222535835,17777464165,19568908565,9912739801,87260199,1280901405,113676117934,33267705700,202666,7639766,5865968400,293495299400,2442764122,16627757122,14693667640,604509638,50969004600,395490362,999998738,1262,101000,24492960,975507040,19591556440,4856216900,8420,4897898460,999998760,1240,999830900,169100,4897888800,1000,1000,1000,1000,1000,1000,1000,113675497532,33267652700,194356,8224367,5865663900,293493603000,2426660253,16611553853,14694106967,603932029,50968542000,396067971,999992325,7675,3996,24356929,975643071,19592139071,4855425700,8081,4898050840,999989345,10655,999833396,166604,4898032104,1000,1000,1000,1000,1000,1000,1000
556000,96550,630443,5550000000,33300000000,10000,60000,9881489635639,8374152,1382428770,2432,5549903450,2000,63227,2953082,11099802036,2222581091,17777418909,19568563909,9912891098,87108902,1283992634,113701587507,33326966300,204633,8119753,5873940800,294020371800,2447325818,16657728268,14719019900,604747424,51060623100,395252576,999997304,2696,9180,24496780,975503220,19625357820,4864788900,8640,4906352700,999993860,6140,999823480,176520,4906337920,1000,1000,1000,1000,1000,1000,1000,113700890931,33326934100,221252,8166671,5874178700,294018809000,2431269262,16641578062,14719507860,604068609,51060043800,395931391,999983070,16930,10161,24379501,975620499,19626009999,4863911600,38,4906503620,999998557,1443,999814361,185639,4906502139,1000,1000,1000,1000,1000,1000,1000
557000,92600,627509,5560000000,33360000000,10000,60000,9881282616177,15771564,1392774210,11584,5559907400,2000,63152,2928314,11119791632,2222624641,17777375359,19568229259,9913012026,86987974,1287086358,113727025936,33386265400,198512,7825883,5882721300,294545633200,2451716815,16687535715,14744415847,604793353,51152049600,395206647,999983069,16931,93516,24466069,975533931,19659220631,4873323500,8461,4914814740,999998505,1495,999822816,177184,4914804784,1000,1000,1000,1000,1000,1000,1000,113726451936,33386220600,158482,7761333,5882882100,294543996400,2436051424,16671773624,14744852137,604130182,51151480500,395869818,999997488,2512,109606,24477269,975522731,19659797131,4872393800,71,4914962220,999982845,17155,999831206,168794,4914944994,1000,1000,1000,1000,1000,1000,1000
558000,97190,624122,5570000000,33420000000,10000,60000,9881081858189,16934069,1396835984,1324,5569902810,2000,5617,2943743,11139802972,2222684358,17777315642,19567871742,9913216537,86783463,1290174709,113752518336,33445576600,194511,7693837,5891276200,295071026800,2457069009,16718311109,14769793795,604946349,51243567600,395053651,999995098,4902,100749,24503454,975496546,19693051246,4881837100,87,4923278980,999978558,21442,999834949,165051,4923257451,1000,1000,1000,1000,1000,1000,1000,113751904042,33445510500,225649,7684471,5891449600,295069357800,2439913102,16701059152,14770181079,604287215,51243021900,395712785,999995812,4188,100497,24497118,975502882,19693568882,4881007700,67,4923405540,999982330,17670,999830597,169403,4923387803,1000,1000,1000,1000,1000,1000,1000
559000,94500,621741,5580000000,33480000000,10000,60000,9880883217715,15941950,1398804886,11063,5579905500,2000,62466,2942462,11159788874,2222705365,17777294635,19567545335,9913345778,86654222,1293266252,113777965862,33504861300,174850,8051293,5899310500,295596211400,2462282507,16748938057,14795180427,605179230,51335174100,394820770,999984334,15666,5404,24545977,975454023,19726904223,4890310700,85,4931732920,999990961,9039,999826404,173596,4931723796,1000,1000,1000,1000,1000,1000,1000,113777419264,33504770300,177228,8052379,5899441300,295594424600,2443822486,16730377736,14795523875,604526516,51334633200,395473484,999997680,2320,20164,24530789,975469211,19727362211,4889557700,37,4931847240,999991133,8867,999821464,178536,4931838336,1000,1000,1000,1000,1000,1000,1000
560000,95680,630859,5590000000,33540000000,10000,60000,9880689505509,10044267,1395833915,11509,5589904320,2000,56834,2931026,11179785622,2222746876,17777253124,19567201524,9913504914,86495086,1296363536,113803461303,33564165700,153829,7924275,5907855900,296121573000,2467383238,16779460838,14820551310,605343497,51426693900,394656503,999998041,1959,4244,24564334,975435666,19760731666,4898848700,82,4940190680,999989758,10242,999830144,169856,4940180356,1000,1000,1000,1000,1000,1000,1000,113802892289,33564067200,185325,7755238,5908152000,296119716000,2447877619,16759851469,14820881071,604612519,51426094200,395387481,999996257,3743,85638,24578467,975421533,19761171433,4898078300,33,4940300380,999990015,9985,999829138,170862,4940290362,1000,1000,1000,1000,1000,1000,1000
561000,95460,634568,5600000000,33600000000,10000,60000,9880489453276,10485852,1399257910,2543,5599904540,2000,57235,2944364,11199803994,2222790428,17777209572,19566855472,9913626616,86373384,1299454310,113828888500,33623434300,203224,7725939,5916504900,296646647000,2471717215,16809203365,14845892783,605399687,51518128500,394600313,999998295,1705,100408,24619825,975380175,19794519975,4907370500,9041,4948647440,999988793,11207,999834808,165192,4948627192,1000,1000,1000,1000,1000,1000,1000,113828360153,33623346300,189131,7800275,5916536900,296644864600,2452719082,16790104832,14846239992,604749297,51517607400,395250703,999997825,2175,100828,24609836,975390164,19794981064,4906605800,32,4948757880,999983224,16776,999833728,166272,4948741072,1000,1000,1000,1000,1000,1000,1000
562000,95910,621616,5610000000,33660000000,10000,60000,9880291826705,8476460,1400151120,10873,5609904090,2000,965,2934526,11219786434,2222817365,17777182635,19566534635,9913807394,86192606,1302547528,113854434374,33682698400,140149,8224531,5924358300,297171690400,2476909999,16839803349,14871232883,605641044,51609756300,394358956,999994485,5515,9341,24648158,975351842,19828303942,4915922900,75,4957090840,999980294,19706,999840641,159359,4957071059,1000,1000,1000,1000,1000,1000,1000,113853747860,33682640900,230220,7772292,5925059900,297170180200,2456767920,16819574070,14871636992,604889440,51609130800,395110560,999980300,19700,82960,24611568,975388432,19828848732,4915123400,28,4957213540,999998228,1772,999816860,183140,4957211740,1000,1000,1000,1000,1000,1000,1000
563000,93760,620187,5620000000,33720000000,10000,60000,9880092624295,8088258,1402696712,10464,5619906240,2000,62441,2946202,11239791552,2222889453,17777110547,19566169847,9913978058,86021942,1305640310,113879794840,33741971100,246781,7805640,5933276000,297696905400,2481123746,16869433946,14896579926,605684931,51701178000,394315069,999994938,5062,108607,24700281,975299719,19862106519,4924462900,8400,4965535140,999999853,147,999824107,175893,4965526593,1000,1000,1000,1000,1000,1000,1000,113879288787,33741920900,192648,7793204,5933402200,297695327400,2461665576,16849883426,14896965201,605040197,51700652400,394959803,999998342,1658,100245,24667144,975332856,19862616956,4923666400,8209,4965669900,999990064,9936,999833445,166555,4965651755,1000,1000,1000,1000,1000,1000,1000
564000,94460,627149,5630000000,33780000000,10000,60000,9879888316649,12797785,1410379139,1566,5629905540,2000,62554,2953006,11259807948,2222945634,17777054366,19565813166,9914107974,85892026,1308736322,113905290402,33801255400,217423,7882144,5941601800,298222119600,2485444643,16899170193,14921954556,605846933,51792724800,394153067,999983008,16992,86575,24725219,975274781,19895935981,4932985600,34,4973991740,999989719,10281,999822875,177125,4973981425,1000,1000,1000,1000,1000,1000,1000,113904720640,33801212500,231925,8170940,5941489600,298220594600,2466504504,16880140104,14922331090,605280017,51792269400,394719983,999992972,7028,3655,24698265,975301735,19896437635,4932194000,8880,4974126880,999988545,11455,999834755,165245,4974106545,1000,1000,1000,1000,1000,1000,1000
565000,95320,615282,5640000000,33840000000,10000,60000,9879686194712,15262655,1415677523,10935,5639904680,2000,5704,2935978,11279787490,2222954167,17777045833,19565517533,9914344442,85655558,1311823332,113930812005,33860568800,204392,7984507,5949926300,298747566400,2490235359,16929387159,14947305974,606060777,51884319900,393939223,999985776,14224,19999,24740825,975259175,19929735375,4941562200,68,4982447240,999982229,17771,999835799,164201,4982429401,1000,1000,1000,1000,1000,1000,1000,113930226534,33860500800,187557,8264085,5949823000,298745772800,2470943655,16909991855,14947703085,605421501,51883791900,394578499,999990998,9002,2797,24681412,975318588,19930264188,4940746400,61,4982580940,999980224,19776,999843297,156703,4982561103,1000,1000,1000,1000,1000,1000,1000
566000,95960,626622,5650000000,33900000000,10000,60000,9879494819109,7038862,1410323793,11198,5649904040,2000,534,2930447,11299785684,2223011171,17776988829,19565159529,9914560493,85439507,1314914977,113956330918,33919852100,168587,7925078,5958405400,299272821000,2494002012,16958571812,14972658746,606233067,51975848100,393766933,999997002,2998,19735,24736189,975263811,19963539111,4950151800,64,4990898080,999982349,17651,999832135,167865,4990880365,1000,1000,1000,1000,1000,1000,1000,113955624304,33919793300,188072,7859814,5958740100,299271057000,2476334132,16940801032,14973123754,605482836,51975206400,394517164,999996428,3572,87092,24630338,975369662,19964164562,4949279400,42,4991042180,999998670,1330,999818692,181308,4991040808,1000,1000,1000,1000,1000,1000,1000
567000,96600,635332,5660000000,33960000000,10000,60000,9879286594025,15657441,1421860643,11126,5659903400,2000,461,2928354,11319784548,2223056366,17776943634,19564805834,9914729786,85270214,1318004634,113981691195,33979134400,223223,7941994,5966951600,299797920800,2499191991,16989170241,14998044397,606318335,52067293200,393681665,999994441,5559,88106,24687109,975312891,19997392091,4958699400,8471,4999357480,999998685,1315,999830206,169794,4999347694,1000,1000,1000,1000,1000,1000,1000,113981068503,33979077500,222016,7878426,5967164100,299796282200,2480311016,16970193966,14998478303,605616005,52066733700,394383995,999978078,21922,87873,24673570,975326430,19997970430,4957810300,31,4999494080,999998078,1922,999819473,180527,4999492127,1000,1000,1000,1000,1000,1000,1000
568000,93990,629245,5670000000,34020000000,10000,60000,9879091978960,10700305,1419835647,2601,5669906010,2000,63014,2960524,11339806818,2223143165,17776856835,19564422035,9914917056,85082944,1321091874,114007232844,34038438800,167790,7990886,5975280400,300323349600,2502507285,17017911785,15023419394,606533726,52158895800,393466274,999983504,16496,8278,24709684,975290316,20031222516,4967247000,30,5007813180,999989972,10028,999826678,173322,5007803122,1000,1000,1000,1000,1000,1000,1000,114006661248,34038351900,173857,7714974,5975635300,300321508600,2486095656,17001395956,15023777312,605774696,52158268500,394225304,999999231,769,100835,24764823,975235177,20031699477,4966385000,8258,5007941240,999989183,10817,999829135,170865,5007922165,1000,1000,1000,1000,1000,1000,1000
569000,94410,625677,5680000000,34080000000,10000,60000,9878893133191,9930931,1422033551,1495,5679905590,2000,62434,2949330,11359808190,2223200822,17776799178,19564083678,9915030470,84969530,1324183760,114032626257,34097710900,227811,7783166,5983989200,300848449000,2506568116,17047382316,15048779651,606588042,52250320200,393411958,999993698,6302,105356,24726705,975273295,20065038095,4975781100,8497,5016271260,999995681,4319,999824056,175944,5016258444,1000,1000,1000,1000,1000,1000,1000,114032017035,34097641700,235538,7831154,5984042000,300846687400,2491216823,17031929573,15049177967,605905445,52249770000,394094555,999996536,3464,106891,24766224,975233776,20065569276,4974873800,8491,5016403840,999995960,4040,999824891,175109,5016391309,1000,1000,1000,1000,1000,1000,1000
570000,95460,633694,5690000000,34140000000,10000,60000,9878695058801,8359394,1423407650,2404,5689904540,2000,63906,2944284,11379804272,2223210395,17776789605,19563773905,9915173476,84826524,1327277448,114058104151,34156998100,186176,8035104,5992120800,301373684200,2512461094,17078691594,15074172997,606804041,52341919800,393195959,999974350,25650,17909,24755512,975244488,20098896888,4984271500,25,5024725240,999998676,1324,999813209,186791,5024723891,1000,1000,1000,1000,1000,1000,1000,114057499982,34156949500,234520,8050690,5992266700,301372111000,2494472556,17060610806,15074552604,606153907,52341390000,393846093,999994441,5559,8634,24774430,975225570,20099400270,4983428800,28,5024857300,999990394,9606,999825334,174666,5024847666,1000,1000,1000,1000,1000,1000,1000
571000,94010,631623,5700000000,34200000000,10000,60000,9878488487298,15299569,1433257256,9576,5699905990,2000,543,2929159,11399792828,2223235267,17776764733,19563447333,9915338601,84661399,1330367129,114083572140,34216293500,209495,8099877,6000495900,301898956600,2517268270,17108916370,15099519607,606976336,52433459100,393023664,999988081,11919,9545,24798038,975201962,20132691462,4992809400,8423,5033184320,999995958,4042,999825445,174555,5033171855,1000,1000,1000,1000,1000,1000,1000,114083034982,34216234300,187847,8046678,6000619500,301897305400,2498899164,17090451464,15099891854,606308572,52432920600,393691428,999999415,585,10443,24833889,975166111,20133186111,4991954900,8880,5033312220,999990917,9083,999835443,164557,5033294257,1000,1000,1000,1000,1000,1000,1000
572000,95330,628559,5710000000,34260000000,10000,60000,9878295860123,8340507,1429190317,2401,5709904670,2000,422,2945872,11419804538,2223310130,17776689870,19563077770,9915553188,84446812,1333457126,114109072564,34275607100,193652,7999819,6009028400,302424360600,2522470559,17139542209,15124895219,607133285,52524982800,392866715,999997757,2243,9372,24808653,975191347,20166521247,5001349600,57,5041643220,999982865,17135,999837772,162228,5041626028,1000,1000,1000,1000,1000,1000,1000,114108512306,34275520800,209168,7995596,6009128600,302422595200,2502856710,17119828810,15125232066,606455279,52524450900,393544721,999999337,663,11258,24843292,975156708,20166973308,5000551000,8738,5041758320,999991660,8340,999835358,164642,5041741242,1000,1000,1000,1000,1000,1000,1000
573000,94940,623211,5720000000,34320000000,10000,60000,9878090795539,13759979,1437562176,11692,5719905060,2000,5686,2929261,11439786736,2223328218,17776671782,19562766882,9915671619,84328381,1336544555,114134441646,34334869800,251460,8096575,6017397800,302949417200,2526266834,17168746684,15150275937,607272006,52616490300,392727994,999997708,2292,18102,24854665,975145335,20200365135,5009829800,39,5050097580,999991657,8343,999820902,179098,5050089198,1000,1000,1000,1000,1000,1000,1000,114133963616,34334808600,217087,7608752,6017967200,302947828400,2508236219,17150624419,15150604826,606501335,52615872000,393498665,999997936,2064,109101,24856475,975143525,20200803725,5009084000,8312,5050215340,999991871,8129,999833301,166699,5050198899,1000,1000,1000,1000,1000,1000,1000
574000,94120,626414,5730000000,34380000000,10000,60000,9877892186461,12799034,1439651098,1515,5729905880,2000,6175,2963134,11459808730,2223423095,17776576905,19562378205,9915750246,84249754,1339639176,114160016348,34394167100,191077,7988392,6025796500,303474718200,2530226016,17198125016,15175611830,607415369,52708032600,392584631,999990944,9056,13575,24957045,975042955,20234142355,5018329500,80,5058550860,999979745,20255,999838575,161425,5058530525,1000,1000,1000,1000,1000,1000,1000,114159461103,34394057800,214838,7717153,6026193400,303472823600,2513448145,17181242395,15175931202,606648777,52707413700,393351223,999996124,3876,108047,24959845,975040155,20234569055,5017590300,64,5058655560,999982357,17643,999831447,168553,5058637853,1000,1000,1000,1000,1000,1000,1000
575000,95980,616391,5740000000,34440000000,10000,60000,9877690170817,15162718,1444898444,10729,5739904020,2000,61900,2925944,11479786582,2223432135,17776567865,19562072165,9915915496,84084504,1342725278,114185439155,34453450400,197112,7702545,6034527600,303999875200,2534100056,17227410956,15200993062,607478195,52799455200,392521805,999998184,1816,104489,24977627,975022373,20267988573,5026827000,8620,5067010660,999993471,6529,999833089,166911,5066995511,1000,1000,1000,1000,1000,1000,1000,114184850723,34453367300,236751,8067941,6034417500,303998185000,2518695103,17211910753,15201354548,606886518,52799003100,393113482,999996376,3624,21058,24876010,975123990,20268469490,5026149800,36,5067124700,999990278,9722,999821058,178942,5067114942,1000,1000,1000,1000,1000,1000,1000
576000,92700,627743,5750000000,34500000000,10000,60000,9877490055367,15681921,1448346605,11517,5749907300,2000,5554,2933218,11499791566,2223491388,17776508612,19561709912,9916081842,83918158,1345813308,114210868444,34512748000,249690,7758920,6042976200,304525180800,2539936143,17258666443,15226357928,607636371,52890986400,392363629,999998549,1451,100378,24985450,975014550,20301805750,5035382000,8596,5075470880,999985538,14462,999839578,160422,5075447822,1000,1000,1000,1000,1000,1000,1000,114210381181,34512656300,193900,7984999,6042850000,304523452600,2522066510,17240700260,15226703066,607041944,52890537900,392958056,999997271,2729,15827,24933061,975066939,20302267539,5034678100,40,5075574160,999990353,9647,999824327,175673,5075564473,1000,1000,1000,1000,1000,1000,1000
577000,95180,634528,5760000000,34560000000,10000,60000,9877290660227,15458640,1451064145,1294,5759904820,2000,1041,2948653,11519807052,2223536067,17776463933,19561373033,9916245987,83754013,1348902839,114236289397,34572032800,250485,8084919,6051190300,305050425600,2544350085,17288497585,15251764908,607858744,52982574000,392141256,999995638,4362,19794,24902786,975097214,20335683614,5043970800,24,5083927520,999991210,8790,999819094,180906,5083918706,1000,1000,1000,1000,1000,1000,1000,114235858602,34571942200,206679,8016903,6051206200,305048659600,2526818396,17270866846,15252049711,607192535,52982071500,392807465,999997762,2238,13227,25011616,974988384,20336060584,5043179400,75,5084028040,999982908,17092,999834427,165573,5084010873,1000,1000,1000,1000,1000,1000,1000
578000,95400,625473,5770000000,34620000000,10000,60000,9877090452908,16033900,1454601361,2570,5769904600,2000,6166,2946301,11539804060,2223553808,17776446192,19561047192,9916375059,83624941,1351996219,114261894236,34631320700,167574,7696884,6059832900,305575641400,2549220307,17318782807,15277085300,607934784,53074035900,392065216,999999354,646,100070,25022070,974977930,20369440030,5052467200,8440,5092384280,999978890,21110,999840970,159030,5092354730,1000,1000,1000,1000,1000,1000,1000,114261383998,34631211200,164126,8055046,6059521900,305573793600,2531124854,17300585554,15277393368,607356724,53073614400,392643276,999996032,3968,2808,25064440,974935560,20369851460,5051715700,76,5092477260,999980908,19092,999831708,168292,5092458092,1000,1000,1000,1000,1000,1000,1000
579000,95240,627530,5780000000,34680000000,10000,60000,9876891697579,15188699,1456671158,10808,5779904760,2000,5650,2941055,11559787904,2223612178,17776387822,19560691522,9916546965,83453035,1355088369,114287231262,34690599100,257752,7783898,6068277100,306100800600,2554006172,17348981322,15302463924,608063516,53165540400,391936484,999983354,16646,107938,25027714,974972286,20403284686,5060989100,8560,5100830960,999998362,1638,999828038,171962,5100820762,1000,1000,1000,1000,1000,1000,1000,114286822388,34690506300,182260,7651522,6068390300,306099056600,2535507748,17330385498,15302762058,607394985,53165027100,392605015,999995501,4499,108716,25067958,974932042,20403679342,5060257400,30,5100927520,999989794,10206,999833516,166484,5100917284,1000,1000,1000,1000,1000,1000,1000
580000,93840,635181,5790000000,34740000000,10000,60000,9876691600632,15671799,1460082369,10270,5789906160,2000,6227,2932390,11579791780,2223672531,17776327469,19560346369,9916700190,83299810,1358178370,114312725991,34749892300,216730,8105709,6076376900,306626088600,2556978685,17377372685,15327847446,608316592,53257159200,391683408,999996199,3801,7807,25025961,974974039,20437129539,5069528200,8580,5109291840,999998833,1167,999822207,177793,5109282093,1000,1000,1000,1000,1000,1000,1000,114312239141,34749787500,213477,8072862,6076447100,306624255000,2541693407,17361985907,15328136611,607630656,53256640200,392369344,999991862,8138,14106,25082695,974917305,20437514405,5068785400,8157,5109389180,999996771,3229,999824706,175294,5109377794,1000,1000,1000,1000,1000,1000,1000
581000,95190,634128,5800000000,34800000000,10000,60000,9876491506004,16153955,1463465955,2603,5799904810,2000,5247,2944686,11599804414,2223716159,17776283841,19560004441,9916895894,83104106,1361263208,114338272715,34809182600,144742,8033646,6084830200,307151350800,2560640485,17406452085,15353216223,608467508,53348684400,391532492,999997227,2773,6619,25025996,974974004,20470951804,5078086000,39,5117745100,999990520,9480,999823819,176181,5117735581,1000,1000,1000,1000,1000,1000,1000,114337693374,34809088200,174935,8098706,6084932200,307149526800,2547199140,17392908540,15353552354,607781753,53348142300,392218247,999995456,4544,16203,24995449,975004551,20471402851,5077351100,60,5117851420,999999137,863,999818903,181097,5117850497,1000,1000,1000,1000,1000,1000,1000
582000,95420,639958,5810000000,34860000000,10000,60000,9876297919939,10124193,1460456909,1343,5809904580,2000,5380,2954942,11619806474,2223765832,17776234168,19559664968,9916970678,83029322,1364348452,114363720904,34868487200,145268,7987576,6093279100,307676635200,2564797022,17436025822,15378594212,608587744,53440192800,391412256,999981868,18132,17024,25086112,974913888,20504791688,5086550200,8260,5126207520,999998216,1784,999832124,167876,5126197476,1000,1000,1000,1000,1000,1000,1000,114363234447,34868382000,178803,7546988,6093794200,307674910400,2552194690,17423328840,15378857575,607844832,53439612600,392155168,999984182,15818,85650,25133175,974866825,20505142925,5085878500,8685,5126295560,999998475,1525,999828350,171650,5126285350,1000,1000,1000,1000,1000,1000,1000
583000,94050,624259,5820000000,34920000000,10000,60000,9876101158589,7267551,1460501169,11660,5819905950,2000,5161,2930438,11639788580,2223804240,17776195760,19559323160,9917131362,82868638,1367434542,114389180370,34927753400,164502,7669436,6101999600,308201770800,2569173468,17465814968,15403940058,608662677,53531640300,391337323,999988001,11999,100924,25151166,974848834,20538586434,5095075000,8394,5134655700,999999070,930,999824024,175976,5134646376,1000,1000,1000,1000,1000,1000,1000,114388613777,34927672200,232092,8093443,6101811500,308200081200,2557009562,17453555612,15404257474,608080512,53531206500,391919488,999991035,8965,7523,25095049,974904951,20539006551,5094410400,8580,5134767900,999989757,10243,999831023,168977,5134749077,1000,1000,1000,1000,1000,1000,1000
584000,95570,625437,5830000000,34980000000,10000,60000,9875900595243,8217313,1464390154,11274,5829904430,2000,5734,2925129,11659786312,2223852456,17776147544,19558982544,9917273491,82726509,1370521203,114414622967,34987024700,241343,8029095,6110049000,308726948600,2574845566,17496901766,15429257482,608901647,53623265100,391098353,999999317,683,17270,25263288,974736712,20572340512,5103596300,8618,5143100040,999991608,8392,999829270,170730,5143083030,1000,1000,1000,1000,1000,1000,1000,114414077725,34987002300,148880,7951922,6110455100,308725530200,2560496713,17482467063,15429716637,608217200,53622691500,391782800,999981435,18565,9635,24981798,975018202,20572955002,5102942300,33,5143239940,999998458,1542,999823235,176765,5143238365,1000,1000,1000,1000,1000,1000,1000
585000,97650,629887,5840000000,35040000000,10000,60000,9875699705591,9522723,1468733566,2512,5839902350,2000,63309,2943767,11679799676,2223932014,17776067986,19558609086,9917348053,82651947,1373615129,114440125535,35046308600,169580,7729349,6118749000,309252126800,2579119560,17526588910,15454653814,608961687,53714703600,391038313,999990592,9408,92205,25248691,974751309,20606202009,5112118100,36,5151557460,999990771,9229,999821705,178295,5151548195,1000,1000,1000,1000,1000,1000,1000,114439528735,35046253400,235358,8131905,6118612600,309250537200,2565340994,17512717894,15455001958,608386290,53714252100,391613710,999993621,6379,2931,25174173,974825827,20606665527,5111414500,8500,5151683320,999988749,11251,999836031,163969,5151663569,1000,1000,1000,1000,1000,1000,1000
586000,96770,628714,5850000000,35100000000,10000,60000,9875493148132,16489783,1478592406,1553,5849903230,2000,1028,2934769,11699803354,2224005015,17775994985,19558242785,9917537031,82462969,1376704885,114465523678,35105605600,190251,8221994,6126826200,309777343200,2582812052,17555695302,15480063886,609171567,53806289700,390828433,999980510,19490,16043,25170257,974829743,20640081743,5120675400,28,5160028200,999989685,10315,999821243,178757,5160017857,1000,1000,1000,1000,1000,1000,1000,114465054093,35105535600,155005,7653874,6127475900,309775741600,2570883056,17543674956,15480385935,608423461,53805664800,391576539,999984027,15973,105666,25160731,974839269,20640511169,5119960100,33,5160135500,999989767,10233,999826566,173434,5160125234,1000,1000,1000,1000,1000,1000,1000
587000,94570,629640,5860000000,35160000000,10000,60000,9875302049225,7997968,1473060238,10808,5859905430,2000,62841,2934726,11719789244,2224078493,17775921507,19557880307,9917661834,82338166,1379789378,114491015720,35164921200,225566,8027100,6135373400,310302820000,2587184116,17585495216,15505403416,609346333,53897838000,390653667,999993195,6805,1962,25307246,974692754,20673864054,5129151900,40,5168482180,999978498,21502,999838362,161638,5168460638,1000,1000,1000,1000,1000,1000,1000,114490504564,35164823500,225634,7627734,6135935700,310301034200,2575600603,17573812303,15505703606,608584062,53897206500,391415938,999998628,1372,100666,25245160,974754840,20674268340,5128509800,8822,5168582960,999990596,9404,999835366,164634,5168564734,1000,1000,1000,1000,1000,1000,1000
588000,96610,619469,5870000000,35220000000,10000,60000,9875102226938,8218105,1476243052,2356,5869903390,2000,5649,2946479,11739802068,2224143143,17775856857,19557526557,9917803201,82196799,1382881669,114516469740,35224192700,196930,8084154,6143786500,310827932600,2591557327,17615279027,15530790154,609486258,53989342500,390513742,999998648,1352,11890,25264636,974735364,20707716064,5137713400,26,5176938360,999987576,12424,999823390,176610,5176925910,1000,1000,1000,1000,1000,1000,1000,114515982761,35224084700,195311,7736029,6144206700,310826036600,2580479155,17604095855,15531064982,608716888,53988718500,391283112,999996912,3088,110824,25288142,974711858,20708083758,5137010200,8130,5177035560,999991346,8654,999832524,167476,5177018776,1000,1000,1000,1000,1000,1000,1000
589000,93500,625566,5880000000,35280000000,10000,60000,9874897070164,13754448,1484728516,11640,5879906500,2000,62318,2922348,11759789720,2224170212,17775829788,19557188888,9917912492,82087508,1385964212,114541915234,35283491200,199307,7849566,6152486900,311353192000,2595123948,17644262048,15556164226,609556199,54080788500,390443801,999983846,16154,85047,25260421,974739579,20741551779,5146249000,8460,5185397580,999998433,1567,999827447,172553,5185387553,1000,1000,1000,1000,1000,1000,1000,114541440724,35283396100,180951,7990892,6152385800,311351430600,2586010168,17635050068,15556478286,608966186,54080330400,391033814,999991311,8689,8625,25309839,974690161,20741964661,5145489000,44,5185505580,999980839,19161,999829925,170075,5185486375,1000,1000,1000,1000,1000,1000,1000
590000,94440,622091,5890000000,35340000000,10000,60000,9874697522168,13709609,1487627300,1454,5889905560,2000,526,2950979,11779808212,2224231377,17775768623,19556827023,9918085781,81914219,1389052493,114567466792,35342785400,163444,8009157,6160691600,311878524400,2601000531,17675560131,15581498185,609798860,54172398900,390201140,999999072,928,11112,25309627,974690373,20775328173,5154815200,8731,5193846940,999991779,8221,999836212,163788,5193829988,1000,1000,1000,1000,1000,1000,1000,114566821095,35342682400,215657,8070170,6160827200,311876619200,2589363852,17663817252,15581871797,609108842,54171834300,390891158,999988026,11974,9884,25276087,974723913,20775828813,5154026300,35,5193957800,999999251,749,999818584,181416,5193957016,1000,1000,1000,1000,1000,1000,1000
591000,93980,628762,5900000000,35400000000,10000,60000,9874503890052,7709445,1484536152,11342,5899906020,2000,1056,2930851,11799789356,2224253597,17775746403,19556500003,9918244889,81755111,1392140745,114592875592,35402072500,185010,7959962,6169252100,312403785000,2605447550,17705425050,15606896226,609938633,54263901900,390061367,999993967,6033,19934,25272308,974727692,20809194692,5163370500,66,5202299360,999999172,828,999819034,180966,5202298466,1000,1000,1000,1000,1000,1000,1000,114592295750,35401975800,243823,7694171,6169595800,312401889200,2594074032,17693945132,15607212139,609179296,54263277900,390820704,999998587,1413,101091,25372252,974627748,20809613348,5162523000,8679,5202418400,999991488,8512,999832391,167609,5202401209,1000,1000,1000,1000,1000,1000,1000
592000,94530,620106,5910000000,35460000000,10000,60000,9874295711116,16286227,1496045403,10694,5909905470,2000,62401,2935524,11819789552,2224309243,17775690757,19556145157,9918403736,81596264,1395227388,114618318729,35461363200,256102,8052872,6177590800,312929034400,2610728447,17736122697,15632231807,610094041,54355449000,389905959,999995918,4082,12177,25367870,974632130,20842970030,5171875900,79,5210755440,999982862,17138,999836477,163523,5210738223,1000,1000,1000,1000,1000,1000,1000,114617755421,35461253200,236525,7822312,6177935100,312927021600,2597912596,17723194796,15632577469,609332546,54354798900,390667454,999998628,1372,101382,25350313,974649687,20843435287,5171090000,9367,5210871200,999995985,4015,999830982,169018,5210857818,1000,1000,1000,1000,1000,1000,1000
593000,93890,639377,5920000000,35520000000,10000,60000,9874098866940,13525929,1496230406,10671,5919906110,2000,5789,2932199,11839790878,2224364969,17775635031,19555791231,9918544021,81455979,1398316299,114643778205,35520657600,177928,7728910,6186364800,313454267200,2616182684,17766992184,15657665553,610156109,54446872800,389843891,999979420,20580,85511,25307258,974692742,20876886842,5180386300,65,5219223040,999998314,1686,999817311,182689,5219221289,1000,1000,1000,1000,1000,1000,1000,114643208364,35520528300,255790,8175245,6186014900,313452203800,2601665950,17752362650,15657931133,609561696,54446410800,390438304,999995514,4486,15418,25384985,974615015,20877241215,5179632300,8371,5219319340,999999113,887,999824818,175182,5219310082,1000,1000,1000,1000,1000,1000,1000
594000,93990,630406,5930000000,35580000000,10000,60000,9873896332446,16431717,1502117861,11871,5929906010,2000,62880,2935866,11859788278,2224397163,17775602837,19555462537,9918660074,81339926,1401410352,114669289212,35579959100,172041,7660986,6194825300,313979571000,2620095965,17796324265,15683004896,610310104,54538392900,389689896,999996655,3345,100751,25368355,974631645,20910670345,5188915400,8602,5227682600,999991451,8549,999837051,162949,5227665449,1000,1000,1000,1000,1000,1000,1000,114668797691,35579807300,183353,7665096,6194757400,313977451400,2606867649,17782982449,15683259131,609623994,54537878400,390376006,999983842,16158,85948,25520317,974479683,20911008983,5188122600,33,5227759460,999990425,9575,999827848,172152,5227749852,1000,1000,1000,1000,1000,1000,1000
595000,95180,627034,5940000000,35640000000,10000,60000,9873706565409,6565867,1495143685,11569,5939904820,2000,943,2931616,11879786502,2224416476,17775583524,19555141224,9918854424,81145576,1404500626,114694681736,35639238200,247950,8124284,6202852800,314504755600,2624078010,17825720460,15708367216,610554488,54630011700,389445512,999996850,3150,5762,25409146,974590854,20944485954,5197436500,8540,5236138280,999988998,11002,999834562,165438,5236118738,1000,1000,1000,1000,1000,1000,1000,114694252998,35639080700,160815,8028899,6202882700,314502583800,2612125163,17813651563,15708642575,609855827,54629460600,390144173,999994298,5702,17371,25465196,974534804,20944855904,5196703800,63,5236215980,999997412,2588,999814571,185429,5236213329,1000,1000,1000,1000,1000,1000,1000
596000,93120,619445,5950000000,35700000000,10000,60000,9873497560009,15983502,1507581102,10848,5949906880,2000,491,2934936,11899792064,2224488411,17775511589,19554774689,9918931424,81068576,1407594088,114720172615,35698545300,198519,7960298,6211418100,315030109000,2628864041,17855927691,15733774517,610697422,54721517400,389302578,999998500,1500,10178,25423261,974576739,20978360239,5205925800,67,5244603140,999982649,17351,999832278,167722,5244585722,1000,1000,1000,1000,1000,1000,1000,114719716723,35698352700,200878,8081512,6211200100,315027735000,2616513023,17843452373,15733967901,610004842,54721005600,389995158,999985909,14091,8867,25579166,974420834,20978621934,5205203600,65,5244659900,999994198,5802,999819967,180033,5244654033,1000,1000,1000,1000,1000,1000,1000
597000,95570,625421,5960000000,35760000000,10000,60000,9873300827605,13099734,1507637894,9996,5959904430,2000,436,2932592,11919788868,2224531439,17775468561,19554434561,9919074828,80925172,1410680396,114745575873,35757821200,224562,7689947,6220155300,315555227200,2633023965,17885498015,15759149010,610741899,54812935500,389258101,999992244,7756,106245,25437535,974562465,21012198565,5214438900,8320,5253058220,999999655,345,999823545,176455,5253049555,1000,1000,1000,1000,1000,1000,1000,114745166140,35757635600,193839,7936409,6219810600,315552896000,2621524578,17873876128,15759347003,610077325,54812460900,389922675,999970418,29582,71193,25564490,974435510,21012461710,5213744400,71,5253117660,999997118,2882,999817793,182207,5253114707,1000,1000,1000,1000,1000,1000,1000
598000,94850,635420,5970000000,35820000000,10000,60000,9873105189352,9106563,1506588703,10374,5969905150,2000,961,2927088,11939789552,2224569815,17775430185,19554106685,9919211632,80788368,1413766684,114771100808,35817107000,166663,8130278,6228073300,316080385200,2638184604,17916070304,15784523052,610971520,54904556400,389028480,999983477,16523,14657,25482905,974517095,21046024695,5222928200,54,5261519820,999981877,18123,999833957,166043,5261501643,1000,1000,1000,1000,1000,1000,1000,114770653153,35816940100,220464,7721207,6228475700,316078273800,2625518715,17903293315,15784693622,610209770,54903957000,389790230,999997809,2191,108839,25599517,974400483,21046252483,5222306300,60,5261575960,999982961,17039,999832039,167961,5261558861,1000,1000,1000,1000,1000,1000,1000
599000,94580,625123,5980000000,35880000000,10000,60000,9872899861621,14861483,1515270837,2488,5979905420,2000,62598,2948290,11959805864,2224652204,17775347796,19553722896,9919389470,80610530,1416850534,114796486377,35876398500,230075,7759207,6236949400,316605657000,2642264110,17945567860,15809901856,611040052,54995977800,388959948,999996436,3564,108584,25495328,974504672,21079865872,5231455300,36,5269973860,999990192,9808,999826984,173016,5269964016,1000,1000,1000,1000,1000,1000,1000,114796176281,35876233800,158638,7780152,6236852800,316603518800,2630553719,17933744419,15810064807,610371050,54995487000,389628950,999999123,877,100773,25558866,974441134,21080080634,5230889500,27,5270033180,999982674,17326,999836573,163427,5270015827,1000,1000,1000,1000,1000,1000,1000
600000,94430,626415,5990000000,35940000000,10000,60000,9872708161631,6941882,1510339978,2576,5989905570,2000,580,2945008,11979805988,2224686113,17775313887,19553385487,9919485432,80514568,1419938520,114822031090,35935697500,164279,7617219,6245387700,317130957400,2646234177,17974956827,15835262803,611193761,55087507200,388806239,999993284,6716,103523,25596620,974403380,21113679780,5239916700,8411,5278437260,999988128,11872,999835223,164777,5278416977,1000,1000,1000,1000,1000,1000,1000,114821601213,35935525800,203590,7669344,6245425300,317128884400,2635801628,17964416178,15835426955,610533711,55087023900,389466289,999993612,6388,84301,25594146,974405854,21113902054,5239436200,8443,5278485200,999998342,1658,999821601,178399,5278475099,1000,1000,1000,1000,1000,1000,1000
