Time,glucose,O2,glucose_total,O2_total,glucose_in,O2_in,H2O:=Cell_1,OH-:=Cell_1,H+:=Cell_1,glucose:=Cell_1,glucose_in:=Cell_1,glucose_transport:=Cell_1,O2:=Cell_1,Pyruvate-:=Cell_1,Pyruvate_created:=Cell_1,ATP:=Cell_1,ADP:=Cell_1,Pi:=Cell_1,NAD+:=Cell_1,NADH:=Cell_1,Lactic-:=Cell_1,H2O::Cell_1::Mitochondria_1,H2O_created::Cell_1::Mitochondria_1,OH-::Cell_1::Mitochondria_1,H+::Cell_1::Mitochondria_1,H+_inter::Cell_1::Mitochondria_1,H+_inter_created::Cell_1::Mitochondria_1,O2::Cell_1::Mitochondria_1,O2_in::Cell_1::Mitochondria_1,CO2::Cell_1::Mitochondria_1,ATP::Cell_1::Mitochondria_1,ATP_created::Cell_1::Mitochondria_1,ADP::Cell_1::Mitochondria_1,GDP::Cell_1::Mitochondria_1,GTP::Cell_1::Mitochondria_1,Pi::Cell_1::Mitochondria_1,NAD+::Cell_1::Mitochondria_1,NADH::Cell_1::Mitochondria_1,NADH_created::Cell_1::Mitochondria_1,NADH_in::Cell_1::Mitochondria_1,Pyruvate-::Cell_1::Mitochondria_1,Pyruvate-_in::Cell_1::Mitochondria_1,CoA-SH::Cell_1::Mitochondria_1,Acetyl_CoA::Cell_1::Mitochondria_1,FAD::Cell_1::Mitochondria_1,FADH2::Cell_1::Mitochondria_1,FADH2_created::Cell_1::Mitochondria_1,Pyruvate_transport::Cell_1::Mitochondria_1,ATP_synthase::Cell_1::Mitochondria_1,ADP_ATP_transport::Cell_1::Mitochondria_1,NADH_shuttle::Cell_1::Mitochondria_1,Pi_transport::Cell_1::Mitochondria_1,Commp1-3-4::Cell_1::Mitochondria_1,Commp2-3-4::Cell_1::Mitochondria_1
0,0,0,0,0,0,0,10000000000000,100000,100000,0,0,1000,0,0,0,10000000000,10000000000,10000000000,10000000000,0,0,100000000000,0,1000,1000,0,0,0,0,0,0,0,1000000000,1000000000,0,1500000000,1000000000,0,0,0,0,0,1000000000,0,1000000000,0,0,1000,1000,1000,1000,1000,1000,1000
1000,0,0,0,0,10000,60000,9999989102918,9998490,9998490,0,0,1000,0,0,0,9999001408,10000998592,10000998592,10000000000,0,0,99999900287,0,100713,100713,0,0,0,0,0,0,0,1000000000,1000000000,0,1500000000,1000000000,0,0,0,0,0,1000000000,0,1000000000,0,0,1000,1000,1000,1000,1000,1000,1000
2000,1313250,628207,10000000,60000000,10000,60000,9998969214702,92341912,114569484,764,8686750,1000,10865,7975500,17371972,9131762414,10868237586,10921691886,9985793140,14206860,45212,100013383662,50622900,93673,16996654,560900,433186600,38614628,59360928,28016266,29278597,90248100,970721403,999997542,2458,1417264645,991887379,8112621,37355021,3119900,12504,9351260,999999999,1,999791545,208455,9338755,1000,1000,1000,1000,1000,1000,1000
3000,1897790,636456,20000000,120000000,10000,60000,9998122258113,83622726,121263387,1424,18102210,1000,10973,12624189,36201572,8374419839,11625580161,11748930961,9975273751,24726249,290223,100047376806,140381800,125984,32669508,776400,1219319600,60692821,119352571,69832294,113324200,258720300,886675800,999970330,29670,1263295330,989967236,10032764,93104864,11185100,6,23287160,999985416,14584,999789730,210270,23272570,1000,1000,1000,1000,1000,1000,1000
4000,2345630,638993,30000000,180000000,10000,60000,9997339762634,82842044,131800923,771,27654370,1000,5887,16066381,55307198,7690510778,12309489222,12499681922,9967909679,32090321,802177,100088437586,241966700,38063,48989572,73400,2113880600,77483420,179355120,115268752,222064564,451663500,777935436,999984247,15753,1087726983,989413731,10586269,153691669,22414700,15722,38438640,999999999,1,999800383,199617,38422917,1000,1000,1000,1000,1000,1000,1000
5000,2724130,629003,40000000,240000000,10000,60000,9996629399518,75101580,132638769,9760,37275870,1000,6272,18710369,74532220,7072049998,12927950002,13182968202,9962764271,37235729,1591091,100132988785,349649400,15555,64985095,181100,3064464400,91541875,239364725,162642360,343470634,656907600,656529366,999997814,2186,901508980,989080120,10919880,216856480,35705400,16640,54230760,1000000000,0,999789580,210420,54214120,1000,1000,1000,1000,1000,1000,1000
6000,3056670,627714,50000000,300000000,10000,60000,9995969430766,75943373,140179138,9851,46943330,1000,11332,20832307,93866958,6512669339,13487330661,13805363461,9959229873,40770127,2633331,100179934313,461235100,22467,81049020,459000,4050949400,103831004,299360954,211137393,472991137,870019200,527008863,999999097,903,708975160,988915767,11084233,281505433,50463500,7,70401320,999966727,33273,999807160,192840,70368040,1000,1000,1000,1000,1000,1000,1000
7000,3358660,633399,60000000,360000000,10000,60000,9995367374621,72136418,141778867,9807,56641340,1000,11027,22546883,113263066,6006619739,13993380261,14373094361,9956801537,43198463,3897103,100228316245,575417100,101716,97404113,678600,5061432600,114943174,359355574,260424304,608002395,1088426400,391997605,999982082,17918,512265587,988838083,11161917,347226917,66167500,2,86819080,999983535,16465,999789687,210313,86802613,1000,1000,1000,1000,1000,1000,1000
8000,3634240,628104,70000000,420000000,10000,60000,9994809939796,71953471,146051171,9846,66365760,1000,5718,23937472,132711828,5548848867,14451151133,14892276233,9955188028,44811972,5348256,100277979070,691504800,101365,113755785,850900,6089464800,125212728,419366178,310227465,747205565,1310874000,252794435,999978010,21990,311647345,988920780,11079220,413636620,82551600,16945,103426100,1000000000,0,999788745,211255,103409155,1000,1000,1000,1000,1000,1000,1000
9000,3892260,630754,80000000,480000000,10000,60000,9994297339275,70509858,148309045,9868,76107740,1000,63039,25074643,152195744,5134676833,14865323167,15367163167,9954229497,45770503,6954041,100328382021,808884900,106944,130473797,896100,7129284200,134836557,479306207,360467948,889086689,1535906700,110913311,999957244,42756,109030555,988904107,11095893,480618393,99471200,2,120167060,999983387,16613,999795155,204845,120150445,1000,1000,1000,1000,1000,1000,1000
10000,4136440,622116,90000000,540000000,10000,60000,9993822757272,70515623,151655462,987,85863560,1000,10987,26055693,171725146,4759989195,15240010805,15774574405,9953594747,46405253,8678893,100369820956,917453500,224050,7535458,149815100,8082147800,148914347,539366897,410897950,965286110,1695197400,34713890,999951312,48688,101602,979864052,20135948,547851648,116641000,6,136990560,999963144,36856,999594702,405298,136953698,1000,1000,1000,1000,1000,1000,1000
11000,4366620,627560,100000000,600000000,10000,60000,9993389764214,64599269,148728160,1011,95633380,1000,68623,26841653,191264738,4420969283,15579030717,16114037617,9953226087,46773913,10513325,100375077031,990369100,204224,6853629,213270900,8676326200,180829567,599303817,461671530,964832892,1777708200,35167108,999941077,58923,101285,933989455,66010545,615560945,133977500,17060,153909760,999996715,3285,999531185,468815,153889415,1000,1000,1000,1000,1000,1000,1000
12000,4588150,624840,110000000,660000000,10000,60000,9992980340410,67372759,154245804,9933,105411850,1000,68394,27462911,210803834,4114203469,15885796531,16421106031,9953026549,46973451,12436683,100380271673,1063494000,202818,6808782,276526800,9271567200,212770566,659306766,512619321,964530240,1860307500,35469760,999946737,53263,106997,887771476,112228524,683485624,151393700,17525,170904240,999979588,20412,999555297,444703,170866303,1000,1000,1000,1000,1000,1000,1000
13000,4795800,632551,120000000,720000000,10000,60000,9992601775204,68505510,158040885,10622,115204200,1000,6481,28009519,230387156,3836660014,16163339986,16698864586,9952901581,47098419,14427437,100385284806,1136728000,213118,7239513,339688700,9867540000,244730718,719360968,563775403,964410169,1943022900,35589831,999945377,54623,10608,841235105,158764895,751696595,168861300,17181,187950200,999988173,11827,999546308,453692,187921192,1000,1000,1000,1000,1000,1000,1000
14000,4996090,634356,130000000,780000000,10000,60000,9992252877620,66436542,158615002,1889,125003910,1000,63254,28481718,250004042,3585578662,16414421338,16950107338,9952790762,47209238,16487504,100390294644,1210034800,164779,7001991,403621500,10464026400,276555090,779302390,615058933,964181628,2025621300,35818372,999912769,87231,45141,794576108,205423892,820070992,186307300,5,205034820,999977244,22756,999528141,471859,205012059,1000,1000,1000,1000,1000,1000,1000
15000,5188350,631745,140000000,840000000,10000,60000,9991928215793,63971707,158627956,10921,134811650,1000,63495,28846591,269601458,3358344300,16641655700,17177464800,9952790449,47209551,18600107,100395159929,1283437200,209284,7149651,467439500,11061058400,308418260,839304760,666407178,964115420,2108296500,35884580,999940791,59209,16271,747774893,252225107,888542107,203791800,17440,222154760,999997609,2391,999529271,470729,222134929,1000,1000,1000,1000,1000,1000,1000
16000,5373700,627910,150000000,900000000,10000,60000,9991622671014,64018379,161284982,10801,144626300,1000,68623,29165005,289230998,3152742293,16847257707,17383174407,9952664295,47335705,20765893,100400070764,1356878100,173240,6992536,531457200,11658325000,340267917,899303467,717835064,964012626,2190947400,35987374,999942094,57906,12768,701023604,298976396,957111096,221129400,17100,239300100,999993032,6968,999530968,469032,239276032,1000,1000,1000,1000,1000,1000,1000
17000,5554520,630373,160000000,960000000,10000,60000,9991336710286,64083192,163840454,10963,154445480,1000,6288,29424228,308869034,2966735878,17033264122,17569252222,9952649112,47350888,22982146,100404923312,1430347000,173331,6719702,595786900,12255729200,372173639,959363339,769318492,963854781,2273520600,36145219,999948662,51338,105781,654129389,345870611,1025746411,238536000,6,256462660,999965265,34735,999539681,460319,256427919,1000,1000,1000,1000,1000,1000,1000
18000,5728390,632240,170000000,1020000000,10000,60000,9991068380520,64242558,166692971,1270,164271610,1000,5823,29627333,328540680,2798451278,17201548722,17737586022,9952425807,47574193,25248887,100409611907,1503882800,172993,6968750,659617500,12853485600,404004437,1019361937,820934697,963898411,2356242600,36101589,999940311,59689,4600,607251203,392748797,1094578397,255717600,17163,273664460,999996403,3597,999524100,475900,273643700,1000,1000,1000,1000,1000,1000,1000
19000,5896160,628850,180000000,1080000000,10000,60000,9990819375587,61047745,166064212,10100,174103840,1000,11057,29760887,348187480,2646141132,17353858868,17889934768,9952302113,47697887,27557693,100414442001,1577410400,138040,7081379,723500700,13451141600,435840043,1079360093,872492686,963881408,2438919300,36118592,999959555,40445,2247,560424861,439575139,1163313039,272931900,16920,290868900,999968373,31627,999549947,450053,290820353,1000,1000,1000,1000,1000,1000,1000
20000,6061390,625399,190000000,1140000000,10000,60000,9990577074986,65702133,173330038,2213,183938610,1000,63221,29869711,367872794,2508383919,17491616081,18027718681,9952149829,47850171,29908023,100418939018,1650984800,218642,7167295,787799000,14049051200,467618780,1139311380,924247413,963818689,2521512600,36181311,999936709,63291,15420,513347407,486652593,1232323593,290114600,7,308095060,999981127,18873,999523420,476580,308076180,1000,1000,1000,1000,1000,1000,1000
21000,6223110,642302,200000000,1200000000,10000,60000,9990358379067,59814720,170170384,10054,193776890,1000,10595,29889792,387533672,2383693487,17616306513,18152426413,9951840988,48159012,32306860,100423597314,1724577000,188382,7060146,851909400,14647038800,499479303,1199347103,975953576,963796113,2604150300,36203887,999928545,71455,12532,466555856,533444144,1301270544,307067800,17380,325337020,999997328,2672,999524432,475568,325316968,1000,1000,1000,1000,1000,1000,1000
22000,6377320,627532,210000000,1260000000,10000,60000,9990145407186,60057711,173290474,11163,203622680,1000,68559,29896729,407223034,2270855697,17729144303,18265274303,9951418171,48581829,34754205,100428202329,1798137000,223737,6696964,916185400,15244814000,531270159,1259303909,1027650049,963710873,2686712700,36289127,999941495,58505,100622,419913473,580086527,1370197527,323887000,17007,342572100,999992385,7615,999522022,477978,342547478,1000,1000,1000,1000,1000,1000,1000
23000,6530310,631837,220000000,1320000000,10000,60000,9989946832287,56658717,172839241,10068,213469690,1000,10940,29855680,426919244,2168784304,17831215696,18367357496,9950928620,49071380,37253464,100432853443,1871680000,204676,6775241,979885300,15842412800,563166423,1319357223,1079359738,963698819,2769371400,36301181,999945892,54108,105273,373354235,626645765,1439134565,340594400,16,359810100,999964743,35257,999523573,476427,359774827,1000,1000,1000,1000,1000,1000,1000
24000,6678340,628384,230000000,1380000000,10000,60000,9989755803631,55451586,174818943,2451,223321660,1000,57933,29781139,446638418,2076444917,17923555083,18459696183,9950225581,49774419,39811799,100437373856,1945238600,211859,6671100,1043639400,16440064400,594964483,1379313683,1131121266,963676813,2852008800,36323187,999919818,80182,101905,326946839,673053161,1508159161,357052200,4,377045480,999992419,7581,999502305,497695,377037895,1000,1000,1000,1000,1000,1000,1000
25000,6824970,641619,240000000,1440000000,10000,60000,9989568984391,58780196,181517524,10226,233175030,1000,6379,29612720,466329608,1992846587,18007153413,18543282213,9949311540,50688460,42436148,100441987653,2018773300,218613,6664167,1106887000,17037425800,626859552,1439352002,1182783436,963708083,2934688800,36291917,999941405,58595,104522,280948186,719051814,1577043314,373205000,17060,394280740,999996198,3802,999528522,471478,394259878,1000,1000,1000,1000,1000,1000,1000
26000,6967820,628267,250000000,1500000000,10000,60000,9989393995535,58244583,184599229,11215,243032180,1000,6780,29389516,486041930,1917215418,18082784582,18618896682,9948171464,51828536,45136594,100446544950,2092253000,208233,7032190,1169529200,17634416400,658745553,1499364953,1234489598,963818873,3017459700,36181127,999938934,61066,7961,235162663,764837337,1645985137,389076800,17300,411515820,999997019,2981,999518661,481339,411495539,1000,1000,1000,1000,1000,1000,1000
27000,7107920,631749,260000000,1560000000,10000,60000,9989225020128,58901296,189457675,1775,252892080,1000,6277,29099669,505780610,1848788624,18151211376,18687302976,9946475911,53524089,47932621,100451094510,2165701900,196047,7098310,1231872200,18230932600,690641424,1559361974,1286165362,963850397,3100155000,36149603,999945416,54584,3419,189973857,810026143,1714882543,404323900,17320,428748320,999986181,13819,999543619,456381,428717181,1000,1000,1000,1000,1000,1000,1000
28000,7245860,625716,270000000,1620000000,10000,60000,9989066219413,55876044,191313108,2869,262754140,1000,11367,28702422,525502542,1786850657,18213149343,18749213743,9944116238,55883762,50850880,100455587286,2239004100,177973,6616634,1293894600,18826455400,722584967,1619362917,1337793274,963784570,3182770200,36215430,999939023,60977,90053,145615979,854384021,1783723821,418767900,17060,445949240,999998367,1633,999517653,482347,445930547,1000,1000,1000,1000,1000,1000,1000
29000,7381680,628710,280000000,1680000000,10000,60000,9988912362371,53814026,195146614,11418,272618320,1000,68667,28154984,545213804,1730818097,18269181903,18805211203,9940757016,59242984,53934620,100460130202,2312176700,207545,7073963,1353693200,19420735800,754528723,1679302623,1389247767,963929376,3265639200,36070624,999961525,38475,2849,102564582,897435418,1852318118,432036200,17135,463124200,999963286,36714,999558549,441451,463070351,1000,1000,1000,1000,1000,1000,1000
30000,7512620,624408,290000000,1740000000,10000,60000,9988760893056,54739883,203827748,1648,282487380,1000,67850,27437901,564971464,1680164139,18319835861,18855832061,9935611739,64388261,57261703,100464399825,2385104100,239673,6907344,1412296800,20013002600,786633092,1739307742,1440728677,963928476,3348385500,36071524,999937242,62758,12566,61307389,938692611,1920965611,443321500,17051,480271860,999982125,17875,999517866,482134,480236934,1000,1000,1000,1000,1000,1000,1000
31000,7643050,616830,300000000,1800000000,10000,60000,9988616928657,52945736,212811718,11339,292356950,1000,68154,26386460,584691222,1634294993,18365705007,18901666607,9927468820,72531180,60948342,100468586598,2457650100,218899,6774082,1467383600,20601814600,818907866,1799315016,1492012562,963968050,3431214300,36031950,999937749,62251,8099,23417637,976582363,1989349163,451211700,17060,497356420,999997241,2759,999499199,500801,497336601,1000,1000,1000,1000,1000,1000,1000
32000,7771160,620258,310000000,1860000000,10000,60000,9988480725506,47765510,223804109,10289,302228840,1000,67478,24861797,604437102,1592795616,18407204384,18943122584,9914043763,85956237,65220565,100479069501,2526461400,143478,8296770,1506155000,21171194000,851920314,1859312264,1537942345,964048602,3516621900,35951398,999973995,26005,7193,46448,999953552,2049799652,453260300,127009,514354740,997629576,2370424,999820193,179807,511857307,1000,1000,1000,1000,1000,1000,1000
33000,7897380,636064,320000000,1920000000,10000,60000,9988345574035,45475930,239183386,3220,312102620,1000,5951,22779456,624198800,1555252165,18444747835,18980637835,9899295844,100704156,70223844,100504641292,2586795700,187321,8456974,1522892600,21705012200,886144185,1919357985,1572222124,964072049,3607874700,35927951,999966220,33780,4171,33247,999966753,2092755453,453270800,40034,531195500,989377863,10622137,999834771,165229,520533329,1000,1000,1000,1000,1000,1000,1000
34000,8019470,641766,330000000,1980000000,10000,60000,9988211632634,45566340,256609636,10325,321980530,1000,65130,20386086,643940410,1521291074,18478708926,19014560126,9885113894,114886106,75771104,100529971983,2647195600,161733,7859253,1540079900,22238941600,920258704,1979293104,1606340972,964021008,3698940000,35978992,999961080,38920,88872,5800,999994200,2135653000,453283200,66304,547783220,981595112,18404888,999814772,185228,529312028,1000,1000,1000,1000,1000,1000,1000
35000,8141000,633072,340000000,2040000000,10000,60000,9988083659529,42929206,271270053,11486,331859000,1000,64425,17942119,663695028,1490575935,18509424065,19045245165,9871262381,128737619,81661109,100555115584,2707624800,164831,8036877,1556190900,22772664800,954464053,2039302503,1640271351,964144688,3790130100,35855312,999969293,30707,3505,28854,999971146,2178403846,453296300,85439,564091800,974126134,25873866,999815405,184595,538132495,1000,1000,1000,1000,1000,1000,1000
36000,8263770,619926,350000000,2100000000,10000,60000,9987956560608,42352221,288207262,10156,341736230,1000,67448,15712993,683452148,1462793929,18537206071,19072991071,9857583267,142416733,87725315,100580010122,2768078200,147686,8120660,1571998300,23305950000,988700526,2099312626,1673995070,964174447,3881157900,35825553,999975183,24817,15736,42566,999957434,2221017534,453310100,63698,580013840,967072322,32927678,999831536,168464,547022464,1000,1000,1000,1000,1000,1000,1000
37000,8383660,638945,360000000,2160000000,10000,60000,9987836116123,37735015,301404497,10406,351616340,1000,5804,13781814,703211868,1437619238,18562380762,19098121762,9844003606,155996394,93891274,100604502573,2828586900,160723,8082345,1587615100,23839131400,1022982901,2159355251,1707548774,964211573,3972084000,35788427,999968205,31795,15632,2058,999997942,2263576242,453324200,44942,595538780,960533630,39466370,999814732,185268,556027468,1000,1000,1000,1000,1000,1000,1000
38000,8498890,643512,370000000,2220000000,10000,60000,9987714571400,36629446,318481036,11475,361501110,1000,5921,12210120,722979270,1414862846,18585137154,19120838454,9830486940,169513060,100128410,100628720864,2889172900,154176,7522211,1603254500,24372259400,1057230967,2219350567,1740827775,964157632,4062835500,35842368,999962412,37588,103480,18205,999981795,2305949495,453337800,56405,610640740,954537385,45462615,999811980,188020,565121720,1000,1000,1000,1000,1000,1000,1000
39000,8613740,622084,380000000,2280000000,10000,60000,9987599490046,31222238,331580209,10184,371386260,1000,11456,10960519,742752152,1394267784,18605732216,19141392916,9817064001,182935999,106461453,100652613500,2949777800,162698,7918937,1617529800,24904895600,1091532710,2279366460,1773860925,964294306,4153677300,35705694,999975072,24928,20066,44141,999955859,2348158359,453354700,64123,625330180,949031377,50968623,999812866,187134,574297434,1000,1000,1000,1000,1000,1000,1000
40000,8728550,620382,390000000,2340000000,10000,60000,9987479828064,32338680,351461388,10165,381271450,1000,5698,9970538,762522570,1375613744,18624386256,19160002756,9803766222,196233778,112918392,100676140946,3010445800,185509,7578929,1632191900,25437403600,1125841920,2339373920,1806683965,964254337,4244247600,35745663,999974222,25778,103385,48320,999951680,2390263480,453370400,108705,639633640,944054580,55945420,999802285,197715,583579515,1000,1000,1000,1000,1000,1000,1000
41000,8840270,619833,400000000,2400000000,10000,60000,9987364048966,31382792,369458266,11595,391159730,1000,67735,9167304,782296270,1358769658,18641230342,19176809542,9790631756,209368244,119539926,100699456350,3071134500,182028,8036526,1645709700,25969579400,1160105532,2399312432,1839354684,964383328,4334921700,35616672,999974054,25946,11526,24842,999975158,2432280158,453388100,85304,653589040,939421738,60578262,999795226,204774,592925474,1000,1000,1000,1000,1000,1000,1000
42000,8952040,627351,410000000,2460000000,10000,60000,9987250369287,29929851,387138719,2164,401047960,1000,68579,8523976,802091592,1343530138,18656469862,19192007262,9777666684,222333316,126351576,100722566457,3131883200,216377,7716675,1659662800,26501752000,1194429970,2459304070,1871831436,964328150,4425371400,35671850,999965628,34372,100078,52942,999947058,2474153558,453406700,28848,667216040,935134930,64865070,999812878,187122,602322122,1000,1000,1000,1000,1000,1000,1000
43000,9060150,629173,420000000,2520000000,10000,60000,9987141286945,25309629,401681514,11655,410939850,1000,6404,7939295,821856390,1329718374,18670281626,19205775126,9764940345,235059655,133372935,100745382823,3192681300,192764,7845999,1672847100,27033854600,1228833673,2519364423,1904145104,964461613,4515890100,35538387,999964342,35658,9229,43825,999956175,2515974075,453423800,56998,680544160,931341809,68658191,999790829,209171,611828971,1000,1000,1000,1000,1000,1000,1000
44000,9168770,626485,430000000,2580000000,10000,60000,9987025044477,29197440,424886239,2189,420831230,1000,63469,7474817,841658082,1317257317,18682742683,19218192283,9752390063,247609937,140604045,100768024707,3253515600,164337,7851229,1685862600,27565700000,1263143246,2579310046,1936295920,964502467,4606269900,35497533,999966115,33885,14048,29728,999970272,2557677772,453444100,47004,693579220,927849636,72150364,999800148,199852,621381852,1000,1000,1000,1000,1000,1000,1000
45000,9275920,634381,440000000,2640000000,10000,60000,9986912187215,30856222,445856311,10266,430724080,1000,5836,7035661,861427628,1305953537,18694046463,19229452863,9740081059,259918941,148045487,100790430794,3314399500,179081,7280363,1699208700,28097607000,1297559283,2639359783,1968305427,964464483,4696500900,35535517,999976308,23692,105425,36498,999963502,2599302802,453463200,35803,706346480,924686698,75313302,999801125,198875,630997375,1000,1000,1000,1000,1000,1000,1000
46000,9380770,628387,450000000,2700000000,10000,60000,9986804205644,28748609,463122771,11742,440619230,1000,63760,6641586,881214976,1295760353,18704239647,19239604547,9727971354,272028646,155703930,100812602465,3375268600,216324,7914963,1711128200,28628949200,1331907103,2699307853,2000148142,964603874,4786869300,35396126,999979437,20563,10663,42621,999957379,2640809379,453482400,43792,718869460,921835569,78164431,999805863,194137,640661237,1000,1000,1000,1000,1000,1000,1000
47000,9484360,630755,460000000,2760000000,10000,60000,9986702087334,21727129,475545081,10526,450515640,1000,10950,6309424,901010228,1286517463,18713482537,19248810137,9716066716,283933284,163575244,100834608949,3436200000,204275,7393822,1723892600,29160444800,1366355495,2759358295,2031868295,964541028,4876977600,35458972,999968636,31364,100008,43413,999956587,2682266087,453501700,52849,731125560,919325081,80674919,999796608,203392,650397792,1000,1000,1000,1000,1000,1000,1000
48000,9586640,634319,470000000,2820000000,10000,60000,9986586812917,28773694,502074575,3501,460413360,1000,11508,6006663,920819718,1278180711,18721819289,19257098789,9704368677,295631323,171662895,100856417771,3497146900,223724,7764427,1735579000,29691690600,1400766873,2819354173,2063468308,964671722,4967215800,35328278,999971987,28013,20765,30457,999969543,2723646343,453525500,37922,743150160,917065797,82934203,999794265,205735,660178035,1000,1000,1000,1000,1000,1000,1000
49000,9689660,623125,480000000,2880000000,10000,60000,9986483037159,25090730,517894001,2101,470310340,1000,11228,5733193,940616478,1270612889,18729387111,19264616011,9692879627,307120373,179949705,100878099534,3558134200,174446,7609660,1747462700,30222930800,1435199247,2879365647,2094929394,964723618,5057325900,35276382,999962778,37222,10260,35666,999964334,2764949334,453546400,44066,754933580,915130426,84869574,999781460,218540,670019940,1000,1000,1000,1000,1000,1000,1000
50000,9790680,635498,490000000,2940000000,10000,60000,9986377742274,23622529,535900816,11911,480209320,1000,63002,5455369,960394818,1263733003,18736266997,19271438997,9681615391,318384609,188438309,100899562772,3619141200,187737,7376416,1759276000,30753892800,1469575850,2939301500,2126252442,964696993,5147295300,35303007,999969296,30704,100303,36461,999963539,2806153039,453571900,49892,766501140,913449349,86550651,999789303,210697,679900597,1000,1000,1000,1000,1000,1000,1000
51000,9891200,627138,500000000,3000000000,10000,60000,9986268871585,26436609,558295362,2067,490108800,1000,6332,5240587,980213466,1257568494,18742431506,19277554106,9670498393,329501607,197116559,100920849377,3680161700,180619,7805170,1770191700,31284666600,1504095080,2999366530,2157450763,964834701,5237381100,35165299,999975933,24067,18632,40069,999959931,2847288731,453595300,81493,777856320,912063141,87936859,999780832,219168,689837968,1000,1000,1000,1000,1000,1000,1000
52000,9990450,639434,510000000,3060000000,10000,60000,9986167508192,22310349,573731709,2159,500009550,1000,64099,5022978,1000014782,1251968441,18748031559,19283102659,9659601222,340398778,205999604,100941983295,3741232500,205091,7368871,1781784600,31815573000,1538477217,3059296467,2188567242,964791069,5327261400,35208931,999962531,37469,100362,43820,999956180,2888384280,453616400,59034,788992200,910883872,89116128,999776962,223038,699817038,1000,1000,1000,1000,1000,1000,1000
53000,10089620,641067,520000000,3120000000,10000,60000,9986065510439,19339095,590302840,11663,509910380,1000,64660,4806811,1019797434,1246885334,18753114666,19288129066,9648893589,351106411,215050523,100962973300,3802330500,221138,7380042,1792746800,32346329000,1572940023,3119294273,2219573250,964849369,5417182200,35150631,999964615,35385,100846,34396,999965604,2929411604,453640500,43558,799940100,909941812,90058188,999783646,216354,709838354,1000,1000,1000,1000,1000,1000,1000
54000,10188190,634084,530000000,3180000000,10000,60000,9985959213387,21152062,611703762,11971,519811810,1000,57770,4616322,1039599678,1242294049,18757705951,19292674751,9638347218,361652782,224282596,100983848321,3863464000,196406,7543189,1803310200,32877081600,1607423546,3179308146,2250457832,964983174,5507135700,35016826,999967583,32417,15609,43777,999956223,2970366323,453664300,59910,810700760,909267641,90732359,999786309,213691,719908491,1000,1000,1000,1000,1000,1000,1000
55000,10285020,635364,540000000,3240000000,10000,60000,9985853641765,22693741,632848446,11676,529714980,1000,64102,4437997,1059406608,1238154906,18761845094,19296764494,9627971583,372028417,233688291,101004601903,3924582200,150860,7517102,1813884600,33407518800,1641903384,3239300534,2281272843,965025852,5596976700,34974148,999954373,45627,9121,29478,999970522,3011287022,453689900,35835,821280320,908769694,91230306,999773721,226279,730014179,1000,1000,1000,1000,1000,1000,1000
56000,10382080,632686,550000000,3300000000,10000,60000,9985753286694,19413127,649235838,2468,539617920,1000,6433,4305807,1079230904,1234415521,18765584479,19300457179,9617751313,382248687,243268217,101025102265,3985758000,181386,7163948,1824668400,33938022400,1676454231,3299360881,2311971799,964998997,5686685700,35001003,999952114,47886,80417,5918,999994082,3052148682,453714000,38847,831656880,908558850,91441150,999767817,232183,740176883,1000,1000,1000,1000,1000,1000,1000
57000,10477300,624222,560000000,3360000000,10000,60000,9985648212702,21188353,670609868,11857,549522700,1000,62953,4137829,1099021686,1231008955,18768991045,19303816445,9607734631,392265369,253018317,101045504341,4046916300,202515,7578024,1834482700,34468168600,1710916825,3359312825,2342560321,965114512,5776514400,34885488,999945964,54036,6052,7331,999992669,3092922369,453738000,29315,841865540,908525823,91474177,999762252,237748,750362048,1000,1000,1000,1000,1000,1000,1000
58000,10570670,639341,570000000,3420000000,10000,60000,9985543356101,23091340,692163894,12080,559429330,1000,5789,4002154,1118834500,1227947841,18772052159,19306830459,9597866166,402133834,262936566,101065840996,4108119100,171253,7519625,1844518100,34998373400,1745471420,3419354870,2373036075,965177925,5866230000,34822075,999963108,36892,6883,29308,999970692,3133621292,453764100,30139,851895780,908719576,91280424,999766983,233017,760585217,1000,1000,1000,1000,1000,1000,1000
59000,10662960,628628,580000000,3480000000,10000,60000,9985444324913,19478197,708234190,3894,569337040,1000,69438,3880901,1138666292,1225192810,18774807190,19309535790,9588144299,411855701,273019391,101085960584,4169339500,221163,7694662,1854269300,35528408600,1779943834,3479301934,2403433348,965232000,5955909600,34768000,999966949,33051,6349,23201,999976799,3174278499,453791200,22954,861766000,909102105,90897895,999778149,221851,770845151,1000,1000,1000,1000,1000,1000,1000
60000,10754340,632361,590000000,3540000000,10000,60000,9985340273757,21122119,729521661,11974,579245660,1000,63458,3747570,1158467372,1222677676,18777322324,19312000024,9578594710,421405290,283246682,101106030236,4230590000,197478,7600290,1864025700,36058470400,1814473531,3539304181,2433727730,965268451,6045542100,34731549,999963289,36711,17138,44608,999955392,3214872592,453815400,35114,871473120,909706856,90293144,999783838,216162,781144862,1000,1000,1000,1000,1000,1000,1000
61000,10845730,626738,600000000,3600000000,10000,60000,9985244366929,14909963,743021945,2316,589154270,1000,63559,3647874,1178303908,1220447792,18779552208,19314175808,9569163226,430836774,293627334,101125943484,4291845800,184727,7587305,1873593300,36588406000,1849015053,3599309703,2463972815,965338825,6135156600,34661175,999965762,34238,3337,32822,999967178,3255460178,453839800,30611,881028700,910489274,89510726,999769137,230863,791487363,1000,1000,1000,1000,1000,1000,1000
62000,10937000,640169,610000000,3660000000,10000,60000,9985143735712,13589899,761343406,11743,599063000,1000,11045,3518793,1198102514,1218393811,18781606189,19316186989,9559922627,440077373,304157341,101145812667,4353122200,142894,7179999,1883331000,37118223600,1883600086,3659348786,2494098912,965287704,6224639100,34712296,999969191,30809,100687,58275,999941725,3295946525,453867800,22694,890426380,911443927,88556073,999777187,222813,801847613,1000,1000,1000,1000,1000,1000,1000
63000,11026630,630859,620000000,3720000000,10000,60000,9985033349795,22236410,789684258,10571,608973370,1000,11101,3417550,1217925598,1216545705,18783454295,19317988895,9550792610,449207390,314822908,101165471487,4414430900,164161,7186740,1892615300,37648056200,1918158390,3719358040,2524170255,965340487,6314181600,34659513,999963503,36497,88416,47261,999952739,3336425139,453895300,24653,899685140,912594397,87405603,999776716,223284,812254884,1000,1000,1000,1000,1000,1000,1000
64000,11116580,627795,630000000,3780000000,10000,60000,9984936764893,17273574,804447706,2437,618883420,1000,68566,3333566,1237761966,1214891767,18785108233,19319593233,9541791194,458208806,325631760,101184962603,4475761800,220328,7382402,1901591300,38177861200,1952657539,3779303639,2554154511,965468651,6403746000,34531349,999972528,27472,18877,43266,999956734,3376857934,453921400,48975,908796640,913955758,86044242,999766177,233823,822703423,1000,1000,1000,1000,1000,1000,1000
65000,11204510,633709,640000000,3840000000,10000,60000,9984836130427,16504015,823375463,3769,628795490,1000,6215,3237706,1257583442,1213377242,18786622758,19321058658,9532924374,467075626,336558116,101204523632,4537062900,153897,7237892,1910662700,38707218600,1987291776,3839360076,2584066318,965424648,6493147800,34575352,999966291,33709,105743,40925,999959075,3417219675,453949700,28016,917787620,915393753,84606247,999772943,227057,833153357,1000,1000,1000,1000,1000,1000,1000
66000,11292320,639298,650000000,3900000000,10000,60000,9984737671543,13706851,840291773,3596,638707680,1000,62919,3153754,1277408168,1212014194,18787985806,19322371606,9524193166,475806834,347624334,101223821844,4598435200,190348,7141701,1919673000,39236954400,2021792533,3899297783,2613936637,965478287,6582595800,34521713,999951851,48149,87764,5727,999994273,3457603073,453977000,26315,926630080,917062671,82937329,999758264,241736,843666436,1000,1000,1000,1000,1000,1000,1000
67000,11380260,617983,660000000,3960000000,10000,60000,9984633477241,16750889,863025574,10310,648619740,1000,67916,3057425,1297218860,1210754630,18789245370,19323579270,9515609175,484390825,358826435,101243061877,4659806500,205958,7202882,1928330200,39766453000,2056386601,3959314101,2643697969,965547971,6672030300,34452029,999948116,51884,66245,7876,999992124,3497894024,454001600,29141,935335000,918890196,81109804,999755445,244555,854196055,1000,1000,1000,1000,1000,1000,1000
68000,11467400,620795,670000000,4020000000,10000,60000,9984536418788,12816829,878841883,2154,658532600,1000,11458,2991962,1317060892,1209651517,18790348483,19324627283,9507120938,492879062,370154030,101262286883,4721209700,174074,7307221,1936747900,40295993000,2091019397,4019367747,2673376466,965674185,6761482500,34325815,999962004,37996,9019,33853,999966147,3538122047,454027800,29596,943914900,920860277,79139723,999767419,232581,864745581,1000,1000,1000,1000,1000,1000,1000
69000,11554550,616939,680000000,4080000000,10000,60000,9984432237444,16099603,901841044,3570,668445450,1000,11590,2910481,1336883760,1208645247,18791354753,19325581853,9498771819,501228181,381602779,101281296875,4782607600,195413,7008298,1945552500,40825327200,2125614471,4079371471,2703021581,965629750,6850758000,34370250,999939046,60954,82196,5115,999994885,3578362485,454052800,30727,952370500,923001131,76998869,999752696,247304,875340904,1000,1000,1000,1000,1000,1000,1000
70000,11640680,621149,690000000,4140000000,10000,60000,9984334840739,12719265,918201845,2437,678359320,1000,62913,2849014,1356713766,1207756104,18792243896,19326415696,9490531986,509468014,393165552,101300339209,4844011500,207147,7077001,1953744700,41354495800,2160161388,4139315938,2732520606,965703356,6940103100,34296644,999975108,24892,99952,84646,999915354,3618441854,454080200,21090,960699200,925243138,74756862,999781152,218848,885921248,1000,1000,1000,1000,1000,1000,1000
71000,11726420,636015,700000000,4200000000,10000,60000,9984231791783,15055970,940270097,3625,688273580,1000,6275,2781017,1376539910,1206937853,18793062147,19327188847,9482426163,517573837,404859273,101319187662,4905441600,166817,6986063,1962054200,41883681600,2194807810,4199357710,2762042919,965731436,7029378300,34268564,999961129,38871,102993,26174,999973826,3658625026,454106800,20915,968899620,927703402,72296598,999759693,240307,896582107,1000,1000,1000,1000,1000,1000,1000
72000,11809810,631532,710000000,4260000000,10000,60000,9984129685141,16528274,961454222,10334,698190190,1000,62711,2703436,1396359712,1206192415,18793807585,19327877485,9474442224,525557776,416664736,101337952469,4966897300,198177,7418350,1969730100,42412865000,2229363857,4259305757,2791447115,965895302,7118761200,34104698,999968384,31616,3182,41267,999958733,3698691833,454137200,33861,976991540,930287039,69712961,999768782,231218,907244718,1000,1000,1000,1000,1000,1000,1000
73000,11893380,637066,720000000,4320000000,10000,60000,9984025961413,19693954,984346379,11972,708106620,1000,6135,2629229,1416189296,1205524567,18794475433,19328493333,9466547791,533452209,428570987,101356656721,5028345400,202599,7468452,1977680900,42941864400,2264033449,4319356799,2820810113,965934990,7208010000,34065010,999964730,35270,11840,42327,999957673,3738739573,454166100,37887,984989080,932978267,67021733,999769240,230760,917929460,1000,1000,1000,1000,1000,1000,1000
74000,11974930,616291,730000000,4380000000,10000,60000,9983934105576,11099810,995533845,3799,718025070,1000,67805,2586493,1436042542,1204965186,18795034814,19329002414,9458747247,541252753,440594789,101375380984,5089819100,152641,6922237,1985999600,43470967000,2298607854,4379315904,2850098211,965904959,7297164300,34095041,999972634,27366,100075,92064,999907936,3778726036,454195000,18699,992861260,935785264,64214736,999775175,224825,928627825,1000,1000,1000,1000,1000,1000,1000
75000,12056910,626299,740000000,4440000000,10000,60000,9983830389469,14378203,1018562606,2133,727943090,1000,6735,2530289,1455881914,1204418972,18795581028,19329497328,9451062991,548937009,452717105,101393786513,5151308800,230234,7307519,1993518800,43999936800,2333284516,4439366966,2879371714,966026137,7386429900,33973863,999964486,35514,22049,38435,999961565,3818754765,454227800,28908,1000634520,938777439,61222561,999760849,239151,939383051,1000,1000,1000,1000,1000,1000,1000
76000,12138740,620473,750000000,4500000000,10000,60000,9983726792896,17594087,1041501883,11779,737861260,1000,68184,2464934,1475698962,1203929783,18796070217,19329938717,9443492766,556507234,464935628,101412308415,5212813400,161101,6906287,2001521500,44528862800,2367859093,4499311343,2908562458,965998297,7475528400,34001703,999967369,32631,100572,31714,999968286,3858707786,454256100,26598,1008298400,941873526,58126474,999763572,236428,950145328,1000,1000,1000,1000,1000,1000,1000
77000,12219270,629219,760000000,4560000000,10000,60000,9983629957667,14095454,1057795345,2161,747780730,1000,11029,2428853,1495557138,1203486321,18796513679,19330326279,9436005087,563994913,477276125,101430682374,5274313600,186181,6932784,2009030200,45057657600,2402545352,4559359752,2937662128,966063161,7564699500,33936839,999976446,23554,100685,75357,999924643,3898582543,454286100,30862,1015852160,945099117,54900883,999764385,235615,960920415,1000,1000,1000,1000,1000,1000,1000
78000,12300290,630755,770000000,4620000000,10000,60000,9983530608180,13168489,1076619328,2208,757699710,1000,10849,2375435,1515395004,1203102669,18796897331,19330657831,9428612725,571387275,489688129,101448973705,5335838900,216820,6941489,2016537300,45586493800,2437182396,4619358396,2966755204,966102862,7653842400,33897138,999965637,34363,102275,69471,999930529,3938476029,454319600,17886,1023331440,948407271,51592729,999766075,233925,971720825,1000,1000,1000,1000,1000,1000,1000
79000,12379990,641272,780000000,4680000000,10000,60000,9983431131003,12389618,1095573875,10346,767620010,1000,10987,2312329,1535219328,1202733321,18797266679,19330972779,9421342131,578657869,502214059,101467141188,5397375000,207555,7056200,2023835800,46115207600,2471819141,4679347741,2995813686,966171071,7742964600,33828929,999949352,50648,72181,8495,999991505,3978383505,454347400,18892,1030692940,951895771,48104229,999747981,252019,982569819,1000,1000,1000,1000,1000,1000,1000
80000,12460750,641066,790000000,4740000000,10000,60000,9983325078534,18227243,1121175577,10332,777539250,1000,58739,2266898,1555057836,1202415277,18797584723,19331241423,9414153602,585846398,514835038,101485384360,5458934800,184365,7246155,2030812400,46643973600,2506418695,4739300195,3024734665,966307899,7832144400,33692101,999974574,25426,9975,81710,999918290,4018133090,454376400,18085,1037955900,955460610,44539390,999773375,226625,993398425,1000,1000,1000,1000,1000,1000,1000
81000,12538820,621456,800000000,4800000000,10000,60000,9983225140189,17981346,1140694467,11978,787461180,1000,10874,2221317,1574898404,1202120035,18797879965,19331483865,9407051963,592948037,527543767,101503440067,5520482000,150436,6863160,2038386200,47172512800,2541145870,4799367670,3053679505,966246231,7921100400,33753769,999959632,40368,109501,34396,999965604,4057964204,454406600,23213,1045133320,959174592,40825408,999753701,246299,1004284699,1000,1000,1000,1000,1000,1000,1000
82000,12617630,627499,810000000,4860000000,10000,60000,9983126354701,16629285,1159145179,2466,797382370,1000,11346,2195386,1594759808,1201871386,18798128614,19331676014,9400030254,599969746,540350762,101521402875,5582047200,204450,6983500,2045382200,47701056800,2575801005,4859361155,3082530365,966318385,8010168300,33681615,999966160,33840,100375,52410,999947590,4097701690,454439300,25945,1052213660,962983610,37016390,999755575,244425,1015171325,1000,1000,1000,1000,1000,1000,1000
83000,12694340,630905,820000000,4920000000,10000,60000,9983025334554,17539841,1179820619,3777,807305660,1000,68757,2147512,1614603766,1201651595,18798348405,19331835905,9393101228,606898772,553234494,101539365950,5643643100,166486,7307655,2052065500,48229683000,2610400538,4919300338,3111381121,966465868,8099291700,33534132,999961980,38020,8612,15091,999984909,4137470509,454470500,19415,1059221760,966887043,33112957,999754112,245888,1026089388,1000,1000,1000,1000,1000,1000,1000
84000,12773440,627388,830000000,4980000000,10000,60000,9982928423404,14337881,1196391479,3638,817226560,1000,63216,2109254,1634445844,1201435185,18798564815,19332004715,9386267766,613732234,566212110,101557206415,5705236400,213395,6955086,2059340600,48758169600,2645078346,4979309396,3140129681,966419128,8188212300,33580872,999966298,33702,107270,42189,999957811,4177144111,454501500,23659,1066124480,970913609,29086391,999759870,240130,1037014430,1000,1000,1000,1000,1000,1000,1000
85000,12849710,627966,840000000,5040000000,10000,60000,9982827529520,15159970,1216993692,3557,827150290,1000,63075,2073156,1654293466,1201258890,18798741110,19332130710,9379506084,620493916,579266650,101575057212,5766850500,190978,7215904,2065870000,49286722600,2679745109,5039308959,3168853096,966569376,8277309000,33430624,999969606,30394,10630,58734,999941266,4216813266,454532900,20904,1072953660,975027414,24972586,999762630,237370,1047960170,1000,1000,1000,1000,1000,1000,1000
86000,12926850,622043,850000000,5100000000,10000,60000,9982730796203,11835789,1233415943,11754,837073150,1000,67808,2017362,1674122792,1201089392,18798910608,19332244508,9372843138,627156862,592405930,101592772099,5828457500,198018,6925747,2072933100,49815080600,2714424799,5099310149,3197551368,966537980,8366200800,33462020,999960719,39281,88839,38671,999961329,4256485229,454560000,15854,1079699500,979250215,20749785,999752939,247061,1058933861,1000,1000,1000,1000,1000,1000,1000
87000,13003540,623808,860000000,5160000000,10000,60000,9982630587999,11988097,1253351692,10280,846996460,1000,6765,1984335,1693972360,1200922296,18799077704,19332353504,9366247385,633752615,605626645,101610389467,5890082900,207825,6825307,2079737000,50343451400,2749164077,5159369427,3226200366,966572218,8455127700,33427782,999952582,47418,104564,6898,999993102,4296138502,454593100,37286,1086361380,983614042,16385958,999734064,265936,1069938136,1000,1000,1000,1000,1000,1000,1000
88000,13080160,624251,870000000,5220000000,10000,60000,9982525918603,16651340,1277825755,3859,856919840,1000,6727,1966153,1713831962,1200808943,18799191057,19332413757,9359724187,640275813,618932449,101628082142,5951734800,166285,7028855,2086028300,50871896000,2783842372,5219369022,3254770319,966722668,8544165600,33277332,999960777,39223,15409,42490,999957510,4335705610,454623700,33623,1092933360,988035554,11964446,999746209,253791,1080935291,1000,1000,1000,1000,1000,1000,1000
89000,13155740,632291,880000000,5280000000,10000,60000,9982425050864,17526616,1298486406,2498,866844260,1000,6097,1933266,1733683524,1200711080,18799288920,19332461920,9353280154,646719846,632306678,101645638084,6013372600,193587,7107223,2092480600,51400138800,2818524512,5279361612,3283321613,966785291,8633101800,33214709,999969248,30752,10957,49344,999950656,4375269456,454657000,17653,1099443580,992521916,7478084,999750557,249443,1091947843,1000,1000,1000,1000,1000,1000,1000
90000,13231250,632044,890000000,5340000000,10000,60000,9982327756631,14818997,1315532132,10570,876768750,1000,57906,1879975,1753516360,1200599028,18799400972,19332519872,9346916105,653083895,645749265,101663123509,6075017500,176703,6912085,2099143500,51928299000,2853168550,5339310050,3311862466,966755466,8721936000,33244534,999948270,51730,73904,8238,999991762,4414857062,454683200,13846,1105887120,997121322,2878678,999739904,260096,1102994596,1000,1000,1000,1000,1000,1000,1000
91000,13305060,634473,900000000,5400000000,10000,60000,9982227702855,14904971,1334602760,2493,886694940,1000,64213,1873895,1773384894,1200524126,18799475874,19332538574,9341446685,658553315,659270579,101685412587,6134375000,174047,7955212,2098782800,52446886000,2888167814,5399301314,3336694423,966817635,8812625400,33182365,999981413,18587,101078,5676455,994323545,4448921545,455561000,241,1112240420,999986943,13057,999880878,119122,1112227122,1000,1000,1000,1000,1000,1000,1000
92000,13381400,634582,910000000,5460000000,10000,60000,9982133461571,9141233,1340626635,12045,896618600,1000,5687,1838692,1793213110,1200414404,18799585596,19332596896,9343175108,656824892,672821818,101716095789,6190274200,154271,8121782,2094876700,52955368400,2923433481,5459359731,3355621531,966872477,8906265300,33127523,999984297,15703,100520,15708389,984291611,4474156011,463566400,29,1118552600,999981909,18091,999887220,112780,1118534480,1000,1000,1000,1000,1000,1000,1000
93000,13454840,629602,920000000,5520000000,10000,60000,9982029428159,13213477,1351758301,11789,906545160,1000,63219,1843782,1813066742,1200344836,18799655164,19332608864,9349656698,650343302,686357740,101747154812,6246618000,155343,8233859,2095437500,53468294400,2958366029,5519307179,3374573981,966931601,8999898300,33068399,999978786,21214,93485,21349204,978650796,4499431696,476365700,6669,1124865220,999999164,836,999877985,122015,1124857715,1000,1000,1000,1000,1000,1000,1000
94000,13528720,625233,930000000,5580000000,10000,60000,9981928453110,14238534,1357491310,2160,916471280,1000,68827,1881436,1832938240,1200287344,18799712656,19332617056,9358506064,641493936,699877404,101778414470,6303192500,195410,8530874,2098032900,53983512200,2993235490,5579305940,3393534024,967049720,9093594600,32950280,999973480,26520,19360,24811036,975188964,4524711364,491566900,56,1131179400,999997996,2004,999874260,125740,1131177340,1000,1000,1000,1000,1000,1000,1000
95000,13601660,630219,940000000,5640000000,10000,60000,9981828344775,14377356,1360913213,12214,926398340,1000,11167,1877405,1852772252,1200208731,18799791269,19332638469,9368683875,631316125,713342327,101809675654,6359947400,204555,8442768,2102516600,54500152400,3028092514,5639358614,3412654496,967026129,9187101300,32973871,999960432,39568,87103,26797707,973202293,4550205493,508113800,18,1137552520,999998495,1505,999864203,135797,1137550997,1000,1000,1000,1000,1000,1000,1000
96000,13676670,622042,950000000,5700000000,10000,60000,9981733897468,8864402,1358023553,11893,936323330,1000,6506,1895277,1872622874,1200137070,18799862930,19332653330,9379479083,620520917,726742957,101840968758,6416889100,133604,8742682,2107465000,55018062200,3062853702,5699371452,3431934292,967175803,9280697700,32824197,999975257,24743,9054,27910562,972089438,4575912338,525359000,6440,1143984640,999999846,154,999875554,124446,1143978046,1000,1000,1000,1000,1000,1000,1000
97000,13748320,637943,960000000,5760000000,10000,60000,9981634025384,8807235,1360189449,11862,946251680,1000,5858,1921478,1892479636,1200097819,18799902181,19332635681,9390641602,609358398,740102338,101872115561,6473937200,180798,8630438,2113501100,55536796000,3097548599,5759356199,3451329273,967238652,9374182800,32761348,999981105,18895,8953,28505080,971494920,4601769220,543018900,6441,1150455820,999990568,9432,999882053,117947,1150439947,1000,1000,1000,1000,1000,1000,1000
98000,13819500,631093,970000000,5820000000,10000,60000,9981534936340,7975756,1361465335,12115,956180500,1000,62700,1943709,1912336770,1200066596,18799933404,19332610004,9401869671,598130329,753415541,101903195012,6531049300,123988,8641984,2119750700,56055766600,3132201957,5819306207,3470904476,967284489,9467598300,32715511,999977189,22811,16100,28708824,971291176,4627867976,560790900,44,1156977520,999986024,13976,999877300,122700,1156963500,1000,1000,1000,1000,1000,1000,1000
99000,13889160,633258,980000000,5880000000,10000,60000,9981435155323,7870792,1363504412,2218,966110840,1000,63751,1987376,1932217244,1200075115,18799924885,19332549285,9413028084,586971916,766674328,101934076332,6588272500,157117,8558966,2126459000,56575381800,3166875691,5879302991,3490630292,967346427,9560972700,32653573,999982010,17990,11183,28694691,971305309,4654171009,578571000,6682,1163555540,999991859,8141,999877183,122817,1163540717,1000,1000,1000,1000,1000,1000,1000
100000,13960300,630641,990000000,5940000000,10000,60000,9981332778716,10307897,1368126499,10269,976039700,1000,5603,1998340,1952058862,1200029213,18799970787,19332538087,9424065440,575934560,779885702,101964817344,6645540300,177835,8700593,2133108900,57095049400,3201615706,5939363756,3510502831,967396932,9654300000,32603068,999972225,27775,7993,28543162,971456838,4680670138,596238600,6603,1170174820,999999090,910,999876893,123107,1170167307,1000,1000,1000,1000,1000,1000,1000
101000,14030470,633040,1000000000,6000000000,10000,60000,9981233330620,9842130,1370038655,2403,985969530,1000,10380,2035471,1971934254,1200002850,18799997150,19332503350,9434876189,565123811,793037243,101995466221,6702888000,137617,8698434,2140057100,57615084000,3236274830,5999356580,3530568623,967460994,9747564000,32539006,999973540,26460,6346,28243623,971756377,4707422177,613773200,25,1176861540,999992039,7961,999870946,129054,1176853554,1000,1000,1000,1000,1000,1000,1000
102000,14099860,625662,1010000000,6060000000,10000,60000,9981126214851,17021174,1379790259,10384,995900140,1000,11030,2043973,1991779512,1199960825,18800039175,19332489575,9445408667,554591333,806133779,102025933955,6760307300,142722,8716802,2147066600,58135354600,3270942058,6059363308,3550773279,967524065,9840781200,32475935,999978724,21276,4259,27961080,972038920,4734362220,631054400,6363,1183601760,999993544,6456,999875859,124141,1183588941,1000,1000,1000,1000,1000,1000,1000
103000,14170180,629917,1020000000,6120000000,10000,60000,9981035485332,7844363,1373399705,3664,1005829820,1000,63472,2078430,2011652312,1199947695,18800052305,19332445905,9455692330,544307670,819169242,102056196143,6817805900,174416,8639804,2154409600,58655979800,3305533611,6119306611,3571188901,967567236,9933921600,32432764,999971489,28511,10653,27529652,972470348,4761581048,648175400,33,1190404640,999987540,12460,999867753,132247,1190392147,1000,1000,1000,1000,1000,1000,1000
104000,14239690,636035,1030000000,6180000000,10000,60000,9980935195169,8224384,1376753118,12078,1015760310,1000,63957,2087470,2031496464,1199927853,18800072147,19332406247,9465703050,534296950,832144314,102086336370,6875394300,162303,8095350,2162272600,59176940600,3340165508,6179300008,3591772358,967531060,10026910500,32468940,999971751,28249,106591,27059033,972940967,4789029467,665055200,6540,1197264680,999998969,1031,999868191,131809,1197257109,1000,1000,1000,1000,1000,1000,1000
105000,14308950,631950,1040000000,6240000000,10000,60000,9980833824651,9672060,1381565190,10334,1025691050,1000,6145,2115098,2051361432,1199893311,18800106689,19332381689,9475292522,524707478,845070554,102116301120,6932995700,161782,8523938,2169133600,59697717800,3374879005,6239361905,3612504510,967687959,10120045800,32312041,999970793,29207,7834,26680024,973319976,4816672476,681583400,7202,1204175780,999999388,612,999861934,138066,1204167966,1000,1000,1000,1000,1000,1000,1000
106000,14377810,636258,1050000000,6300000000,10000,60000,9980732773047,10842063,1386203471,12008,1035622190,1000,6306,2140844,2071220364,1199904010,18800095990,19332316990,9484740236,515259764,857960800,102146157750,6990659300,186281,8492050,2176564100,60218787400,3409515636,6299357436,3633345726,967747370,10213050300,32252630,999972447,27553,4077,26248851,973751149,4844459249,697999800,40,1211118720,999994843,5157,999862177,137823,1211113523,1000,1000,1000,1000,1000,1000,1000
107000,14446180,625888,1060000000,6360000000,10000,60000,9980635954899,7779844,1386855173,11785,1045553820,1000,63627,2165459,2091084070,1199917643,18800082357,19332249757,9493892781,506107219,870802651,102175932665,7048358100,138256,8137255,2184295900,60739853000,3444114435,6359310485,3654323446,967706185,10305911400,32293815,999970292,29708,96707,25821061,974178939,4872430839,714174200,7300,1218115960,999998733,1267,999858607,141393,1218107393,1000,1000,1000,1000,1000,1000,1000
108000,14513220,629321,1070000000,6420000000,10000,60000,9980533257675,10619531,1393742036,2113,1055486780,1000,6308,2201971,2110969334,1199955006,18800044994,19332153894,9502683929,497316071,883604463,102205483435,7106129400,187833,8487279,2191412100,61261176400,3478807021,6419364371,3675451702,967846004,10398901800,32153996,999973860,26140,18956,25451354,974548646,4900599846,730048800,7486,1225162900,999992730,7270,999866556,133444,1225148144,1000,1000,1000,1000,1000,1000,1000
109000,14580620,635360,1080000000,6480000000,10000,60000,9980428189637,15797993,1403183048,10312,1065419380,1000,5630,2212719,2130818136,1199957430,18800042570,19332091670,9511173921,488826079,896346257,102234927034,7163950700,161656,8068586,2199273700,61782616600,3513439310,6479359010,3696753200,967815566,10491663600,32184434,999971196,28804,106530,25078530,974921470,4929003770,745645800,7100,1232259160,999998510,1490,999860730,139270,1232250570,1000,1000,1000,1000,1000,1000,1000
110000,14647620,625701,1090000000,6540000000,10000,60000,9980330072300,14022872,1405838018,10353,1075352380,1000,67996,2239992,2150684054,1199955472,18800044528,19332035528,9519478068,480521932,909053222,102264251138,7221811500,184230,8121179,2206765500,62304144600,3548023703,6539306303,3718144665,967876522,10584483000,32123478,999976878,23122,109356,24688391,975311609,4957521609,761108900,63,1239390840,999986167,13833,999869356,130644,1239376944,1000,1000,1000,1000,1000,1000,1000
111000,14716040,638899,1100000000,6600000000,10000,60000,9980228746724,15457306,1411990985,12092,1085283960,1000,59039,2250543,2170543736,1199955330,18800044670,19331978570,9527424277,472575723,921707413,102293399059,7279737400,192870,8056578,2214404000,62825902800,3582650312,6599302062,3739720071,967942319,10677244500,32057681,999978262,21738,102043,24318072,975681928,4986290928,776260600,7423,1246585780,999992500,7500,999863043,136957,1246570857,1000,1000,1000,1000,1000,1000,1000
112000,14783750,641037,1110000000,6660000000,10000,60000,9980129987596,14338555,1415833893,10361,1095216250,1000,5729,2281860,2190411778,1199970651,18800029349,19331908749,9535109240,464890760,934322718,102322437284,7337688000,198353,8160796,2221866900,63347612800,3617338434,6659353234,3761396722,968007508,10769982600,31992492,999971087,28913,84179,23977857,976022143,5015195043,791198300,7120,1253807200,999998241,1759,999860079,139921,1253798321,1000,1000,1000,1000,1000,1000,1000
113000,14849940,628387,1120000000,6720000000,10000,60000,9980034815319,9643546,1416255460,2155,1105150060,1000,10933,2314804,2210295810,1199993065,18800006935,19331827835,9542604816,457395184,946901926,102351401585,7395691800,174125,8094927,2229579700,63869510800,3651977730,6719360680,3783198992,968046582,10862640600,31953418,999976452,23548,108970,23578578,976421422,5044262722,805998700,7548,1261079080,999992198,7802,999862170,137830,1261063730,1000,1000,1000,1000,1000,1000,1000
114000,14915900,621017,1130000000,6780000000,10000,60000,9979930663718,13895633,1425881349,3873,1115084100,1000,62725,2333762,2230160454,1199987751,18800012249,19331774349,9549780898,450219102,959432852,102380236917,7453757900,142501,8350315,2236951500,64391646200,3686558108,6779316258,3805152380,968196581,10955369700,31803419,999975987,24013,17306,23234526,976765474,5073531674,820508500,48,1268393840,999985502,14498,999862306,137694,1268379294,1000,1000,1000,1000,1000,1000,1000
115000,14982130,620499,1140000000,6840000000,10000,60000,9979834141835,10533252,1428120724,2155,1125017870,1000,63238,2357442,2250031430,1199995987,18800004013,19331706913,9556687078,443312922,971917108,102408833685,7511859700,182018,8151015,2244926000,64913781800,3721187363,6839316263,3827244918,968174453,11047881600,31825547,999966054,33946,88701,22861883,977138117,5102992617,834801400,7360,1275756880,999998179,1821,999854201,145799,1275747699,1000,1000,1000,1000,1000,1000,1000
116000,15048770,629442,1150000000,6900000000,10000,60000,9979734957768,9800385,1433127790,12046,1134951230,1000,11047,2353937,2269878368,1199971253,18800028747,19331677047,9563399023,436600977,984372491,102437422822,7570008400,155025,8329858,2252446800,65436112800,3755853511,6899359511,3849435342,968301321,11140505700,31698679,999963670,36330,14049,22530307,977469693,5132580393,848904900,6700,1283151940,999999811,189,999851349,148651,1283145051,1000,1000,1000,1000,1000,1000,1000
117000,15114910,638741,1160000000,6960000000,10000,60000,9979628504315,16398766,1445744109,3642,1144885090,1000,10987,2390347,2289762896,1200004981,18799995019,19331583919,9569843253,430156747,996798249,102465883411,7628171600,173642,8085650,2260399600,65958369600,3790473622,6959350272,3871698659,968292121,11232961800,31707879,999966472,33528,85451,22262692,977737308,5162264408,862807900,7139,1290574300,999998588,1412,999852551,147449,1290565749,1000,1000,1000,1000,1000,1000,1000
118000,15181000,625031,1170000000,7020000000,10000,60000,9979534678580,10334880,1445856470,2455,1154819000,1000,62834,2411300,2309633090,1200005760,18799994240,19331523940,9576080000,423920000,1009190290,102494226357,7686386300,215978,7932510,2268304600,66480849400,3825057335,7019312135,3894076977,968332715,11325430500,31667285,999971760,28240,109345,22010368,977989632,5192099732,876522800,33,1298031500,999991288,8712,999853945,146055,1298022755,1000,1000,1000,1000,1000,1000,1000
119000,15246630,636396,1180000000,7080000000,10000,60000,9979431910423,13201807,1455012336,11960,1164753370,1000,58426,2406509,2329482820,1199999230,18800000770,19331474470,9582138731,417861269,1021542751,102522492606,7744621800,178325,8131776,2275899900,67003198800,3859682978,7079305178,3916583168,968385356,11417880300,31614644,999967233,32767,108177,21680209,978319791,5222107991,890078800,38,1305533560,999991301,8699,999852577,147423,1305524823,1000,1000,1000,1000,1000,1000,1000
120000,15312720,627332,1190000000,7140000000,10000,60000,9979337970244,7275699,1455601399,2117,1174687280,1000,63182,2441274,2349370326,1200018343,18799981657,19331388557,9587968866,412031134,1033853292,102550626561,7802935400,220629,8450166,2283470100,67526024400,3894299886,7139309486,3939183307,968559665,11510397900,31440335,999976495,23505,9930,21376123,978623877,5252240977,903485900,7793,1313075760,999989703,10297,999858530,141470,1313057670,1000,1000,1000,1000,1000,1000,1000
121000,15377420,621675,1200000000,7200000000,10000,60000,9979229011842,16342825,1471312024,10326,1184622580,1000,68459,2441191,2369224508,1200020367,18799979633,19331331933,9593611709,406388291,1046139717,102578666299,7861250700,176978,8460953,2291338800,68048655800,3928925216,7199309866,3961928234,968594677,11602753800,31405323,999964236,35764,17259,21020825,978979175,5282570575,916696500,48,1320643600,999998789,1211,999839059,160941,1320642341,1000,1000,1000,1000,1000,1000,1000
122000,15442330,632285,1210000000,7260000000,10000,60000,9979137129951,8338934,1470217642,10348,1194557670,1000,11559,2459964,2389094644,1200024485,18799975515,19331267515,9598971596,401028404,1058390340,102606691920,7919615000,167488,8044443,2299502000,68571503600,3963589056,7259356156,3984686851,968585959,11695038300,31414041,999977995,22005,100036,20865385,979134615,5312912115,929675900,8017,1328244340,999988941,11059,999855536,144464,1328225264,1000,1000,1000,1000,1000,1000,1000
123000,15506380,626100,1220000000,7320000000,10000,60000,9979030410849,15171722,1484089093,10544,1204493620,1000,6156,2475519,2408966152,1200032371,18799967629,19331198529,9604179141,395820859,1070620993,102634535505,7978011400,187516,7960515,2307467900,69094458000,3998215544,7319367744,4007583566,968641524,11787357300,31358476,999973231,26769,100807,20628741,979371259,5343444359,942524300,7660,1335869640,999998813,1187,999846207,153793,1335860793,1000,1000,1000,1000,1000,1000,1000
124000,15570320,626565,1230000000,7380000000,10000,60000,9978932047909,13666198,1489816615,3632,1214429680,1000,11237,2504421,2428852096,1200053607,18799946393,19331115693,9609165199,390834801,1082811195,102662382078,8036466400,148197,7729906,2315543400,69617660800,4032816698,7379362198,4030577554,968703965,11879648700,31296035,999974190,25810,100925,20411371,979588629,5374098129,955206100,76,1343536480,999984171,15829,999854825,145175,1343520575,1000,1000,1000,1000,1000,1000,1000
125000,15635540,641221,1240000000,7440000000,10000,60000,9978832189194,13631964,1497032144,11770,1224364460,1000,5760,2501600,2448705380,1200049458,18799950542,19331057442,9614094360,385905640,1094992940,102690042786,8094879200,186765,8254562,2322974400,70140453600,4067434569,7439353019,4053616374,968842327,11972001000,31157673,999966844,33156,17617,20168643,979831357,5404819157,967806800,32,1351210840,999991975,8025,999839517,160483,1351202783,1000,1000,1000,1000,1000,1000,1000
126000,15701040,637008,1250000000,7500000000,10000,60000,9978729624319,16354248,1507246675,3673,1234298960,1000,10614,2530853,2468590574,1200094567,18799905433,19330951933,9618776527,381223473,1107138101,102717723619,8153369400,170038,7812645,2331294500,70663633200,4102046478,7499352378,4076734306,968817849,12064155900,31182151,999971568,28432,107219,19984513,980015487,5435640687,980229000,76,1358921620,999984837,15163,999851219,148781,1358906381,1000,1000,1000,1000,1000,1000,1000
127000,15765220,638061,1260000000,7560000000,10000,60000,9978632464350,13616884,1511994237,12038,1244234780,1000,5683,2530469,2488445484,1200084034,18799915966,19330892566,9623423891,376576109,1119270775,102745296291,8211840300,176005,8041609,2339019600,71186587000,4136674606,7559356256,4099897996,968891885,12156394800,31108115,999969217,30783,100732,19759036,980240964,5466528664,992598600,7580,1366644240,999994008,5992,999846332,153668,1366630668,1000,1000,1000,1000,1000,1000,1000
128000,15828650,623763,1270000000,7620000000,10000,60000,9978529881037,16363325,1522489763,2413,1254171350,1000,62668,2561364,2508337874,1200137962,18799862038,19330776938,9627801716,372198284,1131366790,102772752617,8270381400,214113,8444637,2346636500,71709889200,4171243169,7619313569,4123193014,969051425,12248682600,30948575,999970735,29265,4410,19542696,980457304,5497584704,1004772800,86,1374409720,999982056,17944,999848910,151090,1374391690,1000,1000,1000,1000,1000,1000,1000
129000,15890380,616921,1280000000,7680000000,10000,60000,9978432493909,13873548,1527851452,2439,1264109620,1000,67590,2569242,2528214362,1200154057,18799845943,19330703643,9632028378,367971622,1143437040,102800108150,8328965400,197710,8021975,2355133500,72233327600,4205853189,7679315489,4146621205,969011210,12340730100,30988790,999961130,38870,92220,19250315,980749685,5528827785,1016805700,35,1382208080,999998535,1465,999834220,165780,1382206580,1000,1000,1000,1000,1000,1000,1000
130000,15952470,622641,1290000000,7740000000,10000,60000,9978332467654,14010100,1536024256,10384,1274047530,1000,63968,2568164,2548074292,1200158754,18799841246,19330641046,9636044796,363955204,1155490788,102827521281,8387540400,149602,8262957,2362724200,72756616000,4240467441,7739313391,4170029976,969150536,12432954900,30849464,999969297,30703,18961,19177785,980822215,5560037315,1028628300,42,1390015340,999992041,7959,999841161,158839,1390007339,1000,1000,1000,1000,1000,1000,1000
131000,16014200,634098,1300000000,7800000000,10000,60000,9978233939442,12669548,1542771480,10365,1283985800,1000,6146,2577862,2567950870,1200178090,18799821910,19330558710,9640005338,359994662,1167529408,102854804646,8446147600,167008,8208498,2370767900,73280083200,4275123006,7799359756,4193504108,969215163,12525084600,30784837,999965381,34619,13418,19034210,980965790,5591338390,1040426800,8056,1397843600,999998738,1262,999839818,160182,1397834282,1000,1000,1000,1000,1000,1000,1000
132000,16075150,620302,1310000000,7860000000,10000,60000,9978134022974,12700801,1550954004,10502,1293924850,1000,10836,2588507,2587828696,1200188175,18799811825,19330492925,9643886013,356113987,1179550709,102882021183,8504780500,221226,8184518,2378850900,73803637000,4309739112,7859368862,4217026515,969278254,12617194200,30721746,999975757,24243,16403,18875288,981124712,5622699212,1052164000,8359,1405689480,999991576,8424,999848303,151697,1405672697,1000,1000,1000,1000,1000,1000,1000
133000,16137070,622331,1320000000,7920000000,10000,60000,9978033040798,13792333,1560351728,10284,1303862930,1000,67339,2601503,2607705292,1200191131,18799808869,19330429969,9647581877,352418123,1191539769,102909207298,8563450700,190344,8140982,2386922900,74327286200,4344286280,7919310330,4240657132,969336647,12709277700,30663353,999966461,33539,8714,18690482,981309518,5654207618,1063747400,7860,1413564020,999994326,5674,999852114,147886,1413550486,1000,1000,1000,1000,1000,1000,1000
134000,16199120,627453,1330000000,7980000000,10000,60000,9977933470615,13505714,1568498008,12100,1313800880,1000,6749,2608734,2627577560,1200225629,18799774371,19330336371,9651125566,348874434,1203509126,102936321201,8622096600,145729,7884205,2395197100,74850660400,4378961598,7979365798,4264354586,969302248,12801236700,30697752,999967358,32642,103110,18524124,981475876,5685802076,1075194000,94,1421459700,999987884,12116,999840710,159290,1421447490,1000,1000,1000,1000,1000,1000,1000
135000,16260360,635434,1340000000,8040000000,10000,60000,9977837154951,9939068,1573420433,10495,1323739640,1000,6293,2620275,2647458290,1200228719,18799771281,19330268081,9654616865,345383135,1215477955,102963404817,8680781300,161601,7908887,2403189700,75374269800,4413564073,8039358273,4288034232,969377977,12893296200,30622023,999975483,24517,100706,18423074,981576926,5717375226,1086597200,7816,1429360060,999988750,11250,999851906,148094,1429340994,1000,1000,1000,1000,1000,1000,1000
136000,16321020,635813,1350000000,8100000000,10000,60000,9977737649321,9590210,1581702930,3692,1333678980,1000,6185,2641144,2667350576,1200268931,18799731069,19330167969,9657953816,342046184,1227425392,102990387809,8739477300,174513,8341383,2410831900,75897868200,4448175902,8099358002,4311819204,969526598,12985416300,30473402,999972072,27928,8574,18285270,981714730,5749086830,1097879000,88,1437284040,999983674,16326,999845474,154526,1437267626,1000,1000,1000,1000,1000,1000,1000
137000,16384020,640335,1360000000,8160000000,10000,60000,9977637714072,9624456,1590351401,10311,1343615980,1000,5817,2637307,2687211338,1200259128,18799740872,19330113372,9661263913,338736087,1239353551,103017378617,8798214000,181009,7794867,2419438700,76421751200,4482771148,8159353848,4335624920,969499658,13077343200,30500342,999974800,25200,102642,18167922,981832078,5780827178,1109121700,76,1445220480,999981854,18146,999846342,153658,1445202258,1000,1000,1000,1000,1000,1000,1000
138000,16444990,631578,1370000000,8220000000,10000,60000,9977541136503,6342252,1595882369,2172,1353555010,1000,62941,2661541,2707105676,1200289955,18799710045,19330021145,9664402799,335597201,1251281375,103044343818,8856930300,134834,7766966,2427425300,76945383000,4517335331,8219305481,4359463656,969562144,13169354400,30437856,999964728,35272,91484,18105328,981894672,5812617872,1120227100,7536,1453162760,999998992,1008,999835784,164216,1453154216,1000,1000,1000,1000,1000,1000,1000
139000,16505890,642162,1380000000,8280000000,10000,60000,9977438863999,8716290,1607053461,3605,1363494110,1000,5768,2666361,2726981010,1200284389,18799715611,19329966011,9667512679,332487321,1263183489,103071200808,8915676000,159111,7899476,2435434100,77469072800,4551994520,8279352070,4383368578,969614409,13261329900,30385591,999969882,30118,105073,17956695,982043305,5844487305,1131310200,36,1461131160,999987603,12397,999842173,157827,1461118727,1000,1000,1000,1000,1000,1000,1000
140000,16566150,621867,1390000000,8340000000,10000,60000,9977339016599,8673014,1615887366,10319,1373433850,1000,11373,2662790,2746847062,1200284813,18799715187,19329899487,9670527210,329472790,1275078772,103098055622,8974438100,221346,7925210,2443460300,77992911400,4586614560,8339366760,4407257720,969694960,13353334500,30305040,999979516,20484,100256,17941336,982058664,5876333864,1142295500,68,1469105500,999970712,29288,999857556,142444,1469076144,1000,1000,1000,1000,1000,1000,1000
141000,16626380,631824,1400000000,8400000000,10000,60000,9977234154850,13666255,1629855254,10378,1383373620,1000,11340,2666015,2766726484,1200310405,18799689595,19329813995,9673433665,326566335,1286956649,103124842332,9033230900,170995,7775788,2451718500,78516849800,4621207586,8399356836,4431286682,969744315,13445268000,30255685,999970224,29776,101509,17780527,982219473,5908382073,1153203500,7920,1477103820,999999491,509,999837009,162991,1477095391,1000,1000,1000,1000,1000,1000,1000
142000,16685390,637704,1410000000,8460000000,10000,60000,9977134746895,13198817,1638427925,3840,1393314610,1000,5822,2694368,2786621540,1200322312,18799677688,19329735788,9676291592,323708408,1298826332,103151684076,9092015900,144624,7806225,2459734100,79040679000,4655816024,8459356474,4455269561,969810130,13537229100,30189870,999973230,26770,105000,17705139,982294861,5940353961,1164086800,79,1485100840,999983639,16361,999850600,149400,1485084400,1000,1000,1000,1000,1000,1000,1000
143000,16743920,632791,1420000000,8520000000,10000,60000,9977032145810,15949263,1650279624,2172,1403256080,1000,10858,2698645,2806507816,1200368773,18799631227,19329633827,9679049875,320950125,1310681591,103178408373,9150836400,142197,7660407,2468009100,79564736000,4690414901,8519356351,4479341920,969870118,13629158700,30129882,999974008,25992,101290,17600270,982399730,5972453030,1174876100,7880,1493127580,999991410,8590,999842390,157610,1493111110,1000,1000,1000,1000,1000,1000,1000
144000,16802610,623129,1430000000,8580000000,10000,60000,9976935601209,12626600,1656139384,3593,1413197390,1000,63454,2705990,2826387594,1200387209,18799612791,19329545291,9681700670,318299330,1322507464,103205057710,9209674700,147942,8145888,2475729900,80088719000,4724977817,8579313417,4503485090,970027338,13721160300,29972662,999970922,29078,11084,17446294,982553706,6004640606,1185580800,82,1501174140,999981458,18542,999847984,152016,1501155516,1000,1000,1000,1000,1000,1000,1000
145000,16862200,619486,1440000000,8640000000,10000,60000,9976838712076,9629114,1662345305,11782,1423137800,1000,11740,2693255,2846252036,1200390490,18799609510,19329474810,9684307965,315692035,1334330901,103231653014,9268506300,156316,7895469,2484182000,80612641400,4759641974,8639368774,4527649983,970001706,13812964800,29998294,999971116,28884,104110,17306727,982693273,6036865073,1196229100,8077,1509227880,999995287,4713,999837610,162390,1509215090,1000,1000,1000,1000,1000,1000,1000
146000,16921440,644999,1450000000,8700000000,10000,60000,9976739355983,9140360,1671181726,3648,1433078560,1000,6199,2718642,2866149824,1200435643,18799564357,19329365557,9686831918,313168082,1346154642,103258277353,9327336600,169845,8325841,2491875900,81136582000,4794229502,8699348802,4551804722,970162699,13904970000,29837301,999967865,32135,3966,17244644,982755356,6069068856,1206827100,86,1517276540,999987680,12320,999833866,166134,1517264134,1000,1000,1000,1000,1000,1000,1000
147000,16980340,631606,1460000000,8760000000,10000,60000,9976636432683,12187259,1683609926,3622,1443019660,1000,5778,2723391,2886032076,1200452142,18799547858,19329285958,9689270869,310729131,1357970145,103284818103,9386185600,198933,8015924,2500336900,81660575200,4828849866,8759362616,4576011463,970133331,13996770900,29866669,999958143,41857,86712,17184649,982815351,6101347951,1217332800,53,1525338540,999998001,1999,999823612,176388,1525336488,1000,1000,1000,1000,1000,1000,1000
148000,17039600,621907,1470000000,8820000000,10000,60000,9976541859419,6872247,1687683531,10536,1452960400,1000,62709,2713456,2905899728,1200451666,18799548334,19329220634,9691667744,308332256,1369765572,103311433936,9445075800,158678,8178023,2508270300,82184793200,4863400284,8819315384,4600238783,970284471,14088725400,29715529,999966209,33791,9438,17131055,982868945,6133651645,1227801900,7641,1533420700,999999803,197,999832738,167262,1533412862,1000,1000,1000,1000,1000,1000,1000
149000,17097480,625753,1480000000,8880000000,10000,60000,9976440238395,8636799,1698998336,3972,1462902520,1000,68452,2733641,2925797096,1200489794,18799510206,19329121306,9693930699,306069301,1381558595,103338009792,9503936700,148764,8012156,2516484900,82708686200,4898004995,8879305795,4624459384,970267749,14180521800,29732251,999979201,20799,100352,17156568,982843432,6165940732,1238169200,8172,1541504860,999984660,15340,999853752,146248,1541481348,1000,1000,1000,1000,1000,1000,1000
150000,17155620,623813,1490000000,8940000000,10000,60000,9976339701888,9275751,1709087167,3883,1472844380,1000,11476,2740622,2945680994,1200481339,18799518661,19329061661,9696272398,303727602,1393343192,103364416729,9562832600,210998,7901139,2524906700,83232973200,4932657961,8939364711,4648788270,970321602,14272372800,29678398,999956911,43089,92309,17000339,982999661,6198383861,1248610200,92,1549597180,999998503,1497,999823509,176491,1549595591,1000,1000,1000,1000,1000,1000,1000
151000,17213890,630754,1500000000,9000000000,10000,60000,9976242852184,6243649,1715575558,3641,1482786110,1000,6325,2734371,2965564938,1200492333,18799507667,19328985367,9698524729,301475271,1405122267,103390962758,9621748000,155243,7896706,2533051800,83757204000,4967256171,8999362921,4673097730,970397102,14364231600,29602898,999963169,36831,88367,16915037,983084963,6230796563,1258967400,8236,1557708300,999998769,1231,999835667,164333,1557698833,1000,1000,1000,1000,1000,1000,1000
152000,17271810,622440,1510000000,9060000000,10000,60000,9976133508191,15717500,1734734800,2209,1492728190,1000,6205,2748438,2985451962,1200517891,18799482109,19328904709,9700619402,299380598,1416888264,103417447607,9680636400,154206,7863094,2541137000,84281236800,5001873605,9059371355,4697403899,970451620,14456071200,29548380,999974391,25609,100171,16969372,983030628,6263202128,1269183100,7819,1565815260,999990788,9212,999842671,157329,1565798229,1000,1000,1000,1000,1000,1000,1000
153000,17328430,632112,1520000000,9120000000,10000,60000,9976040903907,8446871,1737060601,11999,1502671570,1000,6182,2730288,3005319142,1200533778,18799466222,19328824322,9702769832,297230168,1428653274,103443811647,9739551600,180769,7909515,2549345300,84805446400,5036465256,9119361706,4721803138,970512984,14547906000,29487016,999956156,43844,85072,16861534,983138466,6295736966,1279435700,98,1573935580,999998346,1654,999824872,175128,1573933828,1000,1000,1000,1000,1000,1000,1000
154000,17385490,643325,1530000000,9180000000,10000,60000,9975936979836,12476976,1750805238,10346,1512614510,1000,5894,2740134,3025208328,1200535112,18799464888,19328760288,9704819006,295180994,1440407134,103470211581,9798474600,202340,8191151,2557224300,85329675600,5071055381,9179350781,4746179558,970657262,14639816400,29342738,999959869,40131,7207,16847949,983152051,6328238851,1289620200,88,1582061060,999998321,1679,999824507,175493,1582059293,1000,1000,1000,1000,1000,1000,1000
155000,17443590,626251,1540000000,9240000000,10000,60000,9975833985885,15610974,1763649001,3805,1522556410,1000,6348,2757017,3045105210,1200569759,18799430241,19328663841,9706870103,293129897,1452151113,103496672626,9857429300,187470,8031390,2565538100,85854110600,5105664151,9239367401,4770561972,970724809,14731649100,29275191,999966141,33859,7732,16815060,983184940,6360744440,1299824200,44,1590197080,999985432,14568,999840332,159668,1590182468,1000,1000,1000,1000,1000,1000,1000
156000,17501690,627520,1550000000,9300000000,10000,60000,9975743944058,5752754,1763559768,12065,1532498310,1000,6214,2741824,3064972490,1200558412,18799441588,19328608388,9708809516,291190484,1463874706,103523010402,9916369500,180188,7774658,2574003000,86378290200,5140269316,9299366266,4795017740,970708909,14823359700,29291091,999976039,23961,100330,16758490,983241510,6393352510,1309907300,7760,1598355960,999986570,13430,999840830,159170,1598334770,1000,1000,1000,1000,1000,1000,1000
157000,17558830,628165,1560000000,9360000000,10000,60000,9975641886434,7928059,1775514661,10624,1542441170,1000,62891,2746910,3084861092,1200565593,18799434407,19328535107,9710764010,289235990,1475603702,103549289031,9975321400,204410,8218141,2581865800,86902576400,5174813094,9359308944,4819509898,970859524,14915245500,29140476,999965371,34629,5147,16630949,983369051,6426009651,1320021400,88,1606510480,999989361,10639,999829947,170053,1606499753,1000,1000,1000,1000,1000,1000,1000
158000,17616190,637038,1570000000,9420000000,10000,60000,9975534715434,15232513,1792714616,2142,1552383810,1000,63732,2778267,3104763336,1200589147,18799410853,19328444253,9712625933,287374067,1487329769,103575623745,10034284400,212549,7780668,2590454600,87426940000,5209401030,9419299230,4843962617,970833273,15006962400,29166727,999958371,41629,91698,16632581,983367419,6458616319,1330059500,87,1614655300,999998489,1511,999834298,165702,1614653702,1000,1000,1000,1000,1000,1000,1000
159000,17671500,645990,1580000000,9480000000,10000,60000,9975437696754,12381929,1799720415,2250,1562328500,1000,64722,2778586,3124652500,1200612183,18799387817,19328357717,9714499914,285500086,1499059814,103601982048,10093211500,213516,7831332,2598533000,87951052600,5243999938,9479289288,4868395304,970899794,15098764800,29100206,999973782,26218,104088,16663284,983336716,6491190016,1340092600,8220,1622814100,999988832,11168,999838088,161912,1622794712,1000,1000,1000,1000,1000,1000,1000
160000,17727650,633508,1590000000,9540000000,10000,60000,9975338200580,11990449,1809199214,10657,1572272350,1000,11057,2761579,3144523386,1200613029,18799386971,19328289271,9716327641,283672359,1510774827,103628331515,10152209100,151616,8000100,2606527100,88475565400,5278658735,9539355435,4892919681,971047327,15190631100,28952673,999967804,32196,18177,16611396,983388604,6523890104,1350076200,8145,1630986980,999991588,8412,999845277,154723,1630970423,1000,1000,1000,1000,1000,1000,1000
161000,17783220,621315,1600000000,9600000000,10000,60000,9975242318773,8022973,1815135435,2398,1582216780,1000,63407,2780798,3164428764,1200657346,18799342654,19328180054,9718156662,281843338,1522488326,103654514814,10211176300,228332,8101844,2614774200,88999909400,5313217978,9599315278,4917453054,971118915,15282416700,28881085,999966997,33003,10682,16511928,983488072,6556603872,1360097100,8222,1639159640,999999400,600,999830882,169118,1639150818,1000,1000,1000,1000,1000,1000,1000
162000,17839770,616420,1610000000,9660000000,10000,60000,9975135304813,15132759,1832210251,10640,1592160230,1000,10580,2771512,3184299180,1200642472,18799357528,19328128928,9719892528,280107472,1534198508,103680828671,10270114400,222842,7871826,2623087700,89523992000,5347887800,9659373000,4941934095,971103416,15374126700,28896584,999974987,25013,100171,16592476,983407524,6589240724,1369993200,8323,1647329160,999985792,14208,999837371,162629,1647306629,1000,1000,1000,1000,1000,1000,1000
163000,17894050,636979,1620000000,9720000000,10000,60000,9975035314746,15260545,1842302360,11801,1602105950,1000,6290,2772117,3204188298,1200673391,18799326609,19328029509,9721646623,278353377,1545916321,103707165685,10329109900,170497,7684133,2631395400,90048491000,5382464781,9719356731,4966465570,971168573,15465911100,28831427,999972667,27333,101194,16590824,983409176,6621948476,1379918600,102,1655499860,999983148,16852,999843094,156906,1655482906,1000,1000,1000,1000,1000,1000,1000
164000,17951430,639078,1630000000,9780000000,10000,60000,9974938832654,11885287,1848899766,10552,1612048570,1000,63468,2771243,3224076036,1200712441,18799287559,19327931359,9723382277,276617723,1557625513,103733379681,10388065600,148544,8205177,2639112300,90572616800,5417017104,9779297454,4991034828,971297625,15557756100,28702375,999958200,41800,16775,16510347,983489653,6654712653,1389832800,102,1663679280,999998647,1353,999827075,172925,1663677825,1000,1000,1000,1000,1000,1000,1000
165000,18005620,629887,1640000000,9840000000,10000,60000,9974842323426,8536833,1855610357,2106,1621994380,1000,6520,2793576,3243984548,1200746659,18799253341,19327833041,9725031324,274968676,1569311272,103759570386,10447067100,197554,7867461,2647727100,91097071000,5451680043,9839363593,5015613087,971282854,15649434300,28717146,999968234,31766,105680,16482693,983517307,6687479807,1399704600,53,1671879700,999987073,12927,999833280,166720,1671866720,1000,1000,1000,1000,1000,1000,1000
166000,18061470,630175,1650000000,9900000000,10000,60000,9974736861316,14109544,1871205985,2172,1631938530,1000,57837,2793025,3263872716,1200751560,18799248440,19327764840,9726684075,273315925,1580987491,103785708783,10506096500,204939,8207210,2655751700,91621660200,5486220288,9899311988,5040272545,971430829,15741266400,28569171,999954903,45097,7674,16338229,983661771,6720362771,1409569300,107,1680092200,999998133,1867,999822874,177126,1680090226,1000,1000,1000,1000,1000,1000,1000
167000,18115450,635384,1660000000,9960000000,10000,60000,9974635804780,15269500,1882413747,12080,1641884550,1000,69653,2778307,3283744940,1200743880,18799256120,19327703220,9728298873,271701127,1592664813,103811921764,10565115100,220166,7856624,2664322500,92146144600,5520800313,9959294963,5064858848,971421890,15832936200,28578110,999972500,27500,103510,16342862,983657138,6753141638,1419379000,8552,1688301820,999989522,10478,999843010,156990,1688282790,1000,1000,1000,1000,1000,1000,1000
168000,18170150,631410,1670000000,10020000000,10000,60000,9974536742602,14461175,1891760510,10327,1651829850,1000,11269,2785789,3303639046,1200756977,18799243023,19327615423,9729824091,270175909,1604337637,103838117310,10624125100,161547,8258675,2672122400,92670525400,5555465121,10019357321,5089519927,971589620,15924769500,28410380,999971139,28861,9119,16296092,983703908,6786022108,1429125500,55,1696515620,999986616,13384,999838519,161481,1696502181,1000,1000,1000,1000,1000,1000,1000
169000,18222850,625807,1680000000,10080000000,10000,60000,9974443499846,7837008,1895300861,12122,1661777150,1000,68454,2780997,3323530056,1200784454,18799215546,19327524946,9731338163,268661837,1616021019,103864263732,10683146100,186358,7767583,2680825000,93195044200,5590008739,10079305739,5114157915,971553837,16016417100,28446163,999969367,30633,106130,16321815,983678185,6818872885,1438847200,65,1704728040,999986995,13005,999837130,162870,1704714970,1000,1000,1000,1000,1000,1000,1000
170000,18277830,629810,1690000000,10140000000,10000,60000,9974343931117,7549497,1905164966,2440,1671722170,1000,12019,2800009,3343439460,1200818314,18799181686,19327424786,9732886851,267113149,1627702311,103890439668,10742162300,202503,8109882,2688703800,93719523000,5624658271,10139358171,5138767796,971715995,16108262400,28284005,999971752,28248,12657,16325961,983674039,6851687339,1448624000,8430,1712937140,999990833,9167,999842957,157043,1712919543,1000,1000,1000,1000,1000,1000,1000
171000,18332480,646425,1700000000,10200000000,10000,60000,9974236723462,14862158,1922649464,10591,1681667520,1000,5751,2788548,3363313858,1200813920,18799186080,19327361480,9734366152,265633848,1639364910,103916594239,10801178300,181316,8169155,2696855900,94243923000,5659249924,10199347824,5163441124,971788924,16200004800,28211076,999972009,27991,7685,16316661,983683339,6884581539,1458315100,106,1721160400,999980121,19879,999842085,157915,1721140415,1000,1000,1000,1000,1000,1000,1000
172000,18386840,636650,1710000000,10260000000,10000,60000,9974145547567,6171638,1924195439,3604,1691613160,1000,6238,2806389,3383219112,1200842605,18799157395,19327272795,9735817191,264182809,1651034603,103942734385,10860189500,173847,8164485,2705050400,94768302200,5693861912,10259357112,5188091462,971845847,16291737300,28154153,999970891,29109,9644,16337082,983662918,6917452518,1468001700,8770,1729378120,999991706,8294,999838044,161956,1729361056,1000,1000,1000,1000,1000,1000,1000
173000,18441320,622836,1720000000,10320000000,10000,60000,9974040043218,11810647,1940101703,2156,1701558680,1000,11463,2813908,3403113048,1200869965,18799130035,19327176435,9737223732,262776268,1662700880,103968850961,10919204400,168127,8118149,2713274100,95292699200,5728472551,10319365701,5212768758,971900116,16383461700,28099884,999965112,34888,18596,16374138,983625862,6950358162,1477635900,8310,1737598260,999999454,546,999828696,171304,1737589404,1000,1000,1000,1000,1000,1000,1000
174000,18495040,621564,1730000000,10380000000,10000,60000,9973939251586,12719303,1951200436,3843,1711504960,1000,68661,2807899,3423002234,1200878389,18799121611,19327100311,9738698001,261301999,1674371235,103995031000,10978248200,132440,7885559,2721692800,95817354000,5763006175,10379309775,5237445099,971966100,16475196600,28033900,999962080,37920,17280,16377181,983622819,6983260019,1487329000,7841,1745823100,999999661,339,999826080,173920,1745814920,1000,1000,1000,1000,1000,1000,1000
175000,18547670,627040,1740000000,10440000000,10000,60000,9973839397098,12709625,1961463367,3776,1721452330,1000,11333,2812434,3442897108,1200906323,18799093677,19327006777,9740086146,259913854,1686027454,104021089253,11037268500,193927,7822128,2730035900,96341676200,5797665427,10439361627,5262130641,971959088,16566849300,28040912,999972648,27352,100460,16393119,983606881,7016167381,1496955800,59,1754057220,999979579,20421,999839360,160640,1754036740,1000,1000,1000,1000,1000,1000,1000
176000,18600850,625671,1750000000,10500000000,10000,60000,9973746139483,6078433,1965035566,10386,1731399150,1000,63216,2798405,3462777528,1200907416,18799092584,19326934384,9741521355,258478645,1697680083,104047166393,11096317700,169968,7912826,2738254300,96866187400,5832214113,10499311113,5286863405,972024155,16658560800,27975845,999966642,33358,100687,16301882,983698118,7049149618,1506618800,8061,1762299040,999995234,4766,999837487,162513,1762286213,1000,1000,1000,1000,1000,1000,1000
177000,18654030,632026,1760000000,10560000000,10000,60000,9973647210023,5138947,1974409241,3693,1741345970,1000,11490,2819240,3482684554,1200933670,18799066330,19326844830,9742879220,257120780,1709330274,104073297091,11155370600,133709,8060350,2746299600,97390825200,5866851234,10559356484,5311581201,972164850,16750364700,27835150,999957950,42050,14600,16308799,983691201,7082108101,1516233500,7639,1770535040,999999499,501,999833200,166800,1770526900,1000,1000,1000,1000,1000,1000,1000
178000,18706660,629680,1770000000,10620000000,10000,60000,9973547442545,5011354,1984521850,10346,1751293340,1000,11267,2804808,3502565988,1200928399,18799071601,19326782001,9744290712,255709288,1720996400,104099384405,11214407200,192374,7635262,2754957900,97915377600,5901448853,10619359053,5336261101,972150698,16842008700,27849302,999968291,31709,107193,16363992,983636008,7115009308,1525860300,93,1778764780,999983520,16480,999838593,161407,1778748207,1000,1000,1000,1000,1000,1000,1000
179000,18760220,632466,1780000000,10680000000,10000,60000,9973438649831,13929021,2003745552,12104,1761239780,1000,69778,2799279,3522455352,1200943552,18799056448,19326697348,9745621341,254378659,1732638593,104125480723,11273460000,169119,8028781,2762797600,98439935200,5935984306,10679297756,5361002796,972330108,16933828800,27669892,999973322,26678,2314,16360218,983639782,7147995482,1535438100,56,1787017480,999975262,24738,999840414,159586,1786992686,1000,1000,1000,1000,1000,1000,1000
180000,18812260,629115,1790000000,10740000000,10000,60000,9973341075072,11658018,2011834545,2486,1771187740,1000,68237,2824719,3542370508,1200987790,18799012210,19326588010,9746928861,253071139,1744280669,104151439137,11332504200,195067,7664360,2771525300,98964410800,5970589998,10739302648,5385793141,972270977,17025408300,27729023,999953345,46655,106568,16270527,983729473,7181057173,1545018700,43,1795265120,999998955,1045,999814868,185132,1795264032,1000,1000,1000,1000,1000,1000,1000
181000,18865630,630036,1800000000,10800000000,10000,60000,9973246958642,5906359,2016434014,3740,1781134370,1000,63223,2814195,3562261260,1201009101,18798990899,19326501299,9748203185,251796815,1755916645,104177475153,11391579800,208595,8123940,2779357500,99489022000,6005190341,10799306741,5410563741,972446840,17117212200,27553160,999962056,37944,4816,16257575,983742425,7214080425,1554547800,47,1803530420,999986311,13689,999830316,169684,1803516684,1000,1000,1000,1000,1000,1000,1000
182000,18919380,630469,1810000000,10860000000,10000,60000,9973145559963,7427136,2028356519,3986,1791080620,1000,11488,2824215,3582153268,1201017299,18798982701,19326422601,9749445285,250554715,1767550453,104203623446,11450622100,142396,7711612,2787857500,100013461000,6039844493,10859358043,5435278030,972428658,17208835800,27571342,999968972,31028,100414,16351884,983648116,7247032116,1564048100,8742,1811778600,999984228,15772,999840914,159086,1811754086,1000,1000,1000,1000,1000,1000,1000
183000,18971560,625763,1820000000,10920000000,10000,60000,9973045690784,7405142,2038657996,10624,1801028440,1000,63474,2811522,3602035632,1201014026,18798985974,19326354174,9750752578,249247422,1779193910,104229593674,11509675500,168107,8151372,2795760900,100537952600,6074398163,10919310763,5460073092,972575406,17300610000,27424594,999962033,37967,18427,16286035,983713965,7280094565,1573594300,54,1820030200,999991327,8673,999828827,171173,1820021473,1000,1000,1000,1000,1000,1000,1000
184000,19024030,631107,1830000000,10980000000,10000,60000,9972945431526,7779024,2049350841,10638,1810975970,1000,11915,2817653,3621930664,1201014650,18798985350,19326281550,9752088387,247911613,1790842551,104255644208,11568725300,203688,8116172,2804042500,101062513000,6109040578,10979356978,5484786356,972649332,17392326900,27350668,999964564,35436,19032,16315476,983684524,7313048324,1583176500,8040,1828270460,999999548,452,999830532,169468,1828261968,1000,1000,1000,1000,1000,1000,1000
185000,19076310,627287,1840000000,11040000000,10000,60000,9972846012785,7335281,2059345034,2185,1820923690,1000,11184,2830543,3641843010,1201043166,18798956834,19326186234,9753299517,246700483,1802478727,104281766052,11627805300,136511,7647531,2812673500,101587213800,6143636329,11039361529,5509566201,972649876,17483961300,27350124,999967397,32603,88121,16349220,983650780,7346082480,1592663800,97,1836533740,999982636,17364,999838621,161379,1836516279,1000,1000,1000,1000,1000,1000,1000
186000,19129280,639244,1850000000,11100000000,10000,60000,9972747865478,5581257,2067902479,10381,1830870720,1000,10477,2814544,3661720678,1201028535,18798971465,19326126565,9754600676,245399324,1814107354,104307641966,11686846300,213995,7987489,2820797700,102111545400,6178234479,11099350279,5534383101,972702705,17575633200,27297295,999959092,40908,101287,16227586,983772414,7379175314,1602214000,105,1844798780,999993538,6462,999822487,177513,1844792213,1000,1000,1000,1000,1000,1000,1000
187000,19180970,635397,1860000000,11160000000,10000,60000,9972641088031,12481734,2085252186,11779,1840819030,1000,62625,2814350,3681614502,1201039965,18798960035,19326045135,9755776490,244223510,1825732592,104333747226,11745938800,144992,7790074,2829137700,102636274400,6212777178,11159301978,5559164428,972780395,17667329100,27219605,999968701,31299,103206,16284778,983715222,7412217222,1611658400,8720,1853067560,999993954,6046,999836406,163594,1853052794,1000,1000,1000,1000,1000,1000,1000
188000,19232530,628705,1870000000,11220000000,10000,60000,9972548857858,4853276,2088113207,10409,1850767470,1000,10949,2821409,3701514122,1201073034,18798926966,19325947566,9756917091,243082909,1837355613,104359723322,11805013400,206414,7851496,2837335100,103160860400,6247433246,11219360346,5583953994,972855086,17759032200,27144914,999976298,23702,100612,16356918,983643082,7445262482,1621075600,82,1861337100,999971470,28530,999850712,149288,1861308488,1000,1000,1000,1000,1000,1000,1000
189000,19283930,632591,1880000000,11280000000,10000,60000,9972439851089,13985869,2107730687,2119,1860716070,1000,10397,2835716,3721427902,1201090958,18798909042,19325864442,9758073604,241926396,1848982706,104385698380,11864078400,156509,7810930,2845655000,103685379200,6282030612,11279357012,5608808704,972896024,17850693000,27103976,999957387,42613,105963,16300059,983699941,7478408341,1630518800,50,1869609480,999990207,9793,999825963,174037,1869599637,1000,1000,1000,1000,1000,1000,1000
190000,19335510,620892,1890000000,11340000000,10000,60000,9972342420584,11518396,2115643673,10570,1870664490,1000,11379,2819337,3741307840,1201085580,18798914420,19325801020,9759304343,240695657,1860610283,104411697685,11923154200,157998,7855270,2853890800,104209998000,6316637129,11339367729,5633607313,972979025,17942397300,27020975,999959486,40514,93861,16290148,983709852,7511476152,1640001900,8585,1877878220,999999204,796,999824161,175839,1877868839,1000,1000,1000,1000,1000,1000,1000
191000,19388320,638512,1900000000,11400000000,10000,60000,9972246531490,7528522,2122098641,12105,1880611680,1000,58246,2820469,3761199150,1201098612,18798901388,19325718188,9760487251,239512749,1872236901,104437730956,11982233100,180288,8224822,2861733800,104734619800,6351168642,11399303242,5658372702,973145339,18034195200,26854661,999969087,30913,6948,16363446,983636554,7544492354,1649449500,8382,1886141780,999986254,13746,999844248,155752,1886119652,1000,1000,1000,1000,1000,1000,1000
192000,19439720,639931,1910000000,11460000000,10000,60000,9972149456083,4753714,2129812316,2175,1890560280,1000,58286,2847992,3781116210,1201142897,18798857103,19325610103,9761638288,238361712,1883848898,104463754826,12041331500,140379,7658763,2870571100,105259399000,6385755783,11459301783,5683217799,973113288,18125777700,26886712,999969423,30577,103135,16329836,983670164,7577617064,1658905600,51,1894419320,999979996,20004,999840235,159765,1894399265,1000,1000,1000,1000,1000,1000,1000
193000,19491560,633671,1920000000,11520000000,10000,60000,9972049643321,4709361,2140220820,2409,1900508440,1000,64316,2846497,3801012062,1201177582,18798822418,19325505118,9762801203,237198797,1895466165,104489687407,12100413400,167046,8133176,2878443000,105783999600,6420353713,11519302013,5708061381,973278927,18217553400,26721073,999969378,30622,7751,16290270,983709730,7610742430,1668347100,117,1902699400,999981766,18234,999835751,164249,1902681049,1000,1000,1000,1000,1000,1000,1000
194000,19541950,626700,1930000000,11580000000,10000,60000,9971942973434,11504425,2157522995,2466,1910458050,1000,10858,2846502,3820911168,1201193859,18798806141,19325420441,9763905758,236094242,1907077826,104515603205,12159508400,197668,7825776,2887087100,106308664800,6455009442,11579362442,5732924159,973259914,18309140400,26740086,999966805,33195,92591,16271632,983728368,7643892868,1677739100,99,1910986840,999981968,18032,999833691,166309,1910968709,1000,1000,1000,1000,1000,1000,1000
195000,19592620,614970,1940000000,11640000000,10000,60000,9971842925923,11664870,2168147131,11814,1920407380,1000,11711,2824829,3840791132,1201197893,18798802107,19325349407,9765020891,234979109,1918678323,104541462300,12218618000,222974,8270412,2895074200,106833344800,6489616519,11639373319,5757832716,973404974,18400871100,26595026,999964532,35468,12258,16166342,983833658,7677109158,1687133700,8148,1919287980,999996610,3390,999827958,172042,1919276442,1000,1000,1000,1000,1000,1000,1000
196000,19643580,626692,1950000000,11700000000,10000,60000,9971740925843,13785665,2180844988,12020,1930356420,1000,11337,2828423,3860688800,1201212108,18798787892,19325265592,9766056797,233943203,1930287697,104567503677,12277717300,151766,8094929,2903394700,107358060200,6524197871,11699361971,5782688464,973477633,18492552000,26522367,999968314,31686,12981,16234817,983765183,7710246383,1696457900,54,1927572680,999985293,14707,999831181,168819,1927557919,1000,1000,1000,1000,1000,1000,1000
197000,19695360,619149,1960000000,11760000000,10000,60000,9971642714030,12135558,2189768355,3642,1940304640,1000,68020,2840501,3880601996,1201235488,18798764512,19325169012,9767108339,232891661,1941900635,104593442626,12336818300,140657,7678746,2912090000,107882751000,6558743181,11759312831,5807565490,973453188,18584126400,26546812,999960349,39651,102661,16232771,983767229,7743417829,1705809700,48,1935860860,999991527,8473,999826661,173339,1935852339,1000,1000,1000,1000,1000,1000,1000
198000,19744880,639227,1970000000,11820000000,10000,60000,9971541191267,13765263,2201914452,10534,1950255120,1000,63650,2830617,3900489172,1201234330,18798765670,19325103170,9768181303,231818697,1953499875,104619324356,12395913600,170487,7832448,2920306900,108407337600,6593327723,11819297123,5832455262,973518672,18675785400,26481328,999962753,37247,106581,16189819,983810181,7776603581,1715170600,56,1944158680,999989695,10305,999826481,173519,1944148319,1000,1000,1000,1000,1000,1000,1000
199000,19795330,627172,1980000000,11880000000,10000,60000,9971443686554,11406058,2210137674,2468,1960204670,1000,5700,2850512,3920404404,1201264712,18798735288,19325006988,9769223428,230776572,1965104532,104645313711,12455011100,160380,7756208,2928603000,108932040600,6627990978,11879367128,5857293265,973596339,18767471100,26403661,999970936,29064,102897,16250532,983749468,7809719668,1724523300,8901,1952449360,999985944,14056,999832397,167603,1952426403,1000,1000,1000,1000,1000,1000,1000
200000,19845710,635390,1990000000,11940000000,10000,60000,9971343616034,11574269,2220832636,12054,1970154290,1000,70186,2828195,3940284472,1201252203,18798747797,19324949997,9770287165,229712835,1976717337,104671249724,12514129000,165688,7710042,2936933900,109456805200,6662510224,11939294424,5882174818,973663929,18859137000,26336071,999970833,29167,104704,16260686,983739314,7842892814,1733854300,114,1960738940,999979170,20830,999842604,157396,1960717996,1000,1000,1000,1000,1000,1000,1000
201000,19894400,633046,2000000000,12000000000,10000,60000,9971249978578,5338697,2225209698,10391,1980105600,1000,63370,2831383,3960190418,1201270975,18798729025,19324860025,9771279437,228720563,1988319055,104697164694,12573256800,167580,7966771,2944963500,109981661600,6697106834,11999303584,5907081369,973834337,18950898900,26165663,999968395,31605,3058,16277289,983722711,7876102111,1743150800,95,1969039980,999980857,19143,999842558,157442,1969020742,1000,1000,1000,1000,1000,1000,1000
202000,19944780,630447,2010000000,12060000000,10000,60000,9971143411977,12027091,2242481260,12082,1990055220,1000,11260,2833093,3980086276,1201283368,18798716632,19324779032,9772311047,227688953,1999932123,104723104256,12632299700,151891,8117856,2953017900,110505942600,6731774343,12059358293,5931929454,973888029,19042563000,26111971,999965078,34922,14649,16337195,983662805,7909233705,1752465200,108,1977321060,999983299,16701,999827549,172451,1977304251,1000,1000,1000,1000,1000,1000,1000
203000,19996470,619706,2020000000,12120000000,10000,60000,9971049055203,6538953,2247582947,3577,2000003530,1000,62398,2847688,3999999906,1201328556,18798671444,19324663944,9773327292,226672708,2011523598,104749017829,12691444700,170100,7742068,2961752300,111030843800,6766320746,12119317896,5956833491,973876737,19134136800,26123263,999971880,28120,102643,16304352,983695648,7942435948,1761803600,43,1985628620,999973880,26120,999847943,152057,1985602457,1000,1000,1000,1000,1000,1000,1000
204000,20045810,621986,2030000000,12180000000,10000,60000,9970950613997,5062434,2256662581,10619,2009954190,1000,67271,2836105,4019887142,1201300931,18798699069,19324621769,9774359475,225640525,2023123517,104774876445,12750554400,204342,7721774,2970117600,111555581600,6800906193,12179310743,5981738441,973948932,19225797600,26051068,999966061,33939,94429,16292488,983707512,7975648212,1771123100,8621,1993927520,999990872,9128,999835529,164471,1993909771,1000,1000,1000,1000,1000,1000,1000
205000,20095090,633542,2040000000,12240000000,10000,60000,9970843786679,12030701,2274267500,3805,2019904910,1000,11319,2850989,4039802210,1201337480,18798662520,19324523120,9775329491,224670509,2034715301,104800762200,12809681000,198490,8108874,2978078900,112080323600,6835545039,12239355139,6006676194,974100229,19317530100,25899771,999970059,29941,9230,16246636,983753364,8008896364,1780416400,66,2002235920,999984316,15684,999840630,159370,2002220170,1000,1000,1000,1000,1000,1000,1000
206000,20145740,636359,2050000000,12300000000,10000,60000,9970750864769,5075262,2277917116,3764,2029854260,1000,58527,2849562,4059700992,1201350531,18798649469,19324437769,9776307038,223692962,2046299330,104826676504,12868792500,135735,8218373,2986289800,112604957800,6870094314,12299305114,6031625551,974165699,19409180100,25834301,999959312,40688,5313,16179662,983820338,8042162338,1789708700,123,2010552100,999984810,15190,999834113,165887,2010536787,1000,1000,1000,1000,1000,1000,1000
207000,20194500,629426,2060000000,12360000000,10000,60000,9970651076771,4992278,2288505393,3837,2039805500,1000,68391,2856689,4079603326,1201375749,18798624251,19324344851,9777239331,222760669,2057895757,104852540641,12927915400,201500,8075622,2994706300,113129770000,6904680983,12359302183,6056518289,974229703,19500834900,25770297,999967750,32250,17447,16270458,983729542,8075352042,1798946900,97,2018850880,999982970,17030,999839247,160753,2018833753,1000,1000,1000,1000,1000,1000,1000
208000,20245500,624571,2070000000,12420000000,10000,60000,9970549127266,7041366,2301151430,10583,2049754500,1000,6042,2842530,4099487834,1201371832,18798628168,19324283668,9778222110,221777890,2069489644,104878430395,12987019800,190298,8148864,3002926300,113654414000,6939345987,12419369387,6081440337,974300537,19592500500,25699463,999960868,39132,4831,16270794,983729206,8108582706,1808220300,61,2027155660,999986770,13230,999830631,169369,2027142369,1000,1000,1000,1000,1000,1000,1000
209000,20294640,619931,2080000000,12480000000,10000,60000,9970449701925,6598291,2311345364,10305,2059705360,1000,6266,2843063,4119390110,1201394716,18798605284,19324193384,9779173477,220826523,2081077487,104904288110,13046152600,210464,8131569,3011287800,114179206800,6973942453,12479373803,6106371003,974369088,19684143300,25630912,999965246,34754,8058,16260655,983739345,8141826045,1817486100,8641,2035469560,999994123,5877,999834858,165142,2035455042,1000,1000,1000,1000,1000,1000,1000
210000,20343050,623190,2090000000,12540000000,10000,60000,9970342261367,14167050,2329572262,11760,2069656950,1000,68882,2843532,4139290380,1201422317,18798577683,19324100283,9780108328,219891672,2092670008,104930202454,13105253000,175405,7870522,3019806300,114703762000,7008479428,12539307928,6131296830,974337354,19775702100,25662646,999969107,30893,109153,16275423,983724577,8175056877,1826728700,104,2043776840,999983311,16689,999835953,164047,2043760047,1000,1000,1000,1000,1000,1000,1000
211000,20392010,636282,2100000000,12600000000,10000,60000,9970251414164,5139481,2331225814,10309,2079607990,1000,70015,2845271,4159195362,1201444445,18798555555,19324013755,9781027949,218972051,2104269011,104956106636,13164368700,170960,8142793,3027759800,115228487800,7043059303,12599293703,6156201085,974486498,19867449000,25513502,999964230,35770,19532,16349447,983650553,8208265153,1835954300,8131,2052081080,999991119,8881,999835832,164168,2052064068,1000,1000,1000,1000,1000,1000,1000
212000,20441790,628631,2110000000,12660000000,10000,60000,9970143344718,13331056,2350104505,2471,2089558210,1000,11448,2863271,4179111478,1201458274,18798541726,19323926226,9781942069,218057931,2115852247,104981927484,13223508000,210086,8070283,3036210400,115753368000,7077712921,12659359921,6181167527,974553942,19959093900,25446058,999956732,43268,18290,16325363,983674637,8241553337,1845201300,53,2060395960,999989903,10097,999828190,171810,2060385810,1000,1000,1000,1000,1000,1000,1000
213000,20490910,616917,2120000000,12720000000,10000,60000,9970042590607,14186372,2361623366,11734,2099509090,1000,67843,2842682,4198994712,1201451479,18798548521,19323863921,9782847618,217152382,2127441930,105007800363,13282623300,215255,7898177,3044647700,116277971400,7112269940,12719315240,6206086028,974551310,20050667100,25448690,999966716,33284,100006,16379478,983620522,8274778022,1854400400,8060,2068710100,999989954,10046,999840706,159294,2068691994,1000,1000,1000,1000,1000,1000,1000
214000,20539980,628760,2130000000,12780000000,10000,60000,9969951876943,5007386,2363073567,10670,2109460020,1000,5545,2844381,4218898700,1201449129,18798550871,19323791971,9783805339,216194661,2139027139,105033646078,13341761200,214931,8168101,3052758500,116802822400,7146909445,12779365695,6231053893,974696432,20142387000,25303568,999956735,43265,19203,16315510,983684490,8308071390,1863676900,8281,2077027180,999998598,1402,999831203,168797,2077017497,1000,1000,1000,1000,1000,1000,1000
215000,20588270,636178,2140000000,12840000000,10000,60000,9969850555668,6478296,2375274416,2503,2119411730,1000,11650,2867566,4238818454,1201487464,18798512536,19323685636,9784678994,215321006,2150607548,105059615445,13400896200,136283,7691974,3061429000,117327625200,7181487622,12839352172,6255987327,974694465,20233953300,25305535,999968541,31459,100976,16358649,983641351,8341313451,1872889900,8261,2085343340,999991045,8955,999840976,159024,2085326124,1000,1000,1000,1000,1000,1000,1000
216000,20637250,636742,2150000000,12900000000,10000,60000,9969750682055,6460096,2385930842,3612,2129362750,1000,64438,2864370,4258718276,1201487751,18798512249,19323618849,9785581270,214418730,2162187646,105085369827,13460029700,201619,7743345,3069821600,117852381800,7216028670,12899298820,6280979448,974738963,20325571200,25261037,999956745,43255,111182,16302934,983697066,8374636066,1882111900,48,2093666260,999990406,9594,999832782,167218,2093656618,1000,1000,1000,1000,1000,1000,1000
217000,20684950,622889,2160000000,12960000000,10000,60000,9969643973370,13281896,2403434652,10378,2139315050,1000,10998,2851812,4278609344,1201499466,18798500534,19323545734,9786469288,213530712,2173770232,105111247484,13519165000,205361,7708211,3078135000,118377195600,7250687013,12959366113,6305924765,974817742,20417230200,25182258,999962957,37043,100015,16349450,983650550,8407893550,1891308400,105,2101987300,999981590,18410,999838015,161985,2101968785,1000,1000,1000,1000,1000,1000,1000
218000,20732920,629871,2170000000,13020000000,10000,60000,9969546029231,11363731,2412212704,11779,2149267080,1000,68954,2851671,4298510602,1201526262,18798473738,19323442038,9787355269,212644731,2185352571,105137037880,13578277700,222902,8309486,3085908000,118901749800,7285226525,13019301175,6330899318,974976114,20508951600,25023886,999961308,38692,16894,16311776,983688224,8441195824,1900513300,54,2110306360,999990200,9800,999831894,168106,2110296506,1000,1000,1000,1000,1000,1000,1000
219000,20781290,633209,2180000000,13080000000,10000,60000,9969453241092,4288240,2415883796,2177,2159218710,1000,11572,2869490,4318433066,1201554932,18798445068,19323341468,9788208370,211791630,2196934436,105162899615,13637425400,238650,8211413,3094303600,119426666800,7319866719,13079355219,6355855578,975063026,20600610900,24936974,999964481,35519,5055,16352777,983647223,8474468823,1909707000,52,2118629140,999984157,15843,999835155,164845,2118613245,1000,1000,1000,1000,1000,1000,1000
220000,20829180,631544,2190000000,13140000000,10000,60000,9969345826757,11830751,2434171124,3636,2169170820,1000,5822,2869605,4338334368,1201575008,18798424992,19323250892,9789041975,210958025,2208512743,105188747350,13696551900,212069,8238553,3102547400,119951336600,7354473084,13139362634,6380824337,975126030,20692240200,24873970,999963103,36897,11173,16378136,983621864,8507764564,1918863600,8137,2126952020,999996344,3656,999832573,167427,2126940227,1000,1000,1000,1000,1000,1000,1000
221000,20876170,621990,2200000000,13200000000,10000,60000,9969250850021,6923280,2439953682,10320,2179123830,1000,5669,2858282,4358227020,1201583201,18798416799,19323172499,9789918898,210081102,2220091018,105214682190,13755705600,145631,7775795,3111250000,120476215200,7389072091,13199372341,6405785051,975114056,20783795100,24885944,999970963,29037,101207,16397556,983602444,8541042944,1928054900,8455,2135277720,999988628,11372,999847207,152793,2135257893,1000,1000,1000,1000,1000,1000,1000
222000,20923510,620122,2210000000,13260000000,10000,60000,9969145926264,11976450,2455774998,2460,2189076490,1000,62943,2870788,4378148060,1201602914,18798397086,19323081886,9790750612,209249388,2231678372,105240440501,13814828700,211180,8263977,3119131200,121000885400,7423615185,13259316935,6430758824,975269507,20875521900,24730493,999963534,36466,9227,16414903,983585097,8574343097,1937220300,8622,2143598900,999993995,6005,999840927,159073,2143584273,1000,1000,1000,1000,1000,1000,1000
223000,20970330,629588,2220000000,13320000000,10000,60000,9969053797458,4220930,2458757079,2193,2199029670,1000,5736,2875495,4398054954,1201610188,18798389812,19323003412,9791590925,208409075,2243251579,105266285470,13873966000,181359,8121358,3127580400,121525704000,7458253926,13319364676,6455756662,975331620,20967144600,24668380,999960263,39737,15043,16407481,983592519,8607675219,1946394300,8332,2151927880,999999009,991,999825943,174057,2151918557,1000,1000,1000,1000,1000,1000,1000
224000,21017680,626821,2230000000,13380000000,10000,60000,9968953934003,4193346,2469431074,10385,2208982320,1000,63366,2861658,4417943870,1201610449,18798389551,19322933951,9792447142,207552858,2254823212,105292129932,13933105000,145975,8195768,3135831100,122050426800,7492796263,13379309813,6480752562,975401471,21058772400,24598529,999961440,38560,15569,16378107,983621893,8641003293,1955567800,7900,2160259000,999999631,369,999827169,172831,2160250731,1000,1000,1000,1000,1000,1000,1000
225000,21065700,617169,2240000000,13440000000,10000,60000,9968854025669,4229773,2480223991,2488,2218934300,1000,67404,2871094,4437863624,1201630442,18798369558,19322844458,9793279126,206720874,2266402250,105317926097,13992269800,210823,7709155,3144695100,122575430800,7527384727,13439315427,6505740492,975384584,21150321300,24615416,999963124,36876,103640,16396848,983603152,8674315652,1964740500,108,2168590280,999984988,15012,999833240,166760,2168575160,1000,1000,1000,1000,1000,1000,1000
226000,21112390,627397,2250000000,13500000000,10000,60000,9968746490303,11907458,2498717035,3914,2228887610,1000,63519,2869385,4457767392,1201666561,18798333439,19322738939,9794026515,205973485,2277966707,105343720269,14051409700,207359,7822323,3152885900,123100128200,7561977284,13499309084,6530747540,975454541,21241950600,24545459,999960417,39583,100376,16430436,983569564,8707659864,1973827200,8408,2176931300,999989432,10568,999833776,166224,2176912324,1000,1000,1000,1000,1000,1000,1000
227000,21159240,628408,2260000000,13560000000,10000,60000,9968646788242,11724388,2509253953,10647,2238840760,1000,68572,2858839,4477660226,1201675930,18798324070,19322658670,9794863621,205136379,2289534347,105369512408,14110586900,213231,8024431,3161067700,123625162600,7596553720,13559303020,6555774673,975611469,21333659100,24388531,999957682,42318,11613,16388140,983611860,8741032660,1982989500,8341,2185267040,999999288,712,999830313,169687,2185257987,1000,1000,1000,1000,1000,1000,1000
228000,21206760,635528,2270000000,13620000000,10000,60000,9968545286330,13334354,2521656145,10609,2248793240,1000,6193,2862329,4497565262,1201679284,18798320716,19322586016,9795644151,204355849,2301103613,105395320778,14169717200,208792,8147208,3169256900,124149816000,7631209429,13619358279,6580778686,975676855,21425287200,24323145,999958545,41455,16390,16404004,983595996,8774368396,1992105800,54,2193599320,999990444,9556,999829790,170210,2193589710,1000,1000,1000,1000,1000,1000,1000
229000,21254990,630585,2280000000,13680000000,10000,60000,9968452078615,6673758,2525793611,2108,2258745010,1000,57445,2874049,4517485804,1201699673,18798300327,19322495827,9796423611,203576389,2312669415,105421176430,14228861300,182189,7870429,3177827000,124674561000,7665759570,13679311970,6605765473,975677832,21516835800,24322168,999973605,26395,100273,16427100,983572900,8807681200,2001240000,8321,2201942340,999981708,18292,999840773,159227,2201915727,1000,1000,1000,1000,1000,1000,1000
230000,21301750,628394,2290000000,13740000000,10000,60000,9968347041562,11805016,2541750704,2106,2268698250,1000,10990,2884000,4537392288,1201693378,18798306622,19322437922,9797184180,202815820,2324245868,105447013322,14288000000,182656,8079774,3185832700,125199381600,7700399266,13739360616,6630739624,975827525,21608567400,24172475,999964351,35649,5526,16532602,983467398,8840982198,2010330600,7944,2210262420,999988098,11902,999834726,165274,2210242574,1000,1000,1000,1000,1000,1000,1000
231000,21348290,634037,2300000000,13800000000,10000,60000,9968252275726,6669760,2547377945,12037,2278651710,1000,6104,2854739,4557279346,1201687586,18798312414,19322377714,9797963121,202036879,2335816567,105472737444,14347161000,200485,7803816,3194520400,125724197200,7734992659,13799359859,6655798434,975801162,21700085100,24198838,999959005,40995,92543,16484309,983515691,8874397591,2019425900,7920,2218608040,999999037,963,999827443,172557,2218599157,1000,1000,1000,1000,1000,1000,1000
232000,21394930,624809,2310000000,13860000000,10000,60000,9968152561580,6500697,2558048345,11788,2288605070,1000,63046,2855784,4577186564,1201699377,18798300623,19322297923,9798674776,201325224,2347366640,105498479462,14406335900,199074,8160006,3202567600,126249093400,7769535795,13859312145,6680880804,975947490,21791771700,24052510,999954502,45498,9712,16435608,983564392,8907839192,2028494700,112,2226964140,999994360,5640,999824812,175188,2226958388,1000,1000,1000,1000,1000,1000,1000
233000,21441700,623721,2320000000,13920000000,10000,60000,9968047550042,11654993,2574093956,3600,2298558300,1000,68622,2876863,4597109400,1201733135,18798266865,19322191765,9799356237,200643763,2358918337,105524226105,14465506900,207707,7841146,3211245400,126773981000,7804122207,13919307657,6705939543,975937339,21883304100,24062661,999948643,51357,86404,16435361,983564639,8941252239,2037547300,49,2235314200,999998545,1455,999823304,176696,2235312696,1000,1000,1000,1000,1000,1000,1000
234000,21488990,614556,2330000000,13980000000,10000,60000,9967945731863,13601902,2586835899,3674,2308511010,1000,11166,2879825,4617014672,1201748765,18798251235,19322100735,9800116555,199883445,2370470727,105550053939,14524688800,190365,7708049,3219714100,127298996800,7838773078,13979374278,6730970132,976020381,21974924700,23979619,999957649,42351,87768,16432336,983567664,8974623164,2046660500,52,2243664120,999988964,11036,999833368,166632,2243653032,1000,1000,1000,1000,1000,1000,1000
235000,21535370,627052,2340000000,14040000000,10000,60000,9967845650037,13796951,2597836051,10343,2318464630,1000,62753,2868526,4636908574,1201753688,18798246312,19322022312,9800863474,199136526,2382034048,105575853333,14583839800,194969,7752667,3227968300,127823747600,7873305945,14039310195,6755972132,976088369,22066540200,23911631,999967803,32197,103434,16480002,983519998,9007959198,2055738000,8000,2252006000,999989066,10934,999844234,155766,2251987066,1000,1000,1000,1000,1000,1000,1000
236000,21582030,637014,2350000000,14100000000,10000,60000,9967753230523,6357114,2601246279,3663,2328417970,1000,11079,2876651,4656828614,1201792237,18798207763,19321917863,9801582929,198417071,2393595443,105601664548,14643007000,157199,7910963,3236118100,128348693200,7907934457,14099351907,6781023993,976232109,22158237000,23767891,999961658,38342,19449,16484656,983515344,9041362044,2064816100,8629,2260356520,999990160,9840,999834049,165951,2260338051,1000,1000,1000,1000,1000,1000,1000
237000,21627800,628670,2360000000,14160000000,10000,60000,9967655289114,4408595,2610192524,3745,2338372200,1000,11629,2876519,4676736910,1201796809,18798203191,19321841591,9802249881,197750119,2405157291,105627379665,14702141200,162939,8171154,3244195700,128873264800,7942548301,14159359701,6806081983,976303154,22249849500,23696846,999959022,40978,17468,16499185,983500815,9074775715,2073829500,8581,2268703100,999999213,787,999824668,175332,2268693732,1000,1000,1000,1000,1000,1000,1000
238000,21673860,628713,2370000000,14220000000,10000,60000,9967546102024,13707844,2630370541,2523,2348326140,1000,68106,2883763,4696647234,1201802468,18798197532,19321767932,9802929057,197070943,2416707991,105653201077,14761342300,138769,7556544,3253093200,129398394200,7977071331,14219303181,6831130677,976288752,22341376800,23711248,999962934,37066,103782,16544505,983455495,9108172295,2082868300,8039,2277055480,999994177,5823,999836982,163018,2277041618,1000,1000,1000,1000,1000,1000,1000
239000,21719000,623500,2380000000,14280000000,10000,60000,9967448327545,11606000,2639057089,10561,2358281000,1000,63651,2861811,4716540878,1201816945,18798183055,19321678955,9803673769,196326231,2428263047,105678906399,14820515700,183481,7614142,3261488100,129923295400,8011671349,14279312849,6856203401,976361705,22432980900,23638295,999966165,33835,108560,16497259,983502741,9141601441,2091951600,8699,2285416020,999990719,9281,999834660,165340,2285398040,1000,1000,1000,1000,1000,1000,1000
240000,21764390,631349,2390000000,14340000000,10000,60000,9967346319964,13722537,2652018221,12001,2368235610,1000,62576,2867366,4736447218,1201818201,18798181799,19321608399,9804394734,195605266,2439823052,105704693867,14879665100,175804,8126736,3269292100,130448016600,8046263175,14339306075,6881234789,976528649,22524699900,23471351,999965406,34594,10157,16513768,983486232,9174973832,2101018900,97,2293756800,999982340,17660,999840257,159743,2293739043,1000,1000,1000,1000,1000,1000,1000
241000,21810830,628647,2400000000,14400000000,10000,60000,9967249045726,11137969,2660344009,2161,2378189170,1000,68377,2882522,4756374018,1201853795,18798146205,19321500205,9805060678,194939322,2451384196,105730477407,14938829600,146868,7686626,3278021100,130972876800,8080851876,14399302976,6906284883,976499464,22616218800,23500536,999957789,42211,104325,16546442,983453558,9208377858,2110050500,8367,2302107300,999994042,5958,999834425,165575,2302092975,1000,1000,1000,1000,1000,1000,1000
242000,21856130,630153,2410000000,14460000000,10000,60000,9967148617750,11705163,2671776968,2231,2388143870,1000,69439,2885527,4776283278,1201882913,18798117087,19321397087,9805750333,194249667,2462936611,105756171639,14997993600,213722,8120195,3286002000,131497747200,8115440408,14459300408,6931351520,976675443,22707930900,23324557,999959330,40670,3887,16552667,983447333,9241796733,2119097000,46,2310461140,999984119,15881,999828387,171613,2310445213,1000,1000,1000,1000,1000,1000,1000
243000,21902740,626982,2420000000,14520000000,10000,60000,9967054564646,5861947,2676757106,10679,2398097260,1000,5575,2868197,4796173162,1201880593,18798119407,19321331507,9806468983,193531017,2474495945,105781933284,15057161300,180870,7758053,3294700100,132022602600,8150099943,14519367443,6956423481,976655349,22799450700,23344651,999951367,48633,83918,16531737,983468263,9275230763,2128146200,103,2318809020,999998365,1635,999819018,180982,2318807282,1000,1000,1000,1000,1000,1000,1000
244000,21947840,638145,2430000000,14580000000,10000,60000,9966954182251,6372384,2688155914,10373,2408052160,1000,11782,2871956,4816083574,1201900035,18798099965,19321238065,9807146024,192853976,2486057598,105807760161,15116294600,161207,7857588,3302829300,132547217200,8184685823,14579350073,6981426017,976723834,22891071000,23276166,999962190,37810,100256,16628339,983371661,9308562061,2137172000,91,2327154020,999982115,17885,999830056,169944,2327136044,1000,1000,1000,1000,1000,1000,1000
245000,21993630,620281,2440000000,14640000000,10000,60000,9966856853229,3834694,2696461447,10607,2418006370,1000,63335,2867827,4835991526,1201933123,18798066877,19321139477,9807854573,192145427,2497613499,105833507291,15175498000,162378,8023245,3311045600,133072337600,8219232534,14639316384,7006501390,976866401,22982759400,23133599,999952524,47476,13523,16603733,983396267,9342001067,2146232600,8164,2335510200,999997641,2359,999830623,169377,2335499677,1000,1000,1000,1000,1000,1000,1000
246000,22038610,633935,2450000000,14700000000,10000,60000,9966756607440,4227764,2707739447,3821,2427961390,1000,5954,2881845,4855915138,1201975104,18798024896,19321025296,9808531575,191468425,2509161413,105859275966,15234668200,167760,7779878,3319652500,133597186000,8253869511,14699360111,7031555480,976869424,23074293000,23130576,999970166,29834,100342,16607262,983392738,9375401638,2155285300,8716,2343871880,999982994,17006,999840842,159158,2343846158,1000,1000,1000,1000,1000,1000,1000
247000,22083260,631497,2460000000,14760000000,10000,60000,9966657253674,3693330,2718112978,2184,2437916740,1000,6217,2882536,4875829112,1201983804,18798016196,19320948596,9809163944,190836056,2520701056,105884935655,15293875800,180991,8164680,3327742000,134122223600,8288457786,14759362286,7056699251,977021999,23165969100,22978001,999958581,41419,4182,16519831,983480169,9408930369,2164292000,8505,2352245520,999994103,5897,999835682,164318,2352231118,1000,1000,1000,1000,1000,1000,1000
248000,22127770,629507,2470000000,14820000000,10000,60000,9966550107212,10942570,2736299481,3512,2447872230,1000,69147,2883175,4895737436,1201975182,18798024818,19320878718,9809772385,190227615,2532246121,105910624079,15353064500,218535,8219279,3336066700,134647145800,8322987796,14819301346,7081790142,977100797,23257570800,22899203,999960235,39765,5538,16540696,983459304,9442385304,2173263700,8322,2360608140,999995344,4656,999842238,157762,2360595162,1000,1000,1000,1000,1000,1000,1000
249000,22172980,624206,2480000000,14880000000,10000,60000,9966455576313,5576435,2741816232,12038,2457827020,1000,63070,2863833,4915629964,1201970148,18798029852,19320810552,9810424667,189575333,2543800631,105936364407,15412234700,216816,7634472,3344962100,135172080600,8357587024,14879312724,7106871297,977066154,23349070500,22933846,999955995,44005,109141,16585744,983414256,9475828356,2182254000,8321,2368965500,999999880,120,999826241,173759,2368957059,1000,1000,1000,1000,1000,1000,1000
250000,22217450,619847,2490000000,14940000000,10000,60000,9966357124251,4162016,2751389466,3711,2467782550,1000,68314,2883372,4935557678,1201995167,18798004833,19320715333,9811003528,188996472,2555347606,105962085454,15471408000,222127,8100576,3352831800,135696880800,8392182789,14939311839,7131960976,977224134,23440762800,22775866,999953061,46939,18427,16616451,983383549,9509278149,2191213600,70,2377326700,999990543,9457,999832727,167273,2377317173,1000,1000,1000,1000,1000,1000,1000
251000,22262600,624653,2500000000,15000000000,10000,60000,9966247953062,13415235,2771500230,10375,2477737400,1000,67986,2872945,4955454050,1201969897,18798030103,19320668503,9811688355,188311645,2566900405,105987864582,15530562300,232350,7876078,3361361600,136221639800,8426775161,14999307361,7156992972,977229070,23532306900,22770930,999967614,32386,100144,16675372,983324628,9542649128,2200242000,40,2385680700,999975496,24504,999841744,158256,2385656156,1000,1000,1000,1000,1000,1000,1000
252000,22308020,626803,2510000000,15060000000,10000,60000,9966150072404,11428542,2780429831,3920,2487691980,1000,11387,2887969,4975376120,1201999846,18798000154,19320571154,9812339571,187660429,2578452891,106013620540,15589754400,202947,7972628,3369594500,136746716800,8461411310,15059361810,7182087550,977373897,23623993500,22626103,999953126,46874,8229,16671079,983328921,9576113721,2209262800,52,2394035260,999990963,9037,999827229,172771,2394026171,1000,1000,1000,1000,1000,1000,1000
253000,22353030,632655,2520000000,15120000000,10000,60000,9966055951592,5671783,2785586332,3666,2497646970,1000,63844,2887741,4995286608,1202019375,18797980625,19320481125,9812970219,187029781,2589997027,106039372661,15648927700,208287,7751678,3378150500,137271530600,8495948801,15119303501,7207146867,977368500,23715518700,22631500,999969316,30684,100316,16707949,983292051,9609523351,2218259800,7941,2402401840,999982585,17415,999841816,158184,2402376484,1000,1000,1000,1000,1000,1000,1000
254000,22397260,636340,2530000000,15180000000,10000,60000,9965950833072,10907898,2801687527,10578,2507602740,1000,11152,2872305,5015184324,1202030070,18797969930,19320399630,9813627395,186372605,2601534719,106065092714,15708119500,173033,8119727,3386201400,137796475800,8530587708,15179352508,7232278543,977528582,23807193900,22471418,999968831,31169,10549,16629206,983370794,9643033494,2227277000,8659,2410777300,999986310,13690,999834949,165051,2410754951,1000,1000,1000,1000,1000,1000,1000
255000,22442490,634661,2540000000,15240000000,10000,60000,9965858287156,3583949,2805371923,2157,2517557510,1000,10456,2893868,5035110706,1202051205,18797948795,19320304295,9814190512,185809488,2613084618,106090794296,15767293800,180132,8082825,3394548800,138321318000,8565184233,15239354883,7257368849,977579336,23898782400,22420664,999954412,45588,19576,16680727,983319273,9676491473,2236216600,8619,2419132220,999999023,977,999829876,170124,2419122624,1000,1000,1000,1000,1000,1000,1000
256000,22486460,639020,2550000000,15300000000,10000,60000,9965756053811,5945079,2818671270,3620,2527513540,1000,6347,2884351,5055019840,1202071690,18797928310,19320211210,9814788389,185211611,2624630229,106116535777,15826489100,142338,8065501,3402912500,138846296600,8599772233,15299354633,7282497008,977666056,23990387100,22333944,999955861,44139,6905,16669597,983330403,9709992903,2245178000,42,2427505260,999990677,9323,999828405,171595,2427495895,1000,1000,1000,1000,1000,1000,1000
257000,22530900,630751,2560000000,15360000000,10000,60000,9965651216621,10932432,2834580914,3836,2537469100,1000,6283,2885654,5074930528,1202117753,18797882247,19320095947,9815398226,184601774,2636161054,106142170303,15885697800,223220,8051387,3411414200,139371381200,8634363866,15359362966,7307620888,977737929,24081978600,22262071,999959470,40530,7841,16641453,983358547,9743489447,2254167700,50,2435883820,999984789,15211,999831041,168959,2435868559,1000,1000,1000,1000,1000,1000,1000
258000,22575070,637409,2570000000,15420000000,10000,60000,9965548815250,13438206,2848019884,10672,2547424930,1000,64265,2874462,5094828516,1202110556,18797889444,19320028944,9815993538,184006462,2647700754,106167853043,15944884400,227723,8063676,3419775600,139896269600,8668892026,15419298326,7332733475,977806363,24173561400,22193637,999957785,42215,11922,16641747,983358253,9776977753,2263121300,8381,2444253300,999999359,641,999827522,172478,2444244278,1000,1000,1000,1000,1000,1000,1000
259000,22618820,632858,2580000000,15480000000,10000,60000,9965449457145,12943146,2858543016,3877,2557381180,1000,5832,2883064,5114754606,1202155591,18797844409,19319916709,9816520616,183479384,2659237422,106193600013,16004080800,162442,7690483,3428468000,140421196000,8703546660,15479361310,7357879306,977783468,24265059000,22216532,999957153,42847,101385,16638079,983361921,9810501921,2272037800,44,2452634120,999988539,11461,999828885,171115,2452622615,1000,1000,1000,1000,1000,1000,1000
260000,22662290,629298,2590000000,15540000000,10000,60000,9965356636862,5870218,2862437804,3580,2567337710,1000,68690,2886526,5134668260,1202149280,18797850720,19319842420,9817093314,182906686,2670774374,106219290408,16063275200,144790,7702361,3436833900,140946161600,8738076312,15539302012,7383018777,977870673,24356658600,22129327,999948539,51461,86166,16615889,983384111,9844024511,2280987200,51,2461007360,999998425,1575,999818066,181934,2461005734,1000,1000,1000,1000,1000,1000,1000
261000,22706150,628893,2600000000,15600000000,10000,60000,9965251133685,11476465,2879065848,2277,2577293850,1000,63766,2888937,5154583146,1202145550,18797854450,19319776350,9817614883,182385117,2682315329,106244934815,16122453600,217848,8111183,3444781900,141470978400,8772677891,15599307341,7408108776,978014794,24448328700,21985206,999952415,47585,15721,16703645,983296355,9877477855,2289882700,8262,2469378880,999998461,1539,999825621,174379,2469369079,1000,1000,1000,1000,1000,1000,1000
262000,22749380,626041,2610000000,15660000000,10000,60000,9965149982602,12755345,2891296499,2437,2587250620,1000,69209,2891288,5174496366,1202165747,18797834253,19319680453,9818218992,181781008,2693868858,106270699505,16181632500,222477,8057651,3453108400,141995893800,8807265450,15659304750,7433166348,978095276,24539945100,21904724,999958770,41230,17294,16792646,983207354,9910885554,2298846500,8284,2477736220,999991270,8730,999834694,165306,2477719206,1000,1000,1000,1000,1000,1000,1000
263000,22792070,633185,2620000000,15720000000,10000,60000,9965059268421,3585898,2893039613,11846,2597207930,1000,5781,2874547,5194392168,1202170119,18797829881,19319597681,9818829653,181170347,2705408821,106296463455,16240824600,142935,8034362,3461459000,142520843600,8841911384,15719361034,7458304657,978184766,24631546200,21815234,999956396,43604,3830,16758373,983241627,9944402627,2307813000,83,2486108800,999989253,10747,999827330,172670,2486097970,1000,1000,1000,1000,1000,1000,1000
264000,22834750,625121,2630000000,15780000000,10000,60000,9964951506400,11481601,2911945445,3812,2607165250,1000,11299,2891168,5214322876,1202199701,18797800299,19319495299,9819380212,180619788,2716952888,106322158042,16300017800,153269,7959477,3469880700,143045799600,8876503330,15779363580,7483411025,978239750,24723129600,21760250,999951787,48213,17037,16791912,983208088,9977881088,2316750200,7921,2494478820,999999164,836,999827237,172763,2494470063,1000,1000,1000,1000,1000,1000,1000
265000,22877600,635557,2640000000,15840000000,10000,60000,9964857807213,5300582,2916742957,3932,2617122400,1000,11409,2890839,5234236936,1202210895,18797789105,19319409405,9819931101,180068899,2728482637,106347859540,16359241700,154509,7555016,3478677400,143570921000,8911075684,15839353034,7508549530,978236617,24814634700,21763383,999957800,42200,100883,16785553,983214447,10011396747,2325685400,8364,2502863460,999992121,7879,999839783,160217,2502847217,1000,1000,1000,1000,1000,1000,1000
266000,22920090,618372,2650000000,15900000000,10000,60000,9964752339159,10858934,2933214112,12040,2627079910,1000,11228,2875038,5254135740,1202190693,18797809307,19319353207,9820548242,179451758,2740028382,106373566415,16418402400,154226,8113085,3486480100,144095646400,8945692800,15899370400,7533647186,978415183,24906333600,21584817,999962330,37670,3247,16793361,983206639,10044859039,2334655600,8840,2511232320,999988373,11627,999835347,164653,2511211853,1000,1000,1000,1000,1000,1000,1000
267000,22962970,636072,2660000000,15960000000,10000,60000,9964652488455,10862873,2944232380,2156,2637037030,1000,6356,2898259,5274069748,1202234928,18797765072,19319233272,9821112101,178887899,2751583349,106399201066,16477558700,199919,7857813,3495117200,144620383800,8980278422,15959357572,7558760249,978387525,24997837200,21612475,999947820,52180,92095,16813046,983186954,10078346354,2343598500,101,2519588140,999998066,1934,999814295,185705,2519586105,1000,1000,1000,1000,1000,1000,1000
268000,23005280,619395,2670000000,16020000000,10000,60000,9964550297096,13176231,2957505275,3874,2646994720,1000,10862,2895852,5293981692,1202248927,18797751073,19319150173,9821694628,178305372,2763127820,106425033584,16536775800,166673,7569285,3503631100,145145542000,9014870343,16019369743,7583815811,978466117,25089443100,21533883,999965436,34564,100219,16924308,983075692,10111748992,2352548500,8571,2527958020,999983732,16268,999843819,156181,2527933181,1000,1000,1000,1000,1000,1000,1000
269000,23047910,635207,2680000000,16080000000,10000,60000,9964452607070,10961112,2966232626,11832,2656952090,1000,10790,2873898,5313880516,1202238582,18797761418,19319090818,9822280262,177719738,2774677878,106450721885,16595959000,153329,7989859,3511572600,145670382000,9049450003,16079354003,7608943228,978616499,25181115600,21383501,999960037,39963,14138,16919610,983080390,10145254490,2361482900,8036,2536328740,999990558,9442,999839738,160262,2536311262,1000,1000,1000,1000,1000,1000,1000
270000,23090580,628313,2690000000,16140000000,10000,60000,9964352255601,11421734,2977648681,11714,2666909420,1000,11528,2879135,5333795412,1202244635,18797755365,19319014465,9822871965,177128035,2786219777,106476421431,16655128800,153117,8118099,3519806600,146195182400,9084052359,16139360159,7634049198,978692219,25272722100,21307781,999956735,43265,5416,16924918,983075082,10178729882,2370447600,8670,2544696500,999992854,7146,999832516,167484,2544680684,1000,1000,1000,1000,1000,1000,1000
271000,23134770,629729,2700000000,16200000000,10000,60000,9964260009683,3800011,2981005306,12091,2676865230,1000,62470,2872817,5353706278,1202271894,18797728106,19318917106,9823425143,176574857,2797757621,106502004114,16714335600,239407,7748204,3528659000,146720209600,9118586651,16199307801,7659200564,978663817,25364204400,21336183,999955024,44976,102207,16908043,983091957,10212267157,2379373800,8462,2553075840,999999215,785,999826707,173293,2553066593,1000,1000,1000,1000,1000,1000,1000
272000,23177190,615593,2710000000,16260000000,10000,60000,9964152642208,11294239,2999453075,10670,2686822810,1000,67469,2880756,5373624280,1202290247,18797709753,19318823953,9824027804,175972196,2809305884,106527784457,16773506900,207280,7804432,3536888400,147245029800,9153190938,16259316938,7684278391,978745673,25455818100,21254327,999960952,39048,101079,16952088,983047912,10245698812,2388346200,91,2561437640,999982872,17128,999834479,165521,2561420421,1000,1000,1000,1000,1000,1000,1000
273000,23221010,622840,2720000000,16320000000,10000,60000,9964050944235,13127863,3012229470,10351,2696778990,1000,6148,2879429,5393537278,1202320198,18797679802,19318720202,9824618291,175381709,2820840469,106553476238,16832705700,190428,7886529,3545226300,147769950600,9187837312,16319371012,7709418443,978809431,25547396700,21190569,999960253,39747,110422,16894979,983105021,10279219021,2397315100,93,2569817380,999983291,16709,999837722,162278,2569800578,1000,1000,1000,1000,1000,1000,1000
274000,23264580,643580,2730000000,16380000000,10000,60000,9963960311633,3871617,3013957370,11836,2706735420,1000,6251,2884885,5413447168,1202324750,18797675250,19318641750,9825158595,174841405,2832359463,106579141076,16891931000,213748,8106086,3553418600,148295142000,9222395169,16379350169,7734565426,978987867,25639080600,21012133,999963375,36625,9008,16891882,983108118,10312750818,2406246300,8178,2578202820,999990750,9250,999835608,164392,2578185392,1000,1000,1000,1000,1000,1000,1000
275000,23307460,629422,2740000000,16440000000,10000,60000,9963861054967,3285883,3024459543,2515,2716692540,1000,11307,2897210,5433380050,1202377450,18797622550,19318518350,9825619210,174380790,2843895660,106604826924,16951134400,171075,7956096,3561890600,148820120800,9256993521,16439359271,7759735274,979038162,25730643000,20961838,999953595,46405,19633,16911559,983088441,10346313441,2415103600,8240,2586587180,999999227,773,999824733,175267,2586578167,1000,1000,1000,1000,1000,1000,1000
276000,23351230,625602,2750000000,16500000000,10000,60000,9963761153531,3301467,3035499121,11799,2726648770,1000,63627,2882512,5453273942,1202383698,18797616302,19318438402,9826106808,173893192,2855421950,106630489264,17010337300,201060,8069268,3570121200,149345056200,9291536921,16499310771,7784866436,979133157,25822247700,20866843,999961365,38635,6108,16980072,983019928,10379819228,2423958800,8628,2594969480,999991940,8060,999836808,163192,2594952792,1000,1000,1000,1000,1000,1000,1000
277000,23392610,628115,2760000000,16560000000,10000,60000,9963651332039,13226911,3056428860,10607,2736607390,1000,5703,2888583,5473193566,1202377350,18797622650,19318363650,9826642517,173357483,2866955883,106656133212,17069530200,222647,8204674,3578403600,149869938000,9326186332,16559366182,7810010580,979204701,25913833500,20795299,999954654,45346,8953,16963473,983036527,10413345527,2432880200,8414,2603349100,999994261,5739,999835553,164447,2603334947,1000,1000,1000,1000,1000,1000,1000
278000,23434820,618511,2770000000,16620000000,10000,60000,9963551508030,13181852,3067469903,3562,2746565180,1000,6520,2897515,5493123236,1202403782,18797596218,19318269918,9827107165,172892835,2878497701,106681869050,17128716500,183063,7792990,3587064600,150394805800,9360789169,16619374969,7835133678,979189135,26005332900,20810865,999963306,36694,100471,17053493,982946507,10446840507,2441732700,8000,2611728020,999986809,13191,999838071,161929,2611706829,1000,1000,1000,1000,1000,1000,1000
279000,23478280,642286,2780000000,16680000000,10000,60000,9963453570565,11244426,3076483013,10367,2756521720,1000,11214,2886081,5513022706,1202421491,18797578509,19318179209,9827682239,172317761,2890034745,106707583594,17187897200,134895,8139245,3595056200,150919671200,9395354200,16679346500,7860271433,979344743,26097008400,20655257,999953806,46194,8363,17041330,982958670,10480360470,2450670200,8521,2620101880,999995678,4322,999823563,176437,2620089037,1000,1000,1000,1000,1000,1000,1000
280000,23520750,629029,2790000000,16740000000,10000,60000,9963361118100,3810341,3080001438,10402,2766479250,1000,6035,2882801,5532937696,1202426941,18797573059,19318097959,9828260759,171739241,2901569055,106733232998,17247145300,199142,7549342,3604115400,151445017800,9429944486,16739364936,7885416940,979328056,26188500600,20671944,999956036,43964,103080,17020240,982979760,10513886860,2459629400,8740,2628485840,999992820,7180,999834480,165520,2628469920,1000,1000,1000,1000,1000,1000,1000
281000,23561980,620179,2800000000,16800000000,10000,60000,9963251981119,13069194,3100302605,3942,2776438020,1000,63331,2895555,5552868156,1202444913,18797555087,19318007987,9828755185,171244815,2913093041,106758861017,17306341700,194423,8177683,3611939300,151969850600,9464493540,16799316490,7910598980,979496604,26280173700,20503396,999953684,46316,4180,16957000,983043000,10547462800,2468530300,8220,2636879560,999992480,7520,999831980,168020,2636863820,1000,1000,1000,1000,1000,1000,1000
282000,23604160,631704,2810000000,16860000000,10000,60000,9963152545809,12603491,3110868770,11988,2786395840,1000,68828,2885575,5572767704,1202436900,18797563100,19317938600,9829236225,170763775,2924615929,106784561787,17365573900,173368,7978065,3620469700,152495033400,9499056618,16859299468,7935767182,979575410,26371755600,20424590,999956895,43105,5985,16991803,983008197,10581017697,2477388000,48,2645266200,999984363,15637,999837685,162315,2645250515,1000,1000,1000,1000,1000,1000,1000
283000,23646210,634966,2820000000,16920000000,10000,60000,9963052182912,13125982,3122484013,3694,2796353790,1000,63835,2896339,5592700192,1202491894,18797508106,19317811206,9829677541,170322459,2936139233,106810125582,17424778100,237649,7673723,3629237100,153019973000,9533650149,16919301199,7960949531,979546698,26463225000,20453302,999958075,41925,108277,16991446,983008554,10614596154,2486238500,8335,2653664620,999990338,9662,999829377,170623,2653646623,1000,1000,1000,1000,1000,1000,1000
284000,23688620,632604,2830000000,16980000000,10000,60000,9962962250859,3186364,3123601757,3828,2806311380,1000,64268,2896089,5612615104,1202514223,18797485777,19317712377,9830139751,169860249,2947659055,106835759468,17483996000,211444,8136993,3637187200,153544958400,9568242728,16979303128,7986152293,979714870,26554892400,20285130,999949174,50826,7704,16947211,983052789,10648202589,2495095800,8259,2662059960,999998595,1405,999824904,175096,2662050296,1000,1000,1000,1000,1000,1000,1000
285000,23729620,635403,2840000000,17040000000,10000,60000,9962853007866,12555794,3144086546,2445,2816270380,1000,10578,2902182,5632535870,1202529560,18797470440,19317616340,9830562258,169437742,2959190828,106861471450,17543188500,184843,7827374,3645754000,154069813800,9602889219,17039354019,8011292302,979712931,26646396600,20287069,999957462,42538,98631,17046329,982953671,10681717071,2503907300,96,2670442860,999982005,17995,999834131,165869,2670424769,1000,1000,1000,1000,1000,1000,1000
286000,23771190,640908,2850000000,17100000000,10000,60000,9962752557562,13114590,3155631950,10678,2826228810,1000,6207,2884496,5652436264,1202533352,18797466648,19317541048,9831091244,168908756,2970724108,106887110105,17602417100,235753,8029714,3653959400,154594995000,9637467835,17099352885,8036436987,979871393,26738066700,20128607,999957479,42521,11686,17074299,982925701,10715245401,2512803400,7501,2678827660,999988255,11745,999838586,161414,2678808414,1000,1000,1000,1000,1000,1000,1000
287000,23813560,634502,2860000000,17160000000,10000,60000,9962660693682,5085132,3158664528,12114,2836186440,1000,11456,2884144,5672348652,1202530314,18797469686,19317463686,9831555396,168444604,2982250648,106912811360,17661616900,187158,7693586,3662603300,155119891400,9672062942,17159354042,8061595074,979848643,26829555600,20151357,999949649,50351,107006,17104132,982895868,10748789968,2521653400,8574,2687213860,999989608,10392,999839806,160194,2687194894,1000,1000,1000,1000,1000,1000,1000
288000,23853900,621129,2870000000,17220000000,10000,60000,9962562315661,3590746,3168223532,10371,2846146100,1000,11443,2877128,5692271458,1202548307,18797451693,19317367993,9832017592,167982408,2993773250,106938371101,17720851800,221047,8065891,3670749000,155645034000,9706659278,17219367428,8086829380,980028656,26921211600,19971344,999950572,49428,5616,17027236,982972764,10782437764,2530515800,8468,2695621080,999995772,4228,999827116,172884,2695608384,1000,1000,1000,1000,1000,1000,1000
289000,23895660,631013,2880000000,17280000000,10000,60000,9962454760146,11269155,3187011604,3601,2856104340,1000,62528,2897771,5712201478,1202563301,18797436699,19317276199,9832446849,167553151,3005291527,106963995840,17780048000,225359,8158300,3679043300,156169890400,9741194309,17279306459,8112006494,980094746,27012777600,19905254,999949779,50221,15533,17035939,982964061,10816007861,2539356800,8420,2704012180,999997607,2393,999822333,177667,2704001367,1000,1000,1000,1000,1000,1000,1000
290000,23936990,615440,2890000000,17340000000,10000,60000,9962355002198,11135465,3197909547,11820,2866063010,1000,6699,2877302,5732102380,1202561863,18797438137,19317200737,9832913098,167086902,3016809878,106989723535,17839271300,149343,7823413,3687716200,156694903400,9775855311,17339377861,8137197296,980092601,27104267100,19907399,999958627,41373,103426,17024930,982975070,10849588370,2548205600,52,2712415200,999975926,24074,999835126,164874,2712391074,1000,1000,1000,1000,1000,1000,1000
291000,23978310,631308,2900000000,17400000000,10000,60000,9962255570567,10701726,3208598026,3532,2876021690,1000,10996,2895184,5752036316,1202589993,18797410007,19317095507,9833329416,166670584,3028330532,107015363816,17898501800,165121,8142361,3695766400,157220026800,9810418746,17399357696,8162368519,980271813,27195946200,19728187,999959992,40008,2679,17066960,982933040,10883151840,2557035200,8723,2720810600,999981444,18556,999840579,159421,2720783321,1000,1000,1000,1000,1000,1000,1000
292000,24020330,623814,2910000000,17460000000,10000,60000,9962153347839,13049170,3222055243,2404,2885979670,1000,6162,2905641,5771954532,1202610609,18797389391,19317003891,9833757599,166242401,3039858031,107041037526,17957701000,133629,8026201,3704180300,157744951600,9845023174,17459370024,8187539797,980322613,27287507100,19677387,999954598,45402,17485,17117988,982882012,10916714312,2565854100,93,2729190860,999983748,16252,999832785,167215,2729174515,1000,1000,1000,1000,1000,1000,1000
293000,24062020,623004,2920000000,17520000000,10000,60000,9962054018334,12496014,3232514561,10366,2895937980,1000,67613,2887119,5791855228,1202613148,18797386852,19316918752,9834249421,165750579,3051380849,107066642631,18016926600,159840,7745631,3712918500,158270006000,9879549833,17519309383,8212732288,980325054,27378993900,19674946,999957411,42589,100457,17082969,982917031,10950304831,2574723800,58,2737587260,999985341,14659,999834957,165043,2737572543,1000,1000,1000,1000,1000,1000,1000
294000,24104130,639583,2930000000,17580000000,10000,60000,9961963514817,3096470,3234234977,10571,2905895870,1000,59140,2883609,5811770598,1202602087,18797397913,19316852113,9834642411,165357589,3062897309,107092274659,18076155900,157447,7591902,3721435200,158795112600,9914126227,17579301277,8237935577,980390944,27470551500,19609056,999957246,42754,112102,17120025,982879975,10983908575,2583515700,99,2745989680,999983417,16583,999832802,167198,2745972998,1000,1000,1000,1000,1000,1000,1000
295000,24144900,632414,2940000000,17640000000,10000,60000,9961863175723,3577062,3245841477,2117,2915855100,1000,58726,2899549,5831705966,1202639685,18797360315,19316740315,9835069351,164930649,3074434217,107117910353,18135358300,189993,7675006,3729686500,159320034200,9948726510,17639308860,8263074195,980466033,27562144800,19533967,999953015,46985,106982,17200687,982799313,11017429313,2592341100,8241,2754372200,999991159,8841,999838482,161518,2754355118,1000,1000,1000,1000,1000,1000,1000
296000,24186330,629202,2950000000,17700000000,10000,60000,9961754291760,12592026,3265885274,2375,2925813670,1000,63606,2902858,5851622590,1202663586,18797336414,19316642614,9835575602,164424398,3085965992,107143562973,18194553800,187810,7669452,3738079200,159844970000,9983315792,17699307192,8288242363,980535791,27653722800,19464209,999948452,51548,106461,17192898,982807102,11050986702,2601232200,55,2762753740,999990654,9346,999826661,173339,2762744339,1000,1000,1000,1000,1000,1000,1000
297000,24227220,637533,2960000000,17760000000,10000,60000,9961662091606,4914804,3269255955,3601,2935772780,1000,64151,2907793,5871538358,1202675610,18797324390,19316553290,9836061127,163938873,3097494485,107169198922,18253768600,230775,7981238,3746147700,160370022000,10017893016,17759298316,8313382382,980702960,27745396500,19297040,999948359,51641,16499,17237917,982762083,11084509683,2610105000,8300,2771136080,999999521,479,999830699,169301,2771127301,1000,1000,1000,1000,1000,1000,1000
298000,24267830,633396,2970000000,17820000000,10000,60000,9961564105483,3028874,3278431037,2169,2945732170,1000,69367,2905861,5891460002,1202694157,18797305843,19316458143,9836525479,163474521,3109021781,107194865748,18312973700,215622,8093371,3754411500,160894938600,10052485287,17819297237,8338552779,980790579,27836980200,19209421,999955669,44331,12790,17243111,982756889,11118067289,2618963700,8601,2779532360,999990751,9249,999835290,164710,2779514510,1000,1000,1000,1000,1000,1000,1000
299000,24307260,629276,2980000000,17880000000,10000,60000,9961463782784,3438286,3289866017,12148,2955692740,1000,11585,2886447,5911361184,1202673470,18797326530,19316403430,9837004173,162995827,3120545457,107220530841,18372195600,196110,7690477,3763193700,161420002400,10087133439,17879359139,8363737604,980778317,27928467000,19221683,999955234,44766,100017,17241213,982758787,11151646087,2627819900,8642,2787929280,999987845,12155,999835717,164283,2787908483,1000,1000,1000,1000,1000,1000,1000
300000,24348470,638837,2990000000,17940000000,10000,60000,9961356706970,10667657,3308197758,2153,2965651530,1000,58910,2897747,5931298754,1202724527,18797275473,19316282073,9837438033,162561967,3132070387,107246239776,18431417900,138468,7706866,3771526900,161945019000,10121665803,17939302253,8388927626,980855175,28020044700,19144825,999961823,38177,100048,17235322,982764678,11185226178,2636666400,98,2796330620,999968030,31970,999846448,153552,2796298552,1000,1000,1000,1000,1000,1000,1000
301000,24389510,625968,3000000000,18000000000,10000,60000,9961264368048,3122421,3311797756,2424,2975610490,1000,62909,2910503,5951216132,1202735569,18797264431,19316200231,9837817497,162182503,3143582329,107271768145,18490613100,166579,8297695,3779368300,162469781400,10156276423,17999311123,8414138624,981003541,28111685400,18996459,999951349,48651,12008,17223884,982776116,11218850516,2645451300,8460,2804723300,999997052,2948,999831808,168192,2804711892,1000,1000,1000,1000,1000,1000,1000
302000,24430830,629833,3010000000,18060000000,10000,60000,9961162839138,4748903,3324401239,12040,2985569170,1000,68147,2886676,5971114260,1202730041,18797269959,19316133259,9838346684,161653316,3155112344,107297440134,18549843100,203974,7864723,3788202900,162994947000,10190848220,18059302020,8439283745,980997509,28203188100,19002491,999963245,36755,102436,17251591,982748409,11252371909,2654348600,7823,2813115240,999980747,19253,999847336,152664,2813088164,1000,1000,1000,1000,1000,1000,1000
303000,24472240,629044,3020000000,18120000000,10000,60000,9961054883320,12837730,3343603601,2453,2995527760,1000,6098,2905157,5991050614,1202760650,18797239350,19316030450,9838781043,161218957,3166641757,107323063962,18609056200,193764,8141002,3796313900,163519997200,10225497058,18119364858,8464489580,981155916,28294852800,18844084,999949758,50242,2742,17242562,982757438,11285982538,2663189900,36,2821503700,999989294,10706,999827642,172358,2821492958,1000,1000,1000,1000,1000,1000,1000
304000,24512670,642774,3030000000,18180000000,10000,60000,9960964751562,3064865,3344884150,11803,3005487330,1000,5966,2882131,6010951054,1202745927,18797254073,19315968973,9839224449,160775551,3178161603,107348660337,18668284500,210632,7756909,3805125000,164045077800,10260069460,18179351260,8489694880,981139302,28386328200,18860698,999942725,57275,88523,17236043,982763957,11319592757,2672013900,8194,2829907320,999998751,1249,999823023,176977,2829897877,1000,1000,1000,1000,1000,1000,1000
305000,24553610,623016,3040000000,18240000000,10000,60000,9960855431578,12510038,3365466002,11907,3015446390,1000,67923,2890398,6030868966,1202764416,18797235584,19315874284,9839626822,160373178,3189692388,107374340222,18727477000,221246,8219525,3812918500,164569887600,10294625711,18239309061,8514814855,981309886,28478005800,18690114,999958142,41858,9556,17369401,982630599,11353083599,2680803400,8813,2838286180,999991377,8623,999841556,158444,2838268744,1000,1000,1000,1000,1000,1000,1000
306000,24594410,629474,3050000000,18300000000,10000,60000,9960765087765,2971223,3366989759,11869,3025405590,1000,64054,2885594,6050787442,1202773988,18797226012,19315786612,9840078526,159921474,3201211468,107399962265,18786710400,194140,7717335,3821856800,165095038400,10329205372,18299306472,8540046850,981284006,28569469500,18715994,999947241,52759,102635,17310385,982689615,11386729115,2689654500,8060,2846690380,999999945,55,999825935,174065,2846682265,1000,1000,1000,1000,1000,1000,1000
307000,24634770,636051,3060000000,18360000000,10000,60000,9960663407371,4802729,3379926233,2449,3035365230,1000,11065,2906142,6070725562,1202821300,18797178700,19315668300,9840515398,159484602,3212732760,107425657392,18845927800,144578,8005252,3829912400,165620073200,10363839284,18359352884,8565229404,981446919,28661133900,18553081,999948809,51191,12290,17313586,982686414,11420304814,2698508200,8076,2855086660,999996826,3174,999825190,174810,2855075410,1000,1000,1000,1000,1000,1000,1000
308000,24675280,626676,3070000000,18420000000,10000,60000,9960557172931,11136943,3397344953,10667,3045324720,1000,68920,2892504,6090628106,1202811274,18797188726,19315602526,9840932276,159067724,3224247782,107451262127,18905131200,132679,8192813,3838127600,166144899200,10398389604,18419304404,8590436716,981516896,28752693600,18483104,999946098,53902,15402,17300086,982699914,11453915314,2707312600,8300,2863487820,999999078,922,999823002,176998,2863478598,1000,1000,1000,1000,1000,1000,1000
309000,24715650,626392,3080000000,18480000000,10000,60000,9960463357664,5075886,3402412051,10648,3055284350,1000,63570,2895061,6110547404,1202824950,18797175050,19315509350,9841325499,158674501,3235766603,107476860975,18964360000,172388,7879943,3846830700,166669988000,10432980788,18479310038,8615627836,981524682,28844197800,18475318,999942903,57097,83921,17347485,982652515,11487503215,2716106300,8662,2871885740,999998301,1699,999826121,173879,2871875379,1000,1000,1000,1000,1000,1000,1000
310000,24756070,630084,3090000000,18540000000,10000,60000,9960363908236,4643554,3413040009,11773,3065243930,1000,63299,2892141,6130464314,1202830790,18797169210,19315422310,9841788379,158211621,3247292693,107502512644,19023588000,146846,7810408,3855295100,167195093600,10467561767,18539306617,8640833512,981609077,28935770700,18390923,999940307,59693,78130,17320818,982679182,11521110582,2724960000,108,2880279480,999997698,2302,999821230,178770,2880277070,1000,1000,1000,1000,1000,1000,1000
311000,24795130,636978,3100000000,18600000000,10000,60000,9960265655784,3015672,3422496163,12027,3075204870,1000,11025,2892105,6150385686,1202841956,18797158044,19315336844,9842230195,157769805,3258818581,107528140213,19082808500,200921,8101707,3863390300,167720145000,10502193997,18599351997,8665983664,981763635,29027427000,18236365,999948513,51487,6078,17383914,982616086,11554642286,2733797300,8580,2888675000,999992202,7798,999833878,166122,2888658622,1000,1000,1000,1000,1000,1000,1000
312000,24835470,623653,3110000000,18660000000,10000,60000,9960156360313,12438636,3443031817,12145,3085164530,1000,63644,2895111,6170304770,1202864449,18797135551,19315243251,9842633129,157366871,3270331199,107553769476,19142037000,185589,8076851,3871815000,168245195600,10536742603,18659312703,8691202457,981837270,29118985500,18162730,999955225,44775,10255,17372198,982627802,11588264502,2742606700,93,2897078460,999983678,16322,999834755,165245,2897062045,1000,1000,1000,1000,1000,1000,1000
313000,24874260,639192,3120000000,18720000000,10000,60000,9960064304283,4633459,3446447544,2186,3095125740,1000,11168,2915877,6190247108,1202897542,18797102458,19315135558,9842949783,157050217,3281847991,107579353738,19201252200,171290,8166996,3880099900,168770087600,10571375690,18719349640,8716432442,981897985,29210533800,18102015,999949361,50639,18276,17387634,982612366,11621907066,2751348900,46,2905483240,999991430,8570,999829676,170324,2905474624,1000,1000,1000,1000,1000,1000,1000
314000,24913120,636030,3130000000,18780000000,10000,60000,9959965697741,3366602,3456253225,2480,3105086880,1000,5830,2907323,6210168800,1202917643,18797082357,19315039257,9843387657,156612343,3293366957,107604987075,19260496900,167235,8120268,3888584000,169295273800,10605965640,18779358140,8741648883,981985089,29302105500,18014911,999955659,44341,13670,17357487,982642513,11655526113,2760189500,97,2913894520,999982807,17193,999834670,165330,2913877230,1000,1000,1000,1000,1000,1000,1000
315000,24953360,632569,3140000000,18840000000,10000,60000,9959858549524,10628010,3474668992,2167,3115046640,1000,10812,2910836,6230088946,1202923834,18797076166,19314959166,9843751424,156248576,3304881570,107630562829,19319715600,182640,7770009,3897332900,169820252800,10640555269,18839356619,8766868652,981954758,29393569800,18045242,999945181,54819,107423,17376271,982623729,11689154729,2768958800,42,2922296540,999989579,10421,999826823,173177,2922286077,1000,1000,1000,1000,1000,1000,1000
316000,24993040,631775,3150000000,18900000000,10000,60000,9959764713541,4570065,3479666233,12034,3125006960,1000,11260,2887416,6249989852,1202919806,18797080194,19314886094,9844189124,155810876,3316397876,107656092834,19378950000,226217,8175400,3905444100,170345330400,10675142565,18899356965,8792111640,982114697,29485207200,17885303,999940114,59886,19517,17311277,982688723,11722815223,2777781100,86,2930704560,999999109,891,999817617,182383,2930703583,1000,1000,1000,1000,1000,1000,1000
317000,25031960,625423,3160000000,18960000000,10000,60000,9959657098074,12314972,3498626285,2372,3134968040,1000,6176,2906977,6269931336,1202944846,18797055154,19314788654,9844496663,155503337,3327900999,107681771120,19438199700,147223,7762550,3914183700,170870455400,10709739901,18959368401,8817349748,982106375,29576679300,17893625,999945656,54344,105781,17324333,982675667,11756462967,2786527000,50,2939123360,999989909,10091,999829481,170519,2939113219,1000,1000,1000,1000,1000,1000,1000
318000,25072220,640208,3170000000,19020000000,10000,60000,9959566563026,2944093,3500395335,12057,3144927780,1000,5818,2887796,6289831446,1202932719,18797067281,19314726281,9844849044,155150956,3339412490,107707393886,19497448200,140329,7602678,3922685200,171395678000,10744305124,19019353974,8842574094,982197020,29668255800,17802980,999945325,54675,89305,17383611,982616389,11790095589,2795268000,56,2947531160,999990391,9609,999829005,170995,2947521495,1000,1000,1000,1000,1000,1000,1000
319000,25112320,627260,3180000000,19080000000,10000,60000,9959466702315,2915511,3511520187,12067,3154887680,1000,10779,2891450,6309751226,1202938726,18797061274,19314645674,9845221210,154778790,3350934436,107732943884,19556653700,201508,7663010,3931022900,171920615400,10778905211,19079361961,8867771326,982266868,29759828700,17733132,999936032,63968,84764,17440938,982559062,11823694362,2804038000,86,2955925340,999997782,2218,999817164,182836,2955923036,1000,1000,1000,1000,1000,1000,1000
320000,25151800,632557,3190000000,19140000000,10000,60000,9959365144157,4609315,3524411676,3865,3164848200,1000,6229,2904791,6329688670,1202972372,18797027628,19314538128,9845555209,154444791,3362452779,107758559828,19615874100,203021,8042634,3938999800,172445557000,10813498164,19139361214,8892973896,982414690,29851465200,17585310,999946973,53027,21783,17491687,982508313,11857295313,2812791100,38,2964331100,999990355,9645,999826583,173417,2964321417,1000,1000,1000,1000,1000,1000,1000
321000,25191510,625303,3200000000,19200000000,10000,60000,9959257575415,12308860,3543226844,3882,3174808490,1000,63352,2905668,6349609216,1202998275,18797001725,19314436125,9845969112,154030888,3373981428,107784256518,19675076200,175755,8138679,3947184600,172970460400,10848042095,19199311345,8918126895,982508746,29943067500,17491254,999952837,47163,9691,17574596,982425404,11890829304,2821596900,43,2972722120,999980332,19668,999835291,164709,2972702409,1000,1000,1000,1000,1000,1000,1000
322000,25231020,631129,3210000000,19260000000,10000,60000,9959165405861,4585245,3546621265,10352,3184768980,1000,11356,2890864,6369517256,1203000906,18796999094,19314357694,9846344056,153655944,3385489212,107809789565,19734328400,232574,7768797,3956043200,173495650400,10882670415,19259357515,8943372456,982493868,30034532700,17506132,999953281,46719,100813,17557757,982442243,11924490143,2830372100,98,2981137180,999980605,19395,999836513,163487,2981117687,1000,1000,1000,1000,1000,1000,1000
323000,25270370,638403,3220000000,19320000000,10000,60000,9959057401911,12728807,3565929891,2506,3194729630,1000,64106,2909436,6389454248,1203040118,18796959882,19314246482,9846720784,153279216,3397012432,107835425536,19793535700,218840,7832579,3964319000,174020566600,10917204041,19319297491,8968561351,982565458,30126108000,17434542,999952350,47650,100292,17599641,982400359,11958075859,2839162600,45,2989532380,999982173,17827,999834292,165708,2989514508,1000,1000,1000,1000,1000,1000,1000
324000,25309480,630418,3230000000,19380000000,10000,60000,9958967056797,3171408,3567409731,10405,3204690520,1000,11215,2893993,6409360230,1203028905,18796971095,19314178595,9847191107,152808893,3408535437,107860999227,19852753800,225719,8255527,3972371000,174545559600,10951855117,19379358367,8993785790,982719629,30217752900,17280371,999939911,60089,12782,17529992,982470008,11991713308,2848015900,46,2997930800,999996764,3236,999819782,180218,2997927518,1000,1000,1000,1000,1000,1000,1000
325000,25348570,635784,3240000000,19440000000,10000,60000,9958867163608,3162207,3578561732,10442,3214651430,1000,64477,2891749,6429281976,1203029315,18796970685,19314109285,9847542791,152457209,3420050567,107886711828,19911998100,139865,7677029,3981220700,175070740200,10986378239,19439299739,9019001135,982699403,30309231000,17300597,999941134,58866,103131,17581796,982418204,12025331904,2856774200,63,3006339660,999991172,8828,999824331,175669,3006330769,1000,1000,1000,1000,1000,1000,1000
326000,25388090,629282,3250000000,19500000000,10000,60000,9958765498519,4919215,3591448439,10349,3224611910,1000,62110,2898102,6449203122,1203019134,18796980866,19314044466,9847941938,152058062,3431573060,107912308507,19971209100,224884,7831773,3989438000,175595691000,11020979058,19499308608,9044141126,982793007,30400828800,17206993,999956704,43296,100097,17687071,982312929,12058850029,2865572000,8640,3014731960,999985583,14417,999841097,158903,3014708903,1000,1000,1000,1000,1000,1000,1000
327000,25427890,637350,3260000000,19560000000,10000,60000,9958657904512,12616184,3610297457,10581,3234572110,1000,12144,2901415,6469123058,1203013296,18796986704,19313972104,9848315425,151684575,3443095283,107937958695,20030416800,171165,8047155,3997521000,176120660000,11055611356,19559350506,9069350750,982936882,30492475200,17063118,999937802,62198,15520,17729370,982270630,12092467230,2874343200,8570,3023126360,999998690,1310,999822020,177980,3023116480,1000,1000,1000,1000,1000,1000,1000
328000,25466760,628803,3270000000,19620000000,10000,60000,9958567798395,2843464,3611605003,10347,3244533240,1000,68534,2894753,6489045786,1203021359,18796978641,19313880441,9848747327,151252673,3454614113,107963635009,20089662100,141496,7690071,4006271100,176645815400,11090146963,19619302663,9094552490,982957073,30583965600,17042927,999959008,40992,100135,17717245,982282755,12126064455,2883179000,8360,3031536920,999983405,16595,999838735,161265,3031511965,1000,1000,1000,1000,1000,1000,1000
329000,25505130,632095,3280000000,19680000000,10000,60000,9958458450151,12322078,3632283384,2192,3254494870,1000,6830,2917350,6508985356,1203044229,18796955771,19313775971,9849084690,150915310,3466128646,107989194468,20148905300,190494,7940957,4014443200,177170992200,11124787225,19679361075,9119781757,983114978,30675612900,16885022,999952832,47168,17654,17745697,982254303,12159703003,2891941400,95,3039939360,999981981,18019,999836354,163646,3039921246,1000,1000,1000,1000,1000,1000,1000
330000,25543470,625729,3290000000,19740000000,10000,60000,9958366438524,4429060,3635484505,12058,3264456530,1000,10937,2893801,6528888944,1203036484,18796963516,19313706416,9849479659,150520341,3477641303,108014804023,20208142000,165837,7656933,4023137400,177696052800,11159377784,19739363334,9145013476,983099282,30767091000,16900718,999943102,56898,100920,17725344,982274656,12193347556,2900727300,8524,3048353840,999988764,11236,999836820,163180,3048334080,1000,1000,1000,1000,1000,1000,1000
331000,25582560,639463,3300000000,19800000000,10000,60000,9958258389621,12597626,3654813230,10622,3274417440,1000,5712,2897368,6548813636,1203050047,18796949953,19313615253,9849825012,150174988,3489143248,108040365700,20267391100,143536,7703259,4031557300,178221169400,11193955625,19799354825,9170290915,983186216,30858639600,16813784,999946028,53972,94512,17655997,982344003,12227054303,2909495400,8881,3056773020,999999249,751,999829312,170688,3056763388,1000,1000,1000,1000,1000,1000,1000
332000,25621760,630822,3310000000,19860000000,10000,60000,9958168304638,2810973,3656207954,3625,3284378240,1000,11851,2912251,6568749230,1203072811,18796927189,19313516689,9850168309,149831691,3500653039,108065875288,20326639100,213198,8061483,4039704100,178746330200,11228541577,19859357327,9195546507,983338477,30950278200,16661523,999936139,63861,8162,17631555,982368445,12260727845,2918264500,109,3065183940,999997507,2493,999826262,173738,3065181338,1000,1000,1000,1000,1000,1000,1000
333000,25660700,620808,3320000000,19920000000,10000,60000,9958068423830,2786691,3667262980,10653,3294339300,1000,63135,2903295,6588657294,1203056121,18796943879,19313452679,9850593505,149406495,3512166499,108091482015,20385849300,206460,8098790,4048081800,179271273800,11263092607,19919316057,9220760355,983413485,31041835200,16586515,999937410,62590,15125,17613370,982386630,12294346830,2927084300,95,3073587500,999999070,930,999815925,184075,3073586475,1000,1000,1000,1000,1000,1000,1000
334000,25700330,624077,3330000000,19980000000,10000,60000,9957960443005,10911205,3686562665,3736,3304299670,1000,5801,2911192,6608591868,1203094610,18796905390,19313339190,9850953868,149046132,3523694136,108117142113,20445083300,180070,8005288,4056485200,179796377000,11297731972,19979370122,9245956539,983490392,31133410800,16509608,999934953,65047,10761,17676122,982323878,12327941578,2935851600,79,3081986540,999998578,1422,999821961,178039,3081985039,1000,1000,1000,1000,1000,1000,1000
335000,25739320,640436,3340000000,20040000000,10000,60000,9957858887140,12557213,3699348482,12118,3314260680,1000,11030,2896745,6628497124,1203077053,18796922947,19313278947,9851311495,148688505,3535206019,108142799157,20504303300,140729,7668518,4065134500,180321353800,11332301834,20039348534,9271163991,983489767,31224895800,16510233,999941829,58171,96062,17732071,982267929,12361548829,2944602600,45,3090394360,999990523,9477,999825062,174938,3090384838,1000,1000,1000,1000,1000,1000,1000
336000,25778350,637820,3350000000,20100000000,10000,60000,9957768450828,3123323,3701018824,12126,3324221650,1000,58808,2895253,6648419048,1203105551,18796894449,19313179649,9851709267,148290733,3546709515,108168324093,20563571300,203396,7555027,4073792600,180846661000,11366833472,20099303372,9296415014,983545616,31316433300,16454384,999939279,60721,108463,17670049,982329951,12395219451,2953418800,8140,3098814280,999998297,1703,999827063,172937,3098804437,1000,1000,1000,1000,1000,1000,1000
337000,25815610,625714,3360000000,20160000000,10000,60000,9957668639134,3046008,3712100828,12103,3334184390,1000,11273,2894946,6668344574,1203107842,18796892158,19313100058,9852051894,147948106,3558211768,108193924047,20622799700,163388,8140670,4081648200,181371584200,11401488963,20159363013,9321678867,983723897,31408077900,16276103,999948142,51858,16345,17612378,982387622,12428899422,2962184700,103,3107237860,999982798,17202,999831045,168955,3107220555,1000,1000,1000,1000,1000,1000,1000
338000,25854820,626108,3370000000,20220000000,10000,60000,9957561214073,10595229,3730849547,10328,3344145180,1000,63195,2903614,6688269704,1203125602,18796874398,19313004398,9852368086,147631914,3569718790,108219524997,20682035800,138110,8041373,4090098300,181896693200,11436021847,20219310697,9346916332,983799038,31499640000,16200962,999936807,63193,7769,17645737,982354263,12462554863,2970919000,8030,3115647300,999999261,739,999819569,180431,3115638531,1000,1000,1000,1000,1000,1000,1000
339000,25893230,633139,3380000000,20280000000,10000,60000,9957467195792,4730212,3736172712,11764,3354106770,1000,64226,2902088,6708190012,1203129804,18796870196,19312916296,9852703812,147296188,3581244224,108245161878,20741250000,147175,7734633,4098693500,182421618400,11470607735,20279302635,9372090009,983799087,31591126500,16200913,999949138,50862,103951,17762742,982237258,12496117258,2979649600,8189,3124043700,999991738,8262,999832951,167049,3124027249,1000,1000,1000,1000,1000,1000,1000
340000,25931490,645196,3390000000,20340000000,10000,60000,9957367754665,4316380,3746940077,2202,3364068510,1000,11089,2919381,6728132616,1203165345,18796834655,19312798655,9853049979,146950021,3592754295,108270703709,20800507400,177465,7998511,4106912900,182946864400,11505228115,20339343715,9397351364,983960148,31682766000,16039852,999938106,61894,13958,17724994,982275006,12529801706,2988428300,8260,3132458940,999999662,338,999825858,174142,3132450342,1000,1000,1000,1000,1000,1000,1000
341000,25970170,636604,3400000000,20400000000,10000,60000,9957260017527,12182176,3766000655,2125,3374029830,1000,63637,2926269,6748055410,1203183203,18796816797,19312699197,9853372731,146627269,3604264941,108296254579,20859737500,214062,7736171,4115584900,183471910200,11539772559,20399299759,9422588656,983968307,31774256400,16031693,999933154,66846,82447,17757191,982242809,12563450909,2997163200,50,3140864200,999998103,1897,999820847,179153,3140862253,1000,1000,1000,1000,1000,1000,1000
342000,26009400,626724,3410000000,20460000000,10000,60000,9957161440851,10876608,3775855750,3647,3383990600,1000,6334,2916536,6767973906,1203196959,18796803041,19312611641,9853705844,146294156,3615768450,108321858107,20918972000,190049,8222993,4123506700,183996876800,11574433642,20459366942,9447827476,984130525,31865891700,15869475,999945177,54823,6052,17749276,982250724,12597100624,3005911300,7740,3149288920,999991968,8032,999832252,167748,3149273148,1000,1000,1000,1000,1000,1000,1000
343000,26047980,650685,3420000000,20520000000,10000,60000,9957069750391,2703960,3778909326,2195,3393952020,1000,5931,2917216,6787899650,1203225251,18796774749,19312506049,9853988244,146011756,3627276394,108347435119,20978222200,177583,7991194,4132109800,184522062800,11608992234,20519343384,9473091405,984188721,31957423500,15811279,999939255,60745,19234,17782629,982217371,12630788271,3014611500,8367,3157706040,999999193,807,999823034,176966,3157696866,1000,1000,1000,1000,1000,1000,1000
344000,26087220,618773,3430000000,20580000000,10000,60000,9956960393289,12151591,3799515729,11742,3403912780,1000,67850,2899462,6807802076,1203208580,18796791420,19312445320,9854316738,145683262,3638781414,108372970606,21037462200,195855,7673553,4140873000,185047130800,11643550477,20579313377,9498361385,984162956,32048882400,15837044,999924143,75857,107287,17770502,982229498,12664481498,3023337400,41,3166121200,999998954,1046,999816287,183713,3166120113,1000,1000,1000,1000,1000,1000,1000
345000,26125680,629476,3440000000,20640000000,10000,60000,9956870090270,2613416,3801184194,2372,3413874320,1000,63737,2918682,6827743896,1203257386,18796742614,19312317914,9854642838,145357162,3650294934,108398565168,21096687100,239929,7838782,4149094800,185572107000,11678135987,20639306787,9523555172,984269138,32140465200,15730862,999945137,54863,100699,17836627,982163373,12698067673,3032091800,110,3174530280,999982331,17669,999832999,167001,3174512501,1000,1000,1000,1000,1000,1000,1000
346000,26163330,637591,3450000000,20700000000,10000,60000,9956769894891,2944897,3812722773,2437,3423836670,1000,64006,2922610,6847668466,1203289788,18796710212,19312208212,9854950750,145049250,3661806016,108424182377,21155918900,221219,8174012,4157091400,186097157000,11712715953,20699298403,9548781285,984439925,32232122400,15560075,999946757,53243,8832,17895647,982104353,12731702053,3040813200,91,3182939840,999981019,18981,999833232,166768,3182920768,1000,1000,1000,1000,1000,1000,1000
347000,26200750,614924,3460000000,20760000000,10000,60000,9956670010948,2947889,3823890216,3855,3433799250,1000,11263,2921337,6867590790,1203300137,18796699863,19312115763,9855303163,144696837,3673324153,108449808578,21215169500,213493,7543062,4166060400,186622421400,11747368663,20759373813,9573996226,984420100,32323595100,15579900,999936557,63443,100557,17955331,982044669,12765325969,3049569800,8560,3191345300,999993003,6997,999829457,170543,3191329743,1000,1000,1000,1000,1000,1000,1000
348000,26239010,632994,3470000000,20820000000,10000,60000,9956560530349,12550132,3844662127,2454,3443760990,1000,63329,2913323,6887517072,1203316981,18796683019,19312022119,9855631377,144368623,3684830049,108475299641,21274414500,233278,8162613,4173995000,187147421000,11781891677,20819303677,9599301708,984585833,32415221400,15414167,999936906,63094,11973,17849365,982150635,12799065735,3058318400,46,3199773700,999990373,9627,999826473,173527,3199764027,1000,1000,1000,1000,1000,1000,1000
349000,26276930,633336,3480000000,20880000000,10000,60000,9956462366964,10827121,3854122675,3572,3453723070,1000,63505,2911158,6907438996,1203321285,18796678715,19311937415,9855948202,144051798,3696332598,108500930149,21333682100,184810,7581983,4182948100,187672707400,11816469209,20879303159,9624564486,984572539,32506676400,15427461,999938692,61308,107453,17849967,982150033,12832749133,3067054600,48,3208195240,999989455,10545,999829553,170447,3208184647,1000,1000,1000,1000,1000,1000,1000
350000,26314260,629908,3490000000,20940000000,10000,60000,9956370654148,2660542,3857161272,3770,3463685740,1000,63956,2913190,6927363940,1203334790,18796665210,19311844210,9856258130,143741870,3707845670,108526527689,21392913600,197311,8120370,4190770700,188197685600,11851064986,20939306136,9649777179,984760119,32598346500,15239881,999947619,52381,8500,17911321,982088679,12866363279,3075776400,101,3216605080,999981121,18879,999845200,154800,3216586100,1000,1000,1000,1000,1000,1000,1000
351000,26351920,632330,3500000000,21000000000,10000,60000,9956260985437,12454665,3878107513,10669,3473648080,1000,11125,2902026,6947274822,1203355002,18796644998,19311744398,9856600774,143399226,3719351596,108552108657,21452142100,236065,7789703,4199496900,188722732200,11885703545,20999356545,9674987812,984752400,32689825800,15247600,999954074,45926,102274,17970662,982029338,12899975238,3084524000,8240,3225021200,999974466,25534,999848674,151326,3224987426,1000,1000,1000,1000,1000,1000,1000
352000,26389410,629457,3510000000,21060000000,10000,60000,9956170684600,2906403,3879794599,2247,3483610590,1000,6268,2923010,6967216686,1203398303,18796601697,19311624997,9856887690,143112310,3730852876,108577659425,21511404600,219536,7711726,4208026200,189247939600,11920293625,21059364275,9700282977,984823112,32781362400,15176888,999946899,53101,100487,17922410,982077590,12933704090,3093251500,49,3233440800,999980362,19638,999842187,157813,3233421113,1000,1000,1000,1000,1000,1000,1000
353000,26426700,631727,3520000000,21120000000,10000,60000,9956069537787,4166073,3892281361,2193,3493573300,1000,6581,2922974,6987142214,1203405560,18796594440,19311540740,9857159966,142840034,3742352280,108603271152,21570643600,159073,7666167,4216427000,189772999200,11954879692,21119361692,9725556709,984899169,32872909800,15100831,999946144,53856,100675,17932866,982067134,12967401634,3101949900,101,3241866960,999978066,21934,999834675,165325,3241844925,1000,1000,1000,1000,1000,1000,1000
354000,26464060,623867,3530000000,21180000000,10000,60000,9955969247658,4562679,3903881917,3570,3503535940,1000,11407,2916998,7007064740,1203404437,18796595563,19311463863,9857458682,142541318,3753860922,108628831735,21629882500,153742,7727567,4224768800,190298028200,11989473276,21179364726,9750810464,984974705,32964459000,15025295,999943664,56336,100659,17944195,982055805,13001076605,3110662500,8638,3250286820,999987959,12041,999833459,166541,3250266141,1000,1000,1000,1000,1000,1000,1000
355000,26501590,617182,3540000000,21240000000,10000,60000,9955871055989,2862099,3913370933,10361,3513498410,1000,67315,2903436,7026976098,1203406988,18796593012,19311384912,9857755464,142244536,3765360862,108654325913,21689146600,196645,7577907,4233402000,190823316400,12024001553,21239315503,9776107848,985047058,33056001300,14952942,999932544,67456,93586,17928538,982071462,13034809962,3119370700,8180,3258711800,999998494,1506,999816586,183414,3258702114,1000,1000,1000,1000,1000,1000,1000
356000,26538460,615464,3550000000,21300000000,10000,60000,9955771194830,2856664,3924546898,10428,3523461540,1000,67403,2901310,7046902224,1203429394,18796570606,19311280706,9858080350,141919650,3776869274,108679867014,21748396700,189837,7697317,4241762000,191348376600,12058593183,21299317133,9801392957,985118842,33147538500,14881158,999927559,72441,98617,17862160,982137840,13068523640,3128113300,49,3267131640,999999092,908,999818117,181883,3267130683,1000,1000,1000,1000,1000,1000,1000
357000,26576470,622741,3560000000,21360000000,10000,60000,9955669674668,4509583,3937445489,2483,3533423530,1000,6154,2920412,7066842094,1203457951,18796542049,19311174149,9858351108,141648892,3788366602,108705486836,21807642000,185733,8098989,4249719800,191873476800,12093234055,21359371105,9826623399,985303233,33239202000,14696767,999940756,59244,5423,17922024,982077976,13102157576,3136826600,35,3275555080,999979132,20868,999833723,166277,3275534177,1000,1000,1000,1000,1000,1000,1000
358000,26612800,624178,3570000000,21420000000,10000,60000,9955562141952,12142172,3956274138,11910,3543387200,1000,63071,2900786,7086750580,1203447524,18796552476,19311103776,9858643134,141356866,3799874314,108731010968,21866899400,221477,7688503,4258564900,192398649200,12127759601,21419312751,9851891961,985293995,33330653400,14706005,999945710,54290,100415,17943554,982056446,13135850246,3145519400,89,3283975480,999982894,17106,999834815,165185,3283958285,1000,1000,1000,1000,1000,1000,1000
359000,26650650,633565,3580000000,21480000000,10000,60000,9955471594389,2829472,3958190560,3929,3553349350,1000,58428,2911546,7106690842,1203480761,18796519239,19310992839,9858928974,141071026,3811378516,108756541191,21926143600,195492,7819463,4266897500,192923720800,12162343407,21479308007,9877196352,985377110,33422213400,14622890,999922771,77229,72061,17879309,982120691,13169594191,3154241300,106,3292400780,999997165,2835,999816561,183439,3292397839,1000,1000,1000,1000,1000,1000,1000
360000,26688890,622553,3590000000,21540000000,10000,60000,9955363738240,10790842,3977386184,12053,3563311110,1000,68638,2900928,7126598114,1203480282,18796519718,19310914618,9859194612,140805388,3822889026,108782224263,21985369000,140726,8102664,4274822300,193448663600,12196938459,21539308809,9902392541,985539449,33513853800,14460551,999944612,55388,10263,18023922,981976078,13203184778,3162903700,93,3300808160,999984170,15830,999836063,163937,3300792237,1000,1000,1000,1000,1000,1000,1000
361000,26726910,638265,3600000000,21600000000,10000,60000,9955262212776,12437388,3990248400,11757,3573273090,1000,6375,2899146,7146522666,1203491464,18796508536,19310821936,9859485214,140514786,3834397080,108807792342,22044606400,144373,7692697,4283619100,193973748000,12231571910,21599355360,9927647189,985523025,33605316000,14476975,999937930,62070,101505,18059016,981940984,13236857584,3171610800,41,3309226440,999983996,16004,999829105,170895,3309210395,1000,1000,1000,1000,1000,1000,1000
362000,26764140,622285,3610000000,21660000000,10000,60000,9955172208282,2550108,3991560724,10378,3583235860,1000,68073,2900652,7166450964,1203493190,18796506810,19310741810,9859792888,140207112,3845902852,108833294465,22103874100,224238,7601005,4292197600,194499024200,12266104892,21659309642,9952900208,985594324,33696859800,14405676,999938725,61275,109401,18073093,981926907,13270530807,3180341000,8450,3317647460,999991589,8411,999834001,165999,3317630599,1000,1000,1000,1000,1000,1000,1000
363000,26801080,620824,3620000000,21720000000,10000,60000,9955072090541,2795750,4003001827,10396,3593198920,1000,68189,2908229,7186377048,1203515991,18796484009,19310640309,9860120711,139879289,3857418559,108858957850,22163073300,153957,7769627,4300308800,195023821000,12300706337,21719310987,9978107479,985680370,33788438700,14319630,999938539,61461,101869,18125790,981874210,13304140310,3189079200,8443,3326050260,999991014,8986,999831169,168831,3326032831,1000,1000,1000,1000,1000,1000,1000
364000,26838310,634048,3630000000,21780000000,10000,60000,9954970555059,4429624,4015845251,10402,3603161690,1000,69255,2910151,7206302576,1203510183,18796489817,19310567817,9860434769,139565231,3868940245,108884473405,22222308800,240469,7817167,4308674300,195548922400,12335277647,21779296697,10003327376,985763571,33880019100,14236429,999928229,71771,86658,18201182,981798818,13337769118,3197797100,8288,3334452180,999997850,2150,999828958,171042,3334441742,1000,1000,1000,1000,1000,1000,1000
365000,26874830,629021,3640000000,21840000000,10000,60000,9954872597143,2531683,4025171232,3759,3613125170,1000,63150,2920027,7226242822,1203547726,18796452274,19310452874,9860716893,139283107,3880436415,108910118926,22281576500,164409,8080630,4316792100,196074141800,12369871029,21839307829,10028605586,985944455,33971653500,14055545,999946100,53900,1045,18178059,981821941,13371469341,3206523300,8304,3342886380,999985679,14321,999839145,160855,3342863755,1000,1000,1000,1000,1000,1000,1000
366000,26911630,632594,3650000000,21900000000,10000,60000,9954764470605,10771489,4044591820,11772,3623088370,1000,6299,2899335,7246153196,1203553494,18796446506,19310367806,9861018945,138981055,3891939941,108935610523,22340841100,183529,7974737,4325399300,196599356600,12404506457,21899361107,10053916472,985994237,34063169100,14005763,999931121,68879,15584,18123412,981876588,13405221888,3215232200,8280,3351313920,999999776,224,999826384,173616,3351305416,1000,1000,1000,1000,1000,1000,1000
367000,26949260,615320,3660000000,21960000000,10000,60000,9954671335266,4027712,4049082459,10649,3633050740,1000,67405,2908565,7266080182,1203564478,18796435522,19310274122,9861294035,138705965,3903440217,108961196736,22400064000,183410,7713389,4334022100,197124300000,12439056525,21959317275,10079151561,985990355,34154640000,14009645,999937737,62263,108782,18179321,981820679,13438865679,3223934000,8075,3359731400,999990793,9207,999828382,171618,3359714118,1000,1000,1000,1000,1000,1000,1000
368000,26986390,634746,3670000000,22020000000,10000,60000,9954571476836,4014881,4060259892,11822,3643013610,1000,10956,2907135,7286003576,1203586117,18796413883,19310172183,9861606505,138393495,3914944381,108986774310,22459321300,164031,7750469,4342408700,197649447400,12473678998,22019354298,10104419525,986073136,34246194600,13926864,999935183,64817,103747,18156922,981843078,13472557278,3232665700,8041,3368152060,999993734,6266,999832947,167053,3368137753,1000,1000,1000,1000,1000,1000,1000
369000,27023260,622919,3680000000,22080000000,10000,60000,9954471308722,4314221,4071791454,3971,3652976740,1000,11456,2918195,7305945538,1203605743,18796394257,19310064457,9861893225,138106775,3926452263,109012405594,22518570200,147021,8100716,4350420000,198174592400,12508274875,22079365625,10129661620,986260746,34337856900,13739254,999943351,56649,12405,18201385,981798615,13506204915,3241386500,50,3376575080,999968265,31735,999845405,154595,3376543295,1000,1000,1000,1000,1000,1000,1000
370000,27060740,643908,3690000000,22140000000,10000,60000,9954372982347,2751236,4081426640,3885,3662939260,1000,6415,2921254,7325870750,1203610483,18796389517,19309983517,9862196486,137803514,3937950636,109037904799,22577841600,171539,7612730,4359415100,198699876800,12542837577,22139349677,10154964677,986235283,34429293600,13764717,999935629,64371,106346,18142569,981857431,13539947631,3250116600,91,3384998860,999984185,15815,999834446,165554,3384982954,1000,1000,1000,1000,1000,1000,1000
371000,27097140,623977,3700000000,22200000000,10000,60000,9954271874859,3992820,4093919053,2149,3672902860,1000,63087,2929511,7345801422,1203637479,18796362521,19309878021,9862472429,137527571,3949469151,109063463609,22637058300,226518,7708840,4367659500,199224816600,12577394186,22199312936,10180168271,986321768,34520869500,13678232,999939277,60723,102009,18260938,981739062,13573551062,3258804700,71,3393402760,999980102,19898,999838009,161991,3393382791,1000,1000,1000,1000,1000,1000,1000
372000,27134350,634926,3710000000,22260000000,10000,60000,9954165275553,10727003,4111923042,3842,3682865650,1000,6321,2922723,7365723616,1203669556,18796330444,19309770844,9862697657,137302343,3960970973,109088997999,22696310200,202789,7709460,4376043600,199749915600,12612027803,22259358753,10205462947,986398767,34612413900,13601233,999931163,68837,91996,18279649,981720351,13607283651,3267450300,8381,3401829920,999999165,835,999827596,172404,3401820704,1000,1000,1000,1000,1000,1000,1000
373000,27171690,633565,3720000000,22320000000,10000,60000,9954065664612,10424299,4122775569,12060,3692828310,1000,64552,2903970,7385632500,1203650511,18796349489,19309710789,9863035370,136964630,3972482670,109114660587,22755552200,150143,8015055,4384058900,200275003600,12646558183,22319301883,10230689462,986569304,34704063900,13430696,999941114,58886,10510,18322048,981677952,13640915352,3276185200,8178,3410245860,999988208,11792,999838910,161090,3410225890,1000,1000,1000,1000,1000,1000,1000
374000,27207720,626754,3730000000,22380000000,10000,60000,9953965792174,10424238,4134004868,12015,3702792280,1000,68044,2905800,7405560530,1203670312,18796329688,19309613688,9863304700,136695300,3983979530,109140113134,22814802400,180641,7818522,4392796700,200800093600,12681149652,22379305202,10256020706,986558111,34795519800,13441889,999919436,80564,77325,18240619,981759381,13674693481,3284885700,44,3418675200,999997619,2381,999818525,181475,3418672775,1000,1000,1000,1000,1000,1000,1000
375000,27243320,634585,3740000000,22440000000,10000,60000,9953873933709,2411998,4137215819,3644,3712756680,1000,11699,2918649,7425506072,1203697207,18796302793,19309513593,9863600871,136399129,3995486043,109165695116,22874074100,181777,7627985,4401414700,201325369800,12715777366,22439353716,10281277659,986614514,34887046500,13385486,999927245,72755,101931,18240472,981759528,13708369928,3293620900,8259,3427101380,999999148,852,999829131,170869,3427092269,1000,1000,1000,1000,1000,1000,1000
376000,27278960,622218,3750000000,22500000000,10000,60000,9953773702980,2752195,4148827634,2393,3722721040,1000,6229,2925145,7445437294,1203704775,18796295225,19309433425,9863833275,136166725,4006983569,109191294851,22933315300,149632,8002189,4409380200,201850424200,12750384453,22499371553,10306540038,986793637,34978696500,13206363,999936498,63502,4661,18295823,981704177,13742050277,3302287000,9020,3435528580,999990679,9321,999830861,169139,3435510239,1000,1000,1000,1000,1000,1000,1000
377000,27315240,630257,3760000000,22560000000,10000,60000,9953664262616,12320226,4169632413,2185,3732684760,1000,63807,2917437,7465365150,1203724242,18796275758,19309331258,9864084423,135915577,4018479173,109216794547,22992594600,168602,7655837,4418241900,202375674800,12784900586,22559305936,10331867478,986780268,35070135900,13219732,999936251,63749,100483,18239405,981760595,13775816995,3310970400,96,3443968540,999981073,18927,999834383,165617,3443949517,1000,1000,1000,1000,1000,1000,1000
378000,27350970,624420,3770000000,22620000000,10000,60000,9953564668067,12028378,4180580958,3540,3742649030,1000,11588,2921600,7485290980,1203733245,18796266755,19309245755,9864357580,135642420,4029988560,109242265308,23051822700,247077,8106492,4426240000,202900647800,12819551342,22619363992,10357115190,986926864,35161766400,13073136,999925959,74041,20095,18281405,981718595,13809486495,3319660000,8240,3452380820,999998725,1275,999826095,173905,3452371305,1000,1000,1000,1000,1000,1000,1000
379000,27388630,640820,3780000000,22680000000,10000,60000,9953466398970,10407476,4190175953,12056,3752611370,1000,11114,2907849,7505198628,1203736846,18796263154,19309163254,9864628951,135371049,4041489579,109267867250,23111061400,202230,8204663,4434488300,203425662800,12854126816,22679348066,10382383793,987018303,35253332700,12981697,999924663,75337,6260,18310467,981689533,13843175133,3328338000,87,3460801200,999990227,9773,999827560,172440,3460791340,1000,1000,1000,1000,1000,1000,1000
380000,27425130,617488,3790000000,22740000000,10000,60000,9953364967065,11955110,4202954683,11858,3762574870,1000,68215,2902149,7525126024,1203746975,18796253025,19309075725,9864899471,135100529,4052996895,109293509737,23170325700,148358,7615532,4443400300,203950920200,12888672497,22739314297,10407644559,987013078,35344791300,12986922,999937743,62257,101965,18359506,981640494,13876853394,3337028600,91,3469226980,999981946,18054,999833265,166735,3469208835,1000,1000,1000,1000,1000,1000,1000
381000,27461300,614004,3800000000,22800000000,10000,60000,9953264772553,12254429,4214486046,12092,3772538700,1000,67195,2901801,7545053216,1203743982,18796256018,19308998218,9865167019,134832981,4064496835,109319003339,23229579500,209590,8161138,4451342200,204476009400,12923265651,22799318801,10432917411,987188256,35436438300,12811744,999935499,64501,5043,18360832,981639168,13910548868,3345723400,83,3477654580,999976960,23040,999841743,158257,3477631457,1000,1000,1000,1000,1000,1000,1000
382000,27497130,621309,3810000000,22860000000,10000,60000,9953165171901,12015987,4225517858,2165,3782502870,1000,11870,2919361,7565001410,1203795088,18796204912,19308865012,9865412879,134587121,4075995389,109344562714,23288838100,169976,7724720,4460206700,205001173000,12957898271,22859366821,10458223514,987171237,35527878300,12828763,999931667,68333,100330,18325216,981674784,13944291984,3354418900,86,3486086660,999981896,18104,999832530,167470,3486068470,1000,1000,1000,1000,1000,1000,1000
383000,27533310,628665,3820000000,22920000000,10000,60000,9953066615926,10698866,4235449850,2390,3792466690,1000,68770,2924884,7584928600,1203812892,18796187108,19308766608,9865678436,134321564,4087504536,109370145898,23348082000,181640,7967180,4468301600,205526316800,12992418015,22919302565,10483460806,987345942,35619529800,12654058,999933388,66612,7946,18412040,981587960,13977941660,3363102500,82,3494499180,999981756,18244,999832046,167954,3494480854,1000,1000,1000,1000,1000,1000,1000
384000,27570150,624195,3830000000,22980000000,10000,60000,9952965142575,12287419,4248249200,12131,3802429850,1000,63160,2905143,7604835438,1203814994,18796185006,19308679706,9865939537,134060463,4098996175,109395606254,23407347300,211299,7767447,4477032300,206051409000,13027017995,22979312645,10508782579,987327984,35710959600,12672016,999929135,70865,106451,18345672,981654328,14011706828,3371778800,39,3502934120,999990168,9832,999833751,166249,3502924249,1000,1000,1000,1000,1000,1000,1000
385000,27607280,644080,3840000000,23040000000,10000,60000,9952875159491,2401777,4249617895,2449,3812392720,1000,59340,2924576,7624780542,1203847168,18796152832,19308576532,9866214464,133785536,4110506006,109421254081,23466591100,164147,7992978,4485103400,206576558200,13061585580,23039296580,10534011247,987499440,35802619500,12500560,999930916,69084,7776,18417729,981582271,14045346171,3380489000,8561,3511349960,999993525,6475,999834176,165824,3511334924,1000,1000,1000,1000,1000,1000,1000
386000,27643780,619346,3850000000,23100000000,10000,60000,9952773519249,4144005,4262566102,3708,3822356220,1000,6155,2933673,7644705024,1203844054,18796155946,19308502346,9866526787,133473213,4122015211,109446799331,23525803600,166605,7918110,4493591200,207101405600,13096262099,23099374499,10559262677,987492466,35894101800,12507534,999918178,81822,79312,18413435,981586565,14079015965,3389216600,39,3519756140,999997187,2813,999825512,174488,3519753288,1000,1000,1000,1000,1000,1000,1000
387000,27681180,630657,3860000000,23160000000,10000,60000,9952675448003,2323078,4271940195,3838,3832318820,1000,63402,2919553,7664629964,1203847681,18796152319,19308418919,9866819707,133180293,4133517271,109472352109,23585066100,181917,8187416,4501777200,207626617000,13130775641,23159305941,10584536401,987657122,35985724200,12342878,999933664,66336,9942,18410441,981589559,14112712259,3397932400,8455,3528193140,999991173,8827,999829642,170358,3528175858,1000,1000,1000,1000,1000,1000,1000
388000,27716290,625772,3870000000,23220000000,10000,60000,9952574021889,3839243,4284710073,10684,3842283710,1000,63027,2908878,7684546052,1203832332,18796167668,19308353368,9867052602,132947398,4145014554,109497943537,23644343200,149821,7617699,4510706300,208151933600,13165358251,23219311201,10609831544,987642818,36077179500,12357182,999930004,69996,101486,18448442,981551558,14146436058,3406584100,104,3536622620,999981998,18002,999832786,167214,3536604514,1000,1000,1000,1000,1000,1000,1000
389000,27752130,625895,3880000000,23280000000,10000,60000,9952465789862,12201015,4304292578,10609,3852247870,1000,68270,2903541,7704474522,1203852977,18796147023,19308250923,9867321599,132678401,4156509621,109523352051,23703624000,242037,7696749,4519230400,208677221600,13199932485,23279305835,10635155448,987727567,36168717300,12272433,999921163,78837,89696,18376248,981623752,14180206652,3415286500,8320,3545061360,999998164,1836,999826096,173904,3545051204,1000,1000,1000,1000,1000,1000,1000
390000,27788720,619069,3890000000,23340000000,10000,60000,9952367357250,10739353,4314110573,12080,3862211280,1000,11919,2903420,7724398400,1203849503,18796150497,19308173597,9867541200,132458800,4168009000,109548943038,23762864400,208263,7680602,4527572000,209202238400,13234587162,23339369012,10660419626,987805999,36260258100,12194001,999929666,70334,100567,18441641,981558359,14213890759,3423930600,8620,3553485980,999993773,6227,999829567,170433,3553471133,1000,1000,1000,1000,1000,1000,1000
391000,27824930,631427,3900000000,23400000000,10000,60000,9952274343675,3878908,4318562774,2431,3872175070,1000,11462,2926488,7744345278,1203866483,18796133517,19308075117,9867743152,132256848,4179500530,109574469336,23822119700,188319,8208207,4535487700,209727277800,13269167211,23399357111,10685733613,987972913,36351887100,12027087,999921998,78002,7485,18410672,981589328,14247641328,3432587900,77,3561918260,999989532,10468,999832185,167815,3561907715,1000,1000,1000,1000,1000,1000,1000
392000,27860250,631916,3910000000,23460000000,10000,60000,9952175976630,2349209,4328241432,12069,3882139750,1000,63406,2904661,7764255362,1203860339,18796139661,19307998461,9868005419,131994581,4190992981,109600007014,23881390000,188941,8237772,4543916500,210252483200,13303698228,23459304678,10711036296,988062185,36443432100,11937815,999925270,74730,4285,18392389,981607611,14281375611,3441267800,54,3570357720,999981649,18351,999837785,162215,3570339315,1000,1000,1000,1000,1000,1000,1000
393000,27895740,642818,3920000000,23520000000,10000,60000,9952075891269,2570002,4339775552,2410,3892104260,1000,5871,2920850,7784203700,1203887971,18796112029,19307886929,9868207490,131792510,4202492190,109625556639,23940652600,160965,8098619,4552450600,210777689200,13338327311,23519351311,10736344862,988138438,36534964800,11861562,999923206,76794,9868,18402406,981597594,14315121994,3449919000,62,3578790660,999986534,13466,999827468,172532,3578777132,1000,1000,1000,1000,1000,1000,1000
394000,27932100,622778,3930000000,23580000000,10000,60000,9951966398976,12173836,4360638812,3617,3902067900,1000,63204,2919210,7804128566,1203899112,18796100888,19307799188,9868447730,131552270,4213993496,109651131595,23999917900,166843,8100281,4560822200,211302870200,13372874368,23579314018,10761603724,988221087,36626522100,11778913,999931333,68667,11946,18460222,981539778,14348797678,3458582800,44,3587215860,999978138,21862,999844646,155354,3587193954,1000,1000,1000,1000,1000,1000,1000
395000,27967870,622692,3940000000,23640000000,10000,60000,9951876133822,2565113,4362330516,2458,3912032130,1000,68498,2925159,7824059344,1203916035,18796083965,19307702765,9868658761,131341239,4225499005,109676557243,24059132600,228177,8205666,4569174100,211827753200,13407465810,23639308810,10786902849,988278337,36718050300,11721663,999911277,88723,14140,18483591,981516409,14382536709,3467219100,51,3595635180,999998731,1269,999812740,187260,3595633860,1000,1000,1000,1000,1000,1000,1000
396000,28004880,629525,3950000000,23700000000,10000,60000,9951776467222,2324583,4373253664,10588,3921995120,1000,63245,2902517,7843969064,1203904105,18796095895,19307635595,9868971843,131028157,4236998407,109702179779,24118410100,166036,8159565,4577627200,212353006600,13442045580,23699307230,10812187094,988364169,36809596500,11635831,999920474,79526,16605,18447411,981552589,14416246589,3475942500,36,3604068140,999991391,8609,999827305,172695,3604059495,1000,1000,1000,1000,1000,1000,1000
397000,28040200,623877,3960000000,23760000000,10000,60000,9951676378907,2543911,4384770702,3737,3931959800,1000,6247,2921365,7863912126,1203931618,18796068382,19307529682,9869189315,130810685,4248494741,109727730672,24177675900,148483,7993586,4586188100,212878257400,13476688276,23759369876,10837485968,988436463,36901136400,11563537,999913848,86152,16085,18462817,981537183,14449980983,3484606700,82,3612496020,999999077,923,999817685,182315,3612495015,1000,1000,1000,1000,1000,1000,1000
398000,28076540,634812,3970000000,23820000000,10000,60000,9951575253978,3762346,4397236664,10338,3941923460,1000,63811,2904074,7883826244,1203919224,18796080776,19307462676,9869427046,130572954,4259997290,109753311242,24236936300,157188,7573673,4594960400,213403454200,13511202527,23819301377,10862745015,988441228,36992610300,11558772,999923738,76262,100610,18547995,981452005,14483655105,3493256000,45,3620924880,999985255,14745,999828510,171490,3620910090,1000,1000,1000,1000,1000,1000,1000
399000,28111010,628845,3980000000,23880000000,10000,60000,9951468455863,10702548,4415485487,3673,3951888990,1000,63726,2923405,7903770634,1203958911,18796041089,19307346089,9869642375,130357625,4271501909,109778784778,24296176100,231260,8141001,4602833700,213928437000,13545802129,23879307429,10888000267,988606203,37084253700,11393797,999921149,78851,9946,18601879,981398121,14517332121,3501911100,8761,3629345320,999995295,4705,999833646,166354,3629331854,1000,1000,1000,1000,1000,1000,1000
400000,28146500,625615,3990000000,23940000000,10000,60000,9951368563049,10706975,4426774671,2479,3961853500,1000,62694,2926454,7923702042,1203961524,18796038476,19307261876,9869861166,130138834,4283002408,109804327324,24355429900,216470,8080873,4611292900,214453555000,13580393241,23939311691,10913302521,988674421,37175784000,11325579,999917219,82781,19398,18615877,981384123,14551067223,3510560800,63,3637773180,999991585,8415,999828298,171702,3637764702,1000,1000,1000,1000,1000,1000,1000
401000,28182600,635145,4000000000,24000000000,10000,60000,9951277082286,2295020,4429557729,3876,3971817400,1000,63335,2920961,7943627048,1203954706,18796045294,19307180594,9870170719,129829281,4294512467,109829970151,24414690000,187476,7989010,4619727500,214978794400,13614963120,23999301520,10938540323,988782454,37267361400,11217546,999925063,74937,7309,18664586,981335414,14584713714,3519285300,79,3646193620,999979850,20150,999839809,160191,3646173391,1000,1000,1000,1000,1000,1000,1000
402000,28218750,625860,4010000000,24060000000,10000,60000,9951177226992,2288641,4440817218,3959,3981781250,1000,10826,2918595,7963554582,1203978333,18796021667,19307067867,9870397045,129602955,4306007027,109855406914,24473923500,232791,8206866,4628019500,215503730200,13649620614,24059363314,10963851750,988864887,37358891400,11135113,999920622,79378,9535,18635385,981364615,14618467315,3527944600,8340,3654628960,999994945,5055,999822535,177465,3654615565,1000,1000,1000,1000,1000,1000,1000
403000,28254440,632770,4020000000,24120000000,10000,60000,9951067762441,11861596,4461622157,10594,3991745560,1000,57984,2902329,7983469932,1203973037,18796026963,19306988063,9870638411,129361589,4317496643,109880960820,24533208000,178098,7757380,4636914900,216028985600,13684148646,24119309246,10989184828,988843258,37450315500,11156742,999915664,84336,111306,18576778,981423222,14652245922,3536611700,8320,3663070960,999998454,1546,999825706,174294,3663061094,1000,1000,1000,1000,1000,1000,1000
404000,28290830,619011,4030000000,24180000000,10000,60000,9950967858374,11909917,4472958600,3572,4001709170,1000,62392,2923787,8003411196,1204015391,18795984609,19306870709,9870877873,129122127,4329002769,109906575915,24592457000,151886,7987045,4644988800,216554143600,13718741747,24179318597,11014427786,989013162,37541968500,10986838,999916129,83871,16867,18660681,981339319,14685903419,3545286300,8120,3671484640,999999113,887,999827667,172333,3671475633,1000,1000,1000,1000,1000,1000,1000
405000,28326410,635087,4040000000,24240000000,10000,60000,9950869267794,10634695,4482957223,3756,4011673590,1000,11502,2925860,8023339668,1204040589,18795959411,19306763311,9871107860,128892140,4340504528,109932088501,24651713700,215049,8070754,4653327600,217079281000,13753362561,24239353411,11039687675,989108269,37633531800,10891731,999921519,78481,9350,18725975,981274025,14719580725,3553943000,7705,3679909280,999991475,8525,999838950,161050,3679893050,1000,1000,1000,1000,1000,1000,1000
406000,28361060,635511,4050000000,24300000000,10000,60000,9950777808764,2223798,4485779969,2481,4021638940,1000,58422,2927553,8043272918,1204063362,18795936638,19306658738,9871380787,128619213,4352009405,109957651438,24710951600,194008,8134492,4661681900,217604310400,13787905617,24299306067,11064973506,989188011,37725078900,10811989,999921093,78907,10982,18713576,981286424,14753292324,3562644300,90,3688335960,999982948,17052,999831882,168118,3688318818,1000,1000,1000,1000,1000,1000,1000
407000,28396380,624428,4060000000,24360000000,10000,60000,9950668305703,11847659,4506658594,2389,4031603620,1000,5585,2925773,8063202462,1204076362,18795923638,19306564538,9871624207,128375793,4363509369,109983168626,24770222800,232762,7996808,4670256900,218129603200,13822547637,24359369987,11090254822,989270755,37816623900,10729245,999921751,78249,10096,18746374,981253626,14787002926,3571317300,8706,3696767320,999989490,10510,999829996,170004,3696748104,1000,1000,1000,1000,1000,1000,1000
408000,28432340,624930,4070000000,24420000000,10000,60000,9950568167650,12101883,4518087727,12108,4041567660,1000,11865,2910940,8083111104,1204086333,18795913667,19306474767,9871936360,128063640,4375011264,110008774767,24829466300,148636,7723504,4678913700,218654619800,13857132755,24419363205,11115539469,989251847,37908079500,10748153,999909648,90352,96701,18700332,981299668,14820718968,3580036200,8429,3705188900,999999028,972,999825901,174099,3705179499,1000,1000,1000,1000,1000,1000,1000
409000,28467420,624229,4080000000,24480000000,10000,60000,9950478175005,2245661,4519532515,10534,4051532580,1000,68248,2910662,8103044092,1204137466,18795862534,19306345834,9872139758,127860242,4386515950,110034259515,24888711900,206986,7713793,4687356700,219179709400,13891664673,24479307523,11140830894,989314216,37999615500,10685784,999908783,91217,111267,18753973,981246027,14854437627,3588667900,52,3713617480,999989305,10695,999819467,180533,3713606733,1000,1000,1000,1000,1000,1000,1000
410000,28502260,635354,4090000000,24540000000,10000,60000,9950368723627,11826511,4540360317,3664,4061497740,1000,62707,2921254,8122988152,1204158338,18795841662,19306242962,9872403766,127596234,4398016318,110059855213,24947988700,168906,8058353,4695428500,219704971800,13926239789,24539301939,11166117940,989507381,38091262500,10492619,999919354,80646,10673,18732633,981267367,14888151667,3597375600,94,3722050580,999983241,16759,999830673,169327,3722033727,1000,1000,1000,1000,1000,1000,1000
411000,28537440,632153,4100000000,24600000000,10000,60000,9950270282393,10356293,4550163768,12062,4071462560,1000,58467,2907579,8142900996,1204139386,18795860614,19306180914,9872602161,127397839,4409502057,110085341242,25007248800,168745,7736381,4704199600,220230081600,13960835380,24599309380,11191442305,989490579,38182699200,10509421,999912408,87592,101529,18724124,981275876,14921921976,3606001100,8397,3730491360,999996708,3292,999821129,178871,3730479671,1000,1000,1000,1000,1000,1000,1000
412000,28571490,624856,4110000000,24660000000,10000,60000,9950177125774,3640762,4554753858,3591,4081428510,1000,68347,2932458,8162849838,1204157136,18795842864,19306077564,9872822102,127177898,4421002740,110110885374,25066515100,169151,7686543,4712653900,220755339800,13995412447,24659306797,11216738027,989590307,38274267900,10409693,999901282,98718,76275,18743348,981256652,14955649752,3614669200,63,3738914640,999997148,2852,999814675,185325,3738911725,1000,1000,1000,1000,1000,1000,1000
413000,28606550,626054,4120000000,24720000000,10000,60000,9950077008876,3902171,4566275446,2445,4091393450,1000,63918,2923265,8182782010,1204192547,18795807453,19305961353,9873051455,126948545,4432501465,110136318795,25125790300,250059,8195215,4720704600,221280463000,14030004878,24719310028,11242043294,989736623,38365862700,10263377,999907941,92059,17418,18707524,981292476,14989390776,3623332000,8950,3747357280,999999152,848,999832518,167482,3747347482,1000,1000,1000,1000,1000,1000,1000
414000,28641680,626873,4130000000,24780000000,10000,60000,9949978574598,2428103,4576061547,11876,4101358320,1000,62799,2908756,8202692888,1204176101,18795823899,19305897199,9873266564,126733436,4443991252,110161874545,25185046400,212887,8145355,4729136500,221805584800,14064592078,24779310328,11267351132,989815227,38457397200,10184773,999908071,91929,19544,18723912,981276088,15023134488,3631968200,8460,3755792880,999998936,1064,999826544,173456,3755783356,1000,1000,1000,1000,1000,1000,1000
415000,28676080,621235,4140000000,24840000000,10000,60000,9949869285835,11847096,4596801848,11881,4111323920,1000,11714,2913074,8222624078,1204202331,18795797669,19305794969,9873455186,126544814,4455496864,110187471831,25244310300,211191,7978579,4737597500,222330812600,14099230051,24839367051,11292608722,989902066,38548956300,10097934,999917840,82160,18474,18849252,981150748,15056806048,3640582400,70,3764214140,999983256,16744,999838974,161026,3764197326,1000,1000,1000,1000,1000,1000,1000
416000,28710830,624633,4150000000,24900000000,10000,60000,9949769202292,12055893,4608301324,10348,4121289170,1000,57803,2910787,8242557644,1204218585,18795781415,19305700515,9873663273,126336727,4466997917,110213031519,25303554900,148484,7694894,4746249100,222855853800,14133771064,24899317564,11317916671,989901127,38640423000,10098873,999900528,99472,80301,18853430,981146570,15090554670,3649223000,8267,3772648940,999997326,2674,999823901,176099,3772637999,1000,1000,1000,1000,1000,1000,1000
417000,28744770,628993,4160000000,24960000000,10000,60000,9949669555737,11800696,4619346894,12162,4131255230,1000,58300,2915162,8262486136,1204210933,18795789067,19305627367,9873864858,126135142,4478495894,110238570284,25362805500,152148,7996755,4754321000,223380934200,14168355007,24959312707,11343196071,990055162,38732039100,9944838,999905906,94094,12444,18909473,981090527,15124260727,3657855100,8321,3781075080,999997897,2103,999825444,174556,3781064656,1000,1000,1000,1000,1000,1000,1000
418000,28779180,632222,4170000000,25020000000,10000,60000,9949579096971,2405913,4621229066,2468,4141220820,1000,57804,2927749,8282436704,1204250584,18795749416,19305506916,9874112351,125887649,4490007755,110264088093,25422059000,233683,7709457,4763060000,223906086800,14202936924,25019309974,11368451366,990065065,38823514800,9934935,999922857,77143,100292,18965426,981034574,15157926474,3666541300,50,3789501200,999973958,26042,999837792,162208,3789475108,1000,1000,1000,1000,1000,1000,1000
419000,28814380,623127,4180000000,25080000000,10000,60000,9949479192093,2400173,4632479446,10557,4151185620,1000,62939,2920247,8302350126,1204239466,18795760534,19305444534,9874342793,125657207,4501501819,110289641508,25481293100,184079,7799421,4771345800,224431022200,14237536684,25079313934,11393747911,990120963,38915045400,9879037,999912792,87208,107829,18966918,981033082,15191657882,3675191100,91,3797928060,999982002,17998,999828629,171371,3797909971,1000,1000,1000,1000,1000,1000,1000
420000,28848870,625876,4190000000,25140000000,10000,60000,9949369931128,11787527,4653140174,4012,4161151130,1000,6742,2925411,8322294236,1204259755,18795740245,19305345345,9874581369,125418631,4513008605,110315192063,25540562900,181499,7788698,4779781400,224956238600,14272172832,25139367382,11419037833,990208638,39006594600,9791362,999916292,83708,102554,18971621,981028379,15225376679,3683867000,79,3806360220,999978705,21295,999834954,165046,3806338846,1000,1000,1000,1000,1000,1000,1000
421000,28882410,625620,4200000000,25200000000,10000,60000,9949279656209,2185038,4654789781,3674,4171117590,1000,61579,2928511,8342227832,1204277147,18795722853,19305247453,9874828869,125171131,4524505101,110340676220,25599842500,199267,8058871,4788018100,225481527400,14306697651,25199312801,11444364713,990359459,39098206200,9640541,999903888,96112,19829,18916516,981083484,15259149984,3692551600,49,3814794220,999991100,8900,999826929,173071,3814785271,1000,1000,1000,1000,1000,1000,1000
422000,28917560,634575,4210000000,25260000000,10000,60000,9949171606025,10368477,4674221578,2341,4181082440,1000,5697,2927303,8362160198,1204300902,18795699098,19305139398,9875071897,124928103,4535997695,110366211806,25659115700,211125,7668394,4796862300,226006796200,14341324428,25259359728,11469659246,990365205,39189669300,9634795,999906082,93918,100577,18915631,981084369,15292875469,3701234400,8400,3823235200,999989423,10577,999828877,171123,3823216223,1000,1000,1000,1000,1000,1000,1000
423000,28951370,645992,4220000000,25320000000,10000,60000,9949070028915,12061613,4687158411,3797,4191048630,1000,59347,2929132,8382089666,1204305528,18795694472,19305049172,9875319908,124680092,4547487574,110391786212,25718385800,164296,7698248,4805261500,226531974000,14375844511,25319294661,11494965028,990462100,39281209800,9537900,999917036,82964,100236,18877508,981122492,15326615292,3709922000,8460,3831672960,999985764,14236,999835236,164764,3831650264,1000,1000,1000,1000,1000,1000,1000
424000,28986220,640081,4230000000,25380000000,10000,60000,9948971869863,10318752,4696717779,2196,4201013780,1000,64012,2927959,8402023168,1204302515,18795697485,19304976285,9875514141,124485859,4558985209,110417239754,25777651500,187139,7881512,4813570900,227057095000,14410433907,25379295907,11520300304,990540999,39372756000,9459001,999899530,100470,79731,18844727,981155273,15360399673,3718552100,8434,3840110000,999997803,2197,999828131,171869,3840099369,1000,1000,1000,1000,1000,1000,1000
425000,29021080,620465,4240000000,25440000000,10000,60000,9948880171817,2119925,4699780597,11813,4210978920,1000,6678,2914658,8421934214,1204296642,18795703358,19304896858,9875735382,124264618,4570481396,110442833588,25836915100,162746,7828978,4821967400,227582235000,14445097557,25439372857,11545574950,990619302,39464292300,9380698,999913480,86520,100678,18904528,981095472,15394093372,3727188200,54,3848538160,999980316,19684,999846078,153922,3848518422,1000,1000,1000,1000,1000,1000,1000
426000,29055990,629627,4250000000,25500000000,10000,60000,9948771842096,10576651,4719574161,10327,4220944010,1000,11086,2910844,8441867366,1204316647,18795683353,19304793053,9875880476,124119524,4581967142,110468225204,25896200200,251413,7793064,4830550800,228107532400,14479663537,25499359287,11570933210,990692237,39555810300,9307763,999907876,92124,105939,18896929,981103071,15427905171,3735780700,92,3856989380,999982673,17327,999836739,163261,3856971961,1000,1000,1000,1000,1000,1000,1000
427000,29089500,649499,4260000000,25560000000,10000,60000,9948680416956,2146332,4722478193,10395,4230910500,1000,5807,2908251,8461800210,1204355688,18795644312,19304672712,9876039009,123960991,4593462619,110493728569,25955479200,247142,8126706,4838625800,228632765600,14514231744,25559344694,11596254961,990866560,39647439000,9133440,999902897,97103,7937,18923976,981076024,15461672024,3744376600,8505,3865429340,999996228,3772,999836237,163763,3865417063,1000,1000,1000,1000,1000,1000,1000
428000,29122940,629862,4270000000,25620000000,10000,60000,9948572408588,10316362,4742012180,2408,4240877060,1000,11472,2929914,8481749304,1204408050,18795591950,19304539650,9876182466,123817534,4604948370,110519363550,26014733100,139688,8092944,4846957800,229157827800,14548836066,25619358666,11621566282,990953912,39738976800,9046088,999912558,87442,10946,18959964,981040036,15495413936,3752983400,46,3873871020,999976680,23320,999840246,159754,3873847654,1000,1000,1000,1000,1000,1000,1000
429000,29157390,628870,4280000000,25680000000,10000,60000,9948479021988,3804415,4746830339,2195,4250842610,1000,5727,2930394,8501680830,1204403303,18795596697,19304461797,9876352326,123647674,4616447856,110544800429,26073989100,206675,8185729,4855316600,229682930200,14583430903,25679365403,11646869042,991034693,39830520300,8965307,999903661,96339,3868,19006926,980993074,15529156674,3761585300,8802,3882302580,999993854,6146,999832468,167532,3882287632,1000,1000,1000,1000,1000,1000,1000
430000,29191800,640812,4290000000,25740000000,10000,60000,9948380842298,2096710,4756374917,3873,4260808200,1000,7023,2922853,8521608654,1204401708,18795598292,19304374292,9876592187,123407813,4627947541,110570383639,26133242500,185140,7821896,4864072900,230208043400,14618004765,25739352165,11672156189,991033089,39921974400,8966911,999912382,87618,103293,19028604,980971396,15562865196,3770253300,85,3890738260,999970832,29168,999838693,161307,3890709007,1000,1000,1000,1000,1000,1000,1000
431000,29226380,628357,4300000000,25800000000,10000,60000,9948272743666,10309340,4775900955,2438,4270773620,1000,10827,2926551,8541542364,1204410806,18795589194,19304284494,9876779729,123220271,4639444793,110595864887,26192519600,175722,8016271,4872322300,230733330400,14652592616,25799360816,11697502132,991191847,40013586600,8808153,999897450,102550,10303,19008171,980991829,15596667729,3778877300,82,3899171020,999994659,5341,999817603,182397,3899165597,1000,1000,1000,1000,1000,1000,1000
432000,29260950,639750,4310000000,25860000000,10000,60000,9948171197845,11973146,4788893666,3824,4280739050,1000,59367,2923368,8561470452,1204419491,18795580509,19304193309,9876940232,123059768,4650937384,110621313955,26251783800,244260,7833444,4880967700,231258398800,14687123933,25859300883,11722798989,991174189,40105029000,8825811,999894794,105206,107805,19052816,980947184,15630397884,3787473300,8501,3907609700,999997696,2304,999831005,168995,3907598895,1000,1000,1000,1000,1000,1000,1000
433000,29295370,625159,4320000000,25920000000,10000,60000,9948079772149,3528828,4791695897,2128,4290704630,1000,62549,2928965,8581405004,1204445477,18795554523,19304087123,9877201555,122798445,4662439659,110646933070,26311034500,217026,7816745,4889332500,231783544200,14721720092,25919312292,11748051471,991276240,40196599800,8723760,999909172,90828,100332,19104161,980895839,15664063239,3796166900,8445,3916036380,999983833,16167,999838332,161668,3916011768,1000,1000,1000,1000,1000,1000,1000
434000,29329960,617358,4330000000,25980000000,10000,60000,9947971443858,11967243,4811401432,3551,4300670040,1000,67564,2927611,8601332978,1204450901,18795549099,19304003399,9877425509,122574491,4673932087,110672445427,26370306600,189523,8035900,4897576700,232308793200,14756303828,25979315078,11773398947,991424346,40288206600,8575654,999894696,105304,16050,19050203,980949797,15697861797,3804826400,33,3924473280,999989603,10397,999821250,178750,3924462850,1000,1000,1000,1000,1000,1000,1000
435000,29363490,629767,4340000000,26040000000,10000,60000,9947871528370,12001577,4822728371,2172,4310636510,1000,6462,2927518,8621268676,1204461047,18795538953,19303910453,9877632282,122367718,4685431558,110697933357,26429566300,203545,8255498,4905830000,232833828600,14790945271,26039363771,11798710287,991504870,40379740800,8495130,999894804,105196,18434,19027647,980972353,15731610653,3813469400,45,3932909600,999990811,9189,999828934,171066,3932900366,1000,1000,1000,1000,1000,1000,1000
436000,29397360,638791,4350000000,26100000000,10000,60000,9947781331043,2307948,4824306490,10382,4320602640,1000,5877,2910026,8641184516,1204464091,18795535909,19303827709,9877834634,122165366,4696923150,110723470495,26488863900,183234,7843235,4914649300,233359331800,14825505082,26099355332,11824049804,991578083,40471267200,8421917,999886726,113274,16843,19042039,980957961,15765399061,3822096000,50,3941351340,999997967,2033,999814143,185857,3941349257,1000,1000,1000,1000,1000,1000,1000
437000,29432200,622958,4360000000,26160000000,10000,60000,9947671765862,12003762,4845329928,2367,4330567800,1000,68701,2929500,8661130866,1204487224,18795512776,19303724176,9878029740,121970260,4708426406,110749059650,26548093800,144319,8060229,4922757800,233884197200,14860057741,26159308341,11849307073,991661169,40562819400,8338831,999893292,106708,20723,19101250,980898750,15799073150,3830734200,41,3949774960,999991158,8842,999826523,173477,3949766077,1000,1000,1000,1000,1000,1000,1000
438000,29465610,623630,4370000000,26220000000,10000,60000,9947572166375,11703132,4856285834,12040,4340534390,1000,68377,2912902,8681044700,1204481407,18795518593,19303651193,9878261018,121738982,4719930818,110774582630,26607342300,173538,7999269,4931199700,234409325400,14894642943,26219307993,11874575807,991736490,40654368300,8263510,999888446,111554,19356,19175549,980824451,15832767451,3839374900,8461,3958200980,999999125,875,999820556,179444,3958191644,1000,1000,1000,1000,1000,1000,1000
439000,29499800,616862,4380000000,26280000000,10000,60000,9947472309447,11699991,4867593947,3525,4350500200,1000,11953,2928206,8700993350,1204514438,18795485562,19303536162,9878460334,121539666,4731426084,110800079149,26666620500,225183,7972408,4939696600,234934606600,14929285835,26279371185,11899875609,991822969,40745914200,8177031,999891313,108687,17744,19195235,980804765,15866498065,3848027600,8363,3966639060,999991759,8241,999827344,172656,3966622456,1000,1000,1000,1000,1000,1000,1000
440000,29534080,627116,4390000000,26340000000,10000,60000,9947380667877,3437014,4870621653,10349,4360465920,1000,10787,2917797,8720911142,1204502291,18795497709,19303467309,9878644983,121355017,4742911825,110825642817,26725895700,149640,8048900,4948008600,235459754600,14963864397,26339362097,11925209159,991918437,40837454100,8081563,999893756,106244,5719,19173660,980826340,15900277140,3856644300,8323,3975081520,999994784,5216,999832319,167681,3975067981,1000,1000,1000,1000,1000,1000,1000
441000,29567960,633394,4400000000,26400000000,10000,60000,9947282193490,2036147,4880489895,10622,4370432040,1000,6683,2912212,8740842836,1204524237,18795475763,19303369163,9878878488,121121512,4754420024,110851114207,26785133700,217777,7805784,4956718400,235984753800,14998454523,26399359923,11950489135,991889978,40928899200,8110022,999892106,107894,108728,19204193,980795807,15933982407,3865301300,8009,3983510600,999990681,9319,999829628,170372,3983493272,1000,1000,1000,1000,1000,1000,1000
442000,29601490,637008,4410000000,26460000000,10000,60000,9947172674817,11690615,4901435269,10674,4380398510,1000,69825,2915982,8760775672,1204554932,18795445068,19303256568,9879077238,120922762,4765905910,110876696631,26844434900,146356,7652889,4965272200,236510150600,15032963117,26459293167,11975823882,991980864,41020437900,8019136,999893093,106907,100729,19175047,980824953,15967763253,3873947000,8640,3991953780,999994231,5769,999835429,164571,3991939371,1000,1000,1000,1000,1000,1000,1000
443000,29635150,633079,4420000000,26520000000,10000,60000,9947073993454,10534786,4911568516,2177,4390364850,1000,10513,2933984,8780725346,1204612740,18795387260,19303120460,9879299256,120700744,4777399002,110902135215,26903692600,226390,8181157,4973301100,237035276400,15067613208,26519356408,12001142842,992154027,41112071700,7845973,999891562,108438,4335,19136493,980863507,16001518107,3882625600,48,4000392360,999982953,17047,999830935,169065,4000375265,1000,1000,1000,1000,1000,1000,1000
444000,29668710,636934,4430000000,26580000000,10000,60000,9946972956008,11678405,4924035907,3629,4400331290,1000,11065,2928180,8800655322,1204609813,18795390187,19303038187,9879466860,120533140,4788896182,110927665005,26962972500,200798,7710358,4982151200,237560555400,15102188851,26579352001,12026463401,992155475,41203524900,7844525,999885476,114524,82001,19170200,980829800,16035283900,3891226000,8557,4008830960,999998096,1904,999825701,174299,4008820499,1000,1000,1000,1000,1000,1000,1000
445000,29701840,626388,4440000000,26640000000,10000,60000,9946873031209,11728112,4935414245,3914,4410298160,1000,63666,2923741,8820588492,1204627221,18795372779,19302940079,9879632919,120367081,4800395311,110953204860,27022205500,194764,7844370,4990391000,238085460600,15136744346,26639309946,12051757774,992227130,41295055800,7772870,999895038,104962,100608,19228834,980771166,16069001966,3899826100,50,4017269440,999974802,25198,999830108,169892,4017244192,1000,1000,1000,1000,1000,1000,1000
446000,29735240,634298,4450000000,26700000000,10000,60000,9946781207789,3669180,4938702137,2343,4420264760,1000,10993,2933523,8840524834,1204639269,18795360731,19302850031,9879786777,120213223,4811886211,110978673072,27081499600,223830,8096168,4998584000,238610795200,15171367459,26699354709,12077082372,992387706,41386671900,7612294,999885240,114760,8234,19248762,980751238,16102775238,3908425400,8460,4025705100,999996226,3774,999832234,167766,4025692866,1000,1000,1000,1000,1000,1000,1000
447000,29768890,623836,4460000000,26760000000,10000,60000,9946682692241,2281902,4948591912,3658,4430231110,1000,11342,2926906,8860454904,1204634843,18795365157,19302781957,9879995414,120004586,4823378518,111004220733,27140759300,157108,8122735,5006983100,239135887400,15205966772,26759364822,12102420594,992455402,41478195300,7544598,999881049,118951,8847,19200753,980799247,16136560347,3917071800,8392,4034149480,999998665,1335,999823447,176553,4034139753,1000,1000,1000,1000,1000,1000,1000
448000,29801910,643595,4470000000,26820000000,10000,60000,9946573418084,11677318,4969266531,12088,4440198090,1000,64577,2908709,8880372004,1204645502,18795354498,19302687198,9880181251,119818749,4834861755,111029705518,27200065300,228477,7699161,5015900400,239661309000,15240468178,26819291828,12127735909,992465706,41569645800,7534294,999898571,101429,100165,19230456,980769544,16170307344,3925691500,8501,4042601540,999978396,21604,999846565,153435,4042571435,1000,1000,1000,1000,1000,1000,1000
449000,29835650,640802,4480000000,26880000000,10000,60000,9946474703555,10508837,4979401169,10652,4450164350,1000,58480,2908936,8900307396,1204658492,18795341508,19302593308,9880373724,119626276,4846357120,111055164149,27259334200,225096,7973091,5024113900,240186525200,15275059668,26879300718,12153095270,992612799,41661251100,7387201,999876514,123486,11915,19179445,980820555,16204126555,3934324000,8640,4051041340,999998585,1415,999820815,179185,4051031285,1000,1000,1000,1000,1000,1000,1000
450000,29869590,636448,4490000000,26940000000,10000,60000,9946374828926,10509163,4990766644,11771,4460130410,1000,58078,2918603,8920237278,1204678189,18795321811,19302494711,9880515717,119484283,4857854595,111080741066,27318576300,188992,8071364,5032292800,240711469400,15309660674,26939305474,12178362078,992690574,41752797300,7309426,999879860,120140,16386,19288908,980711092,16237815592,3942898400,9030,4059464080,999998464,1536,999833186,166814,4059453514,1000,1000,1000,1000,1000,1000,1000
451000,29903350,642158,4500000000,27000000000,10000,60000,9946282084162,3370605,4994904133,10580,4470096650,1000,6397,2910488,8940172140,1204687467,18795312533,19302404133,9880732392,119267608,4869355432,111106279376,27377856000,163755,7963378,5040842500,241236777600,15344284845,26999351445,12203700180,992777473,41844339300,7222527,999873850,126150,4777,19264097,980735903,16271597203,3951549100,86,4067906220,999990889,9111,999825777,174223,4067897023,1000,1000,1000,1000,1000,1000,1000
452000,29936500,638842,4510000000,27060000000,10000,60000,9946175294659,10276837,5013164145,2456,4480063500,1000,63044,2936220,8960122088,1204692996,18795307004,19302311604,9880891340,119108660,4880842428,111131789597,27437114500,164506,8036336,5049192900,241761865000,15378820864,27059298114,12229010991,992858879,41935873800,7141121,999872780,127220,9301,19278710,980721290,16305344790,3960171000,47,4076343440,999990406,9594,999826201,173799,4076333799,1000,1000,1000,1000,1000,1000,1000
453000,29970150,623226,4520000000,27120000000,10000,60000,9946083706599,1979906,5016140103,10658,4490029850,1000,11289,2911213,8980038384,1204707005,18795292995,19302220695,9881089427,118910573,4892338411,111157278265,27496389400,172888,7613475,5058068800,242287084400,15413471385,27119365485,12254338878,992836843,42027303900,7163157,999874094,125906,109551,19279373,980720627,16339118227,3968789400,8580,4084788760,999999169,831,999821851,178149,4084779349,1000,1000,1000,1000,1000,1000,1000
454000,30002510,628125,4530000000,27180000000,10000,60000,9945982250311,3571576,5029105816,2396,4499997490,1000,10925,2932452,8999990188,1204734787,18795265213,19302109613,9881225088,118774912,4903826876,111182716007,27555653500,235188,8169993,5066001300,242812170200,15448057000,27179360950,12279659910,993008627,42118931700,6991373,999870592,129408,17565,19294755,980705245,16372879145,3977388400,9420,4093230860,999997795,2205,999826365,173635,4093219235,1000,1000,1000,1000,1000,1000,1000
455000,30035590,625868,4540000000,27240000000,10000,60000,9945882370070,3562664,5040412660,12087,4509964410,1000,6742,2908950,9019904646,1204739834,18795260166,19302022366,9881380410,118619590,4915321456,111208232336,27614944000,221918,8036543,5074529900,243337488000,15482642390,27239367390,12304997103,993091251,42210462300,6908749,999870469,129531,17018,19329715,980670285,16406662685,3985963600,8301,4101674240,999999643,357,999828418,171582,4101665582,1000,1000,1000,1000,1000,1000,1000
456000,30068640,620060,4550000000,27300000000,10000,60000,9945784047480,2000750,5050183064,12112,4519931360,1000,12018,2916518,9039838496,1204752130,18795247870,19301930070,9881545722,118454278,4926811518,111233777464,27674192300,163324,7819678,5083124700,243862504600,15517235422,27299367922,12330327190,993089884,42301923600,6910116,999861780,138220,89696,19329406,980670594,16440435594,3994572700,78,4110110460,999998022,1978,999818896,181104,4110108404,1000,1000,1000,1000,1000,1000,1000
457000,30102330,632572,4560000000,27360000000,10000,60000,9945683971990,2192824,5061654683,10444,4529897670,1000,6125,2915607,9059774452,1204756714,18795243286,19301835986,9881764193,118235807,4938310445,111259306826,27733473900,172439,8108774,5091279200,244387787800,15551808803,27359361303,12355632790,993262200,42393549000,6737800,999862855,137145,7955,19332865,980667135,16474175035,4003228200,100,4118548400,999993945,6055,999826655,173345,4118542245,1000,1000,1000,1000,1000,1000,1000
458000,30135860,627314,4570000000,27420000000,10000,60000,9945575770135,10503188,5081252856,10419,4539864140,1000,68808,2919726,9079707442,1204759623,18795240377,19301751977,9881979434,118020566,4949809376,111284858178,27792729300,194169,8067149,5099701300,244912961000,15586334978,27419303878,12380902589,993358457,42485109000,6641543,999873606,126394,3549,19404060,980595940,16507864740,4011877500,53,4126978340,999983864,16136,999829349,170651,4126962151,1000,1000,1000,1000,1000,1000,1000
459000,30169420,632534,4580000000,27480000000,10000,60000,9945484410621,1993267,5084016436,10624,4549830580,1000,63773,2915357,9099639912,1204781088,18795218912,19301644812,9882196583,117803417,4961304395,111310347263,27852007500,192415,8035948,5108218500,245438180600,15620918343,27479303693,12406232999,993420075,42576622500,6579925,999864101,135899,18126,19358127,980641873,16541643673,4020532100,8509,4135420160,999999023,977,999826126,173874,4135410674,1000,1000,1000,1000,1000,1000,1000
460000,30202610,629400,4590000000,27540000000,10000,60000,9945384375368,2169385,5095552887,12046,4559797390,1000,69271,2908514,9119570688,1204816353,18795183647,19301526747,9882326666,117673334,4972801654,111335908163,27911277700,156708,8054108,5116537100,245963323400,15655503329,27539301329,12431548537,993511500,42668166900,6488500,999872157,127843,17557,19426020,980573980,16575392580,4029095700,69,4143860520,999983592,16408,999837657,162343,4143844043,1000,1000,1000,1000,1000,1000,1000
461000,30235380,631675,4600000000,27600000000,10000,60000,9945284664067,1980163,5106702259,11887,4569764620,1000,10347,2916130,9139505466,1204806830,18795193170,19301451970,9882496990,117503010,4984302956,111361465503,27970536300,147505,7975822,5124940600,246488493400,15690144178,27599357978,12456830073,993601462,42759724200,6398538,999867998,132002,7736,19517463,980482537,16609101937,4037699500,35,4152286380,999985519,14481,999836836,163164,4152271864,1000,1000,1000,1000,1000,1000,1000
462000,30268250,632002,4610000000,27660000000,10000,60000,9945176511771,10262801,5126275701,3691,4579731750,1000,69297,2930482,9159456118,1204829572,18795170428,19301345628,9882718158,117281842,4995800576,111386912823,28029783700,156957,8147519,5133307200,247013494600,15724678251,27659298701,12482173062,993659466,42851237700,6340534,999852726,147274,18060,19427298,980572702,16642897102,4046373700,78,4160725060,999999058,942,999818760,181240,4160724040,1000,1000,1000,1000,1000,1000,1000
463000,30301590,635168,4620000000,27720000000,10000,60000,9945075272694,11618790,5138915979,12145,4589698410,1000,64238,2913859,9179372530,1204837484,18795162516,19301253216,9882909541,117090459,5007292871,111412339082,28089062700,252809,7790183,5142175300,247538764600,15759260644,27719300594,12507491771,993651637,42942684300,6348363,999850334,149666,107997,19453126,980546874,16676654774,4054989200,35,4169165800,999997238,2762,999819797,180203,4169163003,1000,1000,1000,1000,1000,1000,1000
464000,30333460,619795,4630000000,27780000000,10000,60000,9944985048416,1971297,5140592421,3811,4599666540,1000,68242,2929966,9199325458,1204863613,18795136387,19301151687,9883091414,116908586,5018782572,111437967954,28148336700,151321,7789245,5150531400,248063947000,15793857363,27779311963,12532806829,993745483,43034230500,6254517,999861908,138092,101125,19443596,980556404,16710403804,4063634300,41,4177612920,999984096,15904,999830525,169475,4177596975,1000,1000,1000,1000,1000,1000,1000
465000,30366430,635718,4640000000,27840000000,10000,60000,9944876675846,10484485,5160391842,2401,4609633570,1000,6276,2931819,9219262338,1204893931,18795106069,19301035869,9883304401,116695599,5030279939,111463501218,28207604100,166119,7715556,5159029400,248589182600,15828484606,27839358006,12558104136,993832345,43125776400,6167655,999862724,137276,100579,19471743,980528257,16744130957,4072286800,86,4186050580,999976327,23673,999830479,169521,4186026821,1000,1000,1000,1000,1000,1000,1000
466000,30400230,626702,4650000000,27900000000,10000,60000,9944783996386,3301244,5164527514,2435,4619599770,1000,68716,2929900,9239194670,1204925230,18795074770,19300921070,9883480440,116519560,5041776810,111488928718,28266889800,234118,8053107,5167187300,249114481200,15863010732,27899304582,12583430341,994005279,43217400000,5994721,999857591,142409,6012,19481671,980518329,16777905629,4080898300,8195,4194487960,999995523,4477,999826812,173188,4194475288,1000,1000,1000,1000,1000,1000,1000
467000,30432760,630780,4660000000,27960000000,10000,60000,9944683930862,3480689,5176030813,3888,4629567240,1000,10833,2927620,9259126704,1204935351,18795064649,19300830349,9883627140,116372860,5053249644,111514410821,28326189900,188908,8095894,5175657700,249639755000,15897647437,27959358387,12608823889,994077650,43308907800,5922350,999852593,147407,9243,19384754,980615246,16811764946,4089504200,7665,4202949440,999999282,718,999826943,173057,4202941057,1000,1000,1000,1000,1000,1000,1000
468000,30465950,627160,4670000000,28020000000,10000,60000,9944577243653,10288112,5194170396,3596,4639534050,1000,64060,2931076,9279060908,1204945265,18795054735,19300735435,9883785504,116214496,5064736712,111539909030,28385482000,232782,8050130,5184145600,250165090400,15932175880,28019308780,12634134732,994174101,43400453700,5825899,999858905,141095,4104,19430172,980569828,16845509728,4098109700,8380,4211393120,999990256,9744,999841204,158796,4211374996,1000,1000,1000,1000,1000,1000,1000
469000,30497740,629443,4680000000,28080000000,10000,60000,9944475812996,11817066,5207026370,12125,4649502260,1000,62634,2915234,9298980270,1204937262,18795062738,19300660838,9883935386,116064614,5076229456,111565426693,28444730400,198151,8163761,5192421100,250690077600,15966769373,28079307923,12659470978,994248616,43491981900,5751384,999856164,143836,9448,19448870,980551130,16879288730,4106686200,106,4219835580,999982278,17722,999835548,164452,4219817752,1000,1000,1000,1000,1000,1000,1000
470000,30531180,631062,4690000000,28140000000,10000,60000,9944384278426,3462228,5210007647,11832,4659468820,1000,11342,2909443,9318913976,1204948254,18795051746,19300574046,9884085577,115914423,5087721553,111590958447,28504018800,141626,7932535,5201043100,251215408800,16001396896,28139357596,12684822920,994307603,43583499000,5692397,999842094,157906,12191,19448971,980551029,16913097029,4115278000,8278,4228282980,999999407,593,999823291,176709,4228274109,1000,1000,1000,1000,1000,1000,1000
471000,30564210,619145,4700000000,28200000000,10000,60000,9944285971560,1901643,5219853068,2108,4669435790,1000,68431,2934561,9338867364,1204978503,18795021497,19300465797,9884204279,115795721,5099221143,111616484634,28563268600,152678,8068915,5209246400,251740418000,16035944874,28199312424,12710102481,994393222,43675052400,5606778,999846526,153474,9004,19549023,980450977,16946802077,4123850500,8371,4236711660,999996307,3693,999833904,166096,4236699596,1000,1000,1000,1000,1000,1000,1000
472000,30597770,626285,4710000000,28260000000,10000,60000,9944177486441,10504487,5239718942,3928,4679402230,1000,62633,2928151,9358796604,1204995228,18795004772,19300371072,9884427389,115572611,5110713693,111642004817,28622535900,163905,7845029,5217938200,252265555800,16070530832,28259311082,12735408438,994390669,43766506800,5609331,999857243,142757,100274,19535436,980464564,16980539364,4132510300,8174,4245154760,999984340,15660,999844474,155526,4245130926,1000,1000,1000,1000,1000,1000,1000
473000,30629420,619507,4720000000,28320000000,10000,60000,9944076249754,11832417,5252348774,11809,4689370580,1000,68034,2914315,9378717542,1204978971,18795021029,19300304129,9884614105,115385895,5122216147,111667444844,28681791700,223152,8193770,5226046700,252790692200,16105118159,28319312459,12760726370,994548850,43858128300,5451150,999843482,156518,11532,19569762,980430238,17014300238,4141115500,8446,4253587080,999995234,4766,999829232,170768,4253573868,1000,1000,1000,1000,1000,1000,1000
474000,30661660,625390,4730000000,28380000000,10000,60000,9943976638527,11587520,5263450629,2417,4699338340,1000,11488,2924263,9398671846,1205019247,18794980753,19300186153,9884760877,115239123,5133699723,111692997610,28741099800,159305,7614026,5235077000,253316126000,16139742722,28379363122,12786104366,994534511,43949551800,5465489,999847616,152384,107705,19516139,980483861,17048132661,4149733000,84,4262047860,999980519,19481,999830705,169295,4262028295,1000,1000,1000,1000,1000,1000,1000
475000,30693780,637905,4740000000,28440000000,10000,60000,9943876504946,11822115,5275068159,3844,4709306220,1000,6399,2929892,9418604752,1205019761,18794980239,19300109939,9884868928,115131072,5145185080,111718422862,28800375800,183280,7703214,5243450600,253841297200,16174321596,28439355696,12811465068,994605649,44041084500,5394351,999826163,173837,90814,19519246,980480754,17081952754,4158288600,84,4270489780,999997990,2010,999819914,180086,4270487686,1000,1000,1000,1000,1000,1000,1000
476000,30725730,630672,4750000000,28500000000,10000,60000,9943776612760,11828705,5286393051,3595,4719274270,1000,10844,2932096,9438541350,1205033065,18794966935,19300019035,9885048384,114951616,5156680634,111743939115,28859648600,245795,8126545,5251442900,254366484400,16208909284,28499358484,12836729300,994785854,44132725200,5214146,999847424,152576,9470,19604970,980395030,17115634130,4166909100,8980,4278928620,999985190,14810,999845370,154630,4278904830,1000,1000,1000,1000,1000,1000,1000
477000,30757820,610143,4760000000,28560000000,10000,60000,9943686661069,1877587,5287739160,10634,4729242180,1000,67113,2916581,9458463092,1205024456,18794975544,19299946044,9885229099,114770901,5168174091,111769401877,28918923900,240831,8048183,5259995700,254891719000,16243455794,28559322744,12862092368,994851528,44224242000,5148472,999831264,168736,9236,19569368,980430632,17149456432,4175518100,8180,4287372420,999999824,176,999825936,174064,4287364064,1000,1000,1000,1000,1000,1000,1000
478000,30789430,620734,4770000000,28620000000,10000,60000,9943576856559,11817362,5309075832,3801,4739210570,1000,68260,2923432,9478413538,1205051221,18794948779,19299833779,9885332308,114667692,5179667346,111794941240,28978200600,190407,7959240,5268451900,255416918800,16278028656,28619311006,12887436922,994926496,44315764800,5073504,999827645,172355,16149,19602027,980397973,17183248273,4184078500,8540,4295822760,999997131,2869,999824549,175451,4295811351,1000,1000,1000,1000,1000,1000,1000
479000,30822140,625510,4780000000,28680000000,10000,60000,9943478321252,10446135,5319016851,11846,4749177860,1000,62620,2913388,9498332028,1205040587,18794959413,19299762413,9885504332,114495668,5191161660,111820380761,29037457900,241856,8059816,5276820400,255942007800,16312618620,28679311870,12912766819,994993391,44407297200,5006609,999814430,185570,18039,19618620,980381380,17217021780,4192674700,83,4304256980,999998064,1936,999816439,183561,4304254961,1000,1000,1000,1000,1000,1000,1000
480000,30854390,628706,4790000000,28740000000,10000,60000,9943385494549,3391375,5323304820,10580,4759145610,1000,10822,2914085,9518270060,1205052224,18794947776,19299668176,9885656755,114343245,5202656115,111845929428,29096736700,246662,7691209,5285565500,256467248600,16347249522,28739360472,12938064317,995010471,44498762100,4989529,999832401,167599,101530,19689813,980310187,17250746587,4201270700,83,4312699860,999982493,17507,999832530,167470,4312682270,1000,1000,1000,1000,1000,1000,1000
481000,30886010,635545,4800000000,28800000000,10000,60000,9943277228847,11766337,5343005928,12067,4769113990,1000,58260,2910245,9538203846,1205059884,18794940116,19299582816,9885825015,114174985,5214154361,111871498370,29155993700,146685,8100665,5293505000,256992269800,16381788545,28799306195,12963391725,995156895,44590373100,4843105,999818080,181920,18485,19680260,980319740,17284522140,4209874500,8345,4321139240,999999520,480,999827985,172015,4321130415,1000,1000,1000,1000,1000,1000,1000
482000,30918840,638438,4810000000,28860000000,10000,60000,9943177528166,11589652,5354157115,3983,4779081160,1000,6303,2925709,9558154354,1205074018,18794925982,19299486182,9886015731,113984269,5225657485,111897071501,29215262400,156264,7636175,5302335200,257517528000,16416417559,28859355259,12988670206,995160944,44681843700,4839056,999823899,176101,102755,19756049,980243951,17318219751,4218512600,44,4329571160,999978429,21571,999837455,162545,4329549545,1000,1000,1000,1000,1000,1000,1000
483000,30951180,633699,4820000000,28920000000,10000,60000,9943078978971,10266061,5364182489,2164,4789048820,1000,63153,2932216,9578093312,1205095132,18794904868,19299381568,9886175224,113824776,5237159436,111922522371,29274506400,223165,7721427,5310673200,258042570400,16450955798,28919303148,13013960314,995243338,44773388400,4756662,999821650,178350,101612,19830198,980169802,17351943702,4227109100,8122,4338001660,999989850,10150,999828312,171688,4337983388,1000,1000,1000,1000,1000,1000,1000
484000,30984400,633409,4830000000,28980000000,10000,60000,9942986160313,3192467,5368386079,10350,4799015600,1000,5776,2913712,9598010500,1205094480,18794905520,19299297520,9886370668,113629332,5248650568,111948094019,29333793300,151461,7980528,5318811100,258567839400,16485595015,28979360815,13039304207,995404551,44865002100,4595449,999815111,184889,18560,19806053,980193947,17385733247,4235730600,93,4346446220,999982913,17087,999832660,167340,4346429040,1000,1000,1000,1000,1000,1000,1000
485000,31016180,639014,4840000000,29040000000,10000,60000,9942879223789,10231063,5386747798,10702,4808983820,1000,58388,2914899,9617946236,1205084452,18794915548,19299219148,9886546041,113453959,5260147877,111973516786,29393053800,239249,7818468,5327478800,259092923600,16520126598,29039302598,13064614704,995402458,44956452000,4597542,999814403,185597,108345,19825441,980174559,17419480359,4244344400,66,4354883460,999982261,17739,999836145,163855,4354865655,1000,1000,1000,1000,1000,1000,1000
486000,31048490,637896,4850000000,29100000000,10000,60000,9942778007588,11575739,5399415625,10615,4818951510,1000,11008,2917496,9637881790,1205106027,18794893973,19299115073,9886725624,113274376,5271648014,111999060073,29452317900,210485,8038367,5335616000,259618136600,16554757296,29099351096,13089919488,995570466,45048084300,4429534,999802852,197148,11286,19872398,980127602,17453225502,4252959400,8820,4363316280,999998554,1446,999824286,175714,4363306014,1000,1000,1000,1000,1000,1000,1000
487000,31081140,622499,4860000000,29160000000,10000,60000,9942686346227,3350505,5402452539,10375,4828918860,1000,11353,2916364,9657816970,1205109932,18794890068,19299028168,9886953576,113046424,5283139246,112024561871,29511579300,189359,7790628,5344365100,260143225000,16589361998,29159366148,13115258319,995552238,45139514700,4447762,999798048,201952,107710,19794991,980205009,17487011009,4261631300,8421,4371761360,999999751,249,999818310,181690,4371752690,1000,1000,1000,1000,1000,1000,1000
488000,31113290,636531,4870000000,29220000000,10000,60000,9942578049342,11768961,5422176772,10351,4838886710,1000,10536,2911893,9677752718,1205124703,18794875297,19298929597,9887130547,112869453,5294626465,112050089399,29570877800,183722,8130381,5352482100,260668588400,16623925883,29219352933,13140594006,995743561,45231153000,4256439,999802968,197032,5107,19785601,980214399,17520787999,4270256800,8340,4380214360,999987973,12027,999829707,170293,4380193993,1000,1000,1000,1000,1000,1000,1000
489000,31146110,641785,4880000000,29280000000,10000,60000,9942486610114,3331820,5425088596,11777,4848853890,1000,62935,2913550,9697684226,1205141534,18794858466,19298832266,9887263090,112736910,5306106316,112075508068,29630172300,217206,7822641,5361315600,261193852600,16658451030,29279295280,13165965633,995726553,45322577100,4273447,999794311,205689,93958,19743325,980256675,17554620375,4278841000,8211,4388664360,999998593,1407,999829058,170942,4388654742,1000,1000,1000,1000,1000,1000,1000
490000,31177530,624670,4890000000,29340000000,10000,60000,9942386980724,3125405,5436224678,2105,4858822470,1000,63689,2931743,9717640730,1205196929,18794803071,19298690871,9887434517,112565483,5317602047,112101005196,29689435100,225306,8134739,5369464600,261719019000,16693052341,29339311641,13191299627,995883883,45414188100,4116117,999790217,209783,18534,19732907,980267093,17588395993,4287473200,45,4397106940,999989471,10529,999820134,179866,4397096366,1000,1000,1000,1000,1000,1000,1000
491000,31209430,625042,4900000000,29400000000,10000,60000,9942288381293,1822912,5446227329,10637,4868790570,1000,6776,2915851,9737559866,1205193105,18794806895,19298615895,9887596429,112403571,5329084995,112126583705,29748734600,157911,7711598,5378260900,262244347600,16727688282,29399368182,13216629539,995882427,45505639500,4117573,999792099,207901,100672,19744433,980255567,17622169267,4296071300,8937,4405559020,999989645,10355,999835072,164928,4405539728,1000,1000,1000,1000,1000,1000,1000
492000,31241410,631590,4910000000,29460000000,10000,60000,9942187008701,3313718,5459104520,12120,4878758590,1000,58027,2913762,9757492940,1205207119,18794792881,19298523281,9887702678,112297322,5340579718,112152051229,29807998200,186936,8068416,5386302100,262769465200,16762218583,29459310383,13241955075,996041479,45597255300,3958521,999788734,211266,16855,19815880,980184120,17655937220,4304615900,8675,4413999460,999991360,8640,999832455,167545,4413982145,1000,1000,1000,1000,1000,1000,1000
493000,31273260,625085,4920000000,29520000000,10000,60000,9942087139473,3314162,5470465269,3708,4888726740,1000,11414,2936243,9777446064,1205232535,18794767465,19298417265,9887852997,112147003,5352067861,112177518261,29867276200,198223,8085998,5394766100,263294662800,16796856601,29519363501,13267299343,996104619,45688773300,3895381,999777447,222553,23028,19788085,980211915,17689732115,4313231200,8161,4422441960,999998973,1027,999829628,170372,4422432772,1000,1000,1000,1000,1000,1000,1000
494000,31304480,626502,4930000000,29580000000,10000,60000,9941979026189,11551986,5490093915,2314,4898695520,1000,5665,2940317,9797386412,1205250675,18794749325,19298315525,9887965283,112034717,5363566895,112203102207,29926541600,166882,8047749,5403090300,263819847200,16831445083,29579367833,13292597430,996213373,45780343500,3786627,999783236,216764,3663,19908033,980091967,17723456567,4321784800,44,4430879200,999979981,20019,999836963,163037,4430859137,1000,1000,1000,1000,1000,1000,1000
495000,31336450,643110,4940000000,29640000000,10000,60000,9941887361967,3300262,5493109167,11844,4908663550,1000,58776,2919793,9817303412,1205227629,18794772371,19298256771,9888165087,111834913,5375054199,112228448680,29985804000,229765,8235878,5411531200,264344906400,16865966964,29639298114,13317985908,996260019,45871836000,3739981,999761134,238866,16715,19792107,980207893,17757314193,4330414300,82,4439329420,999998947,1053,999813415,186585,4439328285,1000,1000,1000,1000,1000,1000,1000
496000,31367650,625418,4950000000,29700000000,10000,60000,9941780371759,10420282,5511624026,2517,4918632350,1000,63100,2932978,9837259666,1205256641,18794743359,19298150159,9888281222,111718778,5386551988,112253996179,30045104300,226498,7658967,5420474600,264870319000,16900554582,29699311482,13343302728,996249290,45963285900,3750710,999763949,236051,107859,19867631,980132369,17791066769,4338988900,54,4447774700,999989395,10605,999826459,173541,4447764041,1000,1000,1000,1000,1000,1000,1000
497000,31399810,624675,4960000000,29760000000,10000,60000,9941689082448,1805903,5514285187,10669,4928600190,1000,68443,2917142,9857179042,1205255751,18794744249,19298076749,9888479978,111520022,5398042120,112279546830,30104382000,171278,7664190,5428873300,265395537600,16935133532,29759306882,13368631068,996332861,46054829400,3667139,999760997,239003,95636,19853568,980146432,17824840932,4347616900,8440,4456219780,999998524,1476,999825436,174564,4456209864,1000,1000,1000,1000,1000,1000,1000
498000,31431900,623150,4970000000,29820000000,10000,60000,9941589206256,1794115,5525605583,10659,4938568100,1000,62974,2912686,9877114882,1205268871,18794731129,19297987729,9888629114,111370886,5409527896,112304977079,30163662900,226147,8178218,5436899500,265920715400,16969727026,29819313876,13393988513,996492401,46146442200,3507599,999761543,238457,12542,19822729,980177271,17858645671,4356216100,103,4464674300,999982961,17039,999832042,167958,4464657158,1000,1000,1000,1000,1000,1000,1000
499000,31462500,630843,4980000000,29880000000,10000,60000,9941489147840,1994710,5537202442,3853,4948537500,1000,6245,2924838,9897067294,1205302550,18794697450,19297867650,9888746542,111253458,5421029436,112330481175,30222933800,212624,8086425,5445365800,266445898000,17004361012,29879362912,13419312314,996554447,46237965600,3445553,999745180,254820,20533,19873419,980126581,17892415981,4364784400,8040,4473113020,999998687,1313,999826333,173667,4473103667,1000,1000,1000,1000,1000,1000,1000
500000,31493320,618627,4990000000,29940000000,10000,60000,9941379733578,11537695,5558047227,3855,4958506680,1000,10601,2928582,9917005650,1205321173,18794678827,19297762227,9888930798,111069202,5432511748,112355991963,30282223400,201344,8123737,5453811500,266971200400,17038948672,29939370772,13444658242,996662901,46329511800,3337099,999750370,249630,4069,19831427,980168573,17926208873,4373424700,8340,4481565320,999993651,6349,999828569,171431,4481550631,1000,1000,1000,1000,1000,1000,1000
501000,31524880,625363,5000000000,30000000000,10000,60000,9941288329353,3070026,5560945749,3648,4968475120,1000,63676,2932579,9936942944,1205340679,18794659321,19297658421,9889062701,110937299,5444005845,112381496855,30341478900,154928,7909295,5462424400,267496222600,17073481911,29999310961,13470009308,996649727,46420957800,3350273,999730788,269212,81961,19825753,980174247,17960011747,4381999800,90,4490004520,999998009,1991,999818361,181639,4490002439,1000,1000,1000,1000,1000,1000,1000
502000,31556430,638014,5010000000,30060000000,10000,60000,9941188395397,3089197,5572308863,11964,4978443570,1000,6455,2912954,9956863212,1205324594,18794675406,19297595006,9889195946,110804054,5455502658,112406986618,30400772300,234628,7990682,5470728200,268021631800,17108100081,30059355531,13495299436,996806230,46512578700,3193770,999737312,262688,11482,19963346,980036654,17993729654,4390556500,8600,4498447600,999991218,8782,999831182,168818,4498430218,1000,1000,1000,1000,1000,1000,1000
503000,31587640,638945,5020000000,30120000000,10000,60000,9941089805556,1813532,5582410649,3924,4988412360,1000,10599,2932945,9976816872,1205355788,18794644212,19297485212,9889332135,110667865,5466996307,112432529793,30460036700,196621,7701467,5479394100,268546727000,17142684606,30119350456,13520616564,996789621,46604026800,3210379,999730759,269241,100138,19988674,980011326,18027485326,4399152700,8580,4506887620,999989722,10278,999836238,163762,4506868762,1000,1000,1000,1000,1000,1000,1000
504000,31619820,625482,5030000000,30180000000,10000,60000,9940981313155,10406177,5602281279,10352,4998380180,1000,63538,2918446,9996739656,1205351232,18794648768,19297409368,9889537754,110462246,5478494410,112458011464,30519309600,225947,7689451,5487881700,269071935200,17177228730,30179310980,13545945441,996858886,46695552900,3141114,999728523,271477,109037,19981596,980018404,18061254804,4407783000,85,4515326800,999982648,17352,999835737,164263,4515309363,1000,1000,1000,1000,1000,1000,1000
505000,31650700,624523,5040000000,30240000000,10000,60000,9940888760834,3075136,5606299428,12050,5008349300,1000,63269,2917292,10016674500,1205362370,18794637630,19297313030,9889683388,110316612,5489990388,112483524279,30578594200,209881,7505721,5496459200,269597245200,17211808658,30239312208,13571282740,996922571,46787078100,3077429,999712891,287109,114920,20011780,979988220,18095040720,4416367500,40,4523766820,999991200,8800,999829120,170880,4523757980,1000,1000,1000,1000,1000,1000,1000
506000,31682250,633789,5050000000,30300000000,10000,60000,9940790138088,1799853,5616359500,10366,5018317750,1000,11010,2918079,10036614768,1205361341,18794638659,19297231759,9889834701,110165299,5501476269,112509058376,30637873500,153173,7547844,5504831900,270122479000,17246434451,30299355201,13596632134,997019274,46878631200,2980726,999701157,298843,88783,19993849,980006151,18128842451,4424973200,8920,4532220420,999998817,1183,999821683,178317,4532210317,1000,1000,1000,1000,1000,1000,1000
507000,31713790,630802,5060000000,30360000000,10000,60000,9940690078817,1985163,5627935180,11841,5028286210,1000,63982,2915679,10056548738,1205371780,18794628220,19297132220,9889930001,110069999,5512964339,112534506855,30697130700,195258,7707089,5513115600,270647492600,17280978266,30359305216,13621970482,997102492,46970153100,2897508,999706263,293737,99771,20041289,979958711,18162621411,4433514400,96,4540668720,999982305,17695,999825871,174129,4540650929,1000,1000,1000,1000,1000,1000,1000
508000,31744650,624214,5070000000,30420000000,10000,60000,9940590250527,1946154,5639287502,3906,5038255350,1000,68330,2934560,10076502888,1205393781,18794606219,19297020819,9890040840,109959160,5524447628,112559989528,30756412800,175826,7833289,5521444100,271172631200,17315569606,30419307456,13647319581,997176108,47061670500,2823892,999698926,301074,108218,20019137,979980863,18196423363,4442096100,8683,4549120700,999991765,8235,999833318,166682,4549103782,1000,1000,1000,1000,1000,1000,1000
509000,31775190,623737,5080000000,30480000000,10000,60000,9940489104370,3207621,5651924768,2147,5048224810,1000,63665,2934121,10096445326,1205402091,18794597909,19296929209,9890162139,109837861,5535945165,112585451278,30815707800,229025,7531760,5530185400,271698093200,17350145248,30479312598,13672669596,997248327,47153202600,2751673,999684028,315972,104401,20077905,979922095,18230221395,4450662300,42,4557566040,999985801,14199,999821301,178699,4557551799,1000,1000,1000,1000,1000,1000,1000
510000,31806850,632699,5090000000,30540000000,10000,60000,9940389401352,3047693,5663080490,2145,5058193150,1000,63558,2936887,10116382010,1205429745,18794570255,19296815755,9890348233,109651767,5547444143,112610948969,30874962300,247076,8152545,5538001600,272223110200,17384729643,30539303743,13697969704,997430103,47244847200,2569897,999679218,320782,3615,20093911,979906089,18263954089,4459286100,46,4566000980,999983451,16549,999829715,170285,4565984385,1000,1000,1000,1000,1000,1000,1000
511000,31838540,622355,5100000000,30600000000,10000,60000,9940289505391,3039320,5674411537,12074,5068161460,1000,11857,2917845,10136298772,1205416211,18794583789,19296743989,9890484515,109515485,5558938887,112636476740,30934221400,221080,8210373,5546289500,272748166000,17419383088,30599365788,13723278893,997504948,47336382300,2495052,999671288,328712,6140,20163247,979836753,18297701753,4467844400,8867,4574442040,999989687,10313,999833140,166860,4574422860,1000,1000,1000,1000,1000,1000,1000
512000,31869740,636519,5110000000,30660000000,10000,60000,9940190728060,1938847,5684704622,10374,5078130260,1000,5908,2915903,10156239772,1205430007,18794569993,19296647293,9890573077,109426923,5570422949,112661941251,30993520800,189139,8070103,5554888000,273273493600,17453954323,30659357573,13748677974,997562962,47427883500,2437038,999650192,349808,9930,20131956,979868044,18331570344,4476389900,7686,4582900920,999999136,864,999821930,178070,4582892370,1000,1000,1000,1000,1000,1000,1000
513000,31901040,630788,5120000000,30720000000,10000,60000,9940081123061,11684559,5705815240,10406,5088098960,1000,10910,2920173,10176177108,1205462920,18794537080,19296531280,9890704987,109295013,5581915495,112687465152,31052791200,154615,7694791,5563645300,273798673600,17488540102,30719358302,13774019825,997556173,47519334600,2443827,999637662,362338,87289,20155964,979844036,18365359036,4484966600,37,4591341440,999997808,2192,999815589,184411,4591339211,1000,1000,1000,1000,1000,1000,1000
514000,31931840,631611,5130000000,30780000000,10000,60000,9939982689963,10234393,5715704385,12064,5098068160,1000,11302,2919100,10196112192,1205471956,18794528044,19296438444,9890860340,109139660,5593411232,112712952044,31112070800,203151,8106995,5571671000,274323875200,17523123737,30779357087,13799323449,997721286,47610960600,2278714,999637451,362549,5765,20207016,979792984,18399094284,4493561300,81,4599781860,999989056,10944,999833265,166735,4599770835,1000,1000,1000,1000,1000,1000,1000
515000,31962240,632989,5140000000,30840000000,10000,60000,9939889851022,3208565,5720000636,3596,5108037760,1000,6728,2931343,10216068328,1205500987,18794499013,19296325413,9891046757,108953243,5604907485,112738485024,31171326100,163562,8259475,5579957600,274848921800,17557718433,30839360283,13824645675,997796246,47702498700,2203754,999626908,373092,4262,20175987,979824013,18432857713,4502207600,7901,4608229500,999990439,9561,999830362,169638,4608212038,1000,1000,1000,1000,1000,1000,1000
516000,31992680,624277,5150000000,30900000000,10000,60000,9939782754958,10413266,5738481044,12059,5118007320,1000,62538,2908256,10235990522,1205501424,18794498576,19296241376,9891225844,108774156,5616385366,112763881988,31230659800,229555,8068511,5588776800,275374519600,17592238185,30899313185,13850048237,997862550,47793998400,2137450,999617531,382469,12181,20081144,979918856,18466728056,4510831000,8301,4616696900,999991220,8780,999829981,170019,4616679819,1000,1000,1000,1000,1000,1000,1000
517000,32023390,630653,5160000000,30960000000,10000,60000,9939690299070,3009171,5742417987,3875,5127976610,1000,10305,2935146,10255945470,1205540341,18794459659,19296127759,9891405794,108594206,5627879464,112789402659,31289915500,202024,7782319,5597496400,275899579800,17626874742,30959359042,13875374096,997819268,47885434500,2180732,999595229,404771,107861,20054165,979945835,18500495735,4519471800,42,4625130860,999990821,9179,999825261,174739,4625121639,1000,1000,1000,1000,1000,1000,1000
518000,32054450,628013,5170000000,31020000000,10000,60000,9939590245639,3163639,5753995793,3797,5137945550,1000,69613,2933848,10275883506,1205534878,18794465122,19296046722,9891478452,108521548,5639376758,112814882301,31349178300,212568,8160905,5605474000,276424700600,17661405874,31019302374,13900705560,997987980,47977067700,2012020,999579503,420497,9923,20150563,979849437,18534271937,4527985200,94,4633572900,999993571,6429,999818923,181077,4633566377,1000,1000,1000,1000,1000,1000,1000
519000,32085450,640893,5180000000,31080000000,10000,60000,9939490331227,3179666,5765335981,11874,5147914550,1000,5836,2911863,10295805352,1205526793,18794473207,19295968207,9891623997,108376003,5650868449,112840368576,31408454700,216224,7912366,5614168300,276949848600,17696044571,31079353271,13926047402,997978820,48068508900,2021180,999574620,425380,100800,20160598,979839402,18568058602,4536560900,38,4642025040,999986198,13802,999826100,173900,4642011200,1000,1000,1000,1000,1000,1000,1000
520000,32115750,639518,5190000000,31140000000,10000,60000,9939390500249,3150005,5776647536,12021,5157884250,1000,58356,2914173,10315744458,1205558454,18794441546,19295852446,9891766847,108233153,5662350205,112865915339,31467774500,168156,8078330,5622430500,277475329000,17730565876,31139302126,13951406659,998137794,48160122300,1862206,999560359,439641,11665,20139406,979860594,18601869994,4545161100,91,4650480080,999983346,16654,999838665,161335,4650463335,1000,1000,1000,1000,1000,1000,1000
521000,32146040,633507,5200000000,31200000000,10000,60000,9939282094643,11659705,5796516254,10673,5167853960,1000,11427,2920475,10335686574,1205557548,18794442452,19295772752,9891912845,108087155,5673848919,112891375652,31527025300,225691,8126120,5630813100,278000420200,17765206966,31199355066,13976714330,998204799,48251664900,1795201,999544480,455520,9381,20203651,979796349,18635612949,4553750500,88,4658917180,999981527,18473,999830481,169519,4658898619,1000,1000,1000,1000,1000,1000,1000
522000,32176560,629129,5210000000,31260000000,10000,60000,9939190730852,3163309,5799411938,2169,5177823440,1000,57346,2933487,10355642542,1205586161,18794413839,19295656739,9892035113,107964887,5685350255,112916870407,31586295800,219296,8096056,5639240900,278525598000,17799750625,31259313525,14002041561,998270638,48343197000,1729362,999519939,480061,6401,20241140,979758860,18669387260,4562327400,8637,4667358800,999995536,4464,999824301,175699,4667345699,1000,1000,1000,1000,1000,1000,1000
523000,32207210,638039,5220000000,31320000000,10000,60000,9939083816213,10196632,5817809247,2488,5187792790,1000,58026,2937811,10375580604,1205596645,18794403355,19295560955,9892165629,107834371,5696840433,112942414608,31645569400,171474,8118452,5647589400,279050738800,17834328935,31319303935,14027370512,998336602,48434726700,1663398,999505396,494604,11194,20265982,979734018,18703158818,4570905800,8460,4675802360,999994406,5594,999831094,168906,4675788306,1000,1000,1000,1000,1000,1000,1000
524000,32239100,628929,5230000000,31380000000,10000,60000,9938983926984,10189814,5829108864,10331,5197760900,1000,69203,2920812,10395501138,1205597098,18794402902,19295480602,9892327748,107672252,5708325986,112967911315,31704853700,149553,7824245,5656343600,279575935400,17868912618,31379301868,14052724808,998312394,48526159500,1687606,999493650,506350,103556,20236048,979763952,18736964352,4579502900,8620,4684254340,999993824,6176,999835656,164344,4684239544,1000,1000,1000,1000,1000,1000,1000
525000,32269780,626041,5240000000,31440000000,10000,60000,9938892354081,1879466,5832167277,10654,5207730220,1000,62271,2915779,10415439132,1205610347,18794389653,19295385453,9892456021,107543979,5719828053,112993318759,31764132100,257063,8209175,5664445800,280101200200,17903503188,31439311688,14078056686,998464316,48617795700,1535684,999464690,535310,4574,20297388,979702612,18770737412,4588067100,66,4692695300,999985492,14508,999834374,165626,4692680726,1000,1000,1000,1000,1000,1000,1000
526000,32301230,637159,5250000000,31500000000,10000,60000,9938783964201,10398713,5852024666,10379,5217698770,1000,58747,2917871,10435376782,1205638314,18794361686,19295278386,9892602209,107397791,5731310291,113018846110,31823407800,169265,8004742,5673070300,280626443600,17938077344,31499304094,14103441282,998498749,48709297200,1501251,999430574,569426,15125,20242843,979757157,18804587657,4596668700,88,4701148620,999997843,2157,999807925,192075,4701146375,1000,1000,1000,1000,1000,1000,1000
527000,32331700,634388,5260000000,31560000000,10000,60000,9938691575629,2929878,5855905772,3794,5227668300,1000,11125,2929182,10455329012,1205678107,18794321893,19295159393,9892752498,107247502,5742799210,113044350269,31882720300,200801,7624462,5681919900,281151857400,17972703437,31559354487,14128760531,998486270,48800748300,1513730,999426560,573440,102790,20257059,979742941,18838344541,4605282300,8109,4709600620,999991499,8501,999834190,165810,4709584010,1000,1000,1000,1000,1000,1000,1000
528000,32362870,631582,5270000000,31620000000,10000,60000,9938584440053,10175954,5874589781,2410,5237637130,1000,11586,2933987,10475269440,1205684607,18794315393,19295069693,9892799073,107200927,5754278913,113069848496,31941998600,172426,8045471,5689874700,281676994800,18007294482,31619356832,14154117479,998639811,48892365600,1360189,999407885,592115,13774,20308795,979691205,18872152405,4613789600,8913,4718056540,999987299,12701,999838974,161026,4718034926,1000,1000,1000,1000,1000,1000,1000
529000,32393630,620282,5280000000,31680000000,10000,60000,9938491787836,2943195,5878684784,3609,5247606370,1000,11396,2931967,10495205522,1205699631,18794300369,19294976569,9892956033,107043967,5765765655,113095219447,32001277100,251559,7668796,5698830400,282202251800,18041887222,31679368322,14179493739,998585432,48983784900,1414568,999371734,628266,110102,20260263,979739737,18905991137,4622395900,8957,4726507900,999998455,1545,999817502,182498,4726497398,1000,1000,1000,1000,1000,1000,1000
530000,32424030,636595,5290000000,31740000000,10000,60000,9938384439237,10389177,5897505537,10283,5257575970,1000,58170,2914986,10515131374,1205686814,18794313186,19294903486,9893048654,106951346,5777250028,113120745064,32060579700,181648,7675916,5707219900,282727511400,18076408235,31739305235,14204870012,998648800,49075302300,1351200,999348804,651196,109704,20252192,979747808,18939826108,4630930000,8540,4734966360,999998276,1724,999829604,170396,4734956096,1000,1000,1000,1000,1000,1000,1000
531000,32455170,627985,5300000000,31800000000,10000,60000,9938283502139,11438501,5909943148,10585,5267544830,1000,6167,2919057,10535068490,1205690940,18794309060,19294813260,9893157943,106842057,5788743533,113146247922,32119832700,181665,7755134,5715513900,283252556600,18111060148,31799365848,14230194398,998710607,49166842200,1289393,999324436,675564,109629,20318531,979681469,18973588669,4639482900,44,4743405900,999988415,11585,999827029,172971,4743394271,1000,1000,1000,1000,1000,1000,1000
532000,32485330,626150,5310000000,31860000000,10000,60000,9938183616597,11444227,5921328472,3633,5277514670,1000,68384,2938371,10555022074,1205709324,18794290676,19294717476,9893300089,106699911,5800245963,113171766619,32179118100,235167,7937609,5723703500,283777940200,18145573966,31859305466,14255479164,998867549,49258496100,1132451,999299211,700789,4862,20431798,979568202,19007299902,4648076200,52,4751837740,999983050,16950,999834362,165638,4751820738,1000,1000,1000,1000,1000,1000,1000
533000,32515350,622698,5320000000,31920000000,10000,60000,9938083725589,11439263,5932637886,11963,5287484650,1000,62886,2920149,10574945374,1205707752,18794292248,19294635148,9893473351,106526649,5811751825,113197367724,32238367700,157955,7698229,5732236400,284302911400,18180178416,31919314416,14280763567,998832087,49349950200,1167913,999275680,724320,100693,20496726,979503274,19041012674,4656666900,8047,4760273400,999983754,16246,999846593,153407,4760249107,1000,1000,1000,1000,1000,1000,1000
534000,32547490,626460,5330000000,31980000000,10000,60000,9937993618037,1675723,5934225020,3534,5297452510,1000,67839,2929945,10594897952,1205732060,18794267940,19294530940,9893619315,106380685,5823238667,113222724294,32297659300,232884,7716745,5740843100,284828225800,18214749001,31979305701,14306167447,998869550,49441458000,1130450,999230776,769224,98226,20402379,979597621,19074886521,4665278600,41,4768729340,999989775,10225,999826826,173174,4768719074,1000,1000,1000,1000,1000,1000,1000
535000,32578420,623028,5340000000,32040000000,10000,60000,9937883792264,11604676,5955481199,10352,5307421580,1000,6799,2915967,10614822456,1205730140,18794269860,19294451160,9893759213,106240787,5834719769,113248222925,32356962600,197921,7593715,5749419100,285353566000,18249392623,32039370173,14331535456,998899481,49532962500,1100519,999191763,808237,110982,20371826,979628174,19108713874,4673861900,8100,4777186720,999999798,202,999829082,170918,4777178418,1000,1000,1000,1000,1000,1000,1000
536000,32609180,639421,5350000000,32100000000,10000,60000,9937783924543,11576118,5966810250,11842,5317390820,1000,64158,2917276,10634757956,1205725761,18794274239,19294369739,9893889664,106110336,5846206520,113273770162,32416242800,165771,7890740,5757492200,285878820800,18283900471,32099296421,14356863920,999045239,49624598400,954761,999152950,847050,12211,20416991,979583009,19142482909,4682441100,8218,4785634160,999993047,6953,999831911,168089,4785618989,1000,1000,1000,1000,1000,1000,1000
537000,32640450,620071,5360000000,32160000000,10000,60000,9937685280768,10371502,5977013136,2152,5327359550,1000,6449,2935938,10654714796,1205772170,18794227830,19294241630,9893991902,106008098,5857697598,113299215142,32475492400,192850,8135493,5765716700,286403765600,18318574680,32159373480,14382208247,999092079,49716118500,907921,999129943,870057,24064,20421917,979578083,19176271783,4691009100,85,4794081260,999982361,17639,999831264,168736,4794063536,1000,1000,1000,1000,1000,1000,1000
538000,32671610,626073,5370000000,32220000000,10000,60000,9937592863514,2901621,5980898715,3882,5337328390,1000,5668,2931478,10674649016,1205779535,18794220465,19294151665,9894124242,105875758,5869189858,113324679590,32534780900,205410,8081416,5774221600,286929065800,18353149259,32219368259,14407563626,999132196,49807650900,867804,999077696,922304,14300,20430074,979569926,19210081626,4699583400,54,4802527680,999990374,9626,999824900,175100,4802518000,1000,1000,1000,1000,1000,1000,1000
539000,32702330,619775,5380000000,32280000000,10000,60000,9937484327189,11565843,6000920697,2205,5347297670,1000,68079,2937124,10694590930,1205802232,18794197768,19294047668,9894263376,105736624,5880681106,113350220232,32594064600,165997,8018710,5782663700,287454312400,18387675696,32279312146,14432889156,999182935,49899184800,817065,999044778,955222,11943,20456287,979543713,19243851713,4708173200,8658,4810972700,999998515,1485,999829143,170857,4810962557,1000,1000,1000,1000,1000,1000,1000
540000,32733050,631396,5390000000,32340000000,10000,60000,9937384643262,11389586,6012111873,2211,5357266950,1000,6409,2937409,10714529478,1205839248,18794160752,19293929252,9894384451,105615549,5892169329,113375638364,32653343100,227191,7833235,5791352100,287979500600,18422311295,32339362195,14458238889,999148128,49990640700,851872,999001413,998587,84785,20464596,979535404,19277651304,4716744600,8681,4819422740,999998356,1644,999828885,171115,4819412415,1000,1000,1000,1000,1000,1000,1000
541000,32764430,635250,5400000000,32400000000,10000,60000,9937285785580,10345199,6022399456,10596,5367235570,1000,57913,2909909,10734449948,1205828679,18794171321,19293856021,9894525271,105474729,5903669619,113401094626,32712623700,248477,8055237,5799583200,288504751400,18456837837,32399306837,14483600941,999236929,50082235200,763071,998934330,1065670,12701,20480460,979519540,19311466240,4725305600,77,4827870420,999994956,5044,999820401,179599,4827865299,1000,1000,1000,1000,1000,1000,1000
542000,32795130,625108,5410000000,32460000000,10000,60000,9937184680594,11586350,6035059047,2156,5377204870,1000,11327,2938569,10754405428,1205864644,18794135356,19293741456,9894634351,105365649,5915168479,113426679249,32771853700,217922,7870607,5808034400,289029614600,18491494365,32459363565,14508859762,999189471,50173699200,810529,998907228,1092772,111657,20611295,979388705,19345140505,4733871300,104,4836298380,999982467,17533,999834557,165443,4836280743,1000,1000,1000,1000,1000,1000,1000
543000,32824720,638365,5420000000,32520000000,10000,60000,9937084813802,11577836,6046369103,3535,5387175280,1000,5855,2934577,10774343490,1205888538,18794111462,19293641462,9894816103,105183897,5926672793,113452227730,32831137900,176433,7623557,5816661300,289554958200,18526063130,32519355780,14534190825,999219843,50265228600,780157,998860764,1139236,110921,20627696,979372304,19378918204,4742486800,53,4844736120,999991312,8688,999825221,174779,4844727379,1000,1000,1000,1000,1000,1000,1000
544000,32855700,627527,5430000000,32580000000,10000,60000,9936984969876,11546963,6057640604,3849,5397144300,1000,58438,2928439,10794280902,1205913139,18794086861,19293539561,9894987901,105012099,5938153103,113477620327,32890446800,238703,7787073,5825118400,290080317600,18560600035,32579314035,14559570920,999254735,50356760700,745265,998800345,1199655,92910,20532590,979467410,19412760910,4751115700,8420,4853199360,999999050,950,999828810,171190,4853189990,1000,1000,1000,1000,1000,1000,1000
545000,32886580,626308,5440000000,32640000000,10000,60000,9936894819394,1807432,6059321372,2373,5407113420,1000,62552,2935846,10814222094,1205917526,18794082474,19293452574,9895066174,104933826,5949644268,113503180642,32949706900,169178,7768972,5833440600,290605378600,18595188340,32639311140,14584906454,999286895,50448287400,713105,998757935,1242065,100940,20601586,979398414,19446538714,4759644000,46,4861641980,999990326,9674,999829040,170960,4861632260,1000,1000,1000,1000,1000,1000,1000
546000,32916950,639831,5450000000,32700000000,10000,60000,9936793714749,3003571,6071797465,11842,5417083050,1000,6270,2915678,10834142416,1205904820,18794095180,19293380280,9895258862,104741138,5961137078,113528647344,33008988800,177566,7643204,5842055600,291130674400,18629810349,32699353899,14610265048,999285013,50539801800,714987,998681983,1318017,111870,20568422,979431578,19480352778,4768264200,72,4870089660,999998142,1858,999813970,186030,4870087730,1000,1000,1000,1000,1000,1000,1000
547000,32948830,627968,5460000000,32760000000,10000,60000,9936685310187,11541838,6091701764,2189,5427051170,1000,11373,2939864,10854097962,1205929025,18794070975,19293268675,9895399856,104600144,5972619918,113554134165,33068277700,204636,8022570,5850144300,291655942600,18664398959,32759360659,14635586721,999416693,50631423300,583307,998641860,1358140,27467,20575946,979424054,19514115254,4776877900,8525,4878538180,999998878,1122,999825767,174233,4878528533,1000,1000,1000,1000,1000,1000,1000
548000,32979980,624263,5470000000,32820000000,10000,60000,9936585415009,11538466,6102974417,11823,5437020020,1000,11208,2915857,10874016394,1205925875,18794074125,19293189825,9895597983,104402017,5984118077,113579661820,33127549300,200939,7703099,5858889300,292181156200,18698985929,32819364529,14660912653,999372493,50722889400,627507,998590346,1409654,102153,20591000,979409000,19547877800,4785496300,101,4886982460,999982788,17212,999826953,173047,4886965147,1000,1000,1000,1000,1000,1000,1000
549000,33010850,634731,5480000000,32880000000,10000,60000,9936485727365,11363533,6114252323,2372,5446989150,1000,6783,2937734,10893973556,1205957498,18794042502,19293074402,9895644926,104355074,5995595982,113605093037,33186853200,210653,7686298,5867382300,292706464000,18733561136,32879358486,14686301135,999379836,50814399000,620164,998516766,1483234,105030,20581895,979418105,19581731805,4794022500,45,4895439840,999990875,9125,999827830,172170,4895430670,1000,1000,1000,1000,1000,1000,1000
550000,33040130,638997,5490000000,32940000000,10000,60000,9936385836154,11389638,6125624966,2413,5456959870,1000,6323,2931514,10913914914,1205988792,18794011208,19292961008,9895781406,104218594,6007085220,113630538576,33246145000,205366,7812749,5875771800,293231732400,18768139530,32939354680,14711689717,999426246,50905939800,573754,998453660,1546340,77614,20518997,979481003,19615585503,4802611100,35,4903898180,999997641,2359,999818914,181086,4903895786,1000,1000,1000,1000,1000,1000,1000
551000,33070300,630242,5500000000,33000000000,10000,60000,9936287177497,10163205,6135776150,10385,5466929700,1000,69033,2922015,10933838630,1205998202,18794001798,19292867398,9895875005,104124995,6018565935,113655986053,33305438300,261315,8007667,5884016500,293757030200,18802666125,32999300725,14737023628,999519478,50997526800,480522,998409234,1590766,24156,20587828,979412172,19649364572,4811147700,8940,4912350680,999999204,796,999828156,171844,4912340944,1000,1000,1000,1000,1000,1000,1000
552000,33100550,648429,5510000000,33060000000,10000,60000,9936186079405,11362702,6148389453,11961,5476899450,1000,6358,2919573,10953774978,1205998607,18794001393,19292785193,9895950787,104049213,6030057965,113681511313,33364712800,242850,7561007,5892790900,294282264000,18837292813,33059345213,14762356738,999463968,51088988100,536032,998348489,1651511,100721,20688383,979311617,19683140617,4819667800,8460,4920797440,999994899,5101,999824121,175879,4920783879,1000,1000,1000,1000,1000,1000,1000
553000,33130550,633188,5520000000,33120000000,10000,60000,9936094729623,2826534,6151206328,2166,5486869450,1000,68739,2937626,10973734568,1206008857,18793991143,19292693243,9896112734,103887266,6041554902,113707008851,33423990500,254567,7964129,5900853400,294807446600,18871831473,33119298073,14787680828,999549641,51180599700,450359,998279047,1720953,27306,20679078,979320922,19716904422,4828292400,8400,4929242040,999989954,10046,999833706,166294,4929223594,1000,1000,1000,1000,1000,1000,1000
554000,33160130,636729,5530000000,33180000000,10000,60000,9935995893812,1779717,6161486230,10357,5496839870,1000,10829,2919887,10993659026,1206017429,18793982571,19292598771,9896254353,103745647,6053040979,113732462671,33483251000,209827,8284929,5909026500,295332398800,18906483892,33179352442,14813065708,999567835,51272115300,432165,998207901,1792099,23866,20596558,979403442,19750754242,4836872400,9520,4937698160,999999894,106,999825366,174634,4937688534,1000,1000,1000,1000,1000,1000,1000
555000,33189560,638858,5540000000,33240000000,10000,60000,9935894831697,2961819,6174037989,11833,5506810440,1000,64873,2918756,11013597214,1206033516,18793966484,19292499384,9896380744,103619256,6064538158,113757981343,33542540300,210650,8120516,5917570500,295857730200,18941005669,33239296269,14838392297,999593858,51363649500,406142,998154289,1845711,27531,20659934,979340066,19784522366,4845439800,8141,4946140300,999997910,2090,999829031,170969,4946130069,1000,1000,1000,1000,1000,1000,1000
556000,33219940,628095,5550000000,33300000000,10000,60000,9935786427576,11510806,6193995264,3575,5516780060,1000,62404,2936888,11033552970,1206067482,18793932518,19292376118,9896482712,103517288,6076030282,113783507926,33601818200,223191,8084788,5925983500,296382995600,18975599551,33299309501,14863712236,999626203,51455209200,373797,998082842,1917158,13039,20740703,979259297,19818275497,4854005400,86,4954585800,999977547,22453,999835039,164961,4954563261,1000,1000,1000,1000,1000,1000,1000
557000,33250070,619351,5560000000,33360000000,10000,60000,9935696285774,1765245,6195630459,3658,5526749930,1000,11197,2934370,11053492544,1206075919,18793924081,19292285381,9896591290,103408710,6087522134,113809042482,33661088900,141579,8125331,5934317200,296908086600,19010250152,33359369452,14889072999,999626122,51546726000,373878,998006509,1993491,19087,20735088,979264912,19852091512,4862561700,67,4963036040,999982540,17460,999831787,168213,4963018513,1000,1000,1000,1000,1000,1000,1000
558000,33279840,633255,5570000000,33420000000,10000,60000,9935595204996,2970558,6208181720,2490,5536720160,1000,11117,2940622,11073435340,1206092954,18793907046,19292179646,9896745998,103254002,6099016538,113834563228,33720395700,149342,7858168,5942992600,297433555400,19044807878,33419355628,14914392436,999625174,51638254200,374826,997927064,2072936,29290,20776754,979223246,19885853746,4871164800,8364,4971478180,999991494,8506,999838890,161110,4971461310,1000,1000,1000,1000,1000,1000,1000
559000,33308600,623420,5580000000,33480000000,10000,60000,9935487959415,10341960,6226918246,3836,5546691400,1000,11430,2937558,11093375128,1206106875,18793893125,19292077925,9896865602,103134398,6110504330,113860041709,33779670600,143462,7664931,5951640100,297958696400,19079405450,33479365150,14939748386,999592075,51729707100,407925,997878732,2121268,101857,20771671,979228329,19919660129,4879736400,8340,4979933240,999986843,13157,999839457,160543,4979911743,1000,1000,1000,1000,1000,1000,1000
560000,33337780,636472,5590000000,33540000000,10000,60000,9935396803473,1618385,6229542365,3626,5556662220,1000,5696,2934392,11113317188,1206114958,18793885042,19291978342,9897004808,102995192,6121994396,113885407322,33838960900,212679,8026858,5959867400,298483973000,19113979632,33539357832,14965138346,999661894,51821294700,338106,997781161,2218839,25967,20706821,979293179,19953517479,4888327600,8320,4988388400,999999053,947,999825367,174633,4988379133,1000,1000,1000,1000,1000,1000,1000
561000,33367900,621037,5600000000,33600000000,10000,60000,9935287015475,11499370,6250746049,10276,5566632100,1000,6315,2920231,11133243648,1206101745,18793898255,19291905155,9897148969,102851031,6133475417,113910917571,33898270000,191881,8110564,5968258400,299009320800,19148573848,33599372648,14990507367,999695095,51912837000,304905,997715279,2284721,13284,20670917,979329083,19987337083,4896917200,65,4996848000,999981781,18219,999842684,157316,4996829716,1000,1000,1000,1000,1000,1000,1000
562000,33397580,632667,5610000000,33660000000,10000,60000,9935195887114,2765933,6253425567,2325,5576602420,1000,6251,2939544,11153200190,1206137247,18793862753,19291788353,9897236756,102763244,6144956846,113936392569,33957551000,144400,8022390,5976793600,299534550800,19183145532,33659361082,15015900513,999670073,52004344800,329927,997611096,2388904,15423,20632210,979367790,20021198890,4905480100,41,5005303800,999994618,5382,999821523,178477,5005298377,1000,1000,1000,1000,1000,1000,1000
563000,33427330,624837,5620000000,33720000000,10000,60000,9935087267954,11495883,6273533358,12201,5586572670,1000,67972,2925337,11173120938,1206141737,18793858263,19291698663,9897330703,102669297,6156442841,113961816237,34016811200,203507,8244045,5985020700,300059586400,19217684441,33719307191,15041237226,999702908,52095883500,297092,997555056,2444944,11748,20691522,979308478,20054979478,4914008800,38,5013752760,999989530,10470,999823448,176552,5013742252,1000,1000,1000,1000,1000,1000,1000
564000,33457040,626148,5630000000,33780000000,10000,60000,9934988731907,10156426,6283601742,3595,5596542960,1000,64011,2937286,11193078730,1206158633,18793841367,19291596767,9897419074,102580926,6167927104,113987333344,34076132100,152192,8020183,5993681500,300585043400,19252261141,33779309841,15066622863,999705836,52187384700,294164,997487148,2512852,25912,20664849,979335151,20088827151,4922570700,53,5022214340,999990001,9999,999830412,169588,5022204288,1000,1000,1000,1000,1000,1000,1000
565000,33485890,632971,5640000000,33840000000,10000,60000,9934896215895,2773302,6287569641,11771,5606514110,1000,10387,2921861,11213004678,1206150997,18793849003,19291517103,9897543719,102456281,6179418197,114012751156,34135415200,214002,7759604,6002426700,301110268800,19286891742,33839356642,15091966668,999635320,52278834000,364680,997407906,2592094,104486,20692318,979307682,20122621882,4931130200,8380,5030664620,999998974,1026,999830186,169814,5030655214,1000,1000,1000,1000,1000,1000,1000
566000,33516220,628304,5650000000,33900000000,10000,60000,9934788813756,10313976,6306550462,2371,5616483780,1000,6073,2941568,11232962818,1206185932,18793814068,19291400968,9897610192,102389808,6190905110,114038283091,34194699100,165526,7683329,6010859100,301635529400,19321482423,33899365623,15117320302,999657580,52370375700,342420,997333819,2666181,89339,20739237,979260763,20156426563,4939667900,8360,5039116140,999998481,1519,999826439,173561,5039106261,1000,1000,1000,1000,1000,1000,1000
567000,33546130,637176,5660000000,33960000000,10000,60000,9934697470329,1755302,6309338668,10654,5626453870,1000,59215,2917934,11252886432,1206175031,18793824969,19291324269,9897729746,102270254,6202395178,114063742788,34253963300,164581,7736732,6019258900,302160607400,19356011059,33959303609,15142684054,999659151,52461882300,340849,997266674,2733326,108223,20742269,979257731,20190243631,4948221000,8420,5047573320,999994677,5323,999818623,181377,5047559577,1000,1000,1000,1000,1000,1000,1000
568000,33576060,620658,5670000000,34020000000,10000,60000,9934597611627,1729840,6320715476,11858,5636423940,1000,63106,2918572,11272824164,1206186167,18793813833,19291231033,9897811448,102188552,6213878512,114089243044,34313278100,180476,7654816,6027749900,302686029000,19390599186,34019316236,15168026300,999676596,52553421900,323404,997195536,2804464,101740,20802840,979197160,20224030160,4956757100,8500,5056027080,999985280,14720,999840140,159860,5056003860,1000,1000,1000,1000,1000,1000,1000
569000,33605340,619749,5680000000,34080000000,10000,60000,9934488124805,11320344,6341698520,11778,5646394660,1000,11891,2923512,11292765764,1206187149,18793812851,19291150851,9897916908,102083092,6225371572,114114740714,34372553400,149219,7625665,6036170400,303211202800,19425237360,34079368360,15193377977,999676875,52644945000,323125,997116186,2883814,101311,20823834,979176166,20257835666,4965311100,8081,5064470680,999995090,4910,999833711,166289,5064457689,1000,1000,1000,1000,1000,1000,1000
570000,33635330,622552,5690000000,34140000000,10000,60000,9934396822961,2748733,6344497612,2411,5656364670,1000,6411,2934961,11312724518,1206212794,18793787206,19291047206,9898051699,101948301,6236865617,114140193744,34431832400,156047,7709301,6044588100,303736400800,19459825037,34139371037,15218744011,999694495,52736472300,305505,997048892,2951108,94397,20782586,979217414,20291658414,4973910600,8735,5072923940,999999198,802,999825997,174003,5072914403,1000,1000,1000,1000,1000,1000,1000
571000,33665320,636003,5700000000,34200000000,10000,60000,9934298119752,1563623,6354648531,2395,5666334680,1000,6317,2936638,11332664570,1206217675,18793782325,19290958325,9898203022,101796978,6248351292,114165624529,34491117800,226985,8084568,6052752700,304261647600,19494394430,34199357680,15244093881,999783275,52828072200,216725,996986713,3013287,27438,20766357,979233643,20325452543,4982516300,83,5081376640,999982105,17895,999832638,167362,5081358662,1000,1000,1000,1000,1000,1000,1000
572000,33694900,624315,5710000000,34260000000,10000,60000,9934198208221,1582644,6366097265,3746,5676305100,1000,68152,2931713,11352602708,1206222265,18793777735,19290873135,9898252867,101747133,6259835775,114191075281,34550400100,224587,7827174,6061436400,304786819400,19528931333,34259307533,15269470823,999685632,52919515200,314368,996883988,3116012,102956,20796233,979203767,20359288667,4991019800,85,5089835220,999982709,17291,999829856,170144,5089817844,1000,1000,1000,1000,1000,1000,1000
573000,33724600,641011,5720000000,34320000000,10000,60000,9934089756712,10153236,6386079289,2471,5686275400,1000,64903,2936795,11372545858,1206238648,18793761352,19290775752,9898341205,101658795,6271330463,114216510727,34609666700,256799,8183373,6069505300,305311920600,19563507386,34319294086,15294807816,999773287,53011110300,226713,996822729,3177271,35042,20846726,979153274,20393076774,4999556600,8700,5098278600,999999058,942,999824342,175658,5098268958,1000,1000,1000,1000,1000,1000,1000
574000,33755340,637813,5730000000,34380000000,10000,60000,9933998463706,1577824,6388880037,3875,5696244660,1000,68164,2929943,11392481570,1206267430,18793732570,19290665370,9898446137,101553863,6282818407,114242095674,34668973300,186150,7575589,6078443700,305837357800,19598080823,34379294023,15320154927,999699181,53102559900,300819,996749989,3250011,118008,20900081,979099919,20426870119,5008109300,8677,5106733220,999990649,9351,999831708,168292,5106715192,1000,1000,1000,1000,1000,1000,1000
575000,33785210,634650,5740000000,34440000000,10000,60000,9933898437258,1725819,6400433012,2063,5706214790,1000,11222,2931039,11412425454,1206286777,18793713223,19290562923,9898528461,101471539,6294304615,114267483623,34728246000,221845,8230909,6086313200,306362410400,19632734228,34439354128,15345538320,999806229,53194171500,193771,996679985,3320015,24056,20867536,979132464,20460716764,5016649300,8368,5115189800,999997012,2988,999827756,172244,5115178444,1000,1000,1000,1000,1000,1000,1000
576000,33814640,627781,5750000000,34500000000,10000,60000,9933798684110,1566377,6411614578,10459,5716185360,1000,63058,2917799,11432349802,1206267887,18793732113,19290498413,9898663481,101336519,6305793883,114292972581,34787524400,215846,8162359,6094804900,306887629600,19667272861,34499309161,15370886302,999793165,53285690700,206835,996591474,3408526,32009,20886707,979113293,20494514693,5025219400,8600,5123638120,999998871,1129,999823409,176591,5123628391,1000,1000,1000,1000,1000,1000,1000
577000,33843550,633454,5760000000,34560000000,10000,60000,9933690246589,10142388,6431609393,2094,5726156450,1000,11712,2937893,11452308712,1206300577,18793699423,19290379523,9898761987,101238013,6317291099,114318478481,34846823800,224249,8037986,6103323300,307413039600,19701892834,34559354834,15396227827,999818495,53377246500,181505,996509505,3490495,10910,20942683,979057317,20528301917,5033779600,73,5132079720,999994443,5557,999825710,174290,5132074090,1000,1000,1000,1000,1000,1000,1000
578000,33873150,633883,5770000000,34620000000,10000,60000,9933597785516,2714642,6435526829,3802,5736126850,1000,6325,2934091,11472246096,1206304458,18793695542,19290288842,9898905389,101094611,6328783485,114343933390,34906092700,238963,8028303,6111805400,307938198200,19736483992,34619359792,15421581971,999793594,53468758800,206406,996412345,3587655,25451,20933780,979066220,20562108720,5042368000,47,5140528520,999998276,1724,999814351,185649,5140526749,1000,1000,1000,1000,1000,1000,1000
579000,33902310,632010,5780000000,34680000000,10000,60000,9933489314588,11317409,6455463218,3601,5746097690,1000,6246,2934831,11492188178,1206331497,18793668503,19290178303,9899065809,100934191,6340276787,114369457567,34965379100,222617,7708210,6120560900,308463427800,19771069894,34679361744,15446912861,999704160,53560201200,295840,996334288,3665712,120328,20930067,979069933,20595881033,5050977200,43,5148976560,999991655,8345,999827228,172772,5148968172,1000,1000,1000,1000,1000,1000,1000
580000,33932180,631870,5790000000,34740000000,10000,60000,9933389253704,11470296,6466962157,10381,5756067820,1000,68823,2917983,11512114878,1206320200,18793679800,19290108000,9899199257,100800743,6351773135,114394996444,35024650300,180710,8036543,6128592000,308988619000,19805591907,34739299307,15472249491,999807357,53651836500,192643,996254175,3745825,18618,20975927,979024073,20629662373,5059541000,33,5157423760,999989155,10845,999822618,177382,5157412882,1000,1000,1000,1000,1000,1000,1000
581000,33962030,632111,5800000000,34800000000,10000,60000,9933299324563,1534531,6468448186,3645,5766037970,1000,64232,2931005,11532068650,1206350594,18793649406,19289996006,9899271615,100728385,6363254265,114420409529,35083947100,240707,8051192,6137083900,309513876600,19840179757,34799303657,15497607317,999824366,53743338000,175634,996211678,3788322,40712,20988995,979011005,20663473505,5068086000,8439,5165883380,999991247,8753,999833112,166888,5165866188,1000,1000,1000,1000,1000,1000,1000
582000,33991610,636618,5810000000,34860000000,10000,60000,9933190825837,10162983,6488479314,2110,5776008390,1000,6228,2935871,11552012560,1206375920,18793624080,19289886180,9899359389,100640611,6374739849,114445833836,35143233200,242761,8088796,6145537600,310039104000,19874817304,34859357154,15523006194,999820842,53834855100,179158,996118141,3881859,35199,20953205,979046795,20697340895,5076632100,48,5174336840,999997909,2091,999818799,181201,5174334701,1000,1000,1000,1000,1000,1000,1000
583000,34021180,627359,5820000000,34920000000,10000,60000,9933098240482,2849886,6492525743,10312,5785978820,1000,11539,2922441,11571937016,1206365668,18793634332,19289803632,9899481679,100518321,6386235095,114471378783,35202505300,229437,7783627,6154178000,310564277800,19909406902,34919361102,15548313550,999747359,53926328100,252641,996027499,3972501,110840,21047290,978952710,20731080610,5085183600,50,5182779480,999987630,12370,999829840,170160,5182767060,1000,1000,1000,1000,1000,1000,1000
584000,34050060,618402,5830000000,34980000000,10000,60000,9932989903505,11307630,6512359348,2106,5795949940,1000,11389,2938950,11591895668,1206380735,18793619265,19289703865,9899603610,100396390,6397716378,114496820934,35261813900,241350,8151125,6162348000,311089625400,19943995359,34979370209,15573690563,999833868,54017926800,166132,995947196,4052804,28728,20982565,979017435,20764920035,5093782900,8721,5191240340,999997853,2147,999834728,165272,5191229472,1000,1000,1000,1000,1000,1000,1000
585000,34079200,625920,5840000000,35040000000,10000,60000,9932899745585,1542393,6513928758,11821,5805920800,1000,10792,2919707,11611817958,1206347878,18793652122,19289649222,9899749033,100250967,6409215691,114522386132,35321085500,184614,7723844,6171106200,311614864600,19978569938,35039363288,15599027152,999771917,54109400700,228083,995858799,4141201,89782,21037130,978962870,20798699470,5102351300,44,5199682560,999989802,10198,999826482,173518,5199672318,1000,1000,1000,1000,1000,1000,1000
586000,34107900,640119,5850000000,35100000000,10000,60000,9932799735182,1671289,6525425796,10379,5815892100,1000,64543,2919165,11631763442,1206358871,18793641129,19289551029,9899865535,100134465,6420700877,114547792655,35380397300,257635,7688645,6179690100,312140262600,20013078588,35099295338,15624391240,999779811,54200911800,220189,995792341,4207659,102630,21022290,978977710,20832519310,5110928100,8300,5208143400,999992970,7030,999835730,164270,5208128070,1000,1000,1000,1000,1000,1000,1000
587000,34137400,624205,5860000000,35160000000,10000,60000,9932690240889,11276542,6546426357,11731,5825862600,1000,67920,2923777,11651701738,1206363431,18793636569,19289460469,9899962583,100037417,6432188621,114573306813,35439653100,199960,8027127,6187718100,312665289400,20047683925,35159307875,15649742218,999850791,54292504500,149209,995711582,4288418,36891,21044073,978955927,20866322927,5119475700,8540,5216589340,999999909,91,999824491,175509,5216580709,1000,1000,1000,1000,1000,1000,1000
588000,34167010,624788,5870000000,35220000000,10000,60000,9932598793362,2822421,6549355219,12112,5835832990,1000,11426,2919742,11671641756,1206357483,18793642517,19289384117,9900075998,99924002,6443689054,114598814502,35498924900,162723,7798136,6196337300,313190413800,20082328536,35219363786,15675095728,999765745,54383962500,234255,995613520,4386480,106175,21060247,978939753,20900127153,5128028700,82,5225032960,999998547,1453,999822975,177025,5225031425,1000,1000,1000,1000,1000,1000,1000
589000,34196320,631484,5880000000,35280000000,10000,60000,9932498930539,2802360,6560747797,11778,5845803680,1000,11896,2916433,11691583804,1206361999,18793638001,19289287001,9900147727,99852273,6455176731,114624262092,35558210800,200828,7764458,6204817100,313715655200,20116904520,35279356620,15700452130,999769745,54475479600,230255,995538485,4461515,119740,21109910,978890090,20933932890,5136554800,30,5233490640,999990150,9850,999825840,174160,5233480760,1000,1000,1000,1000,1000,1000,1000
590000,34225740,625984,5890000000,35340000000,10000,60000,9932399075732,2796449,6572121165,3899,5855774260,1000,11241,2926794,11711540722,1206395581,18793604419,19289172019,9900258966,99741034,6466656888,114649782381,35617529900,155621,7960114,6213079200,314241124600,20151483725,35339362775,15725829787,999855454,54567089700,144546,995448788,4551212,25734,21073347,978926653,20967770153,5145142800,7985,5241957040,999991311,8689,999831434,168566,5241940366,1000,1000,1000,1000,1000,1000,1000
591000,34255270,644233,5900000000,35400000000,10000,60000,9932299201081,2787800,6583501709,12085,5865744730,1000,10490,2918219,11731465290,1206412081,18793587919,19289076219,9900339161,99660839,6478134851,114675194586,35676819300,208476,8026063,6221506100,314766338600,20186051527,35399345277,15751202421,999863179,54658601700,136821,995389533,4610467,38054,21088533,978911467,21001597567,5153669600,91,5250412220,999983017,16983,999836654,163346,5250395146,1000,1000,1000,1000,1000,1000,1000
592000,34284970,619859,5910000000,35460000000,10000,60000,9932191838858,10301746,6602410933,2430,5875715030,1000,6730,2932187,11751425200,1206460704,18793539296,19288945896,9900459873,99540127,6489636873,114700707446,35736070600,177589,8156674,6229751500,315291401200,20220669661,35459373411,15776529490,999890650,54750164400,109350,995305195,4694805,7945,21125555,978874445,21035370645,5162248200,8960,5258856140,999993975,6025,999821945,178055,5258841155,1000,1000,1000,1000,1000,1000,1000
593000,34313930,635601,5920000000,35520000000,10000,60000,9932100608031,1649075,6605135085,2150,5885686070,1000,63158,2948170,11771367840,1206473106,18793526894,19288849094,9900595490,99404510,6501133330,114726195850,35795339200,244742,7840291,6238469600,315816575200,20255182691,35519301241,15801817973,999810046,54841624800,189954,995235410,4764590,103164,21221191,978778809,21069083809,5170830000,39,5267286340,999979535,20465,999836264,163736,5267265836,1000,1000,1000,1000,1000,1000,1000
594000,34343770,623774,5930000000,35580000000,10000,60000,9932000729301,1665639,6616457798,3826,5895656230,1000,11820,2934951,11791304808,1206508240,18793491760,19288732060,9900765109,99234891,6512622317,114751633557,35854656800,247224,8112903,6246757000,316342022400,20289820106,35579364406,15827211666,999877851,54933220800,122149,995134078,4865922,15927,21124861,978875139,21102947939,5179447600,8420,5275747540,999997153,2847,999831927,168073,5275736273,1000,1000,1000,1000,1000,1000,1000
595000,34372860,629444,5940000000,35640000000,10000,60000,9931901021704,1495459,6627707524,2134,5905627140,1000,68807,2934253,11811250012,1206529663,18793470337,19288630337,9900830227,99169773,6524108039,114777094505,35913945700,211757,8068190,6255250900,316867257000,20324341399,35639301749,15852617967,999866093,55024725900,133907,995047547,4952453,21454,21100387,978899613,21136823113,5187972200,45,5284207720,999997471,2529,999819854,180146,5284205146,1000,1000,1000,1000,1000,1000,1000
596000,34402320,634861,5950000000,35700000000,10000,60000,9931799989375,2624078,6640178565,10660,5915597680,1000,11607,2927547,11831174040,1206521553,18793478447,19288553947,9900963473,99036527,6535590413,114802641873,35973225800,178836,7613585,6264065800,317392501200,20358975432,35699353532,15877938472,999767599,55116171300,232401,994958902,5041098,115803,21155531,978844469,21170583969,5196547100,8602,5292656080,999998019,1981,999824103,175897,5292645497,1000,1000,1000,1000,1000,1000,1000
597000,34431700,627860,5960000000,35760000000,10000,60000,9931692591149,10128254,6659077266,10656,5925568300,1000,10978,2921324,11851115288,1206519203,18793480797,19288467597,9901046916,98953084,6547074604,114828053297,36032527200,183569,8061084,6272150000,317917775200,20393566112,35759361162,15903355477,999876819,55207772400,123181,994886141,5113859,22522,21091845,978908155,21204473555,5205087600,39,5301119360,999998757,1243,999819022,180978,5301118078,1000,1000,1000,1000,1000,1000,1000
598000,34460590,639443,5970000000,35820000000,10000,60000,9931592736485,10141558,6670497743,3623,5935539410,1000,69115,2929911,11871071574,1206569043,18793430957,19288328857,9901133029,98866971,6558559303,114853569143,36091823700,159491,8112642,6280529300,318443036200,20428079642,35819291442,15928712969,999886127,55299303300,113873,994808505,5191495,24478,21099909,978900091,21238278291,5213645300,35,5309582360,999982997,17003,999834778,165222,5309565322,1000,1000,1000,1000,1000,1000,1000
599000,34488660,630447,5980000000,35880000000,10000,60000,9931491709263,11273750,6683019922,11814,5945511340,1000,63180,2919020,11890999052,1206569113,18793430887,19288244487,9901219080,98780920,6570046232,114878973816,36151124800,220908,7967004,6289146900,318968404000,20462671723,35879306373,15954075904,999863794,55390812900,136206,994711802,5288198,34408,21140804,978859196,21272101096,5222171900,8280,5318033800,999999672,328,999830308,169692,5318025192,1000,1000,1000,1000,1000,1000,1000
600000,34517940,637736,5990000000,35940000000,10000,60000,9931400344929,2751136,6685861702,12020,5955482060,1000,10535,2922286,11910940080,1206576365,18793423635,19288151735,9901340154,98659846,6581528434,114904461907,36210410700,188578,7717773,6297861600,319493628600,20497301279,35939351729,15979456930,999826068,55482264000,173932,994658563,5341437,104395,21098565,978901435,21305940735,5230751800,40,5326489360,999994485,5515,999825995,174005,5326483805,1000,1000,1000,1000,1000,1000,1000
