Name,0,100,200,300,400,500,600,700,800,900,1000,1100,1200,1300,1400,1500,1600,1700,1800,1900,2000,2100,2200,2300,2400,2500,2600,2700,2800,2900,3000,3100,3200,3300,3400,3500,3600,3700,3800,3900,4000,4100,4200,4300,4400,4500,4600,4700,4800,4900,5000,5100,5200,5300,5400,5500,5600,5700,5800,5900,6000,6100,6200,6300,6400,6500,6600,6700,6800,6900,7000,7100,7200,7300,7400,7500,7600,7700,7800,7900,8000,8100,8200,8300,8400,8500,8600,8700,8800,8900,9000,9100,9200,9300,9400,9500,9600,9700,9800,9900,10000
H2O,10000000000000,9999999902285,9999999808054,9999999719844,9999999637612,9999999562859,9999999495564,9999999436346,9999999384038,9999999338715,9999999300108,9999999266868,9999999239463,9999999215941,9999999196308,9999999180088,9999999166572,9999999155317,9999999145319,9999999137129,9999999130072,9999999124376,9999999120150,9999999116616,9999999114435,9999999112334,9999999110487,9999999107781,9999999106182,9999999105453,9999999104520,9999999104156,9999999102633,9999999102129,9999999101691,9999999101410,9999999101111,9999999101239,9999999100953,9999999100720,9999999100683,9999999100844,9999999100940,9999999101031,9999999101689,9999999101536,9999999100594,9999999100333,9999999099831,9999999099476,9999999099484,9999999100141,9999999100598,9999999100237,9999999100720,9999999100183,9999999100451,9999999100235,9999999100116,9999999100414,9999999100481,9999999100391,9999999099491,9999999099413,9999999099143,9999999099588,9999999099096,9999999099131,9999999098987,9999999098856,9999999098633,9999999098455,9999999098412,9999999099451,9999999099753,9999999099187,9999999099731,9999999099892,9999999099099,9999999099837,9999999100454,9999999100190,9999999100449,9999999099723,9999999099397,9999999099561,9999999099256,9999999099629,9999999099854,9999999099618,9999999098802,9999999098906,9999999099375,9999999099860,9999999100375,9999999099760,9999999099551,9999999099371,9999999098557,9999999098834,9999999099113
OH-,100000,197715,291946,380156,462388,537141,604436,663654,715962,761285,799892,833132,860537,884059,903692,919912,933428,944683,954681,962871,969928,975624,979850,983384,985565,987666,989513,992219,993818,994547,995480,995844,997367,997871,998309,998590,998889,998761,999047,999280,999317,999156,999060,998969,998311,998464,999406,999667,1000169,1000524,1000516,999859,999402,999763,999280,999817,999549,999765,999884,999586,999519,999609,1000509,1000587,1000857,1000412,1000904,1000869,1001013,1001144,1001367,1001545,1001588,1000549,1000247,1000813,1000269,1000108,1000901,1000163,999546,999810,999551,1000277,1000603,1000439,1000744,1000371,1000146,1000382,1001198,1001094,1000625,1000140,999625,1000240,1000449,1000629,1001443,1001166,1000887
H+,100000,197715,291946,380156,462388,537141,604436,663654,715962,761285,799892,833132,860537,884059,903692,919912,933428,944683,954681,962871,969928,975624,979850,983384,985565,987666,989513,992219,993818,994547,995480,995844,997367,997871,998309,998590,998889,998761,999047,999280,999317,999156,999060,998969,998311,998464,999406,999667,1000169,1000524,1000516,999859,999402,999763,999280,999817,999549,999765,999884,999586,999519,999609,1000509,1000587,1000857,1000412,1000904,1000869,1001013,1001144,1001367,1001545,1001588,1000549,1000247,1000813,1000269,1000108,1000901,1000163,999546,999810,999551,1000277,1000603,1000439,1000744,1000371,1000146,1000382,1001198,1001094,1000625,1000140,999625,1000240,1000449,1000629,1001443,1001166,1000887
a,1000000,995118,990293,985325,980476,975731,970898,966049,961251,956399,951710,947030,942391,937658,932972,928261,923698,919095,914529,910091,905690,901200,896771,892378,888125,883763,879414,875076,870735,866425,862184,857944,853717,849552,845278,841159,837104,833086,828954,824916,820865,816758,812789,808709,804783,800712,796751,792813,788834,785049,781101,777318,773403,769501,765655,761755,757991,754278,750564,746804,743152,739443,735737,732114,728461,724928,721311,717757,714210,710658,707181,703686,700137,696691,693182,689777,686287,682883,679475,676010,672551,669237,665948,662610,659274,655931,652729,649465,646329,643117,639996,636898,633892,630829,627683,624620,621460,618375,615266,612248,609142
b,100000,3537,0,0,0,0,0,0,0,0,0,0,0,0,0,0,0,0,0,0,0,0,0,0,0,0,0,0,0,0,0,0,0,0,0,0,0,0,0,0,0,0,0,0,0,0,0,0,0,0,0,0,0,0,0,0,0,0,0,0,0,0,0,0,0,0,0,0,0,0,0,0,0,0,0,0,0,0,0,0,0,0,0,0,0,0,0,0,0,0,0,0,0,0,0,0,0,0,0,0,0
c,10000,0,0,0,0,0,0,0,0,0,0,0,0,0,0,0,0,0,0,0,0,0,0,0,0,0,0,0,0,0,0,0,0,0,0,0,0,0,0,0,0,0,0,0,0,0,0,0,0,0,0,0,0,0,0,0,0,0,0,0,0,0,0,0,0,0,0,0,0,0,0,0,0,0,0,0,0,0,0,0,0,0,0,0,0,0,0,0,0,0,0,0,0,0,0,0,0,0,0,0,0
r,0,0,24,115,280,514,771,1026,1299,1543,1788,2011,2248,2474,2710,2924,3135,3340,3557,3739,3921,4086,4284,4460,4618,4783,4950,5102,5242,5396,5547,5669,5812,5913,6017,6149,6261,6373,6474,6570,6660,6753,6847,6946,7032,7131,7206,7288,7368,7452,7506,7577,7648,7700,7763,7836,7895,7972,8024,8102,8164,8225,8274,8327,8362,8405,8456,8498,8541,8582,8634,8674,8704,8740,8779,8815,8852,8880,8915,8951,8982,9017,9034,9057,9079,9107,9128,9159,9183,9200,9223,9247,9270,9291,9309,9324,9348,9371,9390,9410,9430
H2O:=C1_1,10000000000,9999962819,9999961442,9999961354,9999961263,9999961180,9999961111,9999961060,9999961004,9999960967,9999960919,9999960882,9999960847,9999960844,9999960823,9999960810,9999960777,9999960741,9999960736,9999960743,9999960747,9999960735,9999960749,9999960750,9999960770,9999960791,9999960780,9999960763,9999960750,9999960746,9999960739,9999960743,9999960738,9999960725,9999960727,9999960733,9999960706,9999960684,9999960680,9999960686,9999960697,9999960719,9999960711,9999960729,9999960724,9999960735,9999960722,9999960746,9999960733,9999960717,9999960706,9999960727,9999960715,9999960732,9999960737,9999960723,9999960744,9999960735,9999960712,9999960710,9999960712,9999960726,9999960729,9999960719,9999960716,9999960711,9999960680,9999960715,9999960743,9999960728,9999960720,9999960731,9999960708,9999960707,9999960713,9999960701,9999960695,9999960711,9999960701,9999960693,9999960715,9999960692,9999960720,9999960703,9999960682,9999960693,9999960714,9999960740,9999960725,9999960725,9999960714,9999960704,9999960717,9999960713,9999960696,9999960682,9999960696,9999960689,9999960696,9999960688,9999960702
OH-:=C1_1,100,200,278,366,457,540,609,660,716,753,801,838,873,876,897,910,943,979,984,977,973,985,971,970,950,929,940,957,970,974,981,977,982,995,993,987,1014,1036,1040,1034,1023,1001,1009,991,996,985,998,974,987,1003,1014,993,1005,988,983,997,976,985,1008,1010,1008,994,991,1001,1004,1009,1040,1005,977,992,1000,989,1012,1013,1007,1019,1025,1009,1019,1027,1005,1028,1000,1017,1038,1027,1006,980,995,995,1006,1016,1003,1007,1024,1038,1024,1031,1024,1032,1018
H+:=C1_1,100,200,278,366,457,540,609,660,716,753,801,838,873,876,897,910,943,979,984,977,973,985,971,970,950,929,940,957,970,974,981,977,982,995,993,987,1014,1036,1040,1034,1023,1001,1009,991,996,985,998,974,987,1003,1014,993,1005,988,983,997,976,985,1008,1010,1008,994,991,1001,1004,1009,1040,1005,977,992,1000,989,1012,1013,1007,1019,1025,1009,1019,1027,1005,1028,1000,1017,1038,1027,1006,980,995,995,1006,1016,1003,1007,1024,1038,1024,1031,1024,1032,1018
a:=C1_1,0,0,6,0,0,9,0,0,1,10,1,0,0,9,0,10,7,5,8,0,10,10,0,0,1,11,0,0,0,10,13,0,5,9,0,13,0,8,10,2,9,5,7,38,812,1619,2407,3220,4032,4829,5644,6449,7220,7975,8779,9611,10396,11185,11908,12690,13429,14190,14947,15681,16399,17144,17838,18541,19255,19958,20636,21321,22033,22725,23458,24148,24842,25496,26180,26877,27561,28252,28915,29587,30204,30881,31509,32180,32813,33468,34049,34663,35257,35888,36497,37121,37781,38376,38994,39606,40241
b:=C1_1,0,36125,36455,35479,34555,33567,32562,31621,30660,29692,28751,27787,26840,25877,24905,24003,23102,22181,21230,20378,19475,18592,17669,16816,15941,15061,14197,13398,12552,11652,10784,9975,9121,8224,7312,6492,5622,4860,4040,3245,2493,1667,802,16,0,0,0,0,0,0,0,0,0,0,0,0,0,0,0,0,0,0,0,0,0,0,0,0,0,0,0,0,0,0,0,0,0,0,0,0,0,0,0,0,0,0,0,0,0,0,0,0,0,0,0,0,0,0,0,0,0
c:=C1_1,0,2176,1776,1157,519,128,16,0,0,0,0,0,0,0,0,0,0,0,0,0,0,0,0,0,0,0,0,0,0,0,0,0,0,0,0,0,0,0,0,0,0,0,0,0,0,0,0,0,0,0,0,0,0,0,0,0,0,0,0,0,0,0,0,0,0,0,0,0,0,0,0,0,0,0,0,0,0,0,0,0,0,0,0,0,0,0,0,0,0,0,0,0,0,0,0,0,0,0,0,0,0
en_X:=C1_1,3000,3000,3000,3000,3000,3000,3000,3000,3000,3000,3000,3000,3000,3000,3000,3000,3000,3000,3000,3000,3000,3000,3000,3000,3000,3000,3000,3000,3000,3000,3000,3000,3000,3000,3000,3000,3000,3000,3000,3000,3000,3000,3000,3000,3000,3000,3000,3000,3000,3000,3000,3000,3000,3000,3000,3000,3000,3000,3000,3000,3000,3000,3000,3000,3000,3000,3000,3000,3000,3000,3000,3000,3000,3000,3000,3000,3000,3000,3000,3000,3000,3000,3000,3000,3000,3000,3000,3000,3000,3000,3000,3000,3000,3000,3000,3000,3000,3000,3000,3000,3000
en_Z:=C1_1,2000,2000,2000,2000,2000,2000,2000,2000,2000,2000,2000,2000,2000,2000,2000,2000,2000,2000,2000,2000,2000,2000,2000,2000,2000,2000,2000,2000,2000,2000,2000,2000,2000,2000,2000,2000,2000,2000,2000,2000,2000,2000,2000,2000,2000,2000,2000,2000,2000,2000,2000,2000,2000,2000,2000,2000,2000,2000,2000,2000,2000,2000,2000,2000,2000,2000,2000,2000,2000,2000,2000,2000,2000,2000,2000,2000,2000,2000,2000,2000,2000,2000,2000,2000,2000,2000,2000,2000,2000,2000,2000,2000,2000,2000,2000,2000,2000,2000,2000,2000,2000
l:=C1_1,0,611,863,921,890,972,997,947,969,919,925,934,978,977,970,935,915,883,921,864,885,918,925,893,899,874,838,818,852,891,875,827,857,888,910,845,862,807,792,802,774,795,843,805,308,115,39,15,3,2,0,0,0,0,0,0,0,0,0,0,0,0,0,0,0,0,0,0,0,0,0,0,0,0,0,0,0,0,0,0,0,0,0,0,0,0,0,0,0,0,0,0,0,0,0,0,0,0,0,0,0
m:=C1_1,100000,57204,32222,17794,9889,5489,3025,1627,879,464,272,147,89,47,27,13,8,4,3,0,0,0,0,0,0,0,0,0,0,0,0,0,0,0,0,0,0,0,0,0,0,0,0,0,0,0,0,0,0,0,0,0,0,0,0,0,0,0,0,0,0,0,0,0,0,0,0,0,0,0,0,0,0,0,0,0,0,0,0,0,0,0,0,0,0,0,0,0,0,0,0,0,0,0,0,0,0,0,0,0,0
q:=C1_1,0,66,208,384,694,1201,2006,3014,3965,4946,5943,6867,7811,8737,9716,10685,11569,12538,13467,14368,15284,16142,17000,17907,18826,19701,20629,21426,22249,23129,23987,24863,25681,26516,27419,28309,29171,29988,30794,31632,32418,33221,34050,34879,35536,35879,36048,36105,36129,36133,36138,36138,36138,36138,36138,36138,36138,36138,36138,36138,36138,36138,36138,36138,36138,36138,36138,36138,36138,36138,36138,36138,36138,36138,36138,36138,36138,36138,36138,36138,36138,36138,36138,36138,36138,36138,36138,36138,36138,36138,36138,36138,36138,36138,36138,36138,36138,36138,36138,36138,36138
r:=C1_1,0,66,455,1055,1656,1987,2041,2009,1947,1892,1832,1786,1737,1688,1636,1587,1527,1473,1415,1383,1352,1312,1268,1222,1195,1171,1132,1086,1060,1023,1001,980,953,927,903,865,839,817,803,774,756,738,720,700,682,657,642,628,610,589,576,549,532,522,513,493,476,457,443,424,414,400,390,372,361,351,339,332,322,308,293,286,281,268,257,249,242,238,227,218,209,202,201,197,190,183,180,167,161,158,154,151,146,138,136,133,126,121,113,108,106
ATP:=C1_1,10000000,9962919,9961620,9961620,9961620,9961620,9961620,9961620,9961620,9961620,9961620,9961620,9961620,9961620,9961620,9961620,9961620,9961620,9961620,9961620,9961620,9961620,9961620,9961620,9961620,9961620,9961620,9961620,9961620,9961620,9961620,9961620,9961620,9961620,9961620,9961620,9961620,9961620,9961620,9961620,9961620,9961620,9961620,9961620,9961620,9961620,9961620,9961620,9961620,9961620,9961620,9961620,9961620,9961620,9961620,9961620,9961620,9961620,9961620,9961620,9961620,9961620,9961620,9961620,9961620,9961620,9961620,9961620,9961620,9961620,9961620,9961620,9961620,9961620,9961620,9961620,9961620,9961620,9961620,9961620,9961620,9961620,9961620,9961620,9961620,9961620,9961620,9961620,9961620,9961620,9961620,9961620,9961620,9961620,9961620,9961620,9961620,9961620,9961620,9961620,9961620
ADP:=C1_1,10000000,10037081,10038380,10038380,10038380,10038380,10038380,10038380,10038380,10038380,10038380,10038380,10038380,10038380,10038380,10038380,10038380,10038380,10038380,10038380,10038380,10038380,10038380,10038380,10038380,10038380,10038380,10038380,10038380,10038380,10038380,10038380,10038380,10038380,10038380,10038380,10038380,10038380,10038380,10038380,10038380,10038380,10038380,10038380,10038380,10038380,10038380,10038380,10038380,10038380,10038380,10038380,10038380,10038380,10038380,10038380,10038380,10038380,10038380,10038380,10038380,10038380,10038380,10038380,10038380,10038380,10038380,10038380,10038380,10038380,10038380,10038380,10038380,10038380,10038380,10038380,10038380,10038380,10038380,10038380,10038380,10038380,10038380,10038380,10038380,10038380,10038380,10038380,10038380,10038380,10038380,10038380,10038380,10038380,10038380,10038380,10038380,10038380,10038380,10038380,10038380
Pi:=C1_1,10000000,10037081,10038380,10038380,10038380,10038380,10038380,10038380,10038380,10038380,10038380,10038380,10038380,10038380,10038380,10038380,10038380,10038380,10038380,10038380,10038380,10038380,10038380,10038380,10038380,10038380,10038380,10038380,10038380,10038380,10038380,10038380,10038380,10038380,10038380,10038380,10038380,10038380,10038380,10038380,10038380,10038380,10038380,10038380,10038380,10038380,10038380,10038380,10038380,10038380,10038380,10038380,10038380,10038380,10038380,10038380,10038380,10038380,10038380,10038380,10038380,10038380,10038380,10038380,10038380,10038380,10038380,10038380,10038380,10038380,10038380,10038380,10038380,10038380,10038380,10038380,10038380,10038380,10038380,10038380,10038380,10038380,10038380,10038380,10038380,10038380,10038380,10038380,10038380,10038380,10038380,10038380,10038380,10038380,10038380,10038380,10038380,10038380,10038380,10038380,10038380
mem_P1:=C1_1,1000,1000,1000,1000,1000,1000,1000,1000,1000,1000,1000,1000,1000,1000,1000,1000,1000,1000,1000,1000,1000,1000,1000,1000,1000,1000,1000,1000,1000,1000,1000,1000,1000,1000,1000,1000,1000,1000,1000,1000,1000,1000,1000,1000,1000,1000,1000,1000,1000,1000,1000,1000,1000,1000,1000,1000,1000,1000,1000,1000,1000,1000,1000,1000,1000,1000,1000,1000,1000,1000,1000,1000,1000,1000,1000,1000,1000,1000,1000,1000,1000,1000,1000,1000,1000,1000,1000,1000,1000,1000,1000,1000,1000,1000,1000,1000,1000,1000,1000,1000,1000
mem_P2:=C1_1,500,500,500,500,500,500,500,500,500,500,500,500,500,500,500,500,500,500,500,500,500,500,500,500,500,500,500,500,500,500,500,500,500,500,500,500,500,500,500,500,500,500,500,500,500,500,500,500,500,500,500,500,500,500,500,500,500,500,500,500,500,500,500,500,500,500,500,500,500,500,500,500,500,500,500,500,500,500,500,500,500,500,500,500,500,500,500,500,500,500,500,500,500,500,500,500,500,500,500,500,500
mem_P6:=C1_1,300,300,300,300,300,300,300,300,300,300,300,300,300,300,300,300,300,300,300,300,300,300,300,300,300,300,300,300,300,300,300,300,300,300,300,300,300,300,300,300,300,300,300,300,300,300,300,300,300,300,300,300,300,300,300,300,300,300,300,300,300,300,300,300,300,300,300,300,300,300,300,300,300,300,300,300,300,300,300,300,300,300,300,300,300,300,300,300,300,300,300,300,300,300,300,300,300,300,300,300,300
H2O:=C1_2,10000000000,9999962756,9999961226,9999961140,9999961051,9999960996,9999960916,9999960879,9999960835,9999960788,9999960752,9999960718,9999960695,9999960668,9999960653,9999960594,9999960598,9999960575,9999960579,9999960553,9999960537,9999960527,9999960526,9999960544,9999960554,9999960523,9999960525,9999960516,9999960508,9999960519,9999960509,9999960493,9999960522,9999960523,9999960520,9999960513,9999960525,9999960527,9999960549,9999960531,9999960531,9999960525,9999960519,9999960512,9999960526,9999960529,9999960529,9999960535,9999960537,9999960532,9999960533,9999960543,9999960522,9999960516,9999960521,9999960533,9999960536,9999960527,9999960517,9999960519,9999960517,9999960509,9999960496,9999960523,9999960538,9999960504,9999960514,9999960492,9999960485,9999960485,9999960473,9999960450,9999960484,9999960483,9999960479,9999960485,9999960486,9999960491,9999960500,9999960511,9999960533,9999960541,9999960549,9999960560,9999960570,9999960583,9999960573,9999960575,9999960563,9999960576,9999960562,9999960565,9999960594,9999960587,9999960573,9999960578,9999960584,9999960590,9999960569,9999960560,9999960556
OH-:=C1_2,100,212,309,395,484,539,619,656,700,747,783,817,840,867,882,941,937,960,956,982,998,1008,1009,991,981,1012,1010,1019,1027,1016,1026,1042,1013,1012,1015,1022,1010,1008,986,1004,1004,1010,1016,1023,1009,1006,1006,1000,998,1003,1002,992,1013,1019,1014,1002,999,1008,1018,1016,1018,1026,1039,1012,997,1031,1021,1043,1050,1050,1062,1085,1051,1052,1056,1050,1049,1044,1035,1024,1002,994,986,975,965,952,962,960,972,959,973,970,941,948,962,957,951,945,966,975,979
H+:=C1_2,100,212,309,395,484,539,619,656,700,747,783,817,840,867,882,941,937,960,956,982,998,1008,1009,991,981,1012,1010,1019,1027,1016,1026,1042,1013,1012,1015,1022,1010,1008,986,1004,1004,1010,1016,1023,1009,1006,1006,1000,998,1003,1002,992,1013,1019,1014,1002,999,1008,1018,1016,1018,1026,1039,1012,997,1031,1021,1043,1050,1050,1062,1085,1051,1052,1056,1050,1049,1044,1035,1024,1002,994,986,975,965,952,962,960,972,959,973,970,941,948,962,957,951,945,966,975,979
a:=C1_2,0,0,1,0,9,4,0,0,12,2,15,11,12,1,10,0,0,10,0,0,11,1,0,2,10,14,6,6,6,13,0,12,1,0,7,0,1,7,0,6,5,1,3,11,254,1114,1879,2653,3472,4210,4998,5756,6543,7313,8064,8825,9546,10272,11014,11764,12453,13200,13930,14655,15407,16118,16842,17576,18294,19029,19718,20402,21113,21803,22507,23177,23861,24552,25230,25919,26644,27334,27954,28626,29331,29952,30641,31327,31942,32537,33150,33742,34354,34944,35558,36185,36847,37484,38092,38708,39319
b:=C1_2,0,36185,36659,35681,34717,33755,32767,31781,30818,29818,28907,27984,27032,26096,25178,24223,23302,22365,21490,20566,19749,18793,17927,17052,16212,15407,14558,13703,12846,11992,11142,10309,9482,8682,7860,7060,6262,5443,4612,3799,2970,2143,1351,529,0,0,0,0,0,0,0,0,0,0,0,0,0,0,0,0,0,0,0,0,0,0,0,0,0,0,0,0,0,0,0,0,0,0,0,0,0,0,0,0,0,0,0,0,0,0,0,0,0,0,0,0,0,0,0,0,0
c:=C1_2,0,1885,1523,930,383,76,8,0,0,0,0,0,0,0,0,0,0,0,0,0,0,0,0,0,0,0,0,0,0,0,0,0,0,0,0,0,0,0,0,0,0,0,0,0,0,0,0,0,0,0,0,0,0,0,0,0,0,0,0,0,0,0,0,0,0,0,0,0,0,0,0,0,0,0,0,0,0,0,0,0,0,0,0,0,0,0,0,0,0,0,0,0,0,0,0,0,0,0,0,0,0
en_X:=C1_2,3000,3000,3000,3000,3000,3000,3000,3000,3000,3000,3000,3000,3000,3000,3000,3000,3000,3000,3000,3000,3000,3000,3000,3000,3000,3000,3000,3000,3000,3000,3000,3000,3000,3000,3000,3000,3000,3000,3000,3000,3000,3000,3000,3000,3000,3000,3000,3000,3000,3000,3000,3000,3000,3000,3000,3000,3000,3000,3000,3000,3000,3000,3000,3000,3000,3000,3000,3000,3000,3000,3000,3000,3000,3000,3000,3000,3000,3000,3000,3000,3000,3000,3000,3000,3000,3000,3000,3000,3000,3000,3000,3000,3000,3000,3000,3000,3000,3000,3000,3000,3000
en_Z:=C1_2,2000,2000,2000,2000,2000,2000,2000,2000,2000,2000,2000,2000,2000,2000,2000,2000,2000,2000,2000,2000,2000,2000,2000,2000,2000,2000,2000,2000,2000,2000,2000,2000,2000,2000,2000,2000,2000,2000,2000,2000,2000,2000,2000,2000,2000,2000,2000,2000,2000,2000,2000,2000,2000,2000,2000,2000,2000,2000,2000,2000,2000,2000,2000,2000,2000,2000,2000,2000,2000,2000,2000,2000,2000,2000,2000,2000,2000,2000,2000,2000,2000,2000,2000,2000,2000,2000,2000,2000,2000,2000,2000,2000,2000,2000,2000,2000,2000,2000,2000,2000,2000
l:=C1_2,0,598,855,932,984,977,976,990,922,1004,985,948,964,947,933,921,921,959,927,982,853,960,898,862,875,852,843,886,876,872,871,850,822,816,796,791,832,833,867,833,855,862,822,808,559,206,87,26,12,6,2,1,0,0,0,0,0,0,0,0,0,0,0,0,0,0,0,0,0,0,0,0,0,0,0,0,0,0,0,0,0,0,0,0,0,0,0,0,0,0,0,0,0,0,0,0,0,0,0,0,0
m:=C1_2,100000,57209,32072,17800,9847,5425,2982,1606,889,476,258,135,67,31,19,11,6,3,2,0,0,0,0,0,0,0,0,0,0,0,0,0,0,0,0,0,0,0,0,0,0,0,0,0,0,0,0,0,0,0,0,0,0,0,0,0,0,0,0,0,0,0,0,0,0,0,0,0,0,0,0,0,0,0,0,0,0,0,0,0,0,0,0,0,0,0,0,0,0,0,0,0,0,0,0,0,0,0,0,0,0
q:=C1_2,0,76,233,425,747,1370,2252,3240,4270,5236,6184,7131,8092,9018,9948,10926,11884,12775,13691,14561,15488,16339,17230,18147,19051,19875,20754,21573,22388,23252,24099,24938,25810,26625,27480,28265,29056,29866,30669,31483,32300,33143,33972,34805,35640,36183,36424,36528,36574,36587,36594,36596,36596,36597,36597,36597,36597,36597,36597,36597,36597,36597,36597,36597,36597,36597,36597,36597,36597,36597,36597,36597,36597,36597,36597,36597,36597,36597,36597,36597,36597,36597,36597,36597,36597,36597,36597,36597,36597,36597,36597,36597,36597,36597,36597,36597,36597,36597,36597,36597,36597
r:=C1_2,0,83,440,1015,1519,1774,1806,1766,1711,1662,1615,1571,1522,1479,1427,1389,1350,1310,1270,1229,1189,1159,1124,1095,1059,1027,983,952,919,883,846,817,786,770,756,733,713,693,675,658,641,623,608,588,567,551,538,525,506,481,472,461,451,439,432,415,406,390,383,369,350,342,330,322,317,309,302,295,279,269,262,251,246,240,233,224,219,214,206,197,192,187,183,178,173,168,164,161,157,151,143,138,134,131,129,125,122,117,112,109,104
ATP:=C1_2,10000000,9962868,9961435,9961435,9961435,9961435,9961435,9961435,9961435,9961435,9961435,9961435,9961435,9961435,9961435,9961435,9961435,9961435,9961435,9961435,9961435,9961435,9961435,9961435,9961435,9961435,9961435,9961435,9961435,9961435,9961435,9961435,9961435,9961435,9961435,9961435,9961435,9961435,9961435,9961435,9961435,9961435,9961435,9961435,9961435,9961435,9961435,9961435,9961435,9961435,9961435,9961435,9961435,9961435,9961435,9961435,9961435,9961435,9961435,9961435,9961435,9961435,9961435,9961435,9961435,9961435,9961435,9961435,9961435,9961435,9961435,9961435,9961435,9961435,9961435,9961435,9961435,9961435,9961435,9961435,9961435,9961435,9961435,9961435,9961435,9961435,9961435,9961435,9961435,9961435,9961435,9961435,9961435,9961435,9961435,9961435,9961435,9961435,9961435,9961435,9961435
ADP:=C1_2,10000000,10037132,10038565,10038565,10038565,10038565,10038565,10038565,10038565,10038565,10038565,10038565,10038565,10038565,10038565,10038565,10038565,10038565,10038565,10038565,10038565,10038565,10038565,10038565,10038565,10038565,10038565,10038565,10038565,10038565,10038565,10038565,10038565,10038565,10038565,10038565,10038565,10038565,10038565,10038565,10038565,10038565,10038565,10038565,10038565,10038565,10038565,10038565,10038565,10038565,10038565,10038565,10038565,10038565,10038565,10038565,10038565,10038565,10038565,10038565,10038565,10038565,10038565,10038565,10038565,10038565,10038565,10038565,10038565,10038565,10038565,10038565,10038565,10038565,10038565,10038565,10038565,10038565,10038565,10038565,10038565,10038565,10038565,10038565,10038565,10038565,10038565,10038565,10038565,10038565,10038565,10038565,10038565,10038565,10038565,10038565,10038565,10038565,10038565,10038565,10038565
Pi:=C1_2,10000000,10037132,10038565,10038565,10038565,10038565,10038565,10038565,10038565,10038565,10038565,10038565,10038565,10038565,10038565,10038565,10038565,10038565,10038565,10038565,10038565,10038565,10038565,10038565,10038565,10038565,10038565,10038565,10038565,10038565,10038565,10038565,10038565,10038565,10038565,10038565,10038565,10038565,10038565,10038565,10038565,10038565,10038565,10038565,10038565,10038565,10038565,10038565,10038565,10038565,10038565,10038565,10038565,10038565,10038565,10038565,10038565,10038565,10038565,10038565,10038565,10038565,10038565,10038565,10038565,10038565,10038565,10038565,10038565,10038565,10038565,10038565,10038565,10038565,10038565,10038565,10038565,10038565,10038565,10038565,10038565,10038565,10038565,10038565,10038565,10038565,10038565,10038565,10038565,10038565,10038565,10038565,10038565,10038565,10038565,10038565,10038565,10038565,10038565,10038565,10038565
mem_P1:=C1_2,1000,1000,1000,1000,1000,1000,1000,1000,1000,1000,1000,1000,1000,1000,1000,1000,1000,1000,1000,1000,1000,1000,1000,1000,1000,1000,1000,1000,1000,1000,1000,1000,1000,1000,1000,1000,1000,1000,1000,1000,1000,1000,1000,1000,1000,1000,1000,1000,1000,1000,1000,1000,1000,1000,1000,1000,1000,1000,1000,1000,1000,1000,1000,1000,1000,1000,1000,1000,1000,1000,1000,1000,1000,1000,1000,1000,1000,1000,1000,1000,1000,1000,1000,1000,1000,1000,1000,1000,1000,1000,1000,1000,1000,1000,1000,1000,1000,1000,1000,1000,1000
mem_P2:=C1_2,500,500,500,500,500,500,500,500,500,500,500,500,500,500,500,500,500,500,500,500,500,500,500,500,500,500,500,500,500,500,500,500,500,500,500,500,500,500,500,500,500,500,500,500,500,500,500,500,500,500,500,500,500,500,500,500,500,500,500,500,500,500,500,500,500,500,500,500,500,500,500,500,500,500,500,500,500,500,500,500,500,500,500,500,500,500,500,500,500,500,500,500,500,500,500,500,500,500,500,500,500
mem_P6:=C1_2,300,300,300,300,300,300,300,300,300,300,300,300,300,300,300,300,300,300,300,300,300,300,300,300,300,300,300,300,300,300,300,300,300,300,300,300,300,300,300,300,300,300,300,300,300,300,300,300,300,300,300,300,300,300,300,300,300,300,300,300,300,300,300,300,300,300,300,300,300,300,300,300,300,300,300,300,300,300,300,300,300,300,300,300,300,300,300,300,300,300,300,300,300,300,300,300,300,300,300,300,300
H2O:=C2_1,10000000000,9999992445,9999992098,9999992000,9999991906,9999991814,9999991765,9999991702,9999991662,9999991596,9999991576,9999991564,9999991531,9999991510,9999991473,9999991477,9999991447,9999991441,9999991444,9999991439,9999991446,9999991452,9999991434,9999991439,9999991443,9999991405,9999991386,9999991412,9999991397,9999991382,9999991392,9999991397,9999991408,9999991393,9999991387,9999991389,9999991401,9999991388,9999991387,9999991393,9999991389,9999991390,9999991385,9999991392,9999991387,9999991392,9999991367,9999991376,9999991387,9999991400,9999991412,9999991406,9999991415,9999991419,9999991432,9999991423,9999991413,9999991407,9999991409,9999991402,9999991389,9999991390,9999991369,9999991374,9999991376,9999991393,9999991382,9999991380,9999991395,9999991389,9999991382,9999991355,9999991342,9999991324,9999991339,9999991349,9999991347,9999991353,9999991344,9999991349,9999991344,9999991341,9999991351,9999991359,9999991368,9999991342,9999991355,9999991361,9999991365,9999991381,9999991404,9999991413,9999991390,9999991363,9999991386,9999991389,9999991390,9999991383,9999991391,9999991399,9999991404
OH-:=C2_1,100,196,282,380,474,566,615,678,718,784,804,816,849,870,907,903,933,939,936,941,934,928,946,941,937,975,994,968,983,998,988,983,972,987,993,991,979,992,993,987,991,990,995,988,993,988,1013,1004,993,980,968,974,965,961,948,957,967,973,971,978,991,990,1011,1006,1004,987,998,1000,985,991,998,1025,1038,1056,1041,1031,1033,1027,1036,1031,1036,1039,1029,1021,1012,1038,1025,1019,1015,999,976,967,990,1017,994,991,990,997,989,981,976
H+:=C2_1,100,196,282,380,474,566,615,678,718,784,804,816,849,870,907,903,933,939,936,941,934,928,946,941,937,975,994,968,983,998,988,983,972,987,993,991,979,992,993,987,991,990,995,988,993,988,1013,1004,993,980,968,974,965,961,948,957,967,973,971,978,991,990,1011,1006,1004,987,998,1000,985,991,998,1025,1038,1056,1041,1031,1033,1027,1036,1031,1036,1039,1029,1021,1012,1038,1025,1019,1015,999,976,967,990,1017,994,991,990,997,989,981,976
a:=C2_1,0,1,9,0,8,1,2,12,27,935,1882,2726,3617,4577,5517,6505,7441,8350,9255,10134,11037,11929,12838,13679,14475,15363,16326,17202,18063,18932,19800,20684,21525,22316,23196,24070,24858,25705,26537,27325,28137,28955,29719,30519,31307,32105,32906,33697,34460,35174,35956,36717,37470,38279,39046,39798,40562,41298,42039,42753,43528,44262,45003,45722,46448,47113,47854,48579,49278,49989,50656,51349,52069,52762,53462,54128,54848,55522,56211,56918,57581,58228,58929,59567,60251,60925,61573,62228,62839,63491,64115,64742,65349,65950,66578,67171,67792,68386,68984,69610,70235
b:=C2_1,0,6450,5746,4763,3785,2870,1957,1039,46,0,0,0,0,0,0,0,0,0,0,0,0,0,0,0,0,0,0,0,0,0,0,0,0,0,0,0,0,0,0,0,0,0,0,0,0,0,0,0,0,0,0,0,0,0,0,0,0,0,0,0,0,0,0,0,0,0,0,0,0,0,0,0,0,0,0,0,0,0,0,0,0,0,0,0,0,0,0,0,0,0,0,0,0,0,0,0,0,0,0,0,0
c:=C2_1,0,1968,1697,1260,716,264,40,0,0,0,0,0,0,0,0,0,0,0,0,0,0,0,0,0,0,0,0,0,0,0,0,0,0,0,0,0,0,0,0,0,0,0,0,0,0,0,0,0,0,0,0,0,0,0,0,0,0,0,0,0,0,0,0,0,0,0,0,0,0,0,0,0,0,0,0,0,0,0,0,0,0,0,0,0,0,0,0,0,0,0,0,0,0,0,0,0,0,0,0,0,0
en_X:=C2_1,3000,3000,3000,3000,3000,3000,3000,3000,3000,3000,3000,3000,3000,3000,3000,3000,3000,3000,3000,3000,3000,3000,3000,3000,3000,3000,3000,3000,3000,3000,3000,3000,3000,3000,3000,3000,3000,3000,3000,3000,3000,3000,3000,3000,3000,3000,3000,3000,3000,3000,3000,3000,3000,3000,3000,3000,3000,3000,3000,3000,3000,3000,3000,3000,3000,3000,3000,3000,3000,3000,3000,3000,3000,3000,3000,3000,3000,3000,3000,3000,3000,3000,3000,3000,3000,3000,3000,3000,3000,3000,3000,3000,3000,3000,3000,3000,3000,3000,3000,3000,3000
en_Z:=C2_1,2000,2000,2000,2000,2000,2000,2000,2000,2000,2000,2000,2000,2000,2000,2000,2000,2000,2000,2000,2000,2000,2000,2000,2000,2000,2000,2000,2000,2000,2000,2000,2000,2000,2000,2000,2000,2000,2000,2000,2000,2000,2000,2000,2000,2000,2000,2000,2000,2000,2000,2000,2000,2000,2000,2000,2000,2000,2000,2000,2000,2000,2000,2000,2000,2000,2000,2000,2000,2000,2000,2000,2000,2000,2000,2000,2000,2000,2000,2000,2000,2000,2000,2000,2000,2000,2000,2000,2000,2000,2000,2000,2000,2000,2000,2000,2000,2000,2000,2000,2000,2000
l:=C2_1,0,796,1230,1564,1709,1756,1802,1806,1874,1175,694,412,261,158,98,58,29,19,16,8,8,2,1,1,1,1,1,0,0,0,0,0,0,0,0,0,0,0,0,0,0,0,0,0,0,0,0,0,0,0,0,0,0,0,0,0,0,0,0,0,0,0,0,0,0,0,0,0,0,0,0,0,0,0,0,0,0,0,0,0,0,0,0,0,0,0,0,0,0,0,0,0,0,0,0,0,0,0,0,0,0
m:=C2_1,100000,91205,83075,75697,69021,62872,57226,52190,47501,43133,39217,35614,32397,29428,26644,24179,21892,19860,18083,16334,14873,13511,12252,11061,10053,9119,8269,7475,6744,6093,5497,4950,4476,4082,3694,3310,2996,2704,2451,2165,1945,1764,1626,1483,1343,1222,1136,1032,947,860,774,703,631,577,528,477,436,398,357,316,285,246,221,195,177,170,150,136,124,115,104,91,82,69,64,59,57,48,46,43,38,34,32,25,22,21,17,16,14,14,13,12,12,11,10,9,8,8,7,6,6
q:=C2_1,0,47,147,286,462,865,1483,2378,3244,4131,4735,5154,5362,5498,5589,5641,5675,5685,5696,5707,5712,5718,5720,5720,5720,5720,5720,5721,5721,5721,5721,5721,5721,5721,5721,5721,5721,5721,5721,5721,5721,5721,5721,5721,5721,5721,5721,5721,5721,5721,5721,5721,5721,5721,5721,5721,5721,5721,5721,5721,5721,5721,5721,5721,5721,5721,5721,5721,5721,5721,5721,5721,5721,5721,5721,5721,5721,5721,5721,5721,5721,5721,5721,5721,5721,5721,5721,5721,5721,5721,5721,5721,5721,5721,5721,5721,5721,5721,5721,5721,5721
r:=C2_1,0,31,300,718,1233,1641,1816,1801,1749,1697,1644,1601,1550,1509,1470,1426,1387,1343,1309,1266,1227,1193,1152,1115,1081,1042,1013,984,960,928,895,867,840,829,813,787,769,745,720,697,675,657,632,612,593,572,559,538,526,516,505,497,485,473,456,447,434,424,415,398,388,372,363,353,346,341,329,321,313,310,301,293,281,274,268,258,249,243,238,231,229,218,212,210,205,196,188,185,179,176,173,167,162,160,154,150,146,143,142,137,128
ATP:=C2_1,10000000,9992541,9992280,9992280,9992280,9992280,9992280,9992280,9992280,9992280,9992280,9992280,9992280,9992280,9992280,9992280,9992280,9992280,9992280,9992280,9992280,9992280,9992280,9992280,9992280,9992280,9992280,9992280,9992280,9992280,9992280,9992280,9992280,9992280,9992280,9992280,9992280,9992280,9992280,9992280,9992280,9992280,9992280,9992280,9992280,9992280,9992280,9992280,9992280,9992280,9992280,9992280,9992280,9992280,9992280,9992280,9992280,9992280,9992280,9992280,9992280,9992280,9992280,9992280,9992280,9992280,9992280,9992280,9992280,9992280,9992280,9992280,9992280,9992280,9992280,9992280,9992280,9992280,9992280,9992280,9992280,9992280,9992280,9992280,9992280,9992280,9992280,9992280,9992280,9992280,9992280,9992280,9992280,9992280,9992280,9992280,9992280,9992280,9992280,9992280,9992280
ADP:=C2_1,10000000,10007459,10007720,10007720,10007720,10007720,10007720,10007720,10007720,10007720,10007720,10007720,10007720,10007720,10007720,10007720,10007720,10007720,10007720,10007720,10007720,10007720,10007720,10007720,10007720,10007720,10007720,10007720,10007720,10007720,10007720,10007720,10007720,10007720,10007720,10007720,10007720,10007720,10007720,10007720,10007720,10007720,10007720,10007720,10007720,10007720,10007720,10007720,10007720,10007720,10007720,10007720,10007720,10007720,10007720,10007720,10007720,10007720,10007720,10007720,10007720,10007720,10007720,10007720,10007720,10007720,10007720,10007720,10007720,10007720,10007720,10007720,10007720,10007720,10007720,10007720,10007720,10007720,10007720,10007720,10007720,10007720,10007720,10007720,10007720,10007720,10007720,10007720,10007720,10007720,10007720,10007720,10007720,10007720,10007720,10007720,10007720,10007720,10007720,10007720,10007720
Pi:=C2_1,10000000,10007459,10007720,10007720,10007720,10007720,10007720,10007720,10007720,10007720,10007720,10007720,10007720,10007720,10007720,10007720,10007720,10007720,10007720,10007720,10007720,10007720,10007720,10007720,10007720,10007720,10007720,10007720,10007720,10007720,10007720,10007720,10007720,10007720,10007720,10007720,10007720,10007720,10007720,10007720,10007720,10007720,10007720,10007720,10007720,10007720,10007720,10007720,10007720,10007720,10007720,10007720,10007720,10007720,10007720,10007720,10007720,10007720,10007720,10007720,10007720,10007720,10007720,10007720,10007720,10007720,10007720,10007720,10007720,10007720,10007720,10007720,10007720,10007720,10007720,10007720,10007720,10007720,10007720,10007720,10007720,10007720,10007720,10007720,10007720,10007720,10007720,10007720,10007720,10007720,10007720,10007720,10007720,10007720,10007720,10007720,10007720,10007720,10007720,10007720,10007720
mem_P1:=C2_1,1000,1000,1000,1000,1000,1000,1000,1000,1000,1000,1000,1000,1000,1000,1000,1000,1000,1000,1000,1000,1000,1000,1000,1000,1000,1000,1000,1000,1000,1000,1000,1000,1000,1000,1000,1000,1000,1000,1000,1000,1000,1000,1000,1000,1000,1000,1000,1000,1000,1000,1000,1000,1000,1000,1000,1000,1000,1000,1000,1000,1000,1000,1000,1000,1000,1000,1000,1000,1000,1000,1000,1000,1000,1000,1000,1000,1000,1000,1000,1000,1000,1000,1000,1000,1000,1000,1000,1000,1000,1000,1000,1000,1000,1000,1000,1000,1000,1000,1000,1000,1000
mem_P2:=C2_1,100,100,100,100,100,100,100,100,100,100,100,100,100,100,100,100,100,100,100,100,100,100,100,100,100,100,100,100,100,100,100,100,100,100,100,100,100,100,100,100,100,100,100,100,100,100,100,100,100,100,100,100,100,100,100,100,100,100,100,100,100,100,100,100,100,100,100,100,100,100,100,100,100,100,100,100,100,100,100,100,100,100,100,100,100,100,100,100,100,100,100,100,100,100,100,100,100,100,100,100,100
mem_P6:=C2_1,300,300,300,300,300,300,300,300,300,300,300,300,300,300,300,300,300,300,300,300,300,300,300,300,300,300,300,300,300,300,300,300,300,300,300,300,300,300,300,300,300,300,300,300,300,300,300,300,300,300,300,300,300,300,300,300,300,300,300,300,300,300,300,300,300,300,300,300,300,300,300,300,300,300,300,300,300,300,300,300,300,300,300,300,300,300,300,300,300,300,300,300,300,300,300,300,300,300,300,300,300
H2O:=C2_2,10000000000,9999992477,9999992097,9999992021,9999991941,9999991870,9999991796,9999991728,9999991678,9999991621,9999991583,9999991560,9999991527,9999991520,9999991471,9999991476,9999991471,9999991453,9999991431,9999991422,9999991377,9999991379,9999991395,9999991410,9999991423,9999991438,9999991448,9999991436,9999991441,9999991443,9999991428,9999991442,9999991438,9999991426,9999991425,9999991411,9999991443,9999991442,9999991425,9999991429,9999991430,9999991406,9999991410,9999991399,9999991391,9999991399,9999991426,9999991425,9999991423,9999991417,9999991422,9999991422,9999991446,9999991439,9999991433,9999991416,9999991423,9999991423,9999991440,9999991451,9999991417,9999991425,9999991397,9999991381,9999991384,9999991400,9999991367,9999991371,9999991381,9999991376,9999991378,9999991365,9999991382,9999991378,9999991391,9999991382,9999991401,9999991406,9999991404,9999991358,9999991364,9999991374,9999991377,9999991376,9999991372,9999991385,9999991399,9999991405,9999991414,9999991424,9999991451,9999991450,9999991440,9999991442,9999991437,9999991431,9999991420,9999991420,9999991420,9999991408,9999991412
OH-:=C2_2,100,218,309,385,465,536,610,678,728,785,823,846,879,886,935,930,935,953,975,984,1029,1027,1011,996,983,968,958,970,965,963,978,964,968,980,981,995,963,964,981,977,976,1000,996,1007,1015,1007,980,981,983,989,984,984,960,967,973,990,983,983,966,955,989,981,1009,1025,1022,1006,1039,1035,1025,1030,1028,1041,1024,1028,1015,1024,1005,1000,1002,1048,1042,1032,1029,1030,1034,1021,1007,1001,992,982,955,956,966,964,969,975,986,986,986,998,994
H+:=C2_2,100,218,309,385,465,536,610,678,728,785,823,846,879,886,935,930,935,953,975,984,1029,1027,1011,996,983,968,958,970,965,963,978,964,968,980,981,995,963,964,981,977,976,1000,996,1007,1015,1007,980,981,983,989,984,984,960,967,973,990,983,983,966,955,989,981,1009,1025,1022,1006,1039,1035,1025,1030,1028,1041,1024,1028,1015,1024,1005,1000,1002,1048,1042,1032,1029,1030,1034,1021,1007,1001,992,982,955,956,966,964,969,975,986,986,986,998,994
a:=C2_2,0,0,1,13,0,11,12,3,76,1001,1909,2886,3816,4753,5628,6613,7498,8432,9357,10281,11143,12034,12919,13871,14717,15586,16426,17339,18277,19112,19954,20823,21707,22578,23398,24146,24917,25713,26592,27396,28247,29084,29898,30652,31447,32250,33048,33837,34642,35402,36175,36906,37699,38473,39240,40027,40757,41462,42237,43003,43733,44483,45258,46031,46729,47442,48141,48824,49474,50180,50891,51599,52316,52974,53678,54350,55050,55736,56402,57096,57775,58434,59077,59771,60480,61182,61782,62382,63041,63665,64318,64944,65552,66167,66808,67404,68001,68600,69239,69829,70432
b:=C2_2,0,6411,5737,4713,3722,2796,1853,854,5,0,0,0,0,0,0,0,0,0,0,0,0,0,0,0,0,0,0,0,0,0,0,0,0,0,0,0,0,0,0,0,0,0,0,0,0,0,0,0,0,0,0,0,0,0,0,0,0,0,0,0,0,0,0,0,0,0,0,0,0,0,0,0,0,0,0,0,0,0,0,0,0,0,0,0,0,0,0,0,0,0,0,0,0,0,0,0,0,0,0,0,0
c:=C2_2,0,2013,1756,1313,745,265,49,2,0,0,0,0,0,0,0,0,0,0,0,0,0,0,0,0,0,0,0,0,0,0,0,0,0,0,0,0,0,0,0,0,0,0,0,0,0,0,0,0,0,0,0,0,0,0,0,0,0,0,0,0,0,0,0,0,0,0,0,0,0,0,0,0,0,0,0,0,0,0,0,0,0,0,0,0,0,0,0,0,0,0,0,0,0,0,0,0,0,0,0,0,0
en_X:=C2_2,3000,3000,3000,3000,3000,3000,3000,3000,3000,3000,3000,3000,3000,3000,3000,3000,3000,3000,3000,3000,3000,3000,3000,3000,3000,3000,3000,3000,3000,3000,3000,3000,3000,3000,3000,3000,3000,3000,3000,3000,3000,3000,3000,3000,3000,3000,3000,3000,3000,3000,3000,3000,3000,3000,3000,3000,3000,3000,3000,3000,3000,3000,3000,3000,3000,3000,3000,3000,3000,3000,3000,3000,3000,3000,3000,3000,3000,3000,3000,3000,3000,3000,3000,3000,3000,3000,3000,3000,3000,3000,3000,3000,3000,3000,3000,3000,3000,3000,3000,3000,3000
en_Z:=C2_2,2000,2000,2000,2000,2000,2000,2000,2000,2000,2000,2000,2000,2000,2000,2000,2000,2000,2000,2000,2000,2000,2000,2000,2000,2000,2000,2000,2000,2000,2000,2000,2000,2000,2000,2000,2000,2000,2000,2000,2000,2000,2000,2000,2000,2000,2000,2000,2000,2000,2000,2000,2000,2000,2000,2000,2000,2000,2000,2000,2000,2000,2000,2000,2000,2000,2000,2000,2000,2000,2000,2000,2000,2000,2000,2000,2000,2000,2000,2000,2000,2000,2000,2000,2000,2000,2000,2000,2000,2000,2000,2000,2000,2000,2000,2000,2000,2000,2000,2000,2000,2000
l:=C2_2,0,786,1261,1576,1717,1724,1785,1890,1764,1079,660,388,223,142,93,60,35,21,11,9,8,3,3,3,1,1,1,0,0,0,0,0,0,0,0,0,0,0,0,0,0,0,0,0,0,0,0,0,0,0,0,0,0,0,0,0,0,0,0,0,0,0,0,0,0,0,0,0,0,0,0,0,0,0,0,0,0,0,0,0,0,0,0,0,0,0,0,0,0,0,0,0,0,0,0,0,0,0,0,0,0
m:=C2_2,100000,91285,83340,76044,69237,63085,57391,52173,47431,43056,39130,35493,32147,29185,26456,23984,21776,19794,17939,16243,14764,13380,12170,11066,10017,9068,8202,7442,6670,6043,5515,5003,4510,4122,3748,3376,3073,2795,2554,2304,2079,1865,1709,1569,1419,1293,1182,1064,962,860,774,691,623,556,504,462,424,390,351,327,306,282,255,227,208,190,177,164,151,138,122,114,102,89,78,69,63,60,55,51,47,43,38,32,29,29,28,26,25,25,24,22,22,18,18,18,17,15,13,11,9
q:=C2_2,0,39,144,280,493,869,1521,2390,3309,4161,4720,5088,5320,5448,5532,5564,5598,5615,5630,5634,5637,5640,5642,5643,5645,5645,5645,5645,5646,5646,5646,5646,5646,5646,5646,5646,5646,5646,5646,5646,5646,5646,5646,5646,5646,5646,5646,5646,5646,5646,5646,5646,5646,5646,5646,5646,5646,5646,5646,5646,5646,5646,5646,5646,5646,5646,5646,5646,5646,5646,5646,5646,5646,5646,5646,5646,5646,5646,5646,5646,5646,5646,5646,5646,5646,5646,5646,5646,5646,5646,5646,5646,5646,5646,5646,5646,5646,5646,5646,5646,5646
r:=C2_2,0,35,288,715,1254,1698,1852,1846,1796,1749,1697,1645,1603,1554,1505,1460,1425,1387,1332,1296,1260,1224,1185,1139,1108,1069,1037,1011,974,948,916,891,857,836,809,781,757,734,714,702,688,667,650,628,619,596,575,560,545,528,514,499,484,475,456,438,428,415,402,388,377,362,351,343,337,326,314,303,298,287,275,268,265,258,249,244,239,232,226,220,210,205,202,197,193,189,186,181,176,172,166,159,152,150,145,144,138,130,128,123,120
ATP:=C2_2,10000000,9992595,9992306,9992306,9992306,9992306,9992306,9992306,9992306,9992306,9992306,9992306,9992306,9992306,9992306,9992306,9992306,9992306,9992306,9992306,9992306,9992306,9992306,9992306,9992306,9992306,9992306,9992306,9992306,9992306,9992306,9992306,9992306,9992306,9992306,9992306,9992306,9992306,9992306,9992306,9992306,9992306,9992306,9992306,9992306,9992306,9992306,9992306,9992306,9992306,9992306,9992306,9992306,9992306,9992306,9992306,9992306,9992306,9992306,9992306,9992306,9992306,9992306,9992306,9992306,9992306,9992306,9992306,9992306,9992306,9992306,9992306,9992306,9992306,9992306,9992306,9992306,9992306,9992306,9992306,9992306,9992306,9992306,9992306,9992306,9992306,9992306,9992306,9992306,9992306,9992306,9992306,9992306,9992306,9992306,9992306,9992306,9992306,9992306,9992306,9992306
ADP:=C2_2,10000000,10007405,10007694,10007694,10007694,10007694,10007694,10007694,10007694,10007694,10007694,10007694,10007694,10007694,10007694,10007694,10007694,10007694,10007694,10007694,10007694,10007694,10007694,10007694,10007694,10007694,10007694,10007694,10007694,10007694,10007694,10007694,10007694,10007694,10007694,10007694,10007694,10007694,10007694,10007694,10007694,10007694,10007694,10007694,10007694,10007694,10007694,10007694,10007694,10007694,10007694,10007694,10007694,10007694,10007694,10007694,10007694,10007694,10007694,10007694,10007694,10007694,10007694,10007694,10007694,10007694,10007694,10007694,10007694,10007694,10007694,10007694,10007694,10007694,10007694,10007694,10007694,10007694,10007694,10007694,10007694,10007694,10007694,10007694,10007694,10007694,10007694,10007694,10007694,10007694,10007694,10007694,10007694,10007694,10007694,10007694,10007694,10007694,10007694,10007694,10007694
Pi:=C2_2,10000000,10007405,10007694,10007694,10007694,10007694,10007694,10007694,10007694,10007694,10007694,10007694,10007694,10007694,10007694,10007694,10007694,10007694,10007694,10007694,10007694,10007694,10007694,10007694,10007694,10007694,10007694,10007694,10007694,10007694,10007694,10007694,10007694,10007694,10007694,10007694,10007694,10007694,10007694,10007694,10007694,10007694,10007694,10007694,10007694,10007694,10007694,10007694,10007694,10007694,10007694,10007694,10007694,10007694,10007694,10007694,10007694,10007694,10007694,10007694,10007694,10007694,10007694,10007694,10007694,10007694,10007694,10007694,10007694,10007694,10007694,10007694,10007694,10007694,10007694,10007694,10007694,10007694,10007694,10007694,10007694,10007694,10007694,10007694,10007694,10007694,10007694,10007694,10007694,10007694,10007694,10007694,10007694,10007694,10007694,10007694,10007694,10007694,10007694,10007694,10007694
mem_P1:=C2_2,1000,1000,1000,1000,1000,1000,1000,1000,1000,1000,1000,1000,1000,1000,1000,1000,1000,1000,1000,1000,1000,1000,1000,1000,1000,1000,1000,1000,1000,1000,1000,1000,1000,1000,1000,1000,1000,1000,1000,1000,1000,1000,1000,1000,1000,1000,1000,1000,1000,1000,1000,1000,1000,1000,1000,1000,1000,1000,1000,1000,1000,1000,1000,1000,1000,1000,1000,1000,1000,1000,1000,1000,1000,1000,1000,1000,1000,1000,1000,1000,1000,1000,1000,1000,1000,1000,1000,1000,1000,1000,1000,1000,1000,1000,1000,1000,1000,1000,1000,1000,1000
mem_P2:=C2_2,100,100,100,100,100,100,100,100,100,100,100,100,100,100,100,100,100,100,100,100,100,100,100,100,100,100,100,100,100,100,100,100,100,100,100,100,100,100,100,100,100,100,100,100,100,100,100,100,100,100,100,100,100,100,100,100,100,100,100,100,100,100,100,100,100,100,100,100,100,100,100,100,100,100,100,100,100,100,100,100,100,100,100,100,100,100,100,100,100,100,100,100,100,100,100,100,100,100,100,100,100
mem_P6:=C2_2,300,300,300,300,300,300,300,300,300,300,300,300,300,300,300,300,300,300,300,300,300,300,300,300,300,300,300,300,300,300,300,300,300,300,300,300,300,300,300,300,300,300,300,300,300,300,300,300,300,300,300,300,300,300,300,300,300,300,300,300,300,300,300,300,300,300,300,300,300,300,300,300,300,300,300,300,300,300,300,300,300,300,300,300,300,300,300,300,300,300,300,300,300,300,300,300,300,300,300,300,300
H2O:=C2_3,10000000000,9999992513,9999992163,9999992105,9999992023,9999991952,9999991881,9999991831,9999991749,9999991697,9999991658,9999991621,9999991602,9999991575,9999991561,9999991529,9999991531,9999991508,9999991503,9999991477,9999991481,9999991495,9999991481,9999991485,9999991474,9999991465,9999991482,9999991494,9999991500,9999991483,9999991462,9999991510,9999991475,9999991480,9999991499,9999991505,9999991514,9999991499,9999991485,9999991478,9999991460,9999991469,9999991457,9999991464,9999991456,9999991461,9999991461,9999991464,9999991464,9999991478,9999991459,9999991468,9999991485,9999991479,9999991480,9999991482,9999991491,9999991505,9999991494,9999991501,9999991483,9999991497,9999991502,9999991485,9999991472,9999991468,9999991472,9999991473,9999991476,9999991472,9999991457,9999991446,9999991479,9999991463,9999991448,9999991449,9999991471,9999991491,9999991496,9999991506,9999991493,9999991478,9999991491,9999991475,9999991484,9999991486,9999991506,9999991478,9999991475,9999991484,9999991485,9999991492,9999991478,9999991459,9999991445,9999991447,9999991445,9999991460,9999991475,9999991465,9999991451
OH-:=C2_3,100,201,296,354,436,507,578,628,710,762,801,838,857,884,898,930,928,951,956,982,978,964,978,974,985,994,977,965,959,976,997,949,984,979,960,954,945,960,974,981,999,990,1002,995,1003,998,998,995,995,981,1000,991,974,980,979,977,968,954,965,958,976,962,957,974,987,991,987,986,983,987,1002,1013,980,996,1011,1010,988,968,963,953,966,981,968,984,975,973,953,981,984,975,974,967,981,1000,1014,1012,1014,999,984,994,1008
H+:=C2_3,100,201,296,354,436,507,578,628,710,762,801,838,857,884,898,930,928,951,956,982,978,964,978,974,985,994,977,965,959,976,997,949,984,979,960,954,945,960,974,981,999,990,1002,995,1003,998,998,995,995,981,1000,991,974,980,979,977,968,954,965,958,976,962,957,974,987,991,987,986,983,987,1002,1013,980,996,1011,1010,988,968,963,953,966,981,968,984,975,973,953,981,984,975,974,967,981,1000,1014,1012,1014,999,984,994,1008
a:=C2_3,0,1,1,11,7,12,15,2,162,1163,2141,3118,4036,4975,5956,6837,7760,8654,9571,10438,11333,12211,13068,13938,14825,15731,16583,17478,18317,19152,19975,20821,21648,22451,23293,24164,25004,25784,26559,27399,28200,29007,29737,30616,31397,32200,33009,33780,34560,35336,36126,36854,37665,38459,39216,39984,40748,41505,42238,42986,43705,44422,45125,45797,46556,47255,48014,48723,49489,50186,50918,51643,52332,53045,53713,54420,55112,55811,56502,57180,57888,58515,59177,59839,60460,61129,61766,62418,63036,63722,64372,65011,65596,66222,66876,67499,68119,68779,69425,69999,70631
b:=C2_3,0,6412,5714,4713,3721,2780,1788,771,0,0,0,0,0,0,0,0,0,0,0,0,0,0,0,0,0,0,0,0,0,0,0,0,0,0,0,0,0,0,0,0,0,0,0,0,0,0,0,0,0,0,0,0,0,0,0,0,0,0,0,0,0,0,0,0,0,0,0,0,0,0,0,0,0,0,0,0,0,0,0,0,0,0,0,0,0,0,0,0,0,0,0,0,0,0,0,0,0,0,0,0,0
c:=C2_3,0,1703,1458,1034,525,168,17,1,0,0,0,0,0,0,0,0,0,0,0,0,0,0,0,0,0,0,0,0,0,0,0,0,0,0,0,0,0,0,0,0,0,0,0,0,0,0,0,0,0,0,0,0,0,0,0,0,0,0,0,0,0,0,0,0,0,0,0,0,0,0,0,0,0,0,0,0,0,0,0,0,0,0,0,0,0,0,0,0,0,0,0,0,0,0,0,0,0,0,0,0,0
en_X:=C2_3,3000,3000,3000,3000,3000,3000,3000,3000,3000,3000,3000,3000,3000,3000,3000,3000,3000,3000,3000,3000,3000,3000,3000,3000,3000,3000,3000,3000,3000,3000,3000,3000,3000,3000,3000,3000,3000,3000,3000,3000,3000,3000,3000,3000,3000,3000,3000,3000,3000,3000,3000,3000,3000,3000,3000,3000,3000,3000,3000,3000,3000,3000,3000,3000,3000,3000,3000,3000,3000,3000,3000,3000,3000,3000,3000,3000,3000,3000,3000,3000,3000,3000,3000,3000,3000,3000,3000,3000,3000,3000,3000,3000,3000,3000,3000,3000,3000,3000,3000,3000,3000
en_Z:=C2_3,2000,2000,2000,2000,2000,2000,2000,2000,2000,2000,2000,2000,2000,2000,2000,2000,2000,2000,2000,2000,2000,2000,2000,2000,2000,2000,2000,2000,2000,2000,2000,2000,2000,2000,2000,2000,2000,2000,2000,2000,2000,2000,2000,2000,2000,2000,2000,2000,2000,2000,2000,2000,2000,2000,2000,2000,2000,2000,2000,2000,2000,2000,2000,2000,2000,2000,2000,2000,2000,2000,2000,2000,2000,2000,2000,2000,2000,2000,2000,2000,2000,2000,2000,2000,2000,2000,2000,2000,2000,2000,2000,2000,2000,2000,2000,2000,2000,2000,2000,2000,2000
l:=C2_3,0,757,1210,1511,1692,1746,1847,1914,1740,1078,660,402,233,145,97,50,25,12,6,5,3,2,2,2,0,0,0,0,0,0,0,0,0,0,0,0,0,0,0,0,0,0,0,0,0,0,0,0,0,0,0,0,0,0,0,0,0,0,0,0,0,0,0,0,0,0,0,0,0,0,0,0,0,0,0,0,0,0,0,0,0,0,0,0,0,0,0,0,0,0,0,0,0,0,0,0,0,0,0,0,0
m:=C2_3,100000,91246,83266,75934,69238,63092,57388,52237,47483,43110,39130,35567,32343,29373,26597,24091,21849,19810,17933,16242,14742,13376,12150,10998,9979,9032,8178,7443,6727,6110,5539,5004,4504,4093,3707,3337,3036,2761,2507,2276,2079,1882,1711,1543,1392,1266,1159,1065,950,861,784,713,647,587,519,473,429,389,351,318,284,255,224,208,190,176,160,141,130,116,107,96,84,75,70,66,57,52,48,44,41,38,33,31,31,30,28,24,22,19,18,15,13,12,11,10,9,8,8,7,6
q:=C2_3,0,54,173,304,540,1055,1776,2701,3640,4455,4996,5330,5555,5696,5775,5825,5854,5879,5891,5893,5894,5895,5896,5896,5897,5897,5898,5898,5898,5898,5898,5898,5898,5898,5898,5898,5898,5898,5898,5898,5898,5898,5898,5898,5898,5898,5898,5898,5898,5898,5898,5898,5898,5898,5898,5898,5898,5898,5898,5898,5898,5898,5898,5898,5898,5898,5898,5898,5898,5898,5898,5898,5898,5898,5898,5898,5898,5898,5898,5898,5898,5898,5898,5898,5898,5898,5898,5898,5898,5898,5898,5898,5898,5898,5898,5898,5898,5898,5898,5898,5898
r:=C2_3,0,40,283,688,1170,1485,1584,1549,1498,1457,1424,1386,1340,1296,1252,1214,1176,1147,1117,1087,1051,1026,987,969,939,908,885,865,845,822,795,776,752,725,702,685,661,638,614,599,580,562,543,526,507,493,480,461,445,434,427,417,400,391,380,371,361,342,333,319,307,299,292,283,277,268,260,251,247,244,235,228,223,220,214,210,199,193,188,183,178,171,168,161,160,157,154,147,144,143,141,138,136,130,127,124,120,118,115,113,112
ATP:=C2_3,10000000,9992614,9992359,9992359,9992359,9992359,9992359,9992359,9992359,9992359,9992359,9992359,9992359,9992359,9992359,9992359,9992359,9992359,9992359,9992359,9992359,9992359,9992359,9992359,9992359,9992359,9992359,9992359,9992359,9992359,9992359,9992359,9992359,9992359,9992359,9992359,9992359,9992359,9992359,9992359,9992359,9992359,9992359,9992359,9992359,9992359,9992359,9992359,9992359,9992359,9992359,9992359,9992359,9992359,9992359,9992359,9992359,9992359,9992359,9992359,9992359,9992359,9992359,9992359,9992359,9992359,9992359,9992359,9992359,9992359,9992359,9992359,9992359,9992359,9992359,9992359,9992359,9992359,9992359,9992359,9992359,9992359,9992359,9992359,9992359,9992359,9992359,9992359,9992359,9992359,9992359,9992359,9992359,9992359,9992359,9992359,9992359,9992359,9992359,9992359,9992359
ADP:=C2_3,10000000,10007386,10007641,10007641,10007641,10007641,10007641,10007641,10007641,10007641,10007641,10007641,10007641,10007641,10007641,10007641,10007641,10007641,10007641,10007641,10007641,10007641,10007641,10007641,10007641,10007641,10007641,10007641,10007641,10007641,10007641,10007641,10007641,10007641,10007641,10007641,10007641,10007641,10007641,10007641,10007641,10007641,10007641,10007641,10007641,10007641,10007641,10007641,10007641,10007641,10007641,10007641,10007641,10007641,10007641,10007641,10007641,10007641,10007641,10007641,10007641,10007641,10007641,10007641,10007641,10007641,10007641,10007641,10007641,10007641,10007641,10007641,10007641,10007641,10007641,10007641,10007641,10007641,10007641,10007641,10007641,10007641,10007641,10007641,10007641,10007641,10007641,10007641,10007641,10007641,10007641,10007641,10007641,10007641,10007641,10007641,10007641,10007641,10007641,10007641,10007641
Pi:=C2_3,10000000,10007386,10007641,10007641,10007641,10007641,10007641,10007641,10007641,10007641,10007641,10007641,10007641,10007641,10007641,10007641,10007641,10007641,10007641,10007641,10007641,10007641,10007641,10007641,10007641,10007641,10007641,10007641,10007641,10007641,10007641,10007641,10007641,10007641,10007641,10007641,10007641,10007641,10007641,10007641,10007641,10007641,10007641,10007641,10007641,10007641,10007641,10007641,10007641,10007641,10007641,10007641,10007641,10007641,10007641,10007641,10007641,10007641,10007641,10007641,10007641,10007641,10007641,10007641,10007641,10007641,10007641,10007641,10007641,10007641,10007641,10007641,10007641,10007641,10007641,10007641,10007641,10007641,10007641,10007641,10007641,10007641,10007641,10007641,10007641,10007641,10007641,10007641,10007641,10007641,10007641,10007641,10007641,10007641,10007641,10007641,10007641,10007641,10007641,10007641,10007641
mem_P1:=C2_3,1000,1000,1000,1000,1000,1000,1000,1000,1000,1000,1000,1000,1000,1000,1000,1000,1000,1000,1000,1000,1000,1000,1000,1000,1000,1000,1000,1000,1000,1000,1000,1000,1000,1000,1000,1000,1000,1000,1000,1000,1000,1000,1000,1000,1000,1000,1000,1000,1000,1000,1000,1000,1000,1000,1000,1000,1000,1000,1000,1000,1000,1000,1000,1000,1000,1000,1000,1000,1000,1000,1000,1000,1000,1000,1000,1000,1000,1000,1000,1000,1000,1000,1000,1000,1000,1000,1000,1000,1000,1000,1000,1000,1000,1000,1000,1000,1000,1000,1000,1000,1000
mem_P2:=C2_3,100,100,100,100,100,100,100,100,100,100,100,100,100,100,100,100,100,100,100,100,100,100,100,100,100,100,100,100,100,100,100,100,100,100,100,100,100,100,100,100,100,100,100,100,100,100,100,100,100,100,100,100,100,100,100,100,100,100,100,100,100,100,100,100,100,100,100,100,100,100,100,100,100,100,100,100,100,100,100,100,100,100,100,100,100,100,100,100,100,100,100,100,100,100,100,100,100,100,100,100,100
mem_P6:=C2_3,300,300,300,300,300,300,300,300,300,300,300,300,300,300,300,300,300,300,300,300,300,300,300,300,300,300,300,300,300,300,300,300,300,300,300,300,300,300,300,300,300,300,300,300,300,300,300,300,300,300,300,300,300,300,300,300,300,300,300,300,300,300,300,300,300,300,300,300,300,300,300,300,300,300,300,300,300,300,300,300,300,300,300,300,300,300,300,300,300,300,300,300,300,300,300,300,300,300,300,300,300
H2O::C1_1::M1_1,1000000000,999999920,999999626,999999208,999998739,999998313,999997864,999997321,999996854,999996369,999995873,999995416,999994948,999994479,999993992,999993512,999993090,999992600,999992124,999991659,999991217,999990783,999990368,999989909,999989451,999989004,999988546,999988163,999987743,999987295,999986860,999986430,999985991,999985579,999985118,999984670,999984246,999983836,999983433,999983020,999982643,999982214,999981788,999981373,999981049,999980888,999980798,999980772,999980758,999980757,999980762,999980758,999980759,999980763,999980774,999980773,999980768,999980775,999980769,999980771,999980774,999980777,999980773,999980768,999980772,999980766,999980774,999980777,999980766,999980764,999980765,999980765,999980760,999980760,999980753,999980753,999980767,999980768,999980765,999980763,999980761,999980762,999980760,999980762,999980763,999980762,999980768,999980773,999980768,999980772,999980770,999980764,999980766,999980771,999980770,999980772,999980770,999980771,999980769,999980766,999980761
OH-::C1_1::M1_1,100,103,99,102,103,107,106,112,102,97,95,100,102,107,104,103,94,105,108,110,104,108,109,108,108,114,115,114,106,104,106,108,101,100,103,103,102,107,108,105,104,111,111,112,111,112,109,107,107,106,99,103,102,98,87,88,93,86,92,90,87,84,88,93,89,95,87,84,95,97,96,96,101,101,108,108,94,93,96,98,100,99,101,99,98,99,93,88,93,89,91,97,95,90,91,89,91,90,92,95,100
H+::C1_1::M1_1,100,103,99,102,103,107,106,112,102,97,95,100,102,107,104,103,94,105,108,110,104,108,109,108,108,114,115,114,106,104,106,108,101,100,103,103,102,107,108,105,104,111,111,112,111,112,109,107,107,106,99,103,102,98,87,88,93,86,92,90,87,84,88,93,89,95,87,84,95,97,96,96,101,101,108,108,94,93,96,98,100,99,101,99,98,99,93,88,93,89,91,97,95,90,91,89,91,90,92,95,100
l::C1_1::M1_1,0,3,6,1,2,2,9,2,4,0,4,6,6,0,1,8,2,2,1,2,2,3,3,3,0,2,1,1,4,3,0,1,5,2,2,3,5,2,7,1,0,4,2,1,0,0,0,0,0,0,0,0,0,0,0,0,0,0,0,0,0,0,0,0,0,0,0,0,0,0,0,0,0,0,0,0,0,0,0,0,0,0,0,0,0,0,0,0,0,0,0,0,0,0,0,0,0,0,0,0,0
m::C1_1::M1_1,0,21214,33440,40220,43729,45502,46231,46394,46305,45994,45638,45226,44812,44352,43872,43426,42949,42461,42029,41549,41125,40691,40249,39795,39363,38907,38475,38059,37648,37208,36768,36333,35906,35479,35024,34587,34156,33747,33321,32949,32536,32145,31737,31323,31066,30962,30924,30914,30907,30907,30906,30906,30906,30906,30906,30906,30906,30906,30906,30906,30906,30906,30906,30906,30906,30906,30906,30906,30906,30906,30906,30906,30906,30906,30906,30906,30906,30906,30906,30906,30906,30906,30906,30906,30906,30906,30906,30906,30906,30906,30906,30906,30906,30906,30906,30906,30906,30906,30906,30906,30906
n::C1_1::M1_1,100000,99807,99430,98962,98498,98059,97569,97057,96593,96073,95623,95152,94710,94230,93741,93287,92807,92317,91884,91404,90980,90546,90104,89650,89218,88762,88330,87914,87503,87063,86623,86188,85761,85334,84879,84442,84011,83602,83176,82804,82391,82000,81592,81178,80921,80817,80779,80769,80762,80762,80761,80761,80761,80761,80761,80761,80761,80761,80761,80761,80761,80761,80761,80761,80761,80761,80761,80761,80761,80761,80761,80761,80761,80761,80761,80761,80761,80761,80761,80761,80761,80761,80761,80761,80761,80761,80761,80761,80761,80761,80761,80761,80761,80761,80761,80761,80761,80761,80761,80761,80761
q::C1_1::M1_1,0,116,195,248,244,261,301,276,263,293,245,264,240,256,255,228,277,288,248,265,241,245,273,267,241,256,231,263,246,236,243,250,231,245,242,231,237,241,265,221,256,225,207,207,139,83,28,10,3,1,0,0,0,0,0,0,0,0,0,0,0,0,0,0,0,0,0,0,0,0,0,0,0,0,0,0,0,0,0,0,0,0,0,0,0,0,0,0,0,0,0,0,0,0,0,0,0,0,0,0,0
en_Y::C1_1::M1_1,10000,10000,10000,10000,10000,10000,10000,10000,10000,10000,10000,10000,10000,10000,10000,10000,10000,10000,10000,10000,10000,10000,10000,10000,10000,10000,10000,10000,10000,10000,10000,10000,10000,10000,10000,10000,10000,10000,10000,10000,10000,10000,10000,10000,10000,10000,10000,10000,10000,10000,10000,10000,10000,10000,10000,10000,10000,10000,10000,10000,10000,10000,10000,10000,10000,10000,10000,10000,10000,10000,10000,10000,10000,10000,10000,10000,10000,10000,10000,10000,10000,10000,10000,10000,10000,10000,10000,10000,10000,10000,10000,10000,10000,10000,10000,10000,10000,10000,10000,10000,10000
ATP::C1_1::M1_1,1000000,999923,999625,999210,998742,998320,997870,997333,996856,996366,995868,995416,994950,994486,993996,993515,993084,992605,992132,991669,991221,990791,990377,989917,989459,989018,988561,988177,987749,987299,986866,986438,985992,985579,985121,984673,984248,983843,983441,983025,982647,982225,981799,981385,981060,980900,980807,980779,980765,980763,980761,980761,980761,980761,980761,980761,980761,980761,980761,980761,980761,980761,980761,980761,980761,980761,980761,980761,980761,980761,980761,980761,980761,980761,980761,980761,980761,980761,980761,980761,980761,980761,980761,980761,980761,980761,980761,980761,980761,980761,980761,980761,980761,980761,980761,980761,980761,980761,980761,980761,980761
ADP::C1_1::M1_1,1000000,1000077,1000375,1000790,1001258,1001680,1002130,1002667,1003144,1003634,1004132,1004584,1005050,1005514,1006004,1006485,1006916,1007395,1007868,1008331,1008779,1009209,1009623,1010083,1010541,1010982,1011439,1011823,1012251,1012701,1013134,1013562,1014008,1014421,1014879,1015327,1015752,1016157,1016559,1016975,1017353,1017775,1018201,1018615,1018940,1019100,1019193,1019221,1019235,1019237,1019239,1019239,1019239,1019239,1019239,1019239,1019239,1019239,1019239,1019239,1019239,1019239,1019239,1019239,1019239,1019239,1019239,1019239,1019239,1019239,1019239,1019239,1019239,1019239,1019239,1019239,1019239,1019239,1019239,1019239,1019239,1019239,1019239,1019239,1019239,1019239,1019239,1019239,1019239,1019239,1019239,1019239,1019239,1019239,1019239,1019239,1019239,1019239,1019239,1019239,1019239
Pi::C1_1::M1_1,1000000,1000077,1000375,1000790,1001258,1001680,1002130,1002667,1003144,1003634,1004132,1004584,1005050,1005514,1006004,1006485,1006916,1007395,1007868,1008331,1008779,1009209,1009623,1010083,1010541,1010982,1011439,1011823,1012251,1012701,1013134,1013562,1014008,1014421,1014879,1015327,1015752,1016157,1016559,1016975,1017353,1017775,1018201,1018615,1018940,1019100,1019193,1019221,1019235,1019237,1019239,1019239,1019239,1019239,1019239,1019239,1019239,1019239,1019239,1019239,1019239,1019239,1019239,1019239,1019239,1019239,1019239,1019239,1019239,1019239,1019239,1019239,1019239,1019239,1019239,1019239,1019239,1019239,1019239,1019239,1019239,1019239,1019239,1019239,1019239,1019239,1019239,1019239,1019239,1019239,1019239,1019239,1019239,1019239,1019239,1019239,1019239,1019239,1019239,1019239,1019239
mem_P3::C1_1::M1_1,5000,5000,5000,5000,5000,5000,5000,5000,5000,5000,5000,5000,5000,5000,5000,5000,5000,5000,5000,5000,5000,5000,5000,5000,5000,5000,5000,5000,5000,5000,5000,5000,5000,5000,5000,5000,5000,5000,5000,5000,5000,5000,5000,5000,5000,5000,5000,5000,5000,5000,5000,5000,5000,5000,5000,5000,5000,5000,5000,5000,5000,5000,5000,5000,5000,5000,5000,5000,5000,5000,5000,5000,5000,5000,5000,5000,5000,5000,5000,5000,5000,5000,5000,5000,5000,5000,5000,5000,5000,5000,5000,5000,5000,5000,5000,5000,5000,5000,5000,5000,5000
mem_P4::C1_1::M1_1,3000,3000,3000,3000,3000,3000,3000,3000,3000,3000,3000,3000,3000,3000,3000,3000,3000,3000,3000,3000,3000,3000,3000,3000,3000,3000,3000,3000,3000,3000,3000,3000,3000,3000,3000,3000,3000,3000,3000,3000,3000,3000,3000,3000,3000,3000,3000,3000,3000,3000,3000,3000,3000,3000,3000,3000,3000,3000,3000,3000,3000,3000,3000,3000,3000,3000,3000,3000,3000,3000,3000,3000,3000,3000,3000,3000,3000,3000,3000,3000,3000,3000,3000,3000,3000,3000,3000,3000,3000,3000,3000,3000,3000,3000,3000,3000,3000,3000,3000,3000,3000
mem_P5::C1_1::M1_1,2000,2000,2000,2000,2000,2000,2000,2000,2000,2000,2000,2000,2000,2000,2000,2000,2000,2000,2000,2000,2000,2000,2000,2000,2000,2000,2000,2000,2000,2000,2000,2000,2000,2000,2000,2000,2000,2000,2000,2000,2000,2000,2000,2000,2000,2000,2000,2000,2000,2000,2000,2000,2000,2000,2000,2000,2000,2000,2000,2000,2000,2000,2000,2000,2000,2000,2000,2000,2000,2000,2000,2000,2000,2000,2000,2000,2000,2000,2000,2000,2000,2000,2000,2000,2000,2000,2000,2000,2000,2000,2000,2000,2000,2000,2000,2000,2000,2000,2000,2000,2000
H2O::C1_1::M1_2,1000000000,999999943,999999699,999999319,999998836,999998350,999997881,999997402,999996928,999996440,999995943,999995470,999994996,999994530,999994044,999993550,999993099,999992607,999992158,999991718,999991249,999990828,999990381,999989933,999989474,999989035,999988572,999988158,999987766,999987330,999986905,999986460,999986090,999985675,999985227,999984787,999984346,999983928,999983525,999983105,999982694,999982306,999981900,999981490,999981159,999980966,999980888,999980865,999980855,999980850,999980856,999980857,999980856,999980856,999980855,999980851,999980856,999980857,999980843,999980847,999980849,999980850,999980856,999980855,999980846,999980846,999980851,999980852,999980849,999980846,999980847,999980853,999980853,999980850,999980850,999980858,999980865,999980853,999980854,999980856,999980856,999980858,999980860,999980862,999980861,999980863,999980856,999980856,999980849,999980853,999980852,999980851,999980850,999980848,999980848,999980858,999980858,999980860,999980854,999980859,999980854
OH-::C1_1::M1_2,100,102,102,102,105,115,117,109,109,106,104,105,101,105,102,108,106,108,101,103,104,97,100,101,99,104,96,97,94,100,100,97,95,88,91,89,93,99,98,96,99,106,109,104,103,113,115,109,109,112,103,102,103,103,104,108,103,102,116,112,110,109,103,104,113,113,108,107,110,113,112,106,106,109,109,101,94,106,105,103,103,101,99,97,98,96,103,103,110,106,107,108,109,111,111,101,101,99,105,100,105
H+::C1_1::M1_2,100,102,102,102,105,115,117,109,109,106,104,105,101,105,102,108,106,108,101,103,104,97,100,101,99,104,96,97,94,100,100,97,95,88,91,89,93,99,98,96,99,106,109,104,103,113,115,109,109,112,103,102,103,103,104,108,103,102,116,112,110,109,103,104,113,113,108,107,110,113,112,106,106,109,109,101,94,106,105,103,103,101,99,97,98,96,103,103,110,106,107,108,109,111,111,101,101,99,105,100,105
l::C1_1::M1_2,0,4,6,2,9,2,2,0,4,1,1,0,8,3,8,9,1,6,6,4,0,0,2,5,0,0,1,4,5,0,1,0,4,1,7,4,1,0,3,4,1,3,2,5,0,0,0,0,0,0,0,0,0,0,0,0,0,0,0,0,0,0,0,0,0,0,0,0,0,0,0,0,0,0,0,0,0,0,0,0,0,0,0,0,0,0,0,0,0,0,0,0,0,0,0,0,0,0,0,0,0
m::C1_1::M1_2,0,21244,33288,40009,43458,45172,45934,46169,46073,45774,45391,44974,44551,44078,43605,43136,42683,42227,41746,41319,40857,40442,39970,39542,39097,38650,38182,37782,37385,36958,36512,36090,35701,35256,34827,34377,33954,33542,33141,32723,32352,31944,31532,31124,30862,30773,30735,30721,30716,30715,30714,30714,30714,30714,30714,30714,30714,30714,30714,30714,30714,30714,30714,30714,30714,30714,30714,30714,30714,30714,30714,30714,30714,30714,30714,30714,30714,30714,30714,30714,30714,30714,30714,30714,30714,30714,30714,30714,30714,30714,30714,30714,30714,30714,30714,30714,30714,30714,30714,30714,30714
n::C1_1::M1_2,100000,99855,99520,99061,98578,98104,97621,97133,96664,96159,95678,95195,94742,94247,93763,93288,92833,92375,91894,91464,91002,90587,90115,89687,89242,88795,88327,87927,87530,87103,86657,86235,85846,85401,84972,84522,84099,83687,83286,82868,82497,82089,81677,81269,81007,80918,80880,80866,80861,80860,80859,80859,80859,80859,80859,80859,80859,80859,80859,80859,80859,80859,80859,80859,80859,80859,80859,80859,80859,80859,80859,80859,80859,80859,80859,80859,80859,80859,80859,80859,80859,80859,80859,80859,80859,80859,80859,80859,80859,80859,80859,80859,80859,80859,80859,80859,80859,80859,80859,80859,80859
q::C1_1::M1_2,0,90,181,260,263,261,277,278,273,287,269,280,255,288,283,270,272,240,265,257,251,238,266,247,231,244,241,228,230,227,248,222,239,262,246,254,240,240,237,233,196,223,232,225,155,61,23,8,3,2,0,0,0,0,0,0,0,0,0,0,0,0,0,0,0,0,0,0,0,0,0,0,0,0,0,0,0,0,0,0,0,0,0,0,0,0,0,0,0,0,0,0,0,0,0,0,0,0,0,0,0
en_Y::C1_1::M1_2,10000,10000,10000,10000,10000,10000,10000,10000,10000,10000,10000,10000,10000,10000,10000,10000,10000,10000,10000,10000,10000,10000,10000,10000,10000,10000,10000,10000,10000,10000,10000,10000,10000,10000,10000,10000,10000,10000,10000,10000,10000,10000,10000,10000,10000,10000,10000,10000,10000,10000,10000,10000,10000,10000,10000,10000,10000,10000,10000,10000,10000,10000,10000,10000,10000,10000,10000,10000,10000,10000,10000,10000,10000,10000,10000,10000,10000,10000,10000,10000,10000,10000,10000,10000,10000,10000,10000,10000,10000,10000,10000,10000,10000,10000,10000,10000,10000,10000,10000,10000,10000
ATP::C1_1::M1_2,1000000,999945,999701,999321,998841,998365,997898,997411,996937,996446,995947,995475,994997,994535,994046,993558,993105,992615,992159,991721,991253,990825,990381,989934,989473,989039,988568,988155,987760,987330,986905,986457,986085,985663,985218,984776,984339,983927,983523,983101,982693,982312,981909,981494,981162,980979,980903,980874,980864,980862,980859,980859,980859,980859,980859,980859,980859,980859,980859,980859,980859,980859,980859,980859,980859,980859,980859,980859,980859,980859,980859,980859,980859,980859,980859,980859,980859,980859,980859,980859,980859,980859,980859,980859,980859,980859,980859,980859,980859,980859,980859,980859,980859,980859,980859,980859,980859,980859,980859,980859,980859
ADP::C1_1::M1_2,1000000,1000055,1000299,1000679,1001159,1001635,1002102,1002589,1003063,1003554,1004053,1004525,1005003,1005465,1005954,1006442,1006895,1007385,1007841,1008279,1008747,1009175,1009619,1010066,1010527,1010961,1011432,1011845,1012240,1012670,1013095,1013543,1013915,1014337,1014782,1015224,1015661,1016073,1016477,1016899,1017307,1017688,1018091,1018506,1018838,1019021,1019097,1019126,1019136,1019138,1019141,1019141,1019141,1019141,1019141,1019141,1019141,1019141,1019141,1019141,1019141,1019141,1019141,1019141,1019141,1019141,1019141,1019141,1019141,1019141,1019141,1019141,1019141,1019141,1019141,1019141,1019141,1019141,1019141,1019141,1019141,1019141,1019141,1019141,1019141,1019141,1019141,1019141,1019141,1019141,1019141,1019141,1019141,1019141,1019141,1019141,1019141,1019141,1019141,1019141,1019141
Pi::C1_1::M1_2,1000000,1000055,1000299,1000679,1001159,1001635,1002102,1002589,1003063,1003554,1004053,1004525,1005003,1005465,1005954,1006442,1006895,1007385,1007841,1008279,1008747,1009175,1009619,1010066,1010527,1010961,1011432,1011845,1012240,1012670,1013095,1013543,1013915,1014337,1014782,1015224,1015661,1016073,1016477,1016899,1017307,1017688,1018091,1018506,1018838,1019021,1019097,1019126,1019136,1019138,1019141,1019141,1019141,1019141,1019141,1019141,1019141,1019141,1019141,1019141,1019141,1019141,1019141,1019141,1019141,1019141,1019141,1019141,1019141,1019141,1019141,1019141,1019141,1019141,1019141,1019141,1019141,1019141,1019141,1019141,1019141,1019141,1019141,1019141,1019141,1019141,1019141,1019141,1019141,1019141,1019141,1019141,1019141,1019141,1019141,1019141,1019141,1019141,1019141,1019141,1019141
mem_P3::C1_1::M1_2,5000,5000,5000,5000,5000,5000,5000,5000,5000,5000,5000,5000,5000,5000,5000,5000,5000,5000,5000,5000,5000,5000,5000,5000,5000,5000,5000,5000,5000,5000,5000,5000,5000,5000,5000,5000,5000,5000,5000,5000,5000,5000,5000,5000,5000,5000,5000,5000,5000,5000,5000,5000,5000,5000,5000,5000,5000,5000,5000,5000,5000,5000,5000,5000,5000,5000,5000,5000,5000,5000,5000,5000,5000,5000,5000,5000,5000,5000,5000,5000,5000,5000,5000,5000,5000,5000,5000,5000,5000,5000,5000,5000,5000,5000,5000,5000,5000,5000,5000,5000,5000
mem_P4::C1_1::M1_2,3000,3000,3000,3000,3000,3000,3000,3000,3000,3000,3000,3000,3000,3000,3000,3000,3000,3000,3000,3000,3000,3000,3000,3000,3000,3000,3000,3000,3000,3000,3000,3000,3000,3000,3000,3000,3000,3000,3000,3000,3000,3000,3000,3000,3000,3000,3000,3000,3000,3000,3000,3000,3000,3000,3000,3000,3000,3000,3000,3000,3000,3000,3000,3000,3000,3000,3000,3000,3000,3000,3000,3000,3000,3000,3000,3000,3000,3000,3000,3000,3000,3000,3000,3000,3000,3000,3000,3000,3000,3000,3000,3000,3000,3000,3000,3000,3000,3000,3000,3000,3000
mem_P5::C1_1::M1_2,2000,2000,2000,2000,2000,2000,2000,2000,2000,2000,2000,2000,2000,2000,2000,2000,2000,2000,2000,2000,2000,2000,2000,2000,2000,2000,2000,2000,2000,2000,2000,2000,2000,2000,2000,2000,2000,2000,2000,2000,2000,2000,2000,2000,2000,2000,2000,2000,2000,2000,2000,2000,2000,2000,2000,2000,2000,2000,2000,2000,2000,2000,2000,2000,2000,2000,2000,2000,2000,2000,2000,2000,2000,2000,2000,2000,2000,2000,2000,2000,2000,2000,2000,2000,2000,2000,2000,2000,2000,2000,2000,2000,2000,2000,2000,2000,2000,2000,2000,2000,2000
H2O::C1_2::M1_1,1000000000,999999911,999999646,999999259,999998830,999998370,999997894,999997387,999996840,999996361,999995886,999995389,999994947,999994478,999994000,999993525,999993043,999992592,999992129,999991734,999991249,999990821,999990387,999989939,999989482,999989093,999988649,999988237,999987828,999987385,999986972,999986552,999986115,999985718,999985291,999984906,999984518,999984081,999983676,999983274,999982889,999982446,999982030,999981596,999981165,999980890,999980758,999980712,999980687,999980678,999980674,999980668,999980666,999980669,999980669,999980674,999980669,999980670,999980676,999980670,999980672,999980674,999980677,999980668,999980674,999980676,999980682,999980677,999980674,999980678,999980676,999980674,999980682,999980679,999980680,999980679,999980680,999980681,999980680,999980680,999980680,999980685,999980689,999980689,999980681,999980672,999980674,999980680,999980672,999980669,999980675,999980675,999980672,999980681,999980680,999980672,999980671,999980668,999980662,999980666,999980672
OH-::C1_2::M1_1,100,102,112,112,108,110,110,104,108,104,97,101,97,95,97,93,97,98,100,96,99,97,103,102,101,102,108,113,112,115,103,102,97,91,89,88,94,99,96,97,92,89,87,89,89,96,99,94,98,101,102,107,109,106,106,101,106,105,99,105,103,101,98,107,101,99,93,98,101,97,99,101,93,96,95,96,95,94,95,95,95,90,86,86,94,103,101,95,103,106,100,100,103,94,95,103,104,107,113,109,103
H+::C1_2::M1_1,100,102,112,112,108,110,110,104,108,104,97,101,97,95,97,93,97,98,100,96,99,97,103,102,101,102,108,113,112,115,103,102,97,91,89,88,94,99,96,97,92,89,87,89,89,96,99,94,98,101,102,107,109,106,106,101,106,105,99,105,103,101,98,107,101,99,93,98,101,97,99,101,93,96,95,96,95,94,95,95,95,90,86,86,94,103,101,95,103,106,100,100,103,94,95,103,104,107,113,109,103
l::C1_2::M1_1,0,2,2,1,0,6,4,2,6,0,1,5,5,1,4,8,1,0,7,2,0,1,6,0,1,1,1,7,2,1,3,0,4,0,0,1,3,1,0,3,3,1,4,1,3,0,0,0,0,0,0,0,0,0,0,0,0,0,0,0,0,0,0,0,0,0,0,0,0,0,0,0,0,0,0,0,0,0,0,0,0,0,0,0,0,0,0,0,0,0,0,0,0,0,0,0,0,0,0,0,0
m::C1_2::M1_1,0,21257,33559,40272,43846,45569,46294,46469,46301,46036,45671,45253,44821,44356,43908,43419,42976,42499,42070,41675,41163,40746,40313,39849,39449,39044,38617,38224,37777,37330,36918,36489,36039,35645,35244,34839,34453,34033,33623,33217,32811,32387,31975,31529,31130,30955,30895,30871,30860,30856,30854,30853,30853,30853,30853,30853,30853,30853,30853,30853,30853,30853,30853,30853,30853,30853,30853,30853,30853,30853,30853,30853,30853,30853,30853,30853,30853,30853,30853,30853,30853,30853,30853,30853,30853,30853,30853,30853,30853,30853,30853,30853,30853,30853,30853,30853,30853,30853,30853,30853,30853
n::C1_2::M1_1,100000,99828,99479,99028,98576,98096,97592,97092,96561,96085,95613,95141,94676,94194,93738,93244,92799,92321,91892,91497,90985,90568,90135,89671,89271,88866,88439,88046,87599,87152,86740,86311,85861,85467,85066,84661,84275,83855,83445,83039,82633,82209,81797,81351,80952,80777,80717,80693,80682,80678,80676,80675,80675,80675,80675,80675,80675,80675,80675,80675,80675,80675,80675,80675,80675,80675,80675,80675,80675,80675,80675,80675,80675,80675,80675,80675,80675,80675,80675,80675,80675,80675,80675,80675,80675,80675,80675,80675,80675,80675,80675,80675,80675,80675,80675,80675,80675,80675,80675,80675,80675
q::C1_2::M1_1,0,85,179,243,262,284,312,299,287,280,270,249,268,279,259,274,241,269,237,233,263,250,255,270,212,229,218,204,241,248,235,243,251,242,214,233,237,225,227,232,248,226,220,234,202,109,40,13,3,1,0,0,0,0,0,0,0,0,0,0,0,0,0,0,0,0,0,0,0,0,0,0,0,0,0,0,0,0,0,0,0,0,0,0,0,0,0,0,0,0,0,0,0,0,0,0,0,0,0,0,0
en_Y::C1_2::M1_1,10000,10000,10000,10000,10000,10000,10000,10000,10000,10000,10000,10000,10000,10000,10000,10000,10000,10000,10000,10000,10000,10000,10000,10000,10000,10000,10000,10000,10000,10000,10000,10000,10000,10000,10000,10000,10000,10000,10000,10000,10000,10000,10000,10000,10000,10000,10000,10000,10000,10000,10000,10000,10000,10000,10000,10000,10000,10000,10000,10000,10000,10000,10000,10000,10000,10000,10000,10000,10000,10000,10000,10000,10000,10000,10000,10000,10000,10000,10000,10000,10000,10000,10000,10000,10000,10000,10000,10000,10000,10000,10000,10000,10000,10000,10000,10000,10000,10000,10000,10000,10000
ATP::C1_2::M1_1,1000000,999913,999658,999271,998838,998380,997904,997391,996848,996365,995883,995390,994944,994473,993997,993518,993040,992590,992129,991730,991248,990818,990390,989941,989483,989095,988657,988250,987840,987400,986975,986554,986112,985709,985280,984894,984512,984080,983672,983271,982881,982435,982017,981585,981154,980886,980757,980706,980685,980679,980676,980675,980675,980675,980675,980675,980675,980675,980675,980675,980675,980675,980675,980675,980675,980675,980675,980675,980675,980675,980675,980675,980675,980675,980675,980675,980675,980675,980675,980675,980675,980675,980675,980675,980675,980675,980675,980675,980675,980675,980675,980675,980675,980675,980675,980675,980675,980675,980675,980675,980675
ADP::C1_2::M1_1,1000000,1000087,1000342,1000729,1001162,1001620,1002096,1002609,1003152,1003635,1004117,1004610,1005056,1005527,1006003,1006482,1006960,1007410,1007871,1008270,1008752,1009182,1009610,1010059,1010517,1010905,1011343,1011750,1012160,1012600,1013025,1013446,1013888,1014291,1014720,1015106,1015488,1015920,1016328,1016729,1017119,1017565,1017983,1018415,1018846,1019114,1019243,1019294,1019315,1019321,1019324,1019325,1019325,1019325,1019325,1019325,1019325,1019325,1019325,1019325,1019325,1019325,1019325,1019325,1019325,1019325,1019325,1019325,1019325,1019325,1019325,1019325,1019325,1019325,1019325,1019325,1019325,1019325,1019325,1019325,1019325,1019325,1019325,1019325,1019325,1019325,1019325,1019325,1019325,1019325,1019325,1019325,1019325,1019325,1019325,1019325,1019325,1019325,1019325,1019325,1019325
Pi::C1_2::M1_1,1000000,1000087,1000342,1000729,1001162,1001620,1002096,1002609,1003152,1003635,1004117,1004610,1005056,1005527,1006003,1006482,1006960,1007410,1007871,1008270,1008752,1009182,1009610,1010059,1010517,1010905,1011343,1011750,1012160,1012600,1013025,1013446,1013888,1014291,1014720,1015106,1015488,1015920,1016328,1016729,1017119,1017565,1017983,1018415,1018846,1019114,1019243,1019294,1019315,1019321,1019324,1019325,1019325,1019325,1019325,1019325,1019325,1019325,1019325,1019325,1019325,1019325,1019325,1019325,1019325,1019325,1019325,1019325,1019325,1019325,1019325,1019325,1019325,1019325,1019325,1019325,1019325,1019325,1019325,1019325,1019325,1019325,1019325,1019325,1019325,1019325,1019325,1019325,1019325,1019325,1019325,1019325,1019325,1019325,1019325,1019325,1019325,1019325,1019325,1019325,1019325
mem_P3::C1_2::M1_1,5000,5000,5000,5000,5000,5000,5000,5000,5000,5000,5000,5000,5000,5000,5000,5000,5000,5000,5000,5000,5000,5000,5000,5000,5000,5000,5000,5000,5000,5000,5000,5000,5000,5000,5000,5000,5000,5000,5000,5000,5000,5000,5000,5000,5000,5000,5000,5000,5000,5000,5000,5000,5000,5000,5000,5000,5000,5000,5000,5000,5000,5000,5000,5000,5000,5000,5000,5000,5000,5000,5000,5000,5000,5000,5000,5000,5000,5000,5000,5000,5000,5000,5000,5000,5000,5000,5000,5000,5000,5000,5000,5000,5000,5000,5000,5000,5000,5000,5000,5000,5000
mem_P4::C1_2::M1_1,3000,3000,3000,3000,3000,3000,3000,3000,3000,3000,3000,3000,3000,3000,3000,3000,3000,3000,3000,3000,3000,3000,3000,3000,3000,3000,3000,3000,3000,3000,3000,3000,3000,3000,3000,3000,3000,3000,3000,3000,3000,3000,3000,3000,3000,3000,3000,3000,3000,3000,3000,3000,3000,3000,3000,3000,3000,3000,3000,3000,3000,3000,3000,3000,3000,3000,3000,3000,3000,3000,3000,3000,3000,3000,3000,3000,3000,3000,3000,3000,3000,3000,3000,3000,3000,3000,3000,3000,3000,3000,3000,3000,3000,3000,3000,3000,3000,3000,3000,3000,3000
mem_P5::C1_2::M1_1,2000,2000,2000,2000,2000,2000,2000,2000,2000,2000,2000,2000,2000,2000,2000,2000,2000,2000,2000,2000,2000,2000,2000,2000,2000,2000,2000,2000,2000,2000,2000,2000,2000,2000,2000,2000,2000,2000,2000,2000,2000,2000,2000,2000,2000,2000,2000,2000,2000,2000,2000,2000,2000,2000,2000,2000,2000,2000,2000,2000,2000,2000,2000,2000,2000,2000,2000,2000,2000,2000,2000,2000,2000,2000,2000,2000,2000,2000,2000,2000,2000,2000,2000,2000,2000,2000,2000,2000,2000,2000,2000,2000,2000,2000,2000,2000,2000,2000,2000,2000,2000
H2O::C1_2::M1_2,1000000000,999999927,999999664,999999265,999998831,999998357,999997881,999997399,999996912,999996428,999995965,999995504,999994991,999994541,999994088,999993589,999993115,999992669,999992212,999991743,999991302,999990882,999990411,999989950,999989500,999989059,999988625,999988219,999987817,999987385,999986961,999986546,999986111,999985695,999985272,999984868,999984458,999984081,999983682,999983270,999982842,999982448,999982039,999981630,999981230,999980956,999980845,999980790,999980764,999980753,999980745,999980748,999980740,999980737,999980738,999980742,999980754,999980761,999980764,999980763,999980770,999980767,999980765,999980760,999980760,999980765,999980755,999980754,999980757,999980753,999980754,999980755,999980757,999980760,999980755,999980752,999980755,999980756,999980756,999980750,999980753,999980759,999980762,999980771,999980765,999980764,999980767,999980769,999980760,999980762,999980763,999980768,999980766,999980766,999980762,999980759,999980763,999980770,999980772,999980770,999980771
OH-::C1_2::M1_2,100,101,100,101,99,101,103,102,102,103,100,107,105,100,99,99,93,98,100,98,94,93,101,94,98,103,96,90,87,95,97,94,99,103,100,105,106,105,109,108,109,106,104,112,108,107,106,108,109,113,117,113,121,123,122,118,106,99,96,97,90,93,95,100,100,95,105,106,103,107,106,105,103,100,105,108,105,104,104,110,107,101,98,89,95,96,93,91,100,98,97,92,94,94,98,101,97,90,88,90,89
H+::C1_2::M1_2,100,101,100,101,99,101,103,102,102,103,100,107,105,100,99,99,93,98,100,98,94,93,101,94,98,103,96,90,87,95,97,94,99,103,100,105,106,105,109,108,109,106,104,112,108,107,106,108,109,113,117,113,121,123,122,118,106,99,96,97,90,93,95,100,100,95,105,106,103,107,106,105,103,100,105,108,105,104,104,110,107,101,98,89,95,96,93,91,100,98,97,92,94,94,98,101,97,90,88,90,89
l::C1_2::M1_2,0,2,3,1,0,2,4,7,7,0,2,2,0,0,4,1,1,2,1,0,1,1,2,1,8,0,0,7,5,2,8,3,1,2,0,6,3,0,0,0,5,3,1,2,0,0,0,0,0,0,0,0,0,0,0,0,0,0,0,0,0,0,0,0,0,0,0,0,0,0,0,0,0,0,0,0,0,0,0,0,0,0,0,0,0,0,0,0,0,0,0,0,0,0,0,0,0,0,0,0,0
m::C1_2::M1_2,0,21189,33323,39978,43443,45181,45910,46140,45998,45745,45401,44986,44548,44092,43627,43158,42678,42259,41788,41310,40875,40444,39955,39501,39082,38651,38220,37814,37387,36972,36541,36108,35705,35290,34847,34454,34082,33679,33291,32853,32457,32057,31638,31246,30867,30686,30627,30590,30587,30585,30583,30583,30582,30582,30582,30582,30582,30582,30582,30582,30582,30582,30582,30582,30582,30582,30582,30582,30582,30582,30582,30582,30582,30582,30582,30582,30582,30582,30582,30582,30582,30582,30582,30582,30582,30582,30582,30582,30582,30582,30582,30582,30582,30582,30582,30582,30582,30582,30582,30582,30582
n::C1_2::M1_2,100000,99827,99475,99022,98560,98079,97594,97123,96627,96172,95717,95233,94760,94285,93816,93344,92861,92440,91968,91488,91053,90622,90133,89679,89260,88829,88398,87992,87565,87150,86719,86286,85883,85468,85025,84632,84260,83857,83469,83031,82635,82235,81816,81424,81045,80864,80805,80768,80765,80763,80761,80761,80760,80760,80760,80760,80760,80760,80760,80760,80760,80760,80760,80760,80760,80760,80760,80760,80760,80760,80760,80760,80760,80760,80760,80760,80760,80760,80760,80760,80760,80760,80760,80760,80760,80760,80760,80760,80760,80760,80760,80760,80760,80760,80760,80760,80760,80760,80760,80760,80760
q::C1_2::M1_2,0,101,189,244,270,279,290,278,287,259,248,278,236,256,271,244,247,227,244,253,243,253,279,265,238,233,223,217,239,230,239,254,227,230,247,241,204,229,222,247,216,219,227,218,193,99,46,30,8,3,1,0,1,0,0,0,0,0,0,0,0,0,0,0,0,0,0,0,0,0,0,0,0,0,0,0,0,0,0,0,0,0,0,0,0,0,0,0,0,0,0,0,0,0,0,0,0,0,0,0,0
en_Y::C1_2::M1_2,10000,10000,10000,10000,10000,10000,10000,10000,10000,10000,10000,10000,10000,10000,10000,10000,10000,10000,10000,10000,10000,10000,10000,10000,10000,10000,10000,10000,10000,10000,10000,10000,10000,10000,10000,10000,10000,10000,10000,10000,10000,10000,10000,10000,10000,10000,10000,10000,10000,10000,10000,10000,10000,10000,10000,10000,10000,10000,10000,10000,10000,10000,10000,10000,10000,10000,10000,10000,10000,10000,10000,10000,10000,10000,10000,10000,10000,10000,10000,10000,10000,10000,10000,10000,10000,10000,10000,10000,10000,10000,10000,10000,10000,10000,10000,10000,10000,10000,10000,10000,10000
ATP::C1_2::M1_2,1000000,999928,999664,999266,998830,998358,997884,997401,996914,996431,995965,995511,994996,994541,994087,993588,993108,992667,992212,991741,991296,990875,990412,989944,989498,989062,988621,988209,987804,987380,986958,986540,986110,985698,985272,984873,984464,984086,983691,983278,982851,982454,982043,981642,981238,980963,980851,980798,980773,980766,980762,980761,980761,980760,980760,980760,980760,980760,980760,980760,980760,980760,980760,980760,980760,980760,980760,980760,980760,980760,980760,980760,980760,980760,980760,980760,980760,980760,980760,980760,980760,980760,980760,980760,980760,980760,980760,980760,980760,980760,980760,980760,980760,980760,980760,980760,980760,980760,980760,980760,980760
ADP::C1_2::M1_2,1000000,1000072,1000336,1000734,1001170,1001642,1002116,1002599,1003086,1003569,1004035,1004489,1005004,1005459,1005913,1006412,1006892,1007333,1007788,1008259,1008704,1009125,1009588,1010056,1010502,1010938,1011379,1011791,1012196,1012620,1013042,1013460,1013890,1014302,1014728,1015127,1015536,1015914,1016309,1016722,1017149,1017546,1017957,1018358,1018762,1019037,1019149,1019202,1019227,1019234,1019238,1019239,1019239,1019240,1019240,1019240,1019240,1019240,1019240,1019240,1019240,1019240,1019240,1019240,1019240,1019240,1019240,1019240,1019240,1019240,1019240,1019240,1019240,1019240,1019240,1019240,1019240,1019240,1019240,1019240,1019240,1019240,1019240,1019240,1019240,1019240,1019240,1019240,1019240,1019240,1019240,1019240,1019240,1019240,1019240,1019240,1019240,1019240,1019240,1019240,1019240
Pi::C1_2::M1_2,1000000,1000072,1000336,1000734,1001170,1001642,1002116,1002599,1003086,1003569,1004035,1004489,1005004,1005459,1005913,1006412,1006892,1007333,1007788,1008259,1008704,1009125,1009588,1010056,1010502,1010938,1011379,1011791,1012196,1012620,1013042,1013460,1013890,1014302,1014728,1015127,1015536,1015914,1016309,1016722,1017149,1017546,1017957,1018358,1018762,1019037,1019149,1019202,1019227,1019234,1019238,1019239,1019239,1019240,1019240,1019240,1019240,1019240,1019240,1019240,1019240,1019240,1019240,1019240,1019240,1019240,1019240,1019240,1019240,1019240,1019240,1019240,1019240,1019240,1019240,1019240,1019240,1019240,1019240,1019240,1019240,1019240,1019240,1019240,1019240,1019240,1019240,1019240,1019240,1019240,1019240,1019240,1019240,1019240,1019240,1019240,1019240,1019240,1019240,1019240,1019240
mem_P3::C1_2::M1_2,5000,5000,5000,5000,5000,5000,5000,5000,5000,5000,5000,5000,5000,5000,5000,5000,5000,5000,5000,5000,5000,5000,5000,5000,5000,5000,5000,5000,5000,5000,5000,5000,5000,5000,5000,5000,5000,5000,5000,5000,5000,5000,5000,5000,5000,5000,5000,5000,5000,5000,5000,5000,5000,5000,5000,5000,5000,5000,5000,5000,5000,5000,5000,5000,5000,5000,5000,5000,5000,5000,5000,5000,5000,5000,5000,5000,5000,5000,5000,5000,5000,5000,5000,5000,5000,5000,5000,5000,5000,5000,5000,5000,5000,5000,5000,5000,5000,5000,5000,5000,5000
mem_P4::C1_2::M1_2,3000,3000,3000,3000,3000,3000,3000,3000,3000,3000,3000,3000,3000,3000,3000,3000,3000,3000,3000,3000,3000,3000,3000,3000,3000,3000,3000,3000,3000,3000,3000,3000,3000,3000,3000,3000,3000,3000,3000,3000,3000,3000,3000,3000,3000,3000,3000,3000,3000,3000,3000,3000,3000,3000,3000,3000,3000,3000,3000,3000,3000,3000,3000,3000,3000,3000,3000,3000,3000,3000,3000,3000,3000,3000,3000,3000,3000,3000,3000,3000,3000,3000,3000,3000,3000,3000,3000,3000,3000,3000,3000,3000,3000,3000,3000,3000,3000,3000,3000,3000,3000
mem_P5::C1_2::M1_2,2000,2000,2000,2000,2000,2000,2000,2000,2000,2000,2000,2000,2000,2000,2000,2000,2000,2000,2000,2000,2000,2000,2000,2000,2000,2000,2000,2000,2000,2000,2000,2000,2000,2000,2000,2000,2000,2000,2000,2000,2000,2000,2000,2000,2000,2000,2000,2000,2000,2000,2000,2000,2000,2000,2000,2000,2000,2000,2000,2000,2000,2000,2000,2000,2000,2000,2000,2000,2000,2000,2000,2000,2000,2000,2000,2000,2000,2000,2000,2000,2000,2000,2000,2000,2000,2000,2000,2000,2000,2000,2000,2000,2000,2000,2000,2000,2000,2000,2000,2000,2000
H2O::C2_1::M2_1,1000000000,999999927,999999559,999998981,999998262,999997411,999996565,999995629,999994764,999993879,999993270,999992852,999992648,999992512,999992431,999992378,999992345,999992328,999992323,999992312,999992316,999992306,999992297,999992293,999992292,999992293,999992292,999992288,999992294,999992288,999992282,999992278,999992281,999992276,999992285,999992284,999992278,999992277,999992277,999992279,999992284,999992294,999992293,999992299,999992293,999992294,999992296,999992291,999992291,999992286,999992289,999992294,999992292,999992296,999992295,999992288,999992289,999992289,999992282,999992286,999992288,999992284,999992284,999992281,999992277,999992281,999992279,999992283,999992281,999992274,999992274,999992277,999992277,999992277,999992280,999992279,999992280,999992278,999992276,999992271,999992259,999992259,999992264,999992262,999992266,999992271,999992273,999992282,999992280,999992283,999992278,999992278,999992283,999992284,999992281,999992275,999992279,999992273,999992274,999992277,999992282
OH-::C2_1::M2_1,100,95,92,94,93,89,93,94,93,91,96,95,91,91,81,82,81,88,82,82,73,77,84,88,89,88,89,92,86,92,98,102,99,104,95,96,102,103,103,101,96,86,87,81,87,86,84,89,89,94,91,86,88,84,85,92,91,91,98,94,92,96,96,99,103,99,101,97,99,106,106,103,103,103,100,101,100,102,104,109,121,121,116,118,114,109,107,98,100,97,102,102,97,96,99,105,101,107,106,103,98
H+::C2_1::M2_1,100,95,92,94,93,89,93,94,93,91,96,95,91,91,81,82,81,88,82,82,73,77,84,88,89,88,89,92,86,92,98,102,99,104,95,96,102,103,103,101,96,86,87,81,87,86,84,89,89,94,91,86,88,84,85,92,91,91,98,94,92,96,96,99,103,99,101,97,99,106,106,103,103,103,100,101,100,102,104,109,121,121,116,118,114,109,107,98,100,97,102,102,97,96,99,105,101,107,106,103,98
l::C2_1::M2_1,0,6,5,14,1,10,10,1,0,2,0,0,0,0,0,0,0,0,0,0,0,0,0,0,0,0,0,0,0,0,0,0,0,0,0,0,0,0,0,0,0,0,0,0,0,0,0,0,0,0,0,0,0,0,0,0,0,0,0,0,0,0,0,0,0,0,0,0,0,0,0,0,0,0,0,0,0,0,0,0,0,0,0,0,0,0,0,0,0,0,0,0,0,0,0,0,0,0,0,0,0
m::C2_1::M2_1,0,8588,16186,22924,28754,34044,38823,42936,46699,50324,53757,57078,60144,63010,65734,68159,70417,72439,74213,75954,77415,78771,80029,81220,82228,83162,84012,84805,85536,86187,86783,87330,87804,88198,88586,88970,89284,89576,89829,90115,90335,90516,90654,90797,90937,91058,91144,91248,91333,91420,91506,91577,91649,91703,91752,91803,91844,91882,91923,91964,91995,92034,92059,92085,92103,92110,92130,92144,92156,92165,92176,92189,92198,92211,92216,92221,92223,92232,92234,92237,92242,92246,92248,92255,92258,92259,92263,92264,92266,92266,92267,92268,92268,92269,92270,92271,92272,92272,92273,92274,92274
n::C2_1::M2_1,100000,99793,99261,98621,97775,96916,96049,95126,94200,93457,92974,92692,92541,92438,92378,92338,92309,92299,92296,92288,92288,92282,92281,92281,92281,92281,92281,92280,92280,92280,92280,92280,92280,92280,92280,92280,92280,92280,92280,92280,92280,92280,92280,92280,92280,92280,92280,92280,92280,92280,92280,92280,92280,92280,92280,92280,92280,92280,92280,92280,92280,92280,92280,92280,92280,92280,92280,92280,92280,92280,92280,92280,92280,92280,92280,92280,92280,92280,92280,92280,92280,92280,92280,92280,92280,92280,92280,92280,92280,92280,92280,92280,92280,92280,92280,92280,92280,92280,92280,92280,92280
q::C2_1::M2_1,0,129,290,354,480,484,509,497,557,413,292,155,98,65,34,22,17,17,9,6,1,1,0,0,0,0,0,0,0,0,0,0,0,0,0,0,0,0,0,0,0,0,0,0,0,0,0,0,0,0,0,0,0,0,0,0,0,0,0,0,0,0,0,0,0,0,0,0,0,0,0,0,0,0,0,0,0,0,0,0,0,0,0,0,0,0,0,0,0,0,0,0,0,0,0,0,0,0,0,0,0
en_Y::C2_1::M2_1,10000,10000,10000,10000,10000,10000,10000,10000,10000,10000,10000,10000,10000,10000,10000,10000,10000,10000,10000,10000,10000,10000,10000,10000,10000,10000,10000,10000,10000,10000,10000,10000,10000,10000,10000,10000,10000,10000,10000,10000,10000,10000,10000,10000,10000,10000,10000,10000,10000,10000,10000,10000,10000,10000,10000,10000,10000,10000,10000,10000,10000,10000,10000,10000,10000,10000,10000,10000,10000,10000,10000,10000,10000,10000,10000,10000,10000,10000,10000,10000,10000,10000,10000,10000,10000,10000,10000,10000,10000,10000,10000,10000,10000,10000,10000,10000,10000,10000,10000,10000,10000
ATP::C2_1::M2_1,1000000,999922,999551,998975,998255,997400,996558,995623,994757,993870,993266,992847,992639,992503,992412,992360,992326,992316,992305,992294,992289,992283,992281,992281,992281,992281,992281,992280,992280,992280,992280,992280,992280,992280,992280,992280,992280,992280,992280,992280,992280,992280,992280,992280,992280,992280,992280,992280,992280,992280,992280,992280,992280,992280,992280,992280,992280,992280,992280,992280,992280,992280,992280,992280,992280,992280,992280,992280,992280,992280,992280,992280,992280,992280,992280,992280,992280,992280,992280,992280,992280,992280,992280,992280,992280,992280,992280,992280,992280,992280,992280,992280,992280,992280,992280,992280,992280,992280,992280,992280,992280
ADP::C2_1::M2_1,1000000,1000078,1000449,1001025,1001745,1002600,1003442,1004377,1005243,1006130,1006734,1007153,1007361,1007497,1007588,1007640,1007674,1007684,1007695,1007706,1007711,1007717,1007719,1007719,1007719,1007719,1007719,1007720,1007720,1007720,1007720,1007720,1007720,1007720,1007720,1007720,1007720,1007720,1007720,1007720,1007720,1007720,1007720,1007720,1007720,1007720,1007720,1007720,1007720,1007720,1007720,1007720,1007720,1007720,1007720,1007720,1007720,1007720,1007720,1007720,1007720,1007720,1007720,1007720,1007720,1007720,1007720,1007720,1007720,1007720,1007720,1007720,1007720,1007720,1007720,1007720,1007720,1007720,1007720,1007720,1007720,1007720,1007720,1007720,1007720,1007720,1007720,1007720,1007720,1007720,1007720,1007720,1007720,1007720,1007720,1007720,1007720,1007720,1007720,1007720,1007720
Pi::C2_1::M2_1,1000000,1000078,1000449,1001025,1001745,1002600,1003442,1004377,1005243,1006130,1006734,1007153,1007361,1007497,1007588,1007640,1007674,1007684,1007695,1007706,1007711,1007717,1007719,1007719,1007719,1007719,1007719,1007720,1007720,1007720,1007720,1007720,1007720,1007720,1007720,1007720,1007720,1007720,1007720,1007720,1007720,1007720,1007720,1007720,1007720,1007720,1007720,1007720,1007720,1007720,1007720,1007720,1007720,1007720,1007720,1007720,1007720,1007720,1007720,1007720,1007720,1007720,1007720,1007720,1007720,1007720,1007720,1007720,1007720,1007720,1007720,1007720,1007720,1007720,1007720,1007720,1007720,1007720,1007720,1007720,1007720,1007720,1007720,1007720,1007720,1007720,1007720,1007720,1007720,1007720,1007720,1007720,1007720,1007720,1007720,1007720,1007720,1007720,1007720,1007720,1007720
mem_P3::C2_1::M2_1,5000,5000,5000,5000,5000,5000,5000,5000,5000,5000,5000,5000,5000,5000,5000,5000,5000,5000,5000,5000,5000,5000,5000,5000,5000,5000,5000,5000,5000,5000,5000,5000,5000,5000,5000,5000,5000,5000,5000,5000,5000,5000,5000,5000,5000,5000,5000,5000,5000,5000,5000,5000,5000,5000,5000,5000,5000,5000,5000,5000,5000,5000,5000,5000,5000,5000,5000,5000,5000,5000,5000,5000,5000,5000,5000,5000,5000,5000,5000,5000,5000,5000,5000,5000,5000,5000,5000,5000,5000,5000,5000,5000,5000,5000,5000,5000,5000,5000,5000,5000,5000
mem_P4::C2_1::M2_1,1000,1000,1000,1000,1000,1000,1000,1000,1000,1000,1000,1000,1000,1000,1000,1000,1000,1000,1000,1000,1000,1000,1000,1000,1000,1000,1000,1000,1000,1000,1000,1000,1000,1000,1000,1000,1000,1000,1000,1000,1000,1000,1000,1000,1000,1000,1000,1000,1000,1000,1000,1000,1000,1000,1000,1000,1000,1000,1000,1000,1000,1000,1000,1000,1000,1000,1000,1000,1000,1000,1000,1000,1000,1000,1000,1000,1000,1000,1000,1000,1000,1000,1000,1000,1000,1000,1000,1000,1000,1000,1000,1000,1000,1000,1000,1000,1000,1000,1000,1000,1000
mem_P5::C2_1::M2_1,2000,2000,2000,2000,2000,2000,2000,2000,2000,2000,2000,2000,2000,2000,2000,2000,2000,2000,2000,2000,2000,2000,2000,2000,2000,2000,2000,2000,2000,2000,2000,2000,2000,2000,2000,2000,2000,2000,2000,2000,2000,2000,2000,2000,2000,2000,2000,2000,2000,2000,2000,2000,2000,2000,2000,2000,2000,2000,2000,2000,2000,2000,2000,2000,2000,2000,2000,2000,2000,2000,2000,2000,2000,2000,2000,2000,2000,2000,2000,2000,2000,2000,2000,2000,2000,2000,2000,2000,2000,2000,2000,2000,2000,2000,2000,2000,2000,2000,2000,2000,2000
H2O::C2_2::M2_1,1000000000,999999924,999999575,999998995,999998217,999997358,999996484,999995568,999994651,999993803,999993240,999992876,999992640,999992505,999992412,999992373,999992339,999992315,999992308,999992309,999992309,999992307,999992311,999992312,999992305,999992311,999992311,999992313,999992313,999992318,999992320,999992320,999992313,999992315,999992310,999992305,999992307,999992307,999992306,999992306,999992309,999992306,999992304,999992311,999992306,999992309,999992312,999992310,999992317,999992318,999992312,999992313,999992315,999992315,999992317,999992317,999992313,999992314,999992310,999992311,999992313,999992312,999992304,999992302,999992298,999992293,999992294,999992293,999992293,999992293,999992285,999992285,999992294,999992298,999992294,999992294,999992293,999992288,999992293,999992292,999992294,999992292,999992297,999992300,999992300,999992300,999992305,999992309,999992308,999992302,999992306,999992305,999992307,999992310,999992317,999992308,999992303,999992300,999992299,999992298,999992299
OH-::C2_2::M2_1,100,102,89,90,87,90,96,96,92,88,92,88,92,99,108,115,115,122,114,109,106,105,99,97,102,96,96,94,93,88,86,86,93,91,96,101,99,99,100,100,97,100,102,95,100,97,94,96,89,88,94,93,91,91,89,89,93,92,96,95,93,94,102,104,108,113,112,113,113,113,121,121,112,108,112,112,113,118,113,114,112,114,109,106,106,106,101,97,98,104,100,101,99,96,89,98,103,106,107,108,107
H+::C2_2::M2_1,100,102,89,90,87,90,96,96,92,88,92,88,92,99,108,115,115,122,114,109,106,105,99,97,102,96,96,94,93,88,86,86,93,91,96,101,99,99,100,100,97,100,102,95,100,97,94,96,89,88,94,93,91,91,89,89,93,92,96,95,93,94,102,104,108,113,112,113,113,113,121,121,112,108,112,112,113,118,113,114,112,114,109,106,106,106,101,97,98,104,100,101,99,96,89,98,103,106,107,108,107
l::C2_2::M2_1,0,0,0,2,3,0,7,8,13,0,0,4,0,1,0,0,0,1,0,0,0,0,0,0,0,0,0,0,0,0,0,0,0,0,0,0,0,0,0,0,0,0,0,0,0,0,0,0,0,0,0,0,0,0,0,0,0,0,0,0,0,0,0,0,0,0,0,0,0,0,0,0,0,0,0,0,0,0,0,0,0,0,0,0,0,0,0,0,0,0,0,0,0,0,0,0,0,0,0,0,0
m::C2_2::M2_1,0,8507,15964,22553,28511,33741,38560,42885,46657,50329,53836,57205,60382,63264,65943,68382,70565,72534,74378,76072,77550,78929,80139,81243,82290,83239,84105,84864,85636,86263,86791,87303,87796,88184,88558,88930,89233,89511,89752,90002,90227,90441,90597,90737,90887,91013,91124,91242,91344,91446,91532,91615,91683,91750,91802,91844,91882,91916,91955,91979,92000,92024,92051,92079,92098,92116,92129,92142,92155,92168,92184,92192,92204,92217,92228,92237,92243,92246,92251,92255,92259,92263,92268,92274,92277,92277,92278,92280,92281,92281,92282,92284,92284,92288,92288,92288,92289,92291,92293,92295,92297
n::C2_2::M2_1,100000,99792,99304,98597,97748,96826,95951,95058,94088,93385,92966,92698,92529,92449,92399,92366,92341,92328,92317,92315,92314,92309,92309,92309,92307,92307,92307,92306,92306,92306,92306,92306,92306,92306,92306,92306,92306,92306,92306,92306,92306,92306,92306,92306,92306,92306,92306,92306,92306,92306,92306,92306,92306,92306,92306,92306,92306,92306,92306,92306,92306,92306,92306,92306,92306,92306,92306,92306,92306,92306,92306,92306,92306,92306,92306,92306,92306,92306,92306,92306,92306,92306,92306,92306,92306,92306,92306,92306,92306,92306,92306,92306,92306,92306,92306,92306,92306,92306,92306,92306,92306
q::C2_2::M2_1,0,134,260,388,456,522,529,506,555,406,266,166,103,55,21,22,13,9,5,3,1,3,1,0,0,0,0,1,0,0,0,0,0,0,0,0,0,0,0,0,0,0,0,0,0,0,0,0,0,0,0,0,0,0,0,0,0,0,0,0,0,0,0,0,0,0,0,0,0,0,0,0,0,0,0,0,0,0,0,0,0,0,0,0,0,0,0,0,0,0,0,0,0,0,0,0,0,0,0,0,0
en_Y::C2_2::M2_1,10000,10000,10000,10000,10000,10000,10000,10000,10000,10000,10000,10000,10000,10000,10000,10000,10000,10000,10000,10000,10000,10000,10000,10000,10000,10000,10000,10000,10000,10000,10000,10000,10000,10000,10000,10000,10000,10000,10000,10000,10000,10000,10000,10000,10000,10000,10000,10000,10000,10000,10000,10000,10000,10000,10000,10000,10000,10000,10000,10000,10000,10000,10000,10000,10000,10000,10000,10000,10000,10000,10000,10000,10000,10000,10000,10000,10000,10000,10000,10000,10000,10000,10000,10000,10000,10000,10000,10000,10000,10000,10000,10000,10000,10000,10000,10000,10000,10000,10000,10000,10000
ATP::C2_2::M2_1,1000000,999926,999564,998985,998204,997348,996480,995564,994643,993791,993232,992864,992632,992504,992420,992388,992354,992337,992322,992318,992315,992312,992310,992309,992307,992307,992307,992307,992306,992306,992306,992306,992306,992306,992306,992306,992306,992306,992306,992306,992306,992306,992306,992306,992306,992306,992306,992306,992306,992306,992306,992306,992306,992306,992306,992306,992306,992306,992306,992306,992306,992306,992306,992306,992306,992306,992306,992306,992306,992306,992306,992306,992306,992306,992306,992306,992306,992306,992306,992306,992306,992306,992306,992306,992306,992306,992306,992306,992306,992306,992306,992306,992306,992306,992306,992306,992306,992306,992306,992306,992306
ADP::C2_2::M2_1,1000000,1000074,1000436,1001015,1001796,1002652,1003520,1004436,1005357,1006209,1006768,1007136,1007368,1007496,1007580,1007612,1007646,1007663,1007678,1007682,1007685,1007688,1007690,1007691,1007693,1007693,1007693,1007693,1007694,1007694,1007694,1007694,1007694,1007694,1007694,1007694,1007694,1007694,1007694,1007694,1007694,1007694,1007694,1007694,1007694,1007694,1007694,1007694,1007694,1007694,1007694,1007694,1007694,1007694,1007694,1007694,1007694,1007694,1007694,1007694,1007694,1007694,1007694,1007694,1007694,1007694,1007694,1007694,1007694,1007694,1007694,1007694,1007694,1007694,1007694,1007694,1007694,1007694,1007694,1007694,1007694,1007694,1007694,1007694,1007694,1007694,1007694,1007694,1007694,1007694,1007694,1007694,1007694,1007694,1007694,1007694,1007694,1007694,1007694,1007694,1007694
Pi::C2_2::M2_1,1000000,1000074,1000436,1001015,1001796,1002652,1003520,1004436,1005357,1006209,1006768,1007136,1007368,1007496,1007580,1007612,1007646,1007663,1007678,1007682,1007685,1007688,1007690,1007691,1007693,1007693,1007693,1007693,1007694,1007694,1007694,1007694,1007694,1007694,1007694,1007694,1007694,1007694,1007694,1007694,1007694,1007694,1007694,1007694,1007694,1007694,1007694,1007694,1007694,1007694,1007694,1007694,1007694,1007694,1007694,1007694,1007694,1007694,1007694,1007694,1007694,1007694,1007694,1007694,1007694,1007694,1007694,1007694,1007694,1007694,1007694,1007694,1007694,1007694,1007694,1007694,1007694,1007694,1007694,1007694,1007694,1007694,1007694,1007694,1007694,1007694,1007694,1007694,1007694,1007694,1007694,1007694,1007694,1007694,1007694,1007694,1007694,1007694,1007694,1007694,1007694
mem_P3::C2_2::M2_1,5000,5000,5000,5000,5000,5000,5000,5000,5000,5000,5000,5000,5000,5000,5000,5000,5000,5000,5000,5000,5000,5000,5000,5000,5000,5000,5000,5000,5000,5000,5000,5000,5000,5000,5000,5000,5000,5000,5000,5000,5000,5000,5000,5000,5000,5000,5000,5000,5000,5000,5000,5000,5000,5000,5000,5000,5000,5000,5000,5000,5000,5000,5000,5000,5000,5000,5000,5000,5000,5000,5000,5000,5000,5000,5000,5000,5000,5000,5000,5000,5000,5000,5000,5000,5000,5000,5000,5000,5000,5000,5000,5000,5000,5000,5000,5000,5000,5000,5000,5000,5000
mem_P4::C2_2::M2_1,1000,1000,1000,1000,1000,1000,1000,1000,1000,1000,1000,1000,1000,1000,1000,1000,1000,1000,1000,1000,1000,1000,1000,1000,1000,1000,1000,1000,1000,1000,1000,1000,1000,1000,1000,1000,1000,1000,1000,1000,1000,1000,1000,1000,1000,1000,1000,1000,1000,1000,1000,1000,1000,1000,1000,1000,1000,1000,1000,1000,1000,1000,1000,1000,1000,1000,1000,1000,1000,1000,1000,1000,1000,1000,1000,1000,1000,1000,1000,1000,1000,1000,1000,1000,1000,1000,1000,1000,1000,1000,1000,1000,1000,1000,1000,1000,1000,1000,1000,1000,1000
mem_P5::C2_2::M2_1,2000,2000,2000,2000,2000,2000,2000,2000,2000,2000,2000,2000,2000,2000,2000,2000,2000,2000,2000,2000,2000,2000,2000,2000,2000,2000,2000,2000,2000,2000,2000,2000,2000,2000,2000,2000,2000,2000,2000,2000,2000,2000,2000,2000,2000,2000,2000,2000,2000,2000,2000,2000,2000,2000,2000,2000,2000,2000,2000,2000,2000,2000,2000,2000,2000,2000,2000,2000,2000,2000,2000,2000,2000,2000,2000,2000,2000,2000,2000,2000,2000,2000,2000,2000,2000,2000,2000,2000,2000,2000,2000,2000,2000,2000,2000,2000,2000,2000,2000,2000,2000
H2O::C2_3::M2_1,1000000000,999999910,999999546,999998991,999998244,999997369,999996491,999995547,999994611,999993797,999993254,999992919,999992696,999992553,999992470,999992425,999992400,999992382,999992368,999992367,999992370,999992368,999992374,999992368,999992372,999992370,999992364,999992369,999992365,999992368,999992370,999992366,999992357,999992364,999992364,999992365,999992368,999992374,999992368,999992363,999992368,999992359,999992354,999992360,999992354,999992351,999992351,999992356,999992356,999992355,999992362,999992361,999992362,999992357,999992353,999992361,999992362,999992361,999992358,999992361,999992357,999992360,999992359,999992361,999992357,999992346,999992349,999992352,999992354,999992355,999992364,999992364,999992361,999992367,999992369,999992366,999992365,999992354,999992359,999992358,999992363,999992357,999992356,999992354,999992353,999992353,999992355,999992350,999992350,999992352,999992349,999992350,999992351,999992356,999992350,999992354,999992358,999992360,999992359,999992358,999992358
OH-::C2_3::M2_1,100,96,96,96,98,101,107,110,106,105,107,108,106,108,112,107,103,96,98,97,93,94,87,93,88,90,95,90,94,91,89,93,102,95,95,94,91,85,91,96,91,100,105,99,105,108,108,103,103,104,97,98,97,102,106,98,97,98,101,98,102,99,100,98,102,113,110,107,105,104,95,95,98,92,90,93,94,105,100,101,96,102,103,105,106,106,104,109,109,107,110,109,108,103,109,105,101,99,100,101,101
H+::C2_3::M2_1,100,96,96,96,98,101,107,110,106,105,107,108,106,108,112,107,103,96,98,97,93,94,87,93,88,90,95,90,94,91,89,93,102,95,95,94,91,85,91,96,91,100,105,99,105,108,108,103,103,104,97,98,97,102,106,98,97,98,101,98,102,99,100,98,102,113,110,107,105,104,95,95,98,92,90,93,94,105,100,101,96,102,103,105,106,106,104,109,109,107,110,109,108,103,109,105,101,99,100,101,101
l::C2_3::M2_1,0,4,7,8,11,1,4,12,9,6,0,0,2,0,0,0,0,0,0,0,0,0,0,0,0,0,0,0,0,0,0,0,0,0,0,0,0,0,0,0,0,0,0,0,0,0,0,0,0,0,0,0,0,0,0,0,0,0,0,0,0,0,0,0,0,0,0,0,0,0,0,0,0,0,0,0,0,0,0,0,0,0,0,0,0,0,0,0,0,0,0,0,0,0,0,0,0,0,0,0,0
m::C2_3::M2_1,0,8541,16024,22657,28545,33794,38610,42819,46625,50333,53889,57194,60251,63131,65859,68318,70535,72561,74432,76122,77620,78985,80211,81363,82380,83327,84181,84916,85632,86249,86820,87355,87855,88266,88652,89022,89323,89598,89852,90083,90280,90477,90648,90816,90967,91093,91200,91294,91409,91498,91575,91646,91712,91772,91840,91886,91930,91970,92008,92041,92075,92104,92135,92151,92169,92183,92199,92218,92229,92243,92252,92263,92275,92284,92289,92293,92302,92307,92311,92315,92318,92321,92326,92328,92328,92329,92331,92335,92337,92340,92341,92344,92346,92347,92348,92349,92350,92351,92351,92352,92353
n::C2_3::M2_1,100000,99787,99290,98591,97783,96886,95998,95056,94108,93443,93019,92761,92594,92504,92456,92409,92384,92371,92365,92364,92362,92361,92361,92361,92359,92359,92359,92359,92359,92359,92359,92359,92359,92359,92359,92359,92359,92359,92359,92359,92359,92359,92359,92359,92359,92359,92359,92359,92359,92359,92359,92359,92359,92359,92359,92359,92359,92359,92359,92359,92359,92359,92359,92359,92359,92359,92359,92359,92359,92359,92359,92359,92359,92359,92359,92359,92359,92359,92359,92359,92359,92359,92359,92359,92359,92359,92359,92359,92359,92359,92359,92359,92359,92359,92359,92359,92359,92359,92359,92359,92359
q::C2_3::M2_1,0,119,252,396,459,484,500,501,509,359,242,166,108,57,26,23,19,7,1,0,1,1,0,0,1,1,0,0,0,0,0,0,0,0,0,0,0,0,0,0,0,0,0,0,0,0,0,0,0,0,0,0,0,0,0,0,0,0,0,0,0,0,0,0,0,0,0,0,0,0,0,0,0,0,0,0,0,0,0,0,0,0,0,0,0,0,0,0,0,0,0,0,0,0,0,0,0,0,0,0,0
en_Y::C2_3::M2_1,10000,10000,10000,10000,10000,10000,10000,10000,10000,10000,10000,10000,10000,10000,10000,10000,10000,10000,10000,10000,10000,10000,10000,10000,10000,10000,10000,10000,10000,10000,10000,10000,10000,10000,10000,10000,10000,10000,10000,10000,10000,10000,10000,10000,10000,10000,10000,10000,10000,10000,10000,10000,10000,10000,10000,10000,10000,10000,10000,10000,10000,10000,10000,10000,10000,10000,10000,10000,10000,10000,10000,10000,10000,10000,10000,10000,10000,10000,10000,10000,10000,10000,10000,10000,10000,10000,10000,10000,10000,10000,10000,10000,10000,10000,10000,10000,10000,10000,10000,10000,10000
ATP::C2_3::M2_1,1000000,999906,999542,998987,998242,997370,996498,995557,994617,993802,993261,992927,992702,992561,992482,992432,992403,992378,992366,992364,992363,992362,992361,992361,992360,992360,992359,992359,992359,992359,992359,992359,992359,992359,992359,992359,992359,992359,992359,992359,992359,992359,992359,992359,992359,992359,992359,992359,992359,992359,992359,992359,992359,992359,992359,992359,992359,992359,992359,992359,992359,992359,992359,992359,992359,992359,992359,992359,992359,992359,992359,992359,992359,992359,992359,992359,992359,992359,992359,992359,992359,992359,992359,992359,992359,992359,992359,992359,992359,992359,992359,992359,992359,992359,992359,992359,992359,992359,992359,992359,992359
ADP::C2_3::M2_1,1000000,1000094,1000458,1001013,1001758,1002630,1003502,1004443,1005383,1006198,1006739,1007073,1007298,1007439,1007518,1007568,1007597,1007622,1007634,1007636,1007637,1007638,1007639,1007639,1007640,1007640,1007641,1007641,1007641,1007641,1007641,1007641,1007641,1007641,1007641,1007641,1007641,1007641,1007641,1007641,1007641,1007641,1007641,1007641,1007641,1007641,1007641,1007641,1007641,1007641,1007641,1007641,1007641,1007641,1007641,1007641,1007641,1007641,1007641,1007641,1007641,1007641,1007641,1007641,1007641,1007641,1007641,1007641,1007641,1007641,1007641,1007641,1007641,1007641,1007641,1007641,1007641,1007641,1007641,1007641,1007641,1007641,1007641,1007641,1007641,1007641,1007641,1007641,1007641,1007641,1007641,1007641,1007641,1007641,1007641,1007641,1007641,1007641,1007641,1007641,1007641
Pi::C2_3::M2_1,1000000,1000094,1000458,1001013,1001758,1002630,1003502,1004443,1005383,1006198,1006739,1007073,1007298,1007439,1007518,1007568,1007597,1007622,1007634,1007636,1007637,1007638,1007639,1007639,1007640,1007640,1007641,1007641,1007641,1007641,1007641,1007641,1007641,1007641,1007641,1007641,1007641,1007641,1007641,1007641,1007641,1007641,1007641,1007641,1007641,1007641,1007641,1007641,1007641,1007641,1007641,1007641,1007641,1007641,1007641,1007641,1007641,1007641,1007641,1007641,1007641,1007641,1007641,1007641,1007641,1007641,1007641,1007641,1007641,1007641,1007641,1007641,1007641,1007641,1007641,1007641,1007641,1007641,1007641,1007641,1007641,1007641,1007641,1007641,1007641,1007641,1007641,1007641,1007641,1007641,1007641,1007641,1007641,1007641,1007641,1007641,1007641,1007641,1007641,1007641,1007641
mem_P3::C2_3::M2_1,5000,5000,5000,5000,5000,5000,5000,5000,5000,5000,5000,5000,5000,5000,5000,5000,5000,5000,5000,5000,5000,5000,5000,5000,5000,5000,5000,5000,5000,5000,5000,5000,5000,5000,5000,5000,5000,5000,5000,5000,5000,5000,5000,5000,5000,5000,5000,5000,5000,5000,5000,5000,5000,5000,5000,5000,5000,5000,5000,5000,5000,5000,5000,5000,5000,5000,5000,5000,5000,5000,5000,5000,5000,5000,5000,5000,5000,5000,5000,5000,5000,5000,5000,5000,5000,5000,5000,5000,5000,5000,5000,5000,5000,5000,5000,5000,5000,5000,5000,5000,5000
mem_P4::C2_3::M2_1,1000,1000,1000,1000,1000,1000,1000,1000,1000,1000,1000,1000,1000,1000,1000,1000,1000,1000,1000,1000,1000,1000,1000,1000,1000,1000,1000,1000,1000,1000,1000,1000,1000,1000,1000,1000,1000,1000,1000,1000,1000,1000,1000,1000,1000,1000,1000,1000,1000,1000,1000,1000,1000,1000,1000,1000,1000,1000,1000,1000,1000,1000,1000,1000,1000,1000,1000,1000,1000,1000,1000,1000,1000,1000,1000,1000,1000,1000,1000,1000,1000,1000,1000,1000,1000,1000,1000,1000,1000,1000,1000,1000,1000,1000,1000,1000,1000,1000,1000,1000,1000
mem_P5::C2_3::M2_1,2000,2000,2000,2000,2000,2000,2000,2000,2000,2000,2000,2000,2000,2000,2000,2000,2000,2000,2000,2000,2000,2000,2000,2000,2000,2000,2000,2000,2000,2000,2000,2000,2000,2000,2000,2000,2000,2000,2000,2000,2000,2000,2000,2000,2000,2000,2000,2000,2000,2000,2000,2000,2000,2000,2000,2000,2000,2000,2000,2000,2000,2000,2000,2000,2000,2000,2000,2000,2000,2000,2000,2000,2000,2000,2000,2000,2000,2000,2000,2000,2000,2000,2000,2000,2000,2000,2000,2000,2000,2000,2000,2000,2000,2000,2000,2000,2000,2000,2000,2000,2000
