Time,glucose,O2,glucose_total,O2_total,glucose_in,O2_in,H2O:=Cell_1,OH-:=Cell_1,H+:=Cell_1,glucose:=Cell_1,glucose_in:=Cell_1,glucose_transport:=Cell_1,O2:=Cell_1,Pyruvate-:=Cell_1,Pyruvate_created:=Cell_1,ATP:=Cell_1,ADP:=Cell_1,Pi:=Cell_1,NAD+:=Cell_1,NADH:=Cell_1,Lactic-:=Cell_1,H2O::Cell_1::Mitochondria_1,H2O_created::Cell_1::Mitochondria_1,OH-::Cell_1::Mitochondria_1,H+::Cell_1::Mitochondria_1,H+_inter::Cell_1::Mitochondria_1,H+_inter_created::Cell_1::Mitochondria_1,O2::Cell_1::Mitochondria_1,O2_in::Cell_1::Mitochondria_1,CO2::Cell_1::Mitochondria_1,ATP::Cell_1::Mitochondria_1,ATP_created::Cell_1::Mitochondria_1,ADP::Cell_1::Mitochondria_1,GDP::Cell_1::Mitochondria_1,GTP::Cell_1::Mitochondria_1,Pi::Cell_1::Mitochondria_1,NAD+::Cell_1::Mitochondria_1,NADH::Cell_1::Mitochondria_1,NADH_created::Cell_1::Mitochondria_1,NADH_in::Cell_1::Mitochondria_1,Pyruvate-::Cell_1::Mitochondria_1,Pyruvate-_in::Cell_1::Mitochondria_1,CoA-SH::Cell_1::Mitochondria_1,Acetyl_CoA::Cell_1::Mitochondria_1,FAD::Cell_1::Mitochondria_1,FADH2::Cell_1::Mitochondria_1,FADH2_created::Cell_1::Mitochondria_1,Pyruvate_transport::Cell_1::Mitochondria_1,ATP_synthase::Cell_1::Mitochondria_1,ADP_ATP_transport::Cell_1::Mitochondria_1,NADH_shuttle::Cell_1::Mitochondria_1,Pi_transport::Cell_1::Mitochondria_1,Commp1-3-4::Cell_1::Mitochondria_1,Commp2-3-4::Cell_1::Mitochondria_1,H2O::Cell_1::Mitochondria_2,H2O_created::Cell_1::Mitochondria_2,OH-::Cell_1::Mitochondria_2,H+::Cell_1::Mitochondria_2,H+_inter::Cell_1::Mitochondria_2,H+_inter_created::Cell_1::Mitochondria_2,O2::Cell_1::Mitochondria_2,O2_in::Cell_1::Mitochondria_2,CO2::Cell_1::Mitochondria_2,ATP::Cell_1::Mitochondria_2,ATP_created::Cell_1::Mitochondria_2,ADP::Cell_1::Mitochondria_2,GDP::Cell_1::Mitochondria_2,GTP::Cell_1::Mitochondria_2,Pi::Cell_1::Mitochondria_2,NAD+::Cell_1::Mitochondria_2,NADH::Cell_1::Mitochondria_2,NADH_created::Cell_1::Mitochondria_2,NADH_in::Cell_1::Mitochondria_2,Pyruvate-::Cell_1::Mitochondria_2,Pyruvate-_in::Cell_1::Mitochondria_2,CoA-SH::Cell_1::Mitochondria_2,Acetyl_CoA::Cell_1::Mitochondria_2,FAD::Cell_1::Mitochondria_2,FADH2::Cell_1::Mitochondria_2,FADH2_created::Cell_1::Mitochondria_2,Pyruvate_transport::Cell_1::Mitochondria_2,ATP_synthase::Cell_1::Mitochondria_2,ADP_ATP_transport::Cell_1::Mitochondria_2,NADH_shuttle::Cell_1::Mitochondria_2,Pi_transport::Cell_1::Mitochondria_2,Commp1-3-4::Cell_1::Mitochondria_2,Commp2-3-4::Cell_1::Mitochondria_2,H2O::Cell_1::Mitochondria_3,H2O_created::Cell_1::Mitochondria_3,OH-::Cell_1::Mitochondria_3,H+::Cell_1::Mitochondria_3,H+_inter::Cell_1::Mitochondria_3,H+_inter_created::Cell_1::Mitochondria_3,O2::Cell_1::Mitochondria_3,O2_in::Cell_1::Mitochondria_3,CO2::Cell_1::Mitochondria_3,ATP::Cell_1::Mitochondria_3,ATP_created::Cell_1::Mitochondria_3,ADP::Cell_1::Mitochondria_3,GDP::Cell_1::Mitochondria_3,GTP::Cell_1::Mitochondria_3,Pi::Cell_1::Mitochondria_3,NAD+::Cell_1::Mitochondria_3,NADH::Cell_1::Mitochondria_3,NADH_created::Cell_1::Mitochondria_3,NADH_in::Cell_1::Mitochondria_3,Pyruvate-::Cell_1::Mitochondria_3,Pyruvate-_in::Cell_1::Mitochondria_3,CoA-SH::Cell_1::Mitochondria_3,Acetyl_CoA::Cell_1::Mitochondria_3,FAD::Cell_1::Mitochondria_3,FADH2::Cell_1::Mitochondria_3,FADH2_created::Cell_1::Mitochondria_3,Pyruvate_transport::Cell_1::Mitochondria_3,ATP_synthase::Cell_1::Mitochondria_3,ADP_ATP_transport::Cell_1::Mitochondria_3,NADH_shuttle::Cell_1::Mitochondria_3,Pi_transport::Cell_1::Mitochondria_3,Commp1-3-4::Cell_1::Mitochondria_3,Commp2-3-4::Cell_1::Mitochondria_3
0,0,0,0,0,0,0,10000000000000,100000,100000,0,0,2000,0,0,0,10000000000,10000000000,10000000000,10000000000,0,0,100000000000,0,1000,1000,0,0,0,0,0,0,0,1000000000,1000000000,0,1500000000,1000000000,0,0,0,0,0,1000000000,0,1000000000,0,0,1000,1000,1000,1000,1000,1000,1000,100000000000,0,1000,1000,0,0,0,0,0,0,0,1000000000,1000000000,0,1500000000,1000000000,0,0,0,0,0,1000000000,0,1000000000,0,0,1000,1000,1000,1000,1000,1000,1000,100000000000,0,1000,1000,0,0,0,0,0,0,0,1000000000,1000000000,0,1500000000,1000000000,0,0,0,0,0,1000000000,0,1000000000,0,0,1000,1000,1000,1000,1000,1000,1000
1000,0,0,0,0,10000,60000,9999989000542,10099153,10099153,0,0,2000,0,0,0,9998999695,10001000305,10001000305,10000000000,0,0,99999901468,0,99532,99532,0,0,0,0,0,0,0,1000000000,1000000000,0,1500000000,1000000000,0,0,0,0,0,1000000000,0,1000000000,0,0,1000,1000,1000,1000,1000,1000,1000,99999901093,0,99907,99907,0,0,0,0,0,0,0,1000000000,1000000000,0,1500000000,1000000000,0,0,0,0,0,1000000000,0,1000000000,0,0,1000,1000,1000,1000,1000,1000,1000,99999900097,0,100903,100903,0,0,0,0,0,0,0,1000000000,1000000000,0,1500000000,1000000000,0,0,0,0,0,1000000000,0,1000000000,0,0,1000,1000,1000,1000,1000,1000,1000
2000,95880,638069,10000000,60000000,10000,60000,9998966515855,93067834,106334564,10520,9904120,2000,46,2104130,19787200,9243764689,10756235311,10901263211,9988851270,11148730,13870,100010688809,34241400,183271,9632190,61700,296495600,5620872,19871672,17637279,6787316,62255400,993212684,999999276,724,1444841260,996372981,3627019,23514119,2874700,1,5883600,999993241,6759,999862960,137040,5876840,1000,1000,1000,1000,1000,1000,1000,100010731976,34347100,195973,9568464,72500,297482200,5213481,19512731,17671554,6771084,62395200,993228916,999980067,19933,1445051583,996445529,3554471,23562071,2842300,0,5890520,999999997,3,999858083,141917,5890517,1000,1000,1000,1000,1000,1000,1000,100010769910,34361200,192893,9656947,25300,297584800,5673582,19977482,17659075,6957739,62524200,993042261,999993640,6360,1444536101,996405726,3594274,23541074,2907600,3,5895080,999986922,13078,999871401,128599,5881999,1000,1000,1000,1000,1000,1000,1000
3000,94590,620599,20000000,120000000,10000,60000,9998095366616,90690359,107471732,862,19905410,2000,49,2110177,39809096,8642999775,11357000225,11722522725,9985372723,14627277,43919,100031453899,81612800,81502,14410076,40000,716689600,5722964,40314464,37648601,13094396,152852400,986905604,999998163,1837,1365259267,998180966,1819034,50198134,8374100,5,12549540,999999998,2,999880267,119733,12549533,1000,1000,1000,1000,1000,1000,1000,100031262019,81485500,142367,14594238,54800,715384600,4193173,38719023,37654953,12829691,152612100,987170309,999986753,13247,1365117062,998049409,1950591,50204391,8364100,3,12556080,999993361,6639,999884362,115638,12549438,1000,1000,1000,1000,1000,1000,1000,100031504960,81620100,79643,14371897,53500,716753800,5751265,40345865,37619775,13000236,152883600,986999764,999999937,63,1365161701,998203626,1796374,50154974,8399700,3,12549380,999985822,14178,999895701,104299,12535199,1000,1000,1000,1000,1000,1000,1000
4000,94390,635432,30000000,180000000,10000,60000,9997275920755,93360450,111234570,9520,29905610,2000,78,2094740,59792180,8106601905,11893398095,12487860995,9984299420,15700580,78800,100051570862,128276400,49404,20510136,43800,1130080800,4081224,58676724,57578254,15278961,241781700,984721039,999998683,1317,1287425522,998692568,1307432,76768832,14644200,2,19197100,999993480,6520,999894822,105178,19190578,1000,1000,1000,1000,1000,1000,1000,100051663020,128430800,49560,20483958,30100,1131417600,5635589,60295339,57614878,15894928,242502000,984105072,999998788,1212,1285007060,998751482,1248518,76817518,14639200,6382,19215980,999993042,6958,999908660,91340,19202640,1000,1000,1000,1000,1000,1000,1000,100051673196,128455400,71630,20524523,38700,1131794800,5712177,60392427,57616675,15600044,242334600,984399956,999980086,19914,1286308142,998713967,1286033,76822233,14729400,1,19205560,999999999,1,999889342,110658,19205558,1000,1000,1000,1000,1000,1000,1000
5000,93990,638727,40000000,240000000,10000,60000,9996511532529,91964575,110236530,821,39906010,2000,63628,2118377,79810378,7623502704,12376497296,13201477496,9983961803,16038197,115381,100071659842,175032200,58124,26596798,394600,1544281200,4371066,79009616,77560136,17038377,331064700,982961623,999999399,601,1208179122,998926286,1073714,103413514,21182200,6180,25859560,999999998,2,999901722,98278,25853378,1000,1000,1000,1000,1000,1000,1000,100071550294,174967900,110426,26716046,359900,1543675000,4063610,78672310,77557680,16881442,331103100,983118558,999998082,1918,1207444040,998893160,1106840,103410240,21163500,6120,25858680,1000000000,0,999897940,102060,25852560,1000,1000,1000,1000,1000,1000,1000,100071802864,175235400,117736,26938716,41500,1546266000,6878519,81615719,77554800,17197969,331507500,982802031,999993069,6931,1208269400,998995900,1004100,103406400,21311100,6780,25858380,1000000000,0,999909400,90600,25851600,1000,1000,1000,1000,1000,1000,1000
6000,98160,635685,50000000,300000000,10000,60000,9995793475539,90199361,108639168,1471,49901840,2000,5835,2099869,99800738,7187582200,12812417800,13867964400,9983812071,16187929,152009,100091561389,221616100,129757,33575670,49500,1956885800,3704662,98308012,97516555,17799914,419770500,982200086,999992196,7804,1131021882,999016927,983073,130022073,27758300,6821,32512340,999999999,1,999903882,96118,32505518,1000,1000,1000,1000,1000,1000,1000,100091624380,221737500,125106,33263798,383600,1957999000,4120474,98778224,97567014,18130149,420311700,981869851,999992511,7489,1129002562,999000048,999952,130089352,27804100,2,32522340,1000000000,0,999899662,100338,32522338,1000,1000,1000,1000,1000,1000,1000,100091831138,221880000,107500,33117118,398000,1959452000,7541494,102272244,97530084,17963417,420304200,982036583,999993863,6137,1130514046,999106562,893438,130038038,27898400,4,32514180,999993778,6222,999910546,89454,32507954,1000,1000,1000,1000,1000,1000,1000
7000,94690,628363,60000000,360000000,10000,60000,9995114087926,91191775,109713592,864,59905310,2000,62393,2112425,119808892,6793677201,13206322799,14493881499,9983779535,16220465,188927,100111739946,268316700,41534,39723732,389400,2370600600,3692686,118315636,117471918,18679330,508805700,981320670,999999990,10,1052602760,999096642,903358,156627058,34451400,6602,39168240,999993502,6498,999915660,84340,39155140,1000,1000,1000,1000,1000,1000,1000,100111747209,268462100,108677,39806051,349500,2371933000,4377885,119065935,117521216,18996565,509394900,981003435,999999827,173,1050919262,999133346,866654,156694954,34461800,6480,39180220,999999998,2,999912262,87738,39173738,1000,1000,1000,1000,1000,1000,1000,100111834977,268414000,40786,39656582,375900,2371644000,7251673,121927673,117477237,18515228,509002200,981484772,999998049,1951,1052726021,999167384,832616,156636316,34486300,1,39159080,1000000000,0,999902921,97079,39159079,1000,1000,1000,1000,1000,1000,1000
8000,93330,637284,70000000,420000000,10000,60000,9994471894167,92461719,111006808,10761,69906670,2000,5218,2102071,139791818,6437716686,13562283314,15082331114,9983782909,16217091,225927,100131541584,314726000,36111,46804492,69200,2781568800,2436199,136943499,137437906,18792977,597229200,981207023,999979742,20258,975272565,998975059,1024941,183250541,41077600,4,45812640,999999999,1,999898765,101235,45812635,1000,1000,1000,1000,1000,1000,1000,100131855000,315072600,38669,46559119,98300,2784865200,4807188,139477188,137461613,19717474,598533300,980282526,999999297,703,971889023,999211310,788690,183277390,41118700,1,45830060,999985718,14282,999916823,83177,45815777,1000,1000,1000,1000,1000,1000,1000,100131848888,315119600,118252,46604750,72700,2785351200,8242311,142936811,137436358,19213709,598008600,980786291,999998789,1211,975044280,999261922,738078,183243978,41152500,2,45821120,999986502,13498,999922980,77020,45807620,1000,1000,1000,1000,1000,1000,1000
9000,95350,635812,80000000,480000000,10000,60000,9993866964837,90404106,108985107,1590,79904650,2000,57345,2114781,159806120,6116124043,13883875957,15636739857,9983796819,16203181,263039,100151655698,361513200,117322,53049958,350500,3196126400,3388869,157957619,157378796,19620468,686520600,980379532,999999408,592,896463540,999185344,814656,209833956,47742500,4,52468480,999986684,13316,999920540,79460,52455160,1000,1000,1000,1000,1000,1000,1000,100151742286,361598300,34446,53020232,360100,3196928600,3642110,158250360,157440770,19665921,687020100,980334079,999979565,20435,894696944,999134374,865626,209921026,47779300,2,52480260,999999998,2,999901544,98456,52480256,1000,1000,1000,1000,1000,1000,1000,100151917956,361767600,20676,53171960,79600,3198545600,8410714,163098864,157438668,19732811,686940900,980267189,999998755,1245,896934144,999248676,751324,209918224,47818100,4,52479560,1000000000,0,999911744,88256,52479556,1000,1000,1000,1000,1000,1000,1000
10000,94090,633593,90000000,540000000,10000,60000,9993290716927,90231709,108847893,10208,89905910,2000,62926,2092080,179791404,5825262936,14174737064,16160619464,9983775920,16224080,300024,100171622618,408069600,31060,59645139,372000,3608492000,2743301,177265351,177391425,19800348,775204200,980199652,999979574,20426,818815526,999144401,855599,236521899,54352300,3,59130480,999999997,3,999895026,104974,59130474,1000,1000,1000,1000,1000,1000,1000,100171816889,408249900,28751,59558771,351700,3610216600,4292913,178900213,177369960,20137320,776039400,979862680,999998200,1800,816332780,999247720,752280,236493280,54438300,6120,59129440,1000000000,0,999911980,88020,59123320,1000,1000,1000,1000,1000,1000,1000,100171854139,408402400,102724,59891721,52400,3611636000,8460967,183137917,177398038,20099519,775851600,979900481,999992040,7960,818901921,999297983,702017,236530717,54476700,6700,59139380,999999999,1,999915821,84179,59132679,1000,1000,1000,1000,1000,1000,1000
11000,95590,627285,100000000,600000000,10000,60000,9992738297642,93930797,112575793,10819,99904410,2000,62608,2092814,199787182,5562266039,14437733961,16656188861,9983785466,16214534,337648,100191616691,454633200,26689,66245666,368300,4020855200,2950818,197425118,197312597,19915017,863828700,980084983,999999877,123,741467060,999194263,805737,263081337,60988400,6423,65781540,999993623,6377,999915860,84140,65768740,1000,1000,1000,1000,1000,1000,1000,100191734583,454815300,104512,66214476,398700,4022665000,4457059,199021709,197304149,20272654,864819300,979727346,999999919,81,738290065,999268016,731984,263067884,61107400,1,65776680,999987056,12944,999922265,77735,65763735,1000,1000,1000,1000,1000,1000,1000,100191853277,455032300,113503,66215301,371300,4024648600,8201780,202863280,197363358,20209770,864569100,979790230,999999930,70,741390260,999325402,674598,263149098,61139200,6622,65798500,999993862,6138,999923560,76440,65785740,1000,1000,1000,1000,1000,1000,1000
12000,95000,644948,110000000,660000000,10000,60000,9992219716977,88821357,107549551,1522,109905000,2000,5380,2108038,219806956,5324457034,14675542966,17127192066,9983754722,16245278,374878,100211503112,501113100,25991,72897247,375200,4432519000,2586211,216979511,217258497,19788873,952242000,980211127,999991774,8226,664555301,999179304,820696,289677996,67602800,6261,72425760,1000000000,0,999907001,92999,72419499,1000,1000,1000,1000,1000,1000,1000,100211740676,501448100,114390,73167062,92300,4435786600,5749371,220305021,217263874,20534404,953766600,979465596,999998626,1374,660421422,999280748,719252,289682952,67810800,2,72425720,999993360,6640,999917722,82278,72419078,1000,1000,1000,1000,1000,1000,1000,100211842000,501734400,112603,73174860,78700,4438281600,7389340,222065140,217397998,20801016,953840100,979198984,999999317,683,662239601,999331603,668397,289863997,67773200,6560,72472560,999999999,1,999916801,83199,72465999,1000,1000,1000,1000,1000,1000,1000
13000,98280,622080,120000000,720000000,10000,60000,9991713554201,93929239,112715877,1579,119901720,2000,45,2099756,239800282,5109415140,14890584860,17574843860,9983725164,16274836,412046,100231562507,547801100,13599,79770873,74300,4846084600,3627182,238032332,237235196,20225970,1041273900,979774030,999986372,13628,586617602,999253606,746394,316313594,74252300,6780,79085180,999999998,2,999912402,87598,79078398,1000,1000,1000,1000,1000,1000,1000,100231716343,547998900,101997,79482295,379000,4848077800,4883638,239388638,237205558,20416713,1042371000,979583287,999999893,107,582846180,999317822,682178,316269778,74433500,2,79077120,999987102,12898,999924680,75320,79064220,1000,1000,1000,1000,1000,1000,1000,100231896835,548289300,22365,79778224,38600,4850631400,7328605,241956905,237351779,20679732,1042468800,979320268,999998732,1268,584939800,999331721,668279,316464579,74427600,1,79126180,999986621,13379,999919900,80100,79112800,1000,1000,1000,1000,1000,1000,1000
14000,96730,618704,130000000,780000000,10000,60000,9991235470321,91388997,110179720,9937,129903270,2000,56053,2092357,259786666,4914790918,15085209082,18003317482,9983750983,16249017,449349,100251478594,594441300,111806,86197186,389400,5259209000,3859315,258254715,257201400,20367650,1130023200,979632350,999998550,1450,509066800,999265400,734600,342935200,80939700,6380,85740180,1000000000,0,999916700,83300,85733800,1000,1000,1000,1000,1000,1000,1000,100251627676,594509900,109564,86433864,76000,5260058200,4906193,259346093,257143560,20560040,1131188400,979439960,999999820,180,504545080,999320820,679180,342858080,81070800,6600,85721120,1000000000,0,999915580,84420,85714520,1000,1000,1000,1000,1000,1000,1000,100251791644,594914600,101265,86138716,401400,5263605200,7113435,261724435,257330094,20817992,1131349200,979182008,999993095,6905,506525503,999344809,655191,343106791,81077800,6960,85783660,999999997,3,999915903,84097,85776697,1000,1000,1000,1000,1000,1000,1000
15000,96420,630665,140000000,840000000,10000,60000,9990773630250,91153416,109932759,10319,139903580,2000,489,2095521,279786522,4738866666,15261133334,18412440534,9983802839,16197161,486661,100271479999,641051500,110164,92794360,412500,5672091800,3918289,278292589,277159437,20484267,1218820800,979515733,999999288,712,431371421,999296384,703616,369545916,87603400,6601,92393080,1000000000,0,999916421,83579,92386479,1000,1000,1000,1000,1000,1000,1000,100271598541,641083100,111239,93071099,91000,5672592600,5342555,279744205,277094520,20495438,1219859700,979504562,999993298,6702,427159460,999320540,679460,369459360,87743600,6560,92371400,1000000000,0,999914960,85040,92364840,1000,1000,1000,1000,1000,1000,1000,100271799633,641528600,101967,93146245,33100,5676488400,6742602,281332052,277284918,21048671,1220361000,978951329,999999871,129,428126000,999362482,637518,369711018,87755700,7142,92439860,999993382,6618,999923600,76400,92426100,1000,1000,1000,1000,1000,1000,1000
16000,95220,636918,150000000,900000000,10000,60000,9990326789361,92701097,111565428,1743,149904780,2000,97,2111357,299806074,4579778358,15420221642,18804536642,9983770403,16229597,523377,100291461953,687624200,101547,99480287,353500,6084622000,4139554,298475404,297109200,20559202,1307626200,979440798,999993102,6898,353386100,999311000,689000,396145600,94262600,6840,99043240,1000000000,0,999916100,83900,99036400,1000,1000,1000,1000,1000,1000,1000,100291601668,687696000,100664,99357970,408700,6085438400,5649817,300027717,297068030,20522011,1308573600,979477989,999993355,6645,349502344,999365714,634286,396086186,94363700,2,99031720,999986438,13562,999922044,77956,99018156,1000,1000,1000,1000,1000,1000,1000,100291868393,688167700,19327,99674547,83100,6089578600,6282164,300859864,297268680,20982916,1309122900,979017084,999998756,1244,350717640,999358060,641940,396358240,94426800,6820,99096380,1000000000,0,999922740,77260,99089560,1000,1000,1000,1000,1000,1000,1000
17000,93710,643721,160000000,960000000,10000,60000,9989899962688,89334720,108205480,1754,159906290,2000,58390,2120388,319809072,4435783208,15564216792,19182209392,9983810052,16189948,560424,100311618730,734326000,18270,105991008,366100,6498340800,5433027,319788577,317081398,20839666,1396633500,979160334,999999866,134,275426100,999365602,634398,422773098,100957500,6442,105704440,999993702,6298,999923200,76800,105691700,1000,1000,1000,1000,1000,1000,1000,100311560771,734173000,18024,106285605,61500,6497080400,5872438,320168338,317014006,20463716,1397230800,979536284,999985781,14219,271706365,999342259,657741,422685341,100983000,4,105671340,999999999,1,999909865,90135,105671335,1000,1000,1000,1000,1000,1000,1000,100311750385,734761800,109247,106482473,56000,6502300400,4792424,319340974,317244790,21063010,1398005700,978936990,999987354,12646,272481544,999323254,676746,422990946,101118200,2,105752480,999993678,6322,999918544,81456,105746156,1000,1000,1000,1000,1000,1000,1000
18000,94230,628679,170000000,1020000000,10000,60000,9989480970523,91836589,110716067,1641,169905770,2000,5101,2113320,339808258,4305542912,15694457088,19545776588,9983831020,16168980,597178,100331461138,780857100,100882,112721916,386600,6910447800,5158423,339454273,337043694,20712482,1485267300,979287518,999999322,678,197788740,999348946,651054,449387254,107590100,6,112356580,999986986,13014,999921840,78160,112343560,1000,1000,1000,1000,1000,1000,1000,100331567074,780823400,8915,112620904,378500,6910232400,5457727,339744327,336998212,20491161,1485954300,979508839,999987224,12776,194248463,999342251,657749,449330949,107649800,2,112332740,999999999,1,999917463,82537,112332737,1000,1000,1000,1000,1000,1000,1000,100331841992,781392700,9494,113060188,34800,6915391800,5629720,340167620,337225316,21202623,1486968600,978797377,999980585,19415,194204162,999322946,677054,449633754,107802200,0,112408440,999999998,2,999908462,91538,112408438,1000,1000,1000,1000,1000,1000,1000
19000,95420,635097,180000000,1080000000,10000,60000,9989080750083,87985495,106940630,917,179904580,2000,47,2112409,359807326,4187713078,15812286922,19897299522,9983791891,16208109,634617,100351554251,827479200,16061,119613146,36700,7323404800,5840391,360118291,356999889,20974608,1574300100,979025392,999999312,688,119331704,999375115,624885,475995385,114261900,3,119008900,999986599,13401,999927904,72096,118995496,1000,1000,1000,1000,1000,1000,1000,100351550896,827463200,9170,119620444,52200,7323331200,4955734,359231034,356991536,20586172,1574718600,979413828,999998694,1306,117213222,999340586,659414,475988714,114308700,6880,119004060,999999998,2,999915422,84578,118997178,1000,1000,1000,1000,1000,1000,1000,100351764030,827840300,15470,119655848,29600,7326724600,5575281,360015531,357115338,21011868,1575606900,978988132,999999868,132,115867700,999377362,622638,476149338,114394000,2,119047340,999986662,13338,999925800,74200,119034000,1000,1000,1000,1000,1000,1000,1000
20000,95570,627080,190000000,1140000000,10000,60000,9988687402177,88478325,107489696,968,189904430,2000,89,2115247,379806924,4081142002,15918857998,20237570398,9983775733,16224267,671857,100371516776,874051900,15224,125944040,329600,7735913400,7239233,381477333,376951916,20937766,1663059600,979062234,999999866,134,41183200,999403484,596516,502600316,120896700,6784,125661900,999993284,6716,999927300,72700,125648400,1000,1000,1000,1000,1000,1000,1000,100371416158,874070500,107382,126388382,32100,7736109000,4605576,378853576,376973460,20851441,1663723200,979148559,999999321,679,38356080,999351720,648280,502631280,120938500,7000,125664820,1000000000,0,999916680,83320,125657820,1000,1000,1000,1000,1000,1000,1000,100371702509,874379700,15240,126293311,64200,7738965000,4654072,379041922,377058954,20674435,1664064000,979325565,999986618,13382,39270483,999350829,649171,502745271,121075600,6780,125693100,999999997,3,999917683,82317,125686317,1000,1000,1000,1000,1000,1000,1000
21000,95980,623220,200000000,1200000000,10000,60000,9988301220233,91961089,111021235,948,199904020,2000,62739,2114902,399806144,3982892522,16017107478,20478019678,9983764018,16235982,709262,100391427543,920541900,14326,128973617,3958100,8147661400,6734785,400895885,396892554,13257441,1743602700,986742559,999998864,1136,77823,999394269,605731,529186331,127521900,6660,132311660,999988777,11223,999925923,74077,132293777,1000,1000,1000,1000,1000,1000,1000,100391467686,920595700,14758,129097853,3874200,8148213000,4509166,398698016,396903643,12685744,1743729000,987314256,999999292,708,87048,999356005,643995,529202395,127601300,7161,132313300,999992613,7387,999919248,80752,132298752,1000,1000,1000,1000,1000,1000,1000,100391600159,921010900,100352,129031081,4087500,8151981000,5347690,399720140,397053946,12887263,1744371900,987112737,999998900,1100,89537,999338791,661209,529402409,127737700,0,132357020,999991443,8557,999917537,82463,132348463,1000,1000,1000,1000,1000,1000,1000
22000,96550,631633,210000000,1260000000,10000,60000,9987930362273,90202105,109266861,11259,209903450,2000,40,2087674,419784382,3874558378,16125441622,20611035622,9983768806,16231194,745888,100411300854,967125600,107460,135664146,3998000,8560234400,7233492,421357442,416849584,4742872,1816788000,995257128,999995010,4990,83338,999407854,592146,555796446,134165900,6680,138962540,999991002,8998,999930838,69162,138946862,1000,1000,1000,1000,1000,1000,1000,100411354993,967179200,106919,135966480,3740200,8560816800,5158602,419312252,416861625,4750054,1816977900,995249946,999999758,242,6904,999364279,635721,555810421,134260700,7,138964040,999984763,15237,999923104,76896,138948796,1000,1000,1000,1000,1000,1000,1000,100411588409,967652400,101573,135667768,4106200,8565066400,4338533,418698633,417045049,4733770,1817654700,995266230,999999264,736,83094,999351845,648155,556055455,134380700,3,139024240,999986169,13831,999921794,78206,139010406,1000,1000,1000,1000,1000,1000,1000
23000,95090,638614,220000000,1320000000,10000,60000,9987567056410,92547244,111660176,1030,219904910,2000,547,2107672,439807760,3755696954,16244303046,20732313146,9983777548,16222452,782808,100431228695,1013696600,108080,142356345,3992500,8972709200,6737913,440820163,436830170,3895217,1889968500,996104783,999987242,12758,72025,999377455,622545,582439745,140815200,7200,145618220,999998555,1445,999922525,77475,145609575,1000,1000,1000,1000,1000,1000,1000,100431436049,1013772500,13398,142284348,3970800,8973550600,5436332,439561682,436805879,3906636,1890153600,996093364,999994685,5315,80249,999368970,631030,582406630,140953300,6343,145610720,999996374,3626,999921049,78951,145600751,1000,1000,1000,1000,1000,1000,1000,100431674185,1014300800,7082,142457773,3870900,8978224800,4627544,438978994,437030040,4009341,1891017000,995990659,999998930,1070,7289,999366749,633251,582704251,141034000,6722,145688340,999992593,7407,999923689,76311,145674211,1000,1000,1000,1000,1000,1000,1000
24000,94810,621106,230000000,1380000000,10000,60000,9987220528768,89539391,108619186,11041,229905190,2000,5715,2082797,459788298,3645799059,16354200941,20842166141,9983823083,16176917,820081,100451337108,1060342700,7012,148847390,4068500,9385938200,7272758,461351058,456815018,3927214,1963281600,996072786,999986754,13246,73940,999363822,636178,609086178,147520500,2,152272700,999998462,1538,999914940,85060,152271160,1000,1000,1000,1000,1000,1000,1000,100451441322,1060410000,6821,149088453,3794900,9386635200,6175495,460288945,456793773,4037414,1963493100,995962586,999999795,205,16281,999397408,602592,609053692,147592700,5,152273940,999985984,14016,999923181,76819,152259919,1000,1000,1000,1000,1000,1000,1000,100451487498,1060813200,107286,149370301,3737300,9390166400,3449426,457733176,456980663,3942448,1964121300,996057552,999999776,224,23828,999338465,661535,609305235,147678100,7261,152338780,999993053,6947,999921128,78872,152324572,1000,1000,1000,1000,1000,1000,1000
25000,96410,623197,240000000,1440000000,10000,60000,9986882141523,88892463,108054051,10077,239903590,2000,492,2089862,479787026,3546275686,16453724314,20941764014,9983785678,16214322,857404,100471340860,1106941000,12454,155765157,3765000,9798698000,7875130,481926130,476763281,4014122,2036594100,995985878,999999660,340,11938,999412457,587543,635679843,154170700,3,158930160,999986405,13595,999922438,77562,158916562,1000,1000,1000,1000,1000,1000,1000,100471357629,1106939300,6546,155771331,3782200,9798741000,5447600,479501500,476746070,3988346,2036607600,996011654,999998871,1129,16925,999375955,624045,635660945,154239400,6620,158922940,999998555,1445,999916625,83375,158914875,1000,1000,1000,1000,1000,1000,1000,100471523698,1107344000,6833,155706222,3936600,9802293600,3723331,477948681,476927806,3849759,2037189300,996150241,999999236,764,76977,999350671,649329,635901529,154305200,6300,158986660,999993363,6637,999919577,80423,158973723,1000,1000,1000,1000,1000,1000,1000
26000,94490,633828,250000000,1500000000,10000,60000,9986552245975,89255847,108506507,1101,249905510,2000,57509,2115842,499808818,3456295022,16543704978,21031806678,9983759338,16240662,894156,100491216052,1153523700,100845,162143527,4129300,10211273800,8473677,502487827,496722241,3877859,2109703800,996122141,999999458,542,82299,999408658,591342,662293042,160831200,1,165580640,999990162,9838,999924599,75401,165570801,1000,1000,1000,1000,1000,1000,1000,100491288499,1153476300,11987,162514080,3704900,10210875800,4626500,498621700,496704315,3905758,2109735600,996094242,999999220,780,13862,999370047,629953,662267953,160866500,1,165577040,999986599,13401,999922262,77738,165563638,1000,1000,1000,1000,1000,1000,1000,100491487122,1153937500,6639,162604255,3712100,10215023800,4002336,498199136,496908363,3997737,2110481700,996002263,999986724,13276,6187,999331424,668576,662541976,160976300,3,165641140,999992476,7524,999910287,89713,165633613,1000,1000,1000,1000,1000,1000,1000
27000,97140,629959,260000000,1560000000,10000,60000,9986231936703,88528062,107749288,9797,259902860,2000,40,2093600,519786126,3374865565,16625134435,21113188635,9983804240,16195760,931866,100511258611,1200037000,6256,169019926,3802800,10623282800,7055594,521006144,516648439,3925067,2182887900,996074933,999990656,9344,12689,999407150,592850,688860850,167497200,3,172223620,999988794,11206,999923489,76511,172212411,1000,1000,1000,1000,1000,1000,1000,100511186791,1200124700,100737,169091868,3856800,10624043000,5916238,519903338,516695327,3965040,2183007000,996034960,999999116,884,18976,999388949,611051,688924551,167510200,1,172236880,999992345,7655,999921276,78724,172229224,1000,1000,1000,1000,1000,1000,1000,100511403141,1200599900,105570,168979599,4077400,10628285400,4267669,518460519,516879006,3937872,2183711100,996062128,999998709,1291,74637,999348731,651269,689171669,167651100,6480,172300160,999998983,1017,999921537,78463,172292663,1000,1000,1000,1000,1000,1000,1000
28000,96630,634986,270000000,1620000000,10000,60000,9985917592930,89568657,108813346,11073,269903370,2000,62751,2095995,539784594,3301178087,16698821913,21186892913,9983820045,16179955,968739,100531061186,1246542700,100651,175743074,3849500,11035171000,5815469,539695819,536600122,3848990,2255935200,996151010,999998369,1631,86879,999382157,617843,715466743,174129800,7200,178874080,999999741,259,999915379,84621,178866621,1000,1000,1000,1000,1000,1000,1000,100531244587,1246644900,5804,175993992,3496400,11036112200,6386729,540313129,536610765,3956265,2256195300,996043735,999999662,338,18897,999397032,602968,715478568,174185100,6461,178881620,999992644,7356,999924297,75703,178867803,1000,1000,1000,1000,1000,1000,1000,100531523534,1247258200,10811,175736945,3856400,11041594800,5100915,539293315,536858289,3996796,2257105800,996003204,999999311,689,18515,999381626,618374,715808774,174321000,6841,178964160,999993166,6834,999922915,77085,178950485,1000,1000,1000,1000,1000,1000,1000
29000,95710,634832,280000000,1680000000,10000,60000,9985608688390,92238153,111604511,1130,279904290,2000,63155,2121738,559806320,3234468743,16765531257,21253689857,9983761462,16238538,1006082,100550996383,1293122200,100944,182291497,4002400,11447682000,5277374,559117224,556589022,3883102,2329083000,996116898,999999011,989,81809,999340487,659513,742116813,180779900,0,185533440,999994351,5649,999914709,85291,185527791,1000,1000,1000,1000,1000,1000,1000,100551199817,1293213000,5855,182468360,3675300,11448583600,5721979,559606829,556573589,3935018,2329343100,996064982,999997642,2358,11324,999392435,607565,742095265,180838700,3,185530240,999991439,8561,999921624,78376,185521676,1000,1000,1000,1000,1000,1000,1000,100551364869,1293816200,105655,182671068,3664100,11453951600,6433010,560577960,556828401,3915836,2330303700,996084164,999993444,6556,4408,999385307,614693,742435193,180943100,3,185614820,999991975,8025,999919508,80492,185606792,1000,1000,1000,1000,1000,1000,1000
30000,95050,645314,290000000,1740000000,10000,60000,9985311646552,89354524,108744648,10189,289904950,2000,498,2099402,579789522,3174101276,16825898724,21314031124,9983752678,16247322,1043400,100571009986,1339777800,100360,189019292,3900300,11860945200,6372698,580209548,576569874,3976425,2402445600,996023575,999995407,4593,4182,999374408,625592,768757992,187437200,2,192193640,999994480,5520,999915982,84018,192188118,1000,1000,1000,1000,1000,1000,1000,100571221417,1339815300,10194,189071303,3695200,11861396200,5422397,579282747,576503106,3929057,2402592300,996070943,999999394,606,8537,999426631,573369,768666469,187533000,6560,192182940,999986983,13017,999931237,68763,192163363,1000,1000,1000,1000,1000,1000,1000,100571268520,1340343800,101021,189316959,3665700,11865987600,5780643,579861893,576799445,3924844,2403392100,996075156,999989591,10409,8947,999388502,611498,769064098,187528600,1,192270140,999994514,5486,999916647,83353,192264653,1000,1000,1000,1000,1000,1000,1000
31000,96660,632023,300000000,1800000000,10000,60000,9985016171907,90676307,110100401,1130,299903340,2000,57260,2109874,599804420,3119619514,16880380486,21368501486,9983766366,16233634,1080586,100591118077,1386429800,5125,195686862,3755100,12274121200,6717744,600546594,596542071,3954174,2475774000,996045826,999999808,192,18334,999421063,578937,795387237,194077300,6161,198857900,999993427,6573,999926934,73066,198845166,1000,1000,1000,1000,1000,1000,1000,100591177180,1386427800,9762,195766040,3703000,12274296400,5908305,599748355,596494312,3940343,2475851700,996059657,999995757,4243,17314,999379302,620698,795325698,194227400,7040,198838580,999999846,154,999916314,83686,198831386,1000,1000,1000,1000,1000,1000,1000,100591232016,1386871900,101517,195595042,4023000,12278090200,4994118,599015768,596724656,3853994,2476420800,996146006,999997605,2395,88011,999400955,599045,795628245,194185500,2,198917480,999986111,13889,999925011,74989,198903589,1000,1000,1000,1000,1000,1000,1000
32000,95790,637916,310000000,1860000000,10000,60000,9984725349104,92510786,111924766,1080,309904210,2000,94,2114920,619806260,3070165190,16929834810,21417909410,9983818980,16181020,1118040,100610959886,1432987200,105609,202557073,3658700,12686484000,6971199,620753049,616510149,3943346,2548956000,996056654,999990611,9389,4565,999400516,599484,822009884,200729800,1,205510680,999989056,10944,999923765,76235,205499735,1000,1000,1000,1000,1000,1000,1000,100611110088,1433054100,105311,202380769,3807500,12687309000,5842520,619667570,616449811,3938662,2549115300,996061338,999998995,1005,22433,999409722,590278,821928378,200908000,3,205492680,999985890,14110,999925433,74567,205478567,1000,1000,1000,1000,1000,1000,1000,100611239771,1433454400,100918,202136189,4104300,12690731200,4952471,618941371,616655394,3925468,2549628300,996074532,999999231,769,79763,999430369,569631,822201431,200869400,6620,205569940,999982717,17283,999930563,69437,205546037,1000,1000,1000,1000,1000,1000,1000
33000,95270,633022,320000000,1920000000,10000,60000,9984443320410,90234068,109633942,11584,319904730,2000,497,2087282,639786292,3025439878,16974560122,21462535622,9983842578,16157422,1155170,100631067357,1479638300,9468,208746283,4016600,13099723800,7425141,641203091,636482010,3873732,2622192600,996126268,999998107,1893,89775,999414865,585135,848642035,207416600,6320,212168280,999998065,1935,999922375,77625,212160025,1000,1000,1000,1000,1000,1000,1000,100631138015,1479629400,9126,208724245,4036300,13099820400,5408935,639194035,636425666,3995262,2622243900,996004738,999998709,1291,68047,999398281,601719,848567019,207545700,6740,212149700,999998393,1607,999917847,82153,212141353,1000,1000,1000,1000,1000,1000,1000,100631171705,1480041700,100386,208841015,4089600,13103311400,5017605,638969355,636647466,3910155,2622819600,996089845,999999452,548,83797,999395631,604369,848858269,207511400,0,212225860,999984943,15057,999927397,72603,212210803,1000,1000,1000,1000,1000,1000,1000
34000,94630,629565,330000000,1980000000,10000,60000,9984159476391,94067487,113514640,10960,329905370,2000,62701,2099033,659788820,2985074878,17014925122,21503028222,9983844247,16155753,1192367,100650940267,1526215100,105921,215764032,3743100,13512260600,8210023,661949423,656434267,3945955,2695455300,996054045,999988951,11049,11996,999416929,583071,875245471,214080100,6281,218818140,999999345,655,999925096,74904,218811204,1000,1000,1000,1000,1000,1000,1000,100651131568,1526200500,4604,215380569,4010000,13512324200,4827886,658573086,656367769,3855384,2695435200,996144616,999999608,392,92524,999411655,588345,875152845,214215800,3,218797620,999987459,12541,999925024,74976,218785076,1000,1000,1000,1000,1000,1000,1000,100651194871,1526604100,8962,215665448,3836800,13515737000,4877175,658785225,656623837,3968070,2696058900,996031930,999995081,4919,6611,999388374,611626,875494926,214144800,1,218881660,999989430,10570,999916911,83089,218871089,1000,1000,1000,1000,1000,1000,1000
35000,94290,614761,340000000,2040000000,10000,60000,9983884294957,93099180,112614987,2205,339905710,2000,497,2116097,679807010,2948491437,17051508563,21539588363,9983829563,16170437,1229273,100670996172,1572714300,4566,222048708,3983100,13924194200,7517673,681190523,676352348,3846903,2768494500,996153097,999997349,2651,78346,999434998,565002,901801002,220741100,7200,225462240,999993614,6386,999919946,80054,225448654,1000,1000,1000,1000,1000,1000,1000,100671040466,1572751800,4773,222097227,3984600,13924633200,5780046,679475646,676348367,3894725,2768592000,996105275,999986738,13262,76013,999373346,626654,901797354,220859900,7,225450400,999998594,1406,999911613,88387,225448987,1000,1000,1000,1000,1000,1000,1000,100671076720,1573279300,105431,222378578,3908400,13929125800,4808123,678718573,676642164,3927222,2769372000,996072778,999979339,20661,60417,999367453,632547,902188747,220806300,2,225549000,999997585,2415,999911817,88183,225546583,1000,1000,1000,1000,1000,1000,1000
36000,96250,619948,350000000,2100000000,10000,60000,9983610412206,94312226,113887946,1245,349903750,2000,40,2113910,699805010,2915250932,17084749068,21572833968,9983804610,16195390,1266420,100690882870,1619280800,105526,229073729,3684100,14336651200,8580228,702210828,696284095,3945233,2841750300,996054767,999998665,1335,6732,999456137,543863,928375363,227410100,6881,232108440,999989709,10291,999928332,71668,232091268,1000,1000,1000,1000,1000,1000,1000,100691070411,1619390600,4586,228798605,3909400,14337713200,5843263,699526513,696307558,3936971,2841894900,996063029,999998470,1530,87199,999409141,590859,928405059,227528200,4,232112560,999984945,15055,999926599,73401,232097501,1000,1000,1000,1000,1000,1000,1000,100691098822,1619765800,4387,228721936,4103500,14340770000,3815271,697642671,696572072,3852796,2842346700,996147204,999999499,501,82803,999382631,617369,928756269,227404900,2,232203680,999980519,19481,999926803,73197,232184197,1000,1000,1000,1000,1000,1000,1000
37000,94950,635739,360000000,2160000000,10000,60000,9983345742461,89462093,109019218,11467,359905050,2000,63338,2087859,719787166,2885320054,17114679946,21602686446,9983834101,16165899,1303367,100710813964,1665908200,104656,235604494,3869200,14749600400,8152070,721763570,716313398,3966447,2914966200,996033553,999998787,1213,20540,999407442,592558,955081858,234048500,2,238776480,999991982,8018,999916740,83260,238768460,1000,1000,1000,1000,1000,1000,1000,100710968459,1666021800,104576,235755281,3718200,14750813200,5654986,719328086,716281530,4032014,2915253300,995967986,999998859,1141,16845,999396515,603485,955039585,234234500,0,238765420,999992635,7365,999917545,82455,238758055,1000,1000,1000,1000,1000,1000,1000,100710909244,1666319800,104939,235763433,3832600,14753107600,4430017,718209267,716550915,3938302,2915570400,996061698,999989763,10237,6761,999362946,637054,955399354,234034900,3,238854040,999994402,5598,999912861,87139,238848439,1000,1000,1000,1000,1000,1000,1000
38000,95120,616876,370000000,2220000000,10000,60000,9983075774982,92752228,112363709,11568,369904880,2000,50,2087457,739786624,2858220110,17141779890,21629788290,9983816423,16183577,1340447,100730829999,1712473000,105274,242147078,3922000,15162082800,9043322,742614372,736226455,3904485,2988138600,996095515,999999376,624,79791,999457436,542564,981629064,240724700,3,245421240,999981372,18628,999928291,71709,245402609,1000,1000,1000,1000,1000,1000,1000,100730958057,1712644600,105221,242525781,3589300,15163756400,5717137,739371337,736259166,3995538,2988546300,996004462,999994364,5636,3026,999418560,581440,981674540,240879100,2,245428420,999986956,13044,999920826,79174,245415374,1000,1000,1000,1000,1000,1000,1000,100730850982,1712844800,104732,242591678,3643000,15165136800,3681915,737397365,736487024,3991949,2988702900,996008051,999993287,6713,3838,999379114,620886,981979086,240658800,6160,245509060,999989162,10838,999921838,78162,245492062,1000,1000,1000,1000,1000,1000,1000
39000,93380,630477,380000000,2280000000,10000,60000,9982813749004,90719704,110376573,11342,379906620,2000,5790,2098913,759790556,2833798508,17166201492,21654318692,9983819847,16180153,1377803,100750854588,1759041200,8050,248967692,3696800,15574548800,8262439,761791589,756197188,3962524,3061375500,996037476,999997570,2430,11546,999416658,583342,1008262742,247396000,7020,252073100,999999474,526,999917346,82654,252065554,1000,1000,1000,1000,1000,1000,1000,100750933885,1759217300,100805,249002375,3757700,15576301800,5701414,759318114,756200400,3952844,3061713000,996047156,999998274,1726,9130,999414530,585470,1008266970,247568000,6540,252073800,999999310,690,999917330,82670,252066570,1000,1000,1000,1000,1000,1000,1000,100750905373,1759452900,7839,249013005,3762900,15577906600,4566480,758254030,756475530,3926894,3061901400,996073106,999999898,102,15604,999398874,601126,1008629826,247268600,2,252166940,999987358,12642,999923504,76496,252154296,1000,1000,1000,1000,1000,1000,1000
40000,96620,633697,390000000,2340000000,10000,60000,9982550878053,91859460,111571711,1239,389903380,2000,5823,2110069,779804282,2811595213,17188404787,21676444087,9983812811,16187189,1414993,100770833506,1805645900,7797,255220853,4095800,15987349400,8008089,781511689,776167957,3896316,3134525100,996103684,999990717,9283,73601,999420844,579156,1034890256,254057400,6341,258729700,999998940,1060,999916401,83599,258722299,1000,1000,1000,1000,1000,1000,1000,100770927411,1805828800,100924,255898308,3505800,15989107200,6549828,780140428,776161469,3987104,3134995800,996012896,999999249,751,18845,999428876,571124,1034879424,254225300,6501,258732060,999992396,7604,999929645,70355,258717955,1000,1000,1000,1000,1000,1000,1000,100770740342,1806000000,101764,255775978,3762600,15990159200,4073413,777708363,776430156,3956106,3135037800,996043894,999998708,1292,17402,999380646,619354,1035239754,253919400,6500,258817460,999998638,1362,999920502,79498,258809598,1000,1000,1000,1000,1000,1000,1000
41000,93810,635069,400000000,2400000000,10000,60000,9982294183498,88909223,108642052,9865,399906190,2000,42,2097479,799792650,2791514621,17208485379,21696611079,9983816561,16183439,1451911,100790750099,1852326800,101345,262180221,3895700,16400768000,7996084,801503234,796169624,3969333,3207906300,996030667,999998681,1319,77848,999425924,574076,1061557576,260718300,6780,265400500,999994232,5768,999924548,75452,265387952,1000,1000,1000,1000,1000,1000,1000,100790956263,1852346400,3887,262231914,3710600,16401134400,7646289,801173889,796110137,3891088,3208059300,996108912,999997838,2162,14750,999440813,559187,1061475487,260847700,3,265379440,999985913,14087,999925850,74150,265365350,1000,1000,1000,1000,1000,1000,1000,100790659565,1852475100,101330,262678875,3544700,16401837400,3132316,796687766,796363990,3906359,3208130700,996093641,999992224,7776,3665,999341075,658925,1061814325,260591300,0,265463320,999987015,12985,999913865,86135,265450335,1000,1000,1000,1000,1000,1000,1000
42000,96010,634971,410000000,2460000000,10000,60000,9982032786047,92616595,112405076,1127,409903990,2000,5841,2103455,819805726,2773301442,17226698558,21714737758,9983804085,16195915,1489111,100810744738,1899004000,100779,268640740,4125600,16814200800,7555683,821067733,816188360,3918178,3281209200,996081822,999998817,1183,89939,999403079,596921,1088248221,267392900,2,272068640,999991223,8777,999920039,79961,272059861,1000,1000,1000,1000,1000,1000,1000,100810855776,1898823400,7143,268975764,3640400,16812782800,7808219,821254219,816038574,3921347,3281107500,996078653,999988320,11680,6473,999409499,590501,1088048601,267502500,0,272018520,999991507,8493,999921373,78627,272010027,1000,1000,1000,1000,1000,1000,1000,100810749932,1899122000,7202,268624048,4132400,16814945600,3493386,817037236,816340824,3924252,3281282700,996075748,999995630,4370,83378,999376754,623246,1088451346,267225300,6220,272126000,999990742,9258,999923778,76222,272110522,1000,1000,1000,1000,1000,1000,1000
43000,96320,635174,420000000,2520000000,10000,60000,9981779916875,89485479,109299277,10198,419903680,2000,5363,2089934,839786964,2756860754,17243139246,21731230046,9983802626,16197374,1526490,100830813466,1945587500,7261,275266570,4033900,17226794200,7660660,841136860,836140658,3876941,3354430500,996123059,999999250,750,86309,999432351,567649,1114851549,274033400,6684,278725560,999992015,7985,999924209,75791,278710891,1000,1000,1000,1000,1000,1000,1000,100830725197,1945371900,104542,275346003,3983600,17225100600,8115497,841512797,835966734,3896621,3354182400,996103379,999998034,1966,85913,999437579,562421,1114622021,274157700,6480,278662640,999999127,873,999922013,77987,278655287,1000,1000,1000,1000,1000,1000,1000,100830562943,1945667500,100929,275635694,3915700,17227208600,3217706,836709806,836323249,3885737,3354469200,996114263,999998361,1639,73324,999331875,668125,1115097025,273872000,6643,278782340,999998079,1921,999909524,90476,278773776,1000,1000,1000,1000,1000,1000,1000
44000,94650,636194,430000000,2580000000,10000,60000,9981525860445,89139980,108982996,10576,429905350,2000,489,2097868,859789548,2742020325,17257979675,21746050475,9983818732,16181268,1563880,100850788566,1992194100,3632,282205174,3747400,17639574600,7013218,860462368,856113348,3929111,3427732500,996070889,999997377,2623,20866,999432518,567482,1141482382,280687600,6180,285381460,999993754,6246,999926766,73234,285369034,1000,1000,1000,1000,1000,1000,1000,100850649385,1991925700,104959,281821714,4188500,17637401000,8068622,861415472,855942703,3889368,3427284000,996110632,999998216,1784,87048,999410545,589455,1141256155,280795000,1,285315800,999997653,2347,999918548,81452,285313452,1000,1000,1000,1000,1000,1000,1000,100850582510,1992312600,104780,281987269,4195600,17640394000,3999927,857485477,856287079,3909596,3427726800,996090404,999998326,1674,87130,999352451,647549,1141715349,280561800,1,285430540,999997731,2269,999913230,86770,285428270,1000,1000,1000,1000,1000,1000,1000
45000,94550,630231,440000000,2640000000,10000,60000,9981272219158,89797238,109675897,10862,439905450,2000,63447,2090283,879789176,2728652796,17271347204,21759472804,9983812997,16187003,1601373,100870669117,2038755800,101137,288864179,3834100,18052001200,7304347,880709947,876056960,3863590,3500880000,996136410,999999208,792,85518,999431858,568142,1168070942,287363800,4,292029000,999984986,15014,999930618,69382,292013982,1000,1000,1000,1000,1000,1000,1000,100870662759,2038566900,103595,288581441,4062300,18050550600,9046034,882384584,875912604,3925678,3500619600,996074322,999997996,2004,80918,999438314,561686,1167883186,287465800,7020,291978460,999999142,858,999919218,80782,291970582,1000,1000,1000,1000,1000,1000,1000,100870566506,2038806400,3470,288759511,4019200,18052120800,2805041,876211791,876253073,3825867,3500796000,996174133,999992659,7341,82692,999314819,685181,1168334581,287171200,3,292090060,999991451,8549,999911392,88608,292081508,1000,1000,1000,1000,1000,1000,1000
46000,92370,623470,450000000,2700000000,10000,60000,9981022720844,87558285,107420324,11484,449907630,2000,5793,2091947,899792292,2716526829,17283473171,21771508471,9983868353,16131647,1638445,100890640600,2085384700,101328,295657219,3716600,18465065400,7357695,900751195,896046967,3967776,3574212900,996032224,999998352,1648,16076,999416909,583091,1194728991,294043400,6481,298689400,999999105,895,999915676,84324,298682024,1000,1000,1000,1000,1000,1000,1000,100890638998,2085117100,101005,295598681,3691500,18462867800,8842378,902131978,895847337,3962753,3573865200,996037247,999999154,846,9501,999431364,568636,1194460736,294149200,1,298620540,999992860,7140,999924501,75499,298613399,1000,1000,1000,1000,1000,1000,1000,100890465355,2085464300,104706,295623805,3898700,18465363800,3085364,896487564,896235626,3984474,3574148100,996015526,999998461,1539,20087,999334161,665839,1194980739,293829600,6560,298751960,999999713,287,999914787,85213,298745113,1000,1000,1000,1000,1000,1000,1000
47000,94590,628904,460000000,2760000000,10000,60000,9980769496326,90228847,110195748,1202,459905410,2000,505,2112285,919808416,2705437073,17294562927,21782605127,9983820975,16179025,1675591,100910672189,2132084500,104027,302317810,3714100,18878675400,7496816,920903466,916044295,3991523,3647596500,996008477,999999295,705,5572,999430877,569123,1221390323,300720900,6521,305358760,999993789,6211,999925172,74828,305346028,1000,1000,1000,1000,1000,1000,1000,100910649591,2131579200,3393,302024387,3791400,18874383200,8539377,921740927,915757402,3906347,3646853700,996093653,999999775,225,16328,999450726,549274,1221007774,300768500,6462,305263120,999993714,6286,999925728,74272,305250372,1000,1000,1000,1000,1000,1000,1000,100910548349,2131988500,3385,302086330,3926600,18877438600,3384848,916726198,916146063,3957121,3647244000,996042879,999999899,101,79878,999389115,610885,1221523385,300464400,7241,305398660,999985903,14097,999928478,71522,305377322,1000,1000,1000,1000,1000,1000,1000
48000,93930,627633,470000000,2820000000,10000,60000,9980517671158,92538969,112571479,2129,469906070,2000,56880,2114128,939807882,2695433527,17304566473,21792644773,9983794572,16205428,1712954,100930750467,2178691200,3295,308905873,3668400,19291499200,8911114,942293414,936017272,3985866,3720851700,996014134,999999220,780,8754,999445282,554718,1248021218,307371500,6880,312016260,999994566,5434,999922654,77346,312003946,1000,1000,1000,1000,1000,1000,1000,100930554440,2178045000,6182,308984219,3491800,19285939600,7293450,940409050,935683231,3953703,3719934000,996046297,999990777,9223,4474,999432343,567657,1247573757,307411300,1,311902180,999988347,11653,999923274,76726,311890526,1000,1000,1000,1000,1000,1000,1000,100930384409,2178605900,103704,308894371,3918100,19290287800,3295773,936613023,936153678,3946871,3720497400,996053129,999993142,6858,5171,999353593,646407,1248202807,307106700,6940,312062360,999993709,6291,999922271,77729,312049129,1000,1000,1000,1000,1000,1000,1000
49000,94390,619878,480000000,2880000000,10000,60000,9980270389067,91288450,111339208,2254,479905610,2000,573,2119846,959806712,2686386717,17313613283,21801706683,9983819614,16180386,1750526,100950700471,2225301200,3364,315332222,3939600,19704323200,9742656,963100206,956013903,3871539,3794025900,996128461,999986284,13716,66745,999403942,596058,1274684658,314040400,7,318672400,999998362,1638,999915345,84655,318670755,1000,1000,1000,1000,1000,1000,1000,100950461005,2224660500,104485,315098447,4120700,19698839400,7574798,960669698,955638212,3903001,3793053000,996096999,999999031,969,87730,999440018,559982,1274179982,314099100,8,318554680,999987098,12902,999928930,71070,318541770,1000,1000,1000,1000,1000,1000,1000,100950252176,2225067100,101415,315844324,3661900,19701795800,2380795,955609645,956105846,3940106,3793551900,996059894,999993503,6497,16297,999304451,695549,1274807549,313736300,6820,318709260,999999263,737,999907697,92303,318701703,1000,1000,1000,1000,1000,1000,1000
50000,94770,635318,490000000,2940000000,10000,60000,9980023688043,90261163,110286367,10202,489905230,2000,534,2083548,979790056,2678540006,17321459994,21809500594,9983845912,16154088,1787568,100970705636,2271911900,3292,322174823,3719700,20117182200,8845962,982180862,975971527,3989936,3867336900,996010064,999991412,8588,4776,999439049,560951,1301292151,320696500,1,325330280,999990345,9655,999921476,78524,325320624,1000,1000,1000,1000,1000,1000,1000,100970480317,2271215500,6109,321816343,3979400,20111166200,7180018,980225968,975611056,3845997,3866232600,996154003,999995239,4761,80042,999424186,575814,1300813214,320730900,7080,325213820,999995418,4582,999921442,78558,325202158,1000,1000,1000,1000,1000,1000,1000,100970372633,2271839500,100994,322466847,3613700,20116143000,3678318,976957318,976098422,4005626,3867091800,995994374,999999835,165,19509,999395287,604713,1301460213,320421000,0,325374840,999986951,13049,999919709,80291,325361791,1000,1000,1000,1000,1000,1000,1000
51000,95560,623955,500000000,3000000000,10000,60000,9979776067565,90995538,111116170,2295,499904440,2000,62732,2108042,999804290,2671033803,17328966197,21817056997,9983812458,16187542,1825048,100990532687,2318402400,104016,328639893,3989200,20528947200,9912776,1003171676,995883398,3880445,3940322400,996119555,999988246,11754,77701,999443603,556397,1327844097,327345500,6680,331968680,999998699,1301,999923901,76099,331960699,1000,1000,1000,1000,1000,1000,1000,100990339521,2317837300,101074,328757777,3804800,20524065000,6877509,999901909,995614768,3975096,3939529500,996024904,999992961,7039,11965,999413797,586203,1327484503,327362000,2,331875300,999994437,5563,999918765,81235,331869735,1000,1000,1000,1000,1000,1000,1000,100990377840,2318376200,6185,328727380,3963700,20528275600,3019528,996239728,996058950,3866702,3940122300,996133298,999987977,12023,66475,999342325,657675,1328078075,327084200,6520,332027220,999998425,1575,999916675,83325,332019125,1000,1000,1000,1000,1000,1000,1000
52000,94620,615526,510000000,3060000000,10000,60000,9979530620323,90220580,110373505,2223,509905380,2000,94,2110211,1019806314,2664272503,17335727497,21823800097,9983819129,16180871,1861843,101010507649,2364997000,103863,335476684,3800500,20941635600,9644149,1022871749,1015862005,3979752,4013591700,996020248,999996556,3444,10904,999458899,541101,1354476901,333977600,7,338632220,999982683,17317,999926904,73096,338614896,1000,1000,1000,1000,1000,1000,1000,101010346069,2364375200,101753,335052689,4112000,20936340000,7347483,1020321833,1015509550,3841458,4012617900,996158542,999999132,868,78874,999451824,548176,1354010176,334060200,6462,338514760,999992328,7672,999925874,74126,338500626,1000,1000,1000,1000,1000,1000,1000,101010300429,2364949000,2998,335544630,3845500,20940776400,3010898,1016190798,1016058861,3988729,4013337900,996011271,999997038,2962,20409,999300148,699852,1354744652,333725800,1,338687280,999998512,1488,999903409,96591,338685791,1000,1000,1000,1000,1000,1000,1000
53000,95340,629847,520000000,3120000000,10000,60000,9979282474803,92757223,112881507,10434,519904660,2000,447,2090932,1039788452,2658376626,17341623374,21829605674,9983865668,16134332,1899020,101030603444,2411675800,2970,341764812,4099600,21355058000,8101256,1041332906,1035871700,3959385,4086863400,996040615,999997023,2977,80438,999438338,561662,1381157662,340654800,4,345299780,999986186,13814,999926538,73462,345285962,1000,1000,1000,1000,1000,1000,1000,101030373296,2410839800,3073,341813602,3887400,21347900400,8232466,1041121266,1035415752,3844353,4085685300,996155647,999999176,824,79223,999449671,550329,1380549829,340715900,2,345147600,999986479,13521,999928123,71877,345134077,1000,1000,1000,1000,1000,1000,1000,101030278172,2411653600,100975,342402765,3666500,21354457600,3718634,1036915534,1036028219,4029420,4086774600,995970580,999999669,331,20749,999382830,617170,1381366770,340384400,3,345351120,999987434,12566,999921249,78751,345338551,1000,1000,1000,1000,1000,1000,1000
54000,94010,626181,530000000,3180000000,10000,60000,9979039365561,90896643,111140890,2280,529905990,2000,510,2108327,1059807420,2653022804,17346977196,21835042396,9983800273,16199727,1936193,101050433698,2458218800,103978,348530981,4094200,21767288800,7860773,1061038973,1055826855,3861214,4159998300,996138786,999998906,1094,88792,999425837,574163,1407766763,347301400,1,351947040,999992869,7131,999922492,77508,351939908,1000,1000,1000,1000,1000,1000,1000,101050205983,2457389200,103722,348839455,3600300,21760130400,8226296,1061060796,1055375848,3943522,4158882300,996056478,999999457,543,10635,999466287,533713,1407162613,347319900,2,351802320,999984447,15553,999933435,66565,351786765,1000,1000,1000,1000,1000,1000,1000,101050278352,2458307400,103708,348961685,3753700,21767701200,4080640,1057273540,1056010557,4018226,4160082300,995981774,999994046,5954,4820,999401863,598137,1408012137,347050200,6143,352013540,999994183,5817,999920020,79980,352001580,1000,1000,1000,1000,1000,1000,1000
55000,96480,639718,540000000,3240000000,10000,60000,9978793807951,91996382,112293766,1347,539903520,2000,63759,2106238,1079804346,2648100133,17351899867,21840037567,9983782382,16217618,1973528,101070399794,2504811900,101038,355460486,3803800,22179951800,7799248,1080944748,1075793112,3952676,4233283500,996047324,999983420,16580,8044,999442332,557668,1434390168,353937600,6580,358605580,999998056,1944,999923844,76156,358597056,1000,1000,1000,1000,1000,1000,1000,101070118483,2503910500,104067,355172836,3947400,22172190600,8718379,1081491479,1075334359,3868985,4231906500,996131015,999998335,1665,83350,999435091,564909,1433775909,353970900,1,358451260,999990291,9709,999922750,77250,358441550,1000,1000,1000,1000,1000,1000,1000,101070322859,2504869800,5412,355662281,3623900,22180102800,3712596,1076860296,1075973286,3913893,4233273600,996086107,999991350,8650,8457,999386971,613029,1434629329,353704700,6540,358667740,999994843,5157,999918357,81643,358656043,1000,1000,1000,1000,1000,1000,1000
56000,94310,642320,550000000,3300000000,10000,60000,9978549989100,91798012,112074548,11059,549905690,2000,502,2095574,1099789262,2643576612,17356423388,21844556888,9983829926,16170074,2010888,101090463059,2551404300,5456,361734121,4087100,22592647000,8192520,1101307420,1095763390,3923343,4306435800,996076657,999989648,10352,79805,999446115,553885,1461017485,360591700,6680,365261880,999998895,1105,999920405,79595,365254095,1000,1000,1000,1000,1000,1000,1000,101090081209,2550432400,104036,361900870,3838800,22584253600,8930975,1101642775,1095246109,3928662,4305052200,996071338,999999577,423,21215,999457806,542194,1460325894,360631100,6901,365093440,999993246,6754,999929015,70985,365079785,1000,1000,1000,1000,1000,1000,1000,101090301868,2551487100,2789,362293891,3681500,22592984600,3281333,1096406983,1095959241,3892990,4306513800,996107010,999993709,6291,3419,999354878,645122,1461275122,360385500,1,365327480,999988402,11598,999919919,80081,365315881,1000,1000,1000,1000,1000,1000,1000
57000,94470,626398,560000000,3360000000,10000,60000,9978308103621,90107268,110378716,11255,559905530,2000,5647,2088798,1119788550,2639681289,17360318711,21848417211,9983865582,16134418,2048232,101110513619,2598105600,2797,368319720,4157500,23006302400,8487869,1121618569,1115760875,3953273,4379816100,996046727,999998145,1855,83872,999455797,544203,1487676203,367285200,1,371930220,999985109,14891,999928872,71128,371915328,1000,1000,1000,1000,1000,1000,1000,101110067119,2596884200,2787,368265940,4022000,22995678800,7678232,1120297632,1115171335,3760517,4377996900,996239483,999986919,13081,76602,999446667,553333,1486894633,367252100,7081,371731820,999998559,1441,999922102,77898,371723298,1000,1000,1000,1000,1000,1000,1000,101110377625,2598171800,5329,368527672,4033400,23006546800,4314054,1117451754,1115912181,3935678,4379818800,996064322,999999896,104,76518,999433737,566263,1487876663,367068600,6263,371989480,999981265,18735,999931918,68082,371964482,1000,1000,1000,1000,1000,1000,1000
58000,95510,626339,570000000,3420000000,10000,60000,9978066641787,88398474,108711009,9907,569904490,2000,62624,2095769,1139789166,2636033061,17363966939,21851946039,9983868651,16131349,2085417,101130363174,2644669800,101751,375678304,3564800,23418736400,8514107,1141601407,1135725888,3968326,4453124100,996031674,999997101,2899,9675,999444087,555913,1514296113,373939200,2,378585440,999984787,15213,999924975,75025,378570225,1000,1000,1000,1000,1000,1000,1000,101130001712,2643433600,2787,375083706,3900600,23407992800,6727335,1139297685,1135138792,3952456,4451176500,996047544,999986789,13211,73233,999399141,600859,1513517859,373930800,2,378380660,999998409,1591,999913833,86167,378379067,1000,1000,1000,1000,1000,1000,1000,101130307508,2644768700,5208,375611032,3616500,23419250200,5304895,1138411945,1135903416,3984792,4453131300,996015208,999999164,836,15472,999419556,580444,1514537544,373702400,6720,378641880,999998968,1032,999920472,79528,378634128,1000,1000,1000,1000,1000,1000,1000
59000,93380,627790,580000000,3480000000,10000,60000,9977819333481,92857701,113213264,11088,579906620,2000,33,2094599,1159791064,2632802582,17367197418,21855269518,9983861861,16138139,2122825,101150320510,2691224600,104200,382292550,3579400,23831064400,8888280,1161926730,1155664300,3922301,4526274300,996077699,999999571,429,9570,999468070,531930,1540882030,380579100,6980,385235820,999988890,11110,999929970,70030,385217730,1000,1000,1000,1000,1000,1000,1000,101149941225,2690013200,101653,381820033,3851100,23820600800,5774809,1158310709,1155051426,3892996,4524402000,996107004,999998722,1278,81326,999462000,538000,1540061400,380607000,2,385031480,999978496,21504,999931426,68574,385009974,1000,1000,1000,1000,1000,1000,1000,101150200432,2691394300,101188,382063743,3911600,23832198200,6046638,1159134738,1155890055,4000332,4526333400,995999668,999999472,528,19140,999432185,567815,1541181915,380344000,5,385306340,999985525,14475,999926240,73760,385291860,1000,1000,1000,1000,1000,1000,1000
60000,94340,640160,590000000,3540000000,10000,60000,9977581430897,88252212,108677214,2378,589905660,2000,472,2119438,1179806564,2629764209,17370235791,21858303791,9983854362,16145638,2159926,101170297932,2737837200,103595,388832927,3689100,24243931200,9749452,1182765502,1175644361,3998327,4599504300,996001673,999998036,1964,12809,999471548,528452,1567521552,387233900,1,391889980,999987212,12788,999927909,72091,391877191,1000,1000,1000,1000,1000,1000,1000,101169838227,2736581300,104064,388475813,3911800,24232986600,5041232,1177530232,1175042626,3903093,4597538700,996096907,999998590,1410,82597,999408271,591729,1566721529,387244900,7000,391691820,999994083,5917,999924397,75603,391678903,1000,1000,1000,1000,1000,1000,1000,101170249228,2737900600,2546,388828071,3695200,24244138000,6042584,1179063634,1175806283,3911338,4599468300,996088662,999999396,604,19858,999424675,575325,1567736725,387022200,1,391945400,999985043,14957,999928058,71942,391930442,1000,1000,1000,1000,1000,1000,1000
61000,94760,632145,600000000,3600000000,10000,60000,9977336612295,90805767,111239115,9606,599905240,2000,532,2100480,1199791268,2627075462,17372924538,21860970138,9983864500,16135500,2197368,101190331555,2784381800,5136,395402564,3696300,24656162000,8348563,1201310963,1195603365,3999307,4672636500,996000693,999999504,496,11497,999450232,549768,1594133068,393884500,1,398543960,999985744,14256,999927297,72703,398529703,1000,1000,1000,1000,1000,1000,1000,101189936513,2783205800,2609,394836164,4084800,24645962000,5740281,1198212181,1195019889,3893145,4670775900,996106855,999999419,581,90474,999431085,568915,1593355115,393895600,3,398349440,999985789,14211,999926774,73226,398335226,1000,1000,1000,1000,1000,1000,1000,101190245735,2784523100,4990,395129404,4019500,24657108600,6840279,1199844179,1195772069,3878498,4672666200,996121502,999999873,127,80275,999456106,543894,1594358094,393678300,1,398600020,999986006,13994,999929275,70725,398586025,1000,1000,1000,1000,1000,1000,1000
62000,95210,633371,610000000,3660000000,10000,60000,9977096071966,89389222,109893462,1264,609904790,2000,87,2107088,1219807052,2624699988,17375300012,21863339712,9983837392,16162608,2234544,101210268423,2830947800,4921,402018395,3740200,25068623600,8851940,1221772440,1215576462,3961741,4745808900,996038259,999998689,1311,8548,999443686,556314,1620766014,400524500,2,405197360,999992194,7806,999917248,82752,405189552,1000,1000,1000,1000,1000,1000,1000,101209773576,2829742000,101154,401546600,4122100,25058144800,5848412,1218264712,1214960176,3872939,4743902100,996127061,999989549,10451,69510,999426834,573166,1619946466,400549900,6784,404994380,999998694,1306,999923110,76890,404986290,1000,1000,1000,1000,1000,1000,1000,101210118020,2831204200,101924,402048518,3897000,25070547600,6320690,1219329390,1215798862,4010093,4746048900,995989907,999993441,6559,19148,999430086,569914,1621065014,400335500,7122,405273680,999999594,406,999920648,79352,405266152,1000,1000,1000,1000,1000,1000,1000
63000,94020,623928,620000000,3720000000,10000,60000,9976854191390,89543585,110051972,2359,619905980,2000,62449,2107445,1239807242,2622650375,17377349625,21865393625,9983870735,16129265,2271677,101230249239,2877560300,4772,408857621,3553600,25481431000,8479680,1241374080,1235540586,3940975,4819078800,996059025,999993612,6388,9137,999450751,549249,1647385849,407180700,7140,411857200,999995203,4797,999926237,73763,411845263,1000,1000,1000,1000,1000,1000,1000,101229729465,2876240200,100889,408621193,3686200,25470045200,6683859,1239031659,1234876342,3980611,4817092500,996019389,999999129,871,6818,999425676,574324,1646498424,407226900,2,411632180,999989904,10096,999922518,77482,411622082,1000,1000,1000,1000,1000,1000,1000,101230108703,2877852100,103961,408817516,3795400,25483717800,5907034,1238907884,1235792803,3996309,4819375800,996003691,999996097,3903,10988,999429785,570215,1647722815,406998700,5961,411938740,999997233,2767,999920388,79612,411930012,1000,1000,1000,1000,1000,1000,1000
64000,95950,624238,630000000,3780000000,10000,60000,9976610259531,91943369,112486230,11250,629904050,2000,526,2091161,1259785600,2620486100,17379513900,21867583800,9983857219,16142781,2308919,101250206502,2924202500,2466,415217478,3859900,25894509000,10229263,1263110763,1255560528,4003421,4892297400,995996579,999998077,1923,6756,999448928,551072,1674078872,413795700,0,418523840,999994504,5496,999921156,78844,418518344,1000,1000,1000,1000,1000,1000,1000,101249654830,2922782000,103613,415051870,3920400,25882233600,5066324,1257358174,1254829778,3982521,4890168300,996017479,999995202,4798,6481,999417003,582997,1673105197,413863200,6720,418285660,999996479,3521,999922881,77119,418275419,1000,1000,1000,1000,1000,1000,1000,101250056528,2924357900,101177,415427610,3833400,25895663000,5972099,1258906299,1255717148,3916320,4892463000,996083680,999999155,845,7035,999416187,583813,1674287713,413675000,2,418576020,999994547,5453,999918935,81065,418570565,1000,1000,1000,1000,1000,1000,1000
65000,94910,630932,640000000,3840000000,10000,60000,9976369678012,91202320,111804659,2148,639905090,2000,63204,2108355,1279805884,2618716232,17381283768,21869332468,9983852185,16147815,2346169,101270209279,2970830900,4622,421942540,3791400,26307515400,9987869,1282853719,1275523025,4009478,4965589200,995990522,999999045,955,9867,999454342,545658,1700695958,420482200,6501,425183660,999995774,4226,999926267,73733,425172933,1000,1000,1000,1000,1000,1000,1000,101269629093,2969212700,2484,421737347,3787900,26293471800,4519501,1276709901,1274750722,3896262,4963151400,996103738,999997921,2079,18759,999400937,599063,1699667463,420480500,6460,424923700,999999501,499,999915159,84841,424916741,1000,1000,1000,1000,1000,1000,1000,101270043288,2971025600,103669,422009509,3940300,26309016800,6806894,1279742244,1275727159,4004391,4965779700,995995609,999997510,2490,7019,999397860,602140,1700968740,420349200,3,425244000,999997584,2416,999913319,86681,425241581,1000,1000,1000,1000,1000,1000,1000
66000,95770,635659,650000000,3900000000,10000,60000,9976127802441,91916555,112520885,10937,649904230,2000,490,2083944,1299786586,2617225896,17382774104,21870803104,9983863276,16136724,2383662,101290168193,3017424500,2474,428472486,3926700,26720205800,9398705,1302233505,1295507761,3893308,5038764900,996106692,999998197,1803,91889,999444428,555572,1727341072,427129200,1,431841140,999992172,7828,999921589,78411,431833311,1000,1000,1000,1000,1000,1000,1000,101289505385,3015825400,101329,428170352,4107000,26706319600,5460680,1297627480,1294736341,3898286,5036322300,996101714,999983224,16776,74338,999408397,591603,1726312303,427121100,3,431584420,999991545,8455,999915838,84162,431575962,1000,1000,1000,1000,1000,1000,1000,101290066501,3017608500,103769,428809018,3729200,26721621800,6602566,1299502866,1295640719,3987883,5039032500,996012117,999998873,1127,5590,999458971,541029,1727517829,427015900,6921,431893420,999990611,9389,999930790,69210,431877110,1000,1000,1000,1000,1000,1000,1000
67000,94330,617994,660000000,3960000000,10000,60000,9975889695400,89007096,109665484,11220,659905670,2000,519,2091588,1319788900,2615589196,17384410804,21872345404,9983854232,16145768,2421032,101310054593,3063981500,103586,435257667,3882800,27132567800,6599280,1319387080,1315438494,3923202,5111939100,996076798,999999395,605,81293,999455999,544001,1753911301,433802400,0,438492880,999979927,20073,999933093,66907,438472807,1000,1000,1000,1000,1000,1000,1000,101309475512,3062375700,101337,434727184,4142800,27118557000,7807263,1319920113,1314666630,3928904,5109441600,996071096,999999587,413,89583,999464753,535247,1752883247,433727700,4,438233400,999983221,16779,999933383,66617,438216617,1000,1000,1000,1000,1000,1000,1000,101310013883,3064221200,101596,435297317,3942700,27134524800,7194144,1320074294,1315647214,4016564,5112251400,995983436,999986257,13743,11093,999411579,588421,1754195821,433692000,0,438550000,999998607,1393,999912293,87707,438548607,1000,1000,1000,1000,1000,1000,1000
68000,93890,625483,670000000,4020000000,10000,60000,9975650947798,86878898,107509535,10132,669906110,2000,62621,2096581,1339791956,2614450796,17385549204,21873539204,9983924019,16075981,2458075,101330052323,3110670800,104044,442128094,3701000,27546120000,6131373,1338930023,1335456879,4000489,5185364700,995999511,999997578,2422,7189,999437210,562790,1780604190,440482400,3,445162260,999985054,14946,999926189,73811,445147311,1000,1000,1000,1000,1000,1000,1000,101329525038,3108932900,4608,441672300,3765000,27530944200,7134766,1339202166,1334614334,3988400,5182700700,996011600,999988882,11118,18382,999450548,549452,1779483052,440403100,6342,444883240,999991820,8180,999929382,70618,444868718,1000,1000,1000,1000,1000,1000,1000,101330020997,3110746500,101593,442165842,3664700,27546655400,8357057,1341179707,1335534279,3967416,5185439100,996032584,999998846,1154,13430,999462851,537149,1780708849,440372400,6661,445191800,999989431,10569,999926630,73370,445174570,1000,1000,1000,1000,1000,1000,1000
69000,96140,645580,680000000,4080000000,10000,60000,9975402986412,94109584,114824599,10234,679903860,2000,472,2091063,1359787252,2613326596,17386673404,21874790904,9983871357,16128643,2495309,101350082876,3157250200,2227,448780860,3609600,27958584400,5592451,1358347701,1355443114,3907751,5258543700,996092249,999999552,448,9301,999437287,562713,1807251913,447081600,4,451825520,999983283,16717,999930901,69099,451808799,1000,1000,1000,1000,1000,1000,1000,101349360368,3155469900,101544,448184449,4019800,27943138200,7377051,1359389451,1354573349,3904044,5255768100,996095956,999998148,1852,86004,999428055,571945,1806094645,447057000,3,451530760,999990539,9461,999923804,76196,451521296,1000,1000,1000,1000,1000,1000,1000,101350068657,3157328300,4404,448724603,3672100,27959223000,8831396,1361616796,1355503386,3953283,5258632500,996046717,999990670,9330,10487,999452301,547699,1807336299,447024700,7040,451844600,999995353,4647,999924587,75413,451832913,1000,1000,1000,1000,1000,1000,1000
70000,93580,631096,690000000,4140000000,10000,60000,9975169910684,86577824,107356331,1161,689906420,2000,46,2112589,1379810518,2612252008,17387747992,21875760792,9983866751,16133249,2532669,101370036235,3203772200,4334,455296305,3715000,28370706000,6937043,1379634643,1375363814,3911350,5331654600,996088650,999999473,527,4123,999459809,540191,1833815691,453742700,6720,458466780,999991817,8183,999925123,74877,458451877,1000,1000,1000,1000,1000,1000,1000,101369337125,3202107500,101417,455062455,3789900,28356210200,7212403,1379212103,1374563172,4025548,5329115100,995974452,999988062,11938,8914,999444342,555658,1832750458,453696500,6680,458195280,999998686,1314,999920814,79186,458187286,1000,1000,1000,1000,1000,1000,1000,101369962484,3203965800,101668,455144976,4015600,28372322000,7747712,1380522112,1375486892,3933617,5331843900,996066383,999998501,1499,89684,999444292,555708,1833982108,453705400,6740,458503200,999998756,1244,999921784,78216,458495216,1000,1000,1000,1000,1000,1000,1000
71000,95560,638470,700000000,4200000000,10000,60000,9974925840872,90123347,110929678,10526,699904440,2000,43,2099803,1399787828,2611158519,17388841481,21876834781,9983863417,16136583,2569945,101389883077,3250331200,101754,462079219,3684300,28783068000,7746443,1400396793,1395330742,3962485,5404816800,996037515,999999362,638,11077,999457735,542265,1860436365,460376100,4,465119500,999986127,13873,999924877,75123,465105623,1000,1000,1000,1000,1000,1000,1000,101389254409,3248607100,101327,461633971,3869600,28768043800,6704686,1398631536,1394499916,3922333,5402148900,996077667,999991045,8955,76312,999438796,561204,1859332904,460328600,7100,464841040,999999048,952,999920412,79588,464832988,1000,1000,1000,1000,1000,1000,1000,101389937081,3250551000,101349,462131239,3682900,28784984400,7590508,1400333158,1395448960,4004402,5405149500,995995598,999990012,9988,10510,999444750,555250,1860598250,460376600,7160,465157540,999998910,1090,999916410,83590,465149290,1000,1000,1000,1000,1000,1000,1000
72000,96100,627224,710000000,4260000000,10000,60000,9974685145890,90426026,111313953,2086,709903900,2000,82,2115999,1419803628,2610391216,17389608784,21877790484,9983835681,16164319,2607609,101409873949,3296843400,4309,468688247,3653400,29194935600,7883013,1420461063,1415285924,3882491,5477876100,996117509,999998777,1223,18286,999429362,570638,1887045538,466993900,4,471766700,999992918,7082,999927686,72314,471759614,1000,1000,1000,1000,1000,1000,1000,101409352009,3295223300,2192,467942851,4120500,29180937000,5611087,1417516737,1414467026,3887415,5475355200,996112585,999999482,518,82467,999440241,559759,1885953059,467006000,6440,471501400,999991073,8927,999925967,74033,471486033,1000,1000,1000,1000,1000,1000,1000,101409912765,3297151600,101116,468391675,4079900,29197694400,8682944,1421394894,1415419266,3860671,5478272100,996139329,999998898,1102,84127,999441461,558539,1887222939,467031800,0,471811920,999991753,8247,999924027,75973,471803673,1000,1000,1000,1000,1000,1000,1000
73000,95510,629643,720000000,4320000000,10000,60000,9974444885590,90366298,111280403,1272,719904490,2000,57021,2103069,1439806436,2609626688,17390373312,21878420512,9983833971,16166029,2645007,101429805311,3343363000,4153,475160568,3816300,29606971600,7984133,1440499483,1435232263,3926766,5550948300,996073234,999999154,846,12588,999444725,555275,1913639675,473614000,1,478417440,999989973,10027,999924888,75112,478407412,1000,1000,1000,1000,1000,1000,1000,101429317437,3341828600,2201,474956621,3771800,29593735600,5547827,1437427727,1434448566,3951669,5548677000,996048331,999999115,885,18946,999435780,564220,1912595620,473659600,7542,478162000,999992596,7404,999921746,78254,478147054,1000,1000,1000,1000,1000,1000,1000,101429944788,3343847300,101446,475305592,3816500,29611329800,8658926,1441386126,1435411704,4028811,5551734900,995971189,999999389,611,11678,999458274,541726,1913881426,473721800,6660,478478920,999997462,2538,999923178,76822,478469722,1000,1000,1000,1000,1000,1000,1000
74000,94720,628553,730000000,4380000000,10000,60000,9974205302495,89668037,110588836,10632,729905280,2000,57005,2087603,1459789296,2608881532,17391118468,21879151168,9983849297,16150703,2682493,101449774903,3389941400,4176,481504017,4122200,30019530800,7221110,1459699110,1455182074,3859121,5624069400,996140879,999994914,5086,89893,999448019,551981,1940241381,480281200,6600,485070060,999995847,4153,999926093,73907,485059307,1000,1000,1000,1000,1000,1000,1000,101449119014,3388324500,103273,481689046,3785500,30005510600,6060284,1457864134,1454387042,3956261,5621721900,996043739,999999590,410,19329,999431587,568413,1939182513,480276800,6760,484802860,999999371,629,999921329,78671,484795471,1000,1000,1000,1000,1000,1000,1000,101449927205,3390521700,102297,481767953,4059000,30024717000,9021598,1461751198,1455433410,3947969,5625015000,996052031,999975203,24797,64434,999421624,578376,1940576976,480398100,2,485146280,999997288,2712,999918934,81066,485143566,1000,1000,1000,1000,1000,1000,1000
75000,96010,631099,740000000,4440000000,10000,60000,9973962952506,91872324,112817060,1204,739903990,2000,5209,2103864,1479805572,2608306130,17391693870,21879690470,9983879116,16120884,2719988,101469652269,3436564200,101503,488532651,3870500,30432490000,6449476,1478909576,1475175712,3995503,5697404700,996004497,999985027,14973,9524,999429112,570888,1966898188,486948900,0,491730760,999991716,8284,999921524,78476,491722476,1000,1000,1000,1000,1000,1000,1000,101469106771,3434912700,103914,487980347,4144700,30418149400,6539562,1478309812,1474345968,3919656,5694849000,996080344,999998951,1049,82895,999437627,562373,1965789573,486941100,2,491458760,999984847,15153,999928595,71405,491443605,1000,1000,1000,1000,1000,1000,1000,101469924696,3437090200,103631,488646184,3791300,30437229200,9453754,1482144304,1475354362,3967746,5698277700,996032254,999998155,1845,10209,999458347,541653,1967138953,487074700,7020,491792200,999999411,589,999924509,75491,491784591,1000,1000,1000,1000,1000,1000,1000
76000,94300,636782,750000000,4500000000,10000,60000,9973724431026,90287844,111280564,10417,749905700,2000,49,2089254,1499790566,2607781570,17392218430,21880251430,9983853986,16146014,2757452,101489675008,3483107700,4034,495397471,3571300,30844733000,7491022,1499898372,1495139811,3966241,5770602900,996033759,999993755,6245,10314,999417303,582697,1993518697,493585700,1,498382040,999996847,3153,999914114,85886,498378886,1000,1000,1000,1000,1000,1000,1000,101489048616,3481453200,101625,494875664,3886900,30830379200,6146508,1497863558,1494291426,3915333,5768040900,996084667,999999780,220,78247,999447421,552579,1992386379,493581200,6840,498108360,999993433,6567,999924147,75853,498094953,1000,1000,1000,1000,1000,1000,1000,101489879754,3483684900,103582,495154664,3959500,30849922600,8941689,1501601239,1495344634,3972525,5771461200,996027475,999998837,1163,16712,999442878,557122,1993790222,493720200,2,498453460,999992130,7870,999920212,79788,498445588,1000,1000,1000,1000,1000,1000,1000
77000,96570,635605,760000000,4560000000,10000,60000,9973485642650,89024769,109996101,10968,759903430,2000,5280,2087208,1519784924,2607429019,17392570981,21880637581,9983910172,16089828,2794296,101509601715,3529716900,103428,501914323,3748700,31257569000,9009080,1521392530,1515069356,3985734,5843815800,996014266,999998815,1185,20381,999474525,525475,2020090275,500252100,6602,505034120,999993401,6599,999929081,70919,505020919,1000,1000,1000,1000,1000,1000,1000,101509134216,3528078600,3996,501475244,3873800,31243379600,5242721,1516944121,1514266512,3923531,5841321300,996076469,999998235,1765,89304,999417792,582208,2019021708,500287500,6720,504762840,999999076,924,999920604,79396,504755196,1000,1000,1000,1000,1000,1000,1000,101509914084,3530225600,2090,501784996,3884500,31262135200,8417214,1521022464,1515296704,3821652,5844597000,996178348,999986810,13190,76658,999439054,560946,2020395146,500361200,6640,505106460,999998622,1378,999916658,83342,505098442,1000,1000,1000,1000,1000,1000,1000
78000,95350,624456,770000000,4620000000,10000,60000,9973244232239,90440757,111469501,1314,769904650,2000,5192,2111272,1539806672,2606875796,17393124204,21881167504,9983914088,16085912,2831560,101529714440,3576333100,3819,508481437,3736600,31670516600,9784222,1542149872,1535028931,3986889,5917096500,996013111,999999542,458,15353,999472022,527978,2046700278,506957200,3,511686240,999985110,14890,999930453,69547,511671347,1000,1000,1000,1000,1000,1000,1000,101528988082,3574621200,102756,508321032,3782300,31655610400,5141843,1536789843,1534221062,3964351,5914491300,996035649,999998697,1303,18346,999416384,583616,2045623116,506931300,6,511416960,999985100,14900,999923146,76854,511402054,1000,1000,1000,1000,1000,1000,1000,101529870708,3576799800,1984,508249952,4069600,31674610000,7867487,1540430637,1535257492,3890198,5917733700,996109802,999999562,438,79364,999443072,556928,2047009028,507000700,6220,511760640,999997116,2884,999921964,78036,511751536,1000,1000,1000,1000,1000,1000,1000
79000,96290,634271,780000000,4680000000,10000,60000,9973000925378,93784686,114849118,2181,779903710,2000,5122,2108774,1559803058,2606547464,17393452536,21881483636,9983913406,16086594,2869064,101549548543,3622926100,101469,515232815,3768200,32083182600,9080462,1561413612,1555024870,3979921,5990299800,996020079,999997625,2375,17504,999447134,552866,2073363966,513595400,2,518346680,999992418,7582,999920704,79296,518339096,1000,1000,1000,1000,1000,1000,1000,101548942597,3621172100,103778,514882523,3842400,32067925800,6224941,1557823791,1554152410,3927087,5987633400,996072913,999998712,1288,19225,999436515,563485,2072203185,513583600,6800,518057660,999999915,85,999923625,76375,518050775,1000,1000,1000,1000,1000,1000,1000,101549785826,3623461100,100861,514983853,4075700,32087883000,7563154,1560123204,1555237041,3939170,5991053700,996060830,999998999,1001,81329,999462188,537812,2073648512,513668400,6781,518420880,999997372,2628,999929529,70471,518411471,1000,1000,1000,1000,1000,1000,1000
80000,94790,638295,790000000,4740000000,10000,60000,9972766569155,88238397,109358624,10335,789905210,2000,532,2098777,1579789750,2606146552,17393853448,21881885848,9983885223,16114777,2906673,101569645449,3669554800,3919,522003168,3529400,32496158400,10002742,1582318292,1574997945,4036091,6063618000,995963909,999998947,1053,2556,999480811,519189,2099992189,520234400,3,525009460,999984787,15213,999929456,70544,524994244,1000,1000,1000,1000,1000,1000,1000,101569013626,3667683700,2041,521754230,3496900,32479913000,6365891,1577899991,1574069298,3927076,6060804600,996072924,999994065,5935,15589,999451191,548809,2098753809,520247700,4,524700280,999984235,15765,999930989,69011,524684511,1000,1000,1000,1000,1000,1000,1000,101569781373,3669977700,3849,521808267,3831100,32499852200,6649340,1579142890,1575203632,3956170,6064197600,996043830,999998744,1256,21874,999439042,560958,2100271258,520286200,6180,525074560,999999246,754,999922974,77026,525067626,1000,1000,1000,1000,1000,1000,1000
81000,95290,627030,800000000,4800000000,10000,60000,9972522574069,92353783,113526109,11251,799904710,2000,5158,2096808,1599786918,2605642752,17394357248,21882411548,9983868432,16131568,2943950,101589586073,3716131500,2024,528479106,3723600,32908684600,10421577,1602697927,1594977141,3979865,6136765800,996020135,999999264,736,3999,999466058,533942,2126632342,526875500,1,531666740,999988462,11538,999923599,76401,531655201,1000,1000,1000,1000,1000,1000,1000,101588947073,3714236000,3657,528144727,3775700,32892239200,6178944,1597664394,1594034980,3949870,6133903200,996050130,999990280,9720,16510,999437430,562570,2125375370,526893000,0,531354200,999986190,13810,999924710,75290,531340390,1000,1000,1000,1000,1000,1000,1000,101589647176,3716524800,103542,528579660,3801500,32912120800,6563541,1599005491,1595141104,3969718,6137349600,996030282,999999224,776,14506,999447602,552398,2126852498,526942900,6904,531725220,999993078,6922,999929506,70494,531711394,1000,1000,1000,1000,1000,1000,1000
82000,95080,625928,810000000,4860000000,10000,60000,9972284848739,90231407,111424535,11779,809904920,2000,5720,2094646,1619786282,2605417846,17394582154,21882593954,9983882594,16117406,2981076,101609542717,3762739400,3703,535111841,3755600,33321451600,9751056,1621999356,1614953738,3968300,6209981400,996031700,999998840,1160,15140,999462702,537298,2153270798,533520300,6822,538326440,999997442,2558,999925740,74260,538317060,1000,1000,1000,1000,1000,1000,1000,101608808285,3760786700,101700,534934652,3719100,33304533400,6695488,1618130488,1613975127,3970180,6207060900,996029820,999999075,925,22595,999449068,550932,2151962132,533542100,3,538001120,999985888,14112,999929695,70305,537987005,1000,1000,1000,1000,1000,1000,1000,101609617591,3763138400,101751,535456206,3611000,33325044800,6815508,1619238508,1615134769,3989879,6210659400,996010121,999986493,13507,6514,999417545,582455,2153510655,533625400,3,538383000,999992889,7111,999916514,83486,538375886,1000,1000,1000,1000,1000,1000,1000
83000,95820,630122,820000000,4920000000,10000,60000,9972043791147,91491563,112749374,10358,819904180,2000,5661,2094967,1639787644,2605104710,17394895290,21882933790,9983855753,16144247,3018597,101629506440,3809297800,3874,541657119,3862700,33733819600,9904965,1642106465,1634907703,3961059,6283122900,996038941,999999697,303,9038,999462635,537365,2179872265,540173300,1,544978580,999985983,14017,999930238,69762,544964562,1000,1000,1000,1000,1000,1000,1000,101628885681,3807347000,1859,541553657,3645000,33716983600,6502873,1637895973,1633915858,3970631,6280266300,996029369,999995711,4289,9080,999452622,547378,2178549078,540223700,2,544649420,999983802,16198,999927580,72420,544633220,1000,1000,1000,1000,1000,1000,1000,101629676635,3809728200,1978,541720184,3878400,33737595600,6978079,1639361779,1635099397,3926481,6283768500,996073519,999999352,648,79971,999449474,550526,2180129326,540227800,6541,545046080,999990390,9610,999930871,69129,545029929,1000,1000,1000,1000,1000,1000,1000
84000,94430,629306,830000000,4980000000,10000,60000,9971805616527,89879556,111132107,2319,829905570,2000,5655,2102949,1659806502,2605070983,17394929017,21882910417,9983906211,16093789,3055813,101649462634,3855901900,3652,548524005,3671000,34146596600,11040544,1663215094,1654890895,4037166,6356394900,995962834,999986928,13072,6362,999443667,556333,2206518833,546833800,1,551635020,999992919,7081,999924862,75138,551627938,1000,1000,1000,1000,1000,1000,1000,101648904074,3854013800,1846,547859984,4014100,34130384400,6302849,1657700149,1653891938,3926630,6353538000,996073370,999980170,19830,68540,999432902,567098,2205188498,546954000,6322,551305140,999997742,2258,999922640,77360,551296560,1000,1000,1000,1000,1000,1000,1000,101649606733,3856328400,1890,548616865,3674200,34150331200,6095146,1658449796,1655102136,3930250,6357045300,996069750,999998591,1409,15341,999418405,581595,2206802695,546869100,6562,551707580,999999541,459,999918541,81459,551700559,1000,1000,1000,1000,1000,1000,1000
85000,95320,631958,840000000,5040000000,10000,60000,9971562562377,93175690,114539527,1258,839904680,2000,477,2112293,1679806844,2604834667,17395165333,21883352833,9983841727,16158273,3093271,101669437991,3902468800,3507,554976029,3837800,34559062400,10330667,1682463467,1674834308,3906238,6429543600,996093762,999995404,4596,12366,999480658,519342,2233109342,553472400,6740,558290980,999990794,9206,999928166,71834,558275034,1000,1000,1000,1000,1000,1000,1000,101668818119,3900491200,3590,554886519,3631300,34542021600,6034411,1677349361,1673823212,3918558,6426653700,996081442,999999361,639,17603,999436191,563809,2231759609,553572800,2,557950420,999985979,14021,999924903,75097,557936397,1000,1000,1000,1000,1000,1000,1000,101669562658,3902896000,1801,555011902,3933000,34562746400,7245087,1679554737,1675063774,3877813,6430145700,996122187,999998066,1934,72753,999416779,583221,2233415721,553510100,0,558359880,999992067,7933,999924753,75247,558351947,1000,1000,1000,1000,1000,1000,1000
86000,95580,625105,850000000,5100000000,10000,60000,9971327620310,88392449,109769410,1321,849904420,2000,5778,2119263,1699806198,2604640559,17395359441,21883497141,9983872697,16127303,3130395,101689399716,3949083500,3506,561632343,3871500,34971911800,9174300,1701283350,1694824831,3951016,6502777800,996048984,999993090,6910,20274,999447243,552757,2259763457,560142000,1,564947580,999991047,8953,999926774,73226,564938626,1000,1000,1000,1000,1000,1000,1000,101688792631,3947023100,1785,561245829,3886500,34954191800,7156609,1698415709,1693738376,3885622,6499724700,996114378,999995994,4006,77472,999464796,535204,2258313304,560235200,6820,564595340,999986408,13592,999929972,70028,564574928,1000,1000,1000,1000,1000,1000,1000,101689546147,3949492800,1904,561981192,3602700,34975484000,7388908,1699670058,1695023785,3899904,6503455500,996100096,999998621,1379,15717,999431632,568368,2260028868,560171300,1,565013620,999991464,8536,999925417,74583,565005083,1000,1000,1000,1000,1000,1000,1000
87000,95910,616235,860000000,5160000000,10000,60000,9971085849079,90459753,111904875,10445,859904090,2000,496,2091432,1719787290,2604404132,17395595868,21883712668,9983814148,16185852,3167838,101709205871,3995607700,101679,568592209,3671100,35383929800,9214511,1721259161,1714783920,3882019,6575907000,996117981,999998269,1731,19050,999440330,559670,2286378170,566752400,6540,571601960,999998830,1170,999924150,75850,571594250,1000,1000,1000,1000,1000,1000,1000,101708776945,3993681000,1831,567971835,3828400,35367457200,8193943,1719449893,1713739616,3965986,6573071400,996034014,999998578,1422,12492,999458076,541924,2284984324,566900400,6280,571256480,999994508,5492,999924392,75608,571244708,1000,1000,1000,1000,1000,1000,1000,101709372436,3996037100,101958,568275624,4047800,35387718200,6446465,1718674215,1714984284,3918884,6576487800,996081116,999999482,518,81098,999448114,551886,2286644986,566780800,6700,571669580,999997822,2178,999920898,79102,571660702,1000,1000,1000,1000,1000,1000,1000
88000,95640,635760,870000000,5220000000,10000,60000,9970846668129,89982365,111413994,9922,869904360,2000,461,2091253,1739788876,2604322994,17395677006,21883694806,9983864747,16135253,3205123,101729275128,4042135200,1842,575062932,3739400,35796111200,9051162,1741041212,1734711500,3967116,6649038000,996032884,999998306,1694,16490,999441590,558410,2312946210,573437200,0,578242080,999992630,7370,999920390,79610,578234710,1000,1000,1000,1000,1000,1000,1000,101728624304,4040253700,103702,574984856,3575200,35779973800,8815050,1740031700,1733707016,3960295,6646312800,996039705,999999197,803,10102,999453086,546914,2311609114,573550700,6620,577909440,999999278,722,999918302,81698,577902098,1000,1000,1000,1000,1000,1000,1000,101729467407,4042718900,3510,575045753,3874500,35801181000,6056917,1738290867,1734999402,4005936,6649890000,995994064,999998075,1925,17839,999424237,575763,2313332063,573460600,6900,578340980,999998581,1419,999918339,81661,578332661,1000,1000,1000,1000,1000,1000,1000
89000,96020,640392,880000000,5280000000,10000,60000,9970603782446,93235884,114715430,1127,879903980,2000,64330,2114040,1759805706,2604236030,17395763970,21883796270,9983876940,16123060,3242446,101749136155,4088702500,102938,581480525,4068400,36208573000,8904895,1760852895,1754659498,3892165,6722142000,996107835,999998696,1304,69631,999448233,551767,2339545467,580095800,6660,584894220,999998409,1591,999920531,79469,584885969,1000,1000,1000,1000,1000,1000,1000,101748710137,4086824700,1805,581492438,3599700,36192440600,9903075,1761077525,1753652207,4030175,6719487300,995969825,999991789,8211,3614,999469907,530093,2338198193,580205000,5,584560240,999985751,14249,999929814,70186,584545986,1000,1000,1000,1000,1000,1000,1000,101749349752,4089320400,103403,581965868,3715700,36213939200,5158708,1757364858,1754961490,3953109,6723156000,996046891,999998694,1306,8185,999416595,583405,2339948205,580139400,6700,584994760,999998655,1345,999921385,78615,584986715,1000,1000,1000,1000,1000,1000,1000
90000,94410,635276,890000000,5340000000,10000,60000,9970370167496,87169515,108630716,10717,889905590,2000,63730,2100355,1779789746,2604294111,17395705889,21883847689,9983918765,16081235,3279611,101769210133,4135301600,3339,588187207,3912000,36621296000,8196988,1780115288,1774624612,3928001,6795407700,996071999,999998725,1275,14124,999452912,547088,2366165988,586752700,6920,591548780,999999516,484,999923624,76376,591541376,1000,1000,1000,1000,1000,1000,1000,101768689014,4133456300,1720,588054766,3710500,36605473400,10644244,1781804294,1773638584,4005573,6792745500,995994427,999998851,1149,8078,999454794,545206,2364848706,586880400,0,591218340,999991782,8218,999926078,73922,591210122,1000,1000,1000,1000,1000,1000,1000,101769437943,4135878600,1782,588535273,3662600,36626356400,5218962,1777381412,1774900106,3885508,6796345800,996114492,999999383,617,13875,999446569,553431,2366528831,586795800,4,591642660,999986069,13931,999924975,75025,591628725,1000,1000,1000,1000,1000,1000,1000
91000,94170,623954,900000000,5400000000,10000,60000,9970126476454,91244263,112754957,1427,899905830,2000,459,2115388,1799808806,2604245617,17395754383,21883817583,9983921252,16078748,3316558,101789062546,4181887700,103606,595179913,3680900,37033873000,7689337,1799570437,1794600451,3953779,6868646400,996046221,999995063,4937,8084,999451933,548067,2392799467,593385300,6721,598209140,999996597,3403,999926484,73516,598199016,1000,1000,1000,1000,1000,1000,1000,101788587366,4180029200,103302,594728991,3758300,37018051200,10574728,1801699278,1793566545,3963829,6865949100,996036171,999999585,415,13656,999483311,516689,2391419689,593566000,7043,597867300,999992887,7113,999926956,73044,597853144,1000,1000,1000,1000,1000,1000,1000,101789300306,4182493400,103664,595009234,3960100,37039233200,5965472,1798105872,1794878640,3911965,6869526300,996088035,999993255,6745,73390,999434750,565250,2393171250,593462200,7000,598300420,999999190,810,999919990,80010,598292610,1000,1000,1000,1000,1000,1000,1000
92000,94870,624203,910000000,5460000000,10000,60000,9969889942583,88138013,109674519,11317,909905130,2000,563,2092180,1819787626,2603997996,17396002004,21883996504,9983909800,16090200,3354126,101809124095,4228492600,1703,601577545,3833000,37446648400,9104832,1820958782,1814586408,4013768,6941847900,995986232,999996534,3466,6666,999462858,537142,2419447442,600012900,7360,604871700,999996694,3306,999923666,76334,604861034,1000,1000,1000,1000,1000,1000,1000,101808631865,4226552800,1693,601111893,3935700,37430130400,9643182,1820707232,1813510106,3912440,6939011100,996087560,999993726,6274,92486,999467180,532820,2418008620,600227600,2,604513080,999985436,14564,999926186,73814,604498514,1000,1000,1000,1000,1000,1000,1000,101809357975,4229069700,1707,601741783,3782400,37451720200,5610420,1817709220,1814842330,3956809,6942750000,996043191,999995303,4697,8894,999434064,565936,2419788636,600102800,6822,604956540,999996588,3412,999925794,74206,604946306,1000,1000,1000,1000,1000,1000,1000
93000,95870,625016,920000000,5520000000,10000,60000,9969646725758,91752818,113348953,10384,919904130,2000,90,2089743,1839787492,2604007276,17395992724,21884062324,9983884777,16115223,3391169,101829061966,4275228200,103153,608483130,3710600,37860586000,9190031,1841073131,1834616450,4054177,7015311900,995945823,999993150,6850,9873,999457823,542177,2446150477,606695900,4,611548400,999985631,14369,999927973,72027,611534027,1000,1000,1000,1000,1000,1000,1000,101828579148,4273121800,1663,607525072,4187500,37842591600,9356981,1840378731,1833464586,3889562,7012139400,996110438,999991699,8301,82737,999451551,548449,2444619149,606894500,7000,611162460,999999103,897,999923737,76263,611154563,1000,1000,1000,1000,1000,1000,1000,101829226357,4275499400,1724,608238043,3922200,37862912400,5928432,1837923032,1834763726,3788969,7015650600,996211031,999998696,1304,88627,999437201,562799,2446351099,606690700,6740,611595720,999998393,1607,999922827,77173,611587373,1000,1000,1000,1000,1000,1000,1000
94000,93530,622436,930000000,5580000000,10000,60000,9969408790535,90146754,111831847,1351,929906470,2000,5703,2117455,1859810238,2604017989,17395982011,21884034811,9983861005,16138995,3428643,101848980467,4321842400,103534,615225332,3669500,38273396800,9130430,1860987430,1854632565,3964811,7088545800,996035189,999998678,1322,17567,999420602,579398,2472842898,613322100,1,618211900,999998434,1566,999918067,81933,618210333,1000,1000,1000,1000,1000,1000,1000,101848525616,4319660700,3269,614669323,3707700,38254835800,8322555,1859292205,1853418429,3941598,7085396100,996058402,999997493,2507,15395,999437066,562934,2471222234,613558600,1,617810820,999992986,7014,999917595,82405,617803805,1000,1000,1000,1000,1000,1000,1000,101849127631,4322068800,101903,615110906,3766100,38275416800,7137276,1859092226,1854695661,3980917,7088889600,996019083,999999095,905,22178,999466317,533683,2472922783,613361900,3,618241420,999985705,14295,999931778,68222,618227122,1000,1000,1000,1000,1000,1000,1000
95000,96310,628346,940000000,5640000000,10000,60000,9969170589030,88767956,110450011,2102,939903690,2000,533,2106779,1879803176,2603997486,17396002514,21884029814,9983890661,16109339,3465937,101868955992,4368374300,101861,621621928,3890600,38685580600,8851563,1880653563,1874554658,3976678,7161642900,996023322,999992729,7271,4651,999445893,554107,2499403707,619984100,0,624856560,999992489,7511,999921251,78749,624849049,1000,1000,1000,1000,1000,1000,1000,101868410875,4366341700,103371,621291540,3873300,38668247400,9590358,1880563108,1873433891,3947271,7158690000,996052729,999986353,13647,69482,999417591,582409,2497911309,620220400,5,624479060,999998363,1637,999918782,81218,624477418,1000,1000,1000,1000,1000,1000,1000,101869069599,4368638700,102153,621832979,3722900,38687895800,6240800,1878154450,1874665870,3934258,7162081200,996065742,999993542,6458,12984,999441114,558886,2499551386,620023400,2,624894840,999990678,9322,999925884,74116,624885516,1000,1000,1000,1000,1000,1000,1000
96000,95710,639491,950000000,5700000000,10000,60000,9968931311902,88471580,110201299,1249,949904290,2000,504,2102337,1899806082,2604061282,17395938718,21883968618,9983875983,16124017,3503365,101889044601,4414974300,3177,628095316,3956600,39098293400,9229044,1901000594,1894510905,3925671,7234833300,996074329,999998897,1103,84326,999464621,535379,2526009679,626637600,3,631513360,999985417,14583,999932426,67574,631498774,1000,1000,1000,1000,1000,1000,1000,101888399507,4412955600,103960,627934049,3863500,39081135200,9504223,1900455723,1893407998,3850219,7231947000,996149781,999998808,1192,87589,999447391,552609,2524541509,626861500,4,631140980,999992535,7465,999919089,80911,631133511,1000,1000,1000,1000,1000,1000,1000,101889008760,4415187600,102065,628390380,3829000,39100183200,6040688,1897903688,1894617350,3998835,7235205300,996001165,999998210,1790,19375,999428725,571275,2526156075,626679600,6140,631546040,999998825,1175,999922875,77125,631538725,1000,1000,1000,1000,1000,1000,1000
97000,95060,632022,960000000,5760000000,10000,60000,9968691187061,88988953,110703898,10421,959904940,2000,46,2096507,1919789038,2603938214,17396061786,21884065786,9983922073,16077927,3540511,101909000352,4461586400,1602,634627306,4096900,39511168800,9438033,1921187783,1914500142,3916751,7308063000,996083249,999986469,13531,69318,999445176,554824,2552666324,633301100,2,638167780,999998404,1596,999920718,79282,638166182,1000,1000,1000,1000,1000,1000,1000,101908362897,4459514000,103408,634923762,3520200,39493536800,9860011,1920766811,1913353909,3990673,7305204900,996009327,999990408,9592,6935,999447826,552174,2551136674,633528700,1,637788380,999994386,5614,999917635,82365,637782765,1000,1000,1000,1000,1000,1000,1000,101908946818,4461718400,102272,634978402,3908900,39512323200,5607938,1917413338,1914564000,3900662,7308300900,996099338,999988092,11908,76630,999410830,589170,2552751570,633340800,7000,638195860,999998710,1290,999920030,79970,638187570,1000,1000,1000,1000,1000,1000,1000
98000,94120,627621,970000000,5820000000,10000,60000,9968450374581,90231638,111962910,11294,969905880,2000,5604,2094700,1939789172,2603886019,17396113981,21884109581,9983941040,16058960,3577612,101928953187,4508114900,1516,641604933,3749200,39923256200,10590281,1942279431,1934430138,3968294,7381254600,996031706,999992695,7305,6201,999468563,531437,2579238337,639934800,7440,644821180,999994459,5541,999928401,71599,644808199,1000,1000,1000,1000,1000,1000,1000,101928460831,4506118400,3010,640915849,4068400,39906318400,9352023,1940232123,1933298126,3932311,7378316400,996067689,999992858,7142,86347,999458321,541679,2577730579,640213100,6340,644439560,999999233,767,999925747,74253,644432453,1000,1000,1000,1000,1000,1000,1000,101928909198,4508343400,101944,641792342,3784400,39925290000,5067521,1936855221,1934566292,3974438,7381604400,996025562,999998152,1848,20514,999381322,618678,2579421378,640004700,0,644856120,999998966,1034,999912914,87086,644855086,1000,1000,1000,1000,1000,1000,1000
99000,94190,626694,980000000,5880000000,10000,60000,9968210456113,90602377,112438736,11357,979905810,2000,62321,2085153,1959788906,2603953890,17396046110,21884153510,9983863547,16136453,3614753,101948853894,4554648400,1553,648000266,4009000,40335348800,10508454,1962136704,1954406082,3834410,7454287200,996165590,999996459,3541,85049,999470567,529433,2605873433,646520600,6900,651478280,999995971,4029,999924549,75451,651467351,1000,1000,1000,1000,1000,1000,1000,101948313293,4552668300,102109,648025245,3714100,40318638200,8516210,1959347560,1953252310,3952412,7451559900,996047588,999994646,5354,8234,999455824,544176,2604335076,646866200,6282,651093060,999995988,4012,999922834,77166,651082766,1000,1000,1000,1000,1000,1000,1000,101948943060,4554987400,103388,648000920,4169300,40338414800,6049221,1957826721,1954517688,3922413,7454813400,996077587,999999729,271,80916,999450828,549172,2606020872,646650900,6340,651517660,999991864,8136,999929216,70784,651503184,1000,1000,1000,1000,1000,1000,1000
100000,94290,629709,990000000,5940000000,10000,60000,9967972610678,88908126,110783389,2149,989905710,2000,76,2108141,1979807122,2603934404,17396065596,21884071496,9983884819,16115181,3651941,101968755220,4601237600,102010,655015119,3712200,40748017600,10647244,1982243644,1974348039,3976652,7527582900,996023348,999999462,538,9910,999505171,494829,2632460229,653182600,6821,658130480,999988531,11469,999932610,67390,658112190,1000,1000,1000,1000,1000,1000,1000,101968417421,4599326800,3070,654589697,3716600,40731899200,8895526,1979723376,1973241584,3972527,7524881100,996027473,999994024,5976,5097,999454213,545787,2630986987,653543400,6662,657757440,999994625,5375,999925697,74303,657745403,1000,1000,1000,1000,1000,1000,1000,101968980628,4601492700,3044,655016291,3702300,40750347800,5693045,1977403195,1974444451,4005483,7528009500,995994517,999999807,193,17724,999443573,556427,2632590327,653314000,6421,658159120,999993177,6823,999926524,73476,658145876,1000,1000,1000,1000,1000,1000,1000
101000,93980,634994,1000000000,6000000000,10000,60000,9967731508226,90474842,112410335,1307,999906020,2000,477,2116267,1999809426,2603978168,17396021832,21884151532,9983869913,16130087,3689139,101988672243,4647793700,103694,661655593,3752200,41160317800,11232708,2002778358,1994330358,3945951,7600713900,996054049,999998630,1370,9579,999482021,517979,2659102479,659804400,4,664786120,999986005,13995,999930279,69721,664772121,1000,1000,1000,1000,1000,1000,1000,101988403771,4645906900,3029,660906668,4023500,41144499400,8796178,1999589028,1993187239,3857382,7598013000,996142618,999999282,718,90400,999480061,519939,2657580539,660203900,6561,664407200,999992661,7339,999927900,72100,664393300,1000,1000,1000,1000,1000,1000,1000,101988822132,4648059000,103784,661316788,4181500,41162806800,5329093,1996997143,1994411376,3872772,7601078700,996127228,999998544,1456,90672,999416196,583804,2659215104,659981900,6780,664810700,999999808,192,999919172,80828,664803728,1000,1000,1000,1000,1000,1000,1000
102000,95080,630438,1010000000,6060000000,10000,60000,9967491467853,90963049,112843876,10342,1009904920,2000,83,2095271,2019789156,2603956602,17396043398,21884083798,9983940909,16059091,3726465,102008669489,4694432200,103378,668310848,3770000,41573446000,11853666,2023390016,2014307739,4017044,7674013200,995982956,999998333,1667,19389,999463050,536950,2685741350,666508800,3,671440520,999993094,6906,999925889,74111,671433611,1000,1000,1000,1000,1000,1000,1000,102008361599,4692482600,2978,667545279,4052300,41557010000,8505561,2019258361,2013154380,3881893,7671193500,996118107,999999852,148,80859,999471679,528321,2684201721,666855200,6582,671066280,999987643,12357,999929659,70341,671047341,1000,1000,1000,1000,1000,1000,1000,102008887957,4694597000,1596,668061379,3978000,41575046000,5105352,2016721102,2014355914,3876660,7674269400,996123340,999998411,1589,80351,999422837,577163,2685803563,666639600,4,671460620,999987033,12967,999917851,82149,671447649,1000,1000,1000,1000,1000,1000,1000
103000,93810,625970,1020000000,6120000000,10000,60000,9967254947739,87935055,109844559,10574,1019906190,2000,552,2090772,2039791232,2604097494,17395902506,21884006006,9983945028,16054972,3763760,102028683012,4741054900,101612,674889028,3820600,41986394600,13153044,2044670844,2034263964,3891525,7747259100,996108475,999999433,567,78708,999494244,505756,2712347956,673174100,6280,678102260,999988012,11988,999935308,64692,678083992,1000,1000,1000,1000,1000,1000,1000,102028192720,4739054000,101742,674608955,3769400,41969504000,8757829,2039470079,2033139027,3926412,7744445700,996073588,999998766,1234,18754,999441727,558273,2710849373,673503900,5,677718340,999992011,7989,999919154,80846,677710346,1000,1000,1000,1000,1000,1000,1000,102028705609,4741158400,103436,674902790,3943600,41987389600,3665505,2035232555,2034333469,3892710,7747421400,996107290,999997925,2075,84515,999373146,626854,2712442154,673294500,1,678116100,999992586,7414,999915615,84385,678108685,1000,1000,1000,1000,1000,1000,1000
104000,96040,631172,1030000000,6180000000,10000,60000,9967012094257,91248484,113242800,2218,1029903960,2000,117,2105132,2059803484,2604009141,17395990859,21884067359,9983911888,16088112,3801072,102048675342,4787643700,2954,681748894,3591600,42398997800,12508195,2063990095,2054288252,3996825,7820509500,996003175,999998557,1443,17132,999426380,573620,2739050420,679807100,4,684763920,999998252,1748,999917732,82268,684762168,1000,1000,1000,1000,1000,1000,1000,102048179564,4785649500,103296,681268174,3746400,42382207800,9214480,2059896280,2053087878,3950225,7817675700,996049775,999998945,1055,6920,999461942,538058,2737448458,680167300,6502,684373220,999993862,6138,999925320,74680,684360580,1000,1000,1000,1000,1000,1000,1000,102048673573,4787676600,103774,681784005,3669900,42399435600,3977186,2055482336,2054249440,3935176,7820602500,996064824,999996025,3975,10749,999410009,589991,2738994091,679939900,2,684760140,999984513,15487,999921649,78351,684744651,1000,1000,1000,1000,1000,1000,1000
105000,94750,636153,1040000000,6240000000,10000,60000,9966773358478,90486787,112469596,1301,1039905250,2000,39,2104911,2079807898,2604088465,17395911535,21883824735,9983960409,16039591,3838307,102068730648,4834282800,1391,687761330,4173800,42812150400,12697254,2084171304,2074230312,3940839,7893694200,996059161,999999252,748,91713,999485201,514799,2765635999,686492200,2,691418940,999986749,13251,999929013,70987,691405687,1000,1000,1000,1000,1000,1000,1000,102068184598,4832281200,103718,687864102,3781000,42795264800,8426566,2079095466,2073056996,3991332,7890960300,996008668,999993004,6996,5072,999488476,511524,2764073824,686832100,6520,691029860,999993488,6512,999926572,73428,691016828,1000,1000,1000,1000,1000,1000,1000,102068737492,4834311300,2914,687861067,4168600,42812483400,4605738,2076097038,2074244675,3967439,7893771600,996032561,999987541,12459,70202,999389127,610873,2765659073,686605700,1,691415880,999998519,1481,999914302,85698,691414398,1000,1000,1000,1000,1000,1000,1000
106000,95990,630270,1050000000,6300000000,10000,60000,9966533476456,90797710,112860142,2293,1049904010,2000,95,2104898,2099803434,2604141866,17395858134,21883926634,9983917862,16082138,3875396,102088639687,4880846900,2812,695058932,3553200,43224521800,13470012,2104896762,2094218693,4006441,7966983900,995993559,999998474,1526,18033,999468040,531960,2792289360,693102700,1,698077360,999993308,6692,999922733,77267,698070667,1000,1000,1000,1000,1000,1000,1000,102088140351,4878848500,103457,694381625,3943900,43207699400,8817121,2099442271,2093021664,3873223,7964083500,996126777,999999659,341,79636,999461272,538728,2790690828,693500000,4,697683340,999985828,14172,999929036,70964,697669164,1000,1000,1000,1000,1000,1000,1000,102088579442,4880794900,102011,694817136,3940700,43224203400,3617252,2095030602,2094159936,3870873,7966864800,996129127,999999324,676,80751,999406615,593385,2792208685,693243200,2,698062440,999986311,13689,999919451,80549,698048749,1000,1000,1000,1000,1000,1000,1000
107000,94960,636474,1060000000,6360000000,10000,60000,9966296696280,88027823,110148166,1215,1059905040,2000,32,2116193,2119807650,2604030503,17395969497,21883982597,9983908627,16091373,3912777,102108581400,4927441200,1555,701610840,3685600,43637168800,12426711,2123819611,2114204350,3977317,8040159900,996022683,999991702,8298,16685,999440235,559765,2818938965,699751200,0,704735120,999999495,505,999920785,79215,704734615,1000,1000,1000,1000,1000,1000,1000,102108167486,4925368400,2902,700798211,4069200,43619745600,8058475,2118621525,2112971305,3869840,8037163800,996130160,999998836,1164,84696,999468991,531009,2817290209,700124600,3,704333500,999985407,14593,999923396,76604,704318904,1000,1000,1000,1000,1000,1000,1000,102108582363,4927424600,102725,701628555,3763700,43637239600,5522958,2116922358,2114119866,4010803,8040201600,995989197,999990099,9901,8196,999420530,579470,2818824770,699927700,2,704710060,999994846,5154,999920896,79104,704704904,1000,1000,1000,1000,1000,1000,1000
108000,95870,634241,1070000000,6420000000,10000,60000,9966057818872,87378879,109530801,2227,1069904130,2000,38,2106016,2139803806,2604119151,17395880849,21883932049,9983904244,16095756,3950150,102128624723,4974107700,1483,707904937,4024500,44050565000,11938601,2143335451,2134170616,3909687,8113437300,996090313,999999789,211,80502,999470186,529814,2845560114,706449400,6520,711398140,999997878,2122,999924502,75498,711389498,1000,1000,1000,1000,1000,1000,1000,102128055039,4971996100,103386,707901800,3718800,44032724200,8344619,2138890369,2132941009,4009477,8110516500,995990523,999999452,548,17275,999474366,525634,2843919034,706793500,6621,710991580,999993066,6934,999926575,73425,710978025,1000,1000,1000,1000,1000,1000,1000,102128474880,4973889600,103581,708267400,3753700,44048724800,5830801,2137139901,2134044486,3924426,8113197900,996075574,999999613,387,6287,999440401,559599,2845391399,706515000,7260,711357920,999996253,3747,999924487,75513,711346913,1000,1000,1000,1000,1000,1000,1000
109000,96800,639783,1080000000,6480000000,10000,60000,9965818573099,87093332,109239217,2234,1079903200,2000,497,2108053,2159801932,2604219431,17395780569,21883845269,9983949647,16050353,3987479,102148536445,5020701000,102562,714825114,3842800,44463306000,11765390,2163134390,2154119441,3893160,8186714100,996106840,999999129,871,81369,999487428,512572,2872152772,713134800,1,718052780,999980552,19448,999929669,70331,718033331,1000,1000,1000,1000,1000,1000,1000,102148091700,5018517000,2862,714228638,3962600,44444795600,8640458,2159125558,2152884310,3858886,8183568000,996141114,999998140,1860,86654,999444844,555156,2870509856,713468700,2,717633220,999992328,7672,999921254,78746,717625546,1000,1000,1000,1000,1000,1000,1000,102148530991,5020501300,1423,714612888,3983100,44461562600,5814772,2157099772,2154039403,3917582,8186378100,996082418,999993420,6580,88338,999425835,574165,2872052265,713160600,6721,718020400,999999183,817,999918438,81562,718012862,1000,1000,1000,1000,1000,1000,1000
110000,93860,624638,1090000000,6540000000,10000,60000,9965573435450,92705379,114893035,10456,1089906140,2000,497,2090288,2179791368,2604103729,17395896271,21883887271,9983927512,16072488,4024880,102168453294,5067300300,102583,721260464,4118200,44876008600,11777278,2183115278,2174123360,3918906,8259874200,996081094,999981465,18535,66559,999433199,566801,2898830401,719788100,2,724709280,999997763,2237,999917259,82741,724707041,1000,1000,1000,1000,1000,1000,1000,102168066818,5065091400,1391,720558240,4263600,44857313200,9242732,2179688382,2172832172,3894215,8256696900,996105785,999998918,1082,89803,999462331,537669,2897106869,720122000,2,724282780,999991919,8081,999925403,74597,724274697,1000,1000,1000,1000,1000,1000,1000,102168485838,5067112100,1388,721341402,3917900,44874332200,5314455,2176571205,2174029016,3932881,8259615000,996067119,999984923,15077,71942,999426226,573774,2898704774,719783900,6640,724684140,999998258,1742,999922842,77158,724675758,1000,1000,1000,1000,1000,1000,1000
111000,96420,641812,1100000000,6600000000,10000,60000,9965338657484,87991069,110249482,9991,1099903580,2000,52,2099835,2199787178,2604219453,17395780547,21883969147,9983903825,16096175,4062403,102188413703,5113825100,103754,728173177,3821100,45288075800,10035153,2201311753,2194041302,3884417,8333040000,996115583,999999036,964,77719,999466517,533483,2925386883,726427900,6900,731357040,999995441,4559,999926319,73681,731345581,1000,1000,1000,1000,1000,1000,1000,102187917984,5111583400,102728,727736116,3801300,45269123600,10725779,2201098079,2192732432,3882021,8329873800,996117979,999993325,6675,12204,999487572,512428,2923640728,726777500,6420,730922260,999992456,7544,999930504,69496,730908296,1000,1000,1000,1000,1000,1000,1000,102188361277,5113701700,102662,728355902,3646500,45286976200,5725004,2196948304,2193994513,3939161,8332893600,996060839,999994974,5026,3213,999445900,554100,2925322400,726423200,6901,731345640,999989148,10852,999927213,72787,731327887,1000,1000,1000,1000,1000,1000,1000
112000,94980,626163,1110000000,6660000000,10000,60000,9965098460698,88665176,110936458,10759,1109905020,2000,62342,2089560,2219788522,2604306574,17395693426,21883769926,9983918180,16081820,4099902,102208476414,5160421600,1373,734574206,3979700,45700781600,10115326,2221361476,2214016302,3855317,8406226500,996144683,999999846,154,88429,999460527,539473,2952021473,733081000,7100,738013060,999999211,789,999924129,75871,738005171,1000,1000,1000,1000,1000,1000,1000,102208007043,5158205600,1371,734423356,3673400,45682063200,10106664,2220459914,2212708443,3984485,8403165000,996015515,999999223,777,3838,999486795,513205,2950274805,733445800,6461,737582180,999990643,9357,999932738,67262,737566362,1000,1000,1000,1000,1000,1000,1000,102208330924,5160338700,102023,734837276,3832300,45700035800,6280205,2217490105,2213988682,3958847,8406135300,996041153,999985996,14004,17649,999436267,563733,2951984633,733080000,7040,738003820,999999171,829,999922949,77051,737995951,1000,1000,1000,1000,1000,1000,1000
113000,94950,626101,1120000000,6720000000,10000,60000,9964858704159,88927419,111208299,2191,1119905050,2000,5740,2105262,2239805718,2604430278,17395569722,21883561622,9983961958,16038042,4137576,102228483406,5207019200,1381,741410613,3784800,46113587200,11130564,2242352364,2233966901,3993076,8479537800,996006924,999985305,14695,6529,999466328,533672,2978620172,739781500,1,744660360,999992912,7088,999922329,77671,744653271,1000,1000,1000,1000,1000,1000,1000,102227973176,5204793300,2714,741102723,3670400,46094715400,8775546,2239096096,2232679539,3980823,8476381200,996019177,999991853,8147,3730,999464991,535009,2976901609,740122300,1,744235400,999986671,13329,999930130,69870,744222070,1000,1000,1000,1000,1000,1000,1000,102228421614,5206973900,1352,741160926,4054200,46113083800,6723699,2237919699,2233973776,3913320,8479359000,996086680,999998742,1258,86522,999453346,546654,2978630454,739726300,6700,744667120,999996258,3742,999925222,74778,744656678,1000,1000,1000,1000,1000,1000,1000
114000,94610,625633,1130000000,6780000000,10000,60000,9964618823290,89285478,111634864,1340,1129905390,2000,62755,2109786,2259808100,2604428268,17395571732,21883661532,9983935634,16064366,4175234,102248438005,5253605600,1380,748050975,3827400,46526189600,11702153,2262888303,2253939150,3934592,8552728200,996065408,999987987,12013,10095,999439545,560455,3005250455,746449000,0,751316540,999994765,5235,999921995,78005,751311305,1000,1000,1000,1000,1000,1000,1000,102247789891,5251269000,102369,747488788,4020200,46506358000,8843097,2259081847,2252593099,3878637,8549329200,996121363,999999657,343,80720,999468621,531379,3003455179,746762200,6301,750875240,999993141,6859,999929420,70580,750862080,1000,1000,1000,1000,1000,1000,1000,102248282921,5253582200,104241,748007878,3966900,46525872400,6172212,2257341462,2253959291,3911788,8552608800,996088212,999999842,158,81854,999460763,539237,3005276737,746357300,6901,751331300,999993047,6953,999926254,73746,751317446,1000,1000,1000,1000,1000,1000,1000
115000,93370,619691,1140000000,6840000000,10000,60000,9964377780480,90831504,113199285,9911,1139906630,2000,532,2096043,2279793438,2604459384,17395540616,21883577716,9983940657,16059343,4212395,102268374017,5300124200,2755,754961701,3556600,46938231600,12449584,2283573534,2273877610,3925370,8625890400,996074630,999990294,9706,7824,999447314,552686,3031834986,753089300,2,757962860,999994518,5482,999918924,81076,757957376,1000,1000,1000,1000,1000,1000,1000,102267752032,5297862400,103687,754529528,3658800,46919050400,8212284,2278420134,2272563274,4008548,8622635700,995991452,999996821,3179,12573,999444599,555401,3030083601,753440800,6620,757529240,999997707,2293,999926373,73627,757520327,1000,1000,1000,1000,1000,1000,1000,102268243840,5300184200,102628,754899359,3738900,46938612400,6245859,2277386109,2273949587,3978141,8625891300,996021859,999998897,1103,16456,999457269,542731,3031927931,752991600,1,757992900,999985445,14555,999925356,74644,757978344,1000,1000,1000,1000,1000,1000,1000
116000,94060,641303,1150000000,6900000000,10000,60000,9964139839339,89269718,111705312,10076,1149905940,2000,455,2092266,2299791728,2604450357,17395549643,21883611843,9983906534,16093466,4249862,102288187104,5346557400,102158,761191611,4007700,47349421200,13532956,2304552106,2293766247,3802647,8698727400,996197353,999999001,999,78554,999502407,497593,3058349593,759667200,5,764599560,999983791,16209,999935754,64246,764583346,1000,1000,1000,1000,1000,1000,1000,102287839432,5344480900,1338,761006446,3744500,47332000200,7538026,2297727926,2292548358,3967190,8695891500,996032810,999988780,11220,11590,999438732,561268,3056728368,760111600,2,764188340,999991672,8328,999921090,78910,764180010,1000,1000,1000,1000,1000,1000,1000,102288231418,5346863200,103241,761636882,3693500,47352037600,5933760,2297078210,2293958694,4054225,8699247900,995945775,999995678,4322,7053,999434559,565441,3058610441,759669600,6500,764661700,999996547,3453,999922553,77447,764651747,1000,1000,1000,1000,1000,1000,1000
117000,95210,621229,1160000000,6960000000,10000,60000,9963899876548,89740515,112172622,10611,1159904790,2000,452,2100349,2319788358,2604575363,17395424637,21883551537,9983955951,16044049,4287709,102308231649,5393108900,2662,768161810,3610000,47761783400,12725287,2323698137,2313725605,3943394,8771989500,996056606,999999631,369,9237,999481532,518468,3084963068,766337900,1,771250680,999986784,13216,999925737,74263,771237463,1000,1000,1000,1000,1000,1000,1000,102307833352,5391105800,2630,767337648,4047700,47744979600,8146430,2318319430,2312516772,3905634,8769089700,996094366,999991428,8572,87594,999467222,532778,3083353778,766765200,7180,770849940,999994246,5754,999922794,77206,770837006,1000,1000,1000,1000,1000,1000,1000,102308191653,5393383200,101725,768255887,3711500,47764139200,6274952,2317360752,2313879408,3898271,8772369300,996101729,999998497,1503,18526,999434018,565982,3085172482,766353500,6420,771299680,999999814,186,999918526,81474,771293074,1000,1000,1000,1000,1000,1000,1000
118000,93690,635461,1170000000,7020000000,10000,60000,9963659533973,90611686,113138465,1172,1169906310,2000,5164,2118103,2339810276,2604650359,17395349641,21883484541,9983916417,16083583,4325093,102328187150,5439719100,1397,774524930,3916000,48174559000,12551127,2343496177,2333717242,3894349,8845137300,996105651,999998598,1402,81649,999476007,523993,3111618093,772967000,0,777915540,999985311,14689,999928149,71851,777900851,1000,1000,1000,1000,1000,1000,1000,102327729823,5437680100,103555,774209797,3916100,48157514600,8152189,2338286839,2332450648,3853377,8842314600,996146623,999999903,97,81726,999476778,523222,3109929622,773452100,6420,777499120,999986274,13726,999931826,68174,777478974,1000,1000,1000,1000,1000,1000,1000,102328258622,5439942100,2607,774776613,3718700,48176496200,6538109,2337576359,2333829929,3937212,8845527300,996062788,999993355,6645,8643,999459714,540286,3111768686,772982500,5,777952420,999986342,13658,999926843,73157,777938757,1000,1000,1000,1000,1000,1000,1000
119000,96050,622996,1180000000,7080000000,10000,60000,9963421428164,89216783,111756693,2278,1179903950,2000,467,2104966,2359803344,2604663347,17395336653,21883384953,9983927754,16072246,4362698,102348169267,5486375800,2705,780969691,4130400,48587774800,12299025,2363237975,2353712550,3915646,8918401500,996084354,999999870,130,80524,999484374,515626,3138281526,779614100,7162,784581760,999994378,5622,999928924,71076,784568976,1000,1000,1000,1000,1000,1000,1000,102347790562,5484237500,2666,780676897,3997500,48569931000,8646598,2358737598,2352404427,3913146,8915478600,996086854,999994922,5078,77576,999472849,527151,3136534351,780119300,1,784144580,999985345,14655,999925576,74424,784129924,1000,1000,1000,1000,1000,1000,1000,102348083160,5486514500,102776,781362719,3930000,48588975400,6404314,2357400964,2353814915,3874346,8918646300,996125654,999998658,1342,83912,999419397,580603,3138417703,779635000,1,784609340,999993449,6551,999918412,81588,784602788,1000,1000,1000,1000,1000,1000,1000
120000,94320,626506,1190000000,7140000000,10000,60000,9963181325078,89806975,112408314,2273,1189905680,2000,539,2108325,2379806814,2604723353,17395276647,21883350447,9983907035,16092965,4400049,102368166400,5532956300,2640,787885820,3858000,49000391000,10611435,2381516335,2373656140,3872693,8991671700,996127307,999994573,5427,81580,999493340,506660,3164870060,786299900,6220,791234520,999985620,14380,999932580,67420,791213920,1000,1000,1000,1000,1000,1000,1000,102367731748,5530873600,1299,787478272,3883000,48982900800,9729772,2379801872,2372412942,3986024,8988765300,996013976,999998773,1227,10849,999451507,548493,3163216993,786746300,6640,790811480,999999211,789,999925349,74651,790804051,1000,1000,1000,1000,1000,1000,1000,102368132028,5533036200,2575,788069612,3732500,49001023600,7120298,2378054748,2373735998,3935569,8991804300,996064431,999987870,12130,20701,999452903,547097,3164981097,786267600,6640,791252440,999999299,701,999922201,77799,791245099,1000,1000,1000,1000,1000,1000,1000
121000,94840,637021,1200000000,7200000000,10000,60000,9962940164305,91454761,114060697,2107,1199905160,2000,5284,2116330,2399806106,2604727666,17395272334,21883290534,9983947950,16052050,4437556,102388124925,5579563800,1283,794721955,3704900,49413202800,11128298,2402007998,2393637548,3983135,9064957200,996016865,999996171,3829,7436,999462588,537412,3191515612,792976800,6740,797888160,999996644,3356,999926336,73664,797878064,1000,1000,1000,1000,1000,1000,1000,102387634663,5577511100,103969,794398235,3704500,49395993400,11496285,2401556985,2392392710,4007050,9062094900,995992950,999998394,1606,14944,999471434,528566,3189853966,793406300,2,797470200,999991058,8942,999928444,71556,797461256,1000,1000,1000,1000,1000,1000,1000,102388062864,5579523300,2484,794794654,3669200,49412796200,4933362,2395792712,2393663426,3952069,9064880700,996047931,999999385,615,11116,999432490,567510,3191548210,792933400,2,797893860,999990926,9074,999919816,80184,797884784,1000,1000,1000,1000,1000,1000,1000
122000,93870,632501,1210000000,7260000000,10000,60000,9962703897816,88211456,110807745,11300,1209906130,2000,57254,2097029,2419789660,2604728372,17395271628,21883339228,9983975611,16024389,4474871,102408098136,5626211900,2549,800930404,4155900,49826366200,11241161,2422112561,2413644510,3894513,9138152400,996105487,999998808,1192,85995,999471885,528115,3218192215,799609600,6540,804555640,999998605,1395,999921395,78605,804547705,1000,1000,1000,1000,1000,1000,1000,102407697003,5624016500,2549,800925417,3720300,49807966600,12965634,2422961484,2412294432,3957176,9135198300,996042824,999998260,1740,8284,999462752,537248,3216392148,800112000,6920,804105920,999998716,1284,999927084,72916,804097716,1000,1000,1000,1000,1000,1000,1000,102407996055,5626071500,2520,801225842,3921500,49825025400,3431050,2414236200,2413631347,3903706,9137943900,996096294,999999831,169,79625,999411378,588622,3218168922,799568800,3,804556200,999981378,18622,999923625,76375,804537575,1000,1000,1000,1000,1000,1000,1000
123000,96510,632900,1220000000,7320000000,10000,60000,9962460808733,91839704,114487478,1362,1219903490,2000,468,2111618,2439804256,2604842937,17395157063,21883220063,9983976102,16023898,4512258,102428050434,5672832100,2474,807885842,3876000,50239231400,10369679,2441217629,2433648364,3982635,9211462500,996017365,999990571,9429,11036,999459672,540328,3244863028,806237000,4,811219040,999995628,4372,999921536,78464,811214664,1000,1000,1000,1000,1000,1000,1000,102427679373,5670569600,1316,807130067,4145200,50220352000,13397848,2443348648,2432230894,3887521,9208275000,996112479,999993884,6116,83163,999475669,524331,3242971531,806786400,0,810749620,999991017,8983,999927363,72637,810740637,1000,1000,1000,1000,1000,1000,1000,102427980420,5672686900,2523,808009717,3798300,50237914600,4016555,2434800355,2433602155,3943272,9211239000,996056728,999996453,3547,10281,999406226,593774,3244797374,806244700,3,811211720,999983502,16498,999924081,75919,811195219,1000,1000,1000,1000,1000,1000,1000
124000,94320,629909,1230000000,7380000000,10000,60000,9962224816653,88340754,111074891,1335,1229905680,2000,36,2105847,2459808690,2604978807,17395021193,21883063993,9983921593,16078407,4549883,102448004920,5719388800,1225,814335878,4079000,50651576000,10691556,2461491456,2453602168,3896100,9284562000,996103900,999999215,785,88115,999458747,541253,3271467053,812885000,2,817872400,999992487,7513,999924115,75885,817864885,1000,1000,1000,1000,1000,1000,1000,102447630499,5717138600,1240,814006298,3930000,50632805200,12283249,2462191249,2452196671,3876913,9281491800,996123087,999998526,1474,85513,999471442,528558,3269591758,813430200,3,817406500,999988590,11410,999927513,72487,817395087,1000,1000,1000,1000,1000,1000,1000,102447830881,5719315300,104094,814605379,3956600,50650871400,4922300,2455687350,2453598150,3933977,9284453100,996066023,999998402,1598,72725,999416175,583825,3271463525,812865200,6660,817874060,999997975,2025,999919825,80175,817865375,1000,1000,1000,1000,1000,1000,1000
125000,95130,614322,1240000000,7440000000,10000,60000,9961986738385,86916734,109630404,2322,1239904870,2000,579,2110674,2479805096,2605024719,17394975281,21883026881,9983984566,16015434,4587562,102467982972,5765972800,2414,821050547,4020200,51064179200,9727673,2480492273,2473557135,3894349,9357780600,996105651,999999111,889,79462,999458927,541073,3298072073,819554600,1,824527260,999987679,12321,999928662,71338,824514938,1000,1000,1000,1000,1000,1000,1000,102467612042,5763752300,2491,820745258,3846400,51045670200,12062246,2481947596,2472163358,3959527,9354773700,996040473,999998738,1262,13311,999475853,524147,3296215747,820097500,6440,824065020,999993809,6191,999929211,70789,824052389,1000,1000,1000,1000,1000,1000,1000,102467918559,5765870900,2483,821295538,3788600,51063277000,6224280,2476945230,2473522689,3979650,9357677700,996020350,999998664,1336,18614,999432925,567075,3298029975,819550000,6463,824514580,999999169,831,999921714,78286,824507286,1000,1000,1000,1000,1000,1000,1000
126000,96170,625475,1250000000,7500000000,10000,60000,9961743616206,90501369,113275120,9794,1249903830,2000,62512,2099079,2499788072,2604984775,17395015225,21883108925,9983950441,16049559,4625113,102487915280,5812535800,2489,827562420,4165400,51476590800,9826271,2500546221,2493524874,3889431,9430917900,996110569,999998654,1346,86123,999457349,542651,3324699251,826187400,6560,831182680,999998257,1743,999921523,78477,831174377,1000,1000,1000,1000,1000,1000,1000,102487536127,5810326100,1234,827297252,3979400,51458187400,12212818,2502058768,2492157865,3854034,9427919700,996145966,999981221,18779,85787,999445422,554578,3322876378,826735900,1,830720840,999997674,2326,999915687,84313,830718513,1000,1000,1000,1000,1000,1000,1000,102487743401,5812377400,102966,828251518,3586900,51475214000,6053324,2496707024,2493468381,3948476,9430809000,996051524,999985765,14235,8089,999424908,575092,3324622392,826190100,1,831160360,999993652,6348,999915989,84011,831154011,1000,1000,1000,1000,1000,1000,1000
127000,96030,627960,1260000000,7560000000,10000,60000,9961506557506,88091396,110927944,2348,1259903970,2000,5191,2109204,2519803244,2604990102,17395009898,21883003598,9983935636,16064364,4662980,102507834720,5859031600,2432,834527240,3851300,51888389600,8992315,2519637715,2513454732,3930494,9504051900,996069506,999997678,2322,15784,999448652,551348,3351272948,832828400,6460,837824760,999999916,84,999922584,77416,837818216,1000,1000,1000,1000,1000,1000,1000,102507475529,5856999600,103160,834387610,3620400,51871578400,13217121,2523065821,2512127613,4061631,9501351000,995938369,999999294,706,16563,999483050,516950,3349500850,833411300,6761,837387900,999992098,7902,999928963,71037,837373237,1000,1000,1000,1000,1000,1000,1000,102507712133,5858964400,102118,834859327,3622600,51887828800,6044563,2516663313,2513427726,3968507,9504006000,996031493,999996424,3576,6717,999438591,561409,3351235809,832836200,6840,837818400,999996523,3477,999918817,81183,837808083,1000,1000,1000,1000,1000,1000,1000
128000,94010,628875,1270000000,7620000000,10000,60000,9961265695431,89461925,112341303,1273,1269905990,2000,471,2119144,2539809434,2605170256,17394829744,21882887644,9983940176,16059824,4700410,102527719081,5905676200,104084,841261799,3874300,52301510800,7761646,2538396546,2533452830,3977137,9577341000,996022863,999988692,11308,10555,999455725,544275,3377935375,839472300,0,844487740,999994805,5195,999923855,76145,844482545,1000,1000,1000,1000,1000,1000,1000,102527521454,5903580600,1246,840960265,3636400,52284215600,13500515,2543316415,2532112359,3921269,9574565700,996078731,999981369,18631,21200,999443541,556459,3376149059,840090400,1,844038960,999997741,2259,999912100,87900,844036700,1000,1000,1000,1000,1000,1000,1000,102527667324,5905488600,103771,841580734,3535700,52299926800,7098343,2537657693,2533362248,3968282,9577143600,996031718,999990447,9553,4165,999450517,549483,3377811783,839486500,2,844463180,999986357,13643,999920365,79635,844449535,1000,1000,1000,1000,1000,1000,1000
129000,94980,627760,1280000000,7680000000,10000,60000,9961026478742,89224268,112139613,1221,1279905020,2000,5541,2112647,2559807598,2605209410,17394790590,21882796390,9983935393,16064607,4738091,102547741857,5952156000,1174,847979783,3698200,52713203200,7541905,2558097605,2553370786,3938500,9650421000,996061500,999987377,12623,9277,999453791,546209,3404493909,846119100,6060,851130600,999998583,1417,999921477,78523,851123123,1000,1000,1000,1000,1000,1000,1000,102547541083,5950223800,1206,847124256,4087200,52697286000,13936428,2563738828,2552077193,3920958,9647741400,996079042,999999721,279,89963,999491270,508730,3402765030,846729500,1,850701520,999986318,13682,999931163,68837,850687837,1000,1000,1000,1000,1000,1000,1000,102547651147,5952142000,102692,847970873,3814800,52713124000,6977766,2557530266,2553352554,4001072,9650389800,995998928,999999285,715,20813,999441759,558241,3404469941,846156300,6960,851124740,999999607,393,999919613,80387,851117387,1000,1000,1000,1000,1000,1000,1000
130000,94050,638152,1290000000,7740000000,10000,60000,9960786137663,90039621,112934453,11418,1289905950,2000,5797,2087068,2579789064,2605382284,17394617716,21882718316,9983967812,16032188,4775576,102567681309,5998679300,1214,854790829,3537700,53125244200,7314366,2577807216,2573311056,3910211,9723552900,996089789,999999752,248,12341,999454385,545615,3431079115,852758600,6762,857781700,999993121,6879,999925541,74459,857768059,1000,1000,1000,1000,1000,1000,1000,102567399816,5996859900,102293,853755204,4249400,53110320600,13244224,2583031774,2572080854,3885766,9720982200,996114234,999999169,831,93403,999462549,537451,3429438851,853388900,0,857364860,999993137,6863,999926803,73197,857357997,1000,1000,1000,1000,1000,1000,1000,102567646996,5998760700,102142,854257604,4176500,53126062200,7983261,2578517061,2573319648,3903280,9723572400,996096720,999998626,1374,91946,999447898,552102,3431092802,852833800,6520,857779860,999999814,186,999919946,80054,857773154,1000,1000,1000,1000,1000,1000,1000
131000,94760,621666,1300000000,7800000000,10000,60000,9960548769758,87905500,110877979,9668,1299905240,2000,431,2094535,2599791144,2605232458,17394767542,21882786242,9983934965,16065035,4812909,102587637480,6045248400,2298,861271777,3712200,53537696000,7803609,2598253559,2593274925,3977874,9796692600,996022126,999999400,600,9426,999452501,547499,3457695299,859403600,3,864434180,999986197,13803,999928126,71874,864420374,1000,1000,1000,1000,1000,1000,1000,102587351405,6043463800,102392,860807895,3857300,53523066000,13240902,2602999552,2592066062,4004311,9794297400,995995689,999998810,1190,21199,999466637,533363,3456087563,860016600,6380,864029440,999998441,1559,999924999,75001,864021501,1000,1000,1000,1000,1000,1000,1000,102587699490,6045272600,2446,861161170,3811000,53538026000,7657242,2598124792,2593242856,3954446,9796753500,996045554,999998858,1142,11112,999450356,549644,3457654244,859493000,0,864420080,999991308,8692,999926112,73888,864411388,1000,1000,1000,1000,1000,1000,1000
132000,96480,623757,1310000000,7860000000,10000,60000,9960306662329,90519773,113555794,10117,1309903520,2000,5729,2090415,2619786806,2605371002,17394628998,21882713598,9983905185,16094815,4850791,102607476145,6091871900,102169,868112752,3649900,53950631800,8316409,2618746909,2613284821,3987923,9869961600,996012077,999998261,1739,13938,999435217,564783,3484379383,866035500,3,871095700,999998865,1135,999916338,83662,871094562,1000,1000,1000,1000,1000,1000,1000,102607405567,6090040900,2363,867120149,4079900,53935561000,12752012,2622469462,2612041036,3880644,9867415500,996119356,999999954,46,91610,999491374,508626,3482717026,866620500,4,870689060,999986934,13066,999930010,69990,870675990,1000,1000,1000,1000,1000,1000,1000,102607669656,6091793900,2445,867806322,3798500,53950152600,7743843,2618154143,2613153804,3924803,9869890800,996075197,999995770,4230,10467,999458463,541537,3484203637,866185200,6702,871060840,999995695,4305,999923467,76533,871049833,1000,1000,1000,1000,1000,1000,1000
133000,94440,622482,1320000000,7920000000,10000,60000,9960068652737,89079467,112146508,11549,1319905560,2000,62027,2093119,2639788022,2605333504,17394666496,21882597096,9983914321,16085679,4888243,102627557921,6138424700,2370,874633899,3657800,54362997400,7132857,2637517107,2633210026,3967704,9943129500,996032296,999999201,799,18497,999454871,545129,3510946429,872711000,6980,877744200,999999183,817,999919797,80203,877736403,1000,1000,1000,1000,1000,1000,1000,102627243934,6136609900,103179,873852124,4107600,54347988600,11964244,2641637294,2632009836,3959313,9940576500,996040687,999999184,816,82371,999486635,513365,3509343165,873252500,2,877343180,999990151,9849,999930471,69529,877333329,1000,1000,1000,1000,1000,1000,1000,102627578802,6138428600,103667,874236756,4101700,54363211600,9763940,2640161090,2633120632,3952042,9943102500,996047958,999999465,535,87323,999484491,515509,3510824909,872850600,7202,877719280,999992199,7801,999930023,69977,877704277,1000,1000,1000,1000,1000,1000,1000
134000,96460,640025,1330000000,7980000000,10000,60000,9959828256901,89978260,113061704,11278,1329903540,2000,452,2090220,2659784524,2605541661,17394458339,21882530939,9983932660,16067340,4925884,102647481938,6184919000,1201,881314382,3631100,54774774000,6510245,2656818745,2653137274,3957595,10016188800,996042405,999997108,2892,8613,999442839,557161,3537515561,879356600,6420,884387120,999997587,2413,999923713,76287,884378287,1000,1000,1000,1000,1000,1000,1000,102647212671,6183215900,102862,880912169,3716600,54760789400,12421822,2662069172,2651982378,3957400,10013907000,996042600,999995411,4589,17211,999476733,523267,3535975767,879921000,7040,884002640,999997789,2211,999927811,72189,883993389,1000,1000,1000,1000,1000,1000,1000,102647537047,6185042300,102585,881111372,3908200,54776094200,10096006,2660471606,2653113871,3897426,10016399700,996102574,999988370,11630,70044,999461673,538327,3537484727,879513700,6501,884378660,999998697,1303,999920244,79756,884370856,1000,1000,1000,1000,1000,1000,1000
135000,95960,632582,1340000000,8040000000,10000,60000,9959589313535,89453398,112583428,1154,1339904040,2000,5338,2102458,2679805772,2605648733,17394351267,21882384867,9983935902,16064098,4963474,102667518556,6231582600,2322,887527684,4060500,55188115600,6214207,2676523607,2673112008,3940930,10089432000,996059070,999999556,444,79326,999466318,533682,3564144982,886043700,6120,891052180,999986914,13086,999930826,69174,891032974,1000,1000,1000,1000,1000,1000,1000,102667295784,6229820800,1231,887575936,3613200,55173583200,13434670,2683056020,2671961150,3951786,10087166700,996048214,999999091,909,19005,999475455,524545,3562610045,886579100,0,890663360,999985535,14465,999929205,70795,890648895,1000,1000,1000,1000,1000,1000,1000,102667572301,6231559800,1167,887586638,3978500,55188086800,9472003,2679782453,2673050127,3881164,10089476400,996118836,999983920,16080,76756,999460329,539671,3564066271,886155400,6461,891024300,999998305,1695,999922756,77244,891016144,1000,1000,1000,1000,1000,1000,1000
136000,93710,637277,1350000000,8100000000,10000,60000,9959348145867,91109409,114238786,10393,1349906290,2000,5131,2094183,2699791794,2605654676,17394345324,21882370124,9983965877,16034123,5001071,102687496216,6278209800,1144,894450804,3780900,55601101200,7591406,2697884006,2693101720,3943981,10162773300,996056019,999999301,699,9920,999478600,521400,3590798000,892684000,0,897709160,999987120,12880,999928320,71680,897696280,1000,1000,1000,1000,1000,1000,1000,102687172629,6276421200,102785,893867749,4085900,55586359200,11721909,2701316709,2691929362,3990699,10160298900,996009301,999998737,1263,84138,999468376,531624,3589234424,893255200,2,897319240,999985824,14176,999926538,73462,897305062,1000,1000,1000,1000,1000,1000,1000,102687438409,6278085600,102475,894507729,3786600,55600180800,9906277,2700156877,2692969342,3935141,10162645200,996064859,999998669,1331,8028,999476286,523714,3590623114,892817400,6342,897668140,999991974,8026,999930628,69372,897653772,1000,1000,1000,1000,1000,1000,1000
137000,93720,637108,1360000000,8160000000,10000,60000,9959110977958,88831320,112038957,1197,1359906280,2000,55,2109171,2719810166,2605850078,17394149922,21882262522,9983940349,16059651,5038815,102707422218,6324775300,2213,901163442,3754700,56013516200,6008173,2716256023,2713079146,3918157,10235941500,996081843,999998834,1166,18977,999455431,544569,3617436569,899324100,7060,904371360,999993123,6877,999922177,77823,904357423,1000,1000,1000,1000,1000,1000,1000,102707228342,6322982900,1138,900627997,3863500,55998765000,12391904,2721941854,2711878799,3991848,10233527100,996008152,999998508,1492,10860,999474161,525839,3615835939,899906800,1,903964520,999992621,7379,999925860,74140,903957140,1000,1000,1000,1000,1000,1000,1000,102707521499,6324702700,1177,901021340,3827600,56013083800,10935060,2721164960,2712944855,3925265,10235895900,996074735,999986957,13043,6592,999478537,521463,3617257563,899480800,6861,904326300,999993269,6731,999930192,69808,904312708,1000,1000,1000,1000,1000,1000,1000
138000,95480,620461,1370000000,8220000000,10000,60000,9958871101559,89192871,112399576,11344,1369904520,2000,62166,2087853,2739786352,2605800530,17394199470,21882255870,9983957887,16042113,5076739,102727279868,6371359200,103007,907882168,3798400,56426087200,6820307,2737030857,2733053166,3971333,10309127400,996028667,999998758,1242,10125,999449459,550541,3644066241,905967300,4,911027020,999986059,13941,999925025,74975,911013075,1000,1000,1000,1000,1000,1000,1000,102727154192,6369536600,1138,907271367,3922800,56411122800,11458167,2740961267,2731854859,3948914,10306668900,996051086,999976924,23076,55810,999427251,572749,3642472149,906576400,1,910620280,999997011,2989,999913110,86890,910617290,1000,1000,1000,1000,1000,1000,1000,102727458895,6371249700,1179,907543905,3955500,56425369000,11145899,2741325249,2732901124,3832283,10309002600,996167717,999987141,12859,87958,999476234,523766,3643867666,906123800,6420,910974460,999998502,1498,999924458,75542,910966542,1000,1000,1000,1000,1000,1000,1000
139000,95410,620239,1380000000,8280000000,10000,60000,9958633238431,87587608,110904129,2371,1379904590,2000,62198,2112683,2759804438,2605784539,17394215461,21882271161,9983910637,16089363,5114475,102747349391,6417977500,2185,914165948,4079200,56839000600,7457271,2757647621,2753035035,3927714,10382315700,996072286,999996306,3694,85392,999438657,561343,3670711743,912633500,1,917681620,999995089,4911,999920092,79908,917676708,1000,1000,1000,1000,1000,1000,1000,102747026017,6416044200,104199,913889840,3998000,56823024400,11169412,2760602912,2751753633,3895532,10379726100,996104468,999999704,296,86772,999478139,521861,3668999561,913212100,3,917261780,999984151,15849,999931272,68728,917245928,1000,1000,1000,1000,1000,1000,1000,102747327953,6417821500,102443,914254846,3982600,56837830200,10930330,2761067030,2752856755,3865810,10382173200,996134190,999999242,758,78332,999498877,501123,3670471423,912755000,6461,917633880,999987249,12751,999933432,66568,917614668,1000,1000,1000,1000,1000,1000,1000
140000,95540,632271,1390000000,8340000000,10000,60000,9958391217914,90115262,113446051,1115,1389904460,2000,531,2124799,2779806690,2605822376,17394177624,21882245524,9983946021,16053979,5152011,102767259403,6464498900,1105,921180216,3729600,57251029000,7974126,2778101076,2772995687,3951212,10455497700,996048788,999987548,12452,9436,999424049,575951,3697327151,919257700,1,924332760,999998705,1295,999913536,86464,924331464,1000,1000,1000,1000,1000,1000,1000,102767037702,6462645600,102682,920893877,3642100,57235840000,11444581,2780853881,2771695183,3948015,10453066200,996051985,999999243,757,11828,999475745,524255,3695588255,919927600,1,923909040,999984033,15967,999933928,66072,923893072,1000,1000,1000,1000,1000,1000,1000,102767268934,6464410000,104058,920773124,4152600,57250483200,10308291,2780412241,2772845350,3916452,10455351600,996083548,999999416,584,81364,999466414,533586,3697123986,919415400,2,924288080,999990558,9442,999923464,76536,924278636,1000,1000,1000,1000,1000,1000,1000
141000,94320,630997,1400000000,8400000000,10000,60000,9958152449496,89408468,112772281,1221,1399905680,2000,62867,2112095,2799808918,2606020364,17393979636,21882075536,9983937925,16062075,5189643,102787167511,6511120200,103101,927949367,3692300,57663941200,8328664,2798434964,2792949730,3985964,10528762200,996014036,999996568,3432,11304,999449174,550826,3723930726,925925100,2,930987740,999993258,6742,999926604,73396,930980996,1000,1000,1000,1000,1000,1000,1000,102787057592,6509284400,2150,926986206,4176200,57648876800,9547304,2798941554,2791731170,3867307,10526213700,996132693,999985721,14279,80114,999417744,582256,3722307756,926567100,2,930578000,999998588,1412,999919314,80686,930576586,1000,1000,1000,1000,1000,1000,1000,102787347231,6510977300,2166,927329109,4122600,57662920200,11869268,2801929618,2792783102,3848131,10528529100,996151869,999994830,5170,88399,999491897,508103,3723707203,926065000,6540,930941440,999989201,10799,999932499,67501,930924101,1000,1000,1000,1000,1000,1000,1000
142000,96140,624401,1410000000,8460000000,10000,60000,9957912091781,90261873,113635547,10313,1409903860,2000,62472,2095380,2819787094,2606050954,17393949046,21882042446,9983948920,16051080,5227214,102807170576,6557581400,1103,934413044,3769100,58075451600,8100119,2818118169,2812869514,3840617,10601741100,996159383,999999510,490,83393,999451379,548621,3750491321,932548100,6520,937632420,999995907,4093,999923493,76507,937621807,1000,1000,1000,1000,1000,1000,1000,102806978194,6555906200,104615,933742504,4134900,58061874000,9868926,2819247776,2811683492,3874472,10599506700,996125528,999999275,725,89303,999460111,539889,3748908789,933240300,2,937232900,999992399,7601,999923203,76797,937225297,1000,1000,1000,1000,1000,1000,1000,102807301466,6557579200,2214,934306853,3818100,58075683200,11914382,2821947182,2812767519,3995028,10601836800,996004972,999989288,10712,11860,999476441,523559,3750355159,932720400,6941,937599180,999995401,4599,999925960,74040,937587640,1000,1000,1000,1000,1000,1000,1000
143000,94880,616069,1420000000,8520000000,10000,60000,9957675177711,87709515,111123424,2185,1419905120,2000,550,2119839,2839805870,2606151726,17393848274,21881898074,9983970561,16029439,5264631,102827176137,6604215500,1140,941067283,3765000,58488555000,7870844,2837878594,2832840922,3964369,10675058100,996035631,999998628,1372,19759,999457137,542863,3777120663,939237700,6840,944288280,999998301,1699,999920259,79741,944279741,1000,1000,1000,1000,1000,1000,1000,102827073147,6602478200,2181,940644813,3758200,58474400400,9764061,2839104311,2831618228,3946588,10672796700,996053412,999992064,7936,3776,999479948,520052,3775486952,939915900,0,943880780,999987944,12056,999928976,71024,943868724,1000,1000,1000,1000,1000,1000,1000,102827260227,6604137400,1105,941106513,3654700,58488061200,12413826,2842400476,2832721112,3989028,10675033500,996010972,999999372,628,16744,999492232,507768,3776958768,939358200,6540,944252340,999991856,8144,999926444,73556,944237656,1000,1000,1000,1000,1000,1000,1000
144000,95320,631714,1430000000,8580000000,10000,60000,9957437060570,86292327,109664988,10964,1429904680,2000,107,2098129,2859787432,2606326497,17393673503,21881708303,9984027471,15972529,5302003,102847081527,6650828800,102410,947865269,3709500,58901448800,8439287,2858426237,2852800438,3983990,10748334600,996016010,999995769,4231,6579,999467441,532559,3803730759,945920800,4,950939800,999990525,9475,999924579,75421,950930321,1000,1000,1000,1000,1000,1000,1000,102846930986,6649088600,103206,947064954,4114400,58887242800,9006012,2858322612,2851601312,3960032,10745955900,996039968,999997496,2504,83164,999464952,535048,3802134648,946578200,6460,950541100,999998696,1304,999922064,77936,950533336,1000,1000,1000,1000,1000,1000,1000,102847130973,6650737900,104155,947696086,3816500,58900803000,12661380,2862619330,2852688107,3838182,10748214900,996161818,999999558,442,86076,999497969,502031,3803582031,946013900,6141,950906400,999993665,6335,999928076,71924,950893924,1000,1000,1000,1000,1000,1000,1000
145000,95270,629620,1440000000,8640000000,10000,60000,9957193659945,90214083,113663294,10662,1439904730,2000,514,2099875,2879788136,2606307628,17393692372,21881793172,9983990205,16009795,5339541,102867131493,6697381100,1055,954140805,3998500,59313765400,7936307,2877874007,2872748026,3883763,10821413400,996116237,999998679,1321,84416,999453990,546010,3830329310,952586400,6782,957592240,999995826,4174,999924416,75584,957581284,1000,1000,1000,1000,1000,1000,1000,102866981621,6695659700,2196,953649559,4076600,59299688200,9365118,2878638168,2871564022,3839741,10819131300,996160259,999999180,820,85739,999470917,529083,3828751783,953209800,6380,957194880,999999261,739,999925839,74161,957187761,1000,1000,1000,1000,1000,1000,1000,102867034209,6697277700,102669,954268189,3940700,59312966600,12956991,2882857691,2872671946,3911850,10821304800,996088150,999997376,2624,88926,999455380,544620,3830227120,952642600,2,957561600,999993576,6424,999921126,78874,957555174,1000,1000,1000,1000,1000,1000,1000
146000,96750,621390,1450000000,8700000000,10000,60000,9956954051296,90354786,113908458,1198,1449903250,2000,5684,2111868,2899804104,2606411582,17393588418,21881750318,9983935412,16064588,5377216,102886976660,6744016400,102779,960879959,4056200,59726792000,7673819,2897596269,2892768733,3921150,10894676100,996078850,999978663,21337,70813,999424380,575620,3857024220,959224800,1,964257760,999997728,2272,999916013,83987,964255487,1000,1000,1000,1000,1000,1000,1000,102886950144,6742208300,1060,960421116,3954300,59711994200,9636298,2898859898,2891511044,3821483,10892310600,996178517,999999351,649,87968,999472024,527976,3855343376,959870700,0,963846380,999985952,14048,999928768,71232,963832332,1000,1000,1000,1000,1000,1000,1000,102886958008,6743808500,104468,960928849,3923900,59725115400,13073109,2902916759,2892628093,3833128,10894438500,996166872,999981620,18380,63192,999462599,537401,3856836701,959266800,3,964210880,999997731,2269,999912592,87408,964208608,1000,1000,1000,1000,1000,1000,1000
147000,95360,630030,1460000000,8760000000,10000,60000,9956713256644,91644668,115186259,10651,1459904640,2000,540,2098913,2919787978,2606403712,17393596288,21881657988,9983972047,16027953,5414725,102907066496,6790646100,2036,967666624,3817000,60139784200,7126822,2917032572,2912744132,4013525,10968004800,995986475,999998669,1331,20944,999439712,560288,3883658788,965878400,6480,970921300,999999836,164,999919944,80056,970914656,1000,1000,1000,1000,1000,1000,1000,102906814886,6788771200,103760,967554814,3571900,60124473600,9536609,2918719809,2911449976,3934341,10965596100,996065659,999998723,1277,9482,999467106,532894,3881932894,966561600,5920,970490060,999998778,1222,999921882,78118,970482918,1000,1000,1000,1000,1000,1000,1000,102906941041,6790367800,103253,967775118,3693600,60137458000,13821899,2923617049,2912560983,3939553,10967646900,996060447,999998051,1949,15898,999497515,502485,3883409985,965905300,1,970862980,999986023,13977,999928498,71502,970849002,1000,1000,1000,1000,1000,1000,1000
148000,96020,630381,1470000000,8820000000,10000,60000,9956475064841,90329597,113945409,2267,1469903980,2000,85,2104286,2939803426,2606531338,17393468662,21881645762,9983940814,16059186,5452340,102927003402,6837129400,2171,974212378,3898100,60551519600,6634669,2936463469,2932654658,3806425,11041035000,996193575,999986916,13084,64691,999450933,549067,3910205667,972529200,6600,977559240,999998369,1631,999920791,79209,977551009,1000,1000,1000,1000,1000,1000,1000,102926904684,6835403000,2099,973573491,4110200,60537458800,10585510,2939751310,2931432753,3867800,11038737600,996132200,999999161,839,90261,999474008,525992,3908574692,973211500,6725,977155600,999993064,6936,999929461,70539,977141939,1000,1000,1000,1000,1000,1000,1000,102926974980,6836990600,1019,974124620,3952500,60550366000,13380705,2943154755,2932574174,3892197,11040829800,996107803,999997530,2470,85133,999455859,544141,3910098541,972551200,6520,977531960,999998927,1073,999918133,81867,977524367,1000,1000,1000,1000,1000,1000,1000
149000,95070,631317,1480000000,8880000000,10000,60000,9956235032958,90857206,114453496,9671,1479904930,2000,5152,2097472,2959790518,2606519964,17393480036,21881543436,9983991088,16008912,5489906,102946865463,6883678800,103850,981267776,3606400,60963844800,5554682,2955335132,2952594917,3960641,11114263200,996039359,999994712,5288,17471,999436054,563946,3936792446,979214500,6521,984206380,999997670,2330,999920371,79629,984197529,1000,1000,1000,1000,1000,1000,1000,102946895955,6882002000,1039,980450461,3866500,60950223200,10973416,2960112116,2951400960,3911203,11112027900,996088797,999999301,699,75798,999497438,502562,3935194762,979860600,4,983813360,999980446,19554,999930798,69202,983793802,1000,1000,1000,1000,1000,1000,1000,102946967797,6883584300,2105,981015603,3701700,60963037400,14174483,2963916283,2952526532,3955491,11114110200,996044509,999998925,1075,8934,999468202,531798,3936698098,979216600,0,984183400,999988166,11834,999929134,70866,984171566,1000,1000,1000,1000,1000,1000,1000
150000,94710,625989,1490000000,8940000000,10000,60000,9955997509031,88896792,112481800,10575,1489905290,2000,45,2094678,2979789430,2606657223,17393342777,21881395477,9984036942,15963058,5527272,102966851604,6930275100,103332,987833174,3689000,61376571800,6362980,2976114330,2972559514,3974380,11187478800,996025620,999998992,1008,4812,999441498,558502,3963409102,985879700,2,990860340,999989250,10750,999922812,77188,990849588,1000,1000,1000,1000,1000,1000,1000,102966752700,6928596000,104421,987348658,3738200,61362924800,9829896,2978938196,2971372864,3961199,11185290600,996038801,999992406,7594,3707,999483443,516557,3961826357,986527400,2,990465880,999987615,12385,999925907,74093,990453493,1000,1000,1000,1000,1000,1000,1000,102966882051,6930234800,102791,987216568,4239100,61376250400,14585140,2984321440,2972500431,3911299,11187305100,996088701,999999713,287,83014,999488383,511617,3963330017,985892000,1,990841260,999988327,11673,999932614,67386,990829586,1000,1000,1000,1000,1000,1000,1000
151000,96360,622367,1500000000,9000000000,10000,60000,9955755928520,90969091,114608658,10391,1499903640,2000,62298,2085269,2999786498,2606747211,17393252789,21881389189,9984010291,15989709,5564589,102986887269,6976817100,2064,994450050,3640400,61788800600,5902484,2995600384,2992515637,3930023,11260625100,996069977,999993234,6766,4411,999422274,577726,3990018126,992534100,1,997510660,999991830,8170,999918811,81189,997502489,1000,1000,1000,1000,1000,1000,1000,102986818882,6975193000,994,993795155,3860100,61775642000,10777967,2999856467,2991345433,3964215,11258488500,996035785,999992807,7193,10692,999465759,534241,3988458141,993197100,3,997120020,999992691,7309,999923292,76708,997112708,1000,1000,1000,1000,1000,1000,1000,102986900410,6976803000,1086,993977490,4052500,61788648400,14168334,3003858484,2992486276,3860071,11260497600,996139929,999998203,1797,78432,999477056,522944,3989979544,992501000,6220,997505960,999993528,6472,999929432,70568,997493268,1000,1000,1000,1000,1000,1000,1000
152000,94220,638874,1510000000,9060000000,10000,60000,9955517610879,89750779,113432310,10204,1509905780,2000,515,2099279,3019791152,2606671358,17393328642,21881431742,9984019881,15980119,5602133,103006922880,7023486200,2113,1000751497,3975700,62202179600,5840569,3015541019,3012491175,3918659,11333888700,996081341,999999290,710,89631,999448156,551844,4016650144,999217300,3,1004173240,999985732,14268,999926331,73669,1004158969,1000,1000,1000,1000,1000,1000,1000,103006642191,7021655900,104691,1000580729,3814500,62187166200,9047409,3018038309,3011249572,3874303,11331508500,996125697,999998997,1003,19294,999468422,531578,4014994878,999844400,0,1003758960,999986346,13654,999928794,71206,1003745306,1000,1000,1000,1000,1000,1000,1000,103006765269,7023374900,103880,1000939107,3834200,62201146600,16131483,3025781283,3012445170,3981225,11333741100,996018775,999999208,792,11283,999488113,511887,4016588987,999147200,4,1004157540,999986281,13719,999931483,68517,1004143817,1000,1000,1000,1000,1000,1000,1000
153000,93820,623999,1520000000,9120000000,10000,60000,9955278630171,89266358,113097427,2310,1519906180,2000,516,2114329,3039807740,2606685529,17393314471,21881440771,9983923311,16076689,5640051,103026822339,7070066600,1066,1007749781,3663700,62614696400,5226182,3034886382,3032498110,3918461,11407141200,996081539,999998696,1304,16835,999427025,572975,4043330775,1005816400,6660,1010839440,999999885,115,999913535,86465,1010832665,1000,1000,1000,1000,1000,1000,1000,103026662194,7068202000,999,1007170945,3793000,62599418400,9567982,3038506382,3031217857,3920590,11404651500,996079410,999994121,5879,11831,999445174,554826,4041622726,1006483700,1,1010408120,999996750,3250,999920331,79669,1010404869,1000,1000,1000,1000,1000,1000,1000,103026721866,7069918300,103921,1007643231,3760800,62613403800,16384771,3045982721,3032386539,3981611,11406901200,996018389,999995040,4960,12229,999505690,494310,4043176910,1005790900,3,1010805800,999984574,15426,999932029,67971,1010790371,1000,1000,1000,1000,1000,1000,1000
154000,95140,624691,1530000000,9180000000,10000,60000,9955039465558,88944231,112778834,1093,1529904860,2000,36,2110969,3059807534,2606708789,17393291211,21881348811,9983953991,16046009,5677625,103046774395,7116608300,1043,1014333185,3744800,63026875800,4760257,3054363957,3052441448,3943074,11480245500,996056926,999998720,1280,20446,999409198,590802,4069919102,1012478200,0,1017486140,999991514,8486,999923246,76754,1017477654,1000,1000,1000,1000,1000,1000,1000,103046547354,7114832600,103861,1013933424,3779400,63012405200,11367541,3060288791,3051201828,3936821,11477921400,996063179,999998226,1774,14105,999464677,535323,4068265923,1013121800,2,1017073640,999990457,9543,999926005,73995,1017064095,1000,1000,1000,1000,1000,1000,1000,103046784709,7116497200,959,1014367806,3620000,63026017600,15158575,3064722525,3052354643,4019296,11480145900,995980704,999998952,1048,4556,999472313,527687,4069802387,1012483900,5,1017459160,999988589,11411,999921556,78444,1017447744,1000,1000,1000,1000,1000,1000,1000
155000,95190,630126,1540000000,9240000000,10000,60000,9954801220363,87696099,111518231,10720,1539904810,2000,81,2093452,3079788180,2606904062,17393095938,21881181838,9983986428,16013572,5715108,103066677060,7163202700,102574,1021171294,3627600,63439625400,5958922,3075535172,3072387518,3999726,11553512100,996000274,999997004,2996,11478,999441960,558040,4096512140,1019148200,6,1024138280,999986348,13652,999925578,74422,1024124622,1000,1000,1000,1000,1000,1000,1000,103066511988,7161429400,104274,1020697632,3654900,63425095600,11484479,3080374279,3071164952,3974921,11551160100,996025079,999998675,1325,19954,999479902,520098,4094886398,1019763500,6100,1023728160,999999386,614,999928354,71646,1023721446,1000,1000,1000,1000,1000,1000,1000,103066646124,7163092600,103542,1021000996,3749200,63438698800,13928242,3083460342,3072316296,3888384,11553331800,996111616,999999706,294,15022,999466526,533474,4096421474,1019147800,7240,1024113180,999999238,762,999923222,76778,1024105178,1000,1000,1000,1000,1000,1000,1000
156000,95070,626627,1550000000,9300000000,10000,60000,9954562087652,87307961,111176377,10454,1549904930,2000,62548,2097164,3099788952,2606829813,17393170187,21881244787,9983981396,16018604,5752648,103086723636,7209758000,951,1027667643,3673700,63851973600,5632372,3095160972,3092340201,3989404,11626659300,996010596,999997833,2167,20729,999450328,549672,4123118072,1025788000,6261,1030790720,999993412,6588,999922929,77071,1030777871,1000,1000,1000,1000,1000,1000,1000,103086491198,7208030800,103273,1027148660,3862100,63837848800,11806569,3100668269,3091137144,3974081,11624350200,996025919,999999438,562,14657,999483013,516987,4121513787,1026419200,6642,1030390500,999992785,7215,999930757,69243,1030376643,1000,1000,1000,1000,1000,1000,1000,103086742449,7209648200,2010,1027268451,3986600,63851062800,13996184,3103481584,3092235574,3843289,11626437900,996156711,999999342,658,79853,999504879,495121,4122978021,1025810500,7240,1030757920,999991767,8233,999934953,65047,1030742447,1000,1000,1000,1000,1000,1000,1000
157000,94150,631674,1560000000,9360000000,10000,60000,9954319054296,90844125,114754619,2150,1559905850,2000,62912,2108694,3119807400,2606950721,17393049279,21881062579,9983988626,16011374,5790426,103106723660,7256398400,1905,1034342196,3670500,64265094400,5403612,3114922212,3112327866,4003978,11699960700,995996022,999998833,1167,15655,999441989,558011,4149765411,1032468600,4,1037452780,999984769,15231,999923655,76345,1037437545,1000,1000,1000,1000,1000,1000,1000,103106460793,7254639800,104382,1033926285,3746600,64250682800,12175551,3121013251,3111116348,3984258,11697621300,996015742,999993483,6517,6225,999480077,519923,4148153423,1033077500,6382,1037048580,999994877,5123,999927325,72675,1037037075,1000,1000,1000,1000,1000,1000,1000,103106675926,7256180600,1942,1034016713,3903900,64263228400,13940751,3123369951,3112194607,3878479,11699582700,996121521,999993535,6465,83956,999488249,511751,4149588451,1032459500,1,1037406920,999986925,13075,999928356,71644,1037393844,1000,1000,1000,1000,1000,1000,1000
158000,96060,631174,1570000000,9420000000,10000,60000,9954082616935,87769042,111692478,11615,1569903940,2000,5807,2085386,3139784650,2607031777,17392968223,21881039923,9983989854,16010146,5827904,103126591157,7303012700,103405,1041068143,3713800,64677960600,4906607,3134402557,3132302052,4001508,11773202700,995998492,999999462,538,9054,999430402,569598,4176401498,1039139200,5780,1044108940,999996286,3714,999921354,78646,1044099446,1000,1000,1000,1000,1000,1000,1000,103126499089,7301264700,1061,1040399466,3873800,64663604600,12011108,3140828308,3131137375,3931099,11770835100,996068901,999997649,2351,61750,999441675,558325,4174849125,1039713300,5,1043713880,999997875,2125,999918550,81450,1043711750,1000,1000,1000,1000,1000,1000,1000,103126486277,7302678900,102988,1040685283,3981700,64675044200,14776754,3144132154,3132123210,3832788,11772624900,996167212,999999343,657,88555,999484545,515455,4176164055,1039094100,7020,1044048540,999999325,675,999927255,72745,1044040845,1000,1000,1000,1000,1000,1000,1000
159000,95370,634123,1580000000,9480000000,10000,60000,9953841786957,89140747,113128644,2334,1579904630,2000,5316,2107805,3159804592,2607109804,17392890196,21880952996,9983985335,16014665,5865427,103146566441,7349584100,103728,1047787018,3638100,65090516200,5337484,3154796734,3152252273,4001219,11846424600,995998781,999999442,558,11723,999438150,561850,4203002050,1045812700,6821,1050759540,999997058,2942,999915823,84177,1050749777,1000,1000,1000,1000,1000,1000,1000,103146428179,7347856600,103097,1047513339,3465000,65076305200,12023826,3160810826,3151066074,3969166,11844157200,996030834,999997458,2542,10692,999495018,504982,4201413982,1046382400,2,1050370260,999977650,22350,999934692,65308,1050347908,1000,1000,1000,1000,1000,1000,1000,103146532263,7349227700,1968,1047069935,4142000,65087339400,14447751,3163753001,3152079884,3855865,11845744200,996144135,999995342,4658,80777,999491593,508407,4202772307,1045729400,6522,1050701560,999997385,2615,999924777,75223,1050692423,1000,1000,1000,1000,1000,1000,1000
160000,95410,643529,1590000000,9540000000,10000,60000,9953603042804,88386499,112400230,1387,1589904590,2000,59,2113725,3179806406,2607112703,17392887297,21880945497,9984002955,15997045,5902961,103166526386,7396150400,103261,1054125734,3950100,65502938400,5417095,3174831945,3172202022,3923855,11919516000,996076145,999998404,1596,83749,999435727,564273,4229602373,1052470900,6980,1057408300,999999031,969,999920349,79651,1057400351,1000,1000,1000,1000,1000,1000,1000,103166368663,7394500600,104327,1053795075,3890000,65489417200,10900646,3179676646,3171086358,3985144,11917358400,996014856,999999074,926,16930,999452272,547728,4228113028,1053038100,2,1057033020,999993652,6348,999921930,78070,1057026670,1000,1000,1000,1000,1000,1000,1000,103166416543,7395769700,104177,1053884037,4050500,65499597000,15594221,3184847821,3172000100,3847578,11918912100,996152422,999999818,182,81840,999518040,481960,4229329260,1052397400,6620,1057348400,999987380,12620,999933340,66660,1057329160,1000,1000,1000,1000,1000,1000,1000
161000,95820,623298,1600000000,9600000000,10000,60000,9953363190604,88761190,112858843,1242,1599904180,2000,5520,2115977,3199805876,2607166294,17392833706,21880981106,9983958903,16041097,5940579,103186541111,7442651200,1928,1060628569,4001200,65914790400,4954232,3194297232,3192145154,3863571,11992575600,996136429,999989384,10616,72013,999427959,572041,4256193141,1059099700,6620,1064055800,999998807,1193,999917213,82787,1064047987,1000,1000,1000,1000,1000,1000,1000,103186431193,7441012600,933,1060284507,3902100,65901368400,11453136,3200162086,3190999856,3841782,11990430600,996158218,999999924,76,82842,999496386,503614,4254662114,1059664700,6720,1063682060,999986918,13082,999932442,67558,1063662258,1000,1000,1000,1000,1000,1000,1000,103186369295,7442404500,103461,1060999962,3635400,65912625000,15673364,3204911864,3192008393,3963221,11992282200,996036779,999993373,6627,11852,999479559,520441,4256010141,1059059800,6563,1064011460,999996851,3149,999925752,74248,1064001748,1000,1000,1000,1000,1000,1000,1000
162000,96570,627781,1610000000,9660000000,10000,60000,9953123772276,88685701,112824770,2330,1609903430,2000,5199,2117169,3219802200,2607196877,17392803123,21880913023,9983956211,16043789,5978111,103206457878,7489286200,103269,1067649721,3732700,66327847600,5304446,3214634146,3212116801,3896735,12065913900,996103265,999995884,4116,84849,999438148,561852,4282816552,1065777900,1,1070717300,999982452,17548,999927049,72951,1070699751,1000,1000,1000,1000,1000,1000,1000,103206282481,7487561300,103877,1067336853,3601900,66313665000,11639308,3220298208,3210946842,3954064,12063656700,996045936,999998350,1650,7786,999490344,509656,4281257656,1066326300,6,1070325220,999985600,14400,999932686,67314,1070310814,1000,1000,1000,1000,1000,1000,1000,103206427212,7488952600,972,1067136386,4017800,66324864400,15249716,3224434666,3211952342,3856919,12065323800,996143081,999999847,153,83828,999511186,488814,4282599914,1065676100,7202,1070664400,999990374,9626,999935128,64872,1070647572,1000,1000,1000,1000,1000,1000,1000
163000,94240,622059,1620000000,9720000000,10000,60000,9952887478638,85519497,109659680,9799,1619905760,2000,61944,2092961,3239791922,2607307935,17392692065,21880709865,9983968599,16031401,6015821,103226523934,7535872400,961,1074271984,3650500,66740466400,5693777,3234988877,3232079428,3928145,12139149000,996071855,999999810,190,22265,999447037,552963,4309434863,1072426100,2,1077368560,999986877,13123,999926765,73235,1077355435,1000,1000,1000,1000,1000,1000,1000,103226390953,7534244300,1888,1073820567,3703200,66727171000,11367273,3240034923,3230957866,4074359,12137004600,995925641,999999506,494,9647,999473681,526319,4307939019,1073013600,0,1076995560,999985593,14407,999927847,72153,1076981153,1000,1000,1000,1000,1000,1000,1000,103226354953,7535508700,1939,1074172346,3648900,66737175800,15157297,3244292197,3231921551,3936964,12138555900,996063036,999999228,772,9364,999499713,500287,4309226187,1072305000,6741,1077319020,999992357,7643,999934264,65736,1077304636,1000,1000,1000,1000,1000,1000,1000
164000,95410,633362,1630000000,9780000000,10000,60000,9952643805239,89710323,113851102,9930,1629904590,2000,63241,2091559,3259789320,2607410062,17392589938,21880619838,9984003841,15996159,6053061,103246455884,7582347900,995,1080900294,3675800,67152146200,5602721,3254818371,3251983212,3921086,12212194800,996078914,999997979,2021,4993,999431181,568819,4335975019,1079108500,6682,1084006280,999992209,7791,999924793,75207,1083991807,1000,1000,1000,1000,1000,1000,1000,103246284256,7580945800,102815,1080290103,4015500,67140840400,11764260,3260448560,3250983965,3972137,12210326100,996027863,999988494,11506,70357,999459492,540508,4334644808,1079687100,1,1083662280,999998564,1436,999916357,83643,1083660843,1000,1000,1000,1000,1000,1000,1000,103246311404,7582092900,955,1080431673,4047700,67149785000,14936516,3264036466,3251901831,3900437,12211665900,996099563,999999390,610,86953,999497722,502278,4335864678,1078944500,3,1083976140,999986710,13290,999930153,69847,1083962847,1000,1000,1000,1000,1000,1000,1000
165000,93610,622556,1640000000,9840000000,10000,60000,9952407334190,86687984,110861914,2175,1639906390,2000,5651,2105800,3279808430,2607602274,17392397726,21880431626,9984022780,15977220,6090910,103266272001,7628837900,103626,1087681339,3618600,67563895800,5092594,3274231344,3271909282,3938805,12285255000,996061195,999992414,7586,5509,999450427,549573,4362543573,1085723100,6040,1090646740,999993591,6409,999926109,73891,1090634291,1000,1000,1000,1000,1000,1000,1000,103266335370,7627677300,104304,1087169129,3799100,67554765800,12697264,3281410464,3270990943,4007403,12283824600,995992597,999994761,5239,9058,999475315,524685,4361320185,1086380000,6781,1090339240,999996783,3217,999921658,78342,1090329242,1000,1000,1000,1000,1000,1000,1000,103266176994,7628677700,103086,1087511386,3743700,67562437800,14662335,3283729985,3271863220,3969273,12284962800,996030727,999983733,16267,6960,999473740,526260,4362481960,1085637200,0,1090625740,999993000,7000,999923660,76340,1090618740,1000,1000,1000,1000,1000,1000,1000
166000,95760,627397,1650000000,9900000000,10000,60000,9952165166602,89328910,113509912,10808,1649904240,2000,465,2084838,3299786864,2607523512,17392476488,21880510288,9984032302,15967698,6128466,103286323889,7675420500,1012,1094144347,3744600,67976469800,3673770,3292775570,3291896582,4010522,12358424400,995989478,999996689,3311,8567,999422185,577815,4389189815,1092374700,4,1097310120,999983117,16883,999923667,76333,1097293233,1000,1000,1000,1000,1000,1000,1000,103286283002,7674279300,103420,1093919872,3727900,67967450600,15234341,3303915091,3290981186,3974188,12357042900,996025812,999998462,1538,9374,999452788,547212,4387973212,1093017700,6,1096997140,999994892,5108,999925774,74226,1096992026,1000,1000,1000,1000,1000,1000,1000,103286232126,7675187600,1970,1093738914,4038100,67974409600,13679327,3302681477,3291774376,3873177,12357987000,996126823,999994109,5891,79632,999491256,508744,4389031444,1092298300,6060,1097266300,999996828,3172,999926232,73768,1097257068,1000,1000,1000,1000,1000,1000,1000
167000,95620,628633,1660000000,9960000000,10000,60000,9951926904823,88089878,112283245,10893,1659904380,2000,545,2105093,3319786974,2607582901,17392417099,21880508199,9984077867,15922133,6166141,103306288084,7722019600,1866,1100500995,4031200,68389228800,4597013,3313671363,3311861239,3890901,12431589900,996109099,999988151,11849,69450,999430811,569189,4415814489,1099032500,6401,1103961140,999998511,1489,999917650,82350,1103953250,1000,1000,1000,1000,1000,1000,1000,103306247011,7720845500,103264,1100553608,3725600,68379923800,15324676,3323964226,3310936309,3940269,12430229100,996059731,999998594,1406,11025,999473816,526184,4414579584,1099659300,1,1103649760,999993516,6484,999923125,76875,1103643275,1000,1000,1000,1000,1000,1000,1000,103306115135,7721706600,103927,1100576145,3947700,68386494800,12792633,3321735233,3311682932,3894944,12431129400,996105056,999993598,6402,82654,999484922,515078,4415571978,1099006900,0,1103904840,999984206,15794,999932354,67646,1103889046,1000,1000,1000,1000,1000,1000,1000
168000,95470,617184,1670000000,10020000000,10000,60000,9951688544887,86985633,111273845,9457,1669904530,2000,61908,2096666,3339790146,2607606220,17392393780,21880415480,9984012034,15987966,6203580,103326139742,7768656800,103360,1107339158,3978600,68802232800,5024536,3334081986,3331880332,3959429,12504859800,996040571,999998763,1237,79534,999417402,582598,4442504598,1105651000,0,1110631800,999992466,7534,999917634,82366,1110624266,1000,1000,1000,1000,1000,1000,1000,103326280940,7767382600,1816,1106710820,4128100,68792105200,15743488,3344327238,3330886576,3857595,12503263500,996142405,999992947,7053,73752,999458976,541024,4441181824,1106311600,0,1110296080,999999168,832,999919852,80148,1110295248,1000,1000,1000,1000,1000,1000,1000,103326043408,7768293900,103013,1107501592,3692300,68799078200,12006034,3340911684,3331666266,3979507,12504383100,996020493,999999314,686,19507,999471141,528859,4442221559,1105636000,6340,1110562020,999999613,387,999927307,72693,1110555293,1000,1000,1000,1000,1000,1000,1000
169000,96460,640005,1680000000,10080000000,10000,60000,9951448369510,87667046,112006097,2262,1679903540,2000,476,2101295,3359802556,2607699256,17392300744,21880344044,9984003165,15996835,6240921,103346168020,7815193800,895,1114218759,3680700,69214359600,4025090,3353023340,3351831149,3937312,12578041800,996062688,999993517,6483,9905,999386856,613144,4469107344,1112305000,6661,1117285420,999997436,2564,999921105,78895,1117276195,1000,1000,1000,1000,1000,1000,1000,103346139938,7813961500,104452,1113924242,3670800,69204667000,16017318,3364563818,3350851580,3959789,12576564900,996040211,999980519,19481,10830,999461250,538750,4467801450,1112961800,0,1116951840,999998030,1970,999918630,81370,1116949870,1000,1000,1000,1000,1000,1000,1000,103346167155,7814916600,907,1113611602,4101100,69212088400,12881411,3361772361,3351632969,3927418,12577578300,996072582,999997172,2828,82654,999511285,488715,4468837915,1112298000,3,1117223080,999981869,18131,999929754,70246,1117204946,1000,1000,1000,1000,1000,1000,1000
170000,94110,620975,1690000000,10140000000,10000,60000,9951205660775,90865813,115184757,9741,1689905890,2000,61962,2100346,3379792298,2607767688,17392232312,21880349812,9984060014,15939986,6278612,103366120611,7861871800,104073,1120811168,3820800,69627929200,4381804,3373393404,3371806983,3977660,12651414900,996022340,999993288,6712,9128,999412745,587255,4495740155,1119021700,1,1123940640,999992533,7467,999915428,84572,1123933172,1000,1000,1000,1000,1000,1000,1000,103366108610,7860492100,103397,1120014708,4203600,69616770600,15966265,3384452915,3370775120,3828787,12649554600,996171213,999999856,144,93769,999485349,514651,4494362551,1119606600,2,1123600260,999987173,12827,999931369,68631,1123587431,1000,1000,1000,1000,1000,1000,1000,103366084642,7861447000,1859,1120303532,4089600,69624178000,12640494,3381470744,3371589100,3878039,12650684700,996121961,999999306,694,87567,999481167,518833,4495447433,1118945400,6,1123872440,999985899,14101,999928167,71833,1123858333,1000,1000,1000,1000,1000,1000,1000
171000,94670,631511,1700000000,10200000000,10000,60000,9950967121527,89936832,114362262,2171,1699905330,2000,545,2106012,3399806318,2607871059,17392128941,21880186641,9983996588,16003412,6316006,103386077926,7908418000,104239,1127099154,4128300,70040146400,5713981,3394670881,3391738310,3912674,12724465800,996087326,999994929,5071,86355,999466545,533455,4522315855,1125627200,6540,1130589760,999994325,5675,999926655,73345,1130577545,1000,1000,1000,1000,1000,1000,1000,103386160158,7907086100,1855,1126941742,3835900,70029465800,15197977,3403653827,3390751118,3926508,12722863500,996073492,999992879,7121,15771,999481553,518447,4521001347,1126254400,6680,1130257340,999999569,431,999924171,75829,1130250229,1000,1000,1000,1000,1000,1000,1000,103386073795,7908097900,1863,1126971203,4087800,70037362200,12220336,3401043236,3391584626,3907430,12723991500,996092570,999999216,784,80586,999480060,519940,4522108340,1125605300,2,1130537200,999986516,13484,999928386,71614,1130523714,1000,1000,1000,1000,1000,1000,1000
172000,94240,633890,1710000000,10260000000,10000,60000,9950728857969,88678244,113150987,1183,1709905760,2000,5829,2109589,3419809154,2607834813,17392165187,21880206987,9983990291,16009709,6353445,103406057258,7955022900,104392,1134137842,3754300,70452919400,6082947,3415012547,3411708600,3976775,12797788800,996023225,999995825,4175,6050,999462050,537950,4548941450,1132292000,6900,1137249800,999989950,10050,999930850,69150,1137232850,1000,1000,1000,1000,1000,1000,1000,103406087355,7953610200,952,1133493205,3938700,70441471600,14522153,3422912853,3410701102,3861205,12795914400,996138795,999999074,926,90069,999480667,519333,4547599133,1132872800,6580,1136911620,999992991,7009,999930769,69231,1136898031,1000,1000,1000,1000,1000,1000,1000,103405930899,7954662100,103884,1134013999,3809000,70449802600,12654981,3421434881,3411535376,4001367,12797238300,995998633,999995328,4672,12961,999465585,534415,4548710715,1132281200,2,1137184700,999990641,9359,999926961,73039,1137175339,1000,1000,1000,1000,1000,1000,1000
173000,95620,634122,1720000000,10320000000,10000,60000,9950489459819,88583967,113086829,1193,1719904380,2000,5235,2112688,3439806374,2607860086,17392139914,21880205014,9984000772,15999228,6390946,103426084242,8001579400,1776,1140236398,4226600,70865294800,6222889,3435106389,3431683108,3919051,12870845700,996080949,999990457,9543,71306,999440598,559402,4575577102,1138936900,6700,1143901820,999998874,1126,999918406,81594,1143893994,1000,1000,1000,1000,1000,1000,1000,103426049341,8000185000,1686,1140085419,4004400,70854042000,14587421,3442941921,3430660462,3877478,12869111700,996122522,999987887,12113,70109,999473247,526753,4574213453,1139546300,6900,1143561380,999998511,1489,999923009,76991,1143552991,1000,1000,1000,1000,1000,1000,1000,103425886384,8001244100,104579,1140490696,3984800,70862399400,12567883,3441312333,3431499098,3895943,12870394500,996104057,999998564,1436,77921,999468623,531377,4575332077,1138933000,6400,1143839540,999999839,161,999922221,77779,1143832979,1000,1000,1000,1000,1000,1000,1000
174000,92770,628823,1730000000,10380000000,10000,60000,9950250250726,88293520,112767898,11421,1729907230,2000,5758,2084960,3459791618,2608070546,17391929454,21879900254,9984038680,15961320,6428098,103446106716,8048214500,1799,1147061744,4041900,71278364200,4923493,3453794443,3451644350,3913841,12944172300,996086159,999999546,454,80405,999459555,540445,4602189145,1145620600,6640,1150561400,999990035,9965,999927805,72195,1150544795,1000,1000,1000,1000,1000,1000,1000,103445992927,8046873000,104282,1146800853,4026100,71267577200,15202817,3463567267,3450640034,3939849,12942478200,996060151,999993452,6548,84603,999502169,497831,4600850931,1146231700,6600,1150224840,999992657,7343,999933203,66797,1150210897,1000,1000,1000,1000,1000,1000,1000,103445822508,8047792500,104255,1147363632,3755100,71274625800,13313659,3462003709,3451455178,3974974,12943578000,996025026,999992995,7005,21521,999477843,522157,4601939957,1145549900,6700,1150492320,999999159,841,999927621,72379,1150484779,1000,1000,1000,1000,1000,1000,1000
175000,94450,640226,1740000000,10440000000,10000,60000,9950011478879,87576024,112077587,10335,1739905550,2000,5398,2091433,3479790430,2608080603,17391919397,21879942697,9984055687,15944313,6465817,103465883063,8094695000,104924,1153780217,4096300,71690008400,6092702,3474881352,3471591682,3878917,13017186000,996121083,999987046,12954,79129,999432847,567153,4628788453,1152238300,6300,1157204440,999998631,1369,999920929,79071,1157196771,1000,1000,1000,1000,1000,1000,1000,103466061676,8093454400,898,1153584384,3821700,71680210400,14397764,3482729114,3470608164,3964448,13015750500,996035552,999999706,294,18958,999468894,531106,4627475206,1152926900,0,1156874080,999992962,7038,999924658,75342,1156867042,1000,1000,1000,1000,1000,1000,1000,103465786577,8094414000,104195,1153737840,4067200,71687610400,13070010,3481743910,3471460009,3954278,13016785500,996045722,999998102,1898,65824,999453815,546185,4628612685,1152215100,3,1157154660,999998019,1981,999913524,86476,1157152676,1000,1000,1000,1000,1000,1000,1000
176000,93110,626242,1750000000,10500000000,10000,60000,9949773799363,85786446,110390202,2338,1749906890,2000,62523,2113352,3499809104,2608170709,17391829291,21879890491,9984012988,15987012,6503392,103485878887,8141291600,102637,1160755753,3756000,72102764800,6906638,3495667988,3491543284,3957290,13090506300,996042710,999998298,1702,16508,999446024,553976,4655390676,1158917100,6640,1163855140,999998892,1108,999921508,78492,1163847392,1000,1000,1000,1000,1000,1000,1000,103486042036,8140061100,907,1160358284,3677800,72092993400,13523842,3501828292,3490576138,4029944,13089015300,995970056,999999425,575,3581,999503243,496757,4654098457,1159555000,6920,1163538420,999990819,9181,999929881,70119,1163522319,1000,1000,1000,1000,1000,1000,1000,103485718329,8140907800,104464,1160481011,3953300,72099366000,13218055,3501814955,3491373578,3848865,13089854100,996151135,999987196,12804,67531,999468953,531047,4655164247,1158846600,6560,1163798800,999998429,1571,999923331,76669,1163790669,1000,1000,1000,1000,1000,1000,1000
177000,93710,633950,1760000000,10560000000,10000,60000,9949532079972,88009669,112634534,10630,1759906290,2000,458,2098445,3519791320,2608178041,17391821959,21879915159,9984014875,15985125,6541295,103505939643,8187878200,1714,1167112277,3953200,72515348400,8769309,3517493809,3511510062,3940379,13163649300,996059621,999988598,11402,70619,999447657,552343,4682012943,1165559200,7120,1170511420,999998581,1419,999926319,73681,1170502881,1000,1000,1000,1000,1000,1000,1000,103505807073,8186505000,103792,1167102107,3708900,72504319600,13047184,3521254034,3510505510,3825897,13161964200,996174103,999984852,15148,73955,999468945,531055,4680673455,1166180000,6540,1170176160,999998325,1675,999923355,76645,1170167945,1000,1000,1000,1000,1000,1000,1000,103505809575,8187552900,893,1167184524,3834100,72512541000,12028049,3520617749,3511377287,3959410,13163199900,996040590,999999766,234,9756,999446269,553731,4681833931,1165525700,1,1170464000,999992645,7355,999916856,83144,1170456644,1000,1000,1000,1000,1000,1000,1000
178000,94140,625220,1770000000,10620000000,10000,60000,9949291913916,88693116,113338079,10007,1769905860,2000,62627,2094057,3539791706,2608286032,17391713968,21879766568,9984028283,15971717,6579189,103525864123,8234538300,103878,1174088697,3725100,72928694200,8602260,3537328360,3531491166,4014211,13237057200,995985789,999998378,1622,4767,999464601,535399,4708652899,1172248600,6820,1177174520,999994033,5967,999924367,75633,1177161733,1000,1000,1000,1000,1000,1000,1000,103525897681,8233103300,1765,1173613095,3736100,72917017000,13732873,3541908523,3530466772,3957632,13235187900,996042368,999999814,186,11782,999484110,515890,4707284390,1172830800,4,1176831540,999986082,13918,999934382,65618,1176817618,1000,1000,1000,1000,1000,1000,1000,103525658821,8234108500,103427,1174056899,3696000,72924838600,11536420,3540075270,3531317088,3944173,13236368100,996055827,999998789,1211,11816,999462928,537072,4708422572,1172161400,6280,1177112400,999999364,636,999925316,74684,1177105484,1000,1000,1000,1000,1000,1000,1000
179000,93410,632034,1780000000,10680000000,10000,60000,9949051309574,89812726,114523735,1263,1779906590,2000,63208,2105155,3559810654,2608443900,17391556100,21879590600,9984010865,15989135,6616719,103545834865,8281166000,103825,1180834053,3642900,73341632800,8534125,3557240425,3551489198,4020363,13310328000,995979637,999999293,707,4530,999466132,533868,4735314168,1178878900,2,1183839260,999985712,14288,999928430,71570,1183824970,1000,1000,1000,1000,1000,1000,1000,103545739491,8279648000,104384,1180397329,3699300,73329296800,12756346,3560881396,3550413490,3940659,13308347100,996059341,999992384,7616,5525,999489635,510365,4733882565,1179480000,6540,1183481880,999993735,6265,999928825,71175,1183469075,1000,1000,1000,1000,1000,1000,1000,103545658032,8280728400,104482,1180655848,3751700,73337816800,12660437,3561182937,3551289964,3978303,13309639200,996021697,999999741,259,7538,999464574,535426,4735051126,1178845900,0,1183767640,999993522,6478,999922238,77762,1183761162,1000,1000,1000,1000,1000,1000,1000
180000,96340,634073,1790000000,10740000000,10000,60000,9948813098845,88487673,113206253,11678,1789903660,2000,63217,2077416,3579783964,2608414918,17391585082,21879622482,9984012844,15987156,6654008,103565777516,8327741800,104436,1187206321,3944400,73754178800,8538558,3577207008,3571467449,3940627,13383447600,996059373,999999011,989,81684,999450535,549465,4761952765,1185528700,3,1190496820,999988499,11501,999919584,80416,1190485316,1000,1000,1000,1000,1000,1000,1000,103565746556,8326132200,1628,1186852117,3806600,73740967600,12453475,3580497425,3570354577,3863595,13381338000,996136405,999999423,577,91628,999470351,529649,4760468149,1186105100,7,1190127440,999986139,13861,999930728,69272,1190113572,1000,1000,1000,1000,1000,1000,1000,103565755563,8327360000,848,1186891135,4057800,73750837600,13090927,3581598277,3571260444,3904712,13382843700,996095288,999990949,9051,69737,999480193,519807,4761680207,1185509000,7362,1190428280,999998845,1155,999925537,74463,1190419763,1000,1000,1000,1000,1000,1000,1000
181000,97910,636715,1800000000,10800000000,10000,60000,9948576015645,86105366,110863938,10946,1799902090,2000,55,2083884,3599782288,2608447911,17391552089,21879606989,9984017056,15982944,6691744,103585873615,8374382800,1718,1193428265,4277600,74167302400,7950186,3596608736,3591449618,3925880,13456678800,996074120,999998691,1309,89011,999450293,549707,4788597207,1192203900,0,1197154440,999993149,6851,999918111,81889,1197147589,1000,1000,1000,1000,1000,1000,1000,103585541229,8372537600,103920,1193774209,3591900,74152024800,12727246,3600661596,3590225292,3865194,13454331900,996134806,999993177,6823,18483,999486791,513209,4786966809,1192746200,6722,1196748980,999999259,741,999927383,72617,1196741517,1000,1000,1000,1000,1000,1000,1000,103585633465,8374043100,104159,1193707015,4042700,74164285400,13580448,3602092898,3591295424,3956311,13456192200,996043689,999994319,5681,76408,999457684,542316,4788391516,1192157500,0,1197103240,999992852,7148,999922108,77892,1197096092,1000,1000,1000,1000,1000,1000,1000
182000,94090,638563,1810000000,10860000000,10000,60000,9948335338924,87314645,112153279,2218,1809905910,2000,57362,2106850,3619807384,2608525969,17391474031,21879511731,9983997730,16002270,6729514,103605837073,8421005600,871,1200583967,3805600,74580217600,7957581,3616595481,3611440924,3995999,13530042300,996004001,999981547,18453,8748,999426324,573676,4815253876,1198865800,0,1203815020,999997932,2068,999916848,83152,1203812952,1000,1000,1000,1000,1000,1000,1000,103605573956,8419055500,831,1200314964,3605500,74564053400,13795316,3621666716,3610169082,3925436,13527432900,996074564,999999165,835,17529,999476247,523753,4813558753,1199395100,6140,1203395880,999999931,69,999923029,76971,1203389671,1000,1000,1000,1000,1000,1000,1000,103605606366,8420646200,103470,1200263973,4143400,74577039600,12557678,3621041878,3611266495,3917280,13529399700,996082720,999999692,308,77712,999456217,543783,4815019683,1198814700,1,1203760120,999993069,6931,999924612,75388,1203753188,1000,1000,1000,1000,1000,1000,1000
183000,94090,621859,1820000000,10920000000,10000,60000,9948096349120,86825752,111625551,11499,1819905910,2000,5080,2087877,3639788822,2608648472,17391351528,21879376228,9984055103,15944897,6767025,103625812403,8467723300,103470,1207190136,3928000,74994041000,8646658,3637308808,3631412137,4045994,13603447200,995954006,999998985,1015,13191,999464454,535546,4841881946,1205578900,6601,1210479120,999997290,2710,999929191,70809,1210469809,1000,1000,1000,1000,1000,1000,1000,103625539075,8465620100,1709,1207023904,3556400,74976503400,12623869,3640452819,3630125183,3958831,13600623600,996041169,999997959,2041,16428,999474445,525555,4840164555,1206056700,6601,1210053040,999992933,7067,999922828,77172,1210039372,1000,1000,1000,1000,1000,1000,1000,103625624350,8467121000,1720,1206986988,3944100,74988674800,13209384,3641611434,3631180498,3850868,13602472500,996149132,999986858,13142,73790,999472392,527608,4841573508,1205441300,7282,1210401760,999998532,1468,999923890,76110,1210393010,1000,1000,1000,1000,1000,1000,1000
184000,95490,637284,1830000000,10980000000,10000,60000,9947854254181,89422781,114256882,1374,1829904510,2000,58,2106329,3659806272,2608796462,17391203538,21879233538,9984076791,15923209,6804563,103645919551,8514416400,838,1213838029,3854800,75407608800,8942266,3657615766,3651431194,3990022,13676836500,996009978,999993085,6915,12563,999461069,538931,4868573731,1212242800,6940,1217153060,999996417,3583,999926863,73137,1217142537,1000,1000,1000,1000,1000,1000,1000,103645414958,8512168900,104169,1213430941,3885100,75388781000,13509506,3661287206,3650050781,3869512,13673689800,996130488,999997221,2779,86809,999480728,519272,4866729872,1212731300,1,1216692600,999986492,13508,999934409,65591,1216679091,1000,1000,1000,1000,1000,1000,1000,103645511855,8513673300,103625,1213682082,3974200,75401026600,12104686,3660459686,3651113397,3922644,13675632600,996077356,999999004,996,77760,999497063,502937,4868145237,1212104400,3,1217049720,999982123,17877,999931460,68540,1217031840,1000,1000,1000,1000,1000,1000,1000
185000,95250,633742,1840000000,11040000000,10000,60000,9947613948352,90214097,115101116,9818,1839904750,2000,63487,2090255,3679789864,2608772249,17391227751,21879292651,9984045345,15954655,6842109,103665792719,8561033200,104808,1220512221,3941500,75820481600,9108460,3677759410,3671424102,3913294,13750053600,996086706,999999203,797,82509,999471607,528393,4895225893,1218873100,0,1223820520,999981271,18729,999929509,70491,1223801791,1000,1000,1000,1000,1000,1000,1000,103665449773,8558699200,852,1219767647,4084600,75800930400,12139974,3679860724,3669995210,3852117,13746777300,996147883,999995492,4508,82475,999488965,511035,4893325835,1219369000,6400,1223340360,999996665,3335,999927075,72925,1223330625,1000,1000,1000,1000,1000,1000,1000,103665454365,8560216800,103643,1220217655,4080400,75813256800,13381187,3681682637,3671053828,3907814,13748744100,996092186,999998950,1050,90536,999502208,497792,4894735792,1218751000,6720,1223696620,999992064,7936,999931936,68064,1223681964,1000,1000,1000,1000,1000,1000,1000
186000,96360,623671,1850000000,11100000000,10000,60000,9947378337250,86317960,111238847,9841,1849903640,2000,572,2088489,3699787598,2608759610,17391240390,21879265490,9984047211,15952789,6879609,103685803071,8607598600,1700,1227243389,3791400,76232884400,7681139,3696286589,3691414566,3937050,13823257500,996062950,999991407,8593,10257,999443391,556609,4921883609,1225496200,0,1230476480,999992563,7437,999918657,81343,1230469043,1000,1000,1000,1000,1000,1000,1000,103685300771,8605274400,102972,1226563203,4053400,76213387200,13981719,3701659119,3689965172,3906894,13819950300,996093106,999998975,1025,80681,999483509,516491,4919949191,1226002500,6,1229997140,999986885,13115,999935581,64419,1229984019,1000,1000,1000,1000,1000,1000,1000,103685454251,8606820300,104114,1227232505,3727500,76226083000,13152399,3701430049,3691011166,4019117,13822084500,995980883,999999072,928,10355,999489989,510011,4921343811,1225456500,4,1230345880,999986769,13231,999932355,67645,1230332645,1000,1000,1000,1000,1000,1000,1000
187000,94410,630014,1860000000,11160000000,10000,60000,9947135510945,89684120,114687517,1312,1859905590,2000,498,2111041,3719808556,2608831965,17391168035,21879184635,9984024739,15975261,6917095,103705744350,8654155000,1637,1233791210,3902000,76645223600,7146055,3715703155,3711370582,3857008,13896375300,996142992,999987937,12063,77229,999439647,560353,4948493653,1232140100,6780,1237131220,999998631,1369,999917729,82271,1237123071,1000,1000,1000,1000,1000,1000,1000,103705255383,8651871500,103916,1233287793,3988000,76626115000,13747182,3721395432,3709952070,3949065,13893188400,996050935,999998698,1302,88933,999488063,511937,4946598137,1232635300,4,1236659940,999986131,13869,999928933,71067,1236646067,1000,1000,1000,1000,1000,1000,1000,103705524738,8653360600,1605,1233743876,3758300,76638353200,14043901,3722270901,3710941692,3985619,13895233500,996014381,999999400,600,11581,999488689,511311,4947917911,1232140800,6,1236989260,999986965,13035,999930381,69619,1236976219,1000,1000,1000,1000,1000,1000,1000
188000,95090,623604,1870000000,11220000000,10000,60000,9946896828172,88839834,113832885,10206,1869904910,2000,56,2090743,3739789408,2608918106,17391081894,21879097994,9984052537,15947463,6954845,103725723360,8700790900,1660,1240433879,3931100,77058294600,6543795,3735088345,3731366439,3916115,13969656900,996083885,999986955,13045,79840,999426401,573599,4975154799,1238806100,1,1243789720,999998641,1359,999913440,86560,1243788360,1000,1000,1000,1000,1000,1000,1000,103725259750,8698387500,1654,1239946670,3891100,77038071000,13412607,3740993607,3729902084,3981727,13966301400,996018273,999998095,1905,19368,999471484,528516,4973202616,1239262400,6580,1243307600,999999512,488,999924968,75032,1243300532,1000,1000,1000,1000,1000,1000,1000,103725408206,8699997700,104759,1240314094,3951600,77051435400,15079388,3743294388,3730918790,3890030,13968472500,996109970,999993885,6115,75755,999485565,514435,4974558135,1238818600,6400,1243646500,999999245,755,999928355,71645,1243639345,1000,1000,1000,1000,1000,1000,1000
189000,94400,634437,1880000000,11280000000,10000,60000,9946658615655,87573027,112556806,11930,1879905600,2000,57,2087239,3759787340,2609037282,17390962718,21878923018,9984095861,15904139,6992401,103745621239,8747376200,105291,1247441681,3637200,77470905200,7151254,3755660804,3751299980,4022672,14042937600,995977328,999989382,10618,6210,999470630,529370,5001731170,1245460200,6620,1250444220,999993590,6410,999925910,74090,1250431190,1000,1000,1000,1000,1000,1000,1000,103745186246,8745059700,104905,1246558174,4040600,77451513800,11672480,3759259630,3749884906,3941234,14039622900,996058766,999992651,7349,84917,999474511,525489,4999846289,1245968100,6240,1249968380,999999243,757,999924017,75983,1249961383,1000,1000,1000,1000,1000,1000,1000,103745357148,8746506900,104943,1247057392,3842300,77463391400,16296472,3764445072,3750845946,3887013,14041586700,996112987,999999010,990,78697,999500351,499649,5001124649,1245462500,6560,1250295100,999990163,9837,999930997,69003,1250278703,1000,1000,1000,1000,1000,1000,1000
190000,95170,625722,1890000000,11340000000,10000,60000,9946419156283,87525875,112618443,10603,1889904830,2000,55,2094414,3779788454,2608989058,17391010942,21879091642,9984031726,15968274,7029880,103765522892,8793888400,103400,1253916667,3836300,77882824800,6744019,3775184519,3771256511,3983850,14115969000,996016150,999998714,1286,13864,999442853,557147,5028341747,1252089000,6381,1257092420,999999197,803,999922164,77836,1257085236,1000,1000,1000,1000,1000,1000,1000,103765165614,8791669800,104699,1253482505,3769500,77864362800,11474359,3779038309,3769866017,3938960,14112942000,996061040,999997731,2269,12371,999479654,520346,5026485546,1252620800,1,1256626960,999992570,7430,999922371,77629,1256619529,1000,1000,1000,1000,1000,1000,1000,103765345365,8793036300,850,1253552993,3934200,77875471000,17063995,3785151395,3770831168,3882777,14114670900,996117223,999986182,13818,70105,999458437,541563,5027774363,1252080500,2,1256944780,999998417,1583,999918305,81695,1256943195,1000,1000,1000,1000,1000,1000,1000
191000,93590,642794,1900000000,11400000000,10000,60000,9946178232527,88958793,114053567,10621,1899906410,2000,58253,2089796,3799791578,2609126820,17390873180,21878894180,9984062264,15937736,7067242,103785682159,8840590000,729,1260224460,4068900,78296512800,6299208,3794757508,3791248267,3969870,14189314500,996030130,999998766,1234,86096,999465829,534171,5054993171,1258784200,1,1263758460,999986445,13555,999928496,71504,1263744904,1000,1000,1000,1000,1000,1000,1000,103785091688,8838240700,104094,1260194191,3720200,78276731000,10950643,3798466243,3789840111,3934092,14186093700,996065908,999996286,3714,6494,999478983,521017,5053118917,1259223800,6781,1263289280,999996307,3693,999930694,69306,1263278806,1000,1000,1000,1000,1000,1000,1000,103785243142,8839590100,104203,1260135358,4077600,78287877800,18031602,3806075202,3790747370,3887545,14187823200,996112455,999996560,3440,86515,999478045,521955,5054327655,1258778600,0,1263586800,999993485,6515,999922615,77385,1263580285,1000,1000,1000,1000,1000,1000,1000
192000,96610,622745,1910000000,11460000000,10000,60000,9945936502039,91212866,116394052,2272,1909903390,2000,56,2106950,3819802236,2609138105,17390861895,21878944995,9984030930,15969070,7105166,103805562791,8887072300,831,1267315286,3629000,78708167000,7031119,3815407519,3811195289,3931525,14262443100,996068475,999990399,9601,8774,999464685,535315,5081592015,1265376600,6303,1270408140,999994889,5111,999922774,77226,1270396726,1000,1000,1000,1000,1000,1000,1000,103805091572,8884838300,104431,1266617684,3939100,78689535000,11637148,3819128298,3809802974,3889733,14259288000,996110267,999999734,266,90801,999492427,507573,5079732073,1265901800,4,1269944780,999984323,15677,999926901,73099,1269929099,1000,1000,1000,1000,1000,1000,1000,103805224756,8886162200,104240,1266901143,3954200,78700381200,16837832,3824841382,3810689935,3981737,14261053200,996018263,999999569,431,4032,999486097,513903,5080916303,1265449600,1,1270237200,999989169,10831,999928732,71268,1270226368,1000,1000,1000,1000,1000,1000,1000
193000,93900,634530,1920000000,11520000000,10000,60000,9945697735166,90487365,115695991,1373,1919906100,2000,41,2116072,3839809454,2609218631,17390781369,21878804969,9984050208,15949792,7142762,103825442071,8933707200,104133,1273572207,4145700,79121180800,6241140,3834601540,3831185602,3930781,14335593900,996069219,999995849,4151,88668,999454766,545234,5108244134,1272035500,2,1277068540,999989994,10006,999927868,72132,1277058532,1000,1000,1000,1000,1000,1000,1000,103825060801,8931439400,103775,1273196539,4029100,79102309200,11762472,3839226872,3829767036,3913944,14332511400,996086056,999983736,16264,71092,999475056,524944,5106355444,1272587700,6700,1276596920,999998188,1812,999922192,77808,1276588408,1000,1000,1000,1000,1000,1000,1000,103825275872,8932690800,1639,1273926585,3456300,79112506400,17591717,3845537017,3830621423,3933754,14334272100,996066246,999999291,709,17037,999503914,496086,5107492786,1272093700,6463,1276885160,999992666,7334,999928837,71163,1276871363,1000,1000,1000,1000,1000,1000,1000
194000,96020,629533,1930000000,11580000000,10000,60000,9945459725252,88980287,114170677,10845,1929903980,2000,62747,2083020,3859786270,2609346139,17390653861,21878725861,9984072880,15927120,7180250,103845413490,8980317800,103973,1280774265,3602700,79534006000,5648431,3853984081,3851168433,3984767,14408959500,996015233,999999788,212,8521,999458888,541112,5134886712,1278679200,5,1283731880,999986404,13596,999928221,71779,1283718279,1000,1000,1000,1000,1000,1000,1000,103845096265,8978017700,857,1279824009,3997000,79514853000,11937318,3859363418,3849759186,3884596,14405710800,996115404,999975770,24230,56974,999434988,565012,5133011212,1279240500,6,1283255140,999996892,3108,999913474,86526,1283252026,1000,1000,1000,1000,1000,1000,1000,103845229656,8979272700,805,1280332403,3725700,79525082200,18051671,3865960221,3850594405,3949597,14407415100,996050403,999999084,916,18187,999478682,521318,5134123618,1278759200,1,1283535980,999993234,6766,999926387,73613,1283529213,1000,1000,1000,1000,1000,1000,1000
195000,96150,632456,1940000000,11640000000,10000,60000,9945220843138,88411991,113707767,1236,1939903850,2000,5739,2107148,3879805228,2609299729,17390700271,21878768371,9984029172,15970828,7217800,103865344198,9026808000,104916,1287114778,3916100,79945780000,5261052,3873521302,3871093360,3888645,14481939900,996111355,999999083,917,81938,999452478,547522,5161450822,1285329700,4,1290378440,999979026,20974,999930038,69962,1290357462,1000,1000,1000,1000,1000,1000,1000,103864985308,9024629300,105594,1286610952,3921000,79927680200,12992693,3880394043,3869714292,3963521,14478975000,996036479,999998855,1145,20334,999486342,513658,5159618558,1285871200,6940,1289912700,999998506,1494,999922334,77666,1289904266,1000,1000,1000,1000,1000,1000,1000,103865097244,9025821100,105384,1287305494,3489200,79937381400,17587760,3885446460,3870526246,3966811,14480618100,996033189,999998987,1013,7576,999499830,500170,5160698170,1285415700,6742,1290189140,999989526,10474,999931776,68224,1290171924,1000,1000,1000,1000,1000,1000,1000
196000,95460,636554,1950000000,11700000000,10000,60000,9944982117557,87649415,112924365,2119,1949904540,2000,496,2101108,3899804842,2609400672,17390599328,21878566528,9984081672,15918328,7255514,103885292886,9073438800,104401,1293668871,4053500,80358810400,4696502,3892942302,3891096159,3925611,14555192400,996074389,999992440,7560,79929,999421270,578730,5188127930,1291995200,6623,1297039240,999999154,846,999915429,84571,1297031771,1000,1000,1000,1000,1000,1000,1000,103885087813,9071249100,777,1292974566,4117700,80340573400,12691350,3900071050,3889680179,3946476,14552175000,996053524,999997706,2294,85230,999480751,519249,5186237449,1292551500,6601,1296572240,999991631,8369,999932430,67570,1296557270,1000,1000,1000,1000,1000,1000,1000,103885157598,9072396300,808,1293761280,3585700,80349940600,18527848,3906349598,3890487134,3950394,14553798300,996049606,999982596,17404,17902,999490568,509432,5187315832,1292084300,7002,1296836740,999998960,1040,999924102,75898,1296828698,1000,1000,1000,1000,1000,1000,1000
197000,96660,618253,1960000000,11760000000,10000,60000,9944739366672,90913018,116264568,1224,1959903340,2000,507,2107818,3919804232,2609373590,17390626410,21878698910,9984049562,15950438,7293294,103905338914,9119979600,1592,1300500104,3783200,80771007200,3595732,3911786232,3911042194,3926813,14628388200,996073187,999999115,885,10902,999406408,593592,5214722692,1298653300,6922,1303688120,999999300,700,999918102,81898,1303680498,1000,1000,1000,1000,1000,1000,1000,103905053359,9117817900,1625,1299870560,3870200,80753099800,15269066,3922610566,3909640703,4013394,14625440400,995986606,999998522,1478,8528,999482225,517775,5212850375,1299215500,1,1303221360,999988313,11687,999925228,74772,1303209672,1000,1000,1000,1000,1000,1000,1000,103905088285,9118934600,817,1300372494,3628800,80762069200,17221942,3924984442,3910451571,3954541,14626899900,996045459,999993375,6625,4334,999493163,506837,5213930537,1298691700,1,1303493640,999985327,14673,999930634,69366,1303478966,1000,1000,1000,1000,1000,1000,1000
198000,93780,634154,1970000000,11820000000,10000,60000,9944502963718,87835151,113262944,1223,1969906220,2000,5244,2114899,3939809994,2609393069,17390606931,21878638231,9984018081,15981919,7330975,103925303457,9166564900,815,1307122081,3824700,81183600200,4094911,3932249311,3931013970,3977244,14701579200,996022756,999986768,13232,7724,999397654,602346,5241349146,1305305900,2,1310343620,999991558,8442,999920924,79076,1310335176,1000,1000,1000,1000,1000,1000,1000,103924974012,9164318100,1598,1306706342,3667600,81164953800,15360137,3942629987,3929578234,3917878,14698548600,996082122,999998948,1052,17770,999495836,504164,5239433264,1305832200,6,1309868180,999986856,13144,999923370,76630,1309855030,1000,1000,1000,1000,1000,1000,1000,103924934756,9165558100,104901,1306902580,3895000,81175039400,16736104,3944481304,3930453478,3955322,14700104700,996044678,999985641,14359,64119,999459641,540359,5240604059,1305359000,4,1310152320,999998265,1735,999917119,82881,1310150581,1000,1000,1000,1000,1000,1000,1000
199000,96230,638659,1980000000,11880000000,10000,60000,9944261288461,89998061,115412367,1169,1979903770,2000,5867,2094704,3959805202,2609643922,17390356078,21878404878,9984049176,15950824,7368778,103945306500,9213230200,854,1313762780,3827600,81596939600,4292635,3952447585,3951006964,4032449,14774916300,995967551,999995967,4033,7518,999421854,578146,5268008146,1311959600,6780,1317011380,999996582,3418,999919118,80882,1317001182,1000,1000,1000,1000,1000,1000,1000,103944984119,9210990200,836,1312896280,4140400,81578310800,15702655,3962973305,3949571729,3920712,14771775600,996079288,999998997,1003,79885,999497656,502344,5266090844,1312503900,1,1316533500,999985616,14384,999929785,70215,1316519115,1000,1000,1000,1000,1000,1000,1000,103945022395,9212108000,761,1313303325,4002400,81587335200,16239634,3963934584,3950368576,3807565,14773228800,996192435,999992917,7083,90952,999491876,508124,5267157824,1312022100,6760,1316796840,999999168,832,999928852,71148,1316789248,1000,1000,1000,1000,1000,1000,1000
200000,95640,630247,1990000000,11940000000,10000,60000,9944025755067,86045920,111466525,10455,1989904360,2000,63001,2087295,3979787810,2609633387,17390366613,21878410013,9984072945,15927055,7406255,103965280866,9259817200,788,1320170394,4069800,82009532000,4152240,3972270840,3970965324,3954538,14848049100,996045462,999998856,1144,84518,999428094,571906,5294617506,1318611600,6540,1323667500,999991222,8778,999927818,72182,1323652182,1000,1000,1000,1000,1000,1000,1000,103964844666,9257561900,104274,1319811974,3990900,81990828600,15311099,3982542649,3969515600,3876064,14844999000,996123936,999998844,1156,78180,999479580,520420,5292687320,1319197400,6020,1323178180,999999560,440,999927080,72920,1323171720,1000,1000,1000,1000,1000,1000,1000,103964841717,9258627500,104573,1320098823,3962700,81999350200,16862313,3984493263,3970320300,3880138,14846334900,996119862,999999668,332,80530,999491630,508370,5293759170,1318645500,6020,1323448580,999996310,3690,999926730,73270,1323438870,1000,1000,1000,1000,1000,1000,1000
201000,94380,640975,2000000000,12000000000,10000,60000,9943786291955,86022121,111477181,1359,1999905620,2000,44,2110338,3999808522,2609771476,17390228524,21878350624,9984099182,15900818,7443904,103985140810,9306403200,104858,1327339130,3676700,82422200000,5023349,3993110449,3990938808,3981890,14921365500,996018110,999996646,3354,11956,999408148,591852,5321248652,1325288400,0,1330319120,999990724,9276,999919156,80844,1330309844,1000,1000,1000,1000,1000,1000,1000,103984961957,9304171800,765,1326075683,4262000,82403737200,14874672,4002086772,3989470072,3897725,14918217600,996102275,999999199,801,80774,999498202,501798,5319290898,1325887500,6700,1329835120,999992406,7594,999926774,73226,1329820826,1000,1000,1000,1000,1000,1000,1000,103984787963,9305185300,104903,1326874214,3840800,82411689000,16579360,4004161760,3990275493,3883171,14919524100,996116829,999995493,4507,13722,999489929,510071,5320366471,1325287900,6503,1330100040,999997441,2559,999929522,70478,1330090978,1000,1000,1000,1000,1000,1000,1000
202000,96130,623478,2010000000,12060000000,10000,60000,9943544648036,88148022,113676281,1236,2009903870,2000,5681,2117491,4019805268,2609824958,17390175042,21878350642,9984070729,15929271,7481497,104005225930,9352961700,1482,1333659410,3851100,82834585000,4567624,4012608974,4010864592,3864608,14994485100,996135392,999998812,1188,82304,999457912,542088,5347816688,1331929100,6540,1336966940,999991696,8304,999926904,73096,1336952096,1000,1000,1000,1000,1000,1000,1000,104004758567,9350707500,104434,1333012472,4123400,82815879800,15202988,4022357038,4009447185,3846672,14991357300,996153328,999998939,1061,91467,999451682,548318,5345929218,1332527800,1,1336483120,999998914,1086,999917367,82633,1336482033,1000,1000,1000,1000,1000,1000,1000,104004736753,9351759800,103764,1333647586,3738000,82824227600,16860579,4024404829,4010255541,3921614,14992739700,996078386,999998153,1847,13639,999474398,525602,5347005202,1331937600,1,1336756220,999993442,6558,999921639,78361,1336749661,1000,1000,1000,1000,1000,1000,1000
203000,94770,634495,2020000000,12120000000,10000,60000,9943305159486,88133909,113663328,1169,2019905230,2000,525,2112797,4039808122,2609732395,17390267605,21878278405,9984102503,15897497,7519125,104025070462,9399507200,104999,1340387577,3911000,83246834400,3949262,4031938012,4030820345,3896757,15067612800,996103243,999999044,956,80187,999424742,575258,5374421358,1338601700,1,1343618320,999982694,17306,999928687,71313,1343601013,1000,1000,1000,1000,1000,1000,1000,104024859208,9397309800,1539,1339710752,3963400,83228642800,14440336,4041566786,4029396882,3908832,15064625400,996091168,999996081,3919,79949,999469067,530933,5372527933,1339199000,6900,1343141680,999996271,3729,999925849,74151,1343131051,1000,1000,1000,1000,1000,1000,1000,104024698547,9398377600,105157,1340199652,3857000,83237128000,18336882,4045860182,4030245463,3993443,15065971800,996006557,999986211,13789,11368,999464705,535295,5373660095,1338590800,1,1343416200,999998433,1567,999916368,83632,1343414632,1000,1000,1000,1000,1000,1000,1000
204000,95320,625521,2030000000,12180000000,10000,60000,9943062476823,91357852,116944199,1141,2029904680,2000,5749,2109069,4059807078,2609901375,17390098625,21878168325,9984079291,15920709,7556569,104044995838,9446025400,104349,1346981979,3970800,83658874800,4637573,4052564073,4050765699,3826051,15140706900,996173949,999999480,520,83829,999414730,585270,5401016970,1345248900,3,1350263160,999988114,11886,999921129,78871,1350251271,1000,1000,1000,1000,1000,1000,1000,104044754657,9443924700,104049,1346488723,3911700,83641534200,14647947,4061753247,4049361756,3901971,15137894400,996098029,999999473,527,81602,999503646,496354,5399146054,1345846800,6860,1349800020,999991138,8862,999929802,70198,1349784298,1000,1000,1000,1000,1000,1000,1000,104044728436,9444984700,104907,1346662844,3987700,83649895800,17556010,4065051410,4050177358,3955770,15139162500,996044230,999999351,649,79381,999532623,467377,5400230177,1345234100,6540,1350078260,999981099,18901,999941081,58919,1350052819,1000,1000,1000,1000,1000,1000,1000
205000,95670,626517,2040000000,12240000000,10000,60000,9942828903921,85398998,110995606,11554,2039904330,2000,56341,2086356,4079785552,2609946319,17390053681,21878154981,9984083884,15916116,7594136,104065028619,9492610900,782,1353674818,3860400,84071462600,4614331,4072504381,4070752883,3959174,15213936000,996040826,999998141,1859,20167,999383984,616016,5427670116,1351895200,3,1356918420,999998816,1184,999913567,86433,1356917233,1000,1000,1000,1000,1000,1000,1000,104064705910,9490542000,104366,1353442269,3656300,84054411200,14825362,4081908312,4069361555,3982962,15211207200,996017038,999990354,9646,10092,999462937,537063,5425813763,1352513100,1,1356457140,999995069,4931,999923892,76108,1356452208,1000,1000,1000,1000,1000,1000,1000,104064600072,9491506400,105420,1353564808,3794800,84061948800,17470949,4084904449,4070164452,3823127,15212304600,996176873,999982091,17909,73764,999475312,524688,5426885288,1351867000,6720,1356729500,999998056,1944,999918564,81436,1356720836,1000,1000,1000,1000,1000,1000,1000
206000,95680,625484,2050000000,12300000000,10000,60000,9942585118397,89692203,115391624,10149,2049904320,2000,5625,2088479,4099788342,2609839700,17390160300,21878193400,9984020881,15979119,7631823,104085029651,9539216400,794,1360093609,4051300,84484254400,4726080,4092589930,4090705090,3894251,15287122500,996105749,999996066,3934,92315,999435425,564575,5454271175,1358532400,6620,1363579540,999993165,6835,999922615,77385,1363566085,1000,1000,1000,1000,1000,1000,1000,104084753027,9537075800,733,1359881173,3747400,84466566000,14724185,4101750085,4089299800,3962897,15284311200,996037103,999998817,1183,18920,999479320,520680,5452399480,1359149000,6720,1363107160,999999240,760,999924320,75680,1363099680,1000,1000,1000,1000,1000,1000,1000,104084557770,9538079000,105104,1360369907,3635700,84474360400,17641226,4105028876,4090123621,3982587,15285504300,996017413,999999045,955,9858,999480837,519163,5453494763,1358496000,3,1363381340,999989805,10195,999932558,67442,1363371142,1000,1000,1000,1000,1000,1000,1000
207000,95120,632573,2060000000,12360000000,10000,60000,9942348880009,86460876,112137256,2266,2059904880,2000,482,2110752,4119805228,2610022685,17389977315,21877951915,9984103708,15896292,7669336,104104957989,9585875500,104029,1366806790,4094700,84897571800,4915365,4112779165,4110673427,3939050,15360456000,996060950,999998956,1044,87506,999438479,561521,5480895621,1365245600,6901,1370235940,999993155,6845,999925706,74294,1370222194,1000,1000,1000,1000,1000,1000,1000,104104652721,9583615600,104924,1366368318,3968200,84878830400,13194784,4120169734,4109211189,3926526,15357411000,996073474,999999941,59,81915,999517426,482574,5478942274,1365824500,1,1369749020,999982066,17934,999934615,65385,1369731085,1000,1000,1000,1000,1000,1000,1000,104104641549,9584696300,1548,1366832031,3725100,84887326200,19047196,4126418046,4110099802,3966301,15358764000,996033699,999997300,2700,20299,999484597,515403,5480133003,1365169500,6780,1370040180,999999801,199,999921399,78601,1370033201,1000,1000,1000,1000,1000,1000,1000
208000,95800,620006,2070000000,12420000000,10000,60000,9942108289444,87556827,113287922,11402,2069904200,2000,61651,2085999,4139785596,2609989771,17390010229,21878093629,9984061781,15938219,7706877,104124808880,9632330900,104592,1373907240,3698700,85308973000,3319195,4131088645,4130635512,3938605,15433527000,996061395,999999329,671,11824,999383212,616788,5507510988,1371852700,0,1376884560,999990916,9084,999916524,83476,1376875476,1000,1000,1000,1000,1000,1000,1000,104124584003,9630215700,104892,1372784196,4243800,85291523400,13629265,4140572515,4129212669,3927286,15430562700,996072714,999999751,249,91365,999490496,509504,5505612204,1372454600,1,1376413600,999985936,14064,999929665,70335,1376399535,1000,1000,1000,1000,1000,1000,1000,104124611743,9631282400,758,1373577517,3636000,85299957600,20320133,4147657183,4130063266,3930507,15431994900,996069493,999993674,6326,9767,999481801,518199,5506750799,1371833200,6360,1376694560,999999333,667,999920767,79233,1376687533,1000,1000,1000,1000,1000,1000,1000
209000,94270,628027,2080000000,12480000000,10000,60000,9941869716455,86662748,112419351,2178,2079905730,2000,45,2117199,4159807104,2610056003,17389943997,21878123797,9984104841,15895159,7744245,104144683608,9678797700,104041,1380363050,3981600,85720484200,2061736,4149742286,4150575152,3823242,15506454600,996176758,999993325,6675,85183,999291831,708169,5534099969,1378532700,6922,1383532440,999999299,701,999911783,88217,1383524817,1000,1000,1000,1000,1000,1000,1000,104144636661,9676814300,1402,1379744159,3851200,85704227000,12816310,4159728710,4149201318,3859017,15503856900,996140983,999999738,262,91721,999482203,517797,5532263897,1379089200,0,1383076160,999986419,13581,999926921,73079,1383062579,1000,1000,1000,1000,1000,1000,1000,104144533193,9677864600,105116,1380180426,3763800,85712594000,22596882,4169900932,4149984253,3948351,15505192500,996051649,999999354,646,5103,999497950,502050,5533307850,1378545800,1,1383337060,999986538,13462,999932903,67097,1383323597,1000,1000,1000,1000,1000,1000,1000
210000,95780,631946,2090000000,12540000000,10000,60000,9941629622612,87274782,113050609,10331,2089904220,2000,63182,2089249,4179787778,2610206994,17389793006,21877887806,9984095251,15904749,7781829,104164705869,9725439200,105041,1387171471,3753600,86133652000,2932425,4170605775,4170537260,3904581,15579829800,996095419,999992651,7349,15470,999366310,633690,5560716190,1385171700,6940,1390186340,999999530,470,999913570,86430,1390178930,1000,1000,1000,1000,1000,1000,1000,104164607909,9723426100,713,1386623508,3627900,86117068200,12786646,4179675146,4169176609,3991127,15577161000,996008873,999999201,799,17574,999486465,513535,5558899735,1385741700,6803,1389737160,999992769,7231,999925974,74026,1389723126,1000,1000,1000,1000,1000,1000,1000,104164468901,9724440000,104286,1386882299,3728300,86125113600,21759351,4189023951,4169958042,3945881,15578382900,996054119,999997910,2090,20329,999486887,513113,5559943713,1385187800,6500,1389993200,999998971,1029,999925129,74871,1389985671,1000,1000,1000,1000,1000,1000,1000
211000,95270,620608,2100000000,12600000000,10000,60000,9941388646099,88772916,114610173,10299,2099904730,2000,5770,2089895,4199788862,2610139815,17389860185,21877934185,9984071845,15928155,7819207,104184778884,9772043300,1421,1393397534,4079300,86546425000,3688181,4191334331,4190520888,3918675,15652986900,996081325,999987810,12190,67535,999370147,629853,5587358553,1391812600,2,1396845560,999992107,7893,999913335,86665,1396837665,1000,1000,1000,1000,1000,1000,1000,104184477958,9770007000,104588,1392932020,4060600,86529618800,12399205,4199249505,4189139974,3836809,15650252400,996163191,999999091,909,84782,999505908,494092,5585512992,1392375300,2,1396393940,999979080,20920,999933382,66618,1396373018,1000,1000,1000,1000,1000,1000,1000,104184460022,9770972000,104877,1393233896,3998100,86537264800,21582236,4208789786,4189874392,3922131,15651445200,996077869,999999264,736,82233,999513141,486859,5586491459,1391853600,2,1396640260,999976809,23191,999939833,60167,1396617067,1000,1000,1000,1000,1000,1000,1000
212000,95990,627607,2110000000,12660000000,10000,60000,9941151344070,86581076,112449437,11325,2109904010,2000,40,2081791,4219785370,2610214846,17389785154,21877859654,9984070069,15929931,7856639,104204646202,9818673400,104622,1400263716,4025200,86959369200,2576550,4210202950,4210520242,3892674,15726247800,996107326,999996082,3918,80408,999333966,666034,5614021234,1398477000,2,1403518260,999982734,17266,999919608,80392,1403500992,1000,1000,1000,1000,1000,1000,1000,104204489765,9816563000,760,1399813634,3743000,86941933200,12949903,4219750353,4209113729,3951302,15723473100,996048698,999995177,4823,14975,999490046,509954,5612150854,1398997900,6441,1403045920,999997646,2354,999924975,75025,1403037125,1000,1000,1000,1000,1000,1000,1000,104204386266,9817493700,105942,1400393713,3499800,86949367400,22270300,4229419050,4209813447,3967538,15724682400,996032462,999999774,226,9636,999495189,504811,5613082211,1398523900,6841,1403282760,999992845,7155,999927436,72564,1403268764,1000,1000,1000,1000,1000,1000,1000
213000,93500,622239,2120000000,12720000000,10000,60000,9940912250510,86216302,112132755,11480,2119906500,2000,61758,2089313,4239790040,2610134312,17389865688,21877972288,9984067527,15932473,7894667,104224517792,9865154700,104057,1407538868,3489300,87371054200,1552008,4229098558,4230474374,3896912,15799404300,996103088,999997895,2105,16383,999242109,757891,5640631791,1405157600,6680,1410166220,999997877,2123,999904183,95817,1410157417,1000,1000,1000,1000,1000,1000,1000,104224290479,9863099500,104325,1406404495,3953000,87354111800,13039973,4239784523,4229096798,3946953,15796556400,996053047,999997721,2279,15968,999446770,553230,5638795230,1405636700,6,1409699940,999998498,1502,999911968,88032,1409698432,1000,1000,1000,1000,1000,1000,1000,104224470294,9864113200,1529,1406377605,4061800,87362249600,23306472,4250432922,4229794617,3930817,15797803500,996069183,999999158,842,81141,999502024,497976,5639721976,1405168600,1,1409939900,999987460,12540,999932941,67059,1409927359,1000,1000,1000,1000,1000,1000,1000
214000,93690,633978,2130000000,12780000000,10000,60000,9940672066025,86934528,112836562,11519,2129906310,2000,529,2092352,4259789582,2610029653,17389970347,21878174447,9984122568,15877432,7932250,104244377499,9911463500,1481,1413899638,3842200,87781115800,1108086,4248494886,4250409897,3688703,15872050200,996311297,999999063,937,84660,999072463,927537,5667208437,1411802800,3,1416812820,999985723,14277,999891360,108640,1416798540,1000,1000,1000,1000,1000,1000,1000,104244418373,9909706400,1492,1413044327,3817000,87766915200,15213448,4261932348,4249023090,3979648,15869826900,996020352,999990303,9697,12455,999491065,508935,5665362735,1412315400,7100,1416350900,999995845,4155,999928955,71045,1416339645,1000,1000,1000,1000,1000,1000,1000,104244377794,9910755800,105017,1413539346,3655800,87775441200,21817659,4268938259,4249767306,4007759,15871221300,995992241,999992796,7204,4837,999511131,488869,5666353769,1411861700,6880,1416601260,999992083,7917,999928137,71863,1416586463,1000,1000,1000,1000,1000,1000,1000
215000,93800,627192,2140000000,12840000000,10000,60000,9940433355874,86226716,112208858,2138,2139906200,2000,5767,2110418,4279808124,2609465590,17390534410,21879222510,9984098322,15901678,7970046,104263496059,9957320600,103606,1422773241,2439600,88186678000,435670,4267437970,4270417310,3331914,15944160600,996668086,999998969,1031,70755,998378045,1621955,5693885955,1418424600,7260,1423487280,999988625,11375,999847355,152645,1423468645,1000,1000,1000,1000,1000,1000,1000,104264401007,9956284100,1488,1419775113,3715800,88179483400,16043840,4282726040,4268967210,3943762,15943050000,996056238,999999127,873,11765,999508855,491145,5691954845,1418981000,6340,1422998280,999995695,4305,999932065,67935,1422987635,1000,1000,1000,1000,1000,1000,1000,104264331836,9957270700,103857,1419892658,3952300,88187420600,22148081,4289203031,4269692232,3869576,15944239500,996130424,999998707,1293,80931,999500999,499001,5692917301,1418530800,6,1423242100,999982975,17025,999935731,64269,1423225069,1000,1000,1000,1000,1000,1000,1000
216000,95010,630556,2150000000,12900000000,10000,60000,9940190896148,89305423,115322045,10124,2149904990,2000,5670,2092390,4299789732,2609667771,17390332229,21877958329,9984083370,15916630,8007602,104284340365,10004732500,767,1426679935,4310100,88607144200,1340642,4288695592,4290375452,4394855,16018513800,995605145,999992099,7901,6244,999146092,853908,5720498708,1425042500,6420,1430135360,999994316,5684,999899344,100656,1430123256,1000,1000,1000,1000,1000,1000,1000,104284358295,10002799800,729,1426312345,3830000,88591518800,14777626,4301397576,4288901704,3890891,16016124000,996109109,999998699,1301,82108,999505504,494496,5718528996,1425645500,0,1429647120,999980172,19828,999932608,67392,1429627292,1000,1000,1000,1000,1000,1000,1000,104284405623,10003913400,1487,1426551993,3861800,88600522800,22227106,4309270606,4289694516,3979395,16017559800,996020605,999998765,1235,9970,999494954,505046,5719588146,1425177500,4,1429907260,999986374,13626,999932770,67230,1429893630,1000,1000,1000,1000,1000,1000,1000
217000,95270,617278,2160000000,12960000000,10000,60000,9939951252590,89515754,115548181,10983,2159904730,2000,62133,2097133,4319787494,2610332744,17389667256,21878042956,9984110207,15889793,8045501,104303865219,10050900900,104331,1435242160,2761200,89015930600,749896,4307882946,4310299079,3629254,16091316000,996370746,999998304,1696,14750,998874971,1125029,5747064929,1431691400,6621,1436774000,999998471,1529,999868950,131050,1436765850,1000,1000,1000,1000,1000,1000,1000,104304326392,10049437500,1449,1433218366,3619400,89004602200,15445670,4322053620,4308894584,3987476,16089469800,996012524,999988723,11277,7847,999465563,534437,5745190937,1432337800,2,1436301880,999994475,5525,999925247,74753,1436296353,1000,1000,1000,1000,1000,1000,1000,104304364586,10050532900,664,1433079593,3996700,89013445000,22360323,4329384023,4309684499,3881864,16090779300,996118136,999987614,12386,77750,999493351,506649,5746245549,1431823000,6581,1436568980,999998651,1349,999924450,75550,1436561050,1000,1000,1000,1000,1000,1000,1000
218000,94310,635770,2170000000,13020000000,10000,60000,9939715870508,85749653,111831072,11507,2169905690,2000,5741,2087053,4339788366,2603732461,17396267539,21884423439,9984089147,15910853,8083513,104320462044,10094074400,105067,1444046955,3904300,89395028000,239086,4325669036,4330294525,3745230,16157666400,996254770,999994167,5833,73437,995592612,4407388,5773725788,1438327000,6801,1443438800,999999264,736,999783237,216763,1443431263,1000,1000,1000,1000,1000,1000,1000,104324322733,10096047100,701,1439883707,3591200,89417452600,16876352,4343461252,4328860864,4019831,16162728900,995980169,999991209,8791,3978,999488414,511586,5771809986,1438994100,0,1442962620,999986502,13498,999928178,71822,1442949122,1000,1000,1000,1000,1000,1000,1000,104324326941,10097071600,1473,1440013038,3695900,89425631200,23260201,4350228201,4329615723,3964900,16163979600,996035100,999998738,1262,20838,999508915,491085,5772818585,1438472900,6381,1443216380,999992863,7137,999932738,67262,1443202862,1000,1000,1000,1000,1000,1000,1000
219000,95820,626635,2180000000,13080000000,10000,60000,9939474754738,88239314,114350974,11019,2179904180,2000,512,2092538,4359786322,2602346352,17397653648,21885162548,9984102102,15897898,8121224,104340175388,10140317100,713,1447215607,7663100,89803771000,555365,4345751415,4350231061,4550641,16229296500,995449359,999993608,6392,3067,995208406,4791594,5800303394,1444955300,5,1450086400,999985938,14062,999852667,147333,1450072333,1000,1000,1000,1000,1000,1000,1000,104344328252,10142644100,689,1446038467,4075800,89830221800,17251267,4363809617,4348806165,3899503,16235861100,996100497,999998750,1250,79847,999500082,499918,5798402418,1445686800,1,1449613660,999982594,17406,999931147,68853,1449596253,1000,1000,1000,1000,1000,1000,1000,104344243524,10143648600,1478,1446660876,3758100,89838154800,22883221,4369811821,4349614632,3938871,16237153500,996061129,999998205,1795,9734,999455002,544998,5799485698,1445125100,0,1449872500,999998566,1434,999920334,79666,1449871066,1000,1000,1000,1000,1000,1000,1000
220000,95580,638661,2190000000,13140000000,10000,60000,9939235444579,88628116,114792475,1161,2189904420,2000,469,2103341,4379806518,2608044395,17391955605,21880167005,9984097799,15902201,8158817,104361778904,10188489300,1394,1456996356,2885100,90232685800,420021,4366401721,4370192428,3848962,16306782600,996151038,999993528,6472,4266,996863038,3136962,5826920462,1451654000,6740,1456743100,999991674,8326,999797866,202134,1456728034,1000,1000,1000,1000,1000,1000,1000,104364244451,10189209700,738,1452834249,3948100,90242589800,17382947,4383893597,4368778754,3843508,16309037100,996156492,999986471,13529,66763,999485709,514291,5825037791,1452309400,6640,1456267320,999998357,1643,999929363,70637,1456259037,1000,1000,1000,1000,1000,1000,1000,104364174001,10190292400,104614,1453015277,4114700,90251300000,22145852,4389065552,4369575128,3907846,16310371200,996092154,999993451,6549,90705,999508577,491423,5826095723,1451782100,2,1456533940,999986657,13343,999932405,67595,1456520595,1000,1000,1000,1000,1000,1000,1000
221000,94900,629074,2200000000,13200000000,10000,60000,9938995097203,89723577,115903093,1389,2199905100,2000,96,2104794,4399807422,2609997380,17390002620,21877177420,9984121886,15878114,8196608,104383149474,10236551600,1416,1461547126,3657500,90659623200,416828,4387074328,4390165240,4815434,16382628000,995184566,999997864,2136,17730,998192190,1807810,5853553610,1458332600,6900,1463395400,999999870,130,999848230,151770,1463388370,1000,1000,1000,1000,1000,1000,1000,104384124319,10235788700,104857,1459805581,3723100,90655180600,17437456,4403912656,4388735616,4002343,16382301900,995997657,999999335,665,10792,999496976,503024,5851643024,1458972100,0,1462920800,999986608,13392,999930892,69108,1462907408,1000,1000,1000,1000,1000,1000,1000,104384197341,10236845300,1423,1459843798,3869600,90663636200,21512246,4408383846,4389553443,3885801,16383576600,996114199,999998889,1111,89188,999477845,522155,5852735255,1458428000,1,1463189820,999991993,8007,999920288,79712,1463181812,1000,1000,1000,1000,1000,1000,1000
222000,94550,629868,2210000000,13260000000,10000,60000,9938754171486,91181803,117395335,11513,2209905450,2000,88,2092258,4419787874,2610524489,17389475511,21877802011,9984112942,15887058,8234216,104402871365,10282977500,105398,1467172775,4957600,91070610200,467519,4407008469,4410113198,3627531,16455232200,996372469,999998852,1148,82621,998024223,1975777,5880148577,1465013500,6760,1470049200,999992939,7061,999860221,139779,1470035379,1000,1000,1000,1000,1000,1000,1000,104404070177,10282314500,105641,1466444380,3707300,91067256200,17703123,4424117323,4408666965,3959663,16455412200,996040337,999998569,1431,20106,999518541,481459,5878218159,1465605600,3,1469564580,999986617,13383,999934906,65094,1469551194,1000,1000,1000,1000,1000,1000,1000,104404175602,10283424000,718,1466217098,4109400,91076116800,21414952,4428244252,4409496100,3897709,16456701000,996102291,999998949,1051,82240,999521840,478160,5879323860,1465047500,7040,1469847620,999987180,12820,999937640,62360,1469827760,1000,1000,1000,1000,1000,1000,1000
223000,93250,625187,2220000000,13320000000,10000,60000,9938521619325,84281303,110540030,11556,2219906750,2000,5725,2090539,4439790388,2611299628,17388700372,21876018172,9984103861,15896139,8272049,104423886770,10330507800,685,1471541010,6184700,91492511600,1257362,4428225862,4430052270,4620627,16530029400,995379373,999984612,15388,71585,998960215,1039785,5906735785,1471670200,0,1476685240,999998275,1725,999887285,112715,1476683515,1000,1000,1000,1000,1000,1000,1000,104424134212,10328998200,1435,1472719226,4029500,91480671600,16571652,4442988852,4428707900,3953315,16528668900,996046685,999999064,936,81549,999500549,499451,5904941151,1472228900,6442,1476247840,999991853,8147,999930549,69451,1476233251,1000,1000,1000,1000,1000,1000,1000,104424024713,10329983600,104310,1472917506,4182200,91488498400,21371174,4448154374,4429447317,3854821,16529850000,996145179,999999562,438,83541,999499324,500676,5905926776,1471723100,6321,1476494720,999991060,8940,999937741,62259,1476479459,1000,1000,1000,1000,1000,1000,1000
224000,93410,639583,2230000000,13380000000,10000,60000,9938276610097,89661250,116009192,10744,2229906590,2000,58259,2099850,4459791692,2612777647,17387222353,21875270753,9984061990,15938010,8310082,104443984791,10377322500,104201,1480232849,3961600,91907296200,1715236,4448755936,4449997932,3975599,16604109300,996024401,999991263,8737,10364,999251732,748268,5933329068,1478259500,6320,1483341980,999995476,4524,999909964,90036,1483331136,1000,1000,1000,1000,1000,1000,1000,104444093074,10375545400,728,1479509362,3902300,91893012400,16776268,4463146368,4448656648,4018526,16601877600,995981474,999995260,4740,8434,999480786,519214,5931539114,1478915100,4,1482891720,999990750,9250,999922734,77266,1482882466,1000,1000,1000,1000,1000,1000,1000,104444002211,10376567400,105108,1479782469,3939200,91901161200,20648204,4467399854,4449406374,3838773,16603124700,996161227,999995146,4854,81573,999531499,468501,5932538701,1478369000,6340,1483148060,999990607,9393,999931773,68227,1483132327,1000,1000,1000,1000,1000,1000,1000
225000,95380,641819,2240000000,13440000000,10000,60000,9938035801132,90854414,117256126,2210,2239904620,2000,57925,2102892,4479804820,2612682646,17387317354,21875380954,9984048868,15951132,8347688,104463938699,10423743000,695,1487199397,3630400,92318369200,1288211,4468218411,4469936000,3935915,16677092400,996064085,999999413,587,7198,999158898,841102,5959910002,1484908900,4,1489988000,999986006,13994,999908598,91402,1489974002,1000,1000,1000,1000,1000,1000,1000,104464092366,10422154400,1406,1486388112,3658100,92305832800,17860039,4484205289,4468613690,3948656,16675171200,996051344,999993580,6420,2724,999503734,496266,5958146266,1485576600,2,1489548540,999984038,15962,999931324,68676,1489532576,1000,1000,1000,1000,1000,1000,1000,104464060548,10423226100,688,1486503251,3830200,92314364200,20132056,4486876556,4469436875,4003289,16676457000,995996711,999985201,14799,16812,999484937,515063,5959246463,1485020500,1,1489817700,999991889,8111,999927512,72488,1489809588,1000,1000,1000,1000,1000,1000,1000
226000,96630,633075,2250000000,13500000000,10000,60000,9937796600357,90443551,116806833,10536,2249903370,2000,57193,2085814,4499785668,2612584108,17387415892,21875650192,9984108046,15891954,8385514,104483598817,10470113700,104532,1494470142,3279200,92728969000,847034,4487643384,4489894753,3822400,16749985500,996177600,999994783,5217,6183,998996230,1003770,5986524870,1491550600,6521,1496641040,999995598,4402,999890883,109117,1496630117,1000,1000,1000,1000,1000,1000,1000,104483936058,10468689300,104922,1493202160,3613700,92718012200,18716636,4505006236,4488551838,3931726,16748310900,996068274,999992586,7414,3660,999481422,518578,5984731578,1492256100,2,1496192360,999987382,12618,999930360,69640,1496179740,1000,1000,1000,1000,1000,1000,1000,104483961999,10469881400,105265,1493384576,3716600,92727623600,19918812,4506660112,4489425159,3976988,16749806100,996023012,999999476,524,11588,999485029,514971,5985897271,1491701500,5,1496480940,999991177,8823,999926688,73312,1496472112,1000,1000,1000,1000,1000,1000,1000
227000,95770,627530,2260000000,13560000000,10000,60000,9937560281376,87269515,113665911,11548,2259904230,2000,44,2083232,4519785364,2610501391,17389498609,21877987609,9984110108,15889892,8423272,104502363219,10515474900,105738,1502169721,3403900,93129739400,377431,4506551781,4509880862,3589981,16820853600,996410019,999996800,3200,16719,997833057,2166943,6013174443,1498215000,7240,1503300940,999999881,119,999832619,167381,1503293581,1000,1000,1000,1000,1000,1000,1000,104503908922,10515295400,104831,1499338216,4124000,93130794000,19872529,4526135229,4508527616,3871494,16821425100,996128506,999998345,1655,86951,999495135,504865,6011365165,1498895100,2,1502852520,999985031,14969,999932451,67549,1502837549,1000,1000,1000,1000,1000,1000,1000,104504003475,10516402100,1350,1499984022,3670600,93139667400,20006466,4526685416,4509361447,3930553,16822920900,996069447,999998628,1372,9075,999472128,527872,6012479472,1498362100,3,1503125400,999992628,7372,999926175,73825,1503118025,1000,1000,1000,1000,1000,1000,1000
228000,95030,634074,2270000000,13620000000,10000,60000,9937320719672,87439378,113923541,2336,2269904970,2000,516,2102595,4539805268,2610581350,17389418650,21876970850,9984079225,15920775,8460793,104523046144,10562740000,714,1506235132,5321600,93548844000,735771,4527196021,4529876664,4464290,16894914300,995535710,999998176,1824,75686,998404222,1595778,6039834878,1504861900,4,1509960240,999997978,2022,999861286,138714,1509958214,1000,1000,1000,1000,1000,1000,1000,104523966322,10561898400,1400,1505952737,4074400,93543514400,19540463,4545772813,4528515831,3915475,16894652100,996084525,999998949,1051,77974,999491443,508557,6038015157,1505524400,1,1509517180,999982147,17853,999934374,65626,1509499326,1000,1000,1000,1000,1000,1000,1000,104523965248,10562924400,1386,1506531769,3754700,93551768800,19776576,4546396576,4529280701,3896240,16896028800,996103760,999990318,9682,5578,999479377,520623,6039038823,1505037400,3,1509764460,999993665,6335,999926278,73722,1509758122,1000,1000,1000,1000,1000,1000,1000
229000,93250,622989,2280000000,13680000000,10000,60000,9937079493748,89187810,115719112,2329,2279906750,2000,56759,2114160,4559808842,2611955358,17388044642,21875957842,9984081380,15918620,8498522,104543348875,10609659100,674,1514382285,3511300,93964749400,673577,4547263027,4549830914,4180815,16969146600,995819185,999998898,1102,13783,998724269,1275731,6066441031,1511533400,6500,1516617180,999999437,563,999870083,129917,1516610117,1000,1000,1000,1000,1000,1000,1000,104543888340,10608388000,698,1512877720,3767700,93955275200,19861794,4566017994,4548433528,3810641,16967766300,996189359,999998587,1413,80946,999512518,487482,6064574982,1512149300,6620,1516157240,999990834,9166,999934146,65854,1516141454,1000,1000,1000,1000,1000,1000,1000,104543942918,10609524200,1395,1512982381,3960200,93964531600,19446531,4566039231,4549243017,3912225,16969209300,996087775,999992196,7804,78071,999480554,519446,6065657046,1511709000,6781,1516421740,999999070,930,999924771,75229,1516414029,1000,1000,1000,1000,1000,1000,1000
230000,94960,620650,2290000000,13740000000,10000,60000,9936840655235,88571764,115140804,1274,2289905040,2000,93,2107908,4579807532,2610751099,17389248901,21877319201,9984075232,15924768,8536364,104562668330,10655598900,675,1520738669,4448000,94370929800,580449,4566813699,4569812629,3908790,17040867900,996091210,999999325,675,81735,998094306,1905694,6093078794,1518161000,1,1523280300,999985866,14134,999866235,133765,1523266165,1000,1000,1000,1000,1000,1000,1000,104563879474,10655020100,665,1519206385,4108600,94368335400,19953761,4586097211,4568421253,3861392,17040988500,996138608,999999405,595,82513,999501760,498240,6091223840,1518828100,1,1522816080,999986508,13492,999930613,69387,1522802587,1000,1000,1000,1000,1000,1000,1000,104563916135,10656047300,687,1519675919,3885000,94376593000,19937197,4586468347,4569164526,3910619,17042333400,996089381,999998793,1207,82174,999506648,493352,6092213352,1518357300,6,1523066880,999981952,18048,999936174,63826,1523048826,1000,1000,1000,1000,1000,1000,1000
231000,94190,630961,2300000000,13800000000,10000,60000,9936601743739,88133134,114678657,10311,2299905810,2000,526,2090625,4599790998,2607651973,17392348027,21881252827,9984119295,15880705,8574193,104580385376,10700005100,104957,1529800941,4221300,94762069400,461492,4585590192,4589771255,3045298,17109886200,996954702,999995809,4191,8211,996014956,3985044,6119693944,1524800800,6363,1529932240,999996812,3188,999825011,174989,1529922689,1000,1000,1000,1000,1000,1000,1000,104583869472,10701633800,1438,1525958388,4006200,94781243600,18767617,4604891117,4588379620,3968142,17114275200,996031858,999998912,1088,81570,999505050,494950,6117838650,1525516500,6640,1529468200,999997470,2530,999927770,72230,1529459030,1000,1000,1000,1000,1000,1000,1000,104583775381,10702653800,105402,1526565798,3769200,94789425200,22379854,4608887204,4589149017,3981258,17115621000,996018742,999999319,681,4761,999496144,503856,6118860656,1525018800,1,1529725740,999985900,14100,999927461,72539,1529711639,1000,1000,1000,1000,1000,1000,1000
232000,95310,634414,2310000000,13860000000,10000,60000,9936362755205,87932473,114560226,11403,2309904690,2000,102,2088379,4619786574,2610302878,17389697122,21876935822,9984072401,15927599,8611775,104602422696,10748556600,1347,1534909342,3696700,95194214000,464807,4606533607,4609728156,4779782,17187082200,995220218,999999363,637,20781,997980425,2019575,6146299675,1531438500,2,1536585120,999986401,13599,999847481,152519,1536571519,1000,1000,1000,1000,1000,1000,1000,104603683119,10748132200,105202,1533179800,3561100,95193097200,16921576,4622973626,4608325945,3914132,17187449400,996085868,999984239,15761,14907,999479062,520938,6144431538,1532165400,1,1536114760,999990834,9166,999922507,77493,1536105593,1000,1000,1000,1000,1000,1000,1000,104603832531,10749259300,1328,1533137183,3742900,95202175400,23379701,4629858251,4609129068,4004254,17188846800,995995746,999999507,493,10553,999507785,492215,6145503815,1531643300,6966,1536386540,999995173,4827,999927453,72547,1536374747,1000,1000,1000,1000,1000,1000,1000
233000,94800,619166,2320000000,13920000000,10000,60000,9936123980075,87314974,113951919,1248,2319905200,2000,5132,2112441,4639807904,2611191449,17388808551,21875741951,9984125199,15874801,8649703,104623075875,10795876300,1368,1538952845,5662300,95613887800,762001,4627145451,4629693218,5016437,17261250600,994983563,999999518,482,85881,998625263,1374737,6172923437,1538108800,6260,1543239040,999997439,2561,999879181,120819,1543230219,1000,1000,1000,1000,1000,1000,1000,104623764278,10794693700,1351,1539561282,3719600,95605503400,15727935,4641735185,4628258314,3954976,17260590900,996045024,999993819,6181,4143,999486129,513871,6171008271,1538840900,7260,1542765660,999991557,8443,999929243,70757,1542749957,1000,1000,1000,1000,1000,1000,1000,104623831807,10795882500,1365,1539759992,3778700,95615139400,24034166,4650495066,4629093791,3980625,17262111300,996019375,999992249,7751,10124,999503733,496267,6172123667,1538333700,7021,1543041060,999995837,4163,999930824,69176,1543029876,1000,1000,1000,1000,1000,1000,1000
234000,94760,622867,2330000000,13980000000,10000,60000,9935882512947,89201467,115837450,11666,2329905240,2000,5812,2083935,4659787148,2612644614,17387355386,21875261586,9984135385,15864615,8687433,104643163302,10842586100,646,1546252257,4900500,96027749000,946331,4647357381,4649666747,4012929,17334858900,995987071,999990045,9955,83616,998741869,1258131,6199553131,1544763100,1,1549893980,999992405,7595,999877616,122384,1549886384,1000,1000,1000,1000,1000,1000,1000,104643678955,10841363700,105338,1545937264,4096200,96018902600,14918213,4660929163,4648250497,3907726,17333852700,996092274,999999257,743,79231,999496634,503366,6197663366,1545520100,1,1549424760,999988110,11890,999928931,71069,1549412869,1000,1000,1000,1000,1000,1000,1000,104643762521,10842421700,666,1546513699,3674100,96027329800,24679377,4671084777,4649055222,3991306,17335260000,996008694,999999135,865,7429,999509907,490093,6198738093,1544951900,7560,1549697040,999993391,6609,999928029,71971,1549682871,1000,1000,1000,1000,1000,1000,1000
235000,96470,625351,2340000000,14040000000,10000,60000,9935644016723,88117335,114826680,1273,2339903530,2000,62370,2108431,4679804514,2612455858,17387544142,21876277042,9984124389,15875611,8725303,104662420226,10888413800,1326,1556057532,2424600,96433270000,342718,4666370368,4669635810,3249602,17407216500,996750398,999990386,9614,66984,998065174,1934826,6226180726,1551450900,2,1556545980,999998938,1062,999813584,186416,1556544916,1000,1000,1000,1000,1000,1000,1000,104663625499,10887891900,105104,1552905418,3776500,96431010200,15288824,4681240474,4668180695,3930000,17407046700,996070000,999999901,99,10701,999494006,505994,6224238594,1552182100,5923,1556070820,999993002,6998,999930701,69299,1556057899,1000,1000,1000,1000,1000,1000,1000,104663588110,10888982500,105373,1553239846,3715000,96439668200,25344987,4691701437,4669028054,3992475,17408397600,996007525,999999836,164,7461,999504507,495493,6225368193,1551570600,6204,1556353980,999992363,7637,999929461,70539,1556340139,1000,1000,1000,1000,1000,1000,1000
236000,95200,636043,2350000000,14100000000,10000,60000,9935407968529,84787894,111546380,1207,2349904800,2000,472,2102600,4699807186,2609952023,17390047977,21878301577,9984107200,15892800,8763086,104681377166,10934119500,105146,1562220474,3939700,96836920600,313918,4685856518,4689617612,3844439,17478313800,996155561,999993443,6557,4804,997159992,2840008,6252818908,1558072000,0,1563215020,999986276,13724,999833004,166996,1563201296,1000,1000,1000,1000,1000,1000,1000,104683691573,10934486100,634,1559089147,4162000,96843734600,16709581,4702632231,4688155162,3828000,17480184600,996172000,999998169,1831,86769,999475707,524293,6250873193,1558855600,7120,1562726220,999998931,1069,999922769,77231,1562718031,1000,1000,1000,1000,1000,1000,1000,104683542607,10935523800,104840,1559856312,3742500,96851908400,24570936,4710874736,4688974361,3961684,17481534000,996038316,999999333,667,11649,999506288,493712,6251961412,1558223700,1,1563000260,999986792,13208,999929149,70851,1562987051,1000,1000,1000,1000,1000,1000,1000
237000,94890,637950,2360000000,14160000000,10000,60000,9935164338134,89384016,116209226,2382,2359905110,2000,53,2104554,4719805456,2604483550,17395516450,21884945550,9984080106,15919894,8800762,104697517459,10976808500,105897,1574182661,2336500,97211234600,231334,4703832434,4709581476,2549258,17544266400,997450742,999987310,12690,68352,993455476,6544524,6279441424,1564699000,7160,1569868740,999998368,1632,999746352,253648,1569859948,1000,1000,1000,1000,1000,1000,1000,104703540796,10981059700,104901,1566000784,4005700,97256224200,16963606,4722845156,4708125142,3879280,17553396000,996120720,999996579,3421,86099,999477957,522043,6277497943,1565490600,0,1569379540,999993261,6739,999923799,76201,1569372801,1000,1000,1000,1000,1000,1000,1000,104703605062,10982110300,724,1566347975,3811900,97264530200,26415057,4732684407,4708934553,3959480,17554726500,996040520,999999242,758,11562,999492709,507291,6278579191,1564895200,6583,1569651860,999999361,639,999926962,73038,1569644638,1000,1000,1000,1000,1000,1000,1000
238000,95760,619959,2370000000,14220000000,10000,60000,9934927147284,87885441,114746586,1173,2369904240,2000,61991,2108711,4739806134,2603848025,17396151975,21884852875,9984085909,15914091,8838343,104717314675,11023136500,1241,1580136623,3215500,97620992200,362947,4723782897,4729539154,3263090,17616696000,996736910,999998862,1138,8772,993171618,6828382,6306047482,1571324200,2,1576522500,999985830,14170,999788272,211728,1576508328,1000,1000,1000,1000,1000,1000,1000,104723612333,11027628800,672,1572885267,3657600,97668704800,16826002,4742666452,4728071330,3991547,17626665000,996008453,999998682,1318,11835,999489705,510295,6304094295,1572149000,6500,1576031900,999997565,2435,999924935,75065,1576022965,1000,1000,1000,1000,1000,1000,1000,104723608013,11028718100,708,1572785266,4016700,97677373000,26622651,4752868701,4728887385,3938832,17627924700,996061168,999999439,561,82007,999503422,496578,6305182178,1571580500,6881,1576304680,999996994,3006,999931207,68793,1576294793,1000,1000,1000,1000,1000,1000,1000
239000,96910,630953,2380000000,14280000000,10000,60000,9934690755126,85575396,112466417,1364,2379903090,2000,515,2104869,4759803452,2602984422,17397015578,21887023978,9984090011,15909989,8876163,104735428691,11067845500,104626,1590726247,996300,98015836600,196892,4742705992,4749495700,2018216,17686942200,997981784,999994055,5945,3539,991560639,8439361,6332657661,1577972600,6782,1583178560,999990183,9817,999665339,334661,1583161961,1000,1000,1000,1000,1000,1000,1000,104743611676,11074213800,693,1579401661,3782000,98081333200,17426532,4763233132,4748015971,3958769,17699852700,996041231,999999792,208,16823,999498452,501548,6330683248,1578830900,3,1582681420,999985860,14140,999933323,66677,1582667277,1000,1000,1000,1000,1000,1000,1000,104743426724,11075274300,104775,1579807550,3784000,98089714200,27231558,4773429408,4748872568,3967663,17701139400,996032337,999986096,13904,6533,999475665,524335,6331827635,1578213800,6,1582962440,999992633,7367,999923533,76467,1582955067,1000,1000,1000,1000,1000,1000,1000
240000,94350,629882,2390000000,14340000000,10000,60000,9934449883858,88059428,115013058,2392,2389905650,2000,524,2106714,4779806516,2602364586,17397635414,21884886914,9984066566,15933434,8913482,104756064723,11115216400,104852,1595354897,2472600,98435530400,193004,4763011604,4769482510,4743151,17761137000,995256849,999999176,824,74725,992114115,7885885,6359305385,1584638500,0,1589836760,999986115,13885,999756325,243675,1589822875,1000,1000,1000,1000,1000,1000,1000,104763529172,11120741200,627,1586089028,3749700,98493416000,16667943,4782413793,4767968214,3934118,17772967800,996065882,999999151,849,9333,999495019,504981,6357289181,1585458000,6840,1589333120,999994687,5313,999928533,71467,1589320967,1000,1000,1000,1000,1000,1000,1000,104763391179,11121859400,105290,1586295000,3943900,98502329200,27781047,4793944197,4768836993,3969239,17774312400,996030761,999998162,1838,14423,999482830,517170,6358447270,1584863100,1,1589616440,999993838,6162,999922823,77177,1589610277,1000,1000,1000,1000,1000,1000,1000
241000,95510,631071,2400000000,14400000000,10000,60000,9934211112167,88273852,115179259,11413,2399904490,2000,5769,2079353,4799786154,2603563719,17396436281,21883062881,9984125067,15874933,8951121,104776868410,11162574800,650,1597250130,6445200,98855481600,345494,4783491244,4789430380,5236855,17834955900,994763145,999999275,725,82620,992793540,7206460,6385904860,1591309800,6800,1596488220,999993060,6940,999808820,191180,1596474480,1000,1000,1000,1000,1000,1000,1000,104783471652,11167334400,1301,1592768347,3771500,98906112000,16890055,4802605255,4787959697,4025559,17846182800,995974441,999998110,1890,16351,999448854,551146,6383945846,1592131700,1,1595987400,999998750,1250,999917851,82149,1595986149,1000,1000,1000,1000,1000,1000,1000,104783476373,11168506500,655,1592874945,3925400,98915489000,27111911,4813266661,4788835706,3922393,17847607200,996077607,999980769,19231,67776,999480370,519630,6385113530,1591518600,2,1596280060,999997766,2234,999919176,80824,1596277824,1000,1000,1000,1000,1000,1000,1000
242000,95780,636118,2410000000,14460000000,10000,60000,9933973350171,87308744,114313193,2292,2409904220,2000,57517,2102793,4819803856,2605116415,17394883585,21882516585,9984087527,15912473,8989183,104796428856,11208723700,627,1607244641,3456100,99264032200,214000,4803125550,4809401395,4298415,17907991500,995701585,999999576,424,83461,992444466,7555534,6412532934,1597945100,6263,1603144580,999993222,6778,999769061,230939,1603131539,1000,1000,1000,1000,1000,1000,1000,104803357661,11213905100,105705,1599287078,3972600,99318585400,17215940,4822889390,4807891655,3944667,17919310800,996055333,999998689,1311,81422,999488067,511933,6410519833,1598780800,6741,1602642040,999992879,7121,999930022,69978,1602628178,1000,1000,1000,1000,1000,1000,1000,104803341409,11215020900,104713,1599646950,3876000,99327462600,27202625,4833291425,4808740151,3876607,17920707300,996123393,999998781,1219,79474,999507023,492977,6411650977,1598176300,6761,1602925260,999992327,7673,999932474,67526,1602910826,1000,1000,1000,1000,1000,1000,1000
243000,93970,622328,2420000000,14520000000,10000,60000,9933735930349,85775959,112765766,10820,2419906030,2000,5573,2094787,4839790420,2608829508,17391170492,21879165592,9984131993,15868007,9027013,104817821473,11256853000,105135,1611057085,4896100,99691789200,310498,4823940698,4829347706,3970430,17983895100,996029570,999998666,1334,83736,993943130,6056870,6439125970,1604598700,2,1609791180,999987086,12914,999814336,185664,1609778264,1000,1000,1000,1000,1000,1000,1000,104823319509,11260550900,105789,1606162728,3793700,99731713800,15979471,4841642721,4827903185,3960218,17992651200,996039782,999998584,1416,16966,999451081,548919,6437203919,1605447100,3,1609301720,999999017,983,999923666,76334,1609300734,1000,1000,1000,1000,1000,1000,1000,104823306311,11261587400,104806,1606169226,4020300,99739923600,27741880,4853788680,4828698039,3887136,17993859600,996112864,999997675,2325,81339,999491000,509000,6438259200,1604849600,3,1609575720,999985444,14556,999932639,67361,1609561161,1000,1000,1000,1000,1000,1000,1000
244000,95600,638708,2430000000,14580000000,10000,60000,9933494470333,88153484,115165625,11395,2429904400,2000,70,2087831,4859786010,2609211917,17390788083,21877026683,9984140309,15859691,9064619,104838341793,11303869100,104513,1619221627,2715200,100109416600,204201,4844059101,4849267296,5661828,18058662600,994338172,999994430,5570,11102,994598306,5401694,6465688794,1611263400,6320,1616430620,999997198,2802,999737802,262198,1616421498,1000,1000,1000,1000,1000,1000,1000,104843463051,11307205800,1312,1612678928,3784300,100144958800,16212610,4861871810,4847872797,4022418,18065977500,995977582,999999339,661,10921,999507524,492476,6463824476,1612099000,1,1615969440,999982240,17760,999935721,64279,1615951679,1000,1000,1000,1000,1000,1000,1000,104843363544,11308207700,673,1612588654,4165800,100152871400,27401811,4873430311,4848696020,3945815,18067096800,996054185,999983054,16946,86139,999479719,520281,6464927281,1611499300,2,1616233500,999997763,2237,999919439,80561,1616231261,1000,1000,1000,1000,1000,1000,1000
245000,95200,629459,2440000000,14640000000,10000,60000,9933256857775,86603043,113728502,1096,2439904800,2000,63098,2109451,4879807408,2610164218,17389835782,21877436382,9984086389,15913611,9102397,104858097553,11350142400,1265,1625224525,3566900,100518610400,246514,4863891864,4869205126,4365315,18130971900,995634685,999989721,10279,9506,994286380,5713620,6492269420,1617883200,2,1623076540,999987756,12244,999787406,212594,1623064294,1000,1000,1000,1000,1000,1000,1000,104863424997,11353812000,669,1619433183,3686200,100557732800,16434060,4882065860,4867851736,3983672,18139227000,996016328,999997894,2106,8222,999513086,486914,6490464714,1618737400,6020,1622631800,999987198,12802,999935422,64578,1622612978,1000,1000,1000,1000,1000,1000,1000,104863385475,11354790400,663,1619459904,3897900,100565473600,27356419,4893349719,4868614767,3939362,18140361000,996060638,999999808,192,80746,999530079,469921,6491481921,1618170800,6761,1622887220,999986695,13305,999936646,63354,1622867154,1000,1000,1000,1000,1000,1000,1000
246000,95120,638888,2450000000,14700000000,10000,60000,9933016442634,87686546,114839800,1242,2449904880,2000,63779,2108378,4899807276,2612225480,17387774520,21874299920,9984095482,15904518,9140358,104879327182,11398109400,105318,1631054117,3121300,100945073200,221371,4884524771,4889181799,5500002,18207039900,994499998,999998202,1798,11700,995661501,4338499,6518906899,1624535800,1,1629731600,999993501,6499,999777500,222500,1629725100,1000,1000,1000,1000,1000,1000,1000,104883346389,11400410700,1281,1626028531,3790500,100970432600,15438821,4901039521,4887854900,3940686,18212416800,996059314,999997476,2524,17390,999473790,526210,6517139810,1625378500,6460,1629291540,999999830,170,999924390,75610,1629284910,1000,1000,1000,1000,1000,1000,1000,104883230589,11401368400,105364,1626282708,3852300,100978065600,27774991,4913733041,4888582895,3919360,18213581100,996080640,999985811,14189,66951,999505756,494244,6518109944,1624848100,6603,1629535400,999998252,1748,999925251,74749,1629527049,1000,1000,1000,1000,1000,1000,1000
247000,94860,624402,2460000000,14760000000,10000,60000,9932778187416,86347957,113509692,11925,2459905140,2000,62261,2091205,4919786430,2613701773,17386298227,21874080727,9984107515,15892485,9178045,104899721807,11445112200,105224,1634893111,5511500,101361559600,360640,4904819090,4909104004,4212623,18280497900,995787377,999999700,300,23177,996077373,3922627,6545467627,1631176600,2,1636376760,999986865,13135,999831677,168323,1636363623,1000,1000,1000,1000,1000,1000,1000,104903363631,11447059100,646,1632727749,3735300,101383628600,14501593,4920095993,4907832382,3988387,18285742200,996011613,999995546,4454,18659,999493177,506823,6543774223,1632051100,6880,1635955580,999993141,6859,999928459,71541,1635941841,1000,1000,1000,1000,1000,1000,1000,104903283853,11447902400,1265,1632854722,3824700,101390188800,28499254,4934398254,4908527423,3954170,18286710300,996045830,999999176,824,14906,999506683,493317,6544698717,1631488200,5,1636184840,999986459,13541,999933106,66894,1636171294,1000,1000,1000,1000,1000,1000,1000
248000,94300,635296,2470000000,14820000000,10000,60000,9932537761649,87221148,114427785,2120,2469905700,2000,86,2101077,4939807160,2612889497,17387110503,21876071403,9984110363,15889637,9215923,104918466685,11490490400,105656,1644624531,3678000,101762289600,241592,4924073392,4929105562,3021969,18351720900,996978031,999999516,484,15547,994847185,5152815,6572136315,1637853300,4,1643044060,999986697,13303,999796047,203953,1643030753,1000,1000,1000,1000,1000,1000,1000,104923323868,11493613500,657,1639094592,4022600,101795980600,15206574,4940753674,4927787030,3922881,18358834200,996077119,999998656,1344,80975,999490045,509955,6570377255,1638707600,0,1642606580,999983645,16355,999929075,70925,1642590225,1000,1000,1000,1000,1000,1000,1000,104923244129,11494487000,1287,1639279511,4053800,101802816400,28672402,4954537552,4928496776,3912556,18359862300,996087444,999998928,1072,82272,999507496,492504,6571325404,1638140700,0,1642839520,999989108,10892,999928072,71928,1642828628,1000,1000,1000,1000,1000,1000,1000
249000,94400,625881,2480000000,14880000000,10000,60000,9932295869821,89633467,116850490,10922,2479905600,2000,62806,2088867,4959789356,2612258688,17387741312,21876162912,9984125793,15874207,9253949,104938288376,11536766300,660,1652588104,2437000,102172099000,183125,4943843525,4949041756,3519927,18424647600,996480073,999999039,961,73412,994668756,5331244,6598719344,1644487200,6620,1649693200,999991008,8992,999767912,232088,1649677588,1000,1000,1000,1000,1000,1000,1000,104943168506,11540150700,105862,1645869834,3983300,102208163000,14669278,4960160628,4947716148,3891121,18431970300,996108879,999999277,723,83756,999502608,497392,6596952592,1645359500,6620,1649249880,999993184,6816,999931556,68444,1649236444,1000,1000,1000,1000,1000,1000,1000,104943226431,11541138900,1313,1645982089,4031900,102215997000,29449710,4975307160,4948489564,3928650,18433169100,996071350,999999698,302,79548,999490784,509216,6597985616,1644814500,6000,1649503460,999998592,1408,999927948,72052,1649496052,1000,1000,1000,1000,1000,1000,1000
250000,96930,628847,2490000000,14940000000,10000,60000,9932057905495,88243391,115461691,10373,2489903070,2000,63103,2090806,4979785394,2611983686,17388016314,21875104414,9984163934,15836066,9291428,104958926887,11584103400,1223,1656370410,4722500,102591868400,340407,4964319257,4969032357,4881748,18498770400,995118252,999982418,17582,76170,995253613,4746387,6625375887,1651182500,3,1656345300,999998233,1767,999802170,197830,1656343530,1000,1000,1000,1000,1000,1000,1000,104963220764,11586696000,1232,1652413815,4003400,102620430400,15141216,4980581116,4967672475,3850230,18505111800,996149770,999992762,7238,84532,999483957,516043,6623558743,1652020900,1,1655899940,999986329,13671,999929932,70068,1655886268,1000,1000,1000,1000,1000,1000,1000,104963098848,11587691000,105820,1652800191,3942200,102628350800,28597127,4994407677,4968436207,3912154,18506353800,996087846,999998810,1190,81056,999521349,478651,6624575351,1651454500,1,1656157920,999981225,18775,999930756,69244,1656139144,1000,1000,1000,1000,1000,1000,1000
251000,96380,625789,2500000000,15000000000,10000,60000,9931819150516,87414250,114634848,10733,2499903620,2000,103,2087424,4999785774,2614799066,17385200934,21873549834,9984195636,15804364,9328810,104979566011,11631359900,629,1663653449,3448200,103011183000,357118,4984636068,4988994320,3647093,18573583500,996352907,999981773,18227,7880,995898460,4101540,6651991740,1657865700,0,1662999480,999997940,2060,999804580,195420,1662997420,1000,1000,1000,1000,1000,1000,1000,104983093444,11633339000,104601,1659043574,4145400,103033535600,14842603,5000271203,4987660968,3899437,18578370900,996100563,999999352,648,91515,999476747,523253,6650214353,1658684300,6922,1662561120,999999187,813,999928415,71585,1662553385,1000,1000,1000,1000,1000,1000,1000,104983019740,11634253700,105237,1659435560,3985800,103040729000,28702987,5014466837,4988405042,3896189,18579501600,996103811,999987848,12152,77959,999492817,507183,6651206283,1658102600,6380,1662808940,999998681,1319,999924759,75241,1662801241,1000,1000,1000,1000,1000,1000,1000
252000,96380,627188,2510000000,15060000000,10000,60000,9931580253326,86592104,113886868,11490,2509903620,2000,62944,2078504,5019784260,2614798430,17385201570,21874315070,9984150336,15849664,9366596,104999015532,11677439300,104749,1671367167,2819200,103419096200,369788,5004383388,5008910505,2826654,18646018200,997173346,999999481,519,77427,995563922,4436078,6678546478,1664504700,6981,1669645540,999997414,2586,999776127,223873,1669635973,1000,1000,1000,1000,1000,1000,1000,105003148378,11679919000,640,1666047301,3701500,103446102800,15486793,5020878343,5007642727,3891266,18651672300,996108734,999987372,12628,12706,999471179,528821,6676854421,1665321600,1,1669219340,999992355,7645,999924206,75794,1669211694,1000,1000,1000,1000,1000,1000,1000,105003117745,11680912500,616,1665997875,3964400,103453962600,28289537,5034048137,5008400966,4048633,18652828800,995951367,999999120,880,15787,999512621,487379,6677867579,1664741700,6540,1669474280,999998873,1127,999928687,71313,1669466613,1000,1000,1000,1000,1000,1000,1000
253000,93650,628070,2520000000,15120000000,10000,60000,9931339527541,87757443,115128108,10468,2519906350,2000,507,2092001,5039791764,2612038484,17387961516,21876731316,9984125799,15874201,9404463,105018096386,11723082900,629,1677375973,4378900,103822078600,310461,5023805011,5028893769,3190994,18716950800,996809006,999993299,6701,85205,994550836,5449164,6705191464,1671153000,6701,1676305080,999999316,684,999796105,203895,1676297695,1000,1000,1000,1000,1000,1000,1000,105023116982,11726500600,1273,1672867454,3533800,103858680400,15100215,5040455165,5027603946,3989192,18724906500,996010808,999984877,15123,5685,999475539,524461,6703468161,1671975500,4,1675875520,999988699,11301,999926485,73515,1675864215,1000,1000,1000,1000,1000,1000,1000,105023018745,11727379800,632,1672738855,3895600,103865492400,29440447,5055111247,5028330182,3918711,18725848500,996081289,999998770,1230,17359,999480877,519123,6704437923,1671384600,0,1676114700,999993041,6959,999930459,69541,1676107741,1000,1000,1000,1000,1000,1000,1000
254000,95350,622526,2530000000,15180000000,10000,60000,9931101262966,86614996,113965242,10910,2529904650,2000,62165,2090466,5059787480,2613499262,17386500738,21873958338,9984182714,15817286,9442494,105039005354,11770690600,105662,1685287443,2159700,104245141200,300566,5044285566,5048867053,4600407,18792738600,995399593,999994879,5121,11572,995618919,4381081,6731820381,1677810100,3,1682960400,999992931,7069,999767272,232728,1682953328,1000,1000,1000,1000,1000,1000,1000,105043039604,11773135200,104903,1679272551,3856900,104271774400,15165980,5060509980,5047563437,3926152,18798127800,996073848,999998221,1779,80469,999509232,490768,6730078268,1678653300,5,1682533780,999981056,18944,999932369,67631,1682514831,1000,1000,1000,1000,1000,1000,1000,105042996427,11773937000,1255,1679306533,3958500,104277917200,28892063,5074519763,5048260032,3839573,18799008000,996160427,999998867,1133,76194,999496562,503438,6731012938,1678064300,6120,1682760340,999998686,1314,999928694,71306,1682752906,1000,1000,1000,1000,1000,1000,1000
255000,95170,627686,2540000000,15240000000,10000,60000,9930861713711,86890707,114386607,2133,2539904830,2000,62980,2104706,5079805394,2606510618,17393489382,21882548782,9984088894,15911106,9480088,105054537878,11812862800,105991,1696955520,1565800,104613834400,164517,5061921317,5068878352,2987722,18857296500,997012278,999991845,8155,67323,991215871,8784129,6758501929,1684446600,2,1689631200,999992379,7621,999725623,274377,1689623577,1000,1000,1000,1000,1000,1000,1000,105062980503,11819673700,104662,1685782015,3989200,104683953000,16032754,5081320604,5067511548,3861959,18871225800,996138041,999999714,286,82955,999517307,482693,6756675393,1685285000,2,1689183860,999979987,20013,999934155,65845,1689163845,1000,1000,1000,1000,1000,1000,1000,105062788643,11820410100,105848,1686220435,3808200,104689520200,30523663,5096067413,5068201544,3914157,18872072400,996085843,999998354,1646,16397,999482753,517247,6757599547,1684682600,2,1689405540,999992465,7535,999924597,75403,1689398003,1000,1000,1000,1000,1000,1000,1000
256000,93630,641395,2550000000,15300000000,10000,60000,9930621426708,88469659,115935781,11359,2549906370,2000,437,2093600,5099790022,2604265467,17395734533,21884663133,9984145420,15854580,9517942,105073481100,11858368000,1210,1701740378,4531500,105015211200,359992,5081514692,5088838798,3187445,18927609600,996812555,999991715,8285,4070,990016072,9983928,6785114828,1691119900,2,1696286740,999989292,10708,999782570,217430,1696276030,1000,1000,1000,1000,1000,1000,1000,105082992235,11866210100,1150,1692512345,3841700,105096097000,15422194,5100651994,5087467870,3889658,18944382600,996110342,999999053,947,16895,999477325,522675,6783290275,1691941500,7160,1695830220,999999345,655,999928095,71905,1695822405,1000,1000,1000,1000,1000,1000,1000,105082790766,11867040300,106288,1692596971,4074700,105102544600,31662482,5117191482,5088169481,3875338,18945286800,996124662,999999356,644,88118,999496137,503863,6784223463,1691356100,3,1696061520,999992465,7535,999928318,71682,1696053982,1000,1000,1000,1000,1000,1000,1000
257000,95610,629912,2560000000,15360000000,10000,60000,9930384803815,86380417,113884492,10737,2559904390,2000,5798,2092469,5119787306,2604841132,17395158868,21883587168,9984144131,15855869,9555737,105093944512,11905575900,104649,1703491186,8982900,105433687000,389579,5101798029,5108782224,3621972,19001041200,996378028,999999859,141,21187,990566963,9433037,6811705137,1697785800,2,1702936400,999986515,13485,999836087,163913,1702922913,1000,1000,1000,1000,1000,1000,1000,105102837273,11912780300,105535,1699155424,3965000,105508643000,14895008,5120087658,5107444725,3880435,19017551400,996119565,999989471,10529,69836,999467511,532489,6809925889,1698596900,3,1702482400,999998767,1233,999913836,86164,1702481164,1000,1000,1000,1000,1000,1000,1000,105102718029,11913595300,105308,1699354090,3991100,105514872200,31998503,5137478603,5108139061,3886856,19018457400,996113144,999990135,9865,70879,999480418,519582,6810851682,1697993000,6481,1702720300,999998802,1198,999922479,77521,1702712621,1000,1000,1000,1000,1000,1000,1000
258000,93300,624961,2570000000,15420000000,10000,60000,9930146620299,85783205,113331601,11734,2569906700,2000,92,2085164,5139789932,2607394204,17392605796,21880266896,9984130596,15869404,9593828,105114416657,11952563900,105538,1715812203,2664800,105851088600,187853,5121810403,5128730990,4211569,19076571000,995788431,999993034,6966,81365,991216575,8783425,6838305625,1704404100,6320,1709588040,999992915,7085,999744165,255835,1709574635,1000,1000,1000,1000,1000,1000,1000,105122808060,11959334700,106018,1705941500,3813900,105920951800,16325117,5141467767,5127372468,3979820,19090741200,996020180,999998846,1154,11426,999481758,518242,6836496542,1705257600,6820,1709131140,999999754,246,999925326,74674,1709124074,1000,1000,1000,1000,1000,1000,1000,105122855818,11960323000,601,1706064821,3834500,105928737200,30591077,5156096777,5128156433,4031639,19091926800,995968361,999998812,1188,13773,999493040,506960,6837541760,1704665000,5981,1709391760,999999548,452,999926273,73727,1709385327,1000,1000,1000,1000,1000,1000,1000
259000,95490,636599,2580000000,15480000000,10000,60000,9929906752249,86669209,114215931,10773,2579904510,2000,87,2093548,5159787474,2609454158,17390545842,21878056742,9984178792,15821208,9631966,105135689428,12000412500,616,1718047727,5854500,106275777000,231995,5142416495,5148693279,4538122,19151483700,995461878,999999270,730,16348,992338369,7661631,6864919931,1711067200,5,1716239980,999986677,13323,999816848,183152,1716226652,1000,1000,1000,1000,1000,1000,1000,105142905950,12005934300,590,1712245970,4065200,106333756600,16444907,5161562907,5147330780,3932716,19163927100,996067284,999995996,4004,89280,999473200,526800,6863107600,1711956900,6640,1715783780,999999680,320,999921480,78520,1715776820,1000,1000,1000,1000,1000,1000,1000,105142787900,12006837800,596,1712940000,3611300,106340714000,29944012,5175383912,5148093336,3890836,19165063200,996109164,999990868,9132,7932,999487496,512504,6864124104,1711310200,6400,1716038200,999998968,1032,999927232,72768,1716030768,1000,1000,1000,1000,1000,1000,1000
260000,94150,626831,2590000000,15540000000,10000,60000,9929666070289,88064037,115641565,11242,2589905850,2000,62606,2091512,5179789216,2613879126,17386120874,21871851074,9984183588,15816412,9669604,105158257332,12049680700,105033,1724182486,3727900,106715344600,308626,5163807576,5168651148,6264178,19230526200,993735822,999999233,767,10055,995088107,4911893,6891529993,1717697000,2,1722893460,999985387,14613,999803955,196045,1722878845,1000,1000,1000,1000,1000,1000,1000,105162880120,12052545100,567,1719002940,3958400,106746567000,14853235,5179945535,5167305802,3903241,19237187700,996096759,999999270,730,72129,999481527,518473,6889740773,1718601800,6440,1722442300,999999111,889,999925529,74471,1722434971,1000,1000,1000,1000,1000,1000,1000,105162698710,12053457500,104955,1719568030,3728700,106753679000,30134702,5195557452,5168047590,4012371,19238318400,995987629,999999026,974,5355,999500565,499435,6890728535,1718004400,6640,1722692340,999995245,4755,999931055,68945,1722680945,1000,1000,1000,1000,1000,1000,1000
261000,93020,627438,2600000000,15600000000,10000,60000,9929430460671,83957192,111639460,11440,2599906980,2000,514,2097588,5199791080,2617038363,17382961637,21870872337,9984122772,15877228,9707452,105178753366,12096693400,1205,1731907572,2069600,107132474800,173848,5183866848,5188635444,4156853,19305000600,995843147,999993510,6490,13657,995577713,4422287,6918179587,1724321300,6522,1729553680,999996985,3015,999763257,236743,1729544143,1000,1000,1000,1000,1000,1000,1000,105182719422,12099089000,104878,1726012095,3709100,107158835600,14979404,5200020504,5187260457,3973639,19310397000,996026361,999998739,1261,14400,999478443,521557,6916346757,1725250200,6903,1729094760,999998443,1557,999920500,79500,1729086300,1000,1000,1000,1000,1000,1000,1000,105182726426,12099945800,1182,1726285769,3549500,107165453200,30137096,5215484696,5187983323,3902873,19311411600,996097127,999999109,891,19236,999503513,496487,6917306187,1724634900,5,1729337600,999985269,14731,999927736,72264,1729322864,1000,1000,1000,1000,1000,1000,1000
262000,96070,629690,2610000000,15660000000,10000,60000,9929185450026,89259877,116961787,2145,2609903930,2000,42,2107240,5219803570,2616338803,17383661197,21871124597,9984150500,15849500,9745170,105198451968,12143071900,106685,1739402811,1483900,107543199800,242880,5203808880,5208589937,4526536,19377975000,995473464,999995387,4613,10051,995427014,4572986,6944781386,1730983700,1,1736207040,999984410,15590,999748451,251549,1736191449,1000,1000,1000,1000,1000,1000,1000,105202725070,12145702500,106028,1732841470,3522000,107571746600,15275915,5220297265,5207213548,3979405,19383702300,996020595,999997471,2529,16766,999488018,511982,6942951082,1731943800,6980,1735745460,999999054,946,999922266,77734,1735737534,1000,1000,1000,1000,1000,1000,1000,105202689297,12146576800,576,1732445843,4055800,107578424800,29934673,5235264123,5207971998,3894913,19384557300,996105087,999983304,16696,85091,999497593,502407,6943962007,1731281400,6680,1735998660,999998029,1971,999927891,72109,1735990009,1000,1000,1000,1000,1000,1000,1000
263000,94050,637545,2620000000,15720000000,10000,60000,9928948841118,86219676,113952391,10818,2619905950,2000,44,2094251,5239790264,2613738494,17386261506,21873967706,9984144949,15855051,9783413,105217440234,12188613600,604,1744425506,4123200,107944957600,374990,5223358140,5228539928,4316809,19448419500,995683191,999999855,145,10946,994307518,5692482,6971382082,1737629400,0,1742855620,999986534,13466,999805146,194854,1742842154,1000,1000,1000,1000,1000,1000,1000,105222739613,12192377000,105455,1739100347,3916300,107985155600,15820299,5240845399,5227211328,3974826,19456959600,996025174,999998682,1318,78456,999502928,497072,6969613372,1738607100,6880,1742414120,999994804,5196,999924756,75244,1742402044,1000,1000,1000,1000,1000,1000,1000,105222505816,12193072200,104976,1739482224,3763400,107990273200,29900822,5255158872,5227907052,3890708,19457703600,996109292,999999172,828,19764,999502212,497788,6970542488,1737915300,6680,1742642860,999999256,744,999920664,79336,1742635436,1000,1000,1000,1000,1000,1000,1000
264000,95110,634794,2630000000,15780000000,10000,60000,9928707734149,87932708,115676421,10718,2629904890,2000,63653,2091169,5259788344,2611328757,17388671243,21876567143,9984168791,15831209,9821335,105236358113,12234184900,1203,1748785927,7480500,108347232200,300685,5242729585,5248506256,4091506,19518853500,995908494,999999378,622,21772,993248216,6751784,6998006084,1744276400,6840,1749513440,999993228,6772,999827272,172728,1749499828,1000,1000,1000,1000,1000,1000,1000,105242732547,12239019300,105800,1745642952,4033900,108398241000,14995210,5260007860,5247194861,3949583,19530217500,996050417,999999732,268,92949,999504788,495212,6996257512,1745269000,6281,1749075840,999993092,6908,999931349,68651,1749062651,1000,1000,1000,1000,1000,1000,1000,105242458516,12239604400,104787,1746143164,3761400,108402405600,31364308,5276564108,5247838518,3913650,19530824400,996086350,999980551,19449,14301,999486783,513217,6997117617,1744590400,6240,1749286560,999998779,1221,999925701,74299,1749279099,1000,1000,1000,1000,1000,1000,1000
265000,95160,632012,2640000000,15840000000,10000,60000,9928471324359,85298028,113035709,10046,2639904840,2000,515,2085693,5279789588,2607321087,17392678913,21880576413,9984206987,15793013,9858975,105253992920,12278473800,1233,1757467000,7811600,108736894800,343562,5261590262,5268501558,4038066,19587390000,995961934,999997717,2283,84051,990890693,9109307,7024668307,1750954000,0,1756168060,999998689,1311,999813651,186349,1756166749,1000,1000,1000,1000,1000,1000,1000,105262781436,12285637700,585,1752247024,4018600,108811115400,14170362,5279160362,5267200266,3884122,19603469700,996115878,999988829,11171,69107,999476041,523959,7022933259,1751913000,6800,1755741080,999998713,1287,999924707,75293,1755732993,1000,1000,1000,1000,1000,1000,1000,105262550463,12286187500,1160,1752714337,3725000,108815048600,33449749,5298616849,5267784838,3995065,19604053800,996004935,999988306,11694,6941,999497603,502397,7023712697,1751270600,6660,1755935780,999998739,1261,999925441,74559,1755927859,1000,1000,1000,1000,1000,1000,1000
266000,93910,623037,2650000000,15900000000,10000,60000,9928227567129,90155866,117951677,2183,2649906090,2000,62096,2107897,5299807814,2607499095,17392500905,21880317405,9984208823,15791177,9896737,105273438288,12324539900,105334,1767006112,5414100,109144609400,281391,5281251991,5288405372,4091748,19660143900,995908252,999999022,978,84074,990498502,9501498,7051204898,1757639100,7060,1762813380,999993206,6794,999799174,200826,1762799526,1000,1000,1000,1000,1000,1000,1000,105282759193,12332209100,1173,1759244266,3656400,109223629400,13995374,5298946074,5287156935,3922374,19676745600,996077626,999997196,2804,18122,999496087,503913,7049537613,1758560000,1,1762395580,999985099,14901,999927022,72978,1762380678,1000,1000,1000,1000,1000,1000,1000,105282526353,12332780800,626,1759498025,3591700,109227711200,33982452,5319116802,5287749772,4046038,19677289800,995953962,999999631,369,16993,999505121,494879,7050330679,1757920800,6262,1762594220,999992949,7051,999931193,68807,1762580907,1000,1000,1000,1000,1000,1000,1000
267000,93880,638725,2660000000,15960000000,10000,60000,9927989525712,89118405,116973019,11157,2659906120,2000,488,2086988,5319789926,2610581617,17389418383,21876728983,9984167292,15832708,9934918,105295301983,12373015900,104999,1769511434,7673400,109576019800,294200,5302168450,5308356069,4656439,19736656500,995343561,999999433,567,11994,992381225,7618775,7077803575,1764296300,3,1769461060,999986449,13551,999819894,180106,1769447506,1000,1000,1000,1000,1000,1000,1000,105302664162,12378745800,1230,1765699338,3868900,109635748400,13752574,5318643624,5307118112,3962981,19749808200,996037019,999993045,6955,17064,999479552,520448,7076157348,1765181500,6920,1769046560,999999596,404,999924464,75536,1769039236,1000,1000,1000,1000,1000,1000,1000,105302493486,12379400600,1199,1765633334,4109800,109640587600,33437063,5338548713,5307739830,3946735,19750416900,996053265,999999630,370,86295,999518465,481535,7076983035,1764544500,6980,1769260400,999989785,10215,999934095,65905,1769243205,1000,1000,1000,1000,1000,1000,1000
268000,94310,626080,2670000000,16020000000,10000,60000,9927755047670,84385674,112277716,11286,2669905690,2000,475,2089334,5339788808,2610737344,17389262656,21878170056,9984169586,15830414,9972294,105313783932,12418071200,105646,1782751288,2514900,109973837600,261671,5321367621,5328336308,3140918,19808009700,996859082,999998544,1456,10626,990960218,9039782,7104444082,1770948300,0,1776120760,999987014,12986,999751526,248474,1776107774,1000,1000,1000,1000,1000,1000,1000,105322557090,12425353700,106112,1772761430,3543100,110048585800,14255254,5339122654,5327080432,3997258,19823126700,996002742,999998792,1208,4934,999506702,493298,7102771298,1771837900,6420,1775705120,999992166,7834,999928034,71966,1775690866,1000,1000,1000,1000,1000,1000,1000,105322417811,12425916300,588,1772560749,3841600,110052576600,33836670,5358883170,5327678394,3843911,19823562300,996156089,999999544,456,91833,999499539,500461,7103570261,1771199900,6640,1775901300,999997207,2793,999931433,68567,1775891867,1000,1000,1000,1000,1000,1000,1000
269000,95460,638213,2680000000,16080000000,10000,60000,9927514537861,85700118,113714732,1191,2679904540,2000,456,2109316,5359806698,2613287679,17386712321,21873469621,9984104884,15895116,10010182,105336198554,12467166600,105667,1784787986,4720200,110411109200,565988,5342864488,5348303806,5332543,19885640100,994667457,999996150,3850,6307,993372101,6627899,7131068399,1777586900,0,1782774620,999989973,10027,999805007,194993,1782764593,1000,1000,1000,1000,1000,1000,1000,105342563233,12471895400,1167,1779155645,3723900,110460791600,13104017,5357916567,5347063338,3907336,19896214800,996092664,999986036,13964,18000,999477162,522838,7129417238,1778460400,2,1782355540,999998362,1638,999916400,83600,1782353900,1000,1000,1000,1000,1000,1000,1000,105342267724,12472513700,105133,1779157655,4018900,110465336200,33560976,5378580276,5347668201,3888237,19896768000,996111763,999998656,1344,71119,999485618,514382,7130223782,1777854100,1,1782557040,999998542,1458,999919519,80481,1782555581,1000,1000,1000,1000,1000,1000,1000
270000,93780,624361,2690000000,16140000000,10000,60000,9927272653982,87950774,115992357,1248,2689906220,2000,528,2104139,5379809944,2617079156,17382920844,21869287744,9984110601,15889399,10048045,105358552850,12516033000,556,1787738889,6057600,110846462000,389939,5363789689,5368261115,5553264,19963099800,994446736,999999866,134,88702,995633787,4366213,7157676813,1784255400,1,1789429720,999985979,14021,999817802,182198,1789415698,1000,1000,1000,1000,1000,1000,1000,105362521829,12518443200,1188,1785757851,3784500,110873066400,12162432,5376923682,5367001762,3973179,19969350000,996026821,999987318,12682,7539,999466577,533423,7156001923,1785133300,6300,1789007740,999998721,1279,999920539,79461,1789000161,1000,1000,1000,1000,1000,1000,1000,105362254037,12519117900,105525,1785962663,3843400,110878049400,33673390,5398661740,5367625892,3985773,19970028300,996014227,999999427,573,11254,999519762,480238,7156831938,1784483800,6500,1789220300,999992246,7754,999935154,64846,1789206046,1000,1000,1000,1000,1000,1000,1000
271000,94960,641355,2700000000,16200000000,10000,60000,9927031993811,88682373,116739488,10888,2699905040,2000,494,2098811,5399788304,2619646484,17380353516,21866803916,9984128049,15871951,10086353,105380190102,12564309900,589,1791193395,7601400,111275644600,618170,5384807220,5388197603,5594322,20039276100,994405678,999999319,681,9097,997277794,2722206,7184260406,1790908100,3,1796072000,999990806,9194,999868997,131003,1796062803,1000,1000,1000,1000,1000,1000,1000,105382472435,12564969500,595,1792397965,3773900,111285108600,12267706,5396965806,5386931820,3950700,20042449800,996049300,999999410,590,4510,999484290,515710,7182573210,1791765400,6520,1795655560,999992350,7650,999931910,68090,1795641390,1000,1000,1000,1000,1000,1000,1000,105382295009,12565704900,578,1792522951,3880600,111290729800,32627625,5417585125,5387622522,3902399,20043233400,996097601,999982028,17972,69329,999472607,527393,7183495993,1791156500,0,1795875580,999997891,2109,999916429,83571,1795873471,1000,1000,1000,1000,1000,1000,1000
272000,96110,626252,2710000000,16260000000,10000,60000,9926792080405,88376985,116476783,2146,2709903890,2000,62694,2103710,5419803488,2621241690,17378758310,21867925210,9984128010,15871990,10124098,105399334504,12610029800,602,1803502156,2728000,111680134800,300879,5404055579,5408176616,2840064,20111897100,997159936,999998766,1234,73802,996503486,3496514,7210901714,1797583800,6620,1802733040,999998678,1322,999795302,204698,1802725098,1000,1000,1000,1000,1000,1000,1000,105402418877,12611551600,595,1798841863,3997500,111697676800,13371992,5418032842,5406904372,3901557,20115585600,996098443,999990881,9119,70824,999469952,530048,7209205448,1798416400,6500,1802308720,999998856,1144,999928824,71176,1802301076,1000,1000,1000,1000,1000,1000,1000,105402181997,12612316200,106137,1799442542,3701300,111703563600,32289433,5437222633,5407586763,3921471,20116524900,996078529,999997549,2451,12578,999496215,503785,7210113185,1797807200,1,1802533920,999992503,7497,999923378,76622,1802526422,1000,1000,1000,1000,1000,1000,1000
273000,96020,624525,2720000000,16320000000,10000,60000,9926554142787,86166627,114245420,10499,2719903980,2000,520,2087931,5439786962,2620742514,17379257486,21867725186,9984170849,15829151,10161711,105419804629,12657111600,1126,1808598591,3809000,112097560800,414732,5424373332,5428113090,3459563,20185826100,996540437,999993448,6552,84085,996971595,3028405,7237483905,1804267300,6600,1809378060,999999355,645,999823585,176415,1809370815,1000,1000,1000,1000,1000,1000,1000,105422406833,12658165000,1175,1805558387,3933600,112110591600,12667947,5437309297,5426876668,3876240,20188863600,996123760,999998676,1324,87636,999475268,524732,7235835232,1805089900,6540,1808966080,999999024,976,999923736,76264,1808958564,1000,1000,1000,1000,1000,1000,1000,105422178087,12658918600,106310,1805514473,4240400,112116278000,32789776,5457692326,5427534182,3935842,20189620500,996064158,999999141,859,80199,999544617,455383,7236708083,1804438900,6800,1809193180,999987521,12479,999939599,60401,1809173901,1000,1000,1000,1000,1000,1000,1000
274000,93560,631355,2730000000,16380000000,10000,60000,9926312430014,87937157,116027645,11155,2729906440,2000,45,2096718,5459790570,2616061671,17383938329,21872794029,9984206102,15793898,10199872,105437191410,12701078000,106423,1819480168,2095400,112484571200,239105,5442890055,5448021316,3193650,20254362900,996806350,999992461,7539,3011,994548795,5451205,7264023005,1810954000,2,1816017940,999983751,16249,999774411,225589,1816001689,1000,1000,1000,1000,1000,1000,1000,105442312858,12704769300,104812,1812506422,3724900,112523411400,13313748,5457930798,5446824580,3974196,20262170400,996025804,999999286,714,17490,999492910,507090,7262430390,1811775600,6460,1815619420,999992850,7150,999929390,70610,1815605810,1000,1000,1000,1000,1000,1000,1000,105442100574,12705510500,105698,1812652765,3803500,112528901800,33680197,5478547747,5447543171,3930440,20262917100,996069560,999999864,136,17124,999506053,493947,7263386447,1811067200,1,1815856620,999986657,13343,999932124,67876,1815843276,1000,1000,1000,1000,1000,1000,1000
275000,95490,639385,2740000000,16440000000,10000,60000,9926071857335,88932641,117104689,2058,2739904510,2000,5218,2103944,5479804904,2615824976,17384175024,21872060924,9984169676,15830324,10237780,105457715837,12748177300,588,1824442761,3260700,112902127400,239346,5463100146,5468019848,4079076,20328275100,995920924,999999851,149,88275,994979527,5020473,7290688573,1817597800,2,1822682400,999986327,13673,999786975,213025,1822668725,1000,1000,1000,1000,1000,1000,1000,105462383457,12751373700,551,1819039982,3746300,112936185000,13392657,5477982507,5466802247,3957500,20335400100,996042500,999989336,10664,8636,999492189,507811,7289067811,1818425700,6801,1822277920,999994445,5555,999928436,71564,1822265564,1000,1000,1000,1000,1000,1000,1000,105462022643,12752028500,104917,1819104836,4006500,112940917800,33468944,5498272744,5467483279,3879917,20335960800,996120083,999998337,1663,88220,999496441,503559,7289976959,1817713300,6941,1822502860,999997761,2239,999927220,72780,1822493680,1000,1000,1000,1000,1000,1000,1000
276000,94560,616980,2750000000,16500000000,10000,60000,9925834982695,86308368,114470580,2247,2749905440,2000,523,2108426,5499806386,2613111663,17386888337,21874515837,9984221394,15778606,10275180,105476710978,12793834300,625,1829468958,5918800,113305211000,356863,5482703263,5487994914,4350442,20399020500,995649558,999998743,1257,13301,993952987,6047013,7317322313,1824276000,4,1829340120,999987283,12717,999814101,185899,1829327399,1000,1000,1000,1000,1000,1000,1000,105482359553,12797998400,1172,1825489626,3974500,113349147200,13148719,5497720619,5486791989,3897201,20408609400,996102799,999988276,11724,70075,999472986,527014,7315720014,1825096200,1,1828935940,999992086,7914,999926575,73425,1828928025,1000,1000,1000,1000,1000,1000,1000,105481983824,12798562700,106114,1826073536,3676200,113353107000,34209765,5518958615,5487412948,4018506,20409179100,995981494,999999052,948,9046,999503098,496902,7316549202,1824380400,6280,1829146720,999995814,4186,999928746,71254,1829136254,1000,1000,1000,1000,1000,1000,1000
277000,96360,639708,2760000000,16560000000,10000,60000,9925595063224,86953340,115202680,1238,2759903640,2000,46,2105736,5519804804,2612047464,17387952536,21874520136,9984169564,15830436,10313168,105496480156,12840247900,592,1836689024,5515200,113716194200,300320,5502531470,5507982688,5428305,20471990700,994571695,999996321,3679,17716,993796928,6203072,7343976872,1830902900,6240,1836000560,999999864,136,999791416,208584,1835994184,1000,1000,1000,1000,1000,1000,1000,105502308737,12844561600,592,1832389943,3720000,113761537600,12895996,5517421896,5506743914,3965737,20481831600,996034263,999997980,2020,19643,999479029,520971,7342325071,1831737900,6780,1835588380,999999557,443,999928643,71357,1835581157,1000,1000,1000,1000,1000,1000,1000,105502042206,12845110800,1131,1832374012,3914900,113765381600,34709380,5539406880,5507365400,3911978,20482260900,996088022,999999857,143,83179,999509179,490821,7343149621,1831020400,2,1835796960,999987263,12737,999931579,68421,1835784221,1000,1000,1000,1000,1000,1000,1000
278000,95600,632862,2770000000,16620000000,10000,60000,9925354835712,87880510,116110381,10181,2769904400,2000,5719,2084133,5539788438,2610747022,17389252978,21877997878,9984205067,15794933,10350805,105514393968,12884746300,1109,1846536672,4326700,114108087800,313650,5521475850,5527931862,3124445,20541299700,996875555,999998904,1096,87759,991789397,8210603,7370575303,1837537800,6680,1842651660,999998461,1539,999778459,221541,1842643441,1000,1000,1000,1000,1000,1000,1000,105522181734,12891124200,105746,1838820766,4028200,114174022800,13323038,5537808938,5526689760,3918116,20554953900,996081884,999999176,824,82260,999496100,503900,7368918200,1838405100,6440,1842239320,999995560,4440,999923960,76040,1842228440,1000,1000,1000,1000,1000,1000,1000,105522056634,12891779000,584,1838778086,4163400,114178757200,35376681,5560076631,5527351488,3954574,20555557200,996045426,999999280,720,85306,999521618,478382,7369799382,1837699800,6820,1842462520,999992194,7806,999931206,68794,1842447894,1000,1000,1000,1000,1000,1000,1000
279000,95390,620392,2780000000,16680000000,10000,60000,9925114115012,89607698,117944883,1291,2779904610,2000,523,2108047,5559806638,2608899210,17391100790,21879468590,9984159753,15840247,10388891,105533511739,12930639400,106180,1852439077,5969700,114513520400,447512,5541212612,5547915190,3685291,20612715000,996314709,999982364,17636,16073,991010783,8989217,7397219617,1844190600,7044,1849313380,999998091,1909,999804773,195227,1849304427,1000,1000,1000,1000,1000,1000,1000,105542213942,12937651700,1168,1845454298,3959700,114586091400,14985007,5559409257,5546637260,3911451,20628070500,996088549,999999421,579,81870,999475210,524790,7395515390,1845054700,7040,1848888040,999997130,2870,999925070,74930,1848878130,1000,1000,1000,1000,1000,1000,1000,105541936388,12938285200,1117,1845896570,3744300,114590632000,34128366,5578757216,5547322408,3884196,20628720000,996115804,999980531,19469,15635,999468527,531473,7396429473,1844332200,2,1849108280,999998787,1213,999920435,79565,1849107065,1000,1000,1000,1000,1000,1000,1000
280000,94660,631712,2790000000,16740000000,10000,60000,9924877666013,87122022,115529671,9912,2789905340,2000,449,2093893,5579790856,2608559435,17391440565,21878733265,9984112947,15887053,10426703,105553554910,12977314000,105156,1858865409,6108100,114927055200,345786,5561122486,5567895055,4647171,20686067100,995352829,999999293,707,83222,991103767,8896233,7423859833,1850829200,6621,1855972120,999999279,721,999795822,204178,1855964778,1000,1000,1000,1000,1000,1000,1000,105562165820,12984233600,1185,1851997718,4074000,114998701600,16314168,5580703818,5566614848,3903456,20701257900,996096544,999985991,14009,74535,999468787,531213,7422152613,1851703600,2,1855539320,999998447,1553,999916535,83465,1855537765,1000,1000,1000,1000,1000,1000,1000,105561889850,12984818400,604,1852538149,3710000,115002730400,32973185,5597541535,5567250343,3973217,20701834200,996026783,999999135,865,10118,999511275,488725,7422999425,1850944300,6641,1855758820,999996903,3097,999932618,67382,1855749082,1000,1000,1000,1000,1000,1000,1000
281000,96480,636797,2800000000,16800000000,10000,60000,9924639871868,85918622,114321255,11559,2799903520,2000,40,2088411,5599783922,2608951290,17391048710,21879172010,9984149789,15850211,10464011,105572952471,13023166800,1132,1867533046,4587100,115332536800,299409,5580687109,5587834955,3881590,20758197300,996118410,999991491,8509,7201,990500746,9499254,7450442554,1857440700,3,1862619760,999987842,12158,999783801,216199,1862607599,1000,1000,1000,1000,1000,1000,1000,105582099372,13030870200,106544,1858878587,3937600,115411786800,16060681,5600438581,5586563735,3910268,20774580000,996089732,999999740,260,79172,999486837,513163,7448747363,1858407200,1,1862196480,999987149,12851,999930772,69228,1862183628,1000,1000,1000,1000,1000,1000,1000,105581778191,13031424700,106298,1858930028,4081400,115415556600,33693273,5618237473,5587218533,3902280,20774993700,996097720,999999843,157,87263,999510130,489870,7449620170,1857621800,1,1862415260,999986378,13622,999934663,65337,1862401637,1000,1000,1000,1000,1000,1000,1000
282000,95650,643654,2810000000,16860000000,10000,60000,9924398947533,87823557,116292741,2095,2809904350,2000,43,2106674,5619804510,2611926490,17388073510,21875333710,9984139386,15860614,10501896,105594643694,13071456600,1163,1871535085,5507700,115762109200,359604,5601559354,5607764721,4695011,20834598300,995304989,999995430,4570,15519,992225998,7774002,7477016602,1864099800,6661,1869267620,999990922,9078,999805219,194781,1869251881,1000,1000,1000,1000,1000,1000,1000,105602208283,13077562600,566,1865745776,3659200,115825390000,15476904,5619868454,5606584413,4012944,20848038000,995987056,999988827,11173,5383,999463170,536830,7475442830,1865097600,1,1868867580,999990838,9162,999921083,78917,1868858417,1000,1000,1000,1000,1000,1000,1000,105601784576,13077910600,620,1865970863,3580100,115827303600,33460845,5637928495,5607154635,3970143,20848161000,996029857,999991275,8725,16332,999510397,489603,7476205003,1864244600,6841,1869060740,999996469,3531,999924932,75068,1869050368,1000,1000,1000,1000,1000,1000,1000
283000,96080,626711,2820000000,16920000000,10000,60000,9924159645761,87708846,116096935,10845,2819903920,2000,472,2081839,5639786150,2614814407,17385185593,21874331193,9984233561,15766439,10539811,105614464348,13117930600,105526,1881592632,2196400,116174313200,323098,5621476348,5627737984,2795106,20908489500,997204894,999998364,1636,12158,992236174,7763826,7503650526,1870795700,6780,1875919680,999999642,358,999711558,288442,1875912542,1000,1000,1000,1000,1000,1000,1000,105622110528,13124119900,105634,1872150929,3962900,116237811000,15796319,5640144519,5626495269,3897162,20921144700,996102838,999998516,1484,89854,999499585,500415,7501989015,1871784300,3,1875507780,999985969,14031,999929754,70246,1875493746,1000,1000,1000,1000,1000,1000,1000,105621690434,13124620800,106634,1872645905,3682100,116241004000,33266800,5657751950,5627179487,4045340,20921536800,995954660,999998496,1504,10156,999515669,484331,7502904231,1870899900,7041,1875737040,999994745,5255,999925756,74244,1875724744,1000,1000,1000,1000,1000,1000,1000
284000,95820,636861,2830000000,16980000000,10000,60000,9923921757484,86112270,114575948,2168,2829904180,2000,45,2103554,5659804024,2616145954,17383854046,21870688846,9984217166,15782834,10577290,105636509521,13166576200,1092,1884381759,4047800,116606929200,203984,5642315034,5647713918,5052254,20985219600,994947746,999998825,1175,87971,994150153,5849847,7530284747,1877433100,6360,1882578620,999998569,1431,999783271,216729,1882570829,1000,1000,1000,1000,1000,1000,1000,105642145690,13170761400,106220,1878759330,3976100,116650958000,14954283,5659293983,5646441440,3941880,20994453900,996058120,999998250,1750,77570,999532830,467170,7528584270,1878480300,6260,1882162040,999987050,12950,999939170,60830,1882142830,1000,1000,1000,1000,1000,1000,1000,105641702035,13171150200,558,1878794604,4105300,116653058800,33331677,5677754077,5647144657,3915293,20994533100,996084707,999987224,12776,74531,999483174,516826,7529525726,1877530500,1,1882382520,999998550,1450,999924331,75669,1882381069,1000,1000,1000,1000,1000,1000,1000
285000,95020,632947,2840000000,17040000000,10000,60000,9923680302181,87908931,116419393,11293,2839904980,2000,51,2088088,5679787374,2616916112,17383083888,21870893988,9984192592,15807408,10614966,105656365962,13213021700,553,1891964955,3186800,117018281000,214309,5662229159,5667666947,4139922,21058371900,995860078,999976327,23673,61305,994072958,5927042,7556888342,1884076400,3,1889224160,999997238,2762,999770605,229395,1889221395,1000,1000,1000,1000,1000,1000,1000,105662079732,13217352800,105402,1885309228,4104900,117063607200,15608735,5679915085,5666437644,3880054,21067633500,996119946,999999432,568,84678,999516734,483266,7555247166,1885108700,6860,1888825460,999990922,9078,999930578,69422,1888809522,1000,1000,1000,1000,1000,1000,1000,105661660628,13217686900,530,1885837232,3694600,117065279400,32853658,5697222758,5667080188,3966513,21067770000,996033487,999983399,16601,16586,999503398,496602,7556106202,1884179900,6540,1889034700,999997854,2146,999922686,77314,1889026014,1000,1000,1000,1000,1000,1000,1000
286000,94250,624125,2850000000,17100000000,10000,60000,9923441521668,87025693,115557479,10240,2849905750,2000,5745,2085066,5699791020,2616608161,17383391839,21871714739,9984206374,15793626,10653094,105676201627,13259512200,106247,1895292331,6618100,117429690800,451300,5682367950,5687541862,3631698,21130629900,996368302,999994156,5844,7658,994053396,5946604,7583384004,1890717000,2,1895857580,999984564,15436,999836758,163242,1895842142,1000,1000,1000,1000,1000,1000,1000,105682160887,13264011100,566,1892407892,3586400,117476836600,15509819,5699810719,5686454337,3996689,21141061800,996003311,999998840,1160,4951,999499714,500286,7581934786,1891758000,1,1895493440,999987010,12990,999928851,71149,1895480449,1000,1000,1000,1000,1000,1000,1000,105681705300,13264366300,1180,1892148360,4030200,117478735800,32816261,5717191461,5687059100,3948915,21141049800,996051085,999999375,625,79560,999524460,475540,7582740740,1890869300,6020,1895701840,999985820,14180,999934260,65740,1895681640,1000,1000,1000,1000,1000,1000,1000
287000,95000,635641,2860000000,17160000000,10000,60000,9923200209819,88624226,117206656,10375,2859905000,2000,48,2085780,5719789250,2617445545,17382554455,21871109155,9984194380,15805620,10691030,105696247911,13306039200,1112,1905610429,2817700,117842136000,335064,5702213664,5707512798,3439399,21204621900,996560601,999991840,8160,13741,994086343,5913657,7610015857,1897373000,6680,1902513360,999996379,3621,999778941,221059,1902503059,1000,1000,1000,1000,1000,1000,1000,105702005665,13310605100,105913,1899108055,3667900,117889490200,15640056,5719907556,5706434208,3974552,21214251000,996025448,999989178,10822,5226,999481218,518782,7608575682,1898408000,0,1902151260,999990214,9786,999928626,71374,1902141474,1000,1000,1000,1000,1000,1000,1000,105701523033,13310911300,105473,1899251467,3692200,117890993000,32919941,5737243091,5707020476,3983694,21214272600,996016306,999998496,1504,8202,999509626,490374,7609360074,1897511600,6540,1902347820,999998318,1682,999925402,74598,1902339598,1000,1000,1000,1000,1000,1000,1000
288000,95370,631726,2870000000,17220000000,10000,60000,9922961280258,87906095,116457744,11638,2869904630,2000,5774,2091165,5739785984,2617143353,17382856647,21870085447,9984268515,15731485,10728999,105716752112,13353111500,548,1912040065,2498300,118259886200,326779,5722430729,5727471297,4751770,21278947500,995248230,999983890,16110,76720,994629323,5370677,7636623377,1904051600,3,1909167140,999984943,15057,999751520,248480,1909152080,1000,1000,1000,1000,1000,1000,1000,105722033087,13357238700,106312,1905265910,4146800,118302567800,16661118,5740916768,5726387631,3857006,21287434800,996142994,999999139,861,91633,999499302,500698,7635178598,1905106000,3,1908805700,999985270,14730,999936433,63567,1908790967,1000,1000,1000,1000,1000,1000,1000,105721443928,13357409300,105439,1905599852,4008700,118302860200,31762403,5756015003,5726957722,3893758,21287273100,996106242,999992447,7553,75789,999489867,510133,7635943333,1904167900,6480,1908992980,999999111,889,999918489,81511,1908985611,1000,1000,1000,1000,1000,1000,1000
289000,95370,628374,2880000000,17280000000,10000,60000,9922720734495,88762170,117425196,1292,2879904630,2000,62978,2098250,5759806676,2618198165,17381801835,21868503535,9984202230,15797770,10767006,105737683684,13400909900,106180,1915821135,4488500,118684007800,367818,5743004568,5747485383,5329434,21353971200,994670566,999998122,1878,16688,995632505,4367495,7663313595,1910691000,7001,1915835960,999999253,747,999808188,191812,1915828212,1000,1000,1000,1000,1000,1000,1000,105741956267,13403795400,106613,1912040712,4038200,118714896400,17836116,5762042716,5746357679,3916604,21360606900,996083396,999999864,136,80060,999491581,508419,7661808119,1911731300,7081,1915463880,999993641,6359,999931760,68240,1915450440,1000,1000,1000,1000,1000,1000,1000,105741544775,13403979700,543,1912410384,3710500,118715301800,30052464,5774261364,5746890567,3941216,21360518400,996058784,999991122,8878,3406,999521239,478761,7662515061,1910819600,1,1915641580,999982915,17085,999937406,62594,1915624494,1000,1000,1000,1000,1000,1000,1000
290000,94050,620862,2890000000,17340000000,10000,60000,9922481101392,88449634,117195379,1352,2889905950,2000,62187,2116249,5779809196,2620465326,17379534674,21867832374,9984175511,15824489,10805007,105758432857,13448192100,546,1920832443,5340100,119103375400,450655,5763387605,5767441938,3664751,21428325600,996335249,999998152,1848,17601,996316063,3683937,7689922437,1917317200,7120,1922488060,999999559,441,999837701,162299,1922480499,1000,1000,1000,1000,1000,1000,1000,105761914112,13450287300,105606,1918627686,4060900,119126735400,18274793,5782409843,5766264386,3892306,21433679100,996107694,999996312,3688,92006,999513820,486180,7688348180,1918390900,2,1922096800,999986996,13004,999933406,66594,1922083794,1000,1000,1000,1000,1000,1000,1000,105761473486,13450577300,1084,1918804173,4021600,119128009000,29341103,5793519503,5766891899,3941682,21433656600,996058318,999998572,1428,86990,999478391,521609,7689186309,1917471600,1,1922303080,999991331,8669,999926090,73910,1922294410,1000,1000,1000,1000,1000,1000,1000
291000,94220,631116,2900000000,17400000000,10000,60000,9922239508282,90031090,118775822,11686,2899905780,2000,433,2085344,5799788188,2620567672,17379432328,21868370428,9984183776,15816224,10843164,105778023973,13494471300,106028,1930115343,3077500,119513189000,360064,5783125464,5787415822,3094663,21501463500,996905337,999999130,870,17067,996061145,3938855,7716549755,1923979400,4,1929147960,999985977,14023,999806567,193433,1929133933,1000,1000,1000,1000,1000,1000,1000,105781891417,13496788900,570,1925403961,3877300,119538573000,17922549,5801984749,5786235480,3866897,21506778600,996133103,999998126,1874,71229,999465849,534151,7714979951,1925014100,2,1928746540,999997933,2067,999920029,79971,1928744471,1000,1000,1000,1000,1000,1000,1000,105781383340,13497227500,105449,1925770339,3793000,119541179800,30087938,5814258238,5786860173,3999742,21507021000,996000258,999999905,95,9463,999507290,492710,7715811110,1924135300,6881,1928965180,999992638,7362,999935963,64037,1928950937,1000,1000,1000,1000,1000,1000,1000
292000,95230,624957,2910000000,17460000000,10000,60000,9922003095556,86487041,115284697,10619,2909904770,2000,61959,2090954,5819788302,2620263197,17379736803,21867844303,9984174526,15825474,10881228,105798776012,13541867200,106058,1933176508,5906100,119933570400,547074,5803661824,5807358020,3861660,21575593500,996138340,999999450,550,87790,996822370,3177630,7743140830,1930628600,6520,1935798920,999990410,9590,999854890,145110,1935782810,1000,1000,1000,1000,1000,1000,1000,105801709617,13543288000,105329,1932060561,3967000,119950392800,17919104,5821907654,5806163954,3881814,21579819300,996118186,999992696,7304,76182,999473028,526972,7741551672,1931641500,6742,1935395260,999999200,800,999923182,76818,1935387718,1000,1000,1000,1000,1000,1000,1000,105801365960,13543834100,105780,1932307219,3921600,119954033800,29595756,5833743606,5806838579,3897960,21580239000,996102040,999999240,760,78480,999498901,501099,7742446899,1930811500,1,1935621940,999986381,13619,999930080,69920,1935608320,1000,1000,1000,1000,1000,1000,1000
293000,96350,623570,2920000000,17520000000,10000,60000,9921762492622,87009267,115860447,10942,2919903650,2000,5709,2093364,5839785416,2620930889,17379069111,21868412611,9984161096,15838904,10918912,105818461195,13588137000,106760,1942706705,3275600,120343372400,340694,5823284344,5827321630,2760496,21648830100,997239504,999998481,1519,7985,996572655,3427345,7769761745,1937303200,6800,1942448200,999998715,1285,999809585,190415,1942440115,1000,1000,1000,1000,1000,1000,1000,105821752200,13589911200,610,1938875840,3730600,120363280000,18924260,5842890360,5826181580,3929215,21653120100,996070785,999990085,9915,14770,999455490,544510,7768241710,1938256000,0,1942061320,999998810,1190,999918870,81130,1942060130,1000,1000,1000,1000,1000,1000,1000,105821438407,13590357100,1097,1938956973,3776100,120366122200,29108017,5853196017,5826749024,3850541,21653386800,996149459,999997609,2391,79668,999531644,468356,7768994856,1937468400,6260,1942263620,999988472,11528,999935268,64732,1942245832,1000,1000,1000,1000,1000,1000,1000
294000,92340,622550,2930000000,17580000000,10000,60000,9921522803576,86705817,115579572,10481,2929907660,2000,5184,2095997,5859794358,2620305693,17379694307,21869174607,9984179263,15820737,10957021,105838242126,13634400900,1059,1950348634,2441500,120753057800,261563,5843027563,5847291590,2446136,21721645500,997553864,999998331,1669,78795,996315605,3684395,7796388195,1943959300,6300,1949104680,999998225,1775,999772295,227705,1949096605,1000,1000,1000,1000,1000,1000,1000,105841786999,13636494100,538,1945178880,4023300,120775913000,19348278,5863281078,5846087721,3886249,21726268200,996113751,999994828,5172,84679,999506258,493742,7794780742,1944950100,6221,1948707900,999991342,8658,999935479,64521,1948693021,1000,1000,1000,1000,1000,1000,1000,105841377747,13636966900,1040,1945586030,3839200,120778917800,29002125,5873063625,5846752259,3998453,21726616500,996001547,999999082,918,17629,999504570,495430,7795667330,1944107200,6643,1948928760,999992954,7046,999928829,71171,1948915071,1000,1000,1000,1000,1000,1000,1000
295000,95280,631994,2940000000,17640000000,10000,60000,9921283220305,86473467,115310124,2180,2939904720,2000,535,2108277,5879805080,2618436772,17381563228,21869196028,9984266503,15733497,10994883,105858493859,13681308500,537,1954826041,4433200,121168479400,373731,5863240131,5867253136,4282106,21794952300,995717894,999998738,1262,84032,996501496,3498504,7822999604,1950656000,0,1955760200,999986268,13732,999829232,170768,1955746468,1000,1000,1000,1000,1000,1000,1000,105861638549,13683077800,105956,1952234071,3746600,121188553200,20575392,5884475242,5866059750,3984489,21799555800,996015511,999999024,976,6935,999487185,512815,7821411815,1951622600,6280,1955361900,999996445,3555,999926035,73965,1955352065,1000,1000,1000,1000,1000,1000,1000,105861262897,13683582900,106012,1952523523,3664800,121191837000,27610148,5891652098,5866717294,3972874,21799916400,996027126,999989677,10323,24203,999497509,502491,7822289291,1950798100,6520,1955579820,999998697,1303,999927003,72997,1955571997,1000,1000,1000,1000,1000,1000,1000
296000,95080,636207,2950000000,17700000000,10000,60000,9921042998563,86999595,115936151,1376,2949904920,2000,46,2102068,5899807088,2617549958,17382450042,21870517742,9984198692,15801308,11033180,105877613432,13727160300,106585,1963736228,2970800,121573981400,251019,5882729819,5887242682,3909475,21867060300,996090525,999995914,4086,80039,995823357,4176643,7849655543,1957276000,6840,1962423800,999995901,4099,999789839,210161,1962412861,1000,1000,1000,1000,1000,1000,1000,105881548598,13729544800,105779,1959000022,3627500,121600106400,20405865,5904219415,5885975362,3909073,21872594400,996090927,999985532,14468,9459,999478097,521903,7847966603,1958264700,6960,1961999840,999998361,1639,999926459,73541,1961991241,1000,1000,1000,1000,1000,1000,1000,105881268459,13730227100,106678,1958859681,3963600,121604917400,28385563,5912414513,5886697282,3923314,21873125700,996076686,999999793,207,82179,999531597,468403,7848925203,1957431900,6760,1962248200,999986481,13519,999941279,58721,1962227921,1000,1000,1000,1000,1000,1000,1000
297000,96000,631326,2960000000,17760000000,10000,60000,9920803019628,87326114,116339022,2150,2959904000,2000,513,2102708,5919803700,2617742642,17382257358,21870006158,9984160972,15839028,11071172,105898262902,13774404800,1061,1967493658,5242700,121992799200,515787,5903265137,5907237138,4199810,21940993200,995800190,999987631,12369,75321,996344683,3655317,7876315717,1963932200,0,1969079980,999998599,1401,999827521,172479,1969078579,1000,1000,1000,1000,1000,1000,1000,105901526060,13776162700,106032,1965334478,3939400,122013032600,20071484,5923865684,5905966690,3917205,21945782700,996082795,999994469,5531,81464,999493974,506026,7874619126,1964901000,2,1968661820,999990618,9382,999921864,78136,1968652436,1000,1000,1000,1000,1000,1000,1000,105901259323,13776680300,1019,1965432917,3949200,122016370200,28299240,5932237340,5906632592,3867776,21946128000,996132224,999992390,7610,84114,999506922,493078,7875504878,1964060300,0,1968888020,999984266,15734,999931814,68186,1968872286,1000,1000,1000,1000,1000,1000,1000
298000,95190,627100,2970000000,17820000000,10000,60000,9920563199815,87423113,116397933,10730,2969904810,2000,511,2094160,5939788160,2618673128,17381326872,21869497272,9984228460,15771540,11109120,105918507303,13821343000,106481,1974559914,4582100,122408939600,474339,5923365189,5927182801,3804871,22015052700,996195129,999992999,7001,3228,996701327,3298673,7902905773,1970613300,3,1975736860,999986115,13885,999838328,161672,1975722972,1000,1000,1000,1000,1000,1000,1000,105921494082,13822704700,106365,1971961495,3948600,122425228600,19411995,5943150695,5925897039,3930422,22018908600,996069578,999998371,1629,80549,999508010,491990,7901189690,1971552400,3,1975311740,999980914,19086,999934649,65351,1975292651,1000,1000,1000,1000,1000,1000,1000,105921221195,13823256600,568,1971918085,4120500,122428958000,28953705,5952856505,5926586258,3912914,22019303100,996087086,999998735,1265,87721,999498263,501737,7902114537,1970741800,6580,1975536280,999998579,1421,999922721,77279,1975528279,1000,1000,1000,1000,1000,1000,1000
299000,92010,637342,2980000000,17880000000,10000,60000,9920322760734,88082608,117127699,10781,2979907990,2000,51,2093673,5959794418,2617671942,17382328058,21870424958,9984195687,15804313,11147105,105938433927,13867842200,106079,1977561249,8258800,122820631600,651639,5943460839,5947092732,3792515,22087316100,996207485,999999117,883,89702,996659170,3340830,7929452530,1977282900,4,1982373140,999986662,13338,999864002,135998,1982359798,1000,1000,1000,1000,1000,1000,1000,105941479484,13869400500,106681,1978826756,3764300,122838773000,19766126,5963514376,5945917730,4001138,22092321000,995998862,999999193,807,9255,999498725,501275,7927888175,1978205600,6260,1981983100,999993605,6395,999933555,66445,1981970445,1000,1000,1000,1000,1000,1000,1000,105941161113,13869846000,1056,1978856405,3842000,122841531200,28522442,5972387392,5946569672,3981771,22092556800,996018229,999991994,8006,19023,999500051,499949,7928759249,1977354500,6882,1982197400,999999059,941,999926523,73477,1982189577,1000,1000,1000,1000,1000,1000,1000
300000,95430,634527,2990000000,17940000000,10000,60000,9920081623828,89367770,118455710,10650,2989904570,2000,5216,2083900,5979787840,2621509498,17378490502,21866130802,9984181140,15818860,11185180,105960235549,13916261800,106413,1987275731,3346100,123251598000,680711,5964372861,5967055532,4353949,22165192500,995646051,999999303,697,9954,998511222,1488778,7956069978,1983925600,0,1989026640,999987806,12194,999863054,136946,1989014446,1000,1000,1000,1000,1000,1000,1000,105961424924,13915990600,106225,1985055136,4214700,123251446000,19078343,5982794893,5965909914,3935880,22165433100,996064120,999998863,1137,86483,999477669,522331,7954544231,1984853700,0,1988641280,999993037,6963,999923183,76817,1988634317,1000,1000,1000,1000,1000,1000,1000,105961012709,13916413400,106585,1985449710,4005000,123254000400,28369153,5992192503,5966529983,3892573,22165697100,996107427,999987871,12129,66898,999502715,497285,7955372785,1984004500,6461,1988850840,999998423,1577,999923898,76102,1988842802,1000,1000,1000,1000,1000,1000,1000
301000,94700,624097,3000000000,18000000000,10000,60000,9919842652357,88257070,117397488,2140,2999905300,2000,62197,2105398,5999806320,2622368027,17377631973,21865402173,9984187742,15812258,11222762,105980885504,13963601100,106194,1992973653,3687300,123671364600,1291577,5985301727,5987042345,4269255,22239700800,995730745,999999821,179,11966,999134521,865479,7982718879,1990586100,3,1995689280,999987257,12743,999904266,95734,1995676534,1000,1000,1000,1000,1000,1000,1000,105981380555,13962568400,105678,1992028205,3908700,123664004800,17897867,6001577117,5985873458,3868804,22238691300,996131196,999996315,3685,89111,999466753,533247,7981164547,1991517300,6700,1995297980,999999809,191,999918811,81189,1995291089,1000,1000,1000,1000,1000,1000,1000,105981062217,13962892000,527,1992420143,3565400,123665688800,28690812,6012434862,5986434964,3977278,22238843100,996022722,999999526,474,9048,999505884,494116,7981910416,1990667900,6840,1995490900,999991392,8608,999928448,71552,1995475452,1000,1000,1000,1000,1000,1000,1000
302000,97610,622455,3010000000,18060000000,10000,60000,9919606626185,84154075,113283452,10267,3009902390,2000,5663,2076831,6019784246,2622083360,17377916640,21865777440,9984207949,15792051,11260495,106000975410,14010324900,105448,1999235090,3959200,124085293000,1692101,6005732301,6007009348,4151918,22313103900,995848082,999998204,1796,13786,999260338,739662,8009342862,1997232700,6860,2002349180,999991194,8806,999910986,89014,2002333514,1000,1000,1000,1000,1000,1000,1000,106001471195,14009148700,541,1998388943,4062900,124076546200,17509780,6021150330,6005824394,3898531,22311851100,996101469,999999643,357,85412,999499518,500482,8007761182,1998152800,2,2001950820,999985970,14030,999930812,69188,2001936788,1000,1000,1000,1000,1000,1000,1000,106001031205,14009512000,553,1998905173,3760800,124078613600,28764901,6032489251,6006418386,3971379,22312063800,996028621,999998665,1335,14686,999481500,518500,8008557700,1997346200,7162,2002146920,999999556,444,999923986,76014,2002139314,1000,1000,1000,1000,1000,1000,1000
303000,95610,635048,3020000000,18120000000,10000,60000,9919366570412,84175587,113346087,1224,3019904390,2000,63555,2111668,6039806332,2622027899,17377972101,21866016601,9984239412,15760588,11298244,106021162029,14057037800,560,2006022468,3644400,124499170000,2485126,6026553526,6026982271,3965004,22386622200,996034996,999983667,16333,16863,999332492,667508,8035974008,2003929300,3,2008998800,999992940,7060,999909263,90737,2008991737,1000,1000,1000,1000,1000,1000,1000,106021373290,14055673800,1115,2005087747,4057400,124488650000,17126863,6040708263,6025791647,3846232,22384973100,996153768,999979867,20133,64635,999454688,545312,8034388112,2004809000,3,2008598720,999997748,2252,999914535,85465,2008596465,1000,1000,1000,1000,1000,1000,1000,106021008747,14056100000,1081,2005485770,3823800,124491260000,28348358,6052039608,6026374165,4001233,22385264700,995998767,999991409,8591,16476,999490411,509589,8035165389,2004009200,7183,2008798900,999999507,493,999926276,73724,2008791224,1000,1000,1000,1000,1000,1000,1000
304000,94810,624168,3030000000,18180000000,10000,60000,9919123116339,87574610,116798653,1285,3029905190,2000,62471,2112233,6059807810,2621651649,17378348351,21866367051,9984224587,15775413,11336397,106041062418,14103611000,105989,2012614239,3736800,124911722800,3943891,6047975191,6046904639,3988594,22459810500,996011406,999987963,12037,11369,999396130,603870,8062536370,2010581700,3,2015641180,999990554,9446,999916669,83331,2015631731,1000,1000,1000,1000,1000,1000,1000,106041354454,14102285900,531,2011949444,3845900,124901466200,15742760,6059298660,6045759208,3899473,22458249300,996100527,999987468,12532,76595,999459187,540813,8061011813,2011466700,2,2015254000,999998607,1393,999921495,78505,2015252605,1000,1000,1000,1000,1000,1000,1000,106041025834,14102721600,565,2011975463,3953700,124904188800,28367910,6072039510,6046342531,3897982,22458488700,996102018,999999215,785,81933,999535402,464598,8061781798,2010647600,3,2015464000,999975270,24730,999939133,60867,2015439267,1000,1000,1000,1000,1000,1000,1000
305000,94920,633307,3040000000,18240000000,10000,60000,9918885008132,85650904,114825124,11524,3039905080,2000,38,2085308,6079787112,2621237636,17378762364,21866787964,9984285292,15714708,11374204,106061051860,14150186600,106562,2018651200,4324700,125324254800,3678222,6067670822,6066837032,3888153,22532872500,996111847,999999527,473,83274,999422742,577258,8089112958,2017248100,6900,2022292080,999990746,9254,999925474,74526,2022275926,1000,1000,1000,1000,1000,1000,1000,106061260446,14148907500,106010,2018385911,4130300,125314411800,16488943,6080026243,6065723273,3922593,22531459200,996077407,999994045,5955,85052,999506979,493021,8087626321,2018108400,3,2021917180,999985871,14129,999929852,70148,2021903048,1000,1000,1000,1000,1000,1000,1000,106060907236,14149344800,105985,2018860063,3839800,125317175200,28014240,6091669590,6066310945,3902957,22531789200,996097043,999999364,636,85307,999524462,475538,8088410438,2017341700,6381,2022118340,999987534,12466,999934607,65393,2022099493,1000,1000,1000,1000,1000,1000,1000
306000,93400,633385,3050000000,18300000000,10000,60000,9918642846519,87843250,117132713,11228,3049906600,2000,34,2087719,6099790744,2620760769,17379239231,21867330131,9984210501,15789499,11412245,106080919854,14196684500,106068,2025950382,3721200,125736057000,3442870,6087360870,6086817968,3941138,22606058400,996058862,999999012,988,15774,999378406,621594,8115754994,2023854100,4,2028943920,999993110,6890,999911474,88526,2028937026,1000,1000,1000,1000,1000,1000,1000,106081291460,14195498700,1069,2025035899,4066800,125727018200,17011592,6100512892,6085719393,3922717,22604665800,996077283,999987560,12440,75443,999477050,522950,8114289750,2024739700,1,2028578680,999991678,8322,999925743,74257,2028570357,1000,1000,1000,1000,1000,1000,1000,106080929571,14195893700,516,2025365647,3913700,125729471400,27887569,6111492819,6086282280,3860334,22604925300,996139666,999991263,8737,71529,999489349,510651,8115042751,2023995200,6842,2028768180,999999133,867,999922729,77271,2028760471,1000,1000,1000,1000,1000,1000,1000
307000,94580,623374,3060000000,18360000000,10000,60000,9918405858665,84900369,114216614,11382,3059905420,2000,556,2093169,6119788076,2620364734,17379635266,21867728566,9984227031,15772969,11450107,106100982995,14243218000,495,2032265385,3935000,126148176800,3230569,6107089369,6106744740,3861437,22679116200,996138563,999999367,633,80030,999395690,604310,8142323110,2030498400,7580,2035595580,999990370,9630,999922030,77970,2035578370,1000,1000,1000,1000,1000,1000,1000,106101116200,14242024900,106511,2031726414,4135500,126139121800,16694357,6120136357,6105663880,3873940,22677770400,996126060,999987277,12723,68137,999466957,533043,8140884643,2031391500,6,2035222360,999998409,1591,999920137,79863,2035220763,1000,1000,1000,1000,1000,1000,1000,106100937184,14242562300,1063,2032097235,3844700,126142828600,28543844,6132150344,6106277361,3932594,22678277400,996067406,999998643,1357,75849,999485988,514012,8141702612,2030675100,1,2035426860,999998392,1608,999924049,75951,2035425251,1000,1000,1000,1000,1000,1000,1000
308000,93420,630618,3070000000,18420000000,10000,60000,9918164186043,86694042,116080992,11829,3069906580,2000,41,2089548,6139789502,2619967385,17380032615,21868140815,9984190992,15809008,11488394,106120914111,14289752200,489,2039150325,3661600,126560350000,4744316,6128547166,6126695716,3939936,22752313200,996060064,999992536,7464,12700,999429684,570316,8168926416,2037103100,6804,2042241120,999996384,3616,999915800,84200,2042230700,1000,1000,1000,1000,1000,1000,1000,106121211629,14288603100,1058,2038551349,3826600,126551639800,16288047,6139690147,6125601080,3947839,22751030400,996052161,999994868,5132,3629,999502749,497251,8167465251,2038037300,6902,2041879640,999991433,8567,999934729,65271,2041864171,1000,1000,1000,1000,1000,1000,1000,106120835781,14289193800,106393,2038407817,4295700,126555845200,27540928,6151132028,6126244882,3894008,22751463900,996105992,999998966,1034,80058,999493676,506324,8168325224,2037351700,6602,2042090800,999996144,3856,999931258,68742,2042080342,1000,1000,1000,1000,1000,1000,1000
309000,94460,637276,3080000000,18480000000,10000,60000,9917924748707,86329414,115743343,1127,3079905540,2000,44,2113603,6159808826,2619806521,17380193479,21868246979,9984226017,15773983,11526343,106140933386,14336320400,1006,2045329254,4097500,126972849600,4619282,6148382332,6146605292,3858913,22825407900,996141087,999999877,123,82564,999457872,542128,8195469528,2043804400,6800,2048883620,999987416,12584,999930064,69936,2048864236,1000,1000,1000,1000,1000,1000,1000,106141149842,14335212100,1058,2045279057,3788800,126964461000,15321452,6158698752,6145612499,3977356,22824275400,996022644,999998756,1244,15300,999475901,524099,8194147399,2044673800,1,2048542700,999992201,7799,999922600,77400,2048534900,1000,1000,1000,1000,1000,1000,1000,106140916192,14335804100,537,2045260227,4005200,126968719400,28712146,6172281596,6146224673,3937876,22824782100,996062124,999998319,1681,71443,999477670,522330,8194965730,2044030300,1,2048742560,999998498,1502,999924143,75857,2048741057,1000,1000,1000,1000,1000,1000,1000
310000,96380,620797,3090000000,18540000000,10000,60000,9917685670424,85602594,115051525,1158,3089903620,2000,61732,2101707,6179804924,2619599418,17380400582,21868528982,9984217333,15782667,11564557,106160799093,14382961300,105702,2052390867,3852000,127385989000,4478637,6168232787,6166604690,3989913,22898773800,996010087,999997478,2522,15165,999403875,596125,8222139525,2050511900,6020,2055541040,999999815,185,999918165,81835,2055534835,1000,1000,1000,1000,1000,1000,1000,106160981184,14381803800,105716,2052111055,3723000,127377082800,15501439,6178843639,6165604819,3947918,22897485300,996052082,999998818,1182,17400,999477481,522519,8220804319,2051283200,1,2055205820,999993681,6319,999919900,80100,2055199500,1000,1000,1000,1000,1000,1000,1000,106160846489,14382287400,504,2052164768,3738200,127380399600,28751995,6192241045,6166139495,3882554,22897883400,996117446,999996285,3715,11231,999489336,510664,8221516864,2050662600,7043,2055391800,999992612,7388,999931931,68069,2055377369,1000,1000,1000,1000,1000,1000,1000
311000,93110,629975,3100000000,18600000000,10000,60000,9917445421337,86053517,115547336,11337,3099906890,2000,83,2093613,6199791106,2619296154,17380703846,21868732246,9984202367,15797633,11602573,106180775631,14429546500,107033,2059183369,3668200,127798605800,6353821,6190073371,6186557584,3948932,22972018200,996051068,999998120,1880,16388,999447804,552196,8248743396,2057140500,6380,2062192340,999999852,148,999921588,78412,2062185812,1000,1000,1000,1000,1000,1000,1000,106181080162,14428391500,491,2058494836,3863300,127789703800,14238748,6197546298,6185544256,3911745,22970650800,996088255,999999896,104,82951,999502495,497505,8247389405,2057946800,6182,2061860140,999991191,8809,999931251,68749,2061845149,1000,1000,1000,1000,1000,1000,1000,106180782885,14428848100,498,2058461095,4104000,127792813000,28305473,6211750273,6186113918,3916453,22970966100,996083547,999998614,1386,91761,999477843,522157,8248149657,2057303600,0,2062042440,999993299,6701,999922761,77239,2062035739,1000,1000,1000,1000,1000,1000,1000
312000,97150,629033,3110000000,18660000000,10000,60000,9917206577452,85192661,114695935,1343,3109902850,2000,57222,2099460,6219803014,2619182613,17380817387,21868780487,9984237020,15762980,11640834,106200708835,14476123700,106505,2065769924,3740200,128211078600,6322724,6209999674,6206546919,3948116,23045172000,996051884,999998296,1704,13080,999450261,549739,8275393439,2063740400,1,2068853880,999992641,7359,999923280,76720,2068846520,1000,1000,1000,1000,1000,1000,1000,106200945101,14474961600,106783,2065217699,3915100,128202236000,13973319,6217242869,6205489144,3950772,23043841200,996049228,999999600,400,83828,999477284,522716,8273985216,2064654100,6300,2068503300,999999072,928,999926428,73572,2068496072,1000,1000,1000,1000,1000,1000,1000,106200815525,14475526300,456,2065349453,3874900,128206278200,28619602,6232071202,6206097684,4029338,23044392000,995970662,999998965,1035,8627,999481643,518357,8274793757,2064004700,2,2068705540,999990535,9465,999927027,72973,2068696073,1000,1000,1000,1000,1000,1000,1000
313000,93580,621798,3120000000,18720000000,10000,60000,9916965515267,86519852,116069864,11392,3119906420,2000,94,2092556,6239790056,2619002319,17380997681,21869042081,9984221124,15778876,11678580,106220573408,14522586900,106889,2072243571,3950200,128622569800,5629475,6229216725,6226497441,3879618,23118116700,996120382,999998317,1683,63299,999413758,586242,8301995842,2070352500,1,2075500640,999997762,2238,999913999,86001,2075498401,1000,1000,1000,1000,1000,1000,1000,106221038795,14521536200,516,2071904519,3735000,128614730800,14430072,6237658722,6225441180,3926744,23117060700,996073256,999999381,619,79237,999522857,477143,8300580843,2071274700,6,2075161860,999977809,22191,999939237,60763,2075139663,1000,1000,1000,1000,1000,1000,1000,106220718761,14522133900,106485,2072340777,3631600,128619163800,29071661,6252502661,6226048254,3990008,23117709000,996009992,999995490,4510,9882,999490528,509472,8301394172,2070705400,2,2075356420,999989500,10500,999925982,74018,2075345918,1000,1000,1000,1000,1000,1000,1000
314000,95140,632380,3130000000,18780000000,10000,60000,9916727131872,85212788,114815514,1150,3129904860,2000,46,2107206,6259807420,2618840060,17381159940,21869173040,9984220794,15779206,11716314,106240644706,14569124500,931,2078683494,4043200,129034747400,4851772,6248382922,6246423882,3873639,23191221300,996126361,999992018,7982,85279,999426197,573803,8328563103,2077010800,6520,2082151960,999993781,6219,999922979,77021,2082139221,1000,1000,1000,1000,1000,1000,1000,106240985419,14568117300,1031,2078836201,3466500,129027321800,15430155,6258623105,6245413360,3947674,23190330900,996052326,999999224,776,12250,999518090,481910,8327213510,2077922900,6700,2081819760,999987090,12910,999931250,68750,2081800150,1000,1000,1000,1000,1000,1000,1000,106240833050,14568785000,1038,2078651850,3849800,129032350000,28937797,6272361547,6246015428,4040640,23190970500,995959360,999999236,764,17896,999511568,488432,8328020232,2077378200,6360,2082012180,999998984,1016,999932696,67304,2082004804,1000,1000,1000,1000,1000,1000,1000
315000,95470,621912,3140000000,18840000000,10000,60000,9916485567725,87122865,116759265,2324,3139904530,2000,521,2108488,6279804412,2618592490,17381407510,21869441810,9984226512,15773488,11754424,106260492316,14615679400,105973,2085763144,3745400,129447100400,3059109,6266542959,6266377294,3959154,23264455500,996040846,999999417,583,17163,999400969,599031,8355167431,2083687600,6520,2088803540,999993117,6883,999921563,78437,2088790137,1000,1000,1000,1000,1000,1000,1000,106260937901,14614663000,495,2084901679,4041200,129439574000,16783768,6279924268,6265355136,3916667,23263342200,996083333,999999399,601,81932,999523796,476204,8353803004,2084572200,6780,2088466180,999988468,11532,999934132,65868,2088447868,1000,1000,1000,1000,1000,1000,1000,106260666769,14615354600,106765,2085116791,4160000,129444835600,29527440,6292910340,6265994124,3891175,23264077500,996108825,999992453,7547,90878,999501754,498246,8354658546,2084016700,6500,2088671780,999999142,858,999924378,75622,2088664422,1000,1000,1000,1000,1000,1000,1000
316000,95640,637644,3150000000,18900000000,10000,60000,9916247918911,85108556,114724506,10437,3149904360,2000,515,2087904,6299787846,2618602667,17381397333,21869493433,9984264416,15735584,11792462,106280482034,14662187400,512,2092404845,3705300,129859025200,2437543,6285853193,6286352275,3832897,23337534900,996167103,999980079,19921,58882,999342807,657193,8381802193,2090330200,1,2095452440,999997479,2521,999906182,93818,2095449918,1000,1000,1000,1000,1000,1000,1000,106280795907,14661344200,106289,2091864451,3896400,129853010000,16176216,6299321316,6285397514,4040954,23336731200,995959046,999993886,6114,3932,999483618,516382,8380527182,2091225400,2,2095138180,999991490,8510,999924332,75668,2095129668,1000,1000,1000,1000,1000,1000,1000,106280646556,14661905000,106026,2091979763,3940800,129857169200,30852382,6314187332,6285922171,3861944,23337286800,996138056,999998438,1562,77694,999502323,497677,8381228277,2090704200,6901,2095316860,999996147,3853,999928994,71006,2095306106,1000,1000,1000,1000,1000,1000,1000
317000,95630,625477,3160000000,18960000000,10000,60000,9916006780788,86606783,116335408,2220,3159904370,2000,62569,2105525,6319804300,2618413971,17381586029,21869616929,9984207015,15792985,11830115,106300384246,14708769000,106438,2099283494,3515600,130271614800,3884454,6307264254,6306284264,3976276,23410787700,996023724,999986104,13896,14328,999411664,588336,8408374236,2096964300,0,2102104320,999985652,14348,999919428,80572,2102089972,1000,1000,1000,1000,1000,1000,1000,106300857264,14707980200,517,2098436515,3908500,130266023600,16357063,6319486013,6305404485,3952410,23409994200,996047590,999993637,6363,9927,999459242,540758,8407204858,2097871500,1,2101803740,999996634,3366,999921927,78073,2101800373,1000,1000,1000,1000,1000,1000,1000,106300571298,14708414900,107177,2098894601,3681400,130269111400,29294087,6332561687,6305865749,3974986,23410438200,996025014,999987311,12689,8225,999491776,508224,8407818324,2097345400,1,2101960600,999991976,8024,999927125,72875,2101952575,1000,1000,1000,1000,1000,1000,1000
318000,95990,637644,3170000000,19020000000,10000,60000,9915765439618,88309840,117980212,10948,3169904010,2000,5761,2094248,6339786124,2618467558,17381532442,21869502942,9984291732,15708268,11867856,106320450517,14755451000,105751,2105513722,3891200,130685155600,5410157,6328801007,6326241707,3926501,23484084900,996073499,999994957,5043,81956,999458249,541751,8434983851,2103670300,1,2108757420,999984725,15275,999927156,72844,2108742144,1000,1000,1000,1000,1000,1000,1000,106320750523,14754595800,107230,2105414297,3663300,130678892400,15385826,6338492126,6325356878,3982385,23483292000,996017615,999998436,1564,17951,999489473,510527,8433808827,2104531100,6860,2108459840,999998969,1031,999931251,68749,2108451949,1000,1000,1000,1000,1000,1000,1000,106320632337,14754933200,999,2105539543,3567700,130681149600,28858262,6352063462,6325785796,3995902,23483567100,996004098,999998714,1286,16912,999500516,499484,8434378484,2104008600,6340,2108606760,999992268,7732,999930112,69888,2108592688,1000,1000,1000,1000,1000,1000,1000
319000,93890,632704,3180000000,19080000000,10000,60000,9915528691036,85464976,115261500,2136,3179906110,2000,57470,2108576,6359807948,2618318012,17381681988,21869742688,9984217584,15782416,11905532,106340355561,14801964600,105825,2112217918,3869400,131097117200,5822192,6349146442,6346195215,3942186,23557188600,996057814,999993948,6052,12162,999421647,578353,8461591253,2110319500,1,2115403140,999992899,7101,999920062,79938,2115396038,1000,1000,1000,1000,1000,1000,1000,106340633718,14801121600,106564,2111713178,4059100,131090944000,14910063,6357953863,6345349808,3925512,23556299400,996074488,999998206,1794,67794,999451886,548114,8460465914,2111135800,4,2115117600,999998510,1490,999917894,82106,2115116106,1000,1000,1000,1000,1000,1000,1000,106340612227,14801588000,1019,2111803532,3978800,131094360000,29010521,6372209521,6345789595,3904054,23556780000,996095946,999999536,464,79282,999491787,508213,8461051513,2110664700,7341,2115273100,999996159,3841,999928082,71918,2115261918,1000,1000,1000,1000,1000,1000,1000
320000,94520,645735,3190000000,19140000000,10000,60000,9915288991108,85576137,115415219,1255,3189905480,2000,64593,2110032,6379808450,2618333345,17381666655,21869748855,9984214508,15785492,11943558,106360293641,14848478000,107324,2119029018,3699200,131509116800,5023539,6368283589,6366120769,3933091,23630323800,996066909,999998746,1254,11155,999426386,573614,8488160814,2116975000,6601,2122047280,999999366,634,999917855,82145,2122040045,1000,1000,1000,1000,1000,1000,1000,106360730110,14847706800,502,2118544144,3740200,131503536000,14256725,6377264375,6365298866,3929719,23629574700,996070281,999996723,3277,11404,999491238,508762,8487060762,2117771800,6,2121775080,999986822,13178,999929604,70396,2121761896,1000,1000,1000,1000,1000,1000,1000,106360614311,14848210100,501,2118766229,3655900,131507343400,30559008,6393741708,6365760032,4018077,23630139600,995981923,999994281,5719,4104,999510872,489128,8487677228,2117332600,6860,2121932500,999991556,8444,999927504,72496,2121917196,1000,1000,1000,1000,1000,1000,1000
321000,95710,637926,3200000000,19200000000,10000,60000,9915047284174,87661724,117425710,10317,3199904290,2000,494,2079240,6399787946,2618407498,17381592502,21869602802,9984296260,15703740,11981006,106380340921,14895159200,107224,2125651318,3711600,131922601600,5672347,6388940047,6386101989,4032434,23703687900,995967566,999999049,951,11615,999454126,545874,8514798074,2123659400,1,2128709820,999986266,13734,999927715,72285,2128696085,1000,1000,1000,1000,1000,1000,1000,106380719461,14894326500,1050,2124824238,4111100,131916481000,13814159,6396803409,6385265965,3878446,23702754900,996121554,999999783,217,87737,999498772,501228,8513685628,2124446100,6421,2128433060,999993024,6976,999928337,71663,2128419663,1000,1000,1000,1000,1000,1000,1000,106380606317,14894806000,504,2125187682,3869800,131920042400,30466224,6413618124,6385710065,3964533,23703316500,996035467,999997140,2860,10907,999527842,472158,8514276058,2123997700,6741,2128584820,999987914,12086,999936207,63793,2128565993,1000,1000,1000,1000,1000,1000,1000
322000,96690,630170,3210000000,19260000000,10000,60000,9914807564836,87805281,117645525,1218,3209903310,2000,44,2099760,6419804184,2618371217,17381628783,21869650983,9984278040,15721960,12018524,106400364108,14941693900,482,2132241570,3696400,132334765400,5362309,6408573409,6406061318,3950719,23776814700,996049281,999999349,651,12430,999424612,575388,8541414188,2130311700,6522,2135362100,999997292,2708,999918830,81170,2135352870,1000,1000,1000,1000,1000,1000,1000,106400576062,14940912600,106536,2131624916,4092000,132329098000,13921171,6416875721,6405235006,3920566,23775963900,996079434,999998432,1568,89666,999472960,527040,8540310840,2131121800,2,2135083340,999992496,7504,999927666,72334,2135075834,1000,1000,1000,1000,1000,1000,1000,106400420694,14941378700,106436,2131780026,4060300,132332543800,30809006,6433920656,6405698740,3909269,23776445400,996090731,999998779,1221,91710,999506570,493430,8540931130,2130630200,6500,2135240460,999998430,1570,999923010,76990,2135232390,1000,1000,1000,1000,1000,1000,1000
323000,97450,627026,3220000000,19320000000,10000,60000,9914570590754,85190062,115120147,2252,3219902550,2000,56647,2093189,6439800596,2618263316,17381736684,21869791884,9984219651,15780349,12056547,106420362735,14988286200,966,2139019363,3564600,132747498800,5268980,6428451880,6426015064,3948070,23850081000,996051930,999983737,16263,5767,999430003,569997,8568016097,2136999300,2,2142013000,999988035,11965,999919367,80633,2142001033,1000,1000,1000,1000,1000,1000,1000,106420520990,14987524600,107042,2138618650,3757400,132741877200,13358461,6436285211,6425227332,3987446,23849268600,996012554,999999190,810,8044,999480612,519388,8566969488,2137732300,6600,2141749620,999999136,864,999928944,71056,2141742156,1000,1000,1000,1000,1000,1000,1000,106420314479,14987856000,107167,2138799000,3703700,132744099200,31555036,6454579236,6425640075,3965764,23849532300,996034236,999999846,154,12482,999492707,507293,8567515993,2137232100,1,2141888240,999987679,12321,999931682,68318,2141875918,1000,1000,1000,1000,1000,1000,1000
324000,94510,628953,3230000000,19380000000,10000,60000,9914329444391,86777772,116723867,2196,3229905490,2000,62693,2107307,6459806588,2618277663,17381722337,21869810337,9984255713,15744287,12094501,106440238314,15034880100,106308,2145658904,3675000,133160203400,5198417,6448351117,6445971410,3996534,23923281900,996003466,999999408,592,16774,999435964,564036,8594625336,2143669400,2,2148663560,999990368,9632,999920774,79226,2148653926,1000,1000,1000,1000,1000,1000,1000,106440462056,15034077800,106166,2145168560,3872100,133154205200,13470546,6456348646,6445190688,3870514,23922387300,996129486,999985488,14512,70674,999470286,529714,8593587014,2144377300,6744,2148404780,999998290,1710,999925274,74726,2148396326,1000,1000,1000,1000,1000,1000,1000,106440295154,15034420400,107441,2145150925,4000400,133156592000,31624141,6474608591,6445581309,3858745,23922655500,996141255,999999010,990,82665,999492556,507444,8594103744,2143921100,1,2148536440,999985996,14004,999929065,70935,2148522435,1000,1000,1000,1000,1000,1000,1000
325000,95090,631295,3240000000,19440000000,10000,60000,9914088274715,88361911,118369395,1355,3239904910,2000,5740,2101174,6479807110,2618221026,17381778974,21869855374,9984226306,15773694,12132616,106460194262,15081444600,107295,2152212918,3763600,133572606000,4971483,6468078783,6465918142,3946484,23996429700,996053516,999999403,597,9219,999446677,553323,8621222823,2150315100,7120,2155315900,999995901,4099,999925319,74681,2155304681,1000,1000,1000,1000,1000,1000,1000,106460530198,15080719500,515,2151832020,3796200,133567309400,13988450,6476855350,6465205316,3988993,23995703400,996011007,999997564,2436,13971,999441555,558445,8620273345,2151033200,2,2155069260,999998771,1229,999917671,82329,2155068029,1000,1000,1000,1000,1000,1000,1000,106460229862,15080970200,106793,2151889754,3906800,133568874000,31495482,6494428832,6465535286,3872040,23995816800,996127960,999995325,4675,85185,999498399,501601,8620712301,2150552500,6904,2155188160,999995759,4241,999926485,73515,2155177015,1000,1000,1000,1000,1000,1000,1000
326000,94540,619609,3250000000,19500000000,10000,60000,9913849130479,87966660,118007485,1400,3249905460,2000,87,2102805,6499808120,2618256739,17381743261,21869821661,9984232235,15767765,12170255,106480257223,15127963400,940,2158506377,3985400,133984658800,6060746,6489106496,6485853958,3897473,24069483300,996102527,999998494,1506,80721,999473563,526437,8647798737,2156947300,0,2161964400,999980379,19621,999927121,72879,2161944779,1000,1000,1000,1000,1000,1000,1000,106480469722,15127366700,106909,2158578435,3770600,133980520600,14430665,6497292365,6485159923,3974148,24069033300,996025852,999999025,975,7777,999485954,514046,8646875846,2157718300,3,2161728080,999987846,12154,999927377,72623,2161715923,1000,1000,1000,1000,1000,1000,1000,106480321371,15127552300,1023,2158352388,3973400,133981471000,30083543,6512981443,6485492183,3877076,24069010800,996122924,999997874,2126,79798,999517815,482185,8647316985,2157204500,1,2161842580,999982223,17777,999931698,68302,2161824802,1000,1000,1000,1000,1000,1000,1000
327000,94290,632843,3260000000,19560000000,10000,60000,9913609897425,87652605,117730530,1209,3259905710,2000,57549,2108423,6519809002,2618232630,17381767370,21869892270,9984238977,15761023,12208479,106500177096,15174458000,1046,2165337900,3804400,134396447200,6402568,6509373268,6505777668,3909550,24142587300,996090450,999999164,836,18614,999460246,539754,8674365754,2163598800,4,2168601500,999986590,13410,999928514,71486,2168588086,1000,1000,1000,1000,1000,1000,1000,106500535287,15173936900,993,2165094272,3798500,134392979400,14757378,6517576478,6505117759,3952619,24142203300,996047381,999998479,1521,4560,999490701,509299,8673485399,2164363400,1,2168382480,999985161,14839,999931060,68940,2168367640,1000,1000,1000,1000,1000,1000,1000,106500201807,15174238200,107187,2164923133,4194000,134394933200,29456312,6532359862,6505500824,3913579,24142316100,996086421,999998577,1423,72398,999498174,501826,8674000526,2163877300,6700,2168508120,999998282,1718,999931398,68602,2168499702,1000,1000,1000,1000,1000,1000,1000
328000,95620,637960,3270000000,19620000000,10000,60000,9913373511915,84480051,114563384,9789,3269904380,2000,459,2088151,6539789182,2618209266,17381790734,21869877634,9984251449,15748551,12246631,106520168707,15221008300,974,2172060332,3718100,134808837400,7322985,6530249285,6525690865,3933319,24215789700,996066681,999999546,454,8627,999464462,535538,8700918838,2170313600,7001,2175241920,999993054,6946,999927727,72273,2175227973,1000,1000,1000,1000,1000,1000,1000,106520476420,15220619500,915,2171605917,4012700,134806419000,14505918,6537329668,6525172027,3926441,24215488800,996073559,999992486,7514,73245,999440218,559782,8700229082,2171006200,3,2175057920,999999138,862,999914945,85055,2175057055,1000,1000,1000,1000,1000,1000,1000,106520110811,15220700500,107084,2171749008,3993400,134806453800,28966828,6551782628,6525431029,3881816,24215365500,996118184,999999581,419,81265,999519236,480764,8700569264,2170474200,1,2175154560,999983676,16324,999930665,69335,2175138235,1000,1000,1000,1000,1000,1000,1000
329000,92830,624028,3280000000,19680000000,10000,60000,9913133356881,85082883,115200098,2213,3279907170,2000,529,2103101,6559809914,2618334464,17381665536,21869679436,9984270459,15729541,12284573,106540207536,15267694300,456,2178570722,3848300,135222395800,7769691,6550707641,6545675530,3963785,24289145700,996036215,999998949,1051,18964,999484434,515566,8727565166,2177007900,6742,2181903000,999993378,6622,999928764,71236,2181889636,1000,1000,1000,1000,1000,1000,1000,106540331602,15267155200,107220,2178577873,3759900,135218575200,14761304,6557527854,6545096207,3956685,24288673200,996043315,999985259,14741,18274,999475367,524633,8726794633,2177641000,6565,2181705920,999999071,929,999923674,76326,2181698426,1000,1000,1000,1000,1000,1000,1000,106540065907,15267340900,106284,2178499428,3944400,135219527400,28337098,6571139948,6545436321,3944522,24288658800,996055478,999998219,1781,66297,999475776,524224,8727247824,2177146900,5,2181813320,999998188,1812,999923697,76303,2181811503,1000,1000,1000,1000,1000,1000,1000
330000,95570,629180,3290000000,19740000000,10000,60000,9912894183701,84724561,114880765,2141,3289904430,2000,5579,2107626,6579804578,2618335362,17381664638,21869786838,9984274074,15725926,12322652,106560030864,15314230800,106084,2185161435,4035600,135634540000,7405537,6570285437,6565637867,3857083,24362209800,996142917,999998299,1701,88116,999464349,535651,8754179151,2183645300,1,2188555300,999985985,14015,999929716,70284,2188541284,1000,1000,1000,1000,1000,1000,1000,106560349082,15313784100,107032,2184931237,4031600,135631579400,15679934,6578430634,6565053683,3912618,24361883700,996087382,999999156,844,84338,999506955,493045,8753402445,2184309300,6601,2188362760,999992603,7397,999933938,66062,2188348762,1000,1000,1000,1000,1000,1000,1000,106560114262,15313832400,502,2185228417,3744100,135631348800,27918920,6590649170,6565354063,3905890,24361781100,996094110,999991678,8322,18888,999484225,515775,8753802975,2183801400,1,2188456240,999992673,7327,999922988,77012,2188448912,1000,1000,1000,1000,1000,1000,1000
331000,95170,638738,3300000000,19800000000,10000,60000,9912652791429,86556214,116727643,11119,3299904830,2000,77,2090007,6599787422,2618283343,17381716657,21869788257,9984279273,15720727,12360695,106580079949,15360750600,480,2192104947,3625600,136046590000,6734479,6589552529,6585574710,3932360,24435416400,996067640,999988903,11097,9843,999473533,526467,8780760267,2190287800,4,2195203600,999981961,18039,999928943,71057,2195185557,1000,1000,1000,1000,1000,1000,1000,106580350835,15360294300,972,2191984723,3561300,136043544600,15632569,6598317319,6585024140,3937416,24435084000,996062584,999988785,11215,8269,999466629,533371,8780030371,2190947700,2,2195011680,999994553,5447,999918569,81431,2195006231,1000,1000,1000,1000,1000,1000,1000,106580043335,15360513500,105856,2191640641,4072000,136044802200,28755387,6611491337,6585337242,3926657,24435056700,996073343,999997654,2346,89197,999514655,485345,8780445145,2190470500,4,2195121440,999986467,13533,999933697,66303,2195107903,1000,1000,1000,1000,1000,1000,1000
332000,95970,634253,3310000000,19860000000,10000,60000,9912413658367,86162217,116354166,9983,3309904030,2000,5299,2087155,6619788094,2618317984,17381682016,21869713416,9984293585,15706415,12398379,106599992387,15407446500,106981,2198932171,3570500,136460177000,8376742,6611206992,6605575666,4001598,24508806300,995998402,999992654,7346,4956,999471890,528110,8807429710,2196972900,2,2201867580,999986466,13534,999931956,68044,2201854044,1000,1000,1000,1000,1000,1000,1000,106600344350,15406880900,1008,2198167590,4009900,136456162600,15027767,6617677817,6604961888,3931003,24508187100,996068997,999999289,711,80486,999488298,511702,8806613802,2197617200,6720,2201664780,999993854,6146,999928886,71114,2201651914,1000,1000,1000,1000,1000,1000,1000,106599955958,15407024700,107400,2198599780,3763600,136456716600,27808939,6630475639,6605277666,3923198,24508206000,996076802,999998884,1116,18186,999514220,485780,8807034680,2197093200,6562,2201770200,999993376,6624,999934286,65714,2201757014,1000,1000,1000,1000,1000,1000,1000
333000,93370,619413,3320000000,19920000000,10000,60000,9912176651989,83654506,113866815,2154,3319906630,2000,524,2106857,6639808952,2618407895,17381592105,21869546205,9984331023,15668977,12436475,106619960231,15454052500,107501,2205032948,4137800,136872990600,7292533,6630097883,6625550751,3946112,24581920800,996053888,999999656,344,83344,999458193,541807,8834065407,2203645300,1,2208521440,999993217,6783,999927144,72856,2208514656,1000,1000,1000,1000,1000,1000,1000,106620334878,15453511100,945,2204953642,3879400,136869214200,15485826,6638122826,6624945778,3974688,24581516700,996025312,999998529,1471,15641,999487563,512437,8833258837,2204290500,0,2208319660,999993399,6601,999924041,75959,2208313059,1000,1000,1000,1000,1000,1000,1000,106619947012,15453627500,106966,2205277626,3735900,136869532600,28517004,6651159354,6625245666,4015390,24581464200,995984610,999999416,584,8326,999517960,482040,8833656240,2203767700,2,2208424520,999986056,13944,999932226,67774,2208410574,1000,1000,1000,1000,1000,1000,1000
334000,95630,619230,3330000000,19980000000,10000,60000,9911932791668,87939415,118197377,10651,3329904370,2000,61955,2086324,6659787438,2618349483,17381650517,21869684117,9984302936,15697064,12474574,106639936816,15500658100,106115,2211842778,3993900,137285816200,7661904,6650443154,6645528940,3919504,24655197900,996080496,999993381,6619,85677,999451337,548663,8860702463,2210313100,6,2215181900,999991629,8371,999922077,77923,2215173523,1000,1000,1000,1000,1000,1000,1000,106640214247,15499979000,938,2211410032,4087500,137280750000,15933912,6658483412,6644886449,3901926,24654469200,996098074,999984521,15479,74895,999466646,533354,8859848054,2210904300,1,2214963240,999998366,1634,999918395,81605,2214961605,1000,1000,1000,1000,1000,1000,1000,106639967835,15500195100,916,2211940865,3656800,137281924600,27796349,6670392249,6645230766,3944996,24654631500,996055004,999998513,1487,15817,999484651,515349,8860305449,2210398400,0,2215081400,999993283,6717,999928617,71383,2215074683,1000,1000,1000,1000,1000,1000,1000
335000,94120,623074,3340000000,20040000000,10000,60000,9911694442823,86794761,117108856,10010,3339905880,2000,5784,2085955,6679791740,2618360684,17381639316,21869691116,9984284465,15715535,12512605,106659948382,15547284800,106549,2218324115,4141400,137698820800,8678586,6671444286,6665485163,3921692,24728448300,996078308,999999369,631,91677,999481214,518786,8887310986,2216985800,6663,2221840180,999992306,7694,999927577,72423,2221825823,1000,1000,1000,1000,1000,1000,1000,106660072753,15546521000,107167,2218451126,3783700,137692961200,15689895,6678184845,6664824459,3983572,24727673100,996016428,999999412,588,21740,999489481,510519,8886428119,2217541200,1,2221617140,999986521,13479,999927440,72560,2221603660,1000,1000,1000,1000,1000,1000,1000,106659817975,15546750900,106739,2218312045,4033400,137694276200,27193611,6689742011,6665184584,3845057,24727702800,996154943,999996595,3405,79838,999497154,502846,8886908946,2217036600,0,2221735860,999988502,11498,999929738,70262,2221724362,1000,1000,1000,1000,1000,1000,1000
336000,93430,639898,3350000000,20100000000,10000,60000,9911455127805,86622890,117047052,1379,3349906570,2000,58185,2114980,6699810382,2618351095,17381648905,21869706305,9984241440,15758560,12550622,106679879222,15593875900,107302,2225251935,3889100,138111427000,8830620,6691560320,6685487261,3921728,24801693600,996078272,999998436,1564,79608,999470947,529053,8913978553,2223593400,3,2228504680,999986615,13385,999925208,74792,2228491292,1000,1000,1000,1000,1000,1000,1000,106679984737,15593015200,107457,2225169023,3715300,138104752800,15057802,6697477952,6684750344,3945338,24800745000,996054662,999998136,1864,13398,999480754,519246,8913000046,2224184600,6680,2228257620,999998762,1238,999925198,74802,2228249702,1000,1000,1000,1000,1000,1000,1000,106679762810,15593312000,106188,2225069050,3957000,138106722400,27757495,6710263645,6685145348,3886854,24800899200,996113146,999997520,2480,89766,999462618,537382,8913526782,2223723200,0,2228382480,999998954,1046,999918266,81734,2228381434,1000,1000,1000,1000,1000,1000,1000
337000,97210,621012,3360000000,20160000000,10000,60000,9911218737525,83510249,113927860,2224,3359902790,2000,5595,2099079,6719801132,2618429674,17381570326,21869609426,9984270461,15729539,12588993,106699963321,15640472100,462,2231995559,3692400,138524173000,8609548,6711311348,6705444238,3946356,24874982700,996053644,999994717,5283,9161,999469523,530477,8940591177,2230274400,6660,2235157020,999996579,3421,999921561,78439,2235146939,1000,1000,1000,1000,1000,1000,1000,106699947820,15639657200,106954,2231807356,3763400,138517820800,14234029,6716640679,6704765620,3970638,24874013700,996029362,999990496,9504,5658,999462138,537862,8939685462,2230821800,4,2234925940,999993906,6094,999924058,75942,2234919842,1000,1000,1000,1000,1000,1000,1000,106699879215,15639902300,501,2231508823,4007200,138519391800,28947166,6731421366,6705070294,3986710,24874124100,996013290,999989882,10118,17472,999514578,485422,8940093522,2230386400,6262,2235030100,999999390,610,999930672,69328,2235023228,1000,1000,1000,1000,1000,1000,1000
338000,94220,633490,3370000000,20220000000,10000,60000,9910977916441,84822020,115262046,10356,3369905780,2000,63146,2094378,6739790848,2618464761,17381535239,21869628939,9984281562,15718438,12627210,106719781819,15687030100,107228,2238367619,4103500,138936505000,9537332,6732190132,6725421620,3915793,24948032400,996084207,999994942,5058,86649,999446029,553971,8967227471,2236907600,2,2241809920,999995933,4067,999918649,81351,2241805851,1000,1000,1000,1000,1000,1000,1000,106719952502,15686297800,107167,2238465675,3758300,138930962800,14223969,6736621919,6724743791,3938146,24947321700,996061854,999991569,8431,5523,999468832,531168,8966322868,2237502300,3,2241585640,999993440,6560,999922823,77177,2241579077,1000,1000,1000,1000,1000,1000,1000,106719691000,15686366900,106710,2238675799,3605800,138930957800,28102313,6750491313,6724994559,3932464,24947229300,996067536,999997434,2566,11670,999498811,501189,8966654989,2237035300,1,2241673700,999986731,13269,999928470,71530,2241660430,1000,1000,1000,1000,1000,1000,1000
339000,94260,630899,3380000000,20280000000,10000,60000,9910738353463,84912725,115424427,1271,3379905740,2000,5212,2107164,6759808938,2618469088,17381530912,21869560612,9984260836,15739164,12665374,106739776423,15733639300,107034,2244898873,4195600,139349320200,9434059,6752061659,6745375898,3900629,25021256100,996099371,999999548,452,81919,999480021,519979,8993833479,2243557600,6724,2248467460,999996845,3155,999926519,73481,2248457581,1000,1000,1000,1000,1000,1000,1000,106740038767,15732883500,950,2244835213,3913000,139343564600,14720202,6757082552,6744687402,3971338,25020490500,996028662,999998877,1123,17639,999488937,511063,8992916063,2244160900,6120,2248236200,999998581,1419,999930139,69861,2248228661,1000,1000,1000,1000,1000,1000,1000,106739766693,15732971100,495,2244970185,3864000,139343723000,27858378,6770219678,6744970346,3979209,25020406800,996020791,999997205,2795,15196,999499050,500950,8993289150,2243685900,2,2248332740,999986066,13934,999929696,70304,2248318804,1000,1000,1000,1000,1000,1000,1000
340000,94110,634332,3390000000,20340000000,10000,60000,9910495657343,88080967,118558099,11029,3389905890,2000,5737,2098810,6779789722,2618592010,17381407990,21869516290,9984324950,15675050,12703272,106759816602,15780171000,461,2251865998,3801600,139761481200,8754078,6771325278,6765327178,3935404,25094475900,996064596,999991925,8075,19721,999449243,550757,9020435957,2250228600,6760,2255116380,999999159,841,999919821,80179,2255108779,1000,1000,1000,1000,1000,1000,1000,106759913179,15779468600,107281,2251712940,3780700,139756198000,14558618,6776887418,6764645379,3953870,25093732800,996046130,999999290,710,7920,999506741,493259,9019524759,2250815100,6481,2254893100,999992761,7239,999931620,68380,2254879380,1000,1000,1000,1000,1000,1000,1000,106759752850,15779561200,477,2251664590,3802900,139756396800,28817585,6791147235,6764909562,3953364,25093640400,996046636,999998873,1127,11509,999511147,488853,9019878553,2250367700,6580,2254978160,999997411,2589,999932909,67091,2254968991,1000,1000,1000,1000,1000,1000,1000
341000,94570,628633,3400000000,20400000000,10000,60000,9910257592172,86673021,117273700,2214,3399905430,2000,62939,2108347,6799806432,2618571793,17381428207,21869442307,9984249093,15750907,12741425,106779687203,15826822300,107002,2258698275,3735600,140174651800,9124465,6791687415,6785340368,4003622,25167789900,995996378,999998857,1143,10735,999458367,541633,9047117933,2256853200,2,2261785240,999992327,7673,999918835,81165,2261777565,1000,1000,1000,1000,1000,1000,1000,106779929898,15826036400,466,2258384402,3682500,140168602400,14042177,6796325277,6784637824,3968349,25166907600,996031651,999998537,1463,15088,999486464,513536,9046183436,2257426100,6300,2261552900,999999012,988,999924588,75412,2261545612,1000,1000,1000,1000,1000,1000,1000,106779562266,15826042100,107721,2258291394,3951000,140168113800,29043886,6811295736,6784835082,3893642,25166646600,996106358,999995971,4029,87829,999483847,516153,9046446653,2257034800,6580,2261618520,999999631,369,999926829,73171,2261611571,1000,1000,1000,1000,1000,1000,1000
342000,93010,640326,3410000000,20460000000,10000,60000,9910020370290,84387903,114956425,2349,3409906990,2000,57991,2107640,6819809282,2618713393,17381286607,21869287607,9984318740,15681260,12779622,106799735381,15873529800,107209,2264936777,4163900,140588387600,9873287,6812456287,6805325198,3963647,25241103000,996036353,999992377,7623,84430,999455232,544768,9073766668,2263580300,6442,2268448700,999999212,788,999922330,77670,2268441470,1000,1000,1000,1000,1000,1000,1000,106799789932,15872604700,106299,2265185086,3634500,140581056600,13848547,6816088997,6804590964,3935121,25240095900,996064879,999995698,4302,4577,999494013,505987,9072786187,2264076900,6782,2268207300,999994705,5295,999928577,71423,2268195223,1000,1000,1000,1000,1000,1000,1000,106799671325,15872576900,940,2264842713,3890600,140580325800,28558149,6830756399,6804749508,3916405,25239805800,996083595,999999160,840,82055,999533647,466353,9072991253,2263691200,2,2268266020,999975727,24273,999938655,61345,2268241745,1000,1000,1000,1000,1000,1000,1000
343000,94870,629853,3420000000,20520000000,10000,60000,9909778329213,86921528,117578289,2205,3419905130,2000,629,2107911,6839805850,2618716441,17381283559,21869389459,9984268749,15731251,12817599,106819783981,15920047000,535,2271680459,3940700,141000395600,10230466,6832749316,6825255956,3852274,25314248100,996147726,999984146,15854,73872,999473016,526984,9100340684,2270214700,7140,2275093640,999998228,1772,999924572,75428,2275084728,1000,1000,1000,1000,1000,1000,1000,106819806878,15919155500,450,2271804099,3596400,140993323000,14641495,6836829745,6824577285,3970650,25313235600,996029350,999998826,1174,17876,999463791,536209,9099434009,2270699700,3,2274863840,999992887,7113,999922276,77724,2274856724,1000,1000,1000,1000,1000,1000,1000,106819585173,15919169800,445,2271478127,3957700,140992988400,27624907,6849790457,6824746828,3946825,25313013900,996053175,999997931,2069,13506,999487478,512522,9099662322,2270342600,7020,2274922860,999999654,346,999923206,76794,2274915494,1000,1000,1000,1000,1000,1000,1000
344000,95120,633945,3430000000,20580000000,10000,60000,9909537842198,87926362,118615255,2309,3429904880,2000,63594,2096451,6859805142,2618789260,17381210740,21869195540,9984262989,15737011,12855431,106839768802,15966677200,462,2278550996,3724000,141413356800,10460129,6852960279,6845245422,4022360,25387562700,995977640,999997948,2052,13888,999482866,517134,9126989434,2276851100,2,2281757400,999986614,13386,999932888,67112,2281744012,1000,1000,1000,1000,1000,1000,1000,106839647566,15965738700,107602,2278391631,3767500,141405898200,14036690,6856187990,6844549885,3955246,25386397500,996044754,999986102,13898,10456,999466071,533929,9126066029,2277334400,3,2281517600,999998547,1453,999919956,80044,2281516144,1000,1000,1000,1000,1000,1000,1000,106839492393,15965788600,106614,2278357625,3830200,141405922000,28007642,6870154192,6844708320,3977835,25386306900,996022165,999999804,196,19269,999497049,502951,9126273351,2277027200,2,2281578260,999986773,13227,999930469,69531,2281565031,1000,1000,1000,1000,1000,1000,1000
345000,95990,619878,3440000000,20640000000,10000,60000,9909296675646,89548364,120238928,10342,3439904010,2000,5700,2093628,6879787336,2618720510,17381279490,21869303890,9984296332,15703668,12893268,106859712693,16013228100,940,2285213927,3721500,141825685000,10503100,6872954900,6865191798,3962138,25460720100,996037862,999993149,6851,19011,999469913,530087,9153588787,2283520400,6580,2288404400,999999169,831,999927511,72489,2288396989,1000,1000,1000,1000,1000,1000,1000,106859709292,16012284700,880,2284897548,3809400,141818135000,13986487,6876084337,6864494672,3974110,25459523100,996025890,999999034,966,13924,999464252,535748,9152656848,2283985600,0,2288170320,999991856,8144,999926824,73176,2288162176,1000,1000,1000,1000,1000,1000,1000,106859466910,16012357400,107213,2285069250,3741600,141818391600,28230385,6890335185,6864643158,3978284,25459506600,996021716,999997725,2275,18041,999522083,477917,9152855317,2283684400,6880,2288225720,999993319,6681,999935641,64359,2288212159,1000,1000,1000,1000,1000,1000,1000
346000,95470,638427,3450000000,20700000000,10000,60000,9909061423258,85326891,116077920,1384,3449904530,2000,51,2110437,6899806292,2618893349,17381106651,21869144251,9984290543,15709457,12931135,106879670520,16059837300,920,2291626757,3992900,142238524200,9403730,6891831830,6885188077,3885983,25533904200,996114017,999997663,2337,61780,999445503,554497,9180249997,2290179600,3,2295064240,999997683,2317,999919180,80820,2295061920,1000,1000,1000,1000,1000,1000,1000,106879671805,16058845300,481,2291698175,3630700,142230545000,13674129,6895727529,6884435756,3935463,25532730900,996064537,999996725,3275,16962,999490206,509794,9179247594,2290630500,6520,2294818600,999999758,242,999926662,73338,2294811838,1000,1000,1000,1000,1000,1000,1000,106879439452,16058952400,107347,2291424048,4051800,142231112000,29726713,6911802163,6884612054,3963266,25532658300,996036734,999997999,2001,91333,999513379,486621,9179480421,2290355600,6560,2294881880,999993047,6953,999933133,66867,2294868367,1000,1000,1000,1000,1000,1000,1000
347000,96000,638086,3460000000,20760000000,10000,60000,9908821469380,85802450,116578458,9979,3459904000,2000,517,2089466,6919788042,2618972930,17381027070,21869124670,9984282714,15717286,12969256,106899573214,16106477900,107424,2298341904,4027000,142651621400,10700105,6913116705,6905161666,3898803,25607184600,996101197,999994049,5951,85346,999464480,535520,9206879520,2296844500,2,2301725960,999991896,8104,999926846,73154,2301717854,1000,1000,1000,1000,1000,1000,1000,106899490564,16105363100,106929,2298508652,3588900,142642508600,14000406,6915986806,6904389494,3937914,25605820200,996062086,999999345,655,18131,999481337,518663,9205848263,2297252900,4,2301471960,999986813,13187,999931531,68469,2301458769,1000,1000,1000,1000,1000,1000,1000,106899403721,16105491300,106601,2298139677,3968600,142643360200,28234286,6930257886,6904556650,3876556,25605827100,996123444,999999830,170,78874,999529724,470276,9206069276,2297004100,2,2301531400,999981228,18772,999931474,68526,2301512626,1000,1000,1000,1000,1000,1000,1000
348000,94750,634058,3470000000,20820000000,10000,60000,9908581176752,86615969,117495836,1163,3469905250,2000,62872,2107793,6939808174,2618931021,17381068979,21869149779,9984235187,15764813,13007261,106919604726,16152968800,480,2305247652,3660500,143063420800,11554171,6933896871,6925090934,3904926,25680337800,996095074,999994528,5472,10502,999462468,537532,9233451332,2303488200,2,2308370140,999990260,9740,999923002,76998,2308360398,1000,1000,1000,1000,1000,1000,1000,106919443370,16151959800,107759,2304696310,4061900,143055209200,13661481,6935617081,6924363394,3922059,25678930500,996077941,999994602,5398,82843,999478749,521251,9232483751,2303900100,6520,2308129200,999997677,2323,999928243,71757,2308120357,1000,1000,1000,1000,1000,1000,1000,106919336091,16152110000,106911,2304787769,4025300,143056197600,27790518,6949789118,6924563912,3901583,25679045100,996098417,999998517,1483,84934,999487622,512378,9232748978,2303647800,0,2308193780,999991286,8714,999927734,72266,2308185066,1000,1000,1000,1000,1000,1000,1000
349000,94680,624644,3480000000,20880000000,10000,60000,9908342076813,86210107,117088938,2161,3479905320,2000,5690,2106213,6959806318,2618989620,17381010380,21869072780,9984272667,15727333,13045285,106939615954,16199567800,468,2311513665,4031400,143476189200,11361902,6953677752,6945028211,3894262,25753491300,996105738,999998736,1264,79274,999472763,527237,9260033637,2310189200,1,2315017360,999988067,11933,999930674,69326,2315005426,1000,1000,1000,1000,1000,1000,1000,106939489648,16198535700,964,2311528790,3785500,143467751400,14759714,6956677214,6944346150,3963236,25752192000,996036764,999998740,1260,19904,999476254,523746,9259127946,2310530100,7022,2314789580,999999238,762,999918904,81096,2314781796,1000,1000,1000,1000,1000,1000,1000,106939317638,16198685000,107501,2311449718,4006600,143468747600,27053600,6969014700,6944513250,3880504,25752248400,996119496,999991617,8383,89513,999499063,500937,9259345937,2310314400,4,2314847880,999984811,15189,999930113,69887,2314832687,1000,1000,1000,1000,1000,1000,1000
350000,95450,640190,3490000000,20940000000,10000,60000,9908103247968,85509171,116416353,10554,3489904550,2000,43,2085190,6979787992,2619095739,17380904261,21868970761,9984261510,15738490,13083502,106959531802,16246062800,856,2318335138,3826700,143887979200,12687473,6974928323,6964964628,3867152,25826587200,996132848,999999038,962,79886,999510058,489942,9286614642,2316775900,6440,2321671040,999985414,14586,999931086,68914,2321650014,1000,1000,1000,1000,1000,1000,1000,106959509612,16245172400,931,2318060706,3903800,143880856800,13929024,6975836024,6964312596,3946521,25825459500,996053479,999999002,998,70281,999479385,520615,9285747415,2317228800,2,2321442960,999991861,8139,999923581,76419,2321434819,1000,1000,1000,1000,1000,1000,1000,106959262755,16245281100,107733,2318313844,3817200,143881443800,26665320,6988595420,6964499107,3875483,25825502700,996124517,999998579,1421,90796,999481989,518011,9285996011,2316961300,1,2321505300,999991605,8395,999923996,76004,2321496904,1000,1000,1000,1000,1000,1000,1000
351000,95420,612716,3500000000,21000000000,10000,60000,9907865684537,83620801,114603686,1194,3499904580,2000,60929,2112613,6999806772,2619125838,17380874162,21868966362,9984251547,15748453,13121819,106979345060,16292626100,107212,2325322580,3625000,144300357000,12592023,6994786073,6984938092,3929193,25899796500,996070807,999998917,1083,9224,999479932,520068,9313250368,2323419800,6760,2328320300,999998736,1264,999925724,74276,2328312276,1000,1000,1000,1000,1000,1000,1000,106979461877,16291729800,450,2324690263,3921500,144293226000,15084878,6996945278,6984259642,3911134,25898616600,996088866,999998543,1457,81009,999481467,518533,9312346133,2323884200,6120,2328092780,999999831,169,999922509,77491,2328086491,1000,1000,1000,1000,1000,1000,1000,106979360975,16291892000,908,2324807985,3856400,144294279200,25689054,7007595004,6984453178,3951252,25898754000,996048748,999998413,1587,21861,999495783,504217,9312603517,2323632500,6760,2328159260,999997839,2161,999929761,70239,2328150339,1000,1000,1000,1000,1000,1000,1000
352000,93710,644967,3510000000,21060000000,10000,60000,9907623404613,86410094,117417090,2361,3509906290,2000,5280,2104938,7019807858,2619191807,17380808193,21868804093,9984257702,15742298,13159760,106999263958,16339164900,106973,2331791599,3845300,144712581800,11104278,7013245028,7004913623,3889300,25972880400,996110700,999982177,17823,63577,999442654,557346,9339884146,2330071300,3,2334972580,999997946,2054,999912877,87123,2334970523,1000,1000,1000,1000,1000,1000,1000,106999347852,16338307100,107286,2331537747,3808400,144705775800,15362660,7017185260,7004200067,3925284,25971837000,996074716,999999530,470,80646,999507179,492821,9338930421,2330545700,6681,2334746040,999990995,9005,999931546,68454,2334730354,1000,1000,1000,1000,1000,1000,1000,106999239665,16338539800,107676,2331656994,3777300,144707466800,27020265,7028919465,7004452925,3998420,25972080600,996001580,999992167,7833,20747,999497922,502078,9339270278,2330288800,6321,2334824540,999999134,866,999924047,75953,2334817353,1000,1000,1000,1000,1000,1000,1000
353000,95440,640440,3520000000,21120000000,10000,60000,9907381334532,88979546,120002992,1167,3519904560,2000,491,2105660,7039806786,2619273278,17380726722,21868808722,9984279940,15720060,13197726,107019232838,16385724400,107156,2338314982,3934500,145124928000,11601033,7033693483,7024847164,3815337,26046012600,996184663,999998235,1765,78198,999481334,518666,9366462466,2336701600,7100,2341623660,999998742,1258,999924198,75802,2341615302,1000,1000,1000,1000,1000,1000,1000,107019420066,16384876400,927,2337934128,3972400,145118284800,16129717,7037912967,7024161632,3897641,26044997700,996102359,999993472,6528,82331,999491699,508301,9365543801,2337221100,6,2341397300,999984875,15125,999927731,72269,2341382169,1000,1000,1000,1000,1000,1000,1000,107019327231,16385151600,844,2337939847,4065900,145120309600,25877219,7047752619,7024431588,3958245,26045257500,996041755,999998870,1130,76825,999477537,522463,9365906163,2336966300,2,2341482440,999992137,7863,999926225,73775,2341474575,1000,1000,1000,1000,1000,1000,1000
354000,94760,625883,3530000000,21180000000,10000,60000,9907147092108,83761960,114804475,2304,3529905240,2000,5087,2106243,7059805872,2619394368,17380605632,21868676432,9984299277,15700723,13235549,107039177049,16432297000,106760,2345127091,3793800,145537432400,11825941,7053878341,7044825314,3968141,26119240500,996031859,999995244,4756,8903,999463189,536811,9393099311,2343350100,0,2348277320,999996677,3323,999918203,81797,2348273997,1000,1000,1000,1000,1000,1000,1000,107039351562,16431372400,462,2344651778,3897800,145530124000,16006075,7057717275,7044074064,3864484,26118084000,996135516,999993192,6808,82408,999483544,516456,9392097856,2343891000,6180,2348032660,999997312,2688,999926208,73792,2348023792,1000,1000,1000,1000,1000,1000,1000,107039226508,16431838600,107413,2344751692,4026900,145533846800,25887814,7067773414,7044446286,3912268,26118639900,996087732,999988475,11525,69907,999482921,517079,9392592379,2343628500,0,2348154100,999991993,8007,999921307,78693,2348146093,1000,1000,1000,1000,1000,1000,1000
355000,93430,640858,3540000000,21240000000,10000,60000,9906903489348,87878801,118992327,2244,3539906570,2000,5226,2105574,7079808652,2619474849,17380525151,21868602951,9984265766,15734234,13273718,107059221772,16478822300,431,2351799408,3655500,145949491800,12062488,7074052938,7064760198,3931257,26192370600,996068743,999998258,1742,15001,999472603,527397,9419680097,2349986800,6680,2354927080,999999499,501,999921501,78499,2354919899,1000,1000,1000,1000,1000,1000,1000,107059309889,16477922100,484,2351219711,3963800,145942454600,15539841,7077202991,7064018458,3894132,26191235100,996105868,999987823,12177,68191,999497433,502567,9418690767,2350542300,6620,2354680460,999998469,1531,999923491,76509,2354672309,1000,1000,1000,1000,1000,1000,1000,107059217083,16478506200,107203,2351645056,3792800,145947152400,26214237,7088097987,7064451295,3979750,26192019900,996020250,999993212,6788,13162,999491167,508833,9419266033,2350271600,1,2354821820,999992919,7081,999923962,76038,2354814738,1000,1000,1000,1000,1000,1000,1000
356000,94310,631670,3550000000,21300000000,10000,60000,9906666143216,85747485,116911601,1239,3549905690,2000,5696,2110914,7099808902,2619476901,17380523099,21868645499,9984258726,15741274,13311928,107079168661,16525309000,857,2358126177,3960600,146361242800,12333917,7094247967,7084675906,3794010,26265352800,996205990,999995716,4284,79606,999483600,516400,9446229100,2356634500,2,2361569520,999983676,16324,999927706,72294,2361553194,1000,1000,1000,1000,1000,1000,1000,107079297463,16524544800,480,2357860197,3993100,146355402400,15159756,7096804306,7083996158,3982787,26264492700,996017213,999994968,5032,80881,999488723,511277,9445326877,2357217800,6820,2361341540,999995999,4001,999924981,75019,2361330719,1000,1000,1000,1000,1000,1000,1000,107079278780,16525055000,887,2358327258,3633100,146359418000,26478611,7108310361,7084391460,3908545,26265190500,996091455,999999334,666,21789,999515529,484471,9445853071,2356903400,6762,2361475000,999993373,6627,999929889,70111,2361461611,1000,1000,1000,1000,1000,1000,1000
357000,96540,630979,3560000000,21360000000,10000,60000,9906427832816,84577049,115731651,1420,3559903460,2000,5236,2102322,7119804080,2619605065,17380394935,21868430435,9984297778,15702222,13350058,107098978984,16571815600,106867,2365323716,3527200,146773164800,10488107,7112333957,7104608406,3877466,26338536300,996122534,999985683,14317,10417,999466411,533589,9472810689,2363290700,6620,2368210460,999998443,1557,999921617,78383,2368202283,1000,1000,1000,1000,1000,1000,1000,107099210666,16571232100,107557,2364876294,3755400,146768914600,16997582,7118650732,7104000498,4036764,26337920700,995963236,999991005,8995,4541,999483643,516357,9471996857,2363900000,0,2368007780,999988579,11421,999929441,70559,2367996359,1000,1000,1000,1000,1000,1000,1000,107099256644,16571686200,426,2364916375,3703100,146772430800,26562946,7128379096,7104377479,3990781,26338453800,996009219,999988671,11329,9890,999514411,485589,9472502889,2363561100,6801,2368133460,999998751,1249,999928490,71510,2368125410,1000,1000,1000,1000,1000,1000,1000
358000,96780,636708,3570000000,21420000000,10000,60000,9906187432422,85511808,116740393,2173,3569903220,2000,499,2096091,7139802094,2619608330,17380391670,21868504570,9984255849,15744151,13388343,107119083960,16618473500,836,2371499536,3901300,147186407800,10344058,7132185358,7124599652,3964563,26411775600,996035437,999986795,13205,16832,999473880,526120,9499465920,2369951900,6764,2374873880,999999152,848,999924632,75368,2374866268,1000,1000,1000,1000,1000,1000,1000,107119131597,16617750300,107564,2371685539,3600900,147180943800,18706936,7140297136,7123948242,3911637,26411054100,996088363,999990924,9076,5587,999474545,525455,9498595655,2370540300,4,2374653420,999993997,6003,999922487,77513,2374647413,1000,1000,1000,1000,1000,1000,1000,107119059197,16618202200,107302,2371576320,3831800,147184356400,25133299,7146880299,7124342691,3954231,26411497500,996045769,999999764,236,11733,999489542,510458,9499118858,2370177400,3,2374790360,999985810,14190,999932033,67967,2374776167,1000,1000,1000,1000,1000,1000,1000
359000,94660,630139,3580000000,21480000000,10000,60000,9905948388758,85070799,116283858,11163,3579905340,2000,82,2090305,7159788354,2619653757,17380346243,21868387643,9984303575,15696425,13426329,107139058433,16665063800,898,2378395324,3666600,147599096400,10688949,7152499499,7144563483,3990171,26485048200,996009829,999993548,6452,11677,999466794,533206,9526084406,2376627200,6183,2381527820,999999286,714,999921777,78223,2381520923,1000,1000,1000,1000,1000,1000,1000,107139234903,16664322900,895,2378075717,3737100,147593513800,17989520,7159543770,7143874128,3960632,26484235800,996039368,999999198,802,20066,999486538,513462,9525165362,2377242200,6800,2381298460,999999574,426,999923166,76834,2381291234,1000,1000,1000,1000,1000,1000,1000,107138981892,16664763600,106808,2378008287,4059500,147596743200,25625510,7167326510,7144321639,3878000,26484597300,996122000,999998700,1300,89500,999484461,515539,9525759739,2376796200,1,2381445440,999992661,7339,999923500,76500,2381438100,1000,1000,1000,1000,1000,1000,1000
360000,96550,640133,3590000000,21540000000,10000,60000,9905705614406,88346618,119604252,10411,3589903450,2000,47,2083556,7179786078,2619761424,17380238576,21868355476,9984290544,15709456,13464622,107159029413,16711608200,887,2385050967,3630400,148011324400,10950643,7172707393,7164496740,3892929,26558191200,996107071,999999729,271,8400,999500260,499740,9552658140,2383260400,6800,2388180740,999987460,12540,999933300,66700,2388161400,1000,1000,1000,1000,1000,1000,1000,107159097835,16710859500,107642,2384934165,3614700,148005675800,17043495,7178540795,7163800182,3970525,26557386300,996029475,999999184,816,10159,999506177,493823,9551730223,2383893300,7300,2387947400,999989941,10059,999934859,65141,2387930041,1000,1000,1000,1000,1000,1000,1000,107158994533,16711414900,107559,2384976845,3728800,148009924200,26418232,7188111632,7164293490,3981390,26557982700,996018610,999999454,546,18064,999511674,488326,9552388726,2383458300,6742,2388109760,999992218,7782,999932864,67136,2388095236,1000,1000,1000,1000,1000,1000,1000
361000,94730,629886,3600000000,21600000000,10000,60000,9905466636861,87837658,119146192,2330,3599905270,2000,52,2109954,7199805880,2619841419,17380158581,21868220481,9984304126,15695874,13502706,107178964873,16758131500,886,2391796124,3537600,148423415000,10902289,7192599289,7184442391,3932483,26631326100,996067517,999999436,564,12153,999490062,509938,9579252138,2389914300,3,2394822900,999986850,13150,999927753,72247,2394809747,1000,1000,1000,1000,1000,1000,1000,107179192192,16757511900,448,2391397548,3714400,148418914200,17399250,7198892400,7183799960,3990419,26630688600,996009581,999999199,801,4980,999498720,501280,9578398180,2390563800,6700,2394610220,999994700,5300,999927380,72620,2394598220,1000,1000,1000,1000,1000,1000,1000,107178967407,16757980200,107888,2391500593,3849200,148422416400,26224873,7207878373,7184242170,3910867,26631140700,996089133,999994432,5568,80265,999518195,481805,9578986405,2390129200,6400,2394760100,999990535,9465,999928965,71035,2394744235,1000,1000,1000,1000,1000,1000,1000
362000,96800,621778,3610000000,21660000000,10000,60000,9905227669694,87290964,118617803,11304,3609903200,2000,62215,2083247,7219783792,2619796058,17380203942,21868261342,9984296773,15703227,13540365,107198818690,16804779600,107460,2398071388,4038300,148836520000,11543622,7213228672,7204459038,3931965,26704494000,996068035,999991915,8085,73050,999493512,506488,9605940688,2396526400,2,2401495740,999985912,14088,999927850,72150,2401481650,1000,1000,1000,1000,1000,1000,1000,107199006263,16804065300,107623,2397968035,3942000,148831260200,16860749,7218306349,7203779174,3866585,26703786600,996133415,999989747,10253,81162,999457888,542112,9605038612,2397220600,2,2401260300,999999140,860,999914662,85338,2401259438,1000,1000,1000,1000,1000,1000,1000,107199021575,16804517300,466,2397858262,4040100,148834581000,26184336,7227780986,7204179103,3882621,26704223700,996117379,999998768,1232,87647,999506244,493756,9605569856,2396793200,6543,2401404140,999993156,6844,999933247,66753,2401390753,1000,1000,1000,1000,1000,1000,1000
363000,96730,627580,3620000000,21720000000,10000,60000,9904987998377,87500644,118858882,2103,3619903270,2000,5673,2101904,7239802334,2619909321,17380090679,21868122479,9984322096,15677904,13578430,107218888636,16851407500,444,2404781984,3890700,149249487000,11754354,7233421354,7224446800,3967238,26777797200,996032762,999985298,14702,20660,999483760,516240,9632595440,2403181300,6480,2408156000,999999120,880,999924860,75140,2408148640,1000,1000,1000,1000,1000,1000,1000,107218992714,16850631800,106936,2404531343,4021500,149243718800,16404969,7237808419,7223710977,3900787,26776955700,996099213,999975937,24063,66650,999459573,540427,9631613727,2403908700,3,2407905480,999997273,2727,999922150,77850,2407902750,1000,1000,1000,1000,1000,1000,1000,107218987712,16851104800,888,2404868726,3698100,149247236000,26572824,7248136974,7224154318,3955701,26777523000,996044299,999998601,1399,17000,999494582,505418,9632201218,2403456000,2,2408060520,999986382,13618,999929600,70400,2408046900,1000,1000,1000,1000,1000,1000,1000
364000,95240,620908,3630000000,21780000000,10000,60000,9904749415172,86601469,117999155,1240,3629904760,2000,471,2104046,7259807040,2620073241,17379926759,21868015559,9984322794,15677206,13616434,107238716433,16897967100,106880,2411718327,3740500,149661833400,11610002,7253228702,7244416698,3952194,26850978300,996047806,999998865,1135,18171,999462073,537927,9659221727,2409823900,7380,2414814020,999998389,1611,999924671,75329,2414805029,1000,1000,1000,1000,1000,1000,1000,107238955248,16897163900,107715,2411249072,3927700,149655898200,15362029,7256710179,7243636578,3855149,26850105900,996144851,999998370,1630,90621,999483943,516057,9658181357,2410563400,5980,2414553000,999997759,2241,999922821,77179,2414544779,1000,1000,1000,1000,1000,1000,1000,107238984747,16897735600,920,2411557272,3654800,149660259200,27890490,7269439740,7244122301,3984711,26850814200,996015289,999998600,1400,6189,999508388,491612,9658826912,2410126100,6461,2414719540,999991532,8468,999932489,67511,2414704611,1000,1000,1000,1000,1000,1000,1000
365000,95310,616132,3640000000,21840000000,10000,60000,9904510015920,86499975,117889749,10933,3639904690,2000,554,2088360,7279787514,2619961595,17380038405,21868050705,9984353220,15646780,13654634,107258780673,16944500700,451,2418162607,3828800,150074011000,11217103,7272780203,7264357924,3967193,26924095500,996032807,999998301,1699,9008,999469584,530416,9685806616,2416475500,0,2421460540,999988152,11848,999925808,74192,2421448692,1000,1000,1000,1000,1000,1000,1000,107259053567,16943820600,935,2417973553,3753200,150069077200,15453251,7276793001,7263630892,3979959,26923452600,996020041,999994093,5907,5734,999494242,505758,9684839558,2417204600,6500,2421220060,999995106,4894,999932434,67566,2421208666,1000,1000,1000,1000,1000,1000,1000,107258955870,16944287800,470,2418042068,3819000,150072621200,28307260,7289810110,7264064158,3996233,26923949100,996003767,999992013,7987,13980,999503322,496678,9685414278,2416806000,2,2421363920,999986202,13798,999931980,68020,2421350120,1000,1000,1000,1000,1000,1000,1000
366000,94830,629102,3650000000,21900000000,10000,60000,9904272659423,84360027,115800381,10329,3649905170,2000,38,2083572,7299789682,2620154650,17379845350,21867908250,9984336128,15663872,13692910,107278721954,16991002700,428,2424495504,4124600,150485891000,10508940,7292001790,7284276090,3848353,26997097800,996151647,999999147,853,87294,999480204,519796,9712364196,2423124300,2,2428099880,999988228,11772,999928894,71106,2428088106,1000,1000,1000,1000,1000,1000,1000,107278876937,16990407600,108106,2424999061,3515200,150481671200,16131512,7297435012,7283633536,3969746,26996694300,996030254,999999427,573,6581,999478745,521255,9711507855,2423819800,2,2427884900,999989421,10579,999926281,73719,2427874319,1000,1000,1000,1000,1000,1000,1000,107278941895,16990957800,924,2424728643,3823300,150486000400,28428758,7309934058,7284074272,4006452,26997292500,995993548,999991225,8775,8473,999477401,522599,9712097199,2423488800,2,2428028420,999994509,5491,999924273,75727,2428022927,1000,1000,1000,1000,1000,1000,1000
367000,94390,626733,3660000000,21960000000,10000,60000,9904032059176,85461598,116955261,11427,3659905610,2000,62477,2086697,7319788366,2620056774,17379943226,21867985026,9984324063,15675937,13731029,107298659961,17037596100,441,2431493735,3824200,150898577000,9520036,7310981586,7304269028,3981940,27070390200,996018060,999989774,10226,9234,999442406,557594,9739023594,2429784100,4,2434759900,999994670,5330,999918434,81566,2434754566,1000,1000,1000,1000,1000,1000,1000,107298972198,17037000300,440,2430950377,4086400,150894353400,15497466,7316769516,7303587543,3900240,27069783000,996099760,999999786,214,90646,999502903,497097,9738111697,2430473300,5,2434539240,999984919,15081,999932046,67954,2434524154,1000,1000,1000,1000,1000,1000,1000,107298902999,17037452000,882,2431147581,4000800,150897798400,30128788,7331559688,7303970626,3879012,27070303500,996120988,999999239,761,85927,999524001,475999,9738623599,2430124000,6820,2434671500,999988293,11707,999937227,62773,2434652973,1000,1000,1000,1000,1000,1000,1000
368000,94730,621184,3670000000,22020000000,10000,60000,9903790809129,87231734,118778065,11472,3669905270,2000,95,2088635,7339787596,2620089363,17379910637,21867973137,9984311365,15688635,13769061,107318572540,17084285700,107601,2437938660,4132300,151312081000,8753047,7330222397,7324261146,3944294,27143671500,996055706,999998841,1159,89347,999464701,535299,9765680999,2436446000,6620,2441428060,999998413,1587,999927147,72853,2441419853,1000,1000,1000,1000,1000,1000,1000,107318893532,17083493700,465,2437997788,3688100,151306127400,15903933,7337100183,7323507002,3934085,27142931700,996065915,999996884,3116,7099,999494997,505003,9764673503,2437122800,6420,2441180420,999992501,7499,999934699,65301,2441166501,1000,1000,1000,1000,1000,1000,1000,107318806920,17083974600,446,2437795837,4031400,151309858800,30686791,7352056141,7323936293,3867117,27143403000,996132883,999994939,5061,86222,999494629,505371,9765247071,2436761100,6683,2441321420,999996041,3959,999925122,74878,2441310778,1000,1000,1000,1000,1000,1000,1000
369000,92810,619212,3680000000,22080000000,10000,60000,9903554539537,84010527,115609643,10379,3679907190,2000,46,2087394,7359793622,2620200364,17379799636,21867836936,9984295146,15704854,13806868,107338638905,17130826700,448,2444879394,3709700,151724314200,8666398,7350082698,7344208797,3939252,27216911700,996060748,999999103,897,16651,999490654,509346,9792273546,2443074300,1,2448079300,999985450,14550,999929351,70649,2448064749,1000,1000,1000,1000,1000,1000,1000,107338804517,17130163300,107357,2444490778,3967500,151719522600,15649707,7356849457,7343508979,3971757,27216212400,996028243,999999815,185,80758,999498979,501021,9791338521,2443798200,5,2447849900,999979647,20353,999934258,65742,2447829542,1000,1000,1000,1000,1000,1000,1000,107338753242,17130533200,858,2444397875,4088000,151722224800,31126187,7372448587,7343897957,3871348,27216552300,996128652,999999148,852,81000,999485143,514857,9791861857,2443409400,3,2447970160,999993743,6257,999924500,75500,2447963900,1000,1000,1000,1000,1000,1000,1000
370000,95930,624408,3690000000,22140000000,10000,60000,9903312960115,86126957,117752568,1132,3689904070,2000,62441,2102435,7379805876,2620343572,17379656428,21867663128,9984321965,15678035,13845141,107358548667,17177378000,863,2451310550,3992400,152136640000,9541588,7370909338,7364188637,3930086,27289998900,996069914,999997996,2004,69110,999428573,571427,9818917627,2449746800,3,2454730660,999998333,1667,999913510,86490,2454728990,1000,1000,1000,1000,1000,1000,1000,107358801534,17176792000,107657,2451108744,3986800,152132542400,14403961,7375588861,7363482644,3916744,27289489800,996083256,999993141,6859,86197,999520353,479647,9817969847,2450457400,2,2454508240,999978965,21035,999934997,65003,2454487203,1000,1000,1000,1000,1000,1000,1000,107358655728,17177126900,108154,2451509270,3697200,152134917800,31523452,7392814952,7363832810,3966113,27289866900,996033887,999999807,193,15994,999521084,478916,9818439516,2450078500,2,2454619400,999987308,12692,999937194,62806,2454606706,1000,1000,1000,1000,1000,1000,1000
371000,95010,636214,3700000000,22200000000,10000,60000,9903074020639,85533188,117195468,10575,3699904990,2000,5727,2094050,7399788830,2620268527,17379731473,21867763773,9984314970,15685030,13883200,107378475482,17223983600,107709,2458099958,3890700,152549423200,10858547,7392199547,7384105786,3895171,27363254400,996104829,999999368,632,84297,999496211,503789,9845472389,2456411800,6580,2461379160,999994023,5977,999934997,65003,2461366603,1000,1000,1000,1000,1000,1000,1000,107378716349,17223343100,107966,2457891751,3884800,152544819800,14876008,7396009358,7383450390,3990871,27362661900,996009129,999998776,1224,19305,999486215,513785,9844598185,2457105900,0,2461154800,999992995,7005,999928605,71395,2461147795,1000,1000,1000,1000,1000,1000,1000,107378583116,17223667400,107332,2457789303,4074500,152547121200,29912504,7411149154,7383793867,3897519,27362908500,996102481,999999635,365,78316,999521149,478851,9845055151,2456702900,6321,2461277620,999989985,10015,999932816,67184,2461261284,1000,1000,1000,1000,1000,1000,1000
372000,94170,640768,3710000000,22260000000,10000,60000,9902835245253,84844729,116511278,10161,3709905830,2000,45,2087211,7419791338,2620409882,17379590118,21867593018,9984342049,15657951,13921387,107398412841,17270431300,107423,2464560059,4061600,152960913800,11763427,7413016627,7403995284,3864976,27436245300,996135024,999999264,736,80588,999496304,503696,9871990996,2463094200,6680,2468010540,999991852,8148,999929188,70812,2467995712,1000,1000,1000,1000,1000,1000,1000,107398698520,17269945300,108062,2464412877,4006300,152957569000,14783934,7415888834,7403413989,3898762,27435853200,996101238,999999456,544,82294,999506605,493395,9871215395,2463752300,6543,2467817720,999990229,9771,999934094,65906,2467801406,1000,1000,1000,1000,1000,1000,1000,107398580132,17270398800,108213,2464766926,3802500,152960995200,29191376,7430453726,7403846048,4052436,27436397400,995947564,999998551,1449,15315,999493267,506733,9871791833,2463365500,2,2467954480,999991307,8693,999928315,71685,2467945785,1000,1000,1000,1000,1000,1000,1000
373000,96540,635795,3720000000,22320000000,10000,60000,9902593413329,87194610,118889398,10435,3719903460,2000,62,2086438,7439786050,2620607239,17379392761,21867497861,9984351102,15648898,13959452,107418357707,17316989800,108060,2471360191,3928900,153373271600,11508291,7432714041,7423958520,3881025,27509428800,996118975,999999114,886,79989,999479669,520331,9898607431,2469746100,2,2474660700,999988213,11787,999929389,70611,2474648911,1000,1000,1000,1000,1000,1000,1000,107418782369,17316560200,472,2470999229,3974000,153370430800,15328156,7436410056,7423398304,3918121,27509106600,996081879,999997268,2732,84747,999504243,495757,9897858957,2470404200,2,2474477000,999983655,16345,999935747,64253,2474460653,1000,1000,1000,1000,1000,1000,1000,107418535186,17316948700,107483,2471502214,3710300,153373315000,29026446,7450240046,7423785694,3908830,27509572800,996091170,999997953,2047,16523,999497429,502571,9898380871,2470027400,7120,2474602460,999999837,163,999926323,73677,2474595177,1000,1000,1000,1000,1000,1000,1000
374000,94470,630411,3730000000,22380000000,10000,60000,9902357535347,83605024,115466537,1237,3729905530,2000,62948,2112227,7459808586,2620425671,17379574329,21867648829,9984248253,15751747,13997539,107438409312,17363541100,447,2477722806,4095300,153785577400,12191751,7453347701,7443919252,3868182,27582544200,996131818,999999035,965,84853,999499501,500499,9925220299,2476362900,2,2481317160,999983889,16111,999928153,71847,2481301047,1000,1000,1000,1000,1000,1000,1000,107438685920,17363043100,445,2477860579,3775000,153782131000,14952711,7455955511,7443334289,3929338,27582200700,996070662,999999393,607,20755,999485666,514334,9924441034,2477041400,1,2481120800,999985946,14054,999930755,69245,2481106745,1000,1000,1000,1000,1000,1000,1000,107438507450,17363532900,108159,2477942410,3898100,153785913000,28825479,7470003429,7443748294,3939689,27582725100,996060311,999999192,808,80303,999528509,471491,9924995391,2476655000,6760,2481260860,999992997,7003,999929903,70097,2481247097,1000,1000,1000,1000,1000,1000,1000
375000,93410,630599,3740000000,22440000000,10000,60000,9902114314434,87372788,119231592,2112,3739906590,2000,48,2109148,7479808956,2620531822,17379468178,21867543178,9984286452,15713548,14036108,107458431965,17410190000,891,2484374055,4091200,154198775200,12789079,7473938779,7463887656,3934639,27655860600,996065361,999998891,1109,81552,999511596,488404,9951843504,2483053700,0,2487975960,999979888,20112,999934752,65248,2487955848,1000,1000,1000,1000,1000,1000,1000,107458550178,17409660200,107917,2484601362,3796500,154195000400,14041959,7475021959,7463310450,3946242,27655444500,996053758,999999407,593,12565,999491815,508185,9951078085,2483689900,6580,2487781760,999992455,7545,999932565,67435,2487767635,1000,1000,1000,1000,1000,1000,1000,107458428421,17410051600,107854,2484656739,3867100,154197927200,29294615,7490408615,7463701130,3941286,27655842900,996058714,999999411,589,6425,999489995,510005,9951598705,2483315700,0,2487905980,999991595,8405,999926025,73975,2487897575,1000,1000,1000,1000,1000,1000,1000
376000,94270,627630,3750000000,22500000000,10000,60000,9901878946350,83256033,115155350,11475,3749905730,2000,51,2096007,7499788510,2620624683,17379375317,21867536217,9984271333,15728667,14074643,107478339576,17456734500,821,2491475804,3666300,154610992200,13929439,7495024639,7483854702,3963288,27729086100,996036712,999999387,613,13799,999486197,513803,9978471703,2489688400,6780,2494627480,999996301,3699,999927099,72901,2494617001,1000,1000,1000,1000,1000,1000,1000,107478622601,17456210400,830,2490983959,3933500,154607310400,13518380,7494448980,7483256546,3854331,27728557800,996145669,999999408,592,79777,999520431,479569,9977669469,2490322100,6360,2494437060,999982223,17777,999936277,63723,2494412923,1000,1000,1000,1000,1000,1000,1000,107478401700,17456599000,107893,2491198619,3947000,154610221200,28834750,7509898700,7483626737,3834559,27728963400,996165441,999998690,1310,90831,999515594,484406,9978166506,2489974700,6121,2494553320,999992570,7430,999931331,68669,2494539769,1000,1000,1000,1000,1000,1000,1000
377000,96320,610633,3760000000,22560000000,10000,60000,9901637891989,84844129,116756649,2108,3759903680,2000,60932,2090876,7519803144,2620861018,17379138982,21867209482,9984291084,15708916,14112728,107498328175,17503321300,860,2497855302,3936700,155023649800,14885826,7515948776,7503812147,3876369,27802239000,996123631,999999214,786,79745,999489098,510902,10005078102,2496363300,3,2501280240,999985718,14282,999929445,70555,2501265955,1000,1000,1000,1000,1000,1000,1000,107498602332,17502898200,455,2497913048,3693200,155020791600,13180715,7514117915,7503282522,4013805,27801972300,995986195,999994434,5566,3229,999501607,498393,10004373393,2496975600,6620,2501107400,999990091,9909,999932929,67071,2501090871,1000,1000,1000,1000,1000,1000,1000,107498474290,17503217200,868,2497787970,3928500,155023131200,28218194,7529261744,7503613788,3873956,27802229700,996126044,999993242,6758,69286,999496298,503702,10004818102,2496642600,6740,2501211900,999999154,846,999925786,74214,2501204314,1000,1000,1000,1000,1000,1000,1000
378000,94390,625717,3770000000,22620000000,10000,60000,9901397776320,85464125,117353821,11106,3769905610,2000,38,2082588,7539789008,2620833145,17379166855,21867134355,9984343532,15656468,14150640,107518314364,17549902600,846,2504721915,3713400,155436262800,14220466,7535249066,7523756099,3984315,27875508600,996015685,999998385,1615,19670,999492971,507029,10031670429,2503048400,1,2507927440,999986891,13109,999931070,68930,2507914330,1000,1000,1000,1000,1000,1000,1000,107518439558,17549511200,108156,2504654602,3742300,155433656800,15202543,7536117193,7523283444,4006646,27875209500,995993354,999985784,14216,14738,999479394,520606,10031044306,2503623700,6420,2507768140,999999142,858,999921038,78962,2507760862,1000,1000,1000,1000,1000,1000,1000,107518462600,17549779600,454,2504488900,3859300,155435559200,27007986,7548007986,7523552164,3970730,27875431200,996029270,999999748,252,20318,999512454,487546,10031398146,2503309800,0,2507860200,999985782,14218,999933618,66382,2507845982,1000,1000,1000,1000,1000,1000,1000
379000,95180,631197,3780000000,22680000000,10000,60000,9901156378623,87383649,119349385,2252,3779904820,2000,5714,2107700,7559805136,2620917472,17379082528,21867123528,9984331180,15668820,14189216,107538267479,17596445800,449,2511405297,3684400,155848530000,13998010,7554975410,7543701584,3973593,27948663000,996026407,999999769,231,21976,999487092,512908,10058264208,2509712500,4,2514576340,999986288,13712,999928376,71624,2514562624,1000,1000,1000,1000,1000,1000,1000,107538467962,17596023600,796,2511247877,3696700,155845610400,14897945,7555745645,7543234747,3945437,27948303600,996054563,999999123,877,17286,999472539,527461,10057643961,2510250700,1,2514416320,999992895,7105,999918986,81014,2514409214,1000,1000,1000,1000,1000,1000,1000,107538320129,17596384300,108020,2511457691,3666100,155848361400,27667484,7568642034,7543522894,3966006,27948711900,996033994,999983689,16311,17283,999499789,500211,10058030211,2509983900,7300,2514515560,999999057,943,999927883,72117,2514507317,1000,1000,1000,1000,1000,1000,1000
380000,95340,636207,3790000000,22740000000,10000,60000,9900916536077,87735515,119709137,10338,3789904660,2000,40,2088378,7579788644,2621014892,17378985108,21867059008,9984342042,15657958,14227286,107558207581,17643055000,856,2517677335,4093100,156261326000,13665360,7574616360,7563696098,3904477,28021803000,996095523,999987056,12944,68379,999463481,536519,10084927619,2516357900,4,2521233060,999998465,1535,999921479,78521,2521231521,1000,1000,1000,1000,1000,1000,1000,107558479590,17642625100,408,2517698226,3875100,156258374200,15437155,7576257405,7563176224,3872531,28021491300,996127469,999998197,1803,81166,999495642,504358,10084230058,2516930200,4,2521068560,999985278,14722,999930766,69234,2521053834,1000,1000,1000,1000,1000,1000,1000,107558378509,17642953800,828,2517892210,3778000,156260820400,27557938,7588489988,7563495201,3966461,28021866000,996033539,999993940,6060,12279,999501978,498022,10084657122,2516615300,1,2521171360,999990562,9438,999927779,72221,2521161921,1000,1000,1000,1000,1000,1000,1000
381000,97080,635179,3800000000,22800000000,10000,60000,9900680237510,84565607,116578748,2064,3799902920,2000,519,2098629,7599801712,2621154917,17378845083,21866936983,9984350731,15649269,14265243,107578119835,17689681800,107239,2524808863,3709200,156674350800,12599292,7593535992,7583651322,3990448,28095180000,996009552,999993406,6594,8758,999482236,517764,10111533764,2523049000,6622,2527893060,999996004,3996,999925958,74042,2527882442,1000,1000,1000,1000,1000,1000,1000,107578284735,17689197200,108086,2524381643,3993300,156670835200,17383916,7598161466,7583164824,3846285,28094638800,996153715,999986992,13008,74207,999455783,544217,10110885917,2523571300,2,2527722640,999998455,1545,999921007,78993,2527721093,1000,1000,1000,1000,1000,1000,1000,107578329078,17689506300,825,2524549502,3765800,156673153400,26783044,7607666844,7583441438,3951582,28095025200,996048418,999999283,717,16501,999507663,492337,10111254337,2523266900,6500,2527822140,999997259,2741,999925801,74199,2527812899,1000,1000,1000,1000,1000,1000,1000
382000,95750,633625,3810000000,22860000000,10000,60000,9900440114978,85209022,117234848,2234,3809904250,2000,552,2096594,7619804032,2621188300,17378811700,21866813900,9984374186,15625814,14303418,107598079962,17736287200,108259,2531023878,4162700,157087128000,12972537,7613882137,7603633506,3947478,28168304400,996052522,999998785,1215,91307,999474001,525999,10138177499,2529699700,6800,2534552320,999998473,1527,999924007,75993,2534543993,1000,1000,1000,1000,1000,1000,1000,107598317163,17735819700,107850,2531166477,3816400,157083818600,17542439,7618303639,7603104178,3967413,28167969000,996032587,999990284,9716,7271,999503693,496307,10137470307,2530251100,6800,2534378720,999994209,5791,999931171,68829,2534366129,1000,1000,1000,1000,1000,1000,1000,107598189138,17736061500,108320,2531380918,3690400,157085499000,26344047,7627180047,7603390004,3948852,28168197900,996051148,999999038,962,23586,999509982,490018,10137848518,2529924000,4,2534472980,999985538,14462,999930986,69014,2534458514,1000,1000,1000,1000,1000,1000,1000
383000,93610,616937,3820000000,22920000000,10000,60000,9900198032928,87805411,119913492,9906,3819906390,2000,5544,2092513,7639792968,2621223539,17378776461,21866895161,9984325667,15674333,14341235,107618029637,17782799400,108285,2537929040,3868400,157499072400,12145257,7632987357,7623555469,3844170,28241450100,996155830,999999444,556,79874,999507705,492295,10164737895,2536323400,6243,2541196860,999991809,8191,999932774,67226,2541182426,1000,1000,1000,1000,1000,1000,1000,107618332723,17782372200,873,2537771615,3791400,157496083600,17686907,7638395607,7623089854,3951275,28241105100,996048725,999990007,9993,9632,999471178,528822,10164118122,2536873300,2,2541033320,999994950,5050,999926532,73468,2541028268,1000,1000,1000,1000,1000,1000,1000,107618138793,17782642400,107865,2538040227,3700700,157498048800,27196805,7647994555,7623355308,3973142,28241388900,996026858,999992928,7072,5586,999495978,504022,10164471922,2536580700,6960,2541129040,999994534,5466,999930286,69714,2541116614,1000,1000,1000,1000,1000,1000,1000
384000,94550,618141,3830000000,22980000000,10000,60000,9899959478308,86891451,119013126,1180,3829905450,2000,501,2104935,7659808540,2621370459,17378629541,21866694341,9984362645,15637355,14379385,107638016873,17829414900,107588,2544756227,3717400,157911992200,11454547,7652277197,7643525646,3993360,28314762000,996006640,999994747,5253,6587,999485041,514959,10191366259,2543024400,6660,2547851080,999996193,3807,999928987,71013,2547840613,1000,1000,1000,1000,1000,1000,1000,107638171074,17828931600,108198,2544342765,3977600,157908464000,17310004,7657972554,7643047591,3877464,28314217800,996122536,999993388,6612,76124,999477633,522367,10190729867,2543511100,6761,2547689800,999999237,763,999924224,75776,2547682276,1000,1000,1000,1000,1000,1000,1000,107638262663,17829247600,375,2544437616,3821900,157910890400,28356907,7669131607,7643308247,3886998,28314607200,996113002,999998044,1956,80846,999524199,475801,10191070701,2543256300,1,2547783340,999979115,20885,999935746,64254,2547762454,1000,1000,1000,1000,1000,1000,1000
385000,94400,631209,3840000000,23040000000,10000,60000,9899721741982,85141974,117323026,1347,3839905600,2000,63523,2107546,7679808506,2621371956,17378628044,21866718244,9984344094,15655906,14417600,107657971176,17876022100,107662,2551470002,3692700,158324757000,10893830,7671688380,7663518446,3995485,28387988700,996004515,999999131,869,19046,999455900,544100,10218022200,2549678000,2,2554510940,999992816,7184,999929246,70754,2554503754,1000,1000,1000,1000,1000,1000,1000,107658278761,17875541800,413,2551051118,3786600,158321326000,16982519,7677622669,7663015723,3972728,28387523400,996027272,999999386,614,19358,999510335,489665,10217349765,2550158700,1,2554347640,999986403,13597,999927458,72542,2554334042,1000,1000,1000,1000,1000,1000,1000,107658162163,17875738400,393,2550923995,4004900,158322646400,29296119,7689994219,7663247874,3821505,28387619700,996178495,999998057,1943,78252,999496278,503722,10217659422,2549898300,2,2554424780,999986770,13230,999930652,69348,2554411548,1000,1000,1000,1000,1000,1000,1000
386000,94640,626137,3850000000,23100000000,10000,60000,9899479282678,88116738,120345769,1259,3849905360,2000,5763,2111429,7699808202,2621361016,17378638984,21866709484,9984338091,15661909,14455693,107678077010,17922653400,424,2557745746,3942400,158737773200,9826793,7690605943,7683495920,3927860,28461203400,996072140,999999838,162,82578,999486958,513042,10244656542,2556319700,4,2561174680,999985946,14054,999934478,65522,2561160622,1000,1000,1000,1000,1000,1000,1000,107678109366,17922073600,108379,2557912731,3695700,158733436800,17372621,7697953221,7682958567,3936786,28460654400,996063214,999994601,5399,13215,999495548,504452,10243940052,2556813200,3,2560995600,999985888,14112,999930915,69085,2560981485,1000,1000,1000,1000,1000,1000,1000,107678089744,17922286900,842,2557512553,4088800,158734942600,30160886,7710808936,7683208473,3871704,28460753400,996128296,999981366,18634,73162,999470289,529711,10244277311,2556557700,3,2561070800,999998041,1959,999921962,78038,2561068838,1000,1000,1000,1000,1000,1000,1000
387000,95160,622113,3860000000,23160000000,10000,60000,9899242710269,85198431,117456320,10474,3859904840,2000,62278,2099357,7719788732,2621402200,17378597800,21866707100,9984335403,15664597,14493935,107698000585,17969230100,859,2564563655,3819600,159150358600,11596342,7712339992,7703489524,3907039,28534438200,996092961,999977387,22613,62248,999449224,550776,10271318476,2562976800,0,2567831620,999997332,2668,999913848,86152,2567828952,1000,1000,1000,1000,1000,1000,1000,107698025097,17968589900,107951,2564497062,3765400,159145442200,16528485,7717044885,7702901507,3895866,28533736500,996104134,999999282,718,18116,999485909,514091,10270535091,2563454700,6081,2567640420,999999245,755,999923516,76484,2567633584,1000,1000,1000,1000,1000,1000,1000,107697944512,17968842200,107567,2564537887,3806000,159147286800,29330582,7729930732,7703156213,3896010,28533965700,996103990,999996403,3597,84493,999487080,512920,10270872620,2563198700,1,2567723400,999993008,6992,999925493,74507,2567716407,1000,1000,1000,1000,1000,1000,1000
388000,93430,632814,3870000000,23220000000,10000,60000,9899002829297,85606610,117845919,11614,3869906570,2000,63041,2085297,7739789912,2621506707,17378493293,21866512293,9984378263,15621737,14532275,107718062584,18015909100,861,2571281776,3710500,159563820600,11113312,7731863462,7723444550,3971926,28607831700,996028074,999999741,259,19515,999500865,499135,10297923835,2569666800,6300,2574492280,999993305,6695,999929515,70485,2574479285,1000,1000,1000,1000,1000,1000,1000,107718126520,18015174900,401,2570645660,4141300,159558036200,17534549,7738014949,7722847846,3917548,28606850100,996082452,999999355,645,81507,999511961,488039,10297126139,2570108600,7260,2574298520,999987033,12967,999935807,64193,2574278293,1000,1000,1000,1000,1000,1000,1000,107718043542,18015445800,404,2571163677,3709000,159560067600,28852234,7749425734,7723110415,3983723,28607238600,996016277,999998905,1095,4782,999509267,490733,10297478433,2569860500,7161,2574381540,999993639,6361,999930782,69218,2574368018,1000,1000,1000,1000,1000,1000,1000
389000,94330,621295,3880000000,23280000000,10000,60000,9898763837328,85117241,117425239,10514,3879905670,2000,5584,2091486,7759790312,2621664169,17378335831,21866491431,9984354054,15645946,14570566,107737982926,18062365500,397,2578025192,3609000,159975319800,10939270,7751601070,7743350556,3915521,28680868200,996084479,999991862,8138,4641,999495885,504115,10324464315,2576321500,6642,2581129680,999990721,9279,999928141,71859,2581113759,1000,1000,1000,1000,1000,1000,1000,107738035519,18061766800,417,2577491100,4001200,159970694400,17765044,7758212594,7742861935,3879885,28680087300,996120115,999983797,16203,73112,999463277,536723,10323815323,2576744800,1,2580955160,999998229,1771,999918312,81688,2580953388,1000,1000,1000,1000,1000,1000,1000,107737911700,18062064400,107814,2578018839,3616000,159972981600,29006157,7769559457,7743095543,3934804,28680516300,996065196,999995842,4158,7938,999516395,483605,10324124905,2576507500,6601,2581043420,999992543,7457,999928438,71562,2581029362,1000,1000,1000,1000,1000,1000,1000
390000,94500,634044,3890000000,23340000000,10000,60000,9898522282731,87195370,119527759,1292,3889905500,2000,63574,2098173,7779808416,2621624701,17378375299,21866340099,9984374427,15625573,14608643,107757963369,18108998400,430,2584227508,4085300,160388327200,11144098,7771789748,7763339871,3900035,28754028300,996099965,999999068,932,81633,999475162,524838,10351116038,2582993000,3,2587787540,999988630,11370,999930933,69067,2587776167,1000,1000,1000,1000,1000,1000,1000,107757930619,18108407700,107992,2584066461,4179800,160383760200,17361640,7777795690,7762833886,3965873,28753330200,996034127,999999510,490,81637,999482351,517649,10350444049,2583402100,7060,2587620620,999996603,3397,999929437,70563,2587610163,1000,1000,1000,1000,1000,1000,1000,107757872639,18108630700,107963,2584655339,3651100,160385410200,29207644,7789716944,7763052770,3980325,28753678200,996019675,999991559,8441,15834,999494964,505036,10350732436,2583179100,2,2587693440,999986228,13772,999932434,67566,2587679666,1000,1000,1000,1000,1000,1000,1000
391000,97170,641114,3900000000,23400000000,10000,60000,9898283863365,86100731,118464750,10025,3899902830,2000,5228,2085109,7799785610,2621664296,17378335704,21866450704,9984368131,15631869,14647041,107777798793,18155536500,107176,2590933985,4132400,160800550600,11682567,7792274917,7783280952,3912528,28827159300,996087472,999988451,11549,84323,999475271,524729,10377707529,2589650100,6682,2594434480,999998779,1221,999925223,74777,2594426577,1000,1000,1000,1000,1000,1000,1000,107777999408,18154981000,413,2590722790,4072800,160796286000,16864123,7797259373,7782798004,3860129,28826544900,996139871,999998536,1464,81807,999481703,518297,10377061897,2590056400,6662,2594276880,999993675,6325,999926607,73393,2594263893,1000,1000,1000,1000,1000,1000,1000,107777801149,18155158300,107698,2591267011,3670600,160797498200,29370518,7809819368,7782994762,3914615,28826784900,996085385,999990964,9036,9549,999512187,487813,10377324713,2589800200,7240,2594342100,999995091,4909,999930649,69351,2594329951,1000,1000,1000,1000,1000,1000,1000
392000,95030,621800,3910000000,23460000000,10000,60000,9898048007483,82498013,114921690,10749,3909904970,2000,62042,2093035,7819788442,2621671996,17378328004,21866377404,9984354445,15645555,14685087,107797805325,18202149200,107986,2597903253,3796200,161213420000,13657180,7814227280,7803246264,3962832,28900496700,996037168,999999369,631,10337,999502873,497127,10404322227,2596306100,2,2601094340,999981625,18375,999933037,66963,2601075963,1000,1000,1000,1000,1000,1000,1000,107797852279,18201558600,107945,2597934281,3619500,161208844400,15849774,7816207724,7802758864,3989984,28899846600,996010016,999997792,2208,16808,999482144,517856,10403677756,2596713300,6900,2600927980,999997812,2188,999923808,76192,2600918892,1000,1000,1000,1000,1000,1000,1000,107797712850,18201658300,107775,2597941148,3662400,161209375000,28502504,7828881154,7802946448,3957046,28899863700,996042954,999998121,1879,8875,999492227,507773,10403925673,2596438400,2,2600988000,999991227,8773,999921775,78225,2600979225,1000,1000,1000,1000,1000,1000,1000
393000,95350,630428,3920000000,23520000000,10000,60000,9897804898948,86177852,118723074,1190,3919904650,2000,63077,2109302,7839806920,2621754100,17378245900,21866309000,9984287718,15712282,14723638,107817800681,18248663800,830,2604728736,3551700,161625366000,13869822,7834372222,7823210683,3932797,28973623500,996067203,999998534,1466,8037,999461554,538446,10430945446,2602938800,3,2607741160,999993606,6394,999924237,75763,2607734763,1000,1000,1000,1000,1000,1000,1000,107817890234,18248084600,422,2604008045,4072600,161620900400,16076038,7836371738,7822702515,3869168,28972843800,996130832,999992420,7580,82352,999494437,505563,10430269763,2603334000,6641,2607574660,999999229,771,999925952,74048,2607567248,1000,1000,1000,1000,1000,1000,1000,107817732309,18248352400,107685,2604454730,3798100,161622913600,28174485,7848562535,7822942883,4015577,28973200800,995984423,999988075,11925,7998,999513015,486985,10430588585,2603098200,6681,2607658160,999994223,5777,999930598,69402,2607645702,1000,1000,1000,1000,1000,1000,1000
394000,95260,633123,3930000000,23580000000,10000,60000,9897566977101,84615127,117152809,2139,3929904740,2000,5216,2098780,7859805202,2621924528,17378075472,21866085972,9984322980,15677020,14761882,107837727194,18295281900,107831,2611382326,3607900,162038294200,15525997,7856009147,7843151310,4033659,29046881100,995966341,999999234,766,9775,999514065,485935,10457528735,2609607900,0,2614396460,999980965,19035,999938175,61825,2614377425,1000,1000,1000,1000,1000,1000,1000,107837756669,18294702300,108193,2611022251,3852500,162033810200,15968296,7856243646,7842687072,3889848,29046148200,996110152,999999702,298,78154,999468782,531218,10456916018,2610014300,6160,2614235340,999999766,234,999922654,77346,2614228946,1000,1000,1000,1000,1000,1000,1000,107837678334,18294924800,107160,2610847826,4068400,162035402400,26761818,7867108868,7842912424,3893731,29046312900,996106269,999998829,1171,82098,999503674,496326,10457215626,2609744100,6720,2614312740,999997182,2818,999927498,72502,2614303202,1000,1000,1000,1000,1000,1000,1000
395000,96330,629010,3940000000,23640000000,10000,60000,9897327774075,84339107,116904954,10459,3939903670,2000,62974,2083325,7879786422,2621911782,17378088218,21866148118,9984317415,15682585,14799937,107857723862,18341799500,401,2617726556,3825600,162450279800,16516527,7876934077,7863112296,3937391,29119922400,996062609,999999212,788,18521,999492225,507775,10484149575,2616228900,6242,2621043980,999999541,459,999927121,72879,2621037279,1000,1000,1000,1000,1000,1000,1000,107857857548,18341308900,402,2617352251,4039500,162446601800,15806647,7876055647,7862647979,3929348,29119347300,996070652,999999798,202,80050,999502571,497429,10483528329,2616656200,6641,2620893920,999993071,6929,999930550,69450,2620880350,1000,1000,1000,1000,1000,1000,1000,107857668055,18341512400,107949,2617747223,3811800,162448054400,26003942,7886318292,7862860782,3962720,29119596900,996037280,999993588,6412,4668,999514186,485814,10483812014,2616418800,6942,2620965260,999992914,7086,999932468,67532,2620951232,1000,1000,1000,1000,1000,1000,1000
396000,94930,627958,3950000000,23700000000,10000,60000,9897087662210,84984806,117593889,1376,3949905070,2000,56628,2101195,7899807388,2622120216,17377879784,21865941884,9984330105,15669895,14837993,107877733426,18388413800,835,2624499472,3696000,162863186800,16797679,7897195129,7883067964,3997781,29193216000,996002219,999999868,132,10187,999505623,494377,10510755177,2622915200,6722,2627700260,999993675,6325,999931687,68313,2627687213,1000,1000,1000,1000,1000,1000,1000,107877728916,18387937600,108212,2624528643,3654100,162859606400,16342172,7896575372,7882634387,3991430,29192715300,996008570,999999606,394,5176,999479489,520511,10510177811,2623337900,6481,2627554020,999995885,4115,999927776,72224,2627543424,1000,1000,1000,1000,1000,1000,1000,107877614850,18388037200,108158,2624261183,3932200,162860108000,25292813,7905544913,7882802041,3853928,29192661000,996146072,999999864,136,78736,999528695,471305,10510396105,2623046400,7,2627613920,999980151,19849,999938936,61064,2627594064,1000,1000,1000,1000,1000,1000,1000
397000,95870,633561,3960000000,23760000000,10000,60000,9896848023428,85095125,117728261,2135,3959904130,2000,486,2099046,7919803990,2622075053,17377924947,21865928347,9984342074,15657926,14876164,107897557671,18434988800,108634,2631124669,3859100,163275672800,17339956,7917695906,7903047770,3968194,29266358400,996031806,999987229,12771,11435,999482265,517735,10537396635,2629556100,7360,2634357400,999998825,1175,999928035,71965,2634348865,1000,1000,1000,1000,1000,1000,1000,107897818851,18434487700,806,2631130489,3553100,163271937800,16290196,7916475346,7902561302,3977288,29265897300,996022712,999999107,893,9919,999517817,482183,10536745183,2629989900,7060,2634200600,999990341,9659,999933519,66481,2634183881,1000,1000,1000,1000,1000,1000,1000,107897568263,18434653400,108222,2631099296,3786300,163273034800,24961701,7925194701,7902797789,3998726,29265970200,996001274,999992221,7779,9595,999493406,506594,10537061294,2629723900,1,2634270780,999992726,7274,999923895,76105,2634263505,1000,1000,1000,1000,1000,1000,1000
398000,93820,638856,3970000000,23820000000,10000,60000,9896610294419,83337562,116016307,1306,3969906180,2000,64161,2109497,7939809748,2622148781,17377851219,21865885819,9984345023,15654977,14914271,107917512111,18481528400,107713,2637860069,3750800,163687896800,17811227,7938113727,7922987904,3926170,29339518200,996073830,999998678,1322,19208,999500804,499196,10563983296,2636197500,6840,2641003960,999998272,1728,999928008,71992,2640995392,1000,1000,1000,1000,1000,1000,1000,107917665447,18481100600,108016,2637740070,3747100,163684818800,16471083,7936634683,7922556455,4020117,29339114400,995979883,999998138,1862,7721,999481266,518734,10563408034,2636664500,7123,2640860420,999998282,1718,999921821,78179,2640851579,1000,1000,1000,1000,1000,1000,1000,107917639951,18481202600,851,2637840907,3574100,163685310000,24367023,7944548573,7922729890,3976141,29339155800,996023859,999999275,725,12134,999507444,492556,10563637656,2636378500,7242,2640921600,999993408,6592,999931734,68266,2640907766,1000,1000,1000,1000,1000,1000,1000
399000,94370,640529,3980000000,23880000000,10000,60000,9896371193574,82958038,115670959,2233,3979905630,2000,82,2102427,7959806794,2622205312,17377794688,21865813988,9984341873,15658127,14952367,107937491205,18528191300,108327,2644408615,3889700,164101182600,18359227,7958659227,7943001732,3916908,29412798000,996083092,999997952,2048,87944,999484512,515488,10590668888,2642855300,7080,2647674500,999999736,264,999924144,75856,2647667156,1000,1000,1000,1000,1000,1000,1000,107937780329,18527653200,831,2644088391,3883600,164097156000,17763884,7957879484,7942468020,3909139,29412235200,996090861,999999459,541,80720,999535800,464200,10589951700,2643321700,6300,2647506960,999983020,16980,999938320,61680,2647483680,1000,1000,1000,1000,1000,1000,1000,107937573931,18527729700,428,2644217708,3848900,164097410600,22698728,7962820678,7942677593,3974647,29412216300,996025353,999999800,200,8553,999504360,495640,10590234440,2643019300,6641,2647570540,999992948,7052,999928953,71047,2647556847,1000,1000,1000,1000,1000,1000,1000
400000,95120,636715,3990000000,23940000000,10000,60000,9896130478942,84148406,116825204,11602,3989904880,2000,457,2075242,7979786556,2622281748,17377718252,21865649152,9984388758,15611242,14990314,107957511449,18574851900,108352,2651184649,3756400,164514481400,18557473,7978856073,7962984964,4045693,29486170500,995954307,999999060,940,18167,999506703,493297,10617311097,2649524700,6702,2654339400,999993435,6565,999928567,71433,2654326133,1000,1000,1000,1000,1000,1000,1000,107957718261,18574196300,415,2650829739,3810400,164509395800,17551884,7977614584,7962420636,3923682,29485389000,996076318,999998674,1326,79092,999515756,484244,10616556544,2649982200,6660,2654155480,999987088,12912,999934992,65008,2654135908,1000,1000,1000,1000,1000,1000,1000,107957522784,18574322900,802,2650874235,3872300,164510073800,22802921,7982892171,7962656975,3911977,29485407600,996088023,999990239,9761,78462,999480387,519613,10616875613,2649678100,6421,2654226120,999998939,1061,999925762,74238,2654218638,1000,1000,1000,1000,1000,1000,1000
401000,95350,645900,4000000000,24000000000,10000,60000,9895888070348,87066842,119800494,11395,3999904650,2000,42,2078942,7999786510,2622430590,17377569410,21865662010,9984373438,15626562,15028148,107977559362,18621399400,807,2657433698,4060700,164926765200,18471379,7998719279,7982938174,3845595,29559242700,996154405,999998818,1182,90523,999493449,506551,10643917051,2656181700,6620,2660987040,999998457,1543,999924723,75277,2660978877,1000,1000,1000,1000,1000,1000,1000,107977700746,18620842300,393,2657346373,3955900,164922543000,17141704,7997195354,7982424933,3942009,29558658300,996057991,999999322,678,83213,999518280,481720,10643227320,2656626700,1,2660820160,999982228,17772,999932613,67387,2660802387,1000,1000,1000,1000,1000,1000,1000,107977466085,18620836900,407,2657482695,3899800,164922074600,23414375,8003439425,7982588232,3857386,29558502300,996142614,999994150,5850,80964,999490132,509868,10643449768,2656323400,7060,2660872220,999996376,3624,999925264,74736,2660861536,1000,1000,1000,1000,1000,1000,1000
402000,95580,620307,4010000000,24060000000,10000,60000,9895650563392,85110762,117944263,10550,4009904420,2000,62384,2085161,8019787740,2622311354,17377688646,21865723746,9984318079,15681921,15066419,107997455218,18667887700,782,2664566719,3588100,165338475400,18902539,8019071289,8002883397,3983493,29632390200,996016507,999991193,8807,7600,999481703,518297,10670510897,2662794700,7343,2667635740,999999103,897,999922700,77300,2667627500,1000,1000,1000,1000,1000,1000,1000,107997522895,18667477800,108500,2664353664,3754800,165335519600,17570515,8017605765,8002448849,3975596,29631966900,996024404,999985561,14439,6465,999488816,511184,10669928884,2663245500,1,2667488780,999991256,8744,999927265,72735,2667480035,1000,1000,1000,1000,1000,1000,1000,107997337781,18667366900,107419,2664246096,3868000,165334241800,22671005,8022640255,8002507837,3887546,29631645000,996112454,999999346,654,80300,999504963,495037,10670005937,2662999200,3,2667511640,999986463,13537,999930300,69700,2667498100,1000,1000,1000,1000,1000,1000,1000
403000,95270,626964,4020000000,24120000000,10000,60000,9895410359991,85851203,118720994,1240,4019904730,2000,5084,2105611,8039806980,2622484894,17377515106,21865673306,9984340349,15659651,15104529,108017283794,18714371500,108197,2670921865,3976000,165750175800,19595414,8039684964,8022799485,3825988,29705340900,996174012,999995085,4915,78197,999484412,515588,10697062188,2669440100,1,2674274080,999988624,11376,999929697,70303,2674262703,1000,1000,1000,1000,1000,1000,1000,108017505656,18714078600,108437,2671067523,3708500,165748313200,15906456,8035916206,8022413977,3938874,29705219400,996061126,999998805,1195,17631,999475454,524546,10696549446,2669935500,1,2674143040,999992430,7570,999923631,76369,2674135469,1000,1000,1000,1000,1000,1000,1000,108017444284,18714037200,795,2670494256,4180800,165747584800,23797382,8043766782,8022502834,3890626,29704913100,996109374,999998819,1181,83193,999505459,494541,10696667741,2669667200,6700,2674179720,999991887,8113,999933493,66507,2674164907,1000,1000,1000,1000,1000,1000,1000
404000,93900,631369,4030000000,24180000000,10000,60000,9895170769881,85933528,118800946,10174,4029906100,2000,499,2091966,8059791852,2622530509,17377469491,21865535091,9984367094,15632906,15142546,108037394436,18760955300,818,2677765564,3654800,166162856200,18607420,8058666520,8042731804,4002428,29778651900,995997572,999997646,2354,11318,999502514,497486,10723639786,2676138800,6220,2680922060,999992142,7858,999929118,70882,2680907982,1000,1000,1000,1000,1000,1000,1000,108037453580,18760595500,107673,2677619657,3786600,166160315000,17343493,8057288743,8042344815,3848537,29778287100,996151463,999998788,1212,86151,999492736,507264,10723121564,2676571200,3,2680791320,999985432,14568,999928251,71749,2680776749,1000,1000,1000,1000,1000,1000,1000,108037412669,18760680600,877,2677240491,4098700,166160704400,23453919,8063412869,8042508036,3897874,29778222300,996102126,999998356,1644,82882,999505646,494354,10723343154,2676306400,6160,2680843960,999997318,2682,999927582,72418,2680835118,1000,1000,1000,1000,1000,1000,1000
405000,95460,635883,4040000000,24240000000,10000,60000,9894933289030,83889927,116761125,11733,4039904540,2000,40,2088684,8079785614,2622567257,17377432743,21865516843,9984397896,15602104,15180410,108057220087,18807523400,108351,2684477133,3715900,166575292400,17401811,8077417161,8062704368,3936805,29851806900,996063195,999981851,18149,18046,999490478,509522,10750272122,2682775400,6300,2687575160,999998894,1106,999924946,75054,2687567754,1000,1000,1000,1000,1000,1000,1000,108057523230,18807148700,797,2684282588,3656500,166572657400,17616186,8077513686,8062285440,3941635,29851486500,996058365,999999744,256,22209,999499169,500831,10749709431,2683232700,2,2687437460,999986533,13467,999929709,70291,2687423991,1000,1000,1000,1000,1000,1000,1000,108057314107,18807305700,108489,2684324293,3779200,166573697800,24490330,8084433230,8062473936,3963096,29851580100,996036904,999994928,5072,10632,999508896,491104,10749962004,2682995000,6100,2687503900,999990268,9732,999931832,68168,2687488068,1000,1000,1000,1000,1000,1000,1000
406000,94910,623193,4050000000,24300000000,10000,60000,9894693841069,83849300,116714164,10269,4049905090,2000,531,2085722,8099789642,2622712269,17377287731,21865340631,9984439298,15560702,15218440,108077237136,18854021600,816,2691082104,3660400,166987111200,17789693,8097731443,8082646592,3923065,29924878200,996076935,999999049,951,15684,999480292,519708,10776862108,2689403000,6420,2694221980,999999956,44,999922584,77416,2694215516,1000,1000,1000,1000,1000,1000,1000,108077513244,18853810500,813,2690560194,4070500,166985952200,17091076,8096986776,8082279220,3929393,29924718600,996070607,999990712,9288,81319,999470099,529901,10776372001,2689930200,6322,2694099980,999999123,877,999926319,73681,2694092781,1000,1000,1000,1000,1000,1000,1000,108077394300,18853957900,795,2690929040,3765100,166986914200,24720657,8104658057,8082483990,3971303,29924895900,996028697,999994668,5332,10765,999470175,529825,10776644225,2689677300,0,2694163520,999996715,3285,999922865,77135,2694160235,1000,1000,1000,1000,1000,1000,1000
407000,93940,626876,4060000000,24360000000,10000,60000,9894450677237,87537852,120522961,2298,4059906060,2000,5625,2105885,8119807524,2622820389,17377179611,21865270111,9984377055,15622945,15256279,108097159930,18900557400,404,2697484708,3928800,167399262800,18507338,8118391588,8102611062,3873760,29997931500,996126240,999998338,1662,73378,999458516,541484,10803480784,2696040300,2,2700871620,999998104,1896,999919178,80822,2700869722,1000,1000,1000,1000,1000,1000,1000,108097402079,18900437200,108434,2697786801,3577500,167398941600,17135802,8117015002,8102254538,3997825,29998107000,996002175,999990896,9104,6671,999505833,494167,10803004167,2696569600,6420,2700761700,999994349,5651,999929171,70829,2700749629,1000,1000,1000,1000,1000,1000,1000,108097242197,18900497800,108114,2697815883,3619300,167399106800,24078959,8123960909,8102421766,3925977,29998051800,996074023,999999114,886,20237,999484971,515029,10803226629,2696318400,0,2700812040,999992823,7177,999929037,70963,2700804863,1000,1000,1000,1000,1000,1000,1000
408000,96060,626620,4070000000,24420000000,10000,60000,9894215284816,83400113,116385339,10339,4069903940,2000,5152,2087724,8139787202,2622681529,17377318471,21865325171,9984397196,15602804,15294698,108117076547,18947111000,108633,2704149513,3942300,167811634000,18685752,8138524002,8122507440,3879798,30071101500,996120202,999999458,542,79760,999536520,463480,10830004880,2702700600,7140,2707519700,999984880,15120,999937060,62940,2707497440,1000,1000,1000,1000,1000,1000,1000,108117391571,18947036200,109011,2704008049,3999700,167811662000,16643417,8136492767,8122211472,3928887,30071231400,996071113,999999881,119,80594,999520122,479878,10829611178,2703229900,6800,2707418860,999987646,12354,999937794,62206,2707399706,1000,1000,1000,1000,1000,1000,1000,108117191205,18947071000,108895,2704134734,3954100,167811610800,24509659,8144351459,8122389219,3942783,30071158200,996057217,999998983,1017,79800,999486281,513719,10829850719,2702959200,1,2707466220,999995281,4719,999925900,74100,2707461500,1000,1000,1000,1000,1000,1000,1000
409000,94330,618551,4080000000,24480000000,10000,60000,9893975719278,83501129,116582091,10321,4079905670,2000,5851,2092964,8159790698,2622745107,17377254893,21865421593,9984345116,15654884,15333114,108137089725,18993677000,778,2710864235,3816400,168224010800,17231155,8157022205,8142499578,3928974,30144291300,996071026,999993875,6125,4301,999498223,501777,10856663777,2709325200,6900,2714178080,999993019,6981,999930701,69299,2714164199,1000,1000,1000,1000,1000,1000,1000,108137288278,18993493000,108922,2710822874,3840100,168223156400,18297784,8158058434,8142138872,3817231,30144272400,996182769,999999631,369,82400,999501428,498572,10856180572,2709867600,8,2714055480,999986228,13772,999930000,70000,2714041700,1000,1000,1000,1000,1000,1000,1000,108137182798,18993677700,108810,2711077162,3648300,168224437000,24477359,8164294959,8142353528,3984425,30144483000,996015575,999994361,5639,3836,999514408,485592,10856468392,2709609900,7260,2714131060,999991064,8936,999927636,72364,2714114864,1000,1000,1000,1000,1000,1000,1000
410000,93500,647630,4090000000,24540000000,10000,60000,9893734087729,85636070,118719505,10437,4089906500,2000,513,2097509,8179792126,2622791799,17377208201,21865309401,9984385531,15614469,15371457,108156894549,19040181100,108342,2717943729,3523400,168635896600,16966999,8176687899,8162453344,3909424,30217423200,996090576,999999321,679,8097,999467953,532047,10883266647,2715967900,2,2720826740,999986565,13435,999925997,74003,2720813303,1000,1000,1000,1000,1000,1000,1000,108157304570,19040133100,107783,2717150029,4162700,168636298200,18490032,8178242032,8162098877,3921823,30217515600,996078177,999991674,8326,85351,999505274,494726,10882796426,2716573200,6441,2720710220,999993770,6230,999931551,68449,2720697549,1000,1000,1000,1000,1000,1000,1000,108157253354,19040288300,792,2717675046,3610900,168637276600,24628176,8184421926,8162342436,3951813,30217734300,996048187,999997995,2005,11282,999501046,498954,10883120554,2716265100,0,2720786200,999991918,8082,999922682,77318,2720778118,1000,1000,1000,1000,1000,1000,1000
411000,94960,629479,4100000000,24600000000,10000,60000,9893495175940,85105029,118284416,2253,4099905040,2000,44,2109413,8199805574,2622930169,17377069831,21865196031,9984339607,15660393,15409581,108176953228,19086723200,806,2724082250,3901900,169048092000,16758715,8196424065,8182390182,3855883,30290458800,996144117,999999061,939,81878,999488396,511604,10909849404,2722600400,2,2727471740,999987484,12516,999933278,66722,2727459222,1000,1000,1000,1000,1000,1000,1000,108177285982,19086718300,108397,2724096778,3865800,169048916600,18614228,8198331728,8182058994,3871815,30290784900,996128185,999999508,492,79293,999510399,489601,10909406201,2723235100,0,2727364580,999982627,17373,999936093,63907,2727347207,1000,1000,1000,1000,1000,1000,1000,108177214895,19086915200,408,2724230665,3721500,169050174400,24843184,8204614684,8182329298,3956755,30290952000,996043245,999990056,9944,16801,999498503,501497,10909772197,2722900100,6760,2727450260,999999399,601,999929301,70699,2727442899,1000,1000,1000,1000,1000,1000,1000
412000,94120,631222,4110000000,24660000000,10000,60000,9893253280950,87521610,120680212,10400,4109905880,2000,5769,2086242,8219790960,2622926960,17377073040,21865160640,9984375598,15624402,15447958,108196903142,19133303500,387,2730816477,3826000,169460677400,17119679,8216749079,8202356993,3899502,30363690600,996100498,999999345,655,11443,999484050,515950,10936475750,2729254300,6661,2734126140,999999278,722,999925943,74057,2734118757,1000,1000,1000,1000,1000,1000,1000,108197220836,19133236700,108711,2730523983,4093500,169460949400,18480504,8218135254,8201996761,3889801,30363843000,996110199,999999550,450,84049,999500688,499312,10935990412,2729891200,1,2734009460,999984192,15808,999933549,66451,2733993651,1000,1000,1000,1000,1000,1000,1000,108197237721,19133585100,815,2730837696,3778700,169463549400,24704976,8224478676,8202327733,4018556,30364287300,995981444,999996768,3232,4712,999505579,494421,10936431021,2729573100,3,2734121160,999982131,17869,999934412,65588,2734103288,1000,1000,1000,1000,1000,1000,1000
413000,94330,627979,4120000000,24720000000,10000,60000,9893017663679,83683011,116894293,2250,4119905670,2000,37,2104242,8239806840,2623083090,17376916910,21864970910,9984379258,15620742,15486298,108216780044,19179882700,108585,2737349355,4023900,169873244600,19217488,8238809938,8222309133,3941452,30436837200,996058548,999996395,3605,82143,999519510,480490,10963074890,2735892700,6561,2740784180,999988138,11862,999932043,67957,2740765757,1000,1000,1000,1000,1000,1000,1000,108217179868,19179838300,108636,2737328392,3954800,169873726200,17171334,8236799434,8221969544,3865761,30437110200,996134239,999999329,671,71568,999488724,511276,10962625776,2736559600,6200,2740663280,999999152,848,999925868,74132,2740656232,1000,1000,1000,1000,1000,1000,1000,108217100668,19180160800,108298,2737607711,3759300,169876100000,24026462,8243762612,8222271395,3955676,30437487600,996044324,999991798,8202,16922,999510127,489873,10963026173,2736247500,7001,2740768840,999992939,7061,999933722,66278,2740754778,1000,1000,1000,1000,1000,1000,1000
414000,95110,622568,4130000000,24780000000,10000,60000,9892774465328,87393850,120607057,2125,4129904890,2000,62586,2108577,8259805530,2623194678,17376805322,21864887022,9984419503,15580497,15524133,108236831508,19226508100,824,2743917591,4039400,170286185000,18523235,8258096285,8242315511,3884796,30510091200,996115204,999999240,760,79344,999489333,510667,10989753767,2742541000,6501,2747445500,999999257,743,999923744,76256,2747438256,1000,1000,1000,1000,1000,1000,1000,108237162218,19226374200,109110,2744044922,3860500,170285974800,18038873,8257615523,8241886508,3942505,30510296100,996057495,999992481,7519,14076,999507968,492032,10989180832,2743243600,6420,2747304280,999996464,3536,999926576,73424,2747294324,1000,1000,1000,1000,1000,1000,1000,108237066115,19226761600,109242,2744230865,3808100,170288882400,23893088,8263603038,8242253402,3978739,30510720900,996021261,999993858,6142,4419,999493317,506683,10989668583,2742916300,0,2747423040,999992141,7859,999926519,73481,2747415181,1000,1000,1000,1000,1000,1000,1000
415000,93910,629065,4140000000,24840000000,10000,60000,9892537434874,84920350,118184676,11451,4139906090,2000,479,2086748,8279789278,2623210524,17376789476,21864841376,9984384612,15615388,15562190,108256811565,19273082600,353,2750623753,3969800,170698702000,18932348,8278465898,8262269846,3905867,30583292400,996094133,999999673,327,91806,999505860,494140,11016355240,2749190500,2,2754099060,999986336,13664,999930106,69894,2754085394,1000,1000,1000,1000,1000,1000,1000,108257205378,19272940800,810,2750672082,3792300,170698397600,18453777,8277986027,8261860388,3910814,30583476000,996089186,999995910,4090,14396,999496508,503492,11015813492,2749878200,5900,2753960080,999998924,1076,999923196,76804,2753953104,1000,1000,1000,1000,1000,1000,1000,108257026503,19273314200,108265,2750802894,3869500,170701202000,23257681,8282918531,8262206485,3934277,30583846800,996065723,999994333,5667,80856,999517071,482929,11016269129,2749543000,3,2754081200,999981447,18553,999929856,70144,2754062644,1000,1000,1000,1000,1000,1000,1000
416000,93810,611730,4150000000,24900000000,10000,60000,9892298100638,84754511,118055861,11296,4149906190,2000,61679,2083162,8299789788,2623217249,17376782751,21864850051,9984382418,15617582,15600606,108276653390,19319669100,108553,2757575750,3802000,171111306200,19927275,8299425275,8282244058,3944412,30656542800,996055588,999983493,16507,6581,999484823,515177,11042989077,2755849000,0,2760754020,999990999,9001,999928081,71919,2760745019,1000,1000,1000,1000,1000,1000,1000,108277155344,19319532100,400,2757116533,4042200,171111051400,16854198,8296353398,8281844641,3914808,30656622000,996085192,999991356,8644,82448,999457207,542793,11042459193,2756548300,3,2760615540,999999015,985,999919148,80852,2760614552,1000,1000,1000,1000,1000,1000,1000,108276939052,19319887400,108537,2757265008,4091400,171113642000,23931218,8303547918,8282187574,3867522,30656961300,996132478,999999385,615,91163,999488589,511411,11042916511,2756174300,6760,2760736460,999999237,763,999925063,74937,2760728937,1000,1000,1000,1000,1000,1000,1000
417000,95410,634644,4160000000,24960000000,10000,60000,9892057600803,85767116,119128545,10132,4159904590,2000,457,2083813,8319788916,2623237119,17376762881,21864846181,9984361067,15638933,15638683,108296618455,19366248700,108516,2764017745,4033600,171523879800,20078545,8319539945,8302204886,3898439,30729681000,996101561,999998596,1404,86857,999464171,535829,11069603829,2762528900,0,2767407000,999991943,8057,999926957,73043,2767398943,1000,1000,1000,1000,1000,1000,1000,108297160178,19366205000,375,2763782582,4022800,171524422000,16835023,8316335773,8301842638,3924341,30729962700,996075659,999993692,6308,84051,999483713,516287,11069123287,2763191000,7380,2767288720,999999309,691,999922851,77149,2767280649,1000,1000,1000,1000,1000,1000,1000,108296835849,19366302000,108638,2764473847,3512300,171524714400,23982281,8323489181,8302084238,3899969,30730020300,996100031,999999298,702,14629,999493191,506809,11069441009,2762791400,4,2767370700,999986075,13925,999931429,68571,2767356771,1000,1000,1000,1000,1000,1000,1000
418000,96240,631807,4170000000,25020000000,10000,60000,9891816207390,87671181,121025878,10787,4169903760,2000,484,2088951,8339785946,2623401271,17376598729,21864689329,9984411149,15588851,15676895,108316636476,19412840100,108036,2770868301,3803900,171936638600,19345984,8338780884,8322133529,3987158,30802991100,996012842,999998362,1638,15304,999485175,514825,11096175625,2769238700,3,2774049340,999992759,7241,999928204,71796,2774042096,1000,1000,1000,1000,1000,1000,1000,108317081206,19412826800,107658,2770590853,3930400,171937383200,16886663,8336369763,8321790183,3901486,30803256900,996098514,999999074,926,78588,999530705,469295,11095716295,2769858600,6341,2773944300,999988153,11847,999934488,65512,2773926112,1000,1000,1000,1000,1000,1000,1000,108316781056,19412867900,108695,2771152423,3477800,171937147800,24753812,8344217062,8322044685,3913241,30803199900,996086759,999998458,1542,9517,999504932,495068,11096057268,2769422900,6941,2774026460,999993064,6936,999928817,71183,2774012583,1000,1000,1000,1000,1000,1000,1000
419000,93510,617017,4180000000,25080000000,10000,60000,9891582267898,82111523,115518122,10407,4179906490,2000,61658,2087133,8359792166,2623446521,17376553479,21864679279,9984395347,15604653,15714813,108336725611,19459447700,382,2777358367,3858800,172349456200,20825734,8360235784,8342098956,3996136,30876225600,996003864,999996567,3433,5431,999492175,507825,11122797325,2775903000,6742,2780708960,999996151,3849,999929231,70769,2780698369,1000,1000,1000,1000,1000,1000,1000,108336997888,19459332300,108295,2777659472,3527200,172349254200,16364245,8355776095,8341737558,3920573,30876419400,996079427,999994034,5966,5561,999513503,486497,11122310397,2776491200,0,2780591880,999980959,19041,999935761,64239,2780572839,1000,1000,1000,1000,1000,1000,1000,108336850660,19459500700,792,2777448079,3757700,172350168600,23861496,8363309446,8342046391,3919999,30876417000,996080001,999998183,1817,15284,999484393,515607,11122728207,2776078500,6621,2780689380,999999057,943,999922984,77016,2780681816,1000,1000,1000,1000,1000,1000,1000
420000,96120,636408,4190000000,25140000000,10000,60000,9891339633758,85278138,118674934,2237,4189903880,2000,94,2100710,8379803286,2623511796,17376488204,21864435104,9984456930,15543070,15753016,108356670984,19506143300,108405,2784081674,3887500,172763101800,21082849,8380508799,8362079992,4037074,30949617900,995962926,999997637,2363,18563,999509971,490029,11149437829,2782612700,6422,2787370740,999993519,6481,999933563,66437,2787357837,1000,1000,1000,1000,1000,1000,1000,108356914469,19505906900,108318,2784077151,3816100,172761764200,16428382,8375800282,8361723522,3898863,30949530900,996101137,999986392,13608,74329,999463707,536293,11148964193,2783152800,6460,2787248640,999998491,1509,999922429,77571,2787240671,1000,1000,1000,1000,1000,1000,1000,108356730408,19506037700,108445,2784291032,3627200,172762363400,23661417,8383054417,8361956158,3988710,30949578300,996011290,999998861,1139,18451,999520393,479607,11149272207,2782741700,6120,2787330180,999991989,8011,999935651,64349,2787316049,1000,1000,1000,1000,1000,1000,1000
421000,93120,633986,4200000000,25200000000,10000,60000,9891098324590,87117970,120595800,1332,4199906880,2000,34,2113934,8399811096,2623631560,17376368440,21864464940,9984427026,15572974,15790922,108376611048,19552681500,108864,2790734831,3896600,173175318200,20472440,8399844640,8382032491,3937119,31022742000,996062881,999999423,577,80504,999499513,500487,11176040987,2789266800,6581,2794022080,999992997,7003,999928604,71396,2794008496,1000,1000,1000,1000,1000,1000,1000,108376871605,19552411800,108609,2790526774,3967200,173173673200,18213147,8397516247,8381633003,3822841,31022583300,996177159,999999279,721,80238,999503335,496665,11175508665,2789788600,7021,2793888700,999993983,6017,999929938,70062,2793875662,1000,1000,1000,1000,1000,1000,1000,108376792383,19552660000,792,2790813537,3689500,173175306400,22630943,8402005093,8381966210,3962206,31022831100,996037794,999986531,13469,5825,999493215,506785,11175951585,2789391800,0,2793995460,999989915,10085,999926325,73675,2793985375,1000,1000,1000,1000,1000,1000,1000
422000,97040,621550,4210000000,25260000000,10000,60000,9890859831040,86125645,119670882,1178,4209902960,2000,5844,2108273,8419803564,2623629085,17376370915,21864403815,9984392107,15607893,15829071,108396594338,19599278300,108886,2797336961,3931700,173588050200,20122979,8419466329,8401991683,3923590,31095965400,996076410,999998698,1302,80408,999515225,484775,11202653175,2795926700,6301,2800675000,999992793,7207,999930108,69892,2800661492,1000,1000,1000,1000,1000,1000,1000,108396893915,19598912400,387,2797210564,3825500,173585558400,19490687,8418724037,8401575311,3846607,31095692400,996153393,999982941,17059,72234,999497023,502977,11202099777,2796424200,6321,2800532700,999998087,1913,999921234,78766,2800524466,1000,1000,1000,1000,1000,1000,1000,108396633659,19599269900,108266,2797685638,3583500,173588094200,21835090,8421182240,8401954227,4011137,31096078500,995988863,999998712,1288,13475,999497648,502352,11202605352,2796015700,6543,2800658520,999999148,852,999924475,75525,2800651125,1000,1000,1000,1000,1000,1000,1000
423000,95200,632077,4220000000,25320000000,10000,60000,9890621173078,85275087,118819705,2283,4219904800,2000,50,2105984,8439805034,2623625865,17376374135,21864424635,9984428596,15571404,15867230,108416628516,19645794600,758,2803918763,3903900,174000044400,20256063,8439534513,8421941123,3976820,31169079000,996023180,999999178,822,9758,999500135,499865,11229250665,2802568400,1,2807322040,999987503,12497,999928158,71842,2807309542,1000,1000,1000,1000,1000,1000,1000,108416900004,19645533300,732,2803962275,3734200,173998483400,18584900,8437798450,8421538615,3960049,31168985100,996039951,999999361,639,10712,999491297,508703,11228714403,2803115200,1,2807187040,999988749,11251,999930412,69588,2807175788,1000,1000,1000,1000,1000,1000,1000,108416747078,19645906400,408,2803840522,3975300,174001141600,22701860,8442034910,8421929136,3906155,31169266800,996093845,999999417,583,83962,999507326,492674,11229235674,2802682800,6680,2807322740,999990478,9522,999933762,66238,2807306538,1000,1000,1000,1000,1000,1000,1000
424000,95170,631646,4230000000,25380000000,10000,60000,9890381915491,85021566,118606549,2100,4229904830,2000,63065,2102323,8459805460,2623712757,17376287243,21864356343,9984422957,15577043,15905617,108436532718,19692304800,772,2810552998,3944400,174411940000,19228606,8458436756,8441891396,3855197,31242122700,996144803,999999327,673,89830,999472234,527766,11255852666,2809202900,4,2813968860,999992414,7586,999927230,72770,2813961270,1000,1000,1000,1000,1000,1000,1000,108436772440,19692176200,108082,2810426220,4031300,174411585200,18844286,8458046336,8441535972,3939169,31242199800,996060831,999998843,1157,80774,999509802,490198,11255377498,2809744700,6320,2813859240,999988606,11394,999930574,69426,2813841526,1000,1000,1000,1000,1000,1000,1000,108436707672,19692476900,415,2810739866,3744700,174413695400,23525847,8462822197,8441886160,3940126,31242533700,996059874,999991155,8845,15129,999485269,514731,11255848031,2809375200,7002,2813969420,999999453,547,999922329,77671,2813961871,1000,1000,1000,1000,1000,1000,1000
425000,96350,619033,4240000000,25440000000,10000,60000,9890145142988,82281074,115861999,10079,4239903650,2000,5572,2088183,8479787142,2623657762,17376342238,21864319438,9984451137,15548863,15943879,108456513192,19738917200,393,2817302488,3826600,174824779200,19726812,8478910862,8461857010,3977350,31315403700,996022650,999998845,1155,20995,999498285,501715,11282475515,2815845200,6980,2820626980,999998505,1495,999930595,69405,2820618505,1000,1000,1000,1000,1000,1000,1000,108456743802,19738797500,109238,2817338938,3793300,174824517400,19935510,8479118160,8461519160,4005670,31315523400,995994330,999999250,750,9480,999494720,505280,11282023580,2816414800,7400,2820517720,999994100,5900,999927780,72220,2820504420,1000,1000,1000,1000,1000,1000,1000,108456552147,19738996100,108492,2817335032,3890200,174825738600,22112223,8481346373,8461809573,3927408,31315601400,996072592,999991721,8279,71713,999493640,506360,11282412460,2816034400,6581,2820610380,999999088,912,999924913,75087,2820602887,1000,1000,1000,1000,1000,1000,1000
426000,94190,622858,4250000000,25500000000,10000,60000,9889901011918,86936553,120573207,11423,4249905810,2000,79,2088080,8499788774,2623809671,17376190329,21864257029,9984433440,15566560,15982014,108476347895,19785454600,108176,2823837505,4035700,175236961200,20964327,8500092577,8481805666,3853001,31388478000,996146999,999999458,542,79757,999513091,486909,11309072809,2822472500,6740,2827278120,999995763,4237,999930957,69043,2827267143,1000,1000,1000,1000,1000,1000,1000,108476830542,19785434300,371,2823667574,4025200,175237605400,20109347,8499280397,8481514014,3892135,31388756400,996107865,999983306,16694,74271,999487357,512643,11308684743,2823077800,7204,2827179760,999998173,1827,999921471,78529,2827170729,1000,1000,1000,1000,1000,1000,1000,108476617337,19785559700,394,2823946162,3826000,175238181000,20812739,8500004089,8481771445,4009277,31388806200,995990723,999999054,946,6677,999489032,510968,11309026768,2822689900,1,2827260800,999994524,5476,999921677,78323,2827255323,1000,1000,1000,1000,1000,1000,1000
427000,93370,625826,4260000000,25560000000,10000,60000,9889663778265,84672591,118327622,11591,4259906630,2000,5892,2090053,8519790078,2623876356,17376123644,21864195244,9984455047,15544953,16020025,108496307118,19832050400,108597,2830725502,3828500,175649678400,22072891,8521171491,8501783370,3901401,31461744000,996098599,999999206,794,83205,999489535,510465,11335710865,2829143600,6560,2833934940,999999115,885,999925705,74295,2833927495,1000,1000,1000,1000,1000,1000,1000,108496679317,19831961100,108777,2830592781,3850000,175649661400,20440887,8519549587,8501444002,3925588,31461906000,996074412,999999386,614,9098,999489796,510204,11335254104,2829729800,2,2833823800,999986304,13696,999933598,66402,2833810102,1000,1000,1000,1000,1000,1000,1000,108496597202,19832176300,401,2830323717,4115600,175651032600,19479704,8518647204,8501746857,3919077,31461973800,996080923,999998778,1222,87401,999482344,517656,11335659656,2829351700,1,2833921260,999991540,8460,999928501,71499,2833912799,1000,1000,1000,1000,1000,1000,1000
428000,95960,627922,4270000000,25620000000,10000,60000,9889422922133,86013931,119700201,11436,4269904040,2000,42,2083562,8539785208,2624061964,17375938036,21864092836,9984455138,15544862,16057846,108516288617,19878590500,109256,2837317281,3851300,176061906600,22401159,8541446509,8521711416,3814110,31534882800,996185890,999998601,1399,77891,999522875,477125,11362276025,2835792000,2,2840582200,999982411,17589,999935191,64809,2840564609,1000,1000,1000,1000,1000,1000,1000,108516669004,19878594600,108675,2837415796,3677300,176062721200,21003490,8540099240,8521421714,3941541,31535229600,996058459,999990934,9066,5693,999500679,499321,11361893321,2836394400,6600,2840485100,999993107,6893,999931493,68507,2840471607,1000,1000,1000,1000,1000,1000,1000,108516571172,19878752900,414,2837367568,3698900,176063573800,18697037,8537826287,8521694916,3985429,31535267400,996014571,999998791,1209,8862,999510446,489554,11362257554,2835996100,6860,2840576500,999992998,7002,999931762,68238,2840562638,1000,1000,1000,1000,1000,1000,1000
429000,97500,629001,4280000000,25680000000,10000,60000,9889184154491,85297931,119059019,1228,4279902500,2000,482,2099344,8559802544,2624022722,17375977278,21864032378,9984433936,15566064,16095680,108536351313,19925225500,358,2844075066,3673700,176474931000,22178463,8561208463,8541721625,3966042,31608204000,996033958,999989699,10301,7857,999500332,499668,11388958068,2842436100,1,2847248740,999987704,12296,999929057,70943,2847236443,1000,1000,1000,1000,1000,1000,1000,108536753808,19925222600,674,2843643932,4008900,176475739600,21419374,8560500274,8541408972,3901533,31608429300,996098467,999993127,6873,83294,999491622,508378,11388545078,2843064300,7020,2847143780,999999346,654,999924694,75306,2847136106,1000,1000,1000,1000,1000,1000,1000,108536502104,19925224700,734,2843814316,3881800,176475179000,18616180,8557661780,8541601228,3891515,31608244500,996108485,999999761,239,77246,999519618,480382,11388797682,2842640400,6680,2847215000,999988134,11866,999937046,62954,2847196454,1000,1000,1000,1000,1000,1000,1000
430000,95130,643192,4290000000,25740000000,10000,60000,9888945190507,84792086,118667884,1107,4289904870,2000,49,2110272,8579807526,2623951293,17376048707,21864164707,9984368828,15631172,16134354,108556173135,19971735400,108711,2850740264,3756700,176886833200,23548320,8582508470,8561646395,3936137,31681258800,996063863,999999819,181,12082,999504987,495013,11415526213,2849074000,6481,2853893240,999993059,6941,999935282,64718,2853879818,1000,1000,1000,1000,1000,1000,1000,108556612048,19971866900,108915,2850689630,3758800,176888887400,21531794,8580603894,8561425396,3994209,31681793100,996005791,999980530,19470,18821,999469725,530275,11415233475,2849718300,2,2853809240,999998841,1159,999914621,85379,2853808079,1000,1000,1000,1000,1000,1000,1000,108556390448,19971708200,356,2850660792,3698200,176886858800,17279245,8576244395,8561554084,3891945,31681327800,996108055,999996213,3787,7368,999501784,498216,11415400916,2849249700,0,2853860420,999986412,13588,999931068,68932,2853846832,1000,1000,1000,1000,1000,1000,1000
431000,95590,633914,4300000000,25800000000,10000,60000,9888706649548,83847363,117696790,10253,4299904410,2000,52,2084813,8599788314,2624143611,17375856389,21863949289,9984407947,15592053,16172561,108576257662,20018300600,383,2857067712,3960500,177299326800,23013569,8601933919,8581598804,3869280,31754398200,996130720,999998795,1205,88015,999515211,484789,11442126689,2855738900,6,2860543040,999984851,15149,999932015,67985,2860527885,1000,1000,1000,1000,1000,1000,1000,108576727433,20018475900,755,2856931487,4027500,177301703800,22405690,8601452690,8581366968,3885217,31754968800,996114783,999998713,1287,85296,999504028,495972,11441822572,2856385500,6500,2860462260,999999844,156,999926296,73704,2860455604,1000,1000,1000,1000,1000,1000,1000,108576354927,20018330300,769,2857468149,3568800,177299780600,17034425,8595979425,8581549172,3968314,31754610000,996031686,999999746,254,8232,999489460,510540,11442060940,2855899300,4,2860525640,999986132,13868,999928532,71468,2860511768,1000,1000,1000,1000,1000,1000,1000
432000,93780,628841,4310000000,25860000000,10000,60000,9888467643703,83359066,117221667,11158,4309906220,2000,546,2087677,8619790124,2624192469,17375807531,21863930631,9984435723,15564277,16210647,108596249373,20064915600,338,2863985747,3724400,177712243200,24186529,8623087279,8601563486,3928138,31827727500,996071862,999990275,9725,12437,999485151,514849,11468747749,2862454500,0,2867194960,999989303,10697,999929837,70163,2867184263,1000,1000,1000,1000,1000,1000,1000,108596573188,20065052300,108832,2863767832,3973500,177714235000,20903452,8619911602,8601343880,3877503,31828169400,996122497,999998743,1257,86740,999487860,512140,11468455640,2863036800,0,2867120360,999991400,8600,999924240,75760,2867111760,1000,1000,1000,1000,1000,1000,1000,108596208044,20064869200,108970,2863776312,3985100,177711959200,17482932,8616371732,8601484200,3877457,31827637500,996122543,999999495,505,83138,999524038,475962,11468638062,2862523900,4,2867176480,999977386,22614,999937738,62262,2867153862,1000,1000,1000,1000,1000,1000,1000
433000,95140,621338,4320000000,25920000000,10000,60000,9888224145733,87361326,121251805,10745,4319904860,2000,536,2083749,8639788230,2624180459,17375819541,21863890641,9984442091,15557909,16248821,108616154283,20111531000,108615,2870422277,4012900,178125169200,24529336,8643411036,8621518548,3918472,31900926000,996081528,999999538,462,86866,999524318,475682,11495352382,2869119100,0,2873850880,999982954,17046,999933766,66234,2873833834,1000,1000,1000,1000,1000,1000,1000,108616564860,20111662900,108998,2870599597,3791500,178127069000,20866429,8639850379,8621309805,3941044,31901464500,996058956,999993530,6470,19986,999497681,502319,11495074819,2869700400,3,2873779780,999985237,14763,999929986,70014,2873765014,1000,1000,1000,1000,1000,1000,1000,108616100927,20111384500,108676,2870382570,4067300,178123942600,17293361,8636116711,8621450395,3870611,31900710600,996129389,999997812,2188,82801,999483806,516194,11495263094,2869162000,3,2873825000,999987702,12298,999925101,74899,2873812699,1000,1000,1000,1000,1000,1000,1000
434000,95400,630998,4330000000,25980000000,10000,60000,9887986766511,85275674,119261500,1307,4329904600,2000,62652,2088940,8659806586,2624309585,17375690415,21863750615,9984389720,15610280,16286606,108636056235,20158038000,108506,2877052745,4035500,178537053600,24097816,8662908916,8641465986,3852203,31973991000,996147797,999999050,950,82147,999520861,479139,11521952139,2875733400,6920,2880500600,999992473,7527,999929647,70353,2880486153,1000,1000,1000,1000,1000,1000,1000,108636520018,20158213300,108777,2877068581,3975400,178539407400,21936131,8660872431,8641258569,3891913,31974578100,996108087,999999278,722,82365,999493496,506504,11521673504,2876364900,1,2880428700,999986236,13764,999925765,74235,2880414935,1000,1000,1000,1000,1000,1000,1000,108636206075,20158105000,368,2876876405,4152100,178537700400,16681853,8655525003,8641488978,3929990,31974090900,996070010,999988471,11529,87981,999473603,526397,11521982597,2875811400,0,2880501740,999991879,8121,999925081,74919,2880493619,1000,1000,1000,1000,1000,1000,1000
435000,94810,634668,4340000000,26040000000,10000,60000,9887749612108,82924383,116951589,10575,4339905190,2000,492,2086276,8679789230,2624285291,17375714709,21863826609,9984384144,15615856,16325074,108655938855,20204476000,108693,2883926685,3826700,178948386400,25113449,8683828099,8661384288,3840019,32047015500,996159981,999985535,14465,74416,999484428,515572,11548511872,2882386300,0,2887129120,999998464,1536,999919116,80884,2887127584,1000,1000,1000,1000,1000,1000,1000,108656606348,20204819700,770,2883560568,4018500,178952173000,21948916,8680857266,8661224944,3891676,32047796400,996108324,999999382,618,84306,999506262,493738,11548295138,2883012300,4,2887084560,999985638,14362,999932806,67194,2887070194,1000,1000,1000,1000,1000,1000,1000,108656070104,20204719200,108897,2883930456,3853300,178950540000,15860625,8674679475,8661463926,3973592,32047407300,996026408,999998959,1041,7967,999489341,510659,11548617159,2882449700,6740,2887164200,999995773,4227,999928267,71733,2887153233,1000,1000,1000,1000,1000,1000,1000
436000,95410,631777,4350000000,26100000000,10000,60000,9887509972801,83087773,117149770,10488,4349904590,2000,63350,2081993,8699788204,2624259274,17375740726,21863782426,9984383447,15616553,16363451,108675907778,20250975700,108964,2890693862,3679300,179360254600,25816369,8704460319,8681280212,3962380,32120136600,996037620,999999194,806,8114,999507702,492298,11575037598,2889054800,6460,2893771900,999991946,8054,999930414,69586,2893757386,1000,1000,1000,1000,1000,1000,1000,108676576150,20251416600,755,2890684045,3562000,179364909200,21210364,8700090114,8681196425,3969311,32121134400,996030689,999988646,11354,4735,999495410,504590,11574924290,2889682700,5,2893740700,999987170,12830,999929235,70765,2893727865,1000,1000,1000,1000,1000,1000,1000,108676026916,20251351600,108797,2890277524,4171100,179363516800,15953590,8694754440,8681468438,3912506,32120589600,996087494,999986877,13123,75971,999490333,509667,11575290767,2889070700,6380,2893830160,999998549,1451,999927571,72429,2893822329,1000,1000,1000,1000,1000,1000,1000
437000,94060,619609,4360000000,26160000000,10000,60000,9887268760104,84837917,118949720,10537,4359905940,2000,61799,2084697,8719790806,2624262321,17375737679,21863772079,9984374803,15625197,16401909,108695858324,20297597800,108531,2896903734,4151700,179773178000,25931823,8724555723,8701289508,3912367,32193281400,996087633,999985452,14548,91985,999487977,512023,11601716823,2895693000,2,2900434880,999992437,7563,999922685,77315,2900427315,1000,1000,1000,1000,1000,1000,1000,108696395078,20297954500,109071,2897107001,3908400,179777107400,21296243,8720121143,8701147453,3962308,32194194600,996037692,999998791,1209,15583,999483630,516370,11601529670,2896331800,6941,2900389960,999999198,802,999922483,77517,2900382217,1000,1000,1000,1000,1000,1000,1000,108695983290,20297901100,108675,2897377049,3726800,179775847000,15888926,8714641726,8701415469,3946993,32193852600,996053007,999992048,7952,12655,999484186,515814,11601887014,2895738900,6981,2900479360,999999166,834,999923955,76045,2900471545,1000,1000,1000,1000,1000,1000,1000
438000,95230,636424,4370000000,26220000000,10000,60000,9887031608482,82557544,116706571,2221,4369904770,2000,47,2100329,8739805098,2624443226,17375556774,21863628274,9984391271,15608729,16439969,108715948576,20344208800,388,2903812283,3784700,180186022400,25406194,8744006494,8721263903,3993994,32266618200,996006006,999998982,1018,13288,999498885,501115,11628348115,2902345400,1,2907095480,999988733,11267,999923988,76012,2907084212,1000,1000,1000,1000,1000,1000,1000,108716369541,20344548500,109417,2903690979,3985300,180189797000,22459996,8741253746,8721110248,3986460,32267397900,996013540,999998746,1254,19686,999476438,523562,11628146762,2903003300,6080,2907043300,999999294,706,999924486,75514,2907036514,1000,1000,1000,1000,1000,1000,1000,108715952545,20344437700,109202,2904131554,3611300,180188048200,15404989,8734103289,8721343481,3901866,32267013600,996098134,999999415,585,10349,999492368,507632,11628455432,2902407700,6441,2907126020,999992372,7628,999929149,70851,2907111951,1000,1000,1000,1000,1000,1000,1000
439000,93570,631110,4380000000,26280000000,10000,60000,9886787780947,86935242,121147491,1250,4379906430,2000,4997,2105889,8759810360,2624589489,17375410511,21863471211,9984371751,15628249,16478111,108735839116,20390743200,361,2910268339,4021600,180598113600,25949639,8764488839,8741240757,3882929,32339655000,996117071,999990888,9112,81559,999457902,542098,11654987398,2908968300,5,2913747480,999999166,834,999918159,81841,2913746641,1000,1000,1000,1000,1000,1000,1000,108736444624,20391128900,380,2910236772,3976100,180602389800,22264752,8761023002,8741073960,3927278,32340595800,996072722,999987546,12454,69468,999479808,520192,11654764792,2909659500,4,2913692300,999998536,1464,999921568,78432,2913690832,1000,1000,1000,1000,1000,1000,1000,108736070437,20391087500,399,2910284421,4002900,180601215800,15162002,8753852052,8741326754,3875926,32340223800,996124074,999998838,1162,79412,999499658,500342,11655096842,2909076200,2,2913786580,999983510,16490,999937312,62688,2913770088,1000,1000,1000,1000,1000,1000,1000
440000,94650,626788,4390000000,26340000000,10000,60000,9886552254129,82986933,117199391,1171,4389905350,2000,62958,2100000,8779808358,2624664362,17375335638,21863385938,9984404240,15595760,16516698,108755893893,20437462000,350,2917201944,3721600,181011910400,26248867,8784810517,8761242355,4017251,32413147800,995982749,999992032,7968,7581,999499126,500874,11681652374,2915633100,3,2920422320,999987702,12298,999928681,71319,2920410019,1000,1000,1000,1000,1000,1000,1000,108756298022,20437595100,109108,2916739356,4195700,181013984600,21739028,8780413678,8760957118,3856548,32413584900,996143452,999994058,5942,75210,999502392,497608,11681271508,2916329600,2,2920328340,999986052,13948,999931410,68590,2920314390,1000,1000,1000,1000,1000,1000,1000,108756008564,20437646000,382,2917106333,3857700,181013608800,15441259,8774086059,8761295433,3889034,32413419900,996110966,999995816,4184,85982,999477349,522651,11681722651,2915733200,3,2920441000,999986221,13779,999929182,70818,2920427218,1000,1000,1000,1000,1000,1000,1000
441000,97060,631612,4400000000,26400000000,10000,60000,9886312007165,83736863,117955680,11069,4399902940,2000,63177,2085375,8799783742,2624718928,17375281072,21863391472,9984421525,15578475,16554967,108775864836,20484050200,755,2923942743,3644600,181424572400,25370478,8803899978,8781202845,3971624,32486382300,996028376,999993721,6279,4297,999486652,513348,11708267648,2922313500,1,2927073240,999991564,8436,999926397,73603,2927064803,1000,1000,1000,1000,1000,1000,1000,108776306316,20484089900,367,2923457621,4039600,181425817400,21934126,8800536476,8780900695,3866640,32486686800,996133360,999987001,12999,66261,999471166,528834,11707867034,2922981300,3,2926968020,999998322,1678,999918861,81139,2926966339,1000,1000,1000,1000,1000,1000,1000,108775832499,20484244300,109505,2923820781,3926900,181426287800,16256307,8794868757,8781291404,3873249,32486612700,996126751,999998117,1883,86368,999463964,536036,11708386036,2922355500,0,2927102140,999992492,7508,999924768,75232,2927094632,1000,1000,1000,1000,1000,1000,1000
442000,96550,637314,4410000000,26460000000,10000,60000,9886072535037,83746975,118000125,1274,4409903450,2000,479,2106898,8819804352,2624864812,17375135188,21863186588,9984446682,15553318,16592934,108795804689,20530573600,757,2930394691,3809800,181836613600,26643567,8825110217,8801131396,3937206,32559447900,996062794,999998888,1112,12882,999515186,484814,11734841014,2928936800,6760,2933718920,999997458,2542,999930682,69318,2933709618,1000,1000,1000,1000,1000,1000,1000,108796247497,20530800800,108604,2930146883,4086000,181839534400,21624167,8820244967,8800887726,3929437,32560076400,996070563,999998604,1396,82367,999512241,487759,11734516559,2929653600,6460,2933636520,999998773,1227,999930367,69633,2933628833,1000,1000,1000,1000,1000,1000,1000,108795969206,20530846000,733,2930240553,4024400,181839121600,15417673,8814007023,8801222253,3902157,32559855000,996097843,999999770,230,81813,999484860,515140,11734958840,2929067700,1,2933749080,999987508,12492,999930713,69287,2933736587,1000,1000,1000,1000,1000,1000,1000
443000,95620,628569,4420000000,26520000000,10000,60000,9885832319227,84505135,118818093,1254,4419904380,2000,5124,2095806,8839806252,2624866662,17375133338,21863162038,9984413994,15586006,16631146,108815617840,20577106200,109168,2936771558,4210300,182248734000,27739620,8846147220,8821090486,3947266,32632467600,996052734,999987902,12098,76636,999498850,501150,11761453550,2935571800,7182,2940371540,999998706,1294,999927936,72064,2940363064,1000,1000,1000,1000,1000,1000,1000,108816183496,20577354200,108580,2937181444,3723700,182251829200,21653297,8840223347,8820855876,3952911,32633303100,996047089,999999303,697,22392,999499616,500384,11761138884,2936287500,6320,2940296180,999993148,6852,999931092,68908,2940283008,1000,1000,1000,1000,1000,1000,1000,108815973078,20577494000,379,2936966981,3943600,182252302400,14413590,8832995740,8821206141,3947881,32633195700,996052119,999993400,6600,4819,999501378,498622,11761603422,2935729800,1,2940411580,999985702,14298,999932419,67581,2940397281,1000,1000,1000,1000,1000,1000,1000
444000,95200,640054,4430000000,26580000000,10000,60000,9885591510348,85821044,120154502,10288,4429904800,2000,87,2090334,8859789024,2624955292,17375044708,21863129008,9984426346,15573654,16669470,108835715385,20623753400,724,2943731735,3799700,182661885200,26820121,8865218771,8841083754,3983858,32705860500,996016142,999986661,13339,19003,999505049,494951,11788111151,2942225000,6800,2947035760,999998437,1563,999928703,71297,2947027397,1000,1000,1000,1000,1000,1000,1000,108836142940,20623887100,109230,2943983537,3555900,182664027000,21953086,8860468886,8840787397,3962481,32706480300,996037519,999999771,229,9790,999510293,489707,11787714207,2942951600,6723,2946940500,999993033,6967,999928690,71310,2946926810,1000,1000,1000,1000,1000,1000,1000,108835764286,20623956200,109230,2943987714,3684800,182663826800,15177552,8853672202,8841124496,3905489,32706256200,996094511,999999161,839,20672,999489676,510324,11788163424,2942369300,6320,2947052960,999992288,7712,999927972,72028,2947038928,1000,1000,1000,1000,1000,1000,1000
445000,97220,626274,4440000000,26640000000,10000,60000,9885352400752,85436650,119805045,10326,4439902780,2000,528,2080587,8879784908,2625036902,17374963098,21863071298,9984419833,15580167,16707641,108855533706,20670294000,108904,2950402074,3899400,183074111200,26961874,8885307074,8861050160,3856807,32778966300,996143193,999987677,12323,75770,999497610,502390,11814733090,2948856100,5880,2953690180,999998630,1370,999920670,79330,2953682930,1000,1000,1000,1000,1000,1000,1000,108856189727,20670476700,778,2950413833,3690400,183076604600,22346406,8880824606,8860767790,3952536,32779637400,996047464,999999271,729,16435,999492845,507155,11814356755,2949586500,6440,2953596300,999999105,895,999931335,68665,2953588965,1000,1000,1000,1000,1000,1000,1000,108855826273,20670574400,378,2950189726,4084100,183076750400,14766418,8873241518,8861126565,3868243,32779424400,996131757,999981960,18040,90917,999436752,563248,11814834748,2949054500,1,2953710200,999997984,2016,999916017,83983,2953708183,1000,1000,1000,1000,1000,1000,1000
446000,94160,624650,4450000000,26700000000,10000,60000,9885114121390,84240960,118624871,10341,4449905840,2000,61904,2087913,8899790998,2625030150,17374969850,21862997750,9984450067,15549933,16746065,108875455068,20716814600,108965,2957405792,3557700,183486118000,27794558,8906075108,8881007858,3960981,32852140200,996039019,999998392,1608,5611,999487953,512047,11841340547,2955479100,0,2960342480,999990209,9791,999920811,79189,2960332689,1000,1000,1000,1000,1000,1000,1000,108876150990,20716996600,369,2957016967,3751100,183488731600,22370129,8900791279,8880697871,3908610,32852763600,996091390,999989763,10237,6053,999468882,531118,11840928518,2956290600,3,2960236580,999994070,5930,999923653,76347,2960230647,1000,1000,1000,1000,1000,1000,1000,108875873756,20717254400,743,2957233363,3665300,183490222400,13964959,8892447059,8881105093,4062476,32852888700,995937524,999992309,7691,8833,999480040,519960,11841468660,2955725300,1,2960377960,999985608,14392,999926633,73367,2960363567,1000,1000,1000,1000,1000,1000,1000
447000,94320,637426,4460000000,26760000000,10000,60000,9884874695183,84206690,118639195,2072,4459905680,2000,5778,2101289,8919807216,2625245973,17374754027,21862854327,9984453071,15546929,16784287,108895399636,20763353900,109157,2963572901,4023800,183898251000,28425832,8926647282,8900943695,3876427,32925140400,996123573,999998058,1942,80831,999506136,493864,11867922064,2962103700,6723,2966993680,999991412,8588,999932631,67369,2966978369,1000,1000,1000,1000,1000,1000,1000,108896128202,20763570600,383,2963298537,4099900,183901250800,20447029,8918828879,8900649729,3856574,32925869100,996143426,999993269,6731,85295,999494266,505734,11867528434,2962934100,1,2966892320,999986386,13614,999928195,71805,2966878705,1000,1000,1000,1000,1000,1000,1000,108895808752,20763952400,108882,2963654627,4000900,183903893600,15381335,8913880635,8901090283,3921672,32926214700,996078328,999998850,1150,69078,999488995,511005,11868117605,2962438200,1,2967035640,999991683,8317,999926478,73522,2967027322,1000,1000,1000,1000,1000,1000,1000
448000,94060,623647,4470000000,26820000000,10000,60000,9884636255125,83142108,117630097,10430,4469905940,2000,5719,2081669,8939791020,2625217533,17374782467,21862864267,9984416331,15583669,16822651,108915354061,20809983400,108660,2970554559,3721700,184311229200,28726515,8946930415,8920950026,4002364,32998479600,995997636,999999471,529,7207,999491581,508419,11894598719,2968741900,6540,2973659180,999996053,3947,999926907,73093,2973648693,1000,1000,1000,1000,1000,1000,1000,108916052454,20810194300,697,2970006066,4088600,184314163800,19461038,8937821988,8920670726,3920899,32999121300,996079101,999989616,10384,77717,999463591,536409,11894227309,2969558600,0,2973557560,999999023,977,999915817,84183,2973556583,1000,1000,1000,1000,1000,1000,1000,108915706968,20810390800,109153,2970634851,3670000,184315214400,16216181,8934618231,8920995945,3882050,32999269200,996117950,999998157,1843,15207,999474262,525738,11894658938,2969084200,1,2973669960,999993034,6966,999923707,76293,2973662993,1000,1000,1000,1000,1000,1000,1000
449000,94640,627313,4480000000,26880000000,10000,60000,9884396023559,83908240,118424988,1315,4479905360,2000,5276,2103358,8959808090,2625296499,17374703501,21862689101,9984447242,15552758,16860632,108935342210,20856585800,109006,2977226848,3690000,184724022000,28685469,8966863619,8940907054,3992141,33071726400,996007859,999998013,1987,20972,999501618,498382,11921209082,2975416100,6462,2980309460,999999030,970,999927472,72528,2980302028,1000,1000,1000,1000,1000,1000,1000,108936042870,20856761800,383,2976832750,3891400,184726631600,19116969,8957436219,8940598258,3918680,33072346200,996081320,999981931,18069,70651,999483793,516207,11920797007,2976234400,6800,2980207560,999997989,2011,999924551,75449,2980198749,1000,1000,1000,1000,1000,1000,1000,108935704376,20856983600,109679,2976973304,3955700,184727907200,16696323,8955067573,8940939630,3909722,33072422700,996090278,999999407,593,81585,999507755,492245,11921249445,2975744200,7080,2980327080,999989815,10185,999931285,68715,2980309815,1000,1000,1000,1000,1000,1000,1000
450000,94680,629848,4490000000,26940000000,10000,60000,9884157110541,83339510,117921454,10601,4489905320,2000,63007,2093406,8979789438,2625334251,17374665749,21862721749,9984410034,15589966,16898572,108955348664,20903183000,108974,2983965214,3584000,185136784400,28227387,8986378537,8960864246,3997060,33144992700,996002940,999999106,894,4146,999526900,473100,11947812800,2982081900,2,2986967140,999981416,18584,999932146,67854,2986948554,1000,1000,1000,1000,1000,1000,1000,108955986730,20903309400,748,2983729489,3632700,185138878800,20152180,8978418430,8960552907,3953970,33145543200,996046030,999991296,8704,20026,999494119,505881,11947401581,2982859900,1,2986855560,999993115,6885,999928226,71774,2986848674,1000,1000,1000,1000,1000,1000,1000,108955721427,20903513200,730,2983488373,3984900,185139998400,16199428,8974510178,8960901702,3876012,33145523100,996123988,999997831,2169,81019,999502217,497783,11947868483,2982359100,6620,2986974760,999998641,1359,999924919,75081,2986966781,1000,1000,1000,1000,1000,1000,1000
451000,96520,628066,4500000000,27000000000,10000,60000,9883913296732,87676900,122309107,1347,4499903480,2000,94,2096741,8999804266,2625375032,17374624968,21862643668,9984401339,15598661,16936805,108975310920,20949861700,108533,2990653018,3592700,185550165800,27790915,9005943565,8980888116,4014508,33218318700,995985492,999998659,1341,12251,999499435,500565,11974517065,2988732400,6402,2993636620,999998731,1269,999927451,72549,2993628949,1000,1000,1000,1000,1000,1000,1000,108975880199,20949796400,713,2989890859,4141000,185550569600,20833193,8999019243,8980499570,3829899,33218458800,996170101,999997403,2597,91404,999473634,526366,11973996966,2989477200,2,2993504780,999992618,7382,999926904,73096,2993497396,1000,1000,1000,1000,1000,1000,1000,108975715832,20950116200,750,2990547606,3603200,185552779600,16124832,8994409032,8980864530,4017022,33218853600,995982978,999991716,8284,3994,999479264,520736,11974482136,2989059200,2,2993629320,999988288,11712,999930194,69806,2993617606,1000,1000,1000,1000,1000,1000,1000
452000,96620,634810,4510000000,27060000000,10000,60000,9883678978441,82512919,117235325,2142,4509903380,2000,5115,2106130,9019802476,2625398560,17374601440,21862751440,9984358850,15641150,16975126,108995350735,20996363200,361,2996784345,3983100,185961984800,28332214,9026410864,9000821876,3821206,33291283500,996178794,999999638,362,79732,999516656,483344,12001090944,2995343800,0,3000283740,999985328,14672,999936832,63168,3000269068,1000,1000,1000,1000,1000,1000,1000,108995756507,20996356800,108890,2996592129,4157000,185962988800,20446479,9018588679,9000434118,3886880,33291633300,996113120,999999479,521,90899,999513881,486119,12000574119,2996124000,4,3000154120,999985885,14115,999932399,67601,3000140001,1000,1000,1000,1000,1000,1000,1000,108995692669,20996717500,774,2997060951,3726700,185965565400,16102382,9014360532,9000825598,3950721,33292067700,996049279,999998702,1298,18381,999496483,503517,12001100217,2995718400,7000,3000283360,999998259,1741,999926581,73419,3000274619,1000,1000,1000,1000,1000,1000,1000
453000,92870,630363,4520000000,27120000000,10000,60000,9883437759141,84257586,118950212,10823,4519907130,2000,101,2096612,9039792614,2625453627,17374546373,21862640073,9984417548,15582452,17013562,109015197562,21042950600,109282,3003840338,3714800,186374659600,29349864,9047397264,9020793104,3978997,33364575000,996021003,999995045,4955,5348,999487944,512056,12027722756,3002028300,0,3006933800,999995852,4148,999926148,73852,3006929652,1000,1000,1000,1000,1000,1000,1000,109015811953,21042921000,416,3003707180,3614200,186375426800,20827517,9038926567,9020399767,3967241,33364932300,996032759,999998764,1236,18123,999487656,512344,12027195344,3002792200,7,3006808620,999986964,13036,999927323,72677,3006795577,1000,1000,1000,1000,1000,1000,1000,109015531729,21043293100,109173,3003814110,3768000,186378077400,14827505,9033045705,9020804351,3918744,33365245500,996081256,999997878,2122,9534,999467083,532917,12027736517,3002376100,1,3006940020,999992147,7853,999924534,75466,3006932166,1000,1000,1000,1000,1000,1000,1000
454000,96430,617031,4530000000,27180000000,10000,60000,9883198878634,83671569,118344230,10887,4529903570,2000,5545,2085195,9059785366,2625624503,17374375497,21862417197,9984464645,15535355,17052111,109035228789,21089398000,368,3010492829,3594600,186786108800,28972350,9066929400,9040687100,3939248,33437607900,996060752,999998267,1733,9319,999482719,517281,12054249081,3008698400,6642,3013569780,999998843,1157,999921919,78081,3013561981,1000,1000,1000,1000,1000,1000,1000,109035719824,21089620600,109553,3010370890,3717500,186789026800,21241772,9059353372,9040408936,3955146,33438289800,996044854,999998705,1295,10959,999500223,499777,12053873877,3009451700,6,3013479060,999985887,14113,999932459,67541,3013464941,1000,1000,1000,1000,1000,1000,1000,109035681767,21089943400,726,3010193071,3890500,186791289200,14882002,9053094652,9040761756,3958829,33438525600,996041171,999999060,940,80831,999516375,483625,12054343025,3009047800,2,3013599220,999982051,17949,999936831,63169,3013581269,1000,1000,1000,1000,1000,1000,1000
455000,93770,619670,4540000000,27240000000,10000,60000,9882956452412,86621661,121339403,10121,4539906230,2000,5550,2090324,9079792218,2625706873,17374293127,21862302327,9984463456,15536544,17090874,109055220035,21135988500,360,3017053285,3647700,187198749000,28383316,9086306566,9060635170,3954196,33510807300,996045804,999994961,5039,3765,999523095,476905,12080844205,3015337200,6620,3020223720,999991935,8065,999932965,67035,3020209035,1000,1000,1000,1000,1000,1000,1000,109055819690,21136195600,694,3016642108,3964400,187201595200,22221730,9080296980,9060334662,3969182,33511434000,996030818,999999010,990,79828,999515166,484834,12080445034,3016145200,7062,3020120980,999996454,3546,999934728,65272,3020110372,1000,1000,1000,1000,1000,1000,1000,109055506489,21136569100,109449,3016791749,4101100,187204224600,14578334,9072771234,9060780226,3884537,33511736100,996115463,999992983,7017,86246,999482920,517080,12081037180,3015682400,2,3020266320,999990636,9364,999926346,73654,3020256954,1000,1000,1000,1000,1000,1000,1000
456000,93850,632328,4550000000,27300000000,10000,60000,9882720863054,82738284,117555088,2227,4549906150,2000,5213,2111258,9099807846,2625734938,17374265062,21862349862,9984423562,15576438,17129108,109075073615,21182588500,108600,3023820524,3673500,187611513800,29168062,9107064112,9080611709,3970252,33584034900,996029748,999998757,1243,17105,999492096,507904,12107482004,3022021600,6401,3026877520,999999176,824,999926105,73895,3026870295,1000,1000,1000,1000,1000,1000,1000,109075696035,21182691000,393,3023420324,3884000,187613392400,20951056,9098951706,9080308227,3862147,33584508000,996137853,999981723,18277,61576,999467049,532951,12107076851,3022767700,1,3026770980,999997645,2355,999921076,78924,3026768624,1000,1000,1000,1000,1000,1000,1000,109075551785,21183120900,318,3023387472,4049500,187616514600,15204591,9093346641,9080740975,3895406,33584889000,996104594,999999107,893,88301,999482326,517674,12107651974,3022313000,3,3026918980,999992022,7978,999925801,74199,3026910999,1000,1000,1000,1000,1000,1000,1000
457000,95600,633352,4560000000,27360000000,10000,60000,9882479992719,84126004,118934739,10215,4559904400,2000,103,2088265,9119788370,2625776923,17374223077,21862294377,9984446915,15553085,17167385,109095014716,21229151800,109164,3030338642,3822700,188023928400,28919680,9126771230,9100587258,3960643,33657172800,996039357,999999003,997,22760,999481602,518398,12134113998,3028658800,2,3033533780,999992962,7038,999921960,78040,3033526740,1000,1000,1000,1000,1000,1000,1000,109095548671,21229193500,109543,3030143207,3884400,188025272600,21390855,9119321205,9100217862,3819606,33657583200,996180394,999990344,9656,74238,999497476,502524,12133619024,3029411400,2,3033415540,999985624,14376,999931638,68362,3033401162,1000,1000,1000,1000,1000,1000,1000,109095447103,21229804200,108958,3030381297,3840200,188030017200,15123560,9113274110,9100747426,4015074,33658313100,995984926,999985161,14839,10887,999470861,529139,12134329439,3028997700,0,3033583400,999998613,1387,999921087,78913,3033582013,1000,1000,1000,1000,1000,1000,1000
458000,94540,628554,4570000000,27420000000,10000,60000,9882238587651,86084439,120972036,1227,4569905460,2000,63132,2109331,9139808466,2625895890,17374104110,21862187710,9984427509,15572491,17205775,109115036140,21275780600,109712,3036811116,3982800,188436954000,29471559,9147308609,9120547608,3893985,33730414500,996106015,999999569,431,83284,999510576,489424,12160724024,3035333000,4,3040194780,999981640,18360,999930084,69916,3040176416,1000,1000,1000,1000,1000,1000,1000,109115589433,21275725500,331,3036565223,3999600,188437419000,21101691,9138974691,9120164500,3870378,33730681500,996129622,999998766,1234,82488,999495188,504812,12160216912,3036054400,4,3040059680,999992736,7264,999927088,72912,3040052412,1000,1000,1000,1000,1000,1000,1000,109115506613,21276366600,369,3037057685,3712600,188442423600,14919364,9133025014,9120709110,3975603,33731507400,996024397,999998097,1903,7094,999468984,531016,12160944216,3035642800,2,3040238900,999996208,3792,999920194,79806,3040235106,1000,1000,1000,1000,1000,1000,1000
459000,94360,639903,4580000000,27480000000,10000,60000,9881999211686,85992501,120893809,1284,4579905640,2000,5939,2107496,9159808712,2625971987,17374028013,21862062813,9984450084,15549916,17243896,109135146894,21322406400,356,3043569204,3760000,188849952000,28155971,9165977171,9140509598,3954060,33803751600,996045940,999999110,890,17950,999516652,483348,12187341648,3042020100,2,3046845500,999986552,13448,999931950,68050,3046832050,1000,1000,1000,1000,1000,1000,1000,109135526259,21322241500,391,3043184640,4030200,188849453400,20119596,9157930246,9140096459,3882615,33803784300,996117385,999991565,8435,81950,999491391,508609,12186795009,3042714700,6481,3046705840,999999191,809,999921650,78350,3046698550,1000,1000,1000,1000,1000,1000,1000,109135494279,21323010000,723,3043597221,3822000,188855484800,17355191,9155446741,9140692252,4006285,33804758700,995993715,999998519,1481,11534,999487482,512518,12187588618,3042280100,6460,3046905980,999996846,3154,999930534,69466,3046896366,1000,1000,1000,1000,1000,1000,1000
460000,97290,631236,4590000000,27540000000,10000,60000,9881760727673,84957867,119952594,2181,4589902710,2000,5826,2094069,9179801058,2625928340,17374071660,21862171760,9984381591,15618409,17282249,109155122335,21369039600,737,3049951742,4052700,189262940000,27991863,9185795663,9160503789,3915983,33876943200,996084017,999999507,493,84124,999509735,490265,12213998965,3048666900,3,3053513440,999981739,18261,999936824,63176,3053495176,1000,1000,1000,1000,1000,1000,1000,109155363012,21368780800,109726,3050252388,3731000,189261664800,20216360,9177972810,9160042128,3932552,33876992400,996067448,999984098,15902,17346,999480418,519582,12213389182,3049375400,6060,3053354080,999999034,966,999920846,79154,3053347054,1000,1000,1000,1000,1000,1000,1000,109155272620,21369498700,108533,3050108420,4057400,189267213400,17580965,9175594465,9160648318,3858428,33877740600,996141572,999998779,1221,73851,999499933,500067,12214197267,3048858100,6800,3053557220,999998529,1471,999922751,77249,3053548949,1000,1000,1000,1000,1000,1000,1000
461000,95250,647844,4600000000,27600000000,10000,60000,9881520721822,85499968,120554481,1152,4599904750,2000,5990,2110717,9199807196,2625975090,17374024910,21862137710,9984376863,15623137,17320659,109175105440,21415649500,729,3056607017,4034200,189675778200,28635078,9206415028,9180464211,3887718,33950194800,996112282,999999841,159,80823,999527112,472888,12240615788,3055327400,6543,3060167600,999990520,9480,999938023,61977,3060151577,1000,1000,1000,1000,1000,1000,1000,109175280595,21415322400,109732,3056730860,3914200,189673864800,20490501,9198191751,9180014857,3891743,33950071800,996108257,999998652,1348,67809,999470752,529248,12240019248,3055992600,5,3060006080,999998316,1684,999915509,84491,3060004391,1000,1000,1000,1000,1000,1000,1000,109175356902,21416037600,663,3056756975,3952900,189679431200,16779637,9194739387,9180577427,3875908,33950900100,996124092,999999863,137,81555,999492928,507072,12240765072,3055543400,3,3060202140,999985508,14492,999930455,69545,3060187645,1000,1000,1000,1000,1000,1000,1000
462000,95680,623115,4610000000,27660000000,10000,60000,9881278926385,87789855,122812856,2152,4609904320,2000,43,2099365,9219804336,2626096240,17373903760,21861915360,9984435495,15564505,17359131,109195120925,21462359200,339,3063257535,4057900,190089497600,28213125,9226011825,9200489784,3962701,34023592800,996037299,999999489,511,79188,999529404,470596,12267315496,3061990700,6140,3066844500,999987352,12648,999936088,63912,3066825712,1000,1000,1000,1000,1000,1000,1000,109195413970,21461899700,711,3063193450,3952300,190086434600,20267752,9217932452,9199931106,3873537,34023267600,996126463,999994664,5336,83927,999508921,491079,12266569679,3062680500,0,3066653960,999984613,15387,999931727,68273,3066638573,1000,1000,1000,1000,1000,1000,1000,109195303280,21462587000,702,3063654920,3703600,190091760400,17520915,9215432565,9200520432,3963158,34024123500,996036842,999996952,3048,16994,999489562,510438,12267360538,3062209500,7160,3066847380,999999886,114,999923594,76406,3066840106,1000,1000,1000,1000,1000,1000,1000
463000,95910,614534,4620000000,27720000000,10000,60000,9881042350353,84909750,119940308,1353,4619904090,2000,474,2106784,9239805474,2626204503,17373795497,21861830997,9984473696,15526304,17397470,109214927558,21508893600,108493,3070313020,3770300,190501637600,28414025,9246154675,9220452664,3976222,34096778400,996023778,999998539,1461,19417,999520553,479447,12293934747,3068613700,6882,3073495380,999993585,6415,999930217,69783,3073482083,1000,1000,1000,1000,1000,1000,1000,109215300853,21508496500,108327,3069893687,3995500,190499190600,20903738,9238541088,9219878780,3925702,34096498800,996074298,999998762,1238,81460,999527180,472820,12293167620,3069358100,6940,3073308040,999987740,12260,999932960,67040,3073288840,1000,1000,1000,1000,1000,1000,1000,109215177901,21509187100,109719,3070145898,3997100,190504555800,16802879,9234689229,9220488519,3878713,34097303100,996121287,999981153,18847,61440,999464521,535479,12293983879,3068909900,1,3073497800,999997561,2439,999919040,80960,3073495360,1000,1000,1000,1000,1000,1000,1000
464000,94660,618407,4630000000,27780000000,10000,60000,9880802926818,84822801,119837807,11480,4629905340,2000,58,2087386,9259787720,2626339619,17373660381,21861719781,9984507934,15492066,17435554,109235037154,21555597500,717,3076762924,3907200,190915259000,27344837,9265098837,9240483924,4003974,34170130800,995996026,999992031,7969,3757,999500433,499567,12320640967,3075277100,2,3080169840,999987205,12795,999932457,67543,3080157043,1000,1000,1000,1000,1000,1000,1000,109235342861,21555020000,392,3076555819,3867200,190911276800,20523516,9258100816,9239813798,3842561,34169642100,996157439,999988112,11888,69251,999522653,477347,12319751247,3076015300,6380,3079945280,999998549,1451,999927951,72049,3079937449,1000,1000,1000,1000,1000,1000,1000,109235263370,21555755300,369,3076896650,3776400,190917005800,18338432,9256181882,9240432434,3983325,34170532200,996016675,999998738,1262,16613,999476979,523021,12320573821,3075567700,0,3080149660,999991727,8273,999927013,72987,3080141387,1000,1000,1000,1000,1000,1000,1000
465000,96010,619269,4640000000,27840000000,10000,60000,9880565490203,82796249,117917281,2146,4639903990,2000,5713,2094644,9279803688,2626440052,17373559948,21861667448,9984447476,15552524,17473864,109254966326,21602115800,364,3083693073,3619800,191327295600,26860986,9284552486,9260431439,3973801,34243290600,996026199,999998831,1169,20230,999507391,492609,12347237209,3081905600,1,3086819900,999985871,14129,999927030,72970,3086805770,1000,1000,1000,1000,1000,1000,1000,109255315214,21601659900,389,3083273846,3845700,191324368600,20545846,9278111396,9259819838,3975502,34242947100,996024498,999996203,3797,9101,999496063,503937,12346425337,3082680900,6380,3086615220,999996659,3341,999923301,76699,3086605499,1000,1000,1000,1000,1000,1000,1000,109255103617,21602278900,109681,3083817403,3581400,191329049000,18930436,9276711136,9260359128,3891242,34243673700,996108758,999993408,6592,11066,999510938,489062,12347142162,3082190800,7000,3086800060,999989974,10026,999934466,65534,3086783034,1000,1000,1000,1000,1000,1000,1000
466000,95740,650085,4650000000,27900000000,10000,60000,9880325380054,83393690,118476068,2092,4649904260,2000,460,2103942,9299804336,2626483044,17373516956,21861537256,9984533678,15466322,17512114,109274871880,21648802800,108856,3089966319,4115400,191740797600,27400917,9305100417,9280432675,3924636,34316539800,996075364,999998848,1152,87312,999513637,486363,12373905763,3088575800,1,3093486500,999986589,13411,999930712,69288,3093473088,1000,1000,1000,1000,1000,1000,1000,109275179318,21648137200,108785,3090108300,3729800,191736060000,19977701,9297464301,9279699556,3919892,34316020800,996080108,999999393,607,13501,999512845,487155,12372928255,3089368100,2,3093242160,999986541,13459,999935301,64699,3093228699,1000,1000,1000,1000,1000,1000,1000,109275214173,21648930600,717,3090233263,3731800,191742290000,19007937,9296784737,9280352756,4020273,34316967600,995979727,999999303,697,11630,999495274,504726,12373799326,3088882000,4,3093459620,999986954,13046,999930430,69570,3093446570,1000,1000,1000,1000,1000,1000,1000
467000,95970,631712,4660000000,27960000000,10000,60000,9880085618214,83635646,118765904,9658,4659904030,2000,37,2093514,9319788744,2626345860,17373654140,21861647840,9984513986,15486014,17550730,109294875322,21695412000,109928,3096758918,3973000,192153658400,27751861,9325429011,9300382760,3940325,34389827100,996059675,999998775,1225,80350,999520790,479210,12400506110,3095269700,6720,3100142780,999987290,12710,999934350,65650,3100123350,1000,1000,1000,1000,1000,1000,1000,109295078832,21694617500,108907,3096559447,3915800,192147695000,19298346,9316702096,9299633713,3919282,34388993100,996080718,999999595,405,80113,999526700,473300,12399507300,3095963500,6501,3099893040,999987048,12952,999936413,63587,3099873587,1000,1000,1000,1000,1000,1000,1000,109295025636,21695460100,108949,3097088784,3639500,192154410600,19518994,9317237144,9300303450,3954676,34390101900,996045324,999987971,12029,17895,999489345,510655,12400404355,3095518800,7040,3100108680,999999265,735,999922895,77105,3100100905,1000,1000,1000,1000,1000,1000,1000
468000,95770,631125,4670000000,28020000000,10000,60000,9879846454294,83299590,118474974,10721,4669904230,2000,57012,2085766,9339787018,2626495184,17373504816,21861591716,9984499674,15500326,17589292,109314955428,21742041000,326,3103352529,3950400,192566634000,27339660,9344999160,9320377541,3924733,34463096700,996075267,999999251,749,80018,999498777,501223,12427165623,3101932600,3,3106801380,999986705,13295,999933918,66082,3106788082,1000,1000,1000,1000,1000,1000,1000,109314979709,21741083000,109189,3103222529,3910300,192559249200,19627324,9336945024,9319562286,3815946,34462011600,996184054,999993712,6288,79466,999506980,493020,12426078120,3102602700,2,3106530620,999985216,14784,999931766,68234,3106515834,1000,1000,1000,1000,1000,1000,1000,109314990149,21742131100,109386,3103654470,3776500,192567726200,19651179,9337367679,9320336269,3981486,34463394600,996018514,999985531,14469,9945,999458376,541624,12427114424,3102162100,1,3106779960,999998196,1804,999919945,80055,3106778155,1000,1000,1000,1000,1000,1000,1000
469000,93730,640711,4680000000,28080000000,10000,60000,9879604207024,86109661,121419020,1267,4679906270,2000,64236,2107853,9359810006,2626498185,17373501815,21861530415,9984425927,15574073,17627433,109334949880,21788750400,371,3110257857,3701600,192980307200,27263211,9364938611,9340415483,4044166,34536545400,995955834,999991683,8317,13817,999522034,477966,12453882666,3108546500,3,3113481120,999986066,13934,999932417,67583,3113467183,1000,1000,1000,1000,1000,1000,1000,109335028221,21787615200,372,3109853759,3809900,192971386400,20541298,9357801048,9339498418,3922407,34535163300,996077593,999999538,462,21831,999513313,486687,12452662387,3109248100,6120,3113176600,999993489,6511,999931731,68269,3113163969,1000,1000,1000,1000,1000,1000,1000,109335055630,21788618800,676,3109901730,4021000,192979503200,18913794,9356555394,9340229456,3888158,34536397800,996111842,999998060,1940,70302,999494946,505054,12453638754,3108813900,6140,3113417000,999998438,1562,999926302,73698,3113409298,1000,1000,1000,1000,1000,1000,1000
470000,94720,635175,4690000000,28140000000,10000,60000,9879365922473,84887329,120160506,10752,4689905280,2000,5215,2079221,9379789056,2626596002,17373403998,21861482798,9984472019,15527981,17665975,109354884796,21835317200,645,3116524364,4120000,193392744800,27195899,9384827799,9360380686,3865949,34609617300,996134051,999989196,10804,91447,999490561,509439,12480507139,3115212700,6500,3120134280,999998673,1327,999926947,73053,3120126453,1000,1000,1000,1000,1000,1000,1000,109354883508,21834268600,109820,3116789231,3699400,193384574000,21708846,9378961146,9359520567,4009881,34608488100,995990119,999998757,1243,12676,999466909,533091,12479357991,3115915700,1,3119845720,999991705,8295,999926576,73424,3119837424,1000,1000,1000,1000,1000,1000,1000,109354897390,21835117100,109465,3117067350,3595400,193391395000,17998115,9375570665,9360149410,3917878,34609583400,996082122,999992863,7137,4185,999510575,489425,12480195825,3115466700,7280,3120063860,999989835,10165,999925585,74415,3120046415,1000,1000,1000,1000,1000,1000,1000
471000,95080,643497,4700000000,28200000000,10000,60000,9879128185818,83145060,118492336,1347,4699904920,2000,474,2112430,9399807146,2626661678,17373338322,21861540522,9984469470,15530530,17704316,109374919829,21881980800,661,3123192608,4095700,193806087200,27313686,9404946536,9380360957,3888471,34682965500,996111529,999988101,11899,91330,999509173,490827,12507143027,3121898400,3,3126796820,999985253,14747,999933030,66970,3126782070,1000,1000,1000,1000,1000,1000,1000,109374974328,21880822300,689,3123144230,3853700,193796946200,21867770,9399074120,9379449700,3924969,34681629000,996075031,999999008,992,10339,999493339,506661,12505929261,3122580500,2,3126490580,999988983,11017,999930039,69961,3126479561,1000,1000,1000,1000,1000,1000,1000,109374914328,21881594400,342,3123206231,3993000,193802986400,17848023,9395335373,9380070479,3786600,34682501100,996213400,999999490,510,82690,999504111,495889,12506757489,3122093400,6541,3126703000,999990551,9449,999932690,67310,3126687010,1000,1000,1000,1000,1000,1000,1000
472000,96390,626730,4710000000,28260000000,10000,60000,9878888986406,82865884,118254104,1167,4709903610,2000,62617,2104034,9419804886,2626713690,17373286310,21861345010,9984458526,15541474,17742712,109394758646,21928578100,109444,3130525833,3538000,194218796200,27262202,9424864702,9400351079,3989057,34756313100,996010943,999999687,313,8130,999504751,495249,12533797049,3128530100,1,3133459140,999986831,13169,999927130,72870,3133445970,1000,1000,1000,1000,1000,1000,1000,109394945418,21927403300,342,3129628420,4012600,194209515400,21738867,9418908167,9399407778,3909021,34754780700,996090979,999996841,3159,79820,999504542,495458,12532539058,3129230300,2,3133145220,999986062,13938,999933420,66580,3133131280,1000,1000,1000,1000,1000,1000,1000,109394871195,21928173500,339,3130223045,3639100,194215567800,18086484,9415537784,9400035404,3941449,34755789900,996058551,999999427,573,9778,999491974,508026,12533379426,3128760300,6420,3133353780,999996662,3338,999926878,73122,3133344022,1000,1000,1000,1000,1000,1000,1000
473000,94120,626850,4720000000,28320000000,10000,60000,9878649904694,82435463,117793097,11463,4719905880,2000,5551,2083200,9439788834,2626787057,17373212943,21861277543,9984506520,15493480,17780954,109414710555,21975145700,109626,3136890805,3835100,194631253800,28265094,9445825244,9420308426,3975276,34829429400,996024724,999999203,797,18927,999491401,508599,12560408799,3135194700,0,3140107680,999992693,7307,999925027,74973,3140100373,1000,1000,1000,1000,1000,1000,1000,109414841522,21974027500,109289,3136371173,4019800,194622495000,22151685,9439304185,9419372421,3877993,34828054800,996122007,999999530,470,81137,999520616,479384,12559157484,3135904400,5,3139802300,999982768,17232,999937437,62563,3139785063,1000,1000,1000,1000,1000,1000,1000,109414740379,21974783200,109594,3136833319,3803800,194628377600,16812470,9434238170,9420016316,3961030,34828992600,996038970,999999421,579,19191,999487175,512825,12560017125,3135415300,2,3140014700,999986111,13889,999930991,69009,3140000809,1000,1000,1000,1000,1000,1000,1000
474000,94800,618008,4730000000,28380000000,10000,60000,9878408610665,84279286,119722887,2168,4729905200,2000,5575,2104337,9459806064,2626901851,17373098149,21861229849,9984480223,15519777,17819487,109434781475,22021719400,669,3143389044,3892700,195043763600,28090648,9465610948,9440267263,3871945,34902591300,996128055,999997793,2207,88448,999479885,520115,12587020415,3141861500,1,3146760960,999992193,7807,999925648,74352,3146753152,1000,1000,1000,1000,1000,1000,1000,109434875426,22020638600,339,3143302892,3686500,195035280400,22632163,9459757363,9439383648,3977794,34901359200,996022206,999998749,1251,10155,999477507,522493,12585842193,3142542500,2,3146466560,999991987,8013,999929655,70345,3146458545,1000,1000,1000,1000,1000,1000,1000,109434782335,22021269200,743,3143473225,3681400,195040125600,16658906,9454008106,9439925188,3910501,34902075000,996089499,999999627,373,5626,999500838,499162,12586563962,3142062800,7080,3146654720,999991134,8866,999932026,67974,3146638774,1000,1000,1000,1000,1000,1000,1000
475000,96930,633658,4740000000,28440000000,10000,60000,9878168709649,84691402,120148323,1225,4739903070,2000,524,2096331,9479803690,2626916551,17373083449,21861109249,9984497109,15502891,17857699,109454644913,22068296800,109821,3150075807,3956800,195456310400,28410897,9485893197,9460212684,3931761,34975776900,996068239,999983239,16761,72278,999489594,510406,12613616306,3148526500,6940,3153412380,999998182,1818,999928578,71422,3153403622,1000,1000,1000,1000,1000,1000,1000,109454854388,22067196000,660,3149789952,3811800,195447686400,21863461,9478944361,9459312108,3925457,34974511200,996074543,999991073,8927,10816,999511708,488292,12612414692,3149201200,5860,3153112800,999995644,4356,999931616,68384,3153102584,1000,1000,1000,1000,1000,1000,1000,109454734644,22067942500,378,3149803114,4067300,195453507400,17176860,9474528260,9459970330,3928598,34975322400,996071402,999987372,12628,66974,999454444,545556,12613293256,3148715400,2,3153324480,999998448,1552,999916774,83226,3153322926,1000,1000,1000,1000,1000,1000,1000
476000,95160,627038,4750000000,28500000000,10000,60000,9877931422956,82483715,117981276,10616,4749904840,2000,538,2087813,9499788448,2626966371,17373033629,21861157829,9984486567,15513433,17896315,109474612451,22114802700,110093,3156757946,3871100,195868228600,27644814,9505058764,9480126601,3889648,35048878500,996110352,999998896,1104,80748,999536747,463253,12640162053,3155154300,3,3160055700,999979755,20245,999939348,60652,3160035452,1000,1000,1000,1000,1000,1000,1000,109474703491,22113829100,108815,3156687929,3712900,195860700600,22526955,9499592105,9479325056,3931897,35047801800,996068103,999998599,1401,12902,999493846,506154,12639098054,3155839600,6800,3159785860,999993938,6062,999925802,74198,3159772998,1000,1000,1000,1000,1000,1000,1000,109474589319,22114442400,109383,3156864298,3734500,195865409600,17438755,9494721555,9479874689,3937631,35048490300,996062369,999986365,13635,6834,999473345,526655,12639830655,3155384800,3,3159962760,999993209,6791,999920834,79166,3159955966,1000,1000,1000,1000,1000,1000,1000
477000,96020,638814,4760000000,28560000000,10000,60000,9877691273668,83186298,118758143,1189,4759903980,2000,47,2102163,9519805582,2626977366,17373022634,21861109734,9984465197,15534803,17934879,109494527668,22161394300,109503,3163309252,4023700,196280892600,25919138,9523300638,9500127606,3860712,35122056000,996139288,999993169,6831,92157,999492951,507049,12666836549,3161802200,6680,3166716400,999999223,777,999922357,77643,3166708943,1000,1000,1000,1000,1000,1000,1000,109494609134,22160321200,109759,3163219765,3835600,196272481600,23654604,9520644554,9499268837,3907753,35120833500,996092247,999998784,1216,10031,999481894,518106,12665689506,3162467200,1,3166427500,999993170,6830,999920631,79369,3166420669,1000,1000,1000,1000,1000,1000,1000,109494586215,22161089100,109809,3163462863,3806600,196278579800,18140847,9515415947,9499861422,4025037,35121782700,995974963,999998745,1255,7908,999464986,535014,12666479814,3162066500,2,3166624640,999993754,6246,999920508,79492,3166618392,1000,1000,1000,1000,1000,1000,1000
478000,94680,620533,4770000000,28620000000,10000,60000,9877448031624,86999815,122631075,11775,4769905320,2000,61992,2081770,9539787090,2627024939,17372975061,21861014961,9984423550,15576450,17973040,109514510430,22207960300,109865,3170000007,3965400,196693345400,25256839,9542595889,9520072687,3933868,35195250300,996066132,999997633,2367,82365,999511278,488722,12693425622,3168459000,3,3173366820,999986118,13882,999929265,70735,3173352935,1000,1000,1000,1000,1000,1000,1000,109514547571,22206869900,109648,3169630748,4072400,196684727800,24639624,9541576374,9519218473,3853950,35193902400,996146050,999999023,977,92573,999486700,513300,12692290900,3169099500,6581,3173080200,999998808,1192,999923973,76027,3173072427,1000,1000,1000,1000,1000,1000,1000,109514678673,22207706700,710,3169621546,4148000,196691431800,17894062,9535145212,9519827737,3906910,35194939200,996093090,999999671,329,86761,999516424,483576,12693102376,3168679100,6801,3173285260,999996180,3820,999929761,70239,3173274639,1000,1000,1000,1000,1000,1000,1000
479000,95580,637599,4780000000,28680000000,10000,60000,9877210952740,84631437,120261985,10019,4779904420,2000,38,2080646,9559788802,2627182277,17372817723,21860873223,9984461654,15538346,18011556,109534490335,22254580000,109517,3176665563,3971200,197106292000,25642886,9562963636,9540051030,3916312,35268519300,996083688,999993196,6804,79084,999495354,504646,12720065246,3175142400,2,3180022600,999991618,8382,999924284,75716,3180014216,1000,1000,1000,1000,1000,1000,1000,109534563964,22253515400,109329,3176652334,3700300,197097921200,23749846,9560680496,9539196616,3978842,35267309400,996021158,999994373,5627,19631,999501115,498885,12718926285,3175779800,7142,3179744420,999992391,7609,999924431,75569,3179729669,1000,1000,1000,1000,1000,1000,1000,109534448937,22254174200,109418,3176780720,3791700,197102986000,18553381,9555718231,9539777807,3928212,35268039000,996071788,999998197,1803,8185,999466578,533422,12719701922,3175316700,3,3179929580,999994538,5462,999920385,79615,3179924115,1000,1000,1000,1000,1000,1000,1000
480000,94990,625594,4790000000,28740000000,10000,60000,9876971493402,84616057,120253712,11186,4789905010,2000,521,2085607,9579787648,2627292659,17372707341,21860757241,9984497773,15502227,18049821,109554455328,22301153200,110333,3183277450,4009600,197518772000,26813978,9584093078,9560006864,3925194,35341688400,996074806,999998881,1119,85887,999501123,498877,12746671377,3181790700,2,3186677840,999986675,13325,999930487,69513,3186664513,1000,1000,1000,1000,1000,1000,1000,109554675882,22300142100,351,3182854735,4035700,197510887400,23420467,9580333167,9559157335,3937078,35340496500,996062922,999997489,2511,85611,999507176,492824,12745540724,3182460800,6703,3186397260,999992832,7168,999933311,66689,3186383389,1000,1000,1000,1000,1000,1000,1000,109554530081,22300733000,742,3183501259,3601000,197515386000,17827640,9574947640,9559717238,3894566,35341249500,996105434,999991307,8693,9441,999475603,524397,12746287297,3181984100,0,3186577120,999992939,7061,999922941,77059,3186570059,1000,1000,1000,1000,1000,1000,1000
481000,95830,634237,4800000000,28800000000,10000,60000,9876733310620,83378378,119110541,2167,4799904170,2000,42,2098057,9599804006,2627425898,17372574102,21860648002,9984454103,15545897,18088209,109574561770,22347776600,646,3190147569,3666600,197931739600,26946644,9604208294,9579969135,3947095,35415042600,996052905,999999167,833,19572,999521237,478763,12773289763,3188459000,6881,3193334760,999992749,7251,999932672,67328,3193320628,1000,1000,1000,1000,1000,1000,1000,109574471913,22346686700,109747,3190009086,3679100,197923076600,23160071,9600016521,9579132819,3952632,35413698900,996047368,999998152,1848,16120,999473001,526999,12772176899,3189089200,6781,3193051440,999999421,579,999929720,70280,3193044080,1000,1000,1000,1000,1000,1000,1000,109574484403,22347304300,365,3189964434,3779100,197927855800,18062956,9595140906,9579673385,3971366,35414391300,996028634,999989122,10878,5756,999488371,511629,12772897429,3188621700,6243,3193231540,999998747,1253,999924356,75644,3193224044,1000,1000,1000,1000,1000,1000,1000
482000,94420,628921,4810000000,28860000000,10000,60000,9876495808544,81387039,117121830,2395,4809905580,2000,62947,2104421,9619806370,2627526083,17372473917,21860552017,9984496219,15503781,18126589,109594530371,22394346800,648,3196537746,3936300,198344231200,27954948,9625176048,9599931411,3874965,35488163100,996125035,999998738,1262,81073,999516562,483438,12799902138,3195118900,3,3199989960,999980770,19230,999933873,66127,3199970727,1000,1000,1000,1000,1000,1000,1000,109594575633,22393201300,698,3196527107,3632400,198335160200,21486008,9618283358,9599027966,3938124,35486840700,996061876,999999001,999,11577,999529611,470389,12798701089,3195757400,6700,3199688420,999991403,8597,999933477,66523,3199673123,1000,1000,1000,1000,1000,1000,1000,109594483882,22393971400,365,3196572777,3854500,198341182000,18771276,9615848726,9599678081,3994581,35487704100,996005419,999998130,1870,17449,999470068,529932,12799568632,3195299700,1,3199896980,999993572,6428,999925949,74051,3199890551,1000,1000,1000,1000,1000,1000,1000
483000,96430,631777,4820000000,28920000000,10000,60000,9876253928280,83775503,119623207,1321,4819903570,2000,5360,2101206,9639804498,2627403483,17372596517,21860701217,9984418734,15581266,18165232,109614331046,22440910100,109446,3203556974,3713300,198756589000,28602291,9645775341,9619907772,3939680,35561368800,996060320,999988944,11056,12164,999482792,517208,12826543308,3201756000,6920,3206643620,999998836,1164,999928464,71536,3206635536,1000,1000,1000,1000,1000,1000,1000,109614407574,22439781600,109100,3202828325,4121800,198747703200,21558242,9638316992,9619008903,3902614,35559916500,996097386,999999272,728,80358,999506855,493145,12825342845,3202403700,6861,3206347880,999992923,7077,999930158,69842,3206333942,1000,1000,1000,1000,1000,1000,1000,109614383115,22440462300,342,3203468365,3597700,198752917400,18270980,9635270530,9619617882,3936726,35560798200,996063274,999998645,1355,10619,999480837,519163,12826156763,3201898300,6440,3206546560,999998761,1239,999924319,75681,3206538881,1000,1000,1000,1000,1000,1000,1000
484000,97040,624557,4830000000,28980000000,10000,60000,9876014467443,83753791,119644174,1189,4829902960,2000,62478,2096541,9659803542,2627440334,17372559666,21860607166,9984409979,15590021,18203821,109634282042,22487453400,109891,3210284258,3615300,199168852400,28645271,9665766871,9639856258,3914746,35634535500,996085254,999990857,9143,14311,999504853,495147,12853140347,3208387800,6440,3213294520,999996009,3991,999926111,73889,3213284089,1000,1000,1000,1000,1000,1000,1000,109634329229,22486313500,109579,3209868551,3758500,199159816600,22421744,9659121094,9638969268,3970759,35633113200,996029241,999998795,1205,16336,999477868,522132,12851956232,3209049800,0,3212995340,999991624,8376,999927836,72164,3212986964,1000,1000,1000,1000,1000,1000,1000,109634291859,22487119100,109965,3210123476,3709000,199166194200,17427750,9654425000,9639609099,3995876,35634104100,996004124,999989084,10916,19208,999490809,509191,12852806991,3208572100,5,3213213320,999984577,15423,999926708,73292,3213197892,1000,1000,1000,1000,1000,1000,1000
485000,94790,628180,4840000000,29040000000,10000,60000,9875776464828,82268739,118134814,10820,4839905210,2000,89,2090595,9679788780,2627546067,17372453933,21860549433,9984467645,15532355,18243125,109654372199,22534002600,314,3216773079,3646800,199581173200,28950256,9686023256,9659786436,3875278,35707676700,996124722,999999149,851,78471,999523435,476565,12879711265,3215054700,6222,3219943000,999988051,11949,999931771,68229,3219924829,1000,1000,1000,1000,1000,1000,1000,109654431589,22532911000,736,3216016811,4138000,199572604400,23536045,9680209945,9658916630,3922081,35706272100,996077919,999998756,1244,87875,999491645,508355,12878555455,3215737500,6740,3219645720,999999845,155,999924375,75625,3219638825,1000,1000,1000,1000,1000,1000,1000,109654238847,22533711300,110133,3216546833,3952600,199578845000,16174630,9673138530,9659586220,3922273,35707263300,996077727,999998533,1467,14960,999477040,522960,12879446160,3215221100,0,3219866340,999993600,6400,999923560,76440,3219859940,1000,1000,1000,1000,1000,1000,1000
486000,95560,628607,4850000000,29100000000,10000,60000,9875534298684,84970672,120845163,10655,4849904440,2000,62813,2079421,9699787570,2627596956,17372403044,21860392244,9984486459,15513541,18281529,109674236255,22580676900,109799,3223045862,4173200,199994547400,28052851,9705127451,9679814321,3904462,35780904600,996095538,999999380,620,83618,999502297,497703,12906415703,3221703500,3,3226611560,999989825,10175,999926318,73682,3226601382,1000,1000,1000,1000,1000,1000,1000,109674425494,22579440600,331,3222902146,3871800,199984765200,24384405,9701002155,9678824570,3920014,35779462500,996079986,999999189,811,80075,999517505,482495,12905094795,3222418100,7000,3226291120,999986105,13895,999934875,65125,3226270225,1000,1000,1000,1000,1000,1000,1000,109674326892,22580320100,680,3223107587,3928800,199991653000,16240674,9693178974,9679557291,4007530,35780506800,995992470,999998854,1146,12524,999488233,511767,12906073967,3221870900,1,3226523940,999992737,7263,999926824,73176,3226516676,1000,1000,1000,1000,1000,1000,1000
487000,94780,627981,4860000000,29160000000,10000,60000,9875294396701,85393649,121263542,11123,4859905220,2000,85,2089399,9719788194,2627746550,17372253450,21860305850,9984539381,15460619,18319875,109694323461,22627232200,676,3229911136,3838400,200406901200,27002507,9724029807,9699745339,3979440,35854146900,996020560,999997219,2781,18879,999508840,491160,12932989160,3228379000,3,3233257700,999986124,13876,999933779,66221,3233243821,1000,1000,1000,1000,1000,1000,1000,109694265955,22626028900,109999,3229642163,3921300,200397420200,24527579,9721112729,9698799522,3850048,35852667300,996149952,999999566,434,79018,999489396,510604,12931731304,3229091000,6902,3232942860,999995824,4176,999926818,73182,3232931782,1000,1000,1000,1000,1000,1000,1000,109694301302,22626914000,334,3229789816,3903500,200404346400,17321998,9714229398,9699521134,4002218,35853732900,995997782,999997030,2970,11812,999485378,514622,12932692522,3228537700,2,3233178360,999993030,6970,999927812,72188,3233171388,1000,1000,1000,1000,1000,1000,1000
488000,95180,645888,4870000000,29220000000,10000,60000,9875056655349,83668790,119624712,1238,4869904820,2000,58863,2107658,9739807164,2627855139,17372144861,21860205761,9984509682,15490318,18357946,109714190065,22673877000,110449,3237010135,3524000,200820034800,28538706,9745556256,9719740164,4007697,35927507100,995992303,999989235,10765,12038,999499674,500326,12959652026,3235041500,6920,3239923360,999995422,4578,999930038,69962,3239911862,1000,1000,1000,1000,1000,1000,1000,109714377986,22672665200,684,3235967150,4126400,200810468800,22911923,9739483073,9718781236,3920203,35925906300,996079797,999996593,3407,85290,999511954,488046,12958369446,3235738000,4,3239604820,999983394,16606,999934690,65310,3239588210,1000,1000,1000,1000,1000,1000,1000,109714216394,22673349000,655,3236333086,3984300,200815624400,17448020,9734255920,9719406634,3810341,35926670400,996189659,999999624,376,88983,999496649,503351,12959206551,3235179400,6580,3239813380,999993117,6883,999933283,66717,3239799917,1000,1000,1000,1000,1000,1000,1000
489000,95610,617487,4880000000,29280000000,10000,60000,9874818590859,82222586,118200586,9766,4879904390,2000,62012,2078452,9759789248,2627905845,17372094155,21860128755,9984496828,15503172,18396376,109734136347,22720456000,110272,3243472812,3726600,201232576800,28860750,9765839800,9739721933,3906491,36000655500,996093509,999994564,5436,14473,999491140,508860,12986292760,3241676300,1,3246580280,999990548,9452,999927073,72927,3246570827,1000,1000,1000,1000,1000,1000,1000,109734190630,22719177100,109899,3242891428,3953100,201222418200,21889853,9758393853,9738721452,3881558,35999026800,996118442,999999301,699,80343,999521391,478609,12984957609,3242359900,6882,3246256020,999987019,12981,999932943,67057,3246236157,1000,1000,1000,1000,1000,1000,1000,109734105285,22720021100,109977,3243089155,4012100,201229044600,18274198,9755086848,9739418812,3991970,36000021000,996008030,999997924,2076,82354,999486842,513158,12985889158,3241853500,0,3246478120,999992226,7774,999925454,74546,3246470346,1000,1000,1000,1000,1000,1000,1000
490000,94680,620700,4890000000,29340000000,10000,60000,9874577447123,83879920,119914501,10416,4889905320,2000,5683,2089473,9779789808,2627944343,17372055657,21860125857,9984489647,15510353,18434755,109754124049,22767001700,109402,3249994169,3824700,201644917000,28796028,9785728128,9759632524,3896813,36073796700,996103187,999993430,6570,73217,999509193,490807,13012843107,3248374400,7302,3253218660,999999225,775,999926917,73083,3253210583,1000,1000,1000,1000,1000,1000,1000,109754137393,22765797100,110360,3249786166,3745400,201635318200,20993765,9777476515,9758730277,3955360,36072333300,996044640,999990911,9089,10451,999496574,503426,13011636526,3249000800,1,3252917780,999988470,11530,999925351,74649,3252906249,1000,1000,1000,1000,1000,1000,1000,109754021189,22766543500,109849,3250050310,3700000,201641039800,19421924,9776168974,9759365167,3962457,36073181700,996037543,999997703,2297,13546,999488679,511321,13012486521,3248469500,6681,3253129140,999998895,1105,999928046,71954,3253121354,1000,1000,1000,1000,1000,1000,1000
491000,95400,618293,4900000000,29400000000,10000,60000,9874338560599,83284315,119348687,2251,4899904600,2000,62223,2102474,9799804698,2627930414,17372069586,21860060286,9984511546,15488454,18473444,109774178725,22813585900,324,3256347295,4035800,202057500600,29853489,9806749039,9779613914,3961647,36146950500,996038353,999992130,7870,72483,999495769,504231,13039484931,3255015600,6660,3259878540,999999137,863,999923783,76217,3259871017,1000,1000,1000,1000,1000,1000,1000,109774123608,22812345100,109507,3256281732,3870400,202047617400,19525785,9795958735,9778646990,3917752,36145449600,996082248,999999157,843,79205,999521315,478685,13038191585,3255673800,6140,3259563940,999986795,13205,999934605,65395,3259544595,1000,1000,1000,1000,1000,1000,1000,109774113104,22813150000,372,3256622794,3694000,202053876800,19888160,9796611710,9779342714,3941722,36146434500,996058278,999986914,13086,14692,999469878,530122,13039120922,3255153400,2,3259786300,999991910,8090,999924692,75308,3259778208,1000,1000,1000,1000,1000,1000,1000
492000,95780,642061,4910000000,29460000000,10000,60000,9874099689023,82649586,118722319,9747,4909904220,2000,483,2085387,9819788946,2628023709,17371976291,21860023791,9984524793,15475207,18512139,109794037318,22860129400,109610,3263406860,3714900,202469702800,29063748,9825903998,9799544766,3976965,36220155900,996023035,999999441,559,3476,999516410,483590,13066056290,3261658900,6842,3266528560,999989806,10194,999937376,62624,3266511524,1000,1000,1000,1000,1000,1000,1000,109794079905,22858973300,109060,3262968575,3867300,202460609000,19266095,9815682495,9798646630,3984505,36218735100,996015495,999997560,2440,8255,999496225,503775,13064861575,3262334500,6300,3266223040,999998205,1795,999925555,74445,3266214945,1000,1000,1000,1000,1000,1000,1000,109794001732,22859735100,110228,3263423164,3611200,202466521400,21080263,9817770963,9799280336,3960743,36219669900,996039257,999999463,537,15020,999515684,484316,13065703816,3261808200,6444,3266439820,999990104,9896,999930220,69780,3266423480,1000,1000,1000,1000,1000,1000,1000
493000,95070,628806,4920000000,29520000000,10000,60000,9873857213509,85633187,121706298,10124,4919904930,2000,454,2084499,9839789612,2628088696,17371911304,21859867704,9984562261,15437739,18550873,109814128152,22906722000,356,3269749408,3909500,202882447200,28283118,9845095818,9819508688,3902725,36293341800,996097275,999998261,1739,83136,999524948,475052,13092674652,3268329200,6740,3273183500,999989204,10796,999930636,69364,3273165964,1000,1000,1000,1000,1000,1000,1000,109814156270,22905569200,732,3269670870,3727800,202873304000,19299930,9835685280,9818615812,4007715,36291980700,995992285,999990449,9551,10134,999481722,518278,13091487378,3269003100,6980,3272879660,999998886,1114,999926934,73066,3272871566,1000,1000,1000,1000,1000,1000,1000,109813947452,22906319900,110239,3269902748,3804900,202879121400,21934542,9838589642,9819253626,4009149,36292831500,995990851,999996846,3154,16297,999493671,506329,13092338129,3268468700,6460,3273091080,999999883,117,999925197,74803,3273084503,1000,1000,1000,1000,1000,1000,1000
494000,95520,633369,4930000000,29580000000,10000,60000,9873619049078,84339753,120552846,1190,4929904480,2000,102,2106213,9859806580,2628214831,17371785169,21859917869,9984482547,15517453,18589427,109833919531,22953261900,109362,3276646528,3810100,203294632600,28932558,9865689358,9839488617,3925290,36366498300,996074710,999998221,1779,12631,999484214,515786,13119317186,3274963900,1,3279831480,999997090,2910,999919731,80269,3279828569,1000,1000,1000,1000,1000,1000,1000,109834130849,22952151600,668,3276427530,3600500,203285872000,18518892,9854866942,9838581261,3933415,36365202600,996066585,999990754,9246,3639,999510178,489822,13118103122,3275627300,1,3279537540,999984322,15678,999933639,66361,3279521861,1000,1000,1000,1000,1000,1000,1000,109833997105,22952858400,677,3276220935,4033100,203291321600,22209929,9858810229,9839211132,3892502,36365904000,996107498,999998296,1704,87094,999488562,511438,13118945738,3275108500,0,3279741920,999992686,7314,999923194,76806,3279734606,1000,1000,1000,1000,1000,1000,1000
495000,94850,622550,4940000000,29640000000,10000,60000,9873381448409,82430422,118644333,10444,4939905150,2000,56615,2081599,9879789412,2628254131,17371745869,21859864069,9984495621,15504379,18627933,109853923991,22999873100,110254,3283210629,3895400,203707471800,29629039,9886361889,9859447230,3861931,36439713000,996138069,999984846,15154,89515,999496485,503515,13145924715,3281637100,0,3286492260,999985225,14775,999929915,70085,3286477485,1000,1000,1000,1000,1000,1000,1000,109853911964,22998649900,110247,3283270456,3535100,203697707000,18193047,9874468497,9858529826,3938571,36438278100,996061429,999997808,2192,10837,999488311,511689,13144706389,3282257200,6920,3286183620,999999863,137,999922437,77563,3286176563,1000,1000,1000,1000,1000,1000,1000,109853866822,22999473800,109780,3283211958,3807000,203704174000,21913799,9878490449,9859182612,3943956,36439208100,996056044,999991290,8710,10934,999494822,505178,13145575178,3281762800,6520,3286404000,999995086,4914,999927934,72066,3286392566,1000,1000,1000,1000,1000,1000,1000
496000,92240,624502,4950000000,29700000000,10000,60000,9873142470772,81919221,118115441,11723,4949907760,2000,5141,2087346,9899792074,2628281993,17371718007,21859744907,9984557734,15442266,18666608,109874018401,23046482100,673,3289635718,3987200,204120277800,29516394,9906223494,9879417043,3894242,36512934300,996105758,999999200,800,79658,999530715,469285,13172549085,3288266500,1,3293152960,999979083,20917,999935858,64142,3293132042,1000,1000,1000,1000,1000,1000,1000,109873894832,23045204600,109853,3289385226,4067400,204110080400,18078136,9894307586,9878463588,3904094,36511330800,996095906,999998289,1711,66395,999484007,515993,13171281993,3288947200,2,3292826780,999991627,8373,999927295,72705,3292818405,1000,1000,1000,1000,1000,1000,1000,109873882094,23046119400,109554,3289916786,3757500,204117390000,22267327,9898839277,9879154168,4009286,36512544000,995990714,999991502,8498,8416,999493648,506352,13172205252,3288469500,6380,3293058380,999999084,916,999924416,75584,3293051084,1000,1000,1000,1000,1000,1000,1000
497000,94230,630442,4960000000,29760000000,10000,60000,9872899111146,85812095,122031926,11428,4959905770,2000,483,2078247,9919788684,2628414741,17371585259,21859635959,9984563433,15436567,18705017,109893857704,23093048000,109611,3296660136,3741300,204532726400,29917530,9926581930,9899370850,3976081,36586175700,996023919,999994686,5314,3905,999511055,488945,13199158345,3294940200,7020,3299802880,999991635,8365,999931705,68295,3299787495,1000,1000,1000,1000,1000,1000,1000,109893859479,23091785900,110229,3296541838,3563400,204522643800,18987508,9915179508,9898429685,3956243,36584636100,996043757,999998979,1021,16736,999491151,508849,13197901449,3295589500,3,3299486160,999985607,14393,999930136,69864,3299471764,1000,1000,1000,1000,1000,1000,1000,109893823644,23092694400,110523,3296314776,4038500,204529884800,21076637,9917607637,9899128962,3900248,36585650700,996099752,999999037,963,88789,999473627,526373,13198838573,3295117400,6640,3299716380,999999871,129,999922789,77211,3299709611,1000,1000,1000,1000,1000,1000,1000
498000,93940,626532,4970000000,29820000000,10000,60000,9872660956555,84497136,120883864,2144,4969906060,2000,5813,2108796,9939807832,2628372491,17371627509,21859728509,9984465164,15534836,18743096,109913858804,23139565700,372,3303120555,3832200,204944667400,30225312,9946821312,9919342295,3861462,36659212800,996138538,999998854,1146,84392,999500697,499303,13225786903,3301530700,1,3306453080,999991529,8471,999929092,70908,3306444608,1000,1000,1000,1000,1000,1000,1000,109913775998,23138354200,110158,3302676862,4092700,204935050000,18865836,9935012186,9918408136,3873136,36657674400,996126864,999998788,1212,80452,999484016,515984,13224543984,3302203200,6980,3306143420,999999408,592,999925652,74348,3306135848,1000,1000,1000,1000,1000,1000,1000,109913816716,23139254800,110012,3303317361,3659300,204942328000,21045507,9937534157,9919060485,3981872,36658929600,996018128,999989848,10152,5176,999492791,507209,13225411009,3301796000,3,3306359440,999991087,8913,999926976,73024,3306350524,1000,1000,1000,1000,1000,1000,1000
499000,97440,630133,4980000000,29880000000,10000,60000,9872423645992,82314946,118670015,10081,4979902560,2000,5808,2085811,9959784958,2628395438,17371604562,21859718662,9984512209,15487791,18781467,109933739235,23186220600,109940,3309888024,3861700,205357887600,31769876,9968360276,9939340729,3957704,36732534300,996042296,999993029,6971,4725,999479196,520804,13252451604,3308210200,1,3313118980,999991896,8104,999928925,71075,3313110875,1000,1000,1000,1000,1000,1000,1000,109933831785,23184858600,322,3309636975,3647400,205346954800,17449726,9953527076,9938328282,3908097,36730859700,996091903,999999166,834,10969,999501987,498013,13251102813,3308846000,6820,3312786040,999995311,4689,999929369,70631,3312774531,1000,1000,1000,1000,1000,1000,1000,109933883051,23185829400,653,3309773188,3753100,205354855600,21026907,9957476707,9939017643,3975332,36732099600,996024668,999998800,1200,20068,999487025,512975,13252023275,3308459500,6281,3313012660,999999253,747,999924168,75832,3313005632,1000,1000,1000,1000,1000,1000,1000
500000,95470,640591,4990000000,29940000000,10000,60000,9872181542775,84944986,121323125,9656,4989904530,2000,5830,2082191,9979789748,2628485961,17371514039,21859491539,9984524109,15475891,18820057,109953833237,23232836200,656,3316794819,3475500,205770766800,29021420,9985589820,9959319414,4004474,36805863600,995995526,999998805,1195,8931,999513817,486183,13279087383,3314836200,4,3319783480,999984493,15507,999931431,68569,3319767969,1000,1000,1000,1000,1000,1000,1000,109953707480,23231412800,110549,3315887156,4143700,205759342400,19017541,9975049841,9958264030,3920491,36803922300,996079509,999998934,1066,82143,999512013,487987,13277679887,3315524500,4,3319432320,999983541,16459,999932343,67657,3319415857,1000,1000,1000,1000,1000,1000,1000,109953889532,23232447000,337,3316554464,3620100,205767777200,22283718,9978713918,9958986050,3994089,36805394400,996005911,999998212,1788,8323,999497473,502527,13278643227,3315133100,4,3319671700,999985481,14519,999929423,70577,3319657177,1000,1000,1000,1000,1000,1000,1000
501000,93760,636164,5000000000,30000000000,10000,60000,9871942194211,84805764,121211538,12003,4999906240,2000,5729,2085500,9999788474,2628560275,17371439725,21859508825,9984538100,15461900,18858374,109973816290,23279468700,327,3322947028,3974200,206183781400,28795920,10005348670,9979296420,3894753,36879022500,996105247,999993092,6908,85539,999521619,478381,13305726381,3321494300,6022,3326442520,999993463,6537,999933239,66761,3326429961,1000,1000,1000,1000,1000,1000,1000,109973806982,23278048200,339,3322852678,3734000,206172409200,18686532,9994706082,9978238086,3987250,36877307100,996012750,999991957,8043,7507,999502921,497079,13304315679,3322211400,6360,3326089260,999994693,5307,999931507,68493,3326077593,1000,1000,1000,1000,1000,1000,1000,109973781606,23278915600,658,3322954934,3883000,206179312800,22960755,9999303355,9978915444,3918597,36878346600,996081403,999990785,9215,13088,999475544,524456,13305216756,3321762500,0,3326312820,999988492,11508,999929088,70912,3326301312,1000,1000,1000,1000,1000,1000,1000
502000,95840,624172,5010000000,30060000000,10000,60000,9871701286838,86228566,122685593,10838,5009904160,2000,492,2087583,10019786644,2628616404,17371383596,21859443996,9984527257,15472743,18896701,109993777020,23326120500,326,3330039619,3578700,206596950600,28335289,10024879639,9999319955,3964790,36952413300,996035210,999999372,628,10482,999493727,506273,13332424073,3328139100,1,3333111720,999992399,7601,999927682,72318,3333104118,1000,1000,1000,1000,1000,1000,1000,109993618049,23324566500,110617,3329678571,3680400,206584430600,19267388,10015223488,9998184716,3983344,36950415600,996016656,999998566,1434,18222,999487006,512994,13330912894,3328858000,7000,3332735360,999999818,182,999926122,73878,3332728178,1000,1000,1000,1000,1000,1000,1000,109993751548,23325438300,321,3329477550,3970500,206591385400,22990409,10019272209,9998823672,3873010,36951429000,996126990,999996433,3567,84123,999507551,492449,13331761249,3328420100,6762,3332955280,999989059,10941,999937123,62877,3332937577,1000,1000,1000,1000,1000,1000,1000
503000,96340,638893,5020000000,30120000000,10000,60000,9871466056703,81954807,118428725,9688,5019903660,2000,57422,2087274,10039787944,2628690710,17371309290,21859424090,9984548586,15451414,18935230,110013627264,23372655500,109972,3336744176,3612600,207009126200,28902417,10045390867,10019252096,3938817,37025538300,996061183,999992929,7071,3612,999518116,481884,13358998984,3334781200,6600,3339764920,999988568,11432,999931712,68288,3339746888,1000,1000,1000,1000,1000,1000,1000,110013756076,23371232700,347,3336114243,3791700,206997798200,19303567,10035261867,10018166217,4016326,37023742500,995983674,999989767,10233,10341,999493924,506076,13357553276,3335553300,7421,3339399520,999994960,5040,999929041,70959,3339387059,1000,1000,1000,1000,1000,1000,1000,110013693549,23371962100,331,3336194349,3898100,207003491400,22428001,10038650951,10018769678,3808886,37024565100,996191114,999996346,3654,86260,999508882,491118,13358354018,3335066800,2,3339601000,999983342,16658,999931860,68140,3339584340,1000,1000,1000,1000,1000,1000,1000
504000,93880,632030,5030000000,30180000000,10000,60000,9871223797050,84782728,121335547,2311,5029906120,2000,427,2101601,10059807618,2628790978,17371209022,21859289222,9984522659,15477341,18973877,110033667266,23419241000,656,3342803594,4129700,207421732400,29070606,10065523756,10039240992,3877385,37098621300,996122615,999985059,14941,74874,999488582,511418,13385654118,3341428900,6480,3346421220,999998386,1614,999921574,78426,3346413126,1000,1000,1000,1000,1000,1000,1000,110033679059,23417749700,659,3342874701,3678000,207409797800,19855813,10055749463,10038110608,3920118,37096858200,996079882,999997824,2176,18206,999492998,507002,13384146802,3342185100,6820,3346045040,999997974,2026,999926206,73794,3346036194,1000,1000,1000,1000,1000,1000,1000,110033687526,23418644400,313,3342866974,3899700,207416960800,21864824,10058094324,10038774294,3994742,37097934900,996005258,999999455,545,16813,999499519,500481,13385031681,3341742400,6360,3346265880,999997867,2133,999928013,71987,3346257387,1000,1000,1000,1000,1000,1000,1000
505000,95790,632545,5040000000,30240000000,10000,60000,9870986195339,82873292,119456141,10090,5039904210,2000,96,2085009,10079788240,2628768131,17371231869,21859319969,9984514611,15485389,19012451,110053624000,23465763400,320,3349769480,3795900,207833791600,29643343,10086034893,10059161380,3920106,37171807500,996079894,999998546,1454,23140,999496360,503640,13412214640,3348091800,6560,3353061420,999998400,1600,999927040,72960,3353053260,1000,1000,1000,1000,1000,1000,1000,110053688873,23464386000,687,3349079304,4110100,207822840000,18783876,10074663126,10058091897,3917769,37170038700,996082231,999999889,111,81420,999523223,476777,13410781877,3348825900,3,3352711940,999978043,21957,999937520,62480,3352689980,1000,1000,1000,1000,1000,1000,1000,110053525944,23465180900,110187,3349798094,3718200,207829139400,22495740,10078669340,10058725464,3954758,37171100400,996045242,999999835,165,12977,999511313,488687,13411629487,3348372700,2,3352917420,999986605,13395,999929677,70323,3352904023,1000,1000,1000,1000,1000,1000,1000
506000,94630,627422,5050000000,30300000000,10000,60000,9870749051548,80560467,117200266,1311,5049905370,2000,60,2097681,10099808118,2628938615,17371061385,21859140185,9984508799,15491201,19050917,110073607286,23512401800,348,3356159993,4070200,208246874800,30411834,10106791284,10079153723,3901060,37245032100,996098940,999988138,11862,69278,999495555,504445,13438871145,3354749300,6521,3359725400,999998543,1457,999925478,74522,3359717422,1000,1000,1000,1000,1000,1000,1000,110073551083,23510990300,109642,3356207976,3744700,208235620600,19159551,10095012051,10078069429,3891678,37243347600,996108322,999998853,1147,77675,999529546,470454,13437417854,3355472300,1,3359372580,999975846,24154,999936875,63125,3359348425,1000,1000,1000,1000,1000,1000,1000,110073569204,23511708900,670,3356188973,3889700,208241253800,21454433,10097569183,10078668621,3948964,37244183100,996051036,999999122,878,18658,999483537,516463,13438222163,3355044400,3,3359561540,999992005,7995,999925858,74142,3359553542,1000,1000,1000,1000,1000,1000,1000
507000,95710,622350,5060000000,30360000000,10000,60000,9870503333006,86788450,123468593,2359,5059904290,2000,520,2094581,10119803862,2628906756,17371093244,21859082544,9984504059,15495941,19089621,110093438491,23558955500,109636,3363368144,3626300,208659177400,31128777,10127457927,10099119597,3975141,37318278300,996024859,999987750,12250,6009,999494012,505988,13465489988,3361377100,5,3366378820,999991576,8424,999926809,73191,3366370391,1000,1000,1000,1000,1000,1000,1000,110093554685,23557509900,346,3362814454,3723800,208647644600,19593735,10115382785,10098024945,3896552,37316460900,996103448,999992229,7771,17477,999478032,521968,13464032968,3362135300,7041,3366015940,999999124,876,999923777,76223,3366008023,1000,1000,1000,1000,1000,1000,1000,110093479120,23558359700,110404,3362888378,3928500,208654429000,20429568,10116536418,10098634982,4016240,37317467400,995983760,999999848,152,79108,999518426,481574,13464843374,3361705900,6702,3366224900,999990194,9806,999937608,62392,3366208392,1000,1000,1000,1000,1000,1000,1000
508000,94330,639342,5070000000,30420000000,10000,60000,9870268368497,82264505,119031896,1190,5069905670,2000,494,2104731,10139808960,2628940602,17371059398,21859162698,9984465429,15534571,19128089,110113377434,23605452700,110593,3369607986,3983300,209070991000,30821475,10147076825,10119031362,3843606,37391253900,996156394,999999315,685,78309,999541547,458453,13492039253,3367987900,6660,3373022240,999992311,7689,999934109,65891,3373007891,1000,1000,1000,1000,1000,1000,1000,110113595545,23604182600,701,3368918270,4247900,209061066000,18364203,10134158003,10118005391,3945607,37389699600,996054393,999998789,1211,85982,999511691,488309,13490669509,3368811400,5,3372677160,999986963,13037,999930882,69118,3372664118,1000,1000,1000,1000,1000,1000,1000,110113507225,23604887300,635,3369443053,3945100,209066521800,22078636,10138125336,10118601098,3863121,37390574700,996136879,999999441,559,77620,999489222,510778,13491463278,3368347000,2,3372876740,999985442,14558,999931720,68280,3372862180,1000,1000,1000,1000,1000,1000,1000
509000,95610,634105,5080000000,30480000000,10000,60000,9870029799062,81375486,118060653,11269,5079904390,2000,5201,2073425,10159786242,2628985848,17371014152,21858929752,9984554455,15445545,19166197,110133308033,23651996100,109963,3376206247,4064800,209483196200,30249599,10166449849,10138991356,3937995,37464363300,996062005,999993627,6373,80132,999514476,485524,13518652524,3374637900,6540,3379675560,999992148,7852,999934432,65568,3379661168,1000,1000,1000,1000,1000,1000,1000,110133536647,23650781600,316,3375949893,3907500,209473792000,18715364,10154479664,10137998478,4032368,37463005500,995967632,999989489,10511,8121,999479643,520357,13517329357,3375466600,0,3379336720,999994159,5841,999922121,77879,3379330879,1000,1000,1000,1000,1000,1000,1000,110133426843,23651590400,110116,3376239837,3931000,209480240000,22364981,10158431181,10138598634,3995783,37464003600,996004217,999997736,2264,10853,999473619,526381,13518130781,3375070000,0,3379534340,999997807,2193,999925853,74147,3379532147,1000,1000,1000,1000,1000,1000,1000
510000,94470,635542,5090000000,30540000000,10000,60000,9869786544700,85152166,121980228,1289,5089905530,2000,5749,2112280,10179808482,2629093466,17370906534,21859025334,9984489040,15510960,19204822,110153195096,23698500900,110677,3382879081,4059800,209895072200,29746602,10185876002,10158962555,3847561,37537432200,996152439,999997952,2048,80791,999498336,501664,13545280564,3381237800,3,3386326540,999991472,8528,999924091,75909,3386318009,1000,1000,1000,1000,1000,1000,1000,110153494504,23697340500,325,3382769573,3718000,209886148200,19630876,10175347576,10157940191,3956094,37536197700,996043906,999989837,10163,19243,999499652,500348,13543920048,3382106600,6423,3385986900,999999380,620,999927243,72757,3385979857,1000,1000,1000,1000,1000,1000,1000,110153396423,23698091800,109786,3383228036,3567200,209892175600,22135631,10178135131,10158500813,3954510,37537175400,996045490,999999213,787,10003,999492490,507510,13544665410,3381748300,6321,3386177940,999992978,7022,999928203,71797,3386164597,1000,1000,1000,1000,1000,1000,1000
511000,95060,635603,5100000000,30600000000,10000,60000,9869547533181,84682383,121479782,11274,5099904940,2000,45,2084467,10199787332,2629139464,17370860536,21858899636,9984530633,15469367,19243565,110173265077,23745125900,327,3389649363,3869100,210308015000,29441548,10205551748,10178957484,3905444,37610731800,996094556,999998212,1788,68568,999468684,531316,13571942816,3387903400,0,3392986820,999998512,1488,999920168,79832,3392985332,1000,1000,1000,1000,1000,1000,1000,110173320836,23743854500,110560,3389566579,3681600,210298129800,19265931,10194917231,10177885891,3957517,37609299900,996042483,999998749,1251,13232,999500141,499859,13570509959,3388740600,5,3392637760,999986313,13687,999927832,72168,3392624068,1000,1000,1000,1000,1000,1000,1000,110173488920,23744722200,670,3389344919,4019100,210305205200,22910323,10198895373,10178489059,3929840,37610352900,996070160,999998570,1430,81830,999471371,528629,13571316229,3388430400,1,3392834720,999992451,7549,999924930,75070,3392827170,1000,1000,1000,1000,1000,1000,1000
512000,95140,629776,5110000000,30660000000,10000,60000,9869307520844,85246402,122071049,10108,5109904860,2000,63225,2092943,10219789504,2629244846,17370755154,21858810654,9984550117,15449883,19281821,110193089868,23791626100,110144,3396233988,4015600,210719875400,29823790,10225862740,10198880968,3865827,37683774300,996134173,999981531,18469,72804,999488936,511064,13598507264,3394533500,4,3399628380,999997920,2080,999921904,78096,3399626296,1000,1000,1000,1000,1000,1000,1000,110193328909,23790506800,110230,3395994091,3907500,210711324800,19944641,10215589091,10197862054,3942680,37682549400,996057320,999999593,407,79313,999510059,489941,13597145641,3395415300,6540,3399301420,999988707,11293,999934313,65687,3399283587,1000,1000,1000,1000,1000,1000,1000,110193361915,23791293300,110017,3396538165,3574200,210717721800,21909218,10217855168,10198425252,3943931,37683650700,996056069,999990975,9025,12044,999482592,517408,13597898908,3395109000,7000,3399484940,999995716,4284,999927744,72256,3399473656,1000,1000,1000,1000,1000,1000,1000
513000,92750,626744,5120000000,30720000000,10000,60000,9869068938288,84333502,121215938,10894,5119907250,2000,5670,2089624,10239792712,2629405590,17370594410,21858735610,9984527516,15472484,19320328,110213177943,23838203700,685,3402793097,3980300,211132409800,29880268,10245880418,10218827728,3875884,37756970700,996124116,999990760,9240,81376,999512948,487052,13625101952,3401182000,6380,3406285660,999994944,5056,999929176,70824,3406274224,1000,1000,1000,1000,1000,1000,1000,110213288138,23837119700,109798,3402607442,3965100,211124214600,20040358,10235663808,10217859116,3843732,37755795600,996156268,999987144,12856,84712,999496396,503604,13623809104,3402068600,0,3405959140,999990848,9152,999922812,77188,3405949988,1000,1000,1000,1000,1000,1000,1000,110213440103,23837869600,642,3402863414,3778200,211130252000,21916310,10237823360,10218387527,3939795,37756801200,996060205,999998810,1190,10015,999496988,503012,13624512312,3401749300,3,3406137960,999986828,13172,999930715,69285,3406124785,1000,1000,1000,1000,1000,1000,1000
514000,95120,626948,5130000000,30780000000,10000,60000,9868831430272,82355581,119323137,2220,5129904880,2000,62835,2102036,10259805320,2629296953,17370703047,21858750447,9984493564,15506436,19359084,110233183193,23884888200,322,3409631384,3805000,211545846800,29434079,10265438479,10238834827,4047782,37830362400,995952218,999999787,213,11305,999521278,478722,13651776922,3407831200,6703,3412957340,999991458,8542,999937305,62695,3412942095,1000,1000,1000,1000,1000,1000,1000,110233317213,23883628800,352,3409068025,4046800,211536116800,20465439,10256019139,10237798708,3864522,37828853400,996135478,999991577,8423,77655,999490347,509653,13650395653,3408700000,2,3412604820,999992127,7873,999924455,75545,3412596945,1000,1000,1000,1000,1000,1000,1000,110233374081,23884399100,664,3409561479,3733100,211542378200,22003849,10257852599,10238324590,3924940,37829928900,996075060,999998655,1345,16415,999488125,511875,13651099175,3408408600,6620,3412782040,999999165,835,999927015,72985,3412774585,1000,1000,1000,1000,1000,1000,1000
515000,96760,643186,5140000000,30840000000,10000,60000,9868592934926,81379076,118384433,1315,5139903240,2000,43,2099707,10279803850,2629368802,17370631198,21858647598,9984492313,15507687,19397963,110253026537,23931451000,110529,3416410742,3796500,211958303600,30242394,10286204994,10258796415,3948906,37903547700,996051094,999999228,772,17422,999513807,486193,13678392793,3414492800,6861,3419610520,999992719,7281,999929422,70578,3419596378,1000,1000,1000,1000,1000,1000,1000,110253182532,23930223800,110730,3416173066,3709700,211948825200,21298896,10276822496,10257755430,3964823,37902156600,996035177,999997677,2323,21254,999486724,513276,13677007076,3415376800,6622,3419258760,999999508,492,999924954,75046,3419251646,1000,1000,1000,1000,1000,1000,1000,110253221050,23930951900,110774,3416252887,3780400,211954661400,20531931,10276329281,10258273221,3948606,37903047600,996051394,999999014,986,78508,999514387,485613,13677694513,3415028600,6263,3419436900,999990655,9345,999935908,64092,3419421292,1000,1000,1000,1000,1000,1000,1000
516000,95620,632560,5150000000,30900000000,10000,60000,9868349516969,85315019,122345967,2369,5149904380,2000,5183,2093726,10299804022,2629470188,17370529812,21858539812,9984499294,15500706,19436516,110272978419,23977997600,109694,3423190100,3674400,212370596800,30531744,10306444344,10278751817,3947878,37976726700,996052122,999998449,1551,8471,999504954,495046,13704997846,3421150000,1,3426259760,999986270,13730,999926371,73629,3426246029,1000,1000,1000,1000,1000,1000,1000,110273183682,23976841900,110427,3422460498,4052100,212361736600,21306080,10296809380,10277720994,3937490,37975337100,996062510,999999793,207,82703,999516809,483191,13703625491,3422029000,6980,3425918980,999992497,7503,999930803,69197,3425904497,1000,1000,1000,1000,1000,1000,1000,110273194407,23977575200,110558,3422937773,3763700,212367616000,20329433,10296108533,10278264530,4002307,37976331900,995997693,999996662,3338,6055,999504125,495875,13704349275,3421687800,0,3426095040,999989705,10295,999932255,67745,3426084745,1000,1000,1000,1000,1000,1000,1000
517000,95980,627777,5160000000,30960000000,10000,60000,9868113138632,82204719,119251244,11209,5159904020,2000,73,2080303,10319785622,2629546351,17370453649,21858533349,9984509017,15490983,19475239,110292882597,24024527700,109989,3429799138,3742900,212782694600,30121197,10325973647,10298715491,3874637,38049809100,996125363,999981599,18401,64962,999474571,525429,13731619929,3427787600,5,3432906620,999997823,2177,999918362,81638,3432904438,1000,1000,1000,1000,1000,1000,1000,110293253905,24023440100,338,3429369754,3698600,212774466600,20374744,10315848894,10297699977,3955427,38048648100,996044573,999989208,10792,11681,999508704,491296,13730264996,3428682800,6781,3432576720,999995080,4920,999926781,73219,3432565019,1000,1000,1000,1000,1000,1000,1000,110293243896,24024114200,637,3429258524,3999000,212779821200,21825059,10317549609,10298209958,3893407,38049402900,996106593,999990918,9082,81911,999489853,510147,13730945147,3428349000,7160,3432746740,999995609,4391,999929911,70089,3432735189,1000,1000,1000,1000,1000,1000,1000
518000,93790,616894,5170000000,31020000000,10000,60000,9867874086744,81803484,118901639,10423,5169906210,2000,86,2079781,10339791574,2629586228,17370413772,21858456272,9984495279,15504721,19513653,110312854630,24071104600,110591,3436433610,3756200,213195233200,31232005,10347046005,10318665206,3953527,38123010900,996046473,999987234,12766,8307,999483401,516599,13758219799,3434448200,6600,3439562620,999998573,1427,999922007,77993,3439554593,1000,1000,1000,1000,1000,1000,1000,110313231393,24070036200,331,3435980203,3744800,213187152400,18931705,10334374205,10317668480,3950742,38121854700,996049258,999999050,950,8808,999507628,492372,13756886572,3435339600,4,3439232300,999985796,14204,999933108,66892,3439218092,1000,1000,1000,1000,1000,1000,1000,110313089794,24070702400,110439,3436368726,3649700,213192442400,22272960,10337962810,10318182878,4005834,38122689600,995994166,999998445,1555,15011,999495233,504767,13757576367,3434985400,7320,3439403220,999997589,2411,999929211,70789,3439393489,1000,1000,1000,1000,1000,1000,1000
519000,94030,641670,5180000000,31080000000,10000,60000,9867630086828,86313864,123398885,11391,5179905970,2000,494,2099963,10359789158,2629664792,17370335208,21858464308,9984567037,15432963,19552095,110332975575,24117717000,655,3442657024,4061900,213608114800,30236296,10366028846,10338617179,3888501,38196195600,996111499,999999111,889,80210,999492331,507669,13784820469,3441140400,1,3446210600,999992691,7309,999928610,71390,3446203290,1000,1000,1000,1000,1000,1000,1000,110333016426,24116536000,110324,3442857530,3657400,213598983200,19552223,10354921673,10337621376,3898380,38194933200,996101620,999986330,13670,6150,999474674,525326,13783492426,3441974700,4,3445879280,999991774,8226,999926050,73950,3445871050,1000,1000,1000,1000,1000,1000,1000,110333083308,24117281500,110339,3442913471,3749900,213605063000,22751067,10358407317,10338120361,3956776,38195888400,996043224,999990825,9175,17149,999494188,505812,13784160312,3441689000,6761,3446047220,999999492,508,999929049,70951,3446039951,1000,1000,1000,1000,1000,1000,1000
520000,94830,622600,5190000000,31140000000,10000,60000,9867392324470,84561420,121676795,10543,5189905170,2000,497,2082821,10379789254,2629684290,17370315710,21858293310,9984558279,15441721,19590833,110352953431,24164314600,642,3449405169,3960300,214020862800,31633854,10387398454,10358577658,3937784,38269452900,996062216,999987675,12325,66891,999502233,497767,13811436367,3447805200,6820,3452867060,999998469,1531,999926691,73309,3452858709,1000,1000,1000,1000,1000,1000,1000,110353034105,24163185200,110369,3449483955,3665400,214012174400,18913500,10374276250,10357598264,4025569,38268243000,995974431,999999027,973,8458,999504594,495406,13810125606,3448635600,0,3452543580,999983762,16238,999932358,67642,3452527342,1000,1000,1000,1000,1000,1000,1000,110353007015,24163823700,110308,3449490940,3839300,214017295400,22099199,10377702199,10358090813,3891020,38268996600,996108980,999990961,9039,70341,999485028,514972,13810787372,3448315900,7265,3452704960,999998864,1136,999921141,78859,3452696559,1000,1000,1000,1000,1000,1000,1000
521000,93880,629794,5200000000,31200000000,10000,60000,9867157545522,79827895,116969279,9890,5199906120,2000,5734,2085724,10399792460,2629778317,17370221683,21858238283,9984573976,15426024,19629636,110372921210,24210879900,603,3456065970,3938600,214433287800,33530396,10409250896,10378528058,3922940,38342625300,996077060,999998811,1189,82571,999517113,482887,13838034787,3454450200,6480,3459521080,999992129,7871,999932171,67829,3459506729,1000,1000,1000,1000,1000,1000,1000,110372989338,24209778100,110151,3455710561,4109400,214424864200,18075158,10393406908,10377566753,3873583,38341360200,996126417,999983746,16254,77863,999486610,513390,13836755090,3455307200,6341,3459196420,999998258,1742,999926263,73737,3459188337,1000,1000,1000,1000,1000,1000,1000,110373001071,24210440600,110605,3456269167,3702100,214430171600,21126018,10396706668,10378053454,3993729,38342286600,996006271,999995221,4779,10492,999498938,501062,13837403662,3454979400,6562,3459359600,999997170,2830,999929092,70908,3459350208,1000,1000,1000,1000,1000,1000,1000
522000,96180,632223,5210000000,31260000000,10000,60000,9866915933502,81968317,119170802,10333,5209903820,2000,79,2080811,10419786974,2629842019,17370157981,21858293881,9984545889,15454111,19667563,110392739685,24257471600,110742,3462732175,4072300,214845926400,34078455,10429764905,10398524882,3867926,38415801600,996132074,999986835,13165,79409,999488827,511173,13864699373,3461086000,6660,3466182560,999998591,1409,999924209,75791,3466174491,1000,1000,1000,1000,1000,1000,1000,110393050532,24256362800,321,3462430888,3935700,214837451200,17668863,10412964213,10397550158,3907907,38414591100,996092093,999998658,1342,80451,999489993,510007,13863397107,3461931500,0,3465856260,999990689,9311,999925151,74849,3465846949,1000,1000,1000,1000,1000,1000,1000,110392926926,24256922500,110347,3462552834,4080900,214841926600,21133480,10416638580,10397982398,3835053,38415260400,996164947,999999744,256,78591,999476393,523607,13863973707,3461647800,0,3465999780,999991529,8471,999920991,79009,3465991309,1000,1000,1000,1000,1000,1000,1000
523000,95390,629724,5220000000,31320000000,10000,60000,9866675210371,83260194,120526579,1211,5219904610,2000,5840,2105787,10439806798,2629906465,17370093535,21858156835,9984545433,15454567,19706031,110412774007,24304150800,110141,3469433712,4017600,215259387200,35565346,10451258196,10418510707,3913477,38489172600,996086523,999998793,1207,81816,999507409,492591,13891344891,3467768300,6241,3472848580,999991845,8155,999930916,69084,3472834184,1000,1000,1000,1000,1000,1000,1000,110413000347,24302910600,648,3469179431,3840400,215249716400,17560021,10432803471,10417496908,3955955,38487766200,996044045,999995220,4780,7165,999486457,513543,13889992543,3468584200,2,3472505640,999989997,10003,999928065,71935,3472495635,1000,1000,1000,1000,1000,1000,1000,110412999090,24303434000,343,3469670450,3460600,215253855200,19866069,10435302769,10417884058,3960643,38488479000,996039357,999999354,646,11011,999510053,489947,13890509047,3468293700,6680,3472640760,999990909,9091,999935611,64389,3472624989,1000,1000,1000,1000,1000,1000,1000
524000,93770,629100,5230000000,31380000000,10000,60000,9866434097413,84918663,122220013,2224,5229906230,2000,5608,2097938,10459808012,2629995376,17370004624,21858020024,9984541482,15458518,19744894,110432762961,24350742800,110196,3476475857,3624100,215672088000,36917762,10472580412,10438465920,3989802,38562492600,996010198,999999121,879,11519,999507399,492601,13917950301,3474450100,2,3479497160,999987223,12777,999933119,66881,3479484381,1000,1000,1000,1000,1000,1000,1000,110432852616,24349510500,111130,3475591224,4209900,215662465000,17136122,10452351372,10437468736,3915072,38560906200,996084928,999998654,1346,88182,999473946,526054,13916624654,3475251900,7040,3479163940,999999018,982,999924082,75918,3479155918,1000,1000,1000,1000,1000,1000,1000,110432810869,24350025800,110575,3475887391,4030300,215666470000,19032358,10454433508,10437885284,3885072,38561543400,996114928,999995020,4980,87748,999496964,503036,13917179236,3474902600,6700,3479304080,999996572,3428,999929548,70452,3479293952,1000,1000,1000,1000,1000,1000,1000
525000,94320,630324,5240000000,31440000000,10000,60000,9866195684342,83855208,121162112,10959,5239905680,2000,84,2083562,10479789442,2630030650,17369969350,21858010850,9984560318,15439682,19783660,110452738444,24397346200,110717,3482632756,4134400,216084895600,36209045,10491846745,10458434246,3914049,38635620900,996085951,999998636,1364,89487,999499741,500259,13944576659,3481128200,6760,3486156180,999992993,7007,999928387,71613,3486142413,1000,1000,1000,1000,1000,1000,1000,110452958308,24396096300,328,3482484528,3831300,216075079800,16124985,10471305435,10457417092,3999145,38634203400,996000855,999998857,1143,18012,999499420,500580,13943218180,3481907900,4,3485814920,999986172,13828,999934312,65688,3485801088,1000,1000,1000,1000,1000,1000,1000,110452725057,24396537500,110895,3482883443,3688300,216078413400,20883762,10476217412,10457832712,3911683,38634707400,996088317,999999167,833,22784,999490272,509728,13943776828,3481530000,6640,3485951120,999999636,364,999926084,73916,3485944116,1000,1000,1000,1000,1000,1000,1000
526000,95720,635635,5250000000,31500000000,10000,60000,9865954250640,85836030,123161984,2236,5249904280,2000,63472,2102466,10499804088,2630161270,17369838730,21857810530,9984599274,15400726,19822762,110472856548,24444008600,628,3489218151,4104400,216498249200,37531614,10513171114,10478430815,3917018,38708973600,996082982,999987610,12390,91592,999493677,506323,13971238423,3487817300,1,3492815600,999992009,7991,999921992,78008,3492807608,1000,1000,1000,1000,1000,1000,1000,110472940695,24442687700,611,3489048825,3916500,216487765000,14448909,10489598259,10477377256,3943336,38707395900,996056664,999998938,1062,82202,999506946,493054,13969830054,3488572700,0,3492471660,999981138,18862,999936202,63798,3492452798,1000,1000,1000,1000,1000,1000,1000,110472798651,24443047400,283,3489343769,3733700,216490408400,21261920,10496531520,10477745564,3958998,38707806600,996041002,999990476,9524,12078,999514414,485586,13970325986,3488190600,6880,3492591600,999995702,4298,999927778,72222,3492580422,1000,1000,1000,1000,1000,1000,1000
527000,95410,629206,5260000000,31560000000,10000,60000,9865716253411,84361121,121731141,11301,5259904590,2000,63101,2078042,10519786578,2630260232,17369739768,21857799568,9984569398,15430602,19861376,110492668212,24490529400,110794,3496074226,3992300,216910193200,36978031,10532548931,10498379114,3877901,38782067700,996122099,999995703,4297,82202,999514188,485812,13997833712,3494406300,2,3499469920,999984680,15320,999933002,66998,3499454598,1000,1000,1000,1000,1000,1000,1000,110492865703,24489310900,624,3495807957,3856500,216900652200,14335765,10509462665,10497388862,3992628,38780660700,996007372,999999237,763,20109,999472347,527653,13996518353,3495206000,6300,3499136180,999999611,389,999927609,72391,3499129491,1000,1000,1000,1000,1000,1000,1000,110492652970,24489625200,110502,3496226010,3639700,216902975200,22063297,10517296097,10497703472,3951761,38781026700,996048239,999999485,515,10024,999485852,514148,13996937848,3494882300,6340,3499241060,999999656,344,999925224,74776,3499234376,1000,1000,1000,1000,1000,1000,1000
528000,96580,622916,5270000000,31620000000,10000,60000,9865479107557,82048369,119497599,1163,5269903420,2000,62243,2108416,10539804514,2630356326,17369643674,21857830274,9984559304,15440696,19900118,110512694299,24536998700,619,3502617398,3974000,217321797400,36973329,10552460829,10518289105,3820497,38855101500,996179503,999999403,597,80006,999517601,482399,14024382799,3501050900,6663,3506108380,999991977,8023,999930006,69994,3506093694,1000,1000,1000,1000,1000,1000,1000,110512855280,24535902400,267,3502376158,3917900,217313384000,14310470,10529409170,10517344500,3883600,38853876300,996116400,999985649,14351,73649,999495649,504351,14023125451,3501871300,6842,3505789440,999998353,1647,999924049,75951,3505780951,1000,1000,1000,1000,1000,1000,1000,110512588481,24536205300,110766,3502572939,3992700,217315530600,22249842,10537444842,10517692662,3857406,38854134600,996142594,999992555,7445,75849,999443287,556713,14023589913,3501541500,0,3505898160,999999091,909,999918049,81951,3505897251,1000,1000,1000,1000,1000,1000,1000
529000,94690,631053,5280000000,31680000000,10000,60000,9865238031294,83636293,121101623,2291,5279905310,2000,97,2096492,10559806038,2630447687,17369552313,21857575913,9984569788,15430212,19938626,110532717875,24583675800,599,3509708284,3541300,217735212400,37019697,10572510997,10538280063,4044776,38928550800,995955224,999999434,566,2858,999520995,479005,14051035105,3507733300,1,3512769980,999985063,14937,999938158,61842,3512755042,1000,1000,1000,1000,1000,1000,1000,110532700903,24582445500,110990,3509219435,3845400,217725639800,14022638,10549069438,10537296856,3862214,38927036400,996137786,999991445,8555,73431,999487875,512125,14049724425,3508529400,2,3512441720,999985851,14149,999924331,75669,3512427569,1000,1000,1000,1000,1000,1000,1000,110532589089,24582817000,110981,3509530951,3644800,217728347600,22618815,10557788415,10537645740,3975960,38927456400,996024040,999999250,750,7290,999494450,505550,14050192450,3508174500,6900,3512559220,999994390,5610,999931090,68910,3512546710,1000,1000,1000,1000,1000,1000,1000
530000,95710,628571,5290000000,31740000000,10000,60000,9865002271790,79914727,117462953,1223,5289904290,2000,522,2100492,10579806134,2630353317,17369646683,21857711083,9984529308,15470692,19977042,110552505544,24630198100,110507,3516290996,3739300,218147221000,36728478,10592155028,10558239006,3979172,39001598100,996020828,999998189,1811,8517,999500611,499389,14077651689,3514355800,6760,3519420400,999999043,957,999932317,67683,3519412683,1000,1000,1000,1000,1000,1000,1000,110552765272,24629012300,318,3515786288,3829600,218138053400,13714985,10568716785,10557247220,3960201,39000216600,996039799,999999431,569,8930,999472310,527690,14076326890,3515195700,0,3519087880,999991790,8210,999929030,70970,3519079670,1000,1000,1000,1000,1000,1000,1000,110552678586,24629416000,295,3515686794,4010900,218141078400,23358694,10578499094,10557614806,3893481,39000594600,996106519,999999408,592,82327,999522921,477079,14076815779,3514806900,7460,3519220320,999988113,11887,999934227,65773,3519200973,1000,1000,1000,1000,1000,1000,1000
531000,96240,638998,5300000000,31800000000,10000,60000,9864760511841,82203539,119723245,9770,5299903760,2000,5838,2082726,10599787980,2630465980,17369534020,21857526220,9984578414,15421586,20015394,110572566682,24676724300,338,3522742878,3808200,218559324600,37173367,10612540617,10578174140,3931279,39074702700,996068721,999999319,681,7940,999517800,482200,14104230300,3520996600,6720,3526068540,999994340,5660,999933640,66360,3526056160,1000,1000,1000,1000,1000,1000,1000,110572785234,24675645400,322,3522558042,3691700,218551141200,13053437,10588044087,10577211032,4050223,39073544400,995949777,999999375,625,10652,999497120,502880,14102943280,3521876800,4,3525746540,999985712,14288,999931852,68148,3525732248,1000,1000,1000,1000,1000,1000,1000,110572630453,24676025000,647,3522672403,3715300,218553930000,23652960,10598770460,10577611376,3986162,39073917600,996013838,999998162,1838,18400,999487724,512276,14103479676,3521477600,4,3525874780,999993524,6476,999921700,78300,3525868300,1000,1000,1000,1000,1000,1000,1000
532000,94700,636790,5310000000,31860000000,10000,60000,9864520404661,82843186,120430729,11157,5309905300,2000,496,2081457,10619788286,2630554547,17369445453,21857559453,9984548003,15451997,20054089,110592450849,24723403600,110781,3529273350,4076500,218972788000,37495656,10632869456,10598188759,3930592,39147996300,996069408,999985802,14198,65010,999498751,501249,14130917749,3527675100,7041,3532737820,999998211,1789,999927010,72990,3532728990,1000,1000,1000,1000,1000,1000,1000,110592612300,24722167300,109920,3529237457,3772000,218963206600,12656538,10607586038,10597151297,3919671,39146637600,996080329,999999311,689,17540,999493243,506757,14129530557,3528526900,3,3532392780,999986483,13517,999929040,70960,3532379260,1000,1000,1000,1000,1000,1000,1000,110592507866,24722505300,626,3529170012,3887400,218965534600,23874470,10618907220,10597560810,3872579,39146885100,996127421,999997843,2157,63564,999465354,534646,14130080146,3528080200,2,3532522140,999997198,2802,999920464,79536,3532519336,1000,1000,1000,1000,1000,1000,1000
533000,94420,634202,5320000000,31920000000,10000,60000,9864282573043,81203156,118828286,10785,5319905580,2000,95,2083940,10639789590,2630590399,17369409601,21857407701,9984551440,15448560,20092630,110612428378,24770035000,110668,3536433162,3578100,219385797200,37853359,10653211309,10618179396,3973828,39221378400,996026172,999998810,1190,19882,999500586,499414,14157572014,3534324200,7020,3539401180,999998458,1542,999926482,73518,3539392618,1000,1000,1000,1000,1000,1000,1000,110612551022,24768711900,110656,3535880217,3784900,219375467000,13444924,10628322624,10617104267,4026124,39219779400,995973876,999998350,1650,14526,999486659,513341,14156135841,3535176400,1,3539041120,999990455,9545,999924926,75074,3539031574,1000,1000,1000,1000,1000,1000,1000,110612498119,24769081600,658,3535942921,3742100,219378072800,22837420,10637831770,10617498002,3940710,39220118400,996059290,999993669,6331,17659,999486357,513643,14156661643,3534747800,0,3539170720,999992921,7079,999929259,70741,3539163641,1000,1000,1000,1000,1000,1000,1000
534000,94740,632817,5330000000,31980000000,10000,60000,9864041144198,83181968,120898792,2214,5329905260,2000,38,2103032,10659806092,2630644466,17369355534,21857441234,9984517488,15482512,20131280,110632433703,24816689700,110736,3542876397,3801900,219799049000,36867498,10672221848,10638166034,3995125,39294657300,996004875,999993538,6462,19513,999494979,505021,14184221121,3541011600,6680,3546062540,999999227,773,999925913,74087,3546055087,1000,1000,1000,1000,1000,1000,1000,110632467388,24815196800,110657,3542273712,4038900,219787166400,14505218,10649303518,10637025510,3870539,39292754400,996129461,999998654,1346,81115,999483805,516195,14182698695,3541813900,6620,3545685760,999994045,5955,999927015,72985,3545673185,1000,1000,1000,1000,1000,1000,1000,110632433554,24815615800,305,3542738124,3579600,219790217200,22905179,10657841779,10637444292,3929963,39293272500,996070037,999995816,4184,6053,999506061,493939,14183257739,3541366800,6082,3545823480,999996049,3951,999929153,70847,3545813447,1000,1000,1000,1000,1000,1000,1000
535000,94670,630902,5340000000,32040000000,10000,60000,9863801759063,83073020,120791935,1193,5339905330,2000,479,2105341,10679808274,2630804983,17369195017,21857294617,9984556259,15443741,20169833,110652494873,24863221400,341,3549574507,3632800,220211210000,37190494,10692488444,10658109664,3892013,39367823100,996107987,999998951,1049,8138,999501574,498426,14210810226,3547658600,0,3552708540,999992022,7978,999924938,75062,3552700562,1000,1000,1000,1000,1000,1000,1000,110652497151,24861823800,110191,3549264187,3677200,220200194800,13511996,10668296196,10656983090,3981498,39366131400,996018502,999999712,288,7514,999510524,489476,14209303776,3548498700,2,3552341720,999978968,21032,999934714,65286,3552320686,1000,1000,1000,1000,1000,1000,1000,110652423667,24862245400,633,3549177113,3807300,220203222000,23663279,10678583979,10657428240,3997749,39366502200,996002251,999994849,5151,7000,999499060,500940,14209900940,3548037400,0,3552482840,999989860,10140,999931300,68700,3552472700,1000,1000,1000,1000,1000,1000,1000
536000,95550,633333,5350000000,32100000000,10000,60000,9863562013541,83335294,121100287,1222,5349904450,2000,26,2103937,10699806456,2630766735,17369233265,21857290565,9984547263,15452737,20208319,110672314651,24909739900,110752,3556233769,3727800,220623176600,36293354,10711524404,10678041558,3932712,39440884200,996067288,999990513,9487,15101,999506043,493957,14237387457,3554290800,7100,3559356860,999996139,3861,999931901,68099,3559345899,1000,1000,1000,1000,1000,1000,1000,110672470425,24908451300,111152,3555696774,3901700,220613190600,14044633,10688812633,10676965861,3875015,39439346700,996124985,999997074,2926,78459,999514398,485602,14235951002,3555155300,6141,3559001720,999989562,10438,999930159,69841,3558985141,1000,1000,1000,1000,1000,1000,1000,110672263064,24908811500,110410,3555812596,3941300,220615699800,24149804,10699029604,10677387224,4012179,39439660500,995987821,999998737,1263,15558,999492134,507866,14236516266,3554699300,6480,3559135620,999999902,98,999922858,77142,3559129042,1000,1000,1000,1000,1000,1000,1000
537000,94860,639935,5360000000,32160000000,10000,60000,9863323851600,82033444,119869721,1285,5359905140,2000,464,2105867,10719807710,2630855744,17369144256,21857295756,9984516253,15483747,20246663,110692289681,24956282400,110647,3562585078,4004600,221035476800,35838704,10731020704,10697978727,3859146,39513977700,996140854,999995622,4378,85076,999523249,476751,14263966951,3560955400,1,3566002280,999985945,14055,999930176,69824,3565988224,1000,1000,1000,1000,1000,1000,1000,110692385639,24955059700,110459,3562461158,3859300,221025969000,14017433,10708758033,10696986965,3935236,39512592300,996064764,999998002,1998,15166,999452901,547099,14262648999,3561800800,3,3565662900,999999137,863,999916466,83534,3565662034,1000,1000,1000,1000,1000,1000,1000,110692167896,24955346000,110741,3562396702,4042100,221027823200,24760164,10719580864,10697365840,3873644,39512738700,996126356,999998223,1777,72079,999461939,538061,14263153761,3561321100,2,3565790000,999997923,2077,999916679,83321,3565787921,1000,1000,1000,1000,1000,1000,1000
538000,95830,625249,5370000000,32220000000,10000,60000,9863083930203,82483492,120273248,2060,5369904170,2000,62397,2095836,10739804220,2631008095,17368991905,21857039105,9984591104,15408896,20285024,110712377493,25002899300,623,3569386907,3775200,221448361000,37062722,10752222872,10717955556,3961095,39587292000,996038905,999991067,8933,4072,999498616,501384,14290603284,3567639400,0,3572660100,999987628,12372,999931272,68728,3572647728,1000,1000,1000,1000,1000,1000,1000,110712426505,25001682500,110678,3569219653,3713200,221438946600,14395477,10729119327,10716927356,4004265,39585903600,995995735,999998726,1274,2761,999497505,502495,14289231195,3568484200,2,3572319680,999984161,15839,999930961,69039,3572303839,1000,1000,1000,1000,1000,1000,1000,110712297627,25001941600,305,3569061832,3879200,221440505600,23181255,10737970155,10717297491,3890794,39585987600,996109206,999999038,962,78644,999502853,497147,14289724447,3567986700,1,3572443580,999983377,16623,999936844,63156,3572426956,1000,1000,1000,1000,1000,1000,1000
539000,96100,635790,5380000000,32280000000,10000,60000,9862844194761,82743466,120612379,1293,5379903900,2000,57266,2092399,10759805214,2630953927,17369046073,21857000773,9984547241,15452759,20323755,110732295699,25049421000,616,3575947681,3872500,221860411600,37428421,10772526521,10737908230,3983057,39660374700,996016943,999991162,8838,16505,999488075,511925,14317208525,3574274800,0,3579307640,999992655,7345,999924505,75495,3579300295,1000,1000,1000,1000,1000,1000,1000,110732494414,25048376900,306,3575756362,3785000,221852520200,14137803,10748873203,10736978456,4046078,39659258700,995953922,999985918,14082,12740,999452684,547316,14315970816,3575141200,4,3578993740,999998624,1376,999913740,86260,3578992360,1000,1000,1000,1000,1000,1000,1000,110732183221,25048417900,294,3576161178,3442100,221852143800,23200470,10757907220,10737234709,3952071,39659117400,996047929,999999376,624,11305,999484696,515304,14316311704,3574612700,6961,3579087680,999996276,3724,999927405,72595,3579076995,1000,1000,1000,1000,1000,1000,1000
540000,94240,617560,5390000000,32340000000,10000,60000,9862605419562,82036043,119873775,10443,5389905760,2000,5588,2086698,10779790634,2631067405,17368932595,21856921395,9984611302,15388698,20362336,110752277209,25096024700,332,3582772630,3691800,222273221400,37983577,10793056827,10757870825,4006352,39733656900,995993648,999998599,1401,19247,999500422,499578,14343827478,3580940400,7001,3585964520,999999134,866,999921547,78453,3585956653,1000,1000,1000,1000,1000,1000,1000,110752398490,25094951000,111318,3582543186,3719300,222265017200,13762075,10768456775,10756894364,3979375,39732458100,996020625,999999311,689,10936,999489472,510528,14342521228,3581817100,4,3585640640,999986228,13772,999934736,65264,3585626864,1000,1000,1000,1000,1000,1000,1000,110752145624,25094985800,323,3582543056,3715300,222264626000,23197350,10777863250,10757188342,3974696,39732248100,996025304,999998745,1255,17249,999478407,521593,14342917293,3581282100,6000,3585736440,999998511,1489,999925049,74951,3585728951,1000,1000,1000,1000,1000,1000,1000
541000,93240,642158,5400000000,32400000000,10000,60000,9862364822450,83173186,121099308,11335,5399906760,2000,488,2083672,10799790850,2631098136,17368901864,21856955364,9984558548,15441452,20400998,110772160682,25142668000,111173,3589312878,3910800,222686287200,37265881,10812325331,10777855210,4012921,39806889000,995987079,999995706,4294,20785,999517175,482825,14370471225,3587581400,6500,3592629680,999992835,7165,999933085,66915,3592616015,1000,1000,1000,1000,1000,1000,1000,110772446240,25141503800,597,3588762079,4041900,222677309200,13528119,10788171969,10776849921,3907995,39805521300,996092005,999999474,526,83579,999492458,507542,14369130542,3588448600,7161,3592295840,999991942,8058,999935479,64521,3592280621,1000,1000,1000,1000,1000,1000,1000,110772094952,25141504200,298,3589188068,3696300,222676653200,24257254,10798860054,10777121560,3900986,39805356900,996099014,999994936,5064,10350,999496590,503410,14369492010,3587918400,0,3592380660,999989790,10210,999928150,71850,3592370450,1000,1000,1000,1000,1000,1000,1000
542000,96030,630879,5410000000,32460000000,10000,60000,9862125773267,82773392,120732540,1195,5409903970,2000,531,2098898,10819805550,2631225659,17368774341,21856782541,9984579462,15420538,20439712,110792220220,25189228700,271,3595982979,3795600,223098698200,37757865,10832772915,10797811305,3971082,39880086300,996028918,999993779,6221,9297,999499892,500108,14397081508,3594250100,7301,3599278200,999999304,696,999928397,71603,3599270203,1000,1000,1000,1000,1000,1000,1000,110792270788,25188019900,111436,3595539152,4011100,223089335000,13357279,10807938229,10796790244,3886637,39878633400,996113363,999999545,455,82008,999504164,495836,14395717136,3595082600,6520,3598942980,999990432,9568,999931108,68892,3598926892,1000,1000,1000,1000,1000,1000,1000,110792134710,25188197500,305,3595712605,3824100,223090244600,24041846,10818657446,10797110545,4020103,39878715000,995979897,999999308,692,15305,999509360,490640,14396142940,3594612600,5,3599045760,999986640,13360,999933905,66095,3599032395,1000,1000,1000,1000,1000,1000,1000
543000,96850,618430,5420000000,32520000000,10000,60000,9861886843897,82225894,120248567,1271,5419903150,2000,494,2101115,10839803758,2631280691,17368719309,21856791809,9984556665,15443335,20478223,110812017710,25235690200,111229,3602692508,3842400,223510198000,37478772,10852404872,10817738432,3860997,39953067600,996139003,999999110,890,81513,999498581,501419,14423646519,3600869100,2,3605922260,999985829,14171,999929913,70087,3605908087,1000,1000,1000,1000,1000,1000,1000,110812210473,25234640600,111049,3602318927,3919800,223502262800,12603641,10827164991,10816803152,3958482,39951922800,996041518,999998156,1844,20874,999474022,525978,14422403878,3601726900,0,3605601700,999999026,974,999917174,82826,3605600726,1000,1000,1000,1000,1000,1000,1000,110812088202,25234783400,286,3602377818,3834600,223502879600,25229163,10839811213,10817078068,3980213,39951923100,996019787,999998809,1191,21496,999488328,511672,14422770272,3601286200,6800,3605700460,999998544,1456,999927096,72904,3605692204,1000,1000,1000,1000,1000,1000,1000
544000,93480,635857,5430000000,32580000000,10000,60000,9861644592571,84987372,123031127,10990,5429906520,2000,91,2089195,10859791060,2631293543,17368706457,21856731757,9984562325,15437675,20516885,110832080575,25282204300,610,3609375745,3675200,223922197400,37098793,10871960593,10837653170,3978209,40026216000,996021791,999999304,696,10195,999513525,486475,14450200975,3607528400,6300,3612563860,999990245,9755,999932895,67105,3612547805,1000,1000,1000,1000,1000,1000,1000,110832173717,25281268500,110841,3608966019,3955900,223915218600,13158475,10847701075,10836803444,3925874,40025165400,996074126,999984760,15240,68686,999457942,542058,14449070658,3608373300,4,3612269020,999998198,1802,999916086,83914,3612267214,1000,1000,1000,1000,1000,1000,1000,110831943198,25281362900,111457,3609293522,3671400,223915433000,25158184,10859702384,10837035550,3957384,40025150400,996042616,999999269,731,17685,999498635,501365,14449380465,3607934800,6380,3612352100,999999195,805,999929585,70415,3612344915,1000,1000,1000,1000,1000,1000,1000
545000,95900,637274,5440000000,32640000000,10000,60000,9861409102267,81005731,119060516,10323,5439904100,2000,59,2085331,10879787554,2631418198,17368581802,21856688702,9984585829,15414171,20555283,110852074586,25328858500,308,3615532410,4190500,224335422600,37334791,10892191391,10857653300,3896256,40099411800,996103744,999993654,6346,88198,999504498,495502,14476866402,3614197000,4,3619227100,999986006,13994,999932198,67802,3619213102,1000,1000,1000,1000,1000,1000,1000,110852149487,25327850100,110981,3615764429,3789600,224327773000,13965786,10868470336,10856756644,3940976,40098402000,996059024,999999332,668,10856,999480512,519488,14475673188,3615014400,4,3618923560,999992988,7012,999924456,75544,3618916544,1000,1000,1000,1000,1000,1000,1000,110851899881,25327892200,111364,3615844779,3771200,224327597200,24212640,10878700940,10856973850,3939996,40098267900,996060004,999994311,5689,4115,999491665,508335,14475962635,3614606700,0,3618996280,999992505,7495,999926815,73185,3618988785,1000,1000,1000,1000,1000,1000,1000
546000,94690,631194,5450000000,32700000000,10000,60000,9861168212863,82424584,120566544,10291,5449905310,2000,38,2097122,10899790038,2631390647,17368609353,21856731053,9984548758,15451242,20593596,110871968353,25375364300,316,3622667027,3719400,224747308600,38857973,10913644223,10877607494,3902520,40172590800,996097480,999992943,7057,16123,999484829,515171,14503475771,3620820100,0,3625870940,999997337,2663,999923523,76477,3625868277,1000,1000,1000,1000,1000,1000,1000,110872210693,25374420200,293,3622046185,4059800,224740222800,12738754,10887200154,10876721914,3825414,40171503900,996174586,999999676,324,88162,999474348,525652,14502292852,3621658200,2,3625580040,999990900,9100,999926462,73538,3625570938,1000,1000,1000,1000,1000,1000,1000,110872025593,25374479600,300,3622204487,3904700,224740234400,24069691,10898524391,10876904678,4026582,40171453800,995973418,999999213,787,11331,999539453,460547,14502532847,3621266900,0,3625648340,999979829,20171,999942031,57969,3625628169,1000,1000,1000,1000,1000,1000,1000
547000,94260,619503,5460000000,32760000000,10000,60000,9860928595987,82583881,120773633,1139,5459905740,2000,94,2106250,10919809202,2631525668,17368474332,21856547132,9984548870,15451130,20632372,110891969655,25421922900,641,3628972285,4026800,225159738600,37892530,10932635830,10897525096,3903501,40245701100,996096499,999998933,1067,82732,999521636,478364,14530030864,3627497800,6520,3632520080,999992208,7792,999930532,69468,3632505768,1000,1000,1000,1000,1000,1000,1000,110892062716,25421032800,111130,3628997962,3879300,225153086400,12781565,10907220365,10896708674,3954534,40244805900,996045466,999991916,8084,11482,999472708,527292,14528943592,3628306100,2,3632238840,999996080,3920,999920282,79718,3632234918,1000,1000,1000,1000,1000,1000,1000,110891822630,25421078600,110971,3629224588,3725300,225152974800,25098108,10919524208,10896924724,3945664,40244715000,996054336,999989431,10569,9567,999472743,527257,14529231257,3627921800,2,3632311660,999994875,5125,999919867,80133,3632306533,1000,1000,1000,1000,1000,1000,1000
548000,94820,631292,5470000000,32820000000,10000,60000,9860686948308,84740676,122968530,2226,5469905180,2000,57,2106046,10939805908,2631616184,17368383816,21856502316,9984548994,15451006,20670802,110911917764,25468454900,312,3635876333,3784700,225571882600,37616647,10952302447,10917467213,3902142,40318887300,996097858,999999734,266,10092,999503479,496521,14556618721,3634166100,3,3639164200,999987311,12689,999931792,68208,3639151508,1000,1000,1000,1000,1000,1000,1000,110912111780,25467540300,591,3635848980,3551300,225565003800,13210073,10927580273,10916633146,3927519,40317953100,996072481,999991876,8124,11257,999487211,512789,14555509489,3634943800,6440,3638886900,999995883,4117,999923557,76443,3638876343,1000,1000,1000,1000,1000,1000,1000,110911930858,25467737200,612,3635790160,3705300,225566210400,25064931,10939485931,10916918978,4001587,40318028700,995998413,999999377,623,19890,999483112,516888,14555889488,3634574200,2,3638977960,999992552,7448,999924690,75310,3638970510,1000,1000,1000,1000,1000,1000,1000
549000,95010,636004,5480000000,32880000000,10000,60000,9860452631346,79585802,117824176,2115,5479904990,2000,37,2109024,10959805750,2631771648,17368228352,21856335952,9984580316,15419684,20709666,110931858061,25515020000,310,3642765096,3550100,225984296800,37163394,10971804444,10937438063,3941735,40392099000,996058265,999998592,1408,16057,999506694,493306,14583246306,3640791200,3,3645821580,999986666,13334,999929657,70343,3645808243,1000,1000,1000,1000,1000,1000,1000,110931984237,25514139200,111629,3642293823,3862400,225977749600,13878899,10948220849,10936590616,3883927,40391112000,996116073,999987649,12351,65722,999493306,506694,14582120294,3641615000,6640,3645537900,999998418,1582,999925622,74378,3645529678,1000,1000,1000,1000,1000,1000,1000,110931846240,25514350800,111679,3642195460,4029200,225979100800,24938716,10959338666,10936849874,3875823,40391212500,996124177,999993996,6004,89373,999514599,485401,14582464201,3641270200,6360,3645627580,999993107,6893,999936573,63427,3645614327,1000,1000,1000,1000,1000,1000,1000
550000,94390,621756,5490000000,32940000000,10000,60000,9860210617998,82095941,120279860,10349,5489905610,2000,60,2083297,10979790522,2631835439,17368164561,21856172661,9984647463,15352537,20748085,110951828079,25561631300,600,3648943681,4024900,226397118600,36639453,10991255453,10957404434,3894589,40465227600,996105411,999998382,1618,91793,999506959,493041,14609872541,3647453200,6720,3652474940,999999887,113,999931193,68807,3652468107,1000,1000,1000,1000,1000,1000,1000,110952071966,25560745100,585,3648925733,3792300,226390535800,14454856,10968770206,10956571965,3969394,40464369900,996030606,999999711,289,21217,999481752,518248,14608758348,3648276200,1,3652199200,999987184,12816,999928017,71983,3652186383,1000,1000,1000,1000,1000,1000,1000,110951948640,25560967500,294,3648750618,4029400,226392044600,24970675,10979352525,10956822202,3922371,40464486000,996077629,999999849,151,90478,999505276,494724,14609094124,3647960500,6642,3652285000,999993564,6436,999931878,68122,3652271922,1000,1000,1000,1000,1000,1000,1000
551000,95470,648465,5500000000,33000000000,10000,60000,9859970174182,83050953,121311643,9514,5499904530,2000,55,2083858,10999790032,2631833835,17368166165,21856226665,9984609602,15390398,20786434,110971673683,25608203900,111274,3655731737,3996900,226809626200,35745502,11010321652,10977374642,3880027,40538423400,996119973,999992346,7654,79919,999518777,481223,14636497423,3654084500,7060,3659136140,999993701,6299,999928819,71181,3659122781,1000,1000,1000,1000,1000,1000,1000,110971853187,25607236000,111246,3655623233,3878500,226802288800,15950154,10990188704,10976515238,3889674,40537399800,996110326,999974985,25015,20011,999448973,551027,14635353127,3654916100,0,3658839460,999998429,1571,999921011,78989,3658837889,1000,1000,1000,1000,1000,1000,1000,110971915332,25607586300,595,3655426507,4016800,226804953400,24479824,10998841124,10976808981,3943589,40537747500,996056411,999987398,12602,81009,999501428,498572,14635744872,3654612600,6941,3658944140,999998692,1308,999927809,72191,3658935891,1000,1000,1000,1000,1000,1000,1000
552000,93550,630691,5510000000,33060000000,10000,60000,9859731431890,82313490,120661435,10818,5509906450,2000,43,2085681,11019791264,2631739280,17368260720,21856288820,9984562439,15437561,20824703,110991666436,25654706100,616,3662613862,3710500,227221494600,37021463,11031526613,10997345630,3977337,40611564000,996022663,999998621,1379,7884,999459054,540946,14663127046,3660728400,2,3665782800,999998618,1382,999914384,85616,3665781416,1000,1000,1000,1000,1000,1000,1000,110991845325,25653815400,110841,3662081473,4025400,227214846800,16412371,11010613371,10996461554,3902801,40610554500,996097199,999998623,1377,86222,999500968,499032,14661943832,3661543800,2,3665497000,999985280,14720,999931122,68878,3665482278,1000,1000,1000,1000,1000,1000,1000,110991872616,25654151000,311,3662141098,3958100,227217362800,22912982,11017229282,10996768316,3906678,40610926200,996093322,999988187,11813,76409,999502193,497807,14662355207,3661256800,6546,3665601080,999992357,7643,999931509,68491,3665586891,1000,1000,1000,1000,1000,1000,1000
553000,94880,626876,5520000000,33120000000,10000,60000,9859493763147,80507653,118866786,11623,5519905120,2000,46,2085939,11039786994,2631872100,17368127900,21856191400,9984590181,15409819,20863375,111011589322,25701356400,110924,3669337036,3732200,227634699200,36562770,11051061920,11017306514,3963729,40684873500,996036271,999986011,13989,17882,999482168,517832,14689739532,3667418500,2,3672440480,999992540,7460,999925082,74918,3672433018,1000,1000,1000,1000,1000,1000,1000,111011814354,25700404000,111015,3668730823,4030600,227627490400,15961043,11030128693,11016426091,3885073,40683765000,996114927,999999296,704,85623,999501732,498268,14688563068,3668201800,3,3672152140,999984840,15160,999931723,68277,3672136977,1000,1000,1000,1000,1000,1000,1000,111011676174,25700659200,111421,3668943626,3919800,227629297600,23933765,11038182465,11016712110,3889646,40684020300,996110354,999988711,11289,68565,999493055,506945,14688949045,3667893500,6820,3672245060,999998695,1305,999924865,75135,3672236935,1000,1000,1000,1000,1000,1000,1000
554000,93300,623361,5530000000,33180000000,10000,60000,9859252177789,82644580,121096850,1293,5529906700,2000,41,2100056,11059810814,2632051469,17367948531,21856068731,9984549804,15450196,20902018,111031674302,25747908400,560,3676005657,3578400,228047030400,37620318,11072071168,11037241571,3931410,40758063600,996068590,999999164,836,17854,999506183,493817,14716317517,3674071300,1,3679089680,999986267,13733,999930754,69246,3679075946,1000,1000,1000,1000,1000,1000,1000,111031786805,25746981500,110921,3675591114,3807200,228040004600,14623236,11048750836,11036384775,3867594,40756995300,996132406,999999636,364,76942,999525067,474933,14715170933,3674832900,1,3678812460,999973699,26301,999940142,59858,3678786158,1000,1000,1000,1000,1000,1000,1000,111031751632,25747289200,300,3675192867,4249300,228042290400,24322594,11058554594,11036715311,3901412,40757224200,996098588,999981156,18844,64544,999464733,535267,14715619667,3674554400,1,3678906600,999997757,2243,999920844,79156,3678904356,1000,1000,1000,1000,1000,1000,1000
555000,96260,638679,5540000000,33240000000,10000,60000,9859009407611,85894066,124384895,1308,5539903740,2000,44,2107965,11079804864,2631988877,17368011123,21856151823,9984557995,15442005,20940859,111051599460,25794435100,576,3682625198,3618900,228459131800,37192204,11091583554,11057185694,3896508,40831170900,996103492,999983820,16180,16112,999493718,506282,14742913582,3680723000,7322,3685737240,999997970,2030,999924512,75488,3685727888,1000,1000,1000,1000,1000,1000,1000,111051827468,25793542300,615,3682031192,3926900,228452365400,16429182,11070509232,11056345558,3883709,40830124200,996116291,999999470,530,79961,999505703,494297,14741789897,3681482300,6300,3685463180,999987459,12541,999937861,62139,3685444339,1000,1000,1000,1000,1000,1000,1000,111051648043,25793853100,111453,3682439457,3708100,228454743000,23078691,11077268491,11056629516,3942342,40830527700,996057658,999991074,8926,15032,999519516,480484,14742169884,3681216700,6840,3685555620,999991588,8412,999933132,66868,3685540368,1000,1000,1000,1000,1000,1000,1000
556000,92090,619518,5550000000,33300000000,10000,60000,9858772079971,83724120,122189190,11141,5549907910,2000,55,2091232,11099793538,2632036391,17367963609,21855973709,9984605828,15394172,20979666,111071551732,25840995200,595,3688994364,3919900,228871552000,37408141,11111755741,11077145978,3971008,40904277000,996028992,999982117,17883,65809,999469731,530269,14769527269,3687398200,4,3692383400,999997895,2105,999918709,81291,3692381291,1000,1000,1000,1000,1000,1000,1000,111071818129,25840212600,294,3688981008,3663200,228865781200,16565950,11090650700,11076363235,3924733,40903546200,996075267,999998874,1126,11041,999484606,515394,14768480594,3688161200,3,3692128520,999988842,11158,999925741,74259,3692117359,1000,1000,1000,1000,1000,1000,1000,111071595900,25840412600,111943,3689271340,3542500,228867110000,22831186,11096973986,11076596558,3987320,40903720500,996012680,999999101,899,10081,999508823,491177,14768789477,3687860300,0,3692210720,999982199,17801,999934081,65919,3692192919,1000,1000,1000,1000,1000,1000,1000
557000,94330,629539,5560000000,33360000000,10000,60000,9858532403835,83917931,122402006,10542,5559905670,2000,56717,2086319,11119790256,2632181666,17367818334,21855908034,9984620301,15379699,21018057,111091521639,25887580100,335,3695774319,3773000,229284101800,36576570,11130885420,11097097542,3990907,40977500700,996009093,999998765,1235,18658,999492516,507484,14796129784,3694033000,6442,3699039500,999999184,816,999930158,69842,3699032242,1000,1000,1000,1000,1000,1000,1000,111091755891,25886745700,650,3695505609,3790100,229277930600,18454403,11112481853,11096300146,3917160,40976643600,996082840,999998107,1893,11247,999479201,520799,14795066599,3694818300,7020,3698774260,999999213,787,999924347,75653,3698766453,1000,1000,1000,1000,1000,1000,1000,111091701326,25887066800,585,3695713311,3660500,229280358400,21807421,11115946471,11096590243,3947761,40977017100,996052239,999999698,302,21137,999498894,501106,14795449306,3694541200,3,3698872120,999986946,13054,999929637,70363,3698859063,1000,1000,1000,1000,1000,1000,1000
558000,96140,634659,5570000000,33420000000,10000,60000,9858294968067,81889059,120433447,1354,5569903860,2000,63752,2101176,11139805012,2632229426,17367770574,21855844174,9984613884,15386116,21057096,111111519371,25934180300,601,3702142026,4044200,229696870200,36844962,11151126812,11117051849,3917536,41050673100,996082464,999999860,140,79324,999509375,490625,14822733425,3700704300,6303,3705695000,999992879,7121,999935024,64976,3705681576,1000,1000,1000,1000,1000,1000,1000,111111614515,25933317500,111481,3702006565,4043100,229690430200,18757289,11132744489,11116250176,3865894,41049764700,996134106,999999426,574,88532,999485356,514644,14821666644,3701479300,6300,3705423540,999999228,772,999926632,73368,3705416468,1000,1000,1000,1000,1000,1000,1000,111111659204,25933644100,595,3701967592,4057600,229692850600,21332638,11135430288,11116552530,3892430,41050101300,996107570,999999563,437,81533,999503603,496397,14822064697,3701178200,4,3705528200,999983971,16029,999936633,63367,3705512167,1000,1000,1000,1000,1000,1000,1000
559000,94950,623824,5580000000,33480000000,10000,60000,9858053595087,83782650,122328911,11611,5579905050,2000,543,2091083,11159786878,2632301537,17367698463,21855806163,9984640537,15359463,21095715,111131321110,25980638800,111427,3709304528,3643700,230108400800,36537415,11170732615,11136973060,3919203,41123787600,996080797,999998682,1318,9079,999497019,502981,14849292681,3707352300,2,3712333820,999985803,14197,999928779,71221,3712319621,1000,1000,1000,1000,1000,1000,1000,111131614993,25979895100,111592,3708754947,3918800,230103018200,19333902,11153285652,11136184850,3884641,41123002200,996115359,999999336,664,79495,999511345,488655,14848244155,3708156400,7260,3712073500,999993065,6935,999932295,67705,3712059305,1000,1000,1000,1000,1000,1000,1000,111131495533,25980268500,110987,3709139706,3675800,230105817800,21277316,11155357366,11136555599,3981406,41123458200,996018594,999999246,754,15740,999488241,511759,14848740459,3707823000,6881,3712192760,999998981,1019,999923540,76460,3712184860,1000,1000,1000,1000,1000,1000,1000
560000,94530,627110,5590000000,33540000000,10000,60000,9857815124085,82788169,121406076,10199,5589905470,2000,446,2092165,11179790542,2632401854,17367598146,21855780546,9984608435,15391565,21134177,111151335479,26027288700,111507,3715454340,4136800,230521599000,36343451,11190532301,11156939055,3888615,41196986100,996111385,999999177,823,88462,999510907,489093,14875916293,3714039500,5961,3718990540,999992659,7341,999933762,66238,3718977238,1000,1000,1000,1000,1000,1000,1000,111151542394,26026470600,111576,3715280064,4078500,230515505200,19131493,11173041743,11156168398,3819697,41196144300,996180303,999990887,9113,82090,999482892,517108,14874890908,3714796600,6502,3718729880,999999132,868,999927590,72410,3718722510,1000,1000,1000,1000,1000,1000,1000,111151423665,26026788700,111802,3715664793,3792700,230517775800,21786000,11175798400,11156504000,3849785,41196498300,996150215,999999074,926,78089,999498089,501911,14875334111,3714428700,2,3718843780,999986333,13667,999933789,66211,3718830111,1000,1000,1000,1000,1000,1000,1000
561000,94370,629096,5600000000,33600000000,10000,60000,9857577096328,81373714,120067502,2115,5599905630,2000,475,2102658,11199807030,2632498342,17367501658,21855585458,9984581602,15418398,21172732,111171299129,26073860800,111716,3722095071,4140400,230934115200,35495212,11209644812,11176889510,3888943,41270177700,996111057,999997558,2442,86915,999512405,487595,14902519295,3720705900,6220,3725636160,999999845,155,999931815,68185,3725629785,1000,1000,1000,1000,1000,1000,1000,111171649950,26073101600,624,3721954730,3921900,230928540000,19470174,11193366224,11176152704,3887827,41269460100,996112173,999999085,915,79758,999521354,478646,14901533546,3721427700,6340,3725397360,999989822,10178,999928658,71342,3725380842,1000,1000,1000,1000,1000,1000,1000,111171344122,26073354300,111252,3722232714,3913000,230930260600,22387393,11196359393,11176491200,3887384,41269664100,996112616,999986742,13258,68758,999463658,536342,14901987742,3721082300,4,3725498120,999998426,1574,999913758,86242,3725496542,1000,1000,1000,1000,1000,1000,1000
562000,96650,627994,5610000000,33660000000,10000,60000,9857335856123,83122728,121844786,2252,5609903350,2000,5728,2102562,11219802196,2632502851,17367497149,21855605549,9984591998,15408002,21211494,111191258641,26120403600,111330,3729249117,3651300,231346388800,35431626,11229530476,11196842864,3971466,41343443100,996028534,999993823,6177,10357,999501293,498707,14929119107,3727371400,2,3732290380,999985865,14135,999929657,70343,3732276243,1000,1000,1000,1000,1000,1000,1000,111191490634,26119667300,110916,3728731684,3919000,231340953800,20359274,11214210474,11196115858,3837508,41342625000,996162492,999999358,642,86450,999508192,491808,14928149808,3728079500,2,3732047960,999985992,14008,999930950,69050,3732033950,1000,1000,1000,1000,1000,1000,1000,111191426918,26119921200,610,3728740880,3934100,231342656000,21699478,11215625328,11196433246,3894604,41342816100,996105396,999998280,1720,82676,999475430,524570,14928574970,3727731800,2,3732149800,999991926,8074,999927776,72224,3732141724,1000,1000,1000,1000,1000,1000,1000
563000,95150,640900,5620000000,33720000000,10000,60000,9857098906751,80592394,119355824,1190,5619904850,2000,5302,2089310,11239807320,2632562645,17367437355,21855496955,9984576030,15423970,21250150,111211227153,26167051700,111639,3735489387,4088600,231759489000,35877807,11249964407,11216838392,3912267,41416620600,996087733,999999531,469,81264,999488472,511528,14955783528,3734022700,6700,3738954820,999997016,2984,999933364,66636,3738945136,1000,1000,1000,1000,1000,1000,1000,111211429956,26166216600,111370,3735521464,3778900,231753202000,20776276,11234574326,11216064156,3907870,41415802200,996092130,999994712,5288,3842,999511486,488514,14954749414,3734714700,6840,3738700480,999991618,8382,999935242,64758,3738685258,1000,1000,1000,1000,1000,1000,1000,111211322427,26166561700,111304,3735607530,3816600,231755769000,20899715,11234815065,11216404843,4012590,41416150200,995987410,999999267,733,16077,999499734,500266,14955204166,3734395800,6363,3738812560,999993126,6874,999931677,68323,3738799323,1000,1000,1000,1000,1000,1000,1000
564000,94140,627620,5630000000,33780000000,10000,60000,9856858203168,81837406,120636833,2219,5629905860,2000,5777,2103545,11259807282,2632600974,17367399026,21855430226,9984593115,15406885,21288997,111231220300,26213670800,111179,3742521800,3716900,232172479200,36928886,11270999986,11236819814,3997285,41489995800,996002715,999988278,11722,7793,999484479,515521,14982423721,3740705400,0,3745612000,999991907,8093,999924693,75307,3745603907,1000,1000,1000,1000,1000,1000,1000,111231330468,26212704600,111283,3741954232,4008600,232164998800,20654460,11254378810,11236010266,3884827,41488811700,996115173,999981144,18856,60317,999486751,513249,14981346249,3741359800,0,3745338300,999997683,2317,999919917,80083,3745335983,1000,1000,1000,1000,1000,1000,1000,111231271994,26213136800,111691,3742027925,4052900,232168303200,20110957,11253987807,11236372089,3914902,41489284500,996085098,999999097,903,72195,999495306,504694,14981829094,3741046200,6361,3745464440,999998926,1074,999926095,73905,3745457005,1000,1000,1000,1000,1000,1000,1000
565000,97030,628018,5640000000,33840000000,10000,60000,9856617470914,83105679,121904743,2122,5639902970,2000,585,2093168,11279801696,2632818393,17367181607,21855290207,9984621332,15378668,21327228,111251177549,26260248400,111152,3749294151,3590900,232584996000,38106255,11292137455,11256775066,3930839,41563203000,996069161,999997906,2094,15867,999491601,508399,15009033299,3747351500,6900,3752265500,999999633,367,999927767,72233,3752258233,1000,1000,1000,1000,1000,1000,1000,111251322626,26259374800,110800,3748540432,4093100,232578325600,20082683,11273806183,11256016094,3921034,41562118500,996078966,999986776,13224,68342,999489748,510252,15008020952,3748008500,6102,3752012480,999998480,1520,999922942,77058,3752004858,1000,1000,1000,1000,1000,1000,1000,111251231685,26259651000,111742,3748674475,4052200,232580342800,19612709,11273427759,11256289122,3870478,41562400200,996129522,999998787,1213,68309,999488387,511613,15008385013,3747735800,5980,3752103320,999998551,1449,999925009,74991,3752095891,1000,1000,1000,1000,1000,1000,1000
566000,95960,636946,5650000000,33900000000,10000,60000,9856378117541,82982340,121833343,1370,5649904040,2000,447,2101963,11299805340,2632811481,17367188519,21855251519,9984616977,15383023,21366017,111271266074,26306818800,316,3755788646,3613100,232997484800,39066456,11313056906,11276724860,3955851,41636385900,996044149,999994481,5519,9630,999519670,480330,15035630030,3753993300,6580,3758921100,999990650,9350,999932730,67270,3758905170,1000,1000,1000,1000,1000,1000,1000,111271416093,26305922000,595,3755451425,3696700,232990594400,20012098,11293683998,11275942066,3975052,41635355100,996024948,999996748,3252,10296,999509130,490870,15034584770,3754671700,2,3758656660,999986046,13954,999935496,64504,3758642704,1000,1000,1000,1000,1000,1000,1000,111271175409,26306232400,112175,3755440690,3969400,232992932000,18842503,11292621703,11276274143,3896017,41635619700,996103983,999981445,18555,62828,999461685,538315,15035031415,3754391300,1,3758759600,999997673,2327,999916728,83272,3758757272,1000,1000,1000,1000,1000,1000,1000
567000,95800,626586,5660000000,33960000000,10000,60000,9856136684957,84931396,123804543,2122,5659904200,2000,5261,2091391,11319804156,2632868953,17367131047,21855130547,9984622849,15377151,21404605,111291154833,26353537000,111344,3762388987,3821600,233411274800,39928940,11333941490,11296760802,4041338,41709756300,995958662,999985597,14403,13659,999494657,505343,15062347443,3760671100,6380,3765593900,999999121,879,999925259,74741,3765586641,1000,1000,1000,1000,1000,1000,1000,111291361055,26352473000,631,3762077902,3723800,233402898000,18789325,11312411325,11295895953,3933245,41708499300,996066755,999999907,93,9262,999506009,493991,15061190391,3761318600,3,3765307080,999987361,12639,999934562,65438,3765294438,1000,1000,1000,1000,1000,1000,1000,111291242596,26352761700,632,3761840562,4079300,233405045000,19295238,11313015338,11296198726,3896928,41708710800,996103072,999991804,8196,83376,999487950,512050,15061598050,3761032700,7102,3765407180,999999246,754,999922176,77824,3765399324,1000,1000,1000,1000,1000,1000,1000
568000,94710,620002,5670000000,34020000000,10000,60000,9855897278327,84818434,123725203,10246,5669905290,2000,5524,2088381,11339790088,2632936161,17367063839,21855169939,9984624939,15375061,21443327,111311241183,26400049400,262,3768907597,3790500,233823254000,40322697,11354269897,11316665490,3896242,41782846800,996103758,999999857,143,81515,999538025,461975,15088883475,3767317900,6340,3772235860,999988465,11535,999937015,62985,3772217985,1000,1000,1000,1000,1000,1000,1000,111311178930,26399006300,110655,3768896430,3676100,233815073400,17801821,11331368121,11315848650,3924822,41781639000,996075178,999990917,9083,12095,999496745,503255,15087796655,3767965500,5980,3771958620,999995365,4635,999925695,74305,3771948005,1000,1000,1000,1000,1000,1000,1000,111311099330,26399381700,111494,3768565269,4137500,233817937000,20038106,11333736456,11316188483,3879779,41781950400,996120221,999984987,15013,75208,999472625,527375,15088250775,3767688300,1,3772063900,999998393,1607,999922708,77292,3772062292,1000,1000,1000,1000,1000,1000,1000
569000,94910,639622,5680000000,34080000000,10000,60000,9855661754157,80868713,119797180,10805,5679905090,2000,64189,2078797,11359788570,2632917470,17367082530,21855119030,9984632203,15367797,21481873,111331067034,26446700700,111941,3775907264,3632900,234236405400,40481758,11374419508,11336698308,3944850,41856180000,996055150,999986875,13125,22125,999478317,521683,15115597483,3773974500,6582,3778906540,999999217,783,999926025,73975,3778899175,1000,1000,1000,1000,1000,1000,1000,111331115166,26445545900,111350,3775156611,4071900,234227248600,18253756,11351763556,11335796793,3883127,41854667700,996116873,999999399,601,82372,999490079,509921,15114394821,3774608400,6503,3778607240,999997291,2709,999928272,71728,3778598028,1000,1000,1000,1000,1000,1000,1000,111331198761,26445925100,289,3775477274,3739700,234230207000,19465825,11353113125,11336111815,3999132,41855193900,996000868,999997782,2218,15950,999497435,502565,15114810665,3774356000,5,3778714120,999984735,15265,999931650,68350,3778698850,1000,1000,1000,1000,1000,1000,1000
570000,95830,630084,5690000000,34140000000,10000,60000,9855419332642,83810273,122745311,11449,5689904170,2000,63073,2076796,11379785442,2632991015,17367008985,21855040785,9984662184,15337816,21520426,111351125028,26493254500,291,3782118712,3934800,234648737800,40323948,11394213248,11356655334,3964977,41929275900,996035023,999998250,1750,16673,999505339,494661,15142206761,3780590600,6080,3785558560,999998947,1053,999924473,75527,3785551427,1000,1000,1000,1000,1000,1000,1000,111351135015,26492174400,111361,3782197044,3676900,234640283200,19164332,11372660232,11355760595,3974901,41928049200,996025099,999998793,1207,15892,999500397,499603,15141009403,3781299400,1,3785262980,999985829,14171,999933792,66208,3785248808,1000,1000,1000,1000,1000,1000,1000,111351058890,26492506500,111480,3782163150,3820800,234642845000,18818863,11372433363,11356066880,3980632,41928400200,996019368,999992822,7178,4990,999494210,505790,15141420090,3781037200,6220,3785366680,999992750,7250,999924290,75710,3785353210,1000,1000,1000,1000,1000,1000,1000
571000,95080,634384,5700000000,34200000000,10000,60000,9855184757385,78928204,117929460,2176,5699904920,2000,57559,2099968,11399805488,2633163889,17366836111,21854892511,9984657272,15342728,21558560,111371097247,26539829000,603,3789064973,3634300,235061255600,39236872,11413086722,11376609700,3937910,42002526000,996062090,999998460,1540,14550,999515650,484350,15168810650,3787244100,6520,3792214320,999993150,6850,999928350,71650,3792200950,1000,1000,1000,1000,1000,1000,1000,111371218505,26538787800,616,3788552655,3880900,235053186800,19540296,11393015996,11375733766,4020039,42001272000,995979961,999999246,754,16407,999485441,514559,15167644859,3787984700,6800,3791918380,999999513,487,999925307,74693,3791911093,1000,1000,1000,1000,1000,1000,1000,111371087757,26539035500,573,3788976663,3567700,235054937400,19651189,11393205339,11376028240,3933095,42001556400,996066905,999998205,1795,17510,999470470,529530,15168035230,3787675400,0,3792014260,999992730,7270,999920210,79790,3792006990,1000,1000,1000,1000,1000,1000,1000
572000,94430,616950,5710000000,34260000000,10000,60000,9854940617236,83558981,122629726,2264,5709905570,2000,5704,2104233,11419806612,2633078017,17366921983,21854982183,9984630867,15369133,21597379,111391018068,26586362700,591,3795627452,3741200,235473390200,38081351,11431872901,11396572854,3937953,42075619800,996062047,999999106,894,17253,999494499,505501,15195428001,3793881000,0,3798862560,999992587,7413,999924453,75547,3798855147,1000,1000,1000,1000,1000,1000,1000,111391200991,26585368900,588,3795311164,3768400,235465737000,20304493,11413741943,11395688089,3953542,42074485800,996046458,999999735,265,17493,999492904,507096,15194246196,3794641800,5,3798571880,999986232,13768,999935893,64107,3798558107,1000,1000,1000,1000,1000,1000,1000,111390920277,26585623500,111632,3795519340,3805400,235467550200,20243552,11413762502,11396008551,4002928,42074710800,995997072,999998731,1269,8203,999457452,542548,15194677548,3794317300,3,3798670560,999998440,1560,999916603,83397,3798668997,1000,1000,1000,1000,1000,1000,1000
573000,95300,623721,5720000000,34320000000,10000,60000,9854700532110,84141647,123215221,9452,5719904700,2000,5273,2089878,11439790496,2633239957,17366760043,21854894743,9984652302,15347698,21635998,111410973404,26632888300,288,3802377794,3619400,235885463000,39091002,11452821402,11416501970,3932146,42148754400,996067854,999999410,590,10564,999512994,487006,15221998006,3800522300,2,3805509900,999986138,13862,999931464,68536,3805496036,1000,1000,1000,1000,1000,1000,1000,111411022561,26631918300,111344,3802196818,3651100,235878071000,20426052,11433815702,11415647329,3890089,42147671100,996109911,999984024,15976,14935,999487106,512894,15220862794,3801290400,7281,3805223680,999999066,934,999923535,76465,3805215465,1000,1000,1000,1000,1000,1000,1000,111411059246,26632268100,307,3802148854,3689400,235880707400,19223202,11432733902,11415966558,3991547,42148042200,996008453,999996398,3602,5851,999493093,506907,15221287507,3800994100,6380,3805331040,999996289,3711,999925751,74249,3805320949,1000,1000,1000,1000,1000,1000,1000
574000,96030,638904,5730000000,34380000000,10000,60000,9854464514552,80711405,119880287,1295,5729903970,2000,57369,2106832,11459805350,2633198957,17366801043,21854868943,9984613068,15386932,21675118,111430795132,26679459200,112155,3808914008,3858200,236297914400,39759888,11473447138,11436472562,3909470,42221862300,996090530,999998999,1001,80429,999506867,493133,15248628633,3807154300,6500,3812166920,999995651,4349,999928629,71371,3812156071,1000,1000,1000,1000,1000,1000,1000,111431083270,26678480200,303,3808253245,4152200,236290477200,18802649,11452147449,11435608573,3894792,42220728600,996105208,999987683,12317,69391,999465418,534582,15247477582,3807956000,5,3811870560,999998454,1546,999921591,78409,3811869009,1000,1000,1000,1000,1000,1000,1000,111431009201,26678847200,271,3808899037,3594900,236293240800,20237490,11453709140,11435935870,3947785,42221245800,996052215,999998309,1691,15224,999492254,507746,15247914146,3807633000,6602,3811985920,999998958,1042,999925624,74376,3811978276,1000,1000,1000,1000,1000,1000,1000
575000,96140,618483,5740000000,34440000000,10000,60000,9854222084290,83633828,122848132,2106,5739903860,2000,115,2098596,11479803508,2633159118,17366840882,21854877782,9984598244,15401756,21713952,111450801815,26726123000,111543,3815256002,4177100,236711206000,39258661,11492943661,11456471585,3938697,42295122300,996061303,999998883,1117,80186,999511601,488399,15275290799,3813814600,3,3818833160,999986057,13943,999933786,66214,3818819214,1000,1000,1000,1000,1000,1000,1000,111450944921,26725013800,111438,3814958634,4171700,236702651600,19485485,11472774485,11455536269,3895906,42293855400,996104094,999999359,641,80553,999502284,497716,15274043816,3814596100,5,3818521180,999986372,13628,999928253,71747,3818507547,1000,1000,1000,1000,1000,1000,1000,111450862123,26725388000,111587,3815436157,3796900,236705474400,20244606,11473663256,11455872820,3881189,42294333600,996118811,999998959,1041,83770,999515150,484850,15274494350,3814277100,6860,3818636620,999991770,8230,999929170,70830,3818621530,1000,1000,1000,1000,1000,1000,1000
576000,96380,634525,5750000000,34500000000,10000,60000,9853982353596,83903315,123137052,1334,5749903620,2000,82,2100165,11499804572,2633291911,17366708089,21854734689,9984619135,15380865,21752707,111470897123,26772746800,636,3822328237,3648300,237124186400,39181726,11512850026,11476448094,4011056,42368517300,995988944,999999009,991,10453,999518559,481441,15301928041,3820479800,6260,3825494460,999991747,8253,999930253,69747,3825479947,1000,1000,1000,1000,1000,1000,1000,111471036409,26771677600,564,3821886511,3809800,237115932000,20150935,11493436985,11475548078,4008637,42367260000,995991363,999990028,9972,10491,999494913,505087,15300726787,3821244900,0,3825190660,999988049,11951,999926791,73209,3825178709,1000,1000,1000,1000,1000,1000,1000,111470896662,26771830800,287,3822217496,3548100,237116853600,19753882,11493078382,11475768612,3911684,42367390800,996088316,999999567,433,9683,999501271,498729,15301019629,3820946300,2,3825266580,999984439,15561,999930783,69217,3825251017,1000,1000,1000,1000,1000,1000,1000
577000,94990,636931,5760000000,34560000000,10000,60000,9853744978815,81808794,121091942,2224,5759905010,2000,466,2099376,11519805572,2633359309,17366640691,21854663791,9984607404,15392596,21791176,111490855206,26819295800,290,3828637131,3989800,237536455600,39518180,11533134680,11496392953,3880552,42441576000,996119448,999999584,416,82832,999513979,486021,15328519121,3827137100,3,3832140620,999985551,14449,999936632,63368,3832126168,1000,1000,1000,1000,1000,1000,1000,111490877267,26818255700,111868,3828550731,3908000,237528453000,21065867,11514312217,11495505448,3917853,42440411400,996082147,999992998,7002,75145,999495597,504403,15327340303,3827893800,6722,3831842460,999999117,883,999928145,71855,3831834855,1000,1000,1000,1000,1000,1000,1000,111490740875,26818475200,112047,3828658303,3899200,237529959200,18602656,11511915706,11495774890,3999694,42440605800,996000306,999998268,1732,11674,999486484,513516,15327699616,3827590900,6502,3831931940,999999288,712,999924374,75626,3831924726,1000,1000,1000,1000,1000,1000,1000
578000,94440,619313,5770000000,34620000000,10000,60000,9853505295068,81982943,121296301,1140,5769905560,2000,538,2108318,11539808840,2633432511,17366567489,21854607689,9984624682,15375318,21829722,111510670695,26865799200,111823,3835677823,3701400,237948397600,39442527,11552992477,11516318866,3942170,42514742100,996057830,999991876,8124,17106,999512440,487560,15355091660,3833796500,6562,3838779840,999999516,484,999926506,73494,3838772794,1000,1000,1000,1000,1000,1000,1000,111510913748,26864924700,110889,3835106812,4002600,237941813400,20023213,11533270963,11515487922,3940821,42513732000,996059179,999999000,1000,84979,999508157,491843,15353978543,3834579600,0,3838506680,999983941,16059,999938579,61421,3838490621,1000,1000,1000,1000,1000,1000,1000,111510697105,26865034500,111434,3835121455,4075500,237942319400,19851059,11533116709,11515727054,3873764,42513712500,996126236,999995777,4223,87613,999498759,501241,15354301641,3834227700,6400,3838584280,999996707,3293,999928613,71387,3838574587,1000,1000,1000,1000,1000,1000,1000
579000,94260,633575,5780000000,34680000000,10000,60000,9853263637700,84129600,123410697,10452,5779905740,2000,57,2082521,11559790576,2633532100,17366467900,21854503700,9984669579,15330421,21868155,111530624689,26912397600,111876,3842135149,3924900,238361092000,39821163,11573339713,11536315508,3909121,42587897400,996090879,999997976,2024,83255,999499647,500353,15381749353,3840427600,2,3845447820,999986027,13973,999926655,73345,3845433845,1000,1000,1000,1000,1000,1000,1000,111530861918,26911510300,112013,3841822740,3965800,238354481400,19683171,11552899471,11535467324,3864468,42586965600,996135532,999988545,11455,68177,999484353,515647,15380620547,3841250000,2,3845160880,999992345,7655,999924477,75523,3845153223,1000,1000,1000,1000,1000,1000,1000,111530793062,26911594700,579,3841775733,3958100,238354754200,19904384,11553127184,11535666501,3933367,42586918500,996066633,999999014,986,91347,999497946,502054,15380884154,3840914400,5,3845231200,999986458,13542,999931447,68553,3845217653,1000,1000,1000,1000,1000,1000,1000
580000,95080,628976,5790000000,34740000000,10000,60000,9853026275082,82009573,121373476,11493,5789904920,2000,62784,2080249,11579786854,2633519955,17366480045,21854511845,9984623131,15376869,21906785,111550637970,26959071700,112346,3849061149,3640600,238774461800,39066647,11592586547,11556299295,4026223,42661305900,995973777,999998895,1105,3472,999523177,476823,15408396123,3847088600,6941,3852112580,999991189,8811,999935072,64928,3852096828,1000,1000,1000,1000,1000,1000,1000,111550937683,26958082200,556,3848179777,4121700,238766931600,20004306,11573177256,11555422254,3854747,42660099600,996145253,999999860,140,91213,999515559,484441,15407225141,3847868900,0,3851816480,999986407,13593,999933413,66587,3851802887,1000,1000,1000,1000,1000,1000,1000,111550691877,26958087100,557,3848371542,4015800,238766543000,20396387,11573544437,11555607203,3923212,42659969400,996076788,999997890,2110,65978,999483975,516025,15407475425,3847545700,1,3851870760,999997463,2537,999922778,77222,3851868222,1000,1000,1000,1000,1000,1000,1000
581000,95970,633153,5800000000,34800000000,10000,60000,9852787585446,81249423,120698141,2249,5799904030,2000,63522,2096556,11599803562,2633548569,17366451431,21854522431,9984593824,15406176,21945986,111570707525,27005611200,282,3855232055,4000200,239186690400,38562213,11612028963,11576237222,3887501,42734359800,996112499,999994470,5530,82769,999527347,472653,15434979453,3853749000,6560,3858759320,999989471,10529,999935469,64531,3858742231,1000,1000,1000,1000,1000,1000,1000,111570779129,27004696600,111710,3855366251,3737800,239179789200,21288905,11594438655,11575418014,3977650,42733437900,996022350,999998863,1137,9413,999485899,514101,15433887901,3854528600,0,3858478240,999991647,8353,999927213,72787,3858469887,1000,1000,1000,1000,1000,1000,1000,111570623157,27004612700,575,3855173283,3859900,239178597400,19749957,11592835707,11575549392,3951677,42733112400,996048323,999998721,1279,12044,999490852,509148,15434065648,3854173800,6580,3858523460,999999376,624,999924944,75056,3858516256,1000,1000,1000,1000,1000,1000,1000
582000,95280,645795,5810000000,34860000000,10000,60000,9852546836356,82489831,121905040,10156,5809904720,2000,45,2074981,11619789128,2633744787,17366255213,21854296713,9984644339,15355661,21984567,111590738268,27052315500,516,3861804249,4114500,239600415800,38802850,11632289400,11596246301,3920792,42807750000,996079208,999998920,1080,85128,999504527,495473,15461658073,3860468100,3,3865422760,999989015,10985,999930628,69372,3865411772,1000,1000,1000,1000,1000,1000,1000,111590841561,27051251400,607,3861625599,4008200,239592113200,21500728,11614601378,11595361668,3864222,42806521800,996135778,999986578,13422,75356,999494688,505312,15460481712,3861174800,6300,3865127880,999998464,1536,999930056,69944,3865120044,1000,1000,1000,1000,1000,1000,1000,111590580110,27051175700,573,3861824250,3850000,239590990600,19423432,11612463382,11595506098,3914820,42806263200,996085180,999999381,619,83061,999505263,494737,15460672837,3860806000,6320,3865178940,999994119,5881,999929061,70939,3865166739,1000,1000,1000,1000,1000,1000,1000
583000,93610,624097,5820000000,34920000000,10000,60000,9852308032974,81841220,121377013,1218,5819906390,2000,5598,2107349,11639810344,2633746894,17366253106,21854388806,9984594551,15405449,22022995,111610692189,27098850200,577,3868763150,3779100,240012580400,39510541,11652940541,11616179475,3852786,42880944900,996147214,999999008,992,79522,999532447,467553,15488235553,3867101800,6801,3872074120,999988759,11241,999934122,65878,3872056078,1000,1000,1000,1000,1000,1000,1000,111610653864,27097781800,111444,3868710056,3704500,240004250800,21907604,11634950554,11615328788,3945010,42879715800,996054990,999999646,354,18036,999477948,522052,15487102652,3867809400,0,3871781060,999992804,7196,999922036,77964,3871773864,1000,1000,1000,1000,1000,1000,1000,111610534590,27097706400,318,3868281846,4044200,240003149600,18495660,11631479210,11615446944,3884137,42879355200,996115863,999999073,927,82536,999499092,500908,15487258008,3867470700,4,3871824820,999986248,13752,999928236,71764,3871811064,1000,1000,1000,1000,1000,1000,1000
584000,93380,629573,5830000000,34980000000,10000,60000,9852070263896,80152493,119708720,2175,5829906620,2000,5113,2108037,11659808890,2633853089,17366146911,21854252111,9984613423,15386577,22061613,111630692570,27145504200,304,3875353950,3858400,240425807600,39302815,11672727765,11636166804,3943273,42954244500,996056727,999998931,1069,81558,999522254,477746,15514886146,3873787200,6180,3878734300,999991222,8778,999934958,65042,3878719342,1000,1000,1000,1000,1000,1000,1000,111630615683,27144374000,111775,3875245174,3823200,240416896800,21215324,11654224624,11635299705,3961379,42952898700,996038621,999996865,3135,16986,999481681,518319,15513730419,3874451100,3,3878438280,999992437,7563,999924686,75314,3878430714,1000,1000,1000,1000,1000,1000,1000,111630481208,27144233700,327,3875077212,3884500,240415247400,19489175,11652412925,11635377970,3803450,42952501500,996196550,999998595,1405,82545,999505275,494725,15513833625,3874122400,0,3878466660,999988995,11005,999930545,69455,3878455655,1000,1000,1000,1000,1000,1000,1000
585000,95470,628893,5840000000,35040000000,10000,60000,9851828826338,82121995,121656986,10892,5839904530,2000,5150,2079115,11679787276,2633821433,17366178567,21854202967,9984644705,15355295,22100581,111650565016,27192131200,111208,3881995382,3993100,240838803200,37696943,11691105743,11656149902,3922026,43027494600,996077974,999993134,6866,74708,999517706,482294,15541530694,3880455600,6662,3885394980,999992474,7526,999932808,67192,3885380792,1000,1000,1000,1000,1000,1000,1000,111650664298,27190910700,296,3881867642,3725400,240829064600,21653375,11674606075,11655243384,3928180,43026042900,996071820,999998778,1222,12298,999496414,503586,15540323986,3881079700,6980,3885089160,999998422,1578,999924698,75302,3885080602,1000,1000,1000,1000,1000,1000,1000,111650450572,27190837300,540,3881347006,4287400,240828045000,20755989,11673654139,11655354230,3943294,43025662200,996056706,999998198,1802,85204,999489574,510426,15540469626,3880796100,2,3885123440,999991958,8042,999925604,74396,3885115396,1000,1000,1000,1000,1000,1000,1000
586000,93830,631738,5850000000,35100000000,10000,60000,9851585778631,85705851,125349335,2201,5849906170,2000,490,2099946,11699807938,2633863882,17366136118,21854171318,9984595694,15404306,22139232,111670651484,27238765200,542,3888439496,4106500,241251848800,36828208,11710223108,11676152656,3969114,43100752500,996030886,999998456,1544,81142,999514686,485314,15568198914,3887100800,0,3892060140,999986118,13882,999929142,70858,3892046258,1000,1000,1000,1000,1000,1000,1000,111670498349,27237444000,111746,3888711570,3643400,241241197600,22028881,11694923231,11675188129,3950290,43099177500,996049710,999998755,1245,8365,999491836,508164,15566914664,3887726900,1,3891735060,999991476,8524,999928765,71235,3891726535,1000,1000,1000,1000,1000,1000,1000,111670372788,27237382000,579,3888287431,4016700,241240283200,21376483,11694221433,11675318581,3921767,43098865500,996078233,999982556,17444,13889,999470008,529992,15567091092,3887436700,1,3891773560,999998952,1048,999919589,80411,3891772511,1000,1000,1000,1000,1000,1000,1000
587000,94100,617317,5860000000,35160000000,10000,60000,9851346804378,85207078,124858037,1411,5859905900,2000,61709,2111081,11719808978,2633943256,17366056744,21854105144,9984638219,15361781,22178097,111690521826,27285407200,111996,3895418054,3904700,241664927200,37049938,11730431988,11696137292,3962351,43174088400,996037649,999999325,675,11474,999513182,486818,15594847718,3893760100,7500,3898723940,999993986,6014,999932674,67326,3898710426,1000,1000,1000,1000,1000,1000,1000,111690475051,27283983000,111986,3894988529,3997000,241653460400,22427802,11715271202,11695104702,3903620,43172247000,996096380,999999499,501,84279,999503377,496623,15593471623,3894415600,6060,3898376920,999996061,3939,999929279,70721,3898366921,1000,1000,1000,1000,1000,1000,1000,111690370807,27283895800,601,3895053673,3840500,241652296400,20836234,11713617784,11695214068,3907020,43171996200,996092980,999999456,544,81136,999525368,474632,15593611632,3894093400,0,3898418940,999978624,21376,999935136,64864,3898397564,1000,1000,1000,1000,1000,1000,1000
588000,95300,630078,5870000000,35220000000,10000,60000,9851111246333,81305672,120967877,1186,5869904700,2000,535,2096277,11739807028,2634103605,17365896395,21853869495,9984650723,15349277,22216651,111710599618,27331996300,317,3901875439,4005900,242077605400,37929100,11751279900,11716110787,3943435,43247279100,996056565,999986580,13420,68245,999494658,505342,15621478342,3900433900,3,3905375680,999991878,8122,999927145,72855,3905367555,1000,1000,1000,1000,1000,1000,1000,111710579667,27330637700,323,3901701553,3858100,242066729800,22107067,11734947967,11715110300,3988910,43245616200,996011090,999998240,1760,21030,999482430,517570,15620144570,3901098900,0,3905041760,999992510,7490,999921630,78370,3905034270,1000,1000,1000,1000,1000,1000,1000,111710268073,27330465400,575,3901905967,3671700,242064739600,20403470,11733141520,11715209448,3968176,43245210000,996031824,999990692,9308,12616,999499568,500432,15620278932,3900708300,6180,3905076660,999999004,996,999919816,80184,3905069484,1000,1000,1000,1000,1000,1000,1000
589000,95620,644302,5880000000,35280000000,10000,60000,9850871565643,81490778,121179997,10524,5879904380,2000,43,2083207,11759787712,2634113921,17365886079,21853966979,9984649413,15350587,22255425,111730545774,27378521600,261,3908715286,3793400,242489666400,38861837,11772150787,11736039930,3952098,43320435900,996047902,999999143,857,20345,999516315,483685,15648050885,3907067000,6720,3912024740,999992935,7065,999932745,67255,3912010955,1000,1000,1000,1000,1000,1000,1000,111730530940,27377229800,300,3908249017,3987200,242479406000,21121547,11753930697,11735089917,3875263,43318797600,996124737,999984943,15057,65780,999461963,538037,15646785937,3907758900,3,3911697880,999998143,1857,999915480,84520,3911696020,1000,1000,1000,1000,1000,1000,1000,111730125075,27377000400,111890,3908420437,3907200,242476860000,20595471,11753274171,11735140742,3907304,43318261200,996092696,999999259,741,81655,999510713,489287,15646847887,3907355800,8,3911726460,999980693,19307,999935855,64145,3911707145,1000,1000,1000,1000,1000,1000,1000
590000,95810,622404,5890000000,35340000000,10000,60000,9850629476615,84132948,123901836,1226,5889904190,2000,36,2100260,11779805928,2634122963,17365877037,21853881437,9984625700,15374300,22294328,111750390419,27425115200,111780,3915299481,3987800,242902304800,37492223,11790746873,11756014994,3911394,43393586100,996088606,999999827,173,81733,999507339,492661,15674684361,3913711700,6580,3918682840,999993107,6893,999936533,63467,3918669367,1000,1000,1000,1000,1000,1000,1000,111750399803,27423799800,111547,3915031475,3925500,242891826800,21066513,11773830713,11755021258,3954832,43391983800,996045168,999993082,6918,14550,999503292,496708,15673360608,3914393100,6162,3918348720,999996792,3208,999932050,67950,3918339350,1000,1000,1000,1000,1000,1000,1000,111750214904,27423608600,260,3914840951,4035700,242889698000,22144924,11774799974,11755110399,3934961,43391484300,996065039,999993449,6551,84488,999503389,496611,15673475711,3914032500,5,3918379780,999985537,14463,999933188,66812,3918365312,1000,1000,1000,1000,1000,1000,1000
591000,94380,625131,5900000000,35400000000,10000,60000,9850390851223,83261413,123033101,2277,5899905620,2000,56540,2101002,11799806686,2634341536,17365658464,21853720664,9984662538,15337462,22333224,111770446128,27471701100,319,3921744552,4105700,243314956600,37234526,11810456676,11776007042,3867181,43466777400,996132819,999998830,1170,90149,999491207,508793,15701339993,3920356300,0,3925341140,999991811,8189,999923849,76151,3925332951,1000,1000,1000,1000,1000,1000,1000,111770551814,27470479500,288,3921835741,3671500,243305343000,21677421,11794451421,11775013107,4031764,43465415400,995968236,999999698,302,6534,999508227,491773,15700012073,3921096200,5,3925015180,999983791,16209,999932534,67466,3924998966,1000,1000,1000,1000,1000,1000,1000,111770144098,27470083800,279,3921643279,3863700,243301363600,21835482,11794410232,11775020219,3859329,43464562200,996140671,999999688,312,81059,999509440,490560,15700022260,3920683500,3,3925016140,999985904,14096,999932259,67741,3925002041,1000,1000,1000,1000,1000,1000,1000
592000,95090,638204,5910000000,35460000000,10000,60000,9850153466679,81150060,120943821,11015,5909904910,2000,57585,2086171,11819787790,2634305539,17365694461,21853763861,9984664349,15335651,22371939,111790383176,27518242100,259,3928835182,3656600,243727151400,37599643,11830766343,11795959188,3980332,43540008600,996019668,999997977,2023,15945,999500357,499643,15727942843,3926981500,2,3931991880,999991777,8223,999925045,74955,3931983655,1000,1000,1000,1000,1000,1000,1000,111790389726,27517043400,112036,3928398234,3873400,243717715600,20964983,11813691783,11794972672,3901242,43538514000,996098758,999999596,404,82454,999511182,488818,15726623618,3927729000,0,3931670780,999980166,19834,999938854,61146,3931650946,1000,1000,1000,1000,1000,1000,1000,111790014015,27516659000,112011,3928502924,3768600,243713943600,22306985,11814846085,11794969135,3941851,43537806600,996058149,999999793,207,6142,999507507,492493,15726620193,3927369700,1,3931667020,999984039,15961,999929742,70258,3931651058,1000,1000,1000,1000,1000,1000,1000
593000,95950,634329,5920000000,35520000000,10000,60000,9849912840389,82315561,122114789,10307,5919904050,2000,5611,2079142,11839787486,2634452450,17365547550,21853582650,9984690658,15309342,22410744,111810275321,27564894000,111906,3935541078,3740300,244140340800,39291055,11852450605,11815946581,3986786,43613297400,996013214,999998695,1305,19809,999488528,511472,15754590872,3933664800,1,3938658000,999986292,13708,999930609,69391,3938644291,1000,1000,1000,1000,1000,1000,1000,111810426859,27563578700,533,3934854897,3958300,244129884600,20721951,11833392401,11814928348,3887821,43611621000,996112179,999999685,315,89664,999506016,493984,15753233184,3934363900,4,3938318680,999986160,13840,999932964,67036,3938304836,1000,1000,1000,1000,1000,1000,1000,111809999131,27563271500,111809,3935214606,3709800,244126779000,21002304,11833517054,11814933957,3958773,43611058200,996041227,999999253,747,19680,999508323,491677,15753240477,3934038700,3,3938320920,999985603,14397,999935480,64520,3938306520,1000,1000,1000,1000,1000,1000,1000
594000,95020,634105,5930000000,35580000000,10000,60000,9849674363125,81329956,121232867,11392,5929904980,2000,57370,2081035,11859787176,2634486481,17365513519,21853638019,9984627345,15372655,22449221,111830380256,27611540400,289,3942068343,3735400,244553475200,39050967,11872200617,11835934269,3993767,43686595200,996006233,999999682,318,10615,999517646,482354,15781240854,3940299700,1,3945321100,999985486,14514,999934515,65485,3945306585,1000,1000,1000,1000,1000,1000,1000,111830367683,27610110900,596,3941442437,4008100,244541996200,20925432,11853536332,11834868754,3866680,43684724700,996133320,999999673,327,78493,999522239,477761,15779820261,3940990200,6440,3944972180,999985767,14233,999937593,62407,3944951507,1000,1000,1000,1000,1000,1000,1000,111829913118,27609754300,112193,3941725202,3840600,244538492600,21135076,11853571576,11834856706,3837626,43684065600,996162374,999998963,1037,86637,999510031,489969,15779806269,3940675400,6060,3944963640,999991983,8017,999931737,68263,3944949563,1000,1000,1000,1000,1000,1000,1000
595000,92180,624791,5940000000,35640000000,10000,60000,9849434181251,82030340,121981500,10326,5939907820,2000,5750,2090972,11879794988,2634445191,17365554809,21853610709,9984628188,15371812,22488376,111850169028,27658034000,112598,3948567829,4007800,244965272800,38670909,11891746209,11855870753,3866131,43759585800,996133869,999998473,1527,78942,999501189,498811,15807827411,3946938600,6783,3951964220,999999221,779,999926742,73258,3951956658,1000,1000,1000,1000,1000,1000,1000,111850238811,27656757800,111729,3948549406,3681200,244955149200,21816523,11874418623,11854860817,3962616,43758102600,996037384,999998996,1004,15180,999512063,487937,15806479037,3947659500,6563,3951630940,999993843,6157,999935380,64620,3951618220,1000,1000,1000,1000,1000,1000,1000,111849959451,27656356700,273,3948194307,3963500,244951258200,20795577,11873204627,11854860062,3992190,43757285700,996007810,999988298,11702,14808,999462946,537054,15806479854,3947336700,2,3951620480,999999314,686,999918808,81192,3951619792,1000,1000,1000,1000,1000,1000,1000
596000,93730,640357,5950000000,35700000000,10000,60000,9849195031956,81673859,121647962,11304,5949906270,2000,533,2089171,11899789932,2634579315,17365420685,21853567685,9984642369,15357631,22527301,111870128880,27704610800,111904,3955338796,3911000,245377800800,40171397,11913207597,11875841280,3837738,43832792400,996162262,999998166,1834,86528,999481648,518352,15834452152,3953600200,4,3958619540,999991336,8664,999927528,72472,3958610872,1000,1000,1000,1000,1000,1000,1000,111870278564,27703261900,285,3955156273,3632000,245367083000,21291412,11893826362,11874803951,3932639,43831206300,996067361,999992222,7778,3483,999487932,512068,15833067968,3954322000,3,3958275920,999988100,11900,999927983,72017,3958264017,1000,1000,1000,1000,1000,1000,1000,111869846545,27702961300,111871,3955167954,3720900,245364048200,19942301,11892325151,11874816855,3949656,43830572700,996050344,999987428,12572,20772,999501017,498983,15833086283,3953982800,1,3958278000,999991429,8571,999926172,73828,3958269428,1000,1000,1000,1000,1000,1000,1000
597000,94450,633387,5960000000,35760000000,10000,60000,9848953814540,83440586,123450687,2270,5959905550,2000,5759,2097741,11919806560,2634590526,17365409474,21853428174,9984653459,15346541,22565819,111890282980,27751314700,283,3961676759,4107500,245791501400,38821013,11931875513,11895832877,3951448,43906160400,996048552,999998769,1231,82121,999504144,495856,15861108456,3960290700,6401,3965288120,999993860,6140,999930121,69879,3965275579,1000,1000,1000,1000,1000,1000,1000,111890220827,27749796100,278,3961657212,3767400,245779204200,20886283,11913362033,11894738509,3876595,43904275500,996123405,999999830,170,81235,999499526,500474,15859648974,3960958400,6281,3964923860,999992886,7114,999934135,65865,3964910465,1000,1000,1000,1000,1000,1000,1000,111889789094,27749514900,111854,3961400226,4160000,245776361800,21790058,11914123308,11894768168,3886447,43903620000,996113553,999987163,12837,89216,999482648,517352,15859690352,3960645100,7220,3964931020,999998384,1616,999926216,73784,3964922184,1000,1000,1000,1000,1000,1000,1000
598000,94420,625089,5970000000,35820000000,10000,60000,9848713269924,84480811,124528873,10371,5969905580,2000,41,2088044,11939790418,2634652835,17365347165,21853418765,9984644576,15355424,22604594,111910110114,27797855000,112112,3968719705,3827400,246203671600,37237388,11950234988,11915788675,3853611,43979334600,996146389,999998853,1147,87742,999504367,495633,15887713333,3966917700,1,3971939360,999985299,14701,999935142,64858,3971924658,1000,1000,1000,1000,1000,1000,1000,111910070814,27796360800,111914,3968215725,3953500,246191642400,21292171,11933724721,11914702967,3890980,43977414300,996109020,999993656,6344,82076,999523409,476591,15886264091,3967581900,1,3971580720,999980405,19595,999934576,65424,3971561124,1000,1000,1000,1000,1000,1000,1000,111909917737,27796095800,281,3968339860,3722400,246189015600,23113661,11935415161,11914701685,3994111,43976952600,996005889,999999017,983,11406,999515721,484279,15886263679,3967330800,3,3971577700,999984297,15703,999930806,69194,3971561994,1000,1000,1000,1000,1000,1000,1000
599000,96390,628822,5980000000,35880000000,10000,60000,9848477986009,80265547,120335460,11694,5979903610,2000,430,2093881,11959783832,2634670756,17365329244,21853447044,9984667459,15332541,22643491,111930133017,27844343100,577,3975327081,3760300,246615443800,37173417,11970095767,11935723902,3868481,44052408300,996131519,999997779,2221,80898,999495696,504304,15914294604,3973556000,2,3978582500,999988204,11796,999927698,72302,3978570702,1000,1000,1000,1000,1000,1000,1000,111930023834,27842990100,111653,3974957466,3901100,246604640200,21718911,11954135161,11934698882,3915569,44050697700,996084431,999992198,7802,72329,999493447,506553,15912931553,3974249900,6820,3978240360,999999131,869,999924929,75071,3978232671,1000,1000,1000,1000,1000,1000,1000,111929854243,27842663800,547,3974687856,4053600,246601473200,22880720,11955139820,11934666539,3852253,44050051800,996147747,999982883,17117,65530,999482691,517309,15912888009,3974001900,1,3978223600,999997871,2129,999924130,75870,3978221470,1000,1000,1000,1000,1000,1000,1000
600000,95750,622229,5990000000,35940000000,10000,60000,9848236438481,82404974,122515790,9931,5989904250,2000,5742,2079078,11979788638,2634786955,17365213045,21853177645,9984651082,15348918,22682820,111950100309,27890937000,265,3982221411,3503900,247028124400,38327574,11991218224,11955688884,4004041,44125690800,995995959,999992399,7601,5058,999515874,484126,15940916126,3980193600,6520,3985240920,999992842,7158,999928458,71542,3985227242,1000,1000,1000,1000,1000,1000,1000,111949986435,27889599400,112670,3981846365,3687200,247017450800,21880835,11974271585,11954684450,3997371,44123988300,996002629,999999106,894,20235,999481185,518815,15939578915,3980903500,6560,3984902080,999998945,1055,999923435,76565,3984894465,1000,1000,1000,1000,1000,1000,1000,111949840170,27889259600,539,3981410090,3971000,247014198400,21652270,11973882220,11954623814,3910922,44123294100,996089078,999996025,3975,85303,999503189,496811,15939497211,3980659800,6720,3984883740,999996377,3623,999926303,73697,3984873397,1000,1000,1000,1000,1000,1000,1000
