Time,pX,pY,pZ,pX*,pY*,amino,Sx,Sy,DNA-Y,DNA-Z,DNA-Z_X*,DNA-Z_X*_Y*,DNA-Y_X*
0,100,0,0,0,0,1000000,100,100,1,1,0,0,0
10,100,0,0,0,0,1000000,100,100,1,1,0,0,0
20,100,0,0,0,0,1000000,100,100,1,1,0,0,0
30,100,0,0,0,0,1000000,100,100,1,1,0,0,0
40,100,0,0,0,0,1000000,100,100,1,1,0,0,0
50,100,0,0,0,0,1000000,100,100,1,1,0,0,0
60,100,0,0,0,0,1000000,100,100,1,1,0,0,0
70,100,0,0,0,0,1000000,100,100,1,1,0,0,0
80,100,0,0,0,0,1000000,100,100,1,1,0,0,0
90,100,0,0,0,0,1000000,100,100,1,1,0,0,0
100,100,0,0,0,0,1000000,100,100,1,1,0,0,0
110,100,0,0,0,0,1000000,100,100,1,1,0,0,0
120,100,0,0,0,0,1000000,100,100,1,1,0,0,0
130,100,0,0,0,0,1000000,100,100,1,1,0,0,0
140,100,0,0,0,0,1000000,100,100,1,1,0,0,0
150,100,0,0,0,0,1000000,100,100,1,1,0,0,0
160,100,0,0,0,0,1000000,100,100,1,1,0,0,0
170,100,0,0,0,0,1000000,100,100,1,1,0,0,0
180,100,0,0,0,0,1000000,100,100,1,1,0,0,0
190,100,0,0,0,0,1000000,100,100,1,1,0,0,0
200,100,0,0,0,0,1000000,100,100,1,1,0,0,0
210,100,0,0,0,0,1000000,100,100,1,1,0,0,0
220,100,0,0,0,0,1000000,100,100,1,1,0,0,0
230,99,0,0,1,0,1000000,99,100,1,1,0,0,0
240,99,0,0,1,0,1000000,99,100,1,1,0,0,0
250,99,0,0,1,0,1000000,99,100,1,1,0,0,0
260,99,0,0,1,0,1000000,99,100,1,1,0,0,0
270,99,0,0,1,0,1000000,99,100,1,1,0,0,0
280,99,0,0,1,0,1000000,99,100,1,1,0,0,0
290,99,0,0,1,0,1000000,99,100,1,1,0,0,0
300,99,0,0,1,0,1000000,99,100,1,1,0,0,0
310,99,0,0,1,0,1000000,99,100,1,1,0,0,0
320,99,0,0,1,0,1000000,99,100,1,1,0,0,0
330,99,0,0,1,0,1000000,99,100,1,1,0,0,0
340,99,0,0,1,0,1000000,99,100,1,1,0,0,0
350,99,0,0,1,0,1000000,99,100,1,1,0,0,0
360,99,0,0,1,0,1000000,99,100,1,1,0,0,0
370,99,0,0,1,0,1000000,99,100,1,1,0,0,0
380,99,0,0,1,0,1000000,99,100,1,1,0,0,0
390,99,0,0,1,0,1000000,99,100,1,1,0,0,0
400,99,0,0,1,0,1000000,99,100,1,1,0,0,0
410,99,0,0,1,0,1000000,99,100,1,1,0,0,0
420,98,0,0,2,0,1000000,98,100,1,1,0,0,0
430,98,0,0,2,0,1000000,98,100,1,1,0,0,0
440,98,0,0,2,0,1000000,98,100,1,1,0,0,0
450,98,0,0,2,0,1000000,98,100,1,1,0,0,0
460,98,0,0,2,0,1000000,98,100,1,1,0,0,0
470,98,0,0,2,0,1000000,98,100,1,1,0,0,0
480,98,0,0,2,0,1000000,98,100,1,1,0,0,0
490,98,0,0,2,0,1000000,98,100,1,1,0,0,0
500,98,0,0,2,0,1000000,98,100,1,1,0,0,0
510,98,0,0,2,0,1000000,98,100,1,1,0,0,0
520,98,0,0,2,0,1000000,98,100,1,1,0,0,0
530,98,0,0,2,0,1000000,98,100,1,1,0,0,0
540,98,0,0,2,0,1000000,98,100,1,1,0,0,0
550,98,0,0,2,0,1000000,98,100,1,1,0,0,0
560,98,0,0,2,0,1000000,98,100,1,1,0,0,0
570,98,0,0,2,0,1000000,98,100,1,1,0,0,0
580,98,0,0,2,0,1000000,98,100,1,1,0,0,0
590,98,0,0,2,0,1000000,98,100,1,1,0,0,0
600,98,0,0,2,0,1000000,98,100,1,1,0,0,0
610,98,0,0,2,0,1000000,98,100,1,1,0,0,0
620,98,0,0,2,0,1000000,98,100,1,1,0,0,0
630,98,0,0,2,0,1000000,98,100,1,1,0,0,0
640,98,0,0,2,0,1000000,98,100,1,1,0,0,0
650,97,0,0,3,0,1000000,97,100,1,1,0,0,0
660,97,0,0,3,0,1000000,97,100,1,1,0,0,0
670,97,0,0,3,0,1000000,97,100,1,1,0,0,0
680,97,0,0,3,0,1000000,97,100,1,1,0,0,0
690,96,0,0,4,0,1000000,96,100,1,1,0,0,0
700,96,0,0,4,0,1000000,96,100,1,1,0,0,0
710,96,0,0,4,0,1000000,96,100,1,1,0,0,0
720,96,0,0,4,0,1000000,96,100,1,1,0,0,0
730,96,0,0,4,0,1000000,96,100,1,1,0,0,0
740,96,0,0,4,0,1000000,96,100,1,1,0,0,0
750,96,0,0,4,0,1000000,96,100,1,1,0,0,0
760,96,0,0,4,0,1000000,96,100,1,1,0,0,0
770,96,0,0,4,0,1000000,96,100,1,1,0,0,0
780,95,0,0,5,0,1000000,95,100,1,1,0,0,0
790,94,0,0,6,0,1000000,94,100,1,1,0,0,0
800,94,0,0,6,0,1000000,94,100,1,1,0,0,0
810,94,0,0,6,0,1000000,94,100,1,1,0,0,0
820,94,0,0,6,0,1000000,94,100,1,1,0,0,0
830,93,0,0,7,0,1000000,93,100,1,1,0,0,0
840,93,0,0,7,0,1000000,93,100,1,1,0,0,0
850,93,0,0,7,0,1000000,93,100,1,1,0,0,0
860,93,0,0,7,0,1000000,93,100,1,1,0,0,0
870,93,0,0,7,0,1000000,93,100,1,1,0,0,0
880,93,0,0,7,0,1000000,93,100,1,1,0,0,0
890,93,0,0,7,0,1000000,93,100,1,1,0,0,0
900,93,0,0,7,0,1000000,93,100,1,1,0,0,0
910,93,0,0,7,0,1000000,93,100,1,1,0,0,0
920,93,0,0,7,0,1000000,93,100,1,1,0,0,0
930,93,0,0,7,0,1000000,93,100,1,1,0,0,0
940,93,0,0,7,0,1000000,93,100,1,1,0,0,0
950,93,0,0,7,0,1000000,93,100,1,1,0,0,0
960,93,0,0,7,0,1000000,93,100,1,1,0,0,0
970,92,0,0,8,0,1000000,92,100,1,1,0,0,0
980,92,0,0,8,0,1000000,92,100,1,1,0,0,0
990,92,0,0,8,0,1000000,92,100,1,1,0,0,0
1000,92,0,0,8,0,1000000,92,100,1,1,0,0,0
1010,92,0,0,8,0,1000000,92,100,1,1,0,0,0
1020,92,0,0,8,0,1000000,92,100,1,1,0,0,0
1030,92,0,0,8,0,1000000,92,100,1,1,0,0,0
1040,92,0,0,8,0,1000000,92,100,1,1,0,0,0
1050,92,0,0,8,0,1000000,92,100,1,1,0,0,0
1060,92,0,0,8,0,1000000,92,100,1,1,0,0,0
1070,92,0,0,8,0,1000000,92,100,1,1,0,0,0
1080,92,0,0,8,0,1000000,92,100,1,1,0,0,0
1090,92,0,0,8,0,1000000,92,100,1,1,0,0,0
1100,92,0,0,8,0,1000000,92,100,1,1,0,0,0
1110,92,0,0,8,0,1000000,92,100,1,1,0,0,0
1120,92,0,0,8,0,1000000,92,100,1,1,0,0,0
1130,92,0,0,8,0,1000000,92,100,1,1,0,0,0
1140,92,0,0,8,0,1000000,92,100,1,1,0,0,0
1150,92,0,0,8,0,1000000,92,100,1,1,0,0,0
1160,92,0,0,8,0,1000000,92,100,1,1,0,0,0
1170,92,0,0,8,0,1000000,92,100,1,1,0,0,0
1180,91,0,0,9,0,1000000,91,100,1,1,0,0,0
1190,91,0,0,9,0,1000000,91,100,1,1,0,0,0
1200,91,0,0,9,0,1000000,91,100,1,1,0,0,0
1210,91,0,0,9,0,1000000,91,100,1,1,0,0,0
1220,91,0,0,9,0,1000000,91,100,1,1,0,0,0
1230,91,0,0,9,0,1000000,91,100,1,1,0,0,0
1240,91,0,0,9,0,1000000,91,100,1,1,0,0,0
1250,91,0,0,9,0,1000000,91,100,1,1,0,0,0
1260,91,0,0,9,0,1000000,91,100,1,1,0,0,0
1270,91,0,0,9,0,1000000,91,100,1,1,0,0,0
1280,91,0,0,9,0,1000000,91,100,1,1,0,0,0
1290,91,0,0,9,0,1000000,91,100,1,1,0,0,0
1300,91,0,0,9,0,1000000,91,100,1,1,0,0,0
1310,91,0,0,9,0,1000000,91,100,1,1,0,0,0
1320,91,0,0,9,0,1000000,91,100,1,1,0,0,0
1330,91,0,0,9,0,1000000,91,100,1,1,0,0,0
1340,91,0,0,9,0,1000000,91,100,1,1,0,0,0
1350,91,0,0,9,0,1000000,91,100,1,1,0,0,0
1360,91,0,0,9,0,1000000,91,100,1,1,0,0,0
1370,91,0,0,9,0,1000000,91,100,1,1,0,0,0
1380,91,0,0,9,0,1000000,91,100,1,1,0,0,0
1390,91,0,0,9,0,1000000,91,100,1,1,0,0,0
1400,91,0,0,9,0,1000000,91,100,1,1,0,0,0
1410,91,0,0,9,0,1000000,91,100,1,1,0,0,0
1420,91,0,0,9,0,1000000,91,100,1,1,0,0,0
1430,91,0,0,9,0,1000000,91,100,1,1,0,0,0
1440,91,0,0,9,0,1000000,91,100,1,1,0,0,0
1450,91,0,0,9,0,1000000,91,100,1,1,0,0,0
1460,91,0,0,9,0,1000000,91,100,1,1,0,0,0
1470,91,0,0,9,0,1000000,91,100,1,1,0,0,0
1480,91,0,0,9,0,1000000,91,100,1,1,0,0,0
1490,91,0,0,9,0,1000000,91,100,1,1,0,0,0
1500,91,0,0,9,0,1000000,91,100,1,1,0,0,0
1510,91,0,0,9,0,1000000,91,100,1,1,0,0,0
1520,91,0,0,9,0,1000000,91,100,1,1,0,0,0
1530,91,0,0,9,0,1000000,91,100,1,1,0,0,0
1540,91,0,0,9,0,1000000,91,100,1,1,0,0,0
1550,91,0,0,9,0,1000000,91,100,1,1,0,0,0
1560,91,0,0,9,0,1000000,91,100,1,1,0,0,0
1570,91,0,0,9,0,1000000,91,100,1,1,0,0,0
1580,91,0,0,9,0,1000000,91,100,1,1,0,0,0
1590,91,0,0,9,0,1000000,91,100,1,1,0,0,0
1600,91,0,0,9,0,1000000,91,100,1,1,0,0,0
1610,91,0,0,9,0,1000000,91,100,1,1,0,0,0
1620,91,0,0,9,0,1000000,91,100,1,1,0,0,0
1630,91,0,0,9,0,1000000,91,100,1,1,0,0,0
1640,91,0,0,9,0,1000000,91,100,1,1,0,0,0
1650,91,0,0,9,0,1000000,91,100,1,1,0,0,0
1660,91,0,0,9,0,1000000,91,100,1,1,0,0,0
1670,91,0,0,9,0,1000000,91,100,1,1,0,0,0
1680,91,0,0,9,0,1000000,91,100,1,1,0,0,0
1690,91,0,0,9,0,1000000,91,100,1,1,0,0,0
1700,91,0,0,9,0,1000000,91,100,1,1,0,0,0
1710,91,0,0,9,0,1000000,91,100,1,1,0,0,0
1720,91,0,0,9,0,1000000,91,100,1,1,0,0,0
1730,91,0,0,9,0,1000000,91,100,1,1,0,0,0
1740,91,0,0,9,0,1000000,91,100,1,1,0,0,0
1750,91,0,0,9,0,1000000,91,100,1,1,0,0,0
1760,91,0,0,9,0,1000000,91,100,1,1,0,0,0
1770,90,0,0,10,0,1000000,90,100,1,1,0,0,0
1780,90,0,0,10,0,1000000,90,100,1,1,0,0,0
1790,90,0,0,10,0,1000000,90,100,1,1,0,0,0
1800,90,0,0,10,0,1000000,90,100,1,1,0,0,0
1810,90,0,0,10,0,1000000,90,100,1,1,0,0,0
1820,90,0,0,10,0,1000000,90,100,1,1,0,0,0
1830,90,0,0,10,0,1000000,90,100,1,1,0,0,0
1840,90,0,0,10,0,1000000,90,100,1,1,0,0,0
1850,90,0,0,10,0,1000000,90,100,1,1,0,0,0
1860,89,0,0,11,0,1000000,89,100,1,1,0,0,0
1870,89,0,0,11,0,1000000,89,100,1,1,0,0,0
1880,89,0,0,11,0,1000000,89,100,1,1,0,0,0
1890,89,0,0,11,0,1000000,89,100,1,1,0,0,0
1900,89,0,0,11,0,1000000,89,100,1,1,0,0,0
1910,89,0,0,11,0,1000000,89,100,1,1,0,0,0
1920,89,0,0,11,0,1000000,89,100,1,1,0,0,0
1930,88,0,0,12,0,1000000,88,100,1,1,0,0,0
1940,88,0,0,12,0,1000000,88,100,1,1,0,0,0
1950,88,0,0,12,0,1000000,88,100,1,1,0,0,0
1960,88,0,0,11,0,1000000,88,100,0,1,0,0,1
1970,88,1,0,12,0,999980,87,100,1,1,0,0,0
1980,88,1,0,12,0,999980,87,100,1,1,0,0,0
1990,87,1,0,13,0,999980,86,100,1,1,0,0,0
2000,87,1,0,13,0,999980,86,100,1,1,0,0,0
2010,87,1,0,13,0,999980,86,100,1,1,0,0,0
2020,87,1,0,13,0,999980,86,100,1,1,0,0,0
2030,87,1,0,13,0,999980,86,100,1,1,0,0,0
2040,87,1,0,13,0,999980,86,100,1,1,0,0,0
2050,87,1,0,13,0,999980,86,100,1,1,0,0,0
2060,87,1,0,13,0,999980,86,100,1,1,0,0,0
2070,87,1,0,13,0,999980,86,100,1,1,0,0,0
2080,87,1,0,13,0,999980,86,100,1,1,0,0,0
2090,87,1,0,13,0,999980,86,100,1,1,0,0,0
2100,87,1,0,13,0,999980,86,100,1,1,0,0,0
2110,87,1,0,13,0,999980,86,100,1,1,0,0,0
2120,87,1,0,13,0,999980,86,100,1,1,0,0,0
2130,87,1,0,13,0,999980,86,100,1,1,0,0,0
2140,87,1,0,13,0,999980,86,100,1,1,0,0,0
2150,87,1,0,13,0,999980,86,100,1,1,0,0,0
2160,87,1,0,13,0,999980,86,100,1,1,0,0,0
2170,86,1,0,14,0,999980,85,100,1,1,0,0,0
2180,86,1,0,14,0,999980,85,100,1,1,0,0,0
2190,86,1,0,14,0,999980,85,100,1,1,0,0,0
2200,86,1,0,14,0,999980,85,100,1,1,0,0,0
2210,86,1,0,14,0,999980,85,100,1,1,0,0,0
2220,86,1,0,14,0,999980,85,100,1,1,0,0,0
2230,87,2,0,13,0,999960,85,100,1,1,0,0,0
2240,87,2,0,13,0,999960,85,100,1,1,0,0,0
2250,87,2,0,13,0,999960,85,100,1,1,0,0,0
2260,87,2,0,13,0,999960,85,100,1,1,0,0,0
2270,87,2,0,13,0,999960,85,100,1,1,0,0,0
2280,87,2,0,13,0,999960,85,100,1,1,0,0,0
2290,87,2,0,13,0,999960,85,100,1,1,0,0,0
2300,87,2,0,13,0,999960,85,100,1,1,0,0,0
2310,87,2,0,13,0,999960,85,100,1,1,0,0,0
2320,86,2,0,14,0,999960,84,100,1,1,0,0,0
2330,86,2,0,14,0,999960,84,100,1,1,0,0,0
2340,86,2,0,14,0,999960,84,100,1,1,0,0,0
2350,86,2,0,14,0,999960,84,100,1,1,0,0,0
2360,86,2,0,14,0,999960,84,100,1,1,0,0,0
2370,86,2,0,14,0,999960,84,100,1,1,0,0,0
2380,86,2,0,14,0,999960,84,100,1,1,0,0,0
2390,86,2,0,14,0,999960,84,100,1,1,0,0,0
2400,86,2,0,14,0,999960,84,100,1,1,0,0,0
2410,86,2,0,14,0,999960,84,100,1,1,0,0,0
2420,86,2,0,14,0,999960,84,100,1,1,0,0,0
2430,87,3,0,13,0,999940,84,100,1,1,0,0,0
2440,87,3,0,13,0,999940,84,100,1,1,0,0,0
2450,87,3,0,13,0,999940,84,100,1,1,0,0,0
2460,87,3,0,13,0,999940,84,100,1,1,0,0,0
2470,87,3,0,13,0,999940,84,100,1,1,0,0,0
2480,87,3,0,13,0,999940,84,100,1,1,0,0,0
2490,86,3,0,14,0,999940,83,100,1,1,0,0,0
2500,86,3,0,14,0,999940,83,100,1,1,0,0,0
2510,85,3,0,15,0,999940,82,100,1,1,0,0,0
2520,85,3,0,15,0,999940,82,100,1,1,0,0,0
2530,85,3,0,15,0,999940,82,100,1,1,0,0,0
2540,85,3,0,15,0,999940,82,100,1,1,0,0,0
2550,84,3,0,16,0,999940,81,100,1,1,0,0,0
2560,84,4,0,16,0,999920,80,100,1,1,0,0,0
2570,85,5,0,15,0,999900,80,100,1,1,0,0,0
2580,85,5,0,15,0,999900,80,100,1,1,0,0,0
2590,85,5,0,15,0,999900,80,100,1,1,0,0,0
2600,85,5,0,15,0,999900,80,100,1,1,0,0,0
2610,85,5,0,15,0,999900,80,100,1,1,0,0,0
2620,85,5,0,15,0,999900,80,100,1,1,0,0,0
2630,85,5,0,15,0,999900,80,100,1,1,0,0,0
2640,85,5,0,15,0,999900,80,100,1,1,0,0,0
2650,85,5,0,15,0,999900,80,100,1,1,0,0,0
2660,85,5,0,15,0,999900,80,100,1,1,0,0,0
2670,85,5,0,15,0,999900,80,100,1,1,0,0,0
2680,85,5,0,15,0,999900,80,100,1,1,0,0,0
2690,85,5,0,15,0,999900,80,100,1,1,0,0,0
2700,85,5,0,15,0,999900,80,100,1,1,0,0,0
2710,84,5,0,16,0,999900,79,100,1,1,0,0,0
2720,84,5,0,16,0,999900,79,100,1,1,0,0,0
2730,83,5,0,17,0,999900,78,100,1,1,0,0,0
2740,83,5,0,17,0,999900,78,100,1,1,0,0,0
2750,83,5,0,17,0,999900,78,100,1,1,0,0,0
2760,83,5,0,17,0,999900,78,100,1,1,0,0,0
2770,82,5,0,18,0,999900,77,100,1,1,0,0,0
2780,82,5,0,18,0,999900,77,100,1,1,0,0,0
2790,82,5,0,18,0,999900,77,100,1,1,0,0,0
2800,82,5,0,18,0,999900,77,100,1,1,0,0,0
2810,82,5,0,18,0,999900,77,100,1,1,0,0,0
2820,82,5,0,18,0,999900,77,100,1,1,0,0,0
2830,82,5,0,18,0,999900,77,100,1,1,0,0,0
2840,82,5,0,18,0,999900,77,100,1,1,0,0,0
2850,82,5,0,18,0,999900,77,100,1,1,0,0,0
2860,82,5,0,18,0,999900,77,100,1,1,0,0,0
2870,82,5,0,18,0,999900,77,100,1,1,0,0,0
2880,82,5,0,18,0,999900,77,100,1,1,0,0,0
2890,82,5,0,18,0,999900,77,100,1,1,0,0,0
2900,82,5,0,18,0,999900,77,100,1,1,0,0,0
2910,82,5,0,18,0,999900,77,100,1,1,0,0,0
2920,82,5,0,18,0,999900,77,100,1,1,0,0,0
2930,81,5,0,19,0,999900,76,100,1,1,0,0,0
2940,81,5,0,19,0,999900,76,100,1,1,0,0,0
2950,81,5,0,19,0,999900,76,100,1,1,0,0,0
2960,81,5,0,19,0,999900,76,100,1,1,0,0,0
2970,81,5,0,19,0,999900,76,100,1,1,0,0,0
2980,81,5,0,19,0,999900,76,100,1,1,0,0,0
2990,81,5,0,19,0,999900,76,100,1,1,0,0,0
3000,81,5,0,19,0,999900,76,100,1,1,0,0,0
3010,82,5,1,18,0,999870,76,99,1,1,0,0,0
3020,82,5,1,18,0,999870,76,99,1,1,0,0,0
3030,82,5,1,18,0,999870,76,99,1,1,0,0,0
3040,82,5,1,18,0,999870,76,99,1,1,0,0,0
3050,82,5,1,18,0,999870,76,99,1,1,0,0,0
3060,82,5,1,18,0,999870,76,99,1,1,0,0,0
3070,82,5,1,18,0,999870,76,99,1,1,0,0,0
3080,82,5,1,18,0,999870,76,99,1,1,0,0,0
3090,82,5,1,18,0,999870,76,99,1,1,0,0,0
3100,82,5,1,18,0,999870,76,99,1,1,0,0,0
3110,82,5,1,18,0,999870,76,99,1,1,0,0,0
3120,82,5,1,18,0,999870,76,99,1,1,0,0,0
3130,82,5,1,18,0,999870,76,99,1,1,0,0,0
3140,82,5,1,18,0,999870,76,99,1,1,0,0,0
3150,82,5,1,18,0,999870,76,99,1,1,0,0,0
3160,82,5,1,18,0,999870,76,99,1,1,0,0,0
3170,82,5,1,18,0,999870,76,99,1,1,0,0,0
3180,82,5,1,18,0,999870,76,99,1,1,0,0,0
3190,82,5,1,18,0,999870,76,99,1,1,0,0,0
3200,82,5,1,18,0,999870,76,99,1,1,0,0,0
3210,82,5,1,18,0,999870,76,99,1,1,0,0,0
3220,82,5,1,18,0,999870,76,99,1,1,0,0,0
3230,81,5,1,19,0,999870,75,99,1,1,0,0,0
3240,81,5,1,19,0,999870,75,99,1,1,0,0,0
3250,81,5,1,19,0,999870,75,99,1,1,0,0,0
3260,81,5,1,19,0,999870,75,99,1,1,0,0,0
3270,81,5,1,19,0,999870,75,99,1,1,0,0,0
3280,80,5,1,20,0,999870,74,99,1,1,0,0,0
3290,80,5,1,20,0,999870,74,99,1,1,0,0,0
3300,80,5,1,20,0,999870,74,99,1,1,0,0,0
3310,80,5,1,20,0,999870,74,99,1,1,0,0,0
3320,80,5,1,20,0,999870,74,99,1,1,0,0,0
3330,80,5,1,20,0,999870,74,99,1,1,0,0,0
3340,80,5,1,20,0,999870,74,99,1,1,0,0,0
3350,80,5,1,20,0,999870,74,99,1,1,0,0,0
3360,80,5,1,20,0,999870,74,99,1,1,0,0,0
3370,80,5,1,20,0,999870,74,99,1,1,0,0,0
3380,80,5,1,20,0,999870,74,99,1,1,0,0,0
3390,80,5,1,20,0,999870,74,99,1,1,0,0,0
3400,80,5,1,20,0,999870,74,99,1,1,0,0,0
3410,80,5,1,20,0,999870,74,99,1,1,0,0,0
3420,80,5,1,20,0,999870,74,99,1,1,0,0,0
3430,80,5,1,19,0,999870,74,99,0,1,0,0,1
3440,81,6,1,19,0,999850,74,99,1,1,0,0,0
3450,81,6,1,19,0,999850,74,99,1,1,0,0,0
3460,81,6,1,19,0,999850,74,99,1,1,0,0,0
3470,81,6,1,19,0,999850,74,99,1,1,0,0,0
3480,81,6,1,19,0,999850,74,99,1,1,0,0,0
3490,81,6,1,19,0,999850,74,99,1,1,0,0,0
3500,81,6,1,19,0,999850,74,99,1,1,0,0,0
3510,80,6,1,20,0,999850,73,99,1,1,0,0,0
3520,80,6,1,20,0,999850,73,99,1,1,0,0,0
3530,80,6,1,20,0,999850,73,99,1,1,0,0,0
3540,80,6,1,20,0,999850,73,99,1,1,0,0,0
3550,80,6,1,20,0,999850,73,99,1,1,0,0,0
3560,80,6,1,20,0,999850,73,99,1,1,0,0,0
3570,80,6,1,20,0,999850,73,99,1,1,0,0,0
3580,80,6,1,20,0,999850,73,99,1,1,0,0,0
3590,80,6,1,20,0,999850,73,99,1,1,0,0,0
3600,80,6,1,20,0,999850,73,99,1,1,0,0,0
3610,80,6,1,20,0,999850,73,99,1,1,0,0,0
3620,80,6,1,20,0,999850,73,99,1,1,0,0,0
3630,79,6,1,21,0,999850,72,99,1,1,0,0,0
3640,79,6,1,21,0,999850,72,99,1,1,0,0,0
3650,79,6,1,21,0,999850,72,99,1,1,0,0,0
3660,79,6,1,21,0,999850,72,99,1,1,0,0,0
3670,79,6,1,21,0,999850,72,99,1,1,0,0,0
3680,79,6,1,21,0,999850,72,99,1,1,0,0,0
3690,79,6,1,21,0,999850,72,99,1,1,0,0,0
3700,79,6,1,21,0,999850,72,99,1,1,0,0,0
3710,79,6,1,21,0,999850,72,99,1,1,0,0,0
3720,79,6,1,21,0,999850,72,99,1,1,0,0,0
3730,79,6,1,21,0,999850,72,99,1,1,0,0,0
3740,79,6,1,21,0,999850,72,99,1,1,0,0,0
3750,78,6,1,22,0,999850,71,99,1,1,0,0,0
3760,78,6,1,22,0,999850,71,99,1,1,0,0,0
3770,78,6,1,22,0,999850,71,99,1,1,0,0,0
3780,78,6,1,22,0,999850,71,99,1,1,0,0,0
3790,78,6,1,22,0,999850,71,99,1,1,0,0,0
3800,78,6,1,22,0,999850,71,99,1,1,0,0,0
3810,78,6,1,22,0,999850,71,99,1,1,0,0,0
3820,78,6,1,22,0,999850,71,99,1,1,0,0,0
3830,78,6,1,22,0,999850,71,99,1,1,0,0,0
3840,78,6,1,22,0,999850,71,99,1,1,0,0,0
3850,78,6,1,22,0,999850,71,99,1,1,0,0,0
3860,78,6,1,22,0,999850,71,99,1,1,0,0,0
3870,78,6,1,22,0,999850,71,99,1,1,0,0,0
3880,78,6,1,22,0,999850,71,99,1,1,0,0,0
3890,78,6,1,22,0,999850,71,99,1,1,0,0,0
3900,78,6,1,22,0,999850,71,99,1,1,0,0,0
3910,78,6,1,22,0,999850,71,99,1,1,0,0,0
3920,77,6,1,23,0,999850,70,99,1,1,0,0,0
3930,77,6,1,23,0,999850,70,99,1,1,0,0,0
3940,77,6,1,23,0,999850,70,99,1,1,0,0,0
3950,77,6,1,23,0,999850,70,99,1,1,0,0,0
3960,77,6,1,23,0,999850,70,99,1,1,0,0,0
3970,77,6,1,23,0,999850,70,99,1,1,0,0,0
3980,77,6,1,23,0,999850,70,99,1,1,0,0,0
3990,77,6,1,23,0,999850,70,99,1,1,0,0,0
4000,77,6,1,23,0,999850,70,99,1,1,0,0,0
4010,77,6,1,23,0,999850,70,99,1,1,0,0,0
4020,77,6,1,23,0,999850,70,99,1,1,0,0,0
4030,77,6,1,23,0,999850,70,99,1,1,0,0,0
4040,77,6,1,23,0,999850,70,99,1,1,0,0,0
4050,77,6,1,23,0,999850,70,99,1,1,0,0,0
4060,77,6,1,23,0,999850,70,99,1,1,0,0,0
4070,77,6,1,23,0,999850,70,99,1,1,0,0,0
4080,77,6,1,23,0,999850,70,99,1,1,0,0,0
4090,77,6,1,23,0,999850,70,99,1,1,0,0,0
4100,77,6,1,23,0,999850,70,99,1,1,0,0,0
4110,77,6,1,23,0,999850,70,99,1,1,0,0,0
4120,77,6,1,23,0,999850,70,99,1,1,0,0,0
4130,77,6,1,23,0,999850,70,99,1,1,0,0,0
4140,77,6,1,23,0,999850,70,99,1,1,0,0,0
4150,77,6,1,23,0,999850,70,99,1,1,0,0,0
4160,77,6,1,23,0,999850,70,99,1,1,0,0,0
4170,77,6,1,23,0,999850,70,99,1,1,0,0,0
4180,77,6,1,23,0,999850,70,99,1,1,0,0,0
4190,77,6,1,23,0,999850,70,99,1,1,0,0,0
4200,77,6,1,23,0,999850,70,99,1,1,0,0,0
4210,77,6,1,23,0,999850,70,99,1,1,0,0,0
4220,77,6,1,23,0,999850,70,99,1,1,0,0,0
4230,77,6,1,23,0,999850,70,99,1,1,0,0,0
4240,77,6,1,23,0,999850,70,99,1,1,0,0,0
4250,77,6,1,23,0,999850,70,99,1,1,0,0,0
4260,77,6,1,23,0,999850,70,99,1,1,0,0,0
4270,77,6,1,23,0,999850,70,99,1,1,0,0,0
4280,77,6,1,23,0,999850,70,99,1,1,0,0,0
4290,77,6,1,23,0,999850,70,99,1,1,0,0,0
4300,77,6,1,23,0,999850,70,99,1,1,0,0,0
4310,77,6,1,23,0,999850,70,99,1,1,0,0,0
4320,78,7,1,22,0,999830,70,99,1,1,0,0,0
4330,77,7,1,23,0,999830,69,99,1,1,0,0,0
4340,77,7,1,23,0,999830,69,99,1,1,0,0,0
4350,77,7,1,23,0,999830,69,99,1,1,0,0,0
4360,77,7,1,23,0,999830,69,99,1,1,0,0,0
4370,77,7,1,23,0,999830,69,99,1,1,0,0,0
4380,77,7,1,23,0,999830,69,99,1,1,0,0,0
4390,77,7,1,23,0,999830,69,99,1,1,0,0,0
4400,77,7,1,23,0,999830,69,99,1,1,0,0,0
4410,77,7,1,23,0,999830,69,99,1,1,0,0,0
4420,77,7,1,23,0,999830,69,99,1,1,0,0,0
4430,77,7,1,23,0,999830,69,99,1,1,0,0,0
4440,77,7,1,23,0,999830,69,99,1,1,0,0,0
4450,77,7,1,23,0,999830,69,99,1,1,0,0,0
4460,77,7,1,23,0,999830,69,99,1,1,0,0,0
4470,77,7,1,23,0,999830,69,99,1,1,0,0,0
4480,77,7,1,23,0,999830,69,99,1,1,0,0,0
4490,77,7,1,23,0,999830,69,99,1,1,0,0,0
4500,77,7,1,23,0,999830,69,99,1,1,0,0,0
4510,77,7,1,23,0,999830,69,99,1,1,0,0,0
4520,76,7,1,24,0,999830,68,99,1,1,0,0,0
4530,76,7,1,24,0,999830,68,99,1,1,0,0,0
4540,76,7,1,24,0,999830,68,99,1,1,0,0,0
4550,76,7,1,24,0,999830,68,99,1,1,0,0,0
4560,76,7,1,24,0,999830,68,99,1,1,0,0,0
4570,76,7,1,24,0,999830,68,99,1,1,0,0,0
4580,76,7,1,24,0,999830,68,99,1,1,0,0,0
4590,76,7,1,24,0,999830,68,99,1,1,0,0,0
4600,76,7,1,24,0,999830,68,99,1,1,0,0,0
4610,76,7,1,24,0,999830,68,99,1,1,0,0,0
4620,76,7,1,24,0,999830,68,99,1,1,0,0,0
4630,76,7,1,24,0,999830,68,99,1,1,0,0,0
4640,76,7,1,24,0,999830,68,99,1,1,0,0,0
4650,76,7,1,24,0,999830,68,99,1,1,0,0,0
4660,76,7,1,24,0,999830,68,99,1,1,0,0,0
4670,75,7,1,25,0,999830,67,99,1,1,0,0,0
4680,75,7,1,25,0,999830,67,99,1,1,0,0,0
4690,75,7,1,25,0,999830,67,99,1,1,0,0,0
4700,75,7,1,25,0,999830,67,99,1,1,0,0,0
4710,75,7,1,25,0,999830,67,99,1,1,0,0,0
4720,75,7,1,25,0,999830,67,99,1,1,0,0,0
4730,75,7,1,25,0,999830,67,99,1,1,0,0,0
4740,75,7,1,25,0,999830,67,99,1,1,0,0,0
4750,75,7,1,25,0,999830,67,99,1,1,0,0,0
4760,75,7,1,25,0,999830,67,99,1,1,0,0,0
4770,75,7,1,25,0,999830,67,99,1,1,0,0,0
4780,75,7,1,25,0,999830,67,99,1,1,0,0,0
4790,75,7,1,25,0,999830,67,99,1,1,0,0,0
4800,75,7,1,25,0,999830,67,99,1,1,0,0,0
4810,75,7,1,25,0,999830,67,99,1,1,0,0,0
4820,75,7,1,25,0,999830,67,99,1,1,0,0,0
4830,75,7,1,25,0,999830,67,99,1,1,0,0,0
4840,75,7,1,25,0,999830,67,99,1,1,0,0,0
4850,75,7,1,25,0,999830,67,99,1,1,0,0,0
4860,75,7,1,25,0,999830,67,99,1,1,0,0,0
4870,75,7,1,25,0,999830,67,99,1,1,0,0,0
4880,75,7,1,25,0,999830,67,99,1,1,0,0,0
4890,74,7,1,26,0,999830,66,99,1,1,0,0,0
4900,74,7,1,26,0,999830,66,99,1,1,0,0,0
4910,74,7,1,25,0,999830,66,99,0,1,0,0,1
4920,75,8,1,25,0,999810,66,99,1,1,0,0,0
4930,75,8,1,25,0,999810,66,99,1,1,0,0,0
4940,75,8,1,25,0,999810,66,99,1,1,0,0,0
4950,75,8,1,25,0,999810,66,99,1,1,0,0,0
4960,75,8,1,25,0,999810,66,99,1,1,0,0,0
4970,75,8,1,25,0,999810,66,99,1,1,0,0,0
4980,75,8,1,25,0,999810,66,99,1,1,0,0,0
4990,75,8,1,25,0,999810,66,99,1,1,0,0,0
5000,75,8,1,25,0,999810,66,99,1,1,0,0,0
5010,75,8,1,25,0,999810,66,99,1,1,0,0,0
5020,75,8,1,25,0,999810,66,99,1,1,0,0,0
5030,75,8,1,25,0,999810,66,99,1,1,0,0,0
5040,75,8,1,25,0,999810,66,99,1,1,0,0,0
5050,75,8,1,25,0,999810,66,99,1,1,0,0,0
5060,75,8,1,25,0,999810,66,99,1,1,0,0,0
5070,75,8,1,25,0,999810,66,99,1,1,0,0,0
5080,75,8,1,25,0,999810,66,99,1,1,0,0,0
5090,75,8,1,25,0,999810,66,99,1,1,0,0,0
5100,75,8,1,25,0,999810,66,99,1,1,0,0,0
5110,75,8,1,25,0,999810,66,99,1,1,0,0,0
5120,75,8,1,25,0,999810,66,99,1,1,0,0,0
5130,75,8,1,25,0,999810,66,99,1,1,0,0,0
5140,75,8,1,25,0,999810,66,99,1,1,0,0,0
5150,75,8,1,25,0,999810,66,99,1,1,0,0,0
5160,75,8,1,25,0,999810,66,99,1,1,0,0,0
5170,75,8,1,25,0,999810,66,99,1,1,0,0,0
5180,75,8,1,25,0,999810,66,99,1,1,0,0,0
5190,75,8,1,25,0,999810,66,99,1,1,0,0,0
5200,74,8,1,26,0,999810,65,99,1,1,0,0,0
5210,74,8,1,26,0,999810,65,99,1,1,0,0,0
5220,74,8,1,26,0,999810,65,99,1,1,0,0,0
5230,74,8,1,26,0,999810,65,99,1,1,0,0,0
5240,74,8,1,26,0,999810,65,99,1,1,0,0,0
5250,74,8,1,26,0,999810,65,99,1,1,0,0,0
5260,74,8,1,26,0,999810,65,99,1,1,0,0,0
5270,75,9,1,25,0,999790,65,99,1,1,0,0,0
5280,75,9,1,25,0,999790,65,99,1,1,0,0,0
5290,75,9,1,25,0,999790,65,99,1,1,0,0,0
5300,75,9,1,25,0,999790,65,99,1,1,0,0,0
5310,75,9,1,25,0,999790,65,99,1,1,0,0,0
5320,75,9,1,25,0,999790,65,99,1,1,0,0,0
5330,75,9,1,25,0,999790,65,99,1,1,0,0,0
5340,75,9,1,25,0,999790,65,99,1,1,0,0,0
5350,75,9,1,25,0,999790,65,99,1,1,0,0,0
5360,75,9,1,25,0,999790,65,99,1,1,0,0,0
5370,75,9,1,25,0,999790,65,99,1,1,0,0,0
5380,75,9,1,25,0,999790,65,99,1,1,0,0,0
5390,75,9,1,25,0,999790,65,99,1,1,0,0,0
5400,75,9,1,25,0,999790,65,99,1,1,0,0,0
5410,75,9,1,25,0,999790,65,99,1,1,0,0,0
5420,75,9,1,25,0,999790,65,99,1,1,0,0,0
5430,75,9,1,25,0,999790,65,99,1,1,0,0,0
5440,75,9,1,25,0,999790,65,99,1,1,0,0,0
5450,75,9,1,25,0,999790,65,99,1,1,0,0,0
5460,75,9,1,25,0,999790,65,99,1,1,0,0,0
5470,75,9,1,25,0,999790,65,99,1,1,0,0,0
5480,75,9,1,25,0,999790,65,99,1,1,0,0,0
5490,75,9,1,25,0,999790,65,99,1,1,0,0,0
5500,74,9,1,26,0,999790,64,99,1,1,0,0,0
5510,74,9,1,26,0,999790,64,99,1,1,0,0,0
5520,74,9,1,25,0,999790,64,99,0,1,0,0,1
5530,75,10,1,25,0,999770,64,99,1,1,0,0,0
5540,75,10,1,25,0,999770,64,99,1,1,0,0,0
5550,74,10,1,26,0,999770,63,99,1,1,0,0,0
5560,74,10,1,26,0,999770,63,99,1,1,0,0,0
5570,74,10,1,26,0,999770,63,99,1,1,0,0,0
5580,74,10,1,26,0,999770,63,99,1,1,0,0,0
5590,74,10,1,26,0,999770,63,99,1,1,0,0,0
5600,74,10,1,26,0,999770,63,99,1,1,0,0,0
5610,74,10,1,26,0,999770,63,99,1,1,0,0,0
5620,74,10,1,26,0,999770,63,99,1,1,0,0,0
5630,74,10,1,26,0,999770,63,99,1,1,0,0,0
5640,74,10,1,26,0,999770,63,99,1,1,0,0,0
5650,74,10,1,26,0,999770,63,99,1,1,0,0,0
5660,74,10,1,26,0,999770,63,99,1,1,0,0,0
5670,74,10,1,26,0,999770,63,99,1,1,0,0,0
5680,75,11,1,25,0,999750,63,99,1,1,0,0,0
5690,75,11,1,25,0,999750,63,99,1,1,0,0,0
5700,75,11,1,25,0,999750,63,99,1,1,0,0,0
5710,75,11,1,25,0,999750,63,99,1,1,0,0,0
5720,75,11,1,25,0,999750,63,99,1,1,0,0,0
5730,75,11,1,25,0,999750,63,99,1,1,0,0,0
5740,75,11,1,25,0,999750,63,99,1,1,0,0,0
5750,74,11,1,26,0,999750,62,99,1,1,0,0,0
5760,73,11,1,27,0,999750,61,99,1,1,0,0,0
5770,73,11,1,27,0,999750,61,99,1,1,0,0,0
5780,72,11,1,28,0,999750,60,99,1,1,0,0,0
5790,72,11,1,28,0,999750,60,99,1,1,0,0,0
5800,72,11,1,28,0,999750,60,99,1,1,0,0,0
5810,72,11,1,28,0,999750,60,99,1,1,0,0,0
5820,72,11,1,28,0,999750,60,99,1,1,0,0,0
5830,72,11,1,28,0,999750,60,99,1,1,0,0,0
5840,72,11,1,28,0,999750,60,99,1,1,0,0,0
5850,72,11,1,28,0,999750,60,99,1,1,0,0,0
5860,71,11,1,29,0,999750,59,99,1,1,0,0,0
5870,71,11,1,29,0,999750,59,99,1,1,0,0,0
5880,71,11,1,29,0,999750,59,99,1,1,0,0,0
5890,71,11,1,29,0,999750,59,99,1,1,0,0,0
5900,71,11,1,29,0,999750,59,99,1,1,0,0,0
5910,71,11,1,29,0,999750,59,99,1,1,0,0,0
5920,71,11,1,29,0,999750,59,99,1,1,0,0,0
5930,71,11,1,29,0,999750,59,99,1,1,0,0,0
5940,71,11,1,29,0,999750,59,99,1,1,0,0,0
5950,71,11,1,29,0,999750,59,99,1,1,0,0,0
5960,71,11,1,29,0,999750,59,99,1,1,0,0,0
5970,71,11,1,29,0,999750,59,99,1,1,0,0,0
5980,71,11,1,29,0,999750,59,99,1,1,0,0,0
5990,71,11,1,29,0,999750,59,99,1,1,0,0,0
6000,71,11,1,29,0,999750,59,99,1,1,0,0,0
6010,70,11,1,30,0,999750,58,99,1,1,0,0,0
6020,70,11,1,30,0,999750,58,99,1,1,0,0,0
6030,70,11,1,30,0,999750,58,99,1,1,0,0,0
6040,70,11,1,30,0,999750,58,99,1,1,0,0,0
6050,70,11,1,30,0,999750,58,99,1,1,0,0,0
6060,70,11,1,30,0,999750,58,99,1,1,0,0,0
6070,70,11,1,30,0,999750,58,99,1,1,0,0,0
6080,69,11,1,31,0,999750,57,99,1,1,0,0,0
6090,68,11,1,32,0,999750,56,99,1,1,0,0,0
6100,68,11,1,32,0,999750,56,99,1,1,0,0,0
6110,68,11,1,32,0,999750,56,99,1,1,0,0,0
6120,68,11,1,32,0,999750,56,99,1,1,0,0,0
6130,68,11,1,31,0,999750,56,99,0,1,0,0,1
6140,69,12,1,31,0,999730,56,99,1,1,0,0,0
6150,69,12,1,31,0,999730,56,99,1,1,0,0,0
6160,69,12,1,31,0,999730,56,99,1,1,0,0,0
6170,69,12,1,31,0,999730,56,99,1,1,0,0,0
6180,69,12,1,31,0,999730,56,99,1,1,0,0,0
6190,69,12,1,31,0,999730,56,99,1,1,0,0,0
6200,69,12,1,31,0,999730,56,99,1,1,0,0,0
6210,69,12,1,31,0,999730,56,99,1,1,0,0,0
6220,69,12,1,31,0,999730,56,99,1,1,0,0,0
6230,69,12,1,31,0,999730,56,99,1,1,0,0,0
6240,69,12,1,31,0,999730,56,99,1,1,0,0,0
6250,69,12,1,31,0,999730,56,99,1,1,0,0,0
6260,69,12,1,31,0,999730,56,99,1,1,0,0,0
6270,69,12,1,31,0,999730,56,99,1,1,0,0,0
6280,69,12,1,31,0,999730,56,99,1,1,0,0,0
6290,69,12,1,31,0,999730,56,99,1,1,0,0,0
6300,69,12,1,31,0,999730,56,99,1,1,0,0,0
6310,69,12,1,31,0,999730,56,99,1,1,0,0,0
6320,69,12,1,31,0,999730,56,99,1,1,0,0,0
6330,69,12,1,31,0,999730,56,99,1,1,0,0,0
6340,69,12,1,31,0,999730,56,99,1,1,0,0,0
6350,69,12,1,31,0,999730,56,99,1,1,0,0,0
6360,69,12,1,31,0,999730,56,99,1,1,0,0,0
6370,69,12,1,31,0,999730,56,99,1,1,0,0,0
6380,69,12,1,31,0,999730,56,99,1,1,0,0,0
6390,69,12,1,31,0,999730,56,99,1,1,0,0,0
6400,69,12,1,31,0,999730,56,99,1,1,0,0,0
6410,69,12,1,31,0,999730,56,99,1,1,0,0,0
6420,69,12,1,31,0,999730,56,99,1,1,0,0,0
6430,69,12,1,31,0,999730,56,99,1,1,0,0,0
6440,69,11,1,31,1,999730,56,98,1,1,0,0,0
6450,70,12,1,30,1,999710,56,98,1,1,0,0,0
6460,70,12,1,30,1,999710,56,98,1,1,0,0,0
6470,70,12,1,30,1,999710,56,98,1,1,0,0,0
6480,70,12,1,30,1,999710,56,98,1,1,0,0,0
6490,70,12,1,30,1,999710,56,98,1,1,0,0,0
6500,71,13,1,29,1,999690,56,98,1,1,0,0,0
6510,71,13,1,29,1,999690,56,98,1,1,0,0,0
6520,71,13,1,29,1,999690,56,98,1,1,0,0,0
6530,71,13,1,29,1,999690,56,98,1,1,0,0,0
6540,71,13,1,29,1,999690,56,98,1,1,0,0,0
6550,71,13,1,29,1,999690,56,98,1,1,0,0,0
6560,71,13,1,29,1,999690,56,98,1,1,0,0,0
6570,71,13,1,29,1,999690,56,98,1,1,0,0,0
6580,71,13,1,29,1,999690,56,98,1,1,0,0,0
6590,71,13,1,29,1,999690,56,98,1,1,0,0,0
6600,71,13,1,29,1,999690,56,98,1,1,0,0,0
6610,71,13,1,29,1,999690,56,98,1,1,0,0,0
6620,71,13,1,29,1,999690,56,98,1,1,0,0,0
6630,71,13,1,29,1,999690,56,98,1,1,0,0,0
6640,71,13,1,29,1,999690,56,98,1,1,0,0,0
6650,71,13,1,29,1,999690,56,98,1,1,0,0,0
6660,71,13,1,29,1,999690,56,98,1,1,0,0,0
6670,72,14,1,28,1,999670,56,98,1,1,0,0,0
6680,72,14,1,28,1,999670,56,98,1,1,0,0,0
6690,72,14,1,28,1,999670,56,98,1,1,0,0,0
6700,72,14,1,28,1,999670,56,98,1,1,0,0,0
6710,72,14,1,28,1,999670,56,98,1,1,0,0,0
6720,72,14,1,28,1,999670,56,98,1,1,0,0,0
6730,72,14,1,28,1,999670,56,98,1,1,0,0,0
6740,72,14,1,28,1,999670,56,98,1,1,0,0,0
6750,72,14,1,28,1,999670,56,98,1,1,0,0,0
6760,72,14,1,28,1,999670,56,98,1,1,0,0,0
6770,72,14,1,28,1,999670,56,98,1,1,0,0,0
6780,72,14,1,28,1,999670,56,98,1,1,0,0,0
6790,72,14,1,28,1,999670,56,98,1,1,0,0,0
6800,72,14,1,28,1,999670,56,98,1,1,0,0,0
6810,72,14,1,28,1,999670,56,98,1,1,0,0,0
6820,72,14,1,28,1,999670,56,98,1,1,0,0,0
6830,72,14,1,28,1,999670,56,98,1,1,0,0,0
6840,71,14,1,29,1,999670,55,98,1,1,0,0,0
6850,71,14,1,29,1,999670,55,98,1,1,0,0,0
6860,71,14,1,29,1,999670,55,98,1,1,0,0,0
6870,71,14,1,29,1,999670,55,98,1,1,0,0,0
6880,71,14,1,29,1,999670,55,98,1,1,0,0,0
6890,71,14,1,29,1,999670,55,98,1,1,0,0,0
6900,71,14,1,29,1,999670,55,98,1,1,0,0,0
6910,71,14,1,29,1,999670,55,98,1,1,0,0,0
6920,71,14,1,29,1,999670,55,98,1,1,0,0,0
6930,71,14,1,29,1,999670,55,98,1,1,0,0,0
6940,71,14,1,29,1,999670,55,98,1,1,0,0,0
6950,71,14,1,29,1,999670,55,98,1,1,0,0,0
6960,71,14,1,29,1,999670,55,98,1,1,0,0,0
6970,71,14,1,29,1,999670,55,98,1,1,0,0,0
6980,71,14,1,29,1,999670,55,98,1,1,0,0,0
6990,71,14,1,29,1,999670,55,98,1,1,0,0,0
7000,71,14,1,29,1,999670,55,98,1,1,0,0,0
7010,71,14,1,29,1,999670,55,98,1,1,0,0,0
7020,71,14,1,29,1,999670,55,98,1,1,0,0,0
7030,71,14,1,29,1,999670,55,98,1,1,0,0,0
7040,71,14,1,29,1,999670,55,98,1,1,0,0,0
7050,71,14,1,29,1,999670,55,98,1,1,0,0,0
7060,71,14,1,29,1,999670,55,98,1,1,0,0,0
7070,71,14,1,28,1,999670,55,98,0,1,0,0,1
7080,72,15,1,28,1,999650,55,98,1,1,0,0,0
7090,72,15,1,28,1,999650,55,98,1,1,0,0,0
7100,72,15,1,28,1,999650,55,98,1,1,0,0,0
7110,72,15,1,28,1,999650,55,98,1,1,0,0,0
7120,72,15,1,28,1,999650,55,98,1,1,0,0,0
7130,72,15,1,28,1,999650,55,98,1,1,0,0,0
7140,72,15,1,28,1,999650,55,98,1,1,0,0,0
7150,72,15,1,28,1,999650,55,98,1,1,0,0,0
7160,72,15,1,28,1,999650,55,98,1,1,0,0,0
7170,72,15,1,28,1,999650,55,98,1,1,0,0,0
7180,72,15,1,28,1,999650,55,98,1,1,0,0,0
7190,72,15,1,28,1,999650,55,98,1,1,0,0,0
7200,72,15,1,28,1,999650,55,98,1,1,0,0,0
7210,72,15,1,28,1,999650,55,98,1,1,0,0,0
7220,72,15,1,28,1,999650,55,98,1,1,0,0,0
7230,72,15,1,28,1,999650,55,98,1,1,0,0,0
7240,72,15,1,28,1,999650,55,98,1,1,0,0,0
7250,72,15,1,28,1,999650,55,98,1,1,0,0,0
7260,72,15,1,28,1,999650,55,98,1,1,0,0,0
7270,72,15,1,28,1,999650,55,98,1,1,0,0,0
7280,72,15,1,28,1,999650,55,98,1,1,0,0,0
7290,72,15,1,28,1,999650,55,98,1,1,0,0,0
7300,72,15,1,28,1,999650,55,98,1,1,0,0,0
7310,72,15,1,28,1,999650,55,98,1,1,0,0,0
7320,72,15,1,28,1,999650,55,98,1,1,0,0,0
7330,72,15,1,28,1,999650,55,98,1,1,0,0,0
7340,71,15,1,29,1,999650,54,98,1,1,0,0,0
7350,71,15,1,29,1,999650,54,98,1,1,0,0,0
7360,72,16,2,28,0,999620,54,98,1,1,0,0,0
7370,72,16,2,28,0,999620,54,98,1,1,0,0,0
7380,72,16,2,28,0,999620,54,98,1,1,0,0,0
7390,72,16,2,28,0,999620,54,98,1,1,0,0,0
7400,72,16,2,28,0,999620,54,98,1,1,0,0,0
7410,72,16,2,28,0,999620,54,98,1,1,0,0,0
7420,72,16,2,28,0,999620,54,98,1,1,0,0,0
7430,72,16,2,28,0,999620,54,98,1,1,0,0,0
7440,72,16,2,28,0,999620,54,98,1,1,0,0,0
7450,72,16,2,28,0,999620,54,98,1,1,0,0,0
7460,72,16,2,28,0,999620,54,98,1,1,0,0,0
7470,72,16,2,28,0,999620,54,98,1,1,0,0,0
7480,72,16,2,28,0,999620,54,98,1,1,0,0,0
7490,71,16,2,29,0,999620,53,98,1,1,0,0,0
7500,71,16,2,29,0,999620,53,98,1,1,0,0,0
7510,71,16,2,29,0,999620,53,98,1,1,0,0,0
7520,71,16,2,29,0,999620,53,98,1,1,0,0,0
7530,71,16,2,29,0,999620,53,98,1,1,0,0,0
7540,71,16,2,29,0,999620,53,98,1,1,0,0,0
7550,71,16,2,29,0,999620,53,98,1,1,0,0,0
7560,71,16,2,29,0,999620,53,98,1,1,0,0,0
7570,71,16,2,29,0,999620,53,98,1,1,0,0,0
7580,71,16,2,29,0,999620,53,98,1,1,0,0,0
7590,71,16,2,29,0,999620,53,98,1,1,0,0,0
7600,71,16,2,29,0,999620,53,98,1,1,0,0,0
7610,71,16,2,29,0,999620,53,98,1,1,0,0,0
7620,71,16,2,29,0,999620,53,98,1,1,0,0,0
7630,71,16,2,29,0,999620,53,98,1,1,0,0,0
7640,71,16,2,29,0,999620,53,98,1,1,0,0,0
7650,71,16,2,28,0,999620,53,98,0,1,0,0,1
7660,72,17,2,28,0,999600,53,98,1,1,0,0,0
7670,72,17,2,28,0,999600,53,98,1,1,0,0,0
7680,72,17,2,28,0,999600,53,98,1,1,0,0,0
7690,72,17,2,28,0,999600,53,98,1,1,0,0,0
7700,72,17,2,28,0,999600,53,98,1,1,0,0,0
7710,72,17,2,28,0,999600,53,98,1,1,0,0,0
7720,72,17,2,28,0,999600,53,98,1,1,0,0,0
7730,72,17,2,28,0,999600,53,98,1,1,0,0,0
7740,72,17,2,28,0,999600,53,98,1,1,0,0,0
7750,72,17,2,28,0,999600,53,98,1,1,0,0,0
7760,72,17,2,28,0,999600,53,98,1,1,0,0,0
7770,72,17,2,28,0,999600,53,98,1,1,0,0,0
7780,73,18,2,27,0,999580,53,98,1,1,0,0,0
7790,73,18,2,27,0,999580,53,98,1,1,0,0,0
7800,73,18,2,27,0,999580,53,98,1,1,0,0,0
7810,73,18,2,27,0,999580,53,98,1,1,0,0,0
7820,73,18,2,27,0,999580,53,98,1,1,0,0,0
7830,73,18,2,27,0,999580,53,98,1,1,0,0,0
7840,73,18,2,27,0,999580,53,98,1,1,0,0,0
7850,73,18,2,27,0,999580,53,98,1,1,0,0,0
7860,73,18,2,27,0,999580,53,98,1,1,0,0,0
7870,73,18,2,27,0,999580,53,98,1,1,0,0,0
7880,73,18,2,27,0,999580,53,98,1,1,0,0,0
7890,73,18,2,27,0,999580,53,98,1,1,0,0,0
7900,73,18,2,27,0,999580,53,98,1,1,0,0,0
7910,73,18,2,27,0,999580,53,98,1,1,0,0,0
7920,73,18,2,27,0,999580,53,98,1,1,0,0,0
7930,73,18,2,27,0,999580,53,98,1,1,0,0,0
7940,73,18,2,27,0,999580,53,98,1,1,0,0,0
7950,73,18,2,27,0,999580,53,98,1,1,0,0,0
7960,73,18,2,27,0,999580,53,98,1,1,0,0,0
7970,73,18,2,27,0,999580,53,98,1,1,0,0,0
7980,74,19,2,26,0,999560,53,98,1,1,0,0,0
7990,74,19,2,26,0,999560,53,98,1,1,0,0,0
8000,74,19,2,26,0,999560,53,98,1,1,0,0,0
8010,74,19,2,26,0,999560,53,98,1,1,0,0,0
8020,74,19,2,26,0,999560,53,98,1,1,0,0,0
8030,75,20,2,25,0,999540,53,98,1,1,0,0,0
8040,75,20,2,25,0,999540,53,98,1,1,0,0,0
8050,75,20,2,25,0,999540,53,98,1,1,0,0,0
8060,75,20,2,25,0,999540,53,98,1,1,0,0,0
8070,75,20,2,25,0,999540,53,98,1,1,0,0,0
8080,75,20,2,25,0,999540,53,98,1,1,0,0,0
8090,75,20,2,25,0,999540,53,98,1,1,0,0,0
8100,75,20,2,25,0,999540,53,98,1,1,0,0,0
8110,75,20,2,25,0,999540,53,98,1,1,0,0,0
8120,75,20,2,25,0,999540,53,98,1,1,0,0,0
8130,75,20,2,25,0,999540,53,98,1,1,0,0,0
8140,75,20,2,25,0,999540,53,98,1,1,0,0,0
8150,75,20,2,25,0,999540,53,98,1,1,0,0,0
8160,75,20,2,25,0,999540,53,98,1,1,0,0,0
8170,75,20,2,25,0,999540,53,98,1,1,0,0,0
8180,75,20,2,25,0,999540,53,98,1,1,0,0,0
8190,75,20,2,25,0,999540,53,98,1,1,0,0,0
8200,75,20,2,25,0,999540,53,98,1,1,0,0,0
8210,75,20,2,25,0,999540,53,98,1,1,0,0,0
8220,75,20,2,25,0,999540,53,98,1,1,0,0,0
8230,75,20,2,25,0,999540,53,98,1,1,0,0,0
8240,75,20,2,25,0,999540,53,98,1,1,0,0,0
8250,75,20,2,25,0,999540,53,98,1,1,0,0,0
8260,75,20,2,25,0,999540,53,98,1,1,0,0,0
8270,75,20,2,25,0,999540,53,98,1,1,0,0,0
8280,75,20,2,25,0,999540,53,98,1,1,0,0,0
8290,75,20,2,25,0,999540,53,98,1,1,0,0,0
8300,75,20,2,25,0,999540,53,98,1,1,0,0,0
8310,75,20,2,25,0,999540,53,98,1,1,0,0,0
8320,75,20,2,25,0,999540,53,98,1,1,0,0,0
8330,75,20,2,25,0,999540,53,98,1,1,0,0,0
8340,75,20,2,25,0,999540,53,98,1,1,0,0,0
8350,75,20,2,25,0,999540,53,98,1,1,0,0,0
8360,75,20,2,25,0,999540,53,98,1,1,0,0,0
8370,74,20,2,26,0,999540,52,98,1,1,0,0,0
8380,74,20,2,26,0,999540,52,98,1,1,0,0,0
8390,74,20,2,26,0,999540,52,98,1,1,0,0,0
8400,74,20,2,26,0,999540,52,98,1,1,0,0,0
8410,74,20,2,26,0,999540,52,98,1,1,0,0,0
8420,74,20,2,26,0,999540,52,98,1,1,0,0,0
8430,74,20,2,26,0,999540,52,98,1,1,0,0,0
8440,74,20,2,26,0,999540,52,98,1,1,0,0,0
8450,74,20,2,26,0,999540,52,98,1,1,0,0,0
8460,74,20,2,26,0,999540,52,98,1,1,0,0,0
8470,74,20,2,26,0,999540,52,98,1,1,0,0,0
8480,74,20,2,26,0,999540,52,98,1,1,0,0,0
8490,74,20,2,26,0,999540,52,98,1,1,0,0,0
8500,74,20,2,26,0,999540,52,98,1,1,0,0,0
8510,74,20,2,26,0,999540,52,98,1,1,0,0,0
8520,74,20,2,26,0,999540,52,98,1,1,0,0,0
8530,73,20,2,27,0,999540,51,98,1,1,0,0,0
8540,73,20,2,27,0,999540,51,98,1,1,0,0,0
8550,73,20,2,27,0,999540,51,98,1,1,0,0,0
8560,72,20,2,28,0,999540,50,98,1,1,0,0,0
8570,72,20,2,28,0,999540,50,98,1,1,0,0,0
8580,72,19,2,28,1,999540,50,97,1,1,0,0,0
8590,72,19,2,28,1,999540,50,97,1,1,0,0,0
8600,72,19,2,28,1,999540,50,97,1,1,0,0,0
8610,72,19,2,27,1,999540,50,97,0,1,0,0,1
8620,73,20,2,27,1,999520,50,97,1,1,0,0,0
8630,73,19,2,27,2,999520,50,96,1,1,0,0,0
8640,73,19,2,27,2,999520,50,96,1,1,0,0,0
8650,73,19,2,27,2,999520,50,96,1,1,0,0,0
8660,73,18,2,27,3,999520,50,95,1,1,0,0,0
8670,73,18,2,27,3,999520,50,95,1,1,0,0,0
8680,73,18,2,27,3,999520,50,95,1,1,0,0,0
8690,73,18,2,27,3,999520,50,95,1,1,0,0,0
8700,73,18,2,27,3,999520,50,95,1,1,0,0,0
8710,73,18,2,27,3,999520,50,95,1,1,0,0,0
8720,73,18,2,27,3,999520,50,95,1,1,0,0,0
8730,73,18,2,27,3,999520,50,95,1,1,0,0,0
8740,73,18,2,27,3,999520,50,95,1,1,0,0,0
8750,73,18,2,27,3,999520,50,95,1,1,0,0,0
8760,73,18,2,27,3,999520,50,95,1,1,0,0,0
8770,73,18,2,27,3,999520,50,95,1,1,0,0,0
8780,73,18,2,27,3,999520,50,95,1,1,0,0,0
8790,73,18,2,27,3,999520,50,95,1,1,0,0,0
8800,73,18,2,27,3,999520,50,95,1,1,0,0,0
8810,73,18,2,27,3,999520,50,95,1,1,0,0,0
8820,73,18,2,27,3,999520,50,95,1,1,0,0,0
8830,73,18,2,26,2,999520,50,95,1,0,0,1,0
8840,74,19,3,26,2,999490,50,95,1,1,0,0,0
8850,74,19,3,26,2,999490,50,95,1,1,0,0,0
8860,74,19,3,26,2,999490,50,95,1,1,0,0,0
8870,74,19,3,26,2,999490,50,95,1,1,0,0,0
8880,74,19,3,26,2,999490,50,95,1,1,0,0,0
8890,74,19,3,26,2,999490,50,95,1,1,0,0,0
8900,74,19,3,26,2,999490,50,95,1,1,0,0,0
8910,74,19,3,26,2,999490,50,95,1,1,0,0,0
8920,74,19,3,26,2,999490,50,95,1,1,0,0,0
8930,74,19,3,26,2,999490,50,95,1,1,0,0,0
8940,74,19,3,26,2,999490,50,95,1,1,0,0,0
8950,74,19,3,26,2,999490,50,95,1,1,0,0,0
8960,74,19,3,26,2,999490,50,95,1,1,0,0,0
8970,74,19,3,26,2,999490,50,95,1,1,0,0,0
8980,74,19,3,26,2,999490,50,95,1,1,0,0,0
8990,74,19,3,26,2,999490,50,95,1,1,0,0,0
9000,74,19,3,26,2,999490,50,95,1,1,0,0,0
9010,74,19,3,26,2,999490,50,95,1,1,0,0,0
9020,74,19,3,26,2,999490,50,95,1,1,0,0,0
9030,74,19,3,26,2,999490,50,95,1,1,0,0,0
9040,74,19,3,26,2,999490,50,95,1,1,0,0,0
9050,74,19,3,26,2,999490,50,95,1,1,0,0,0
9060,75,20,3,25,2,999470,50,95,1,1,0,0,0
9070,75,20,3,25,2,999470,50,95,1,1,0,0,0
9080,75,20,3,25,2,999470,50,95,1,1,0,0,0
9090,75,20,3,25,2,999470,50,95,1,1,0,0,0
9100,75,20,3,25,2,999470,50,95,1,1,0,0,0
9110,75,20,3,25,2,999470,50,95,1,1,0,0,0
9120,75,20,3,25,2,999470,50,95,1,1,0,0,0
9130,76,21,4,24,1,999440,50,95,1,1,0,0,0
9140,76,20,4,24,2,999440,50,94,1,1,0,0,0
9150,76,20,4,24,2,999440,50,94,1,1,0,0,0
9160,76,20,4,24,2,999440,50,94,1,1,0,0,0
9170,76,20,4,24,2,999440,50,94,1,1,0,0,0
9180,76,20,4,24,2,999440,50,94,1,1,0,0,0
9190,77,21,5,23,1,999410,50,94,1,1,0,0,0
9200,76,21,5,24,1,999410,49,94,1,1,0,0,0
9210,76,21,5,24,1,999410,49,94,1,1,0,0,0
9220,76,21,5,24,1,999410,49,94,1,1,0,0,0
9230,76,21,5,24,1,999410,49,94,1,1,0,0,0
9240,76,21,5,24,1,999410,49,94,1,1,0,0,0
9250,76,21,5,24,1,999410,49,94,1,1,0,0,0
9260,76,21,5,24,1,999410,49,94,1,1,0,0,0
9270,76,21,5,24,1,999410,49,94,1,1,0,0,0
9280,76,21,5,24,1,999410,49,94,1,1,0,0,0
9290,76,21,5,24,1,999410,49,94,1,1,0,0,0
9300,76,21,5,24,1,999410,49,94,1,1,0,0,0
9310,76,21,5,24,1,999410,49,94,1,1,0,0,0
9320,76,21,5,24,1,999410,49,94,1,1,0,0,0
9330,76,21,5,24,1,999410,49,94,1,1,0,0,0
9340,76,21,5,24,1,999410,49,94,1,1,0,0,0
9350,75,21,5,25,1,999410,48,94,1,1,0,0,0
9360,75,21,5,25,1,999410,48,94,1,1,0,0,0
9370,75,21,5,25,1,999410,48,94,1,1,0,0,0
9380,75,21,5,25,1,999410,48,94,1,1,0,0,0
9390,75,21,5,25,1,999410,48,94,1,1,0,0,0
9400,75,21,5,25,1,999410,48,94,1,1,0,0,0
9410,75,21,5,25,1,999410,48,94,1,1,0,0,0
9420,76,22,5,24,1,999390,48,94,1,1,0,0,0
9430,76,22,5,24,1,999390,48,94,1,1,0,0,0
9440,76,22,5,24,1,999390,48,94,1,1,0,0,0
9450,76,22,5,24,1,999390,48,94,1,1,0,0,0
9460,76,22,5,24,1,999390,48,94,1,1,0,0,0
9470,76,22,5,24,1,999390,48,94,1,1,0,0,0
9480,76,22,5,24,1,999390,48,94,1,1,0,0,0
9490,76,22,5,24,1,999390,48,94,1,1,0,0,0
9500,77,23,5,23,1,999370,48,94,1,1,0,0,0
9510,77,23,5,23,1,999370,48,94,1,1,0,0,0
9520,76,23,5,24,1,999370,47,94,1,1,0,0,0
9530,75,23,5,25,1,999370,46,94,1,1,0,0,0
9540,75,23,5,25,1,999370,46,94,1,1,0,0,0
9550,75,23,5,25,1,999370,46,94,1,1,0,0,0
9560,75,23,5,25,1,999370,46,94,1,1,0,0,0
9570,75,23,5,25,1,999370,46,94,1,1,0,0,0
9580,75,23,5,25,1,999370,46,94,1,1,0,0,0
9590,75,23,5,25,1,999370,46,94,1,1,0,0,0
9600,75,23,5,25,1,999370,46,94,1,1,0,0,0
9610,75,23,5,25,1,999370,46,94,1,1,0,0,0
9620,75,23,5,25,1,999370,46,94,1,1,0,0,0
9630,75,23,5,25,1,999370,46,94,1,1,0,0,0
9640,75,23,5,25,1,999370,46,94,1,1,0,0,0
9650,75,22,5,25,2,999370,46,93,1,1,0,0,0
9660,75,22,5,25,2,999370,46,93,1,1,0,0,0
9670,76,23,6,24,1,999340,46,93,1,1,0,0,0
9680,76,23,6,24,1,999340,46,93,1,1,0,0,0
9690,76,23,6,24,1,999340,46,93,1,1,0,0,0
9700,76,23,6,24,1,999340,46,93,1,1,0,0,0
9710,77,24,7,23,0,999310,46,93,1,1,0,0,0
9720,77,24,7,23,0,999310,46,93,1,1,0,0,0
9730,77,24,7,23,0,999310,46,93,1,1,0,0,0
9740,77,24,7,23,0,999310,46,93,1,1,0,0,0
9750,77,24,7,23,0,999310,46,93,1,1,0,0,0
9760,78,25,7,22,0,999290,46,93,1,1,0,0,0
9770,78,25,7,22,0,999290,46,93,1,1,0,0,0
9780,78,25,7,22,0,999290,46,93,1,1,0,0,0
9790,78,25,7,22,0,999290,46,93,1,1,0,0,0
9800,78,25,7,22,0,999290,46,93,1,1,0,0,0
9810,78,25,7,22,0,999290,46,93,1,1,0,0,0
9820,78,24,7,22,1,999290,46,92,1,1,0,0,0
9830,78,24,7,22,1,999290,46,92,1,1,0,0,0
9840,78,24,7,22,1,999290,46,92,1,1,0,0,0
9850,78,24,7,22,1,999290,46,92,1,1,0,0,0
9860,78,24,7,22,1,999290,46,92,1,1,0,0,0
9870,78,24,7,22,1,999290,46,92,1,1,0,0,0
9880,78,24,7,22,1,999290,46,92,1,1,0,0,0
9890,78,24,7,22,1,999290,46,92,1,1,0,0,0
9900,78,24,7,22,1,999290,46,92,1,1,0,0,0
9910,78,24,7,22,1,999290,46,92,1,1,0,0,0
9920,78,24,7,22,1,999290,46,92,1,1,0,0,0
9930,77,24,7,23,1,999290,45,92,1,1,0,0,0
9940,77,24,7,23,1,999290,45,92,1,1,0,0,0
9950,77,24,7,23,1,999290,45,92,1,1,0,0,0
9960,77,24,7,23,1,999290,45,92,1,1,0,0,0
9970,77,24,7,23,1,999290,45,92,1,1,0,0,0
9980,77,24,7,23,1,999290,45,92,1,1,0,0,0
9990,77,24,7,23,1,999290,45,92,1,1,0,0,0
10000,77,24,7,23,1,999290,45,92,1,1,0,0,0
10010,77,24,7,23,1,999290,45,92,1,1,0,0,0
10020,77,24,7,23,1,999290,45,92,1,1,0,0,0
10030,78,25,8,22,0,999260,45,92,1,1,0,0,0
10040,78,25,8,22,0,999260,45,92,1,1,0,0,0
10050,78,25,8,22,0,999260,45,92,1,1,0,0,0
10060,78,25,8,22,0,999260,45,92,1,1,0,0,0
10070,78,25,8,22,0,999260,45,92,1,1,0,0,0
10080,78,25,8,22,0,999260,45,92,1,1,0,0,0
10090,78,25,8,22,0,999260,45,92,1,1,0,0,0
10100,78,25,8,22,0,999260,45,92,1,1,0,0,0
10110,79,26,8,21,0,999240,45,92,1,1,0,0,0
10120,79,26,8,21,0,999240,45,92,1,1,0,0,0
10130,79,26,8,21,0,999240,45,92,1,1,0,0,0
10140,79,26,8,21,0,999240,45,92,1,1,0,0,0
10150,79,26,8,21,0,999240,45,92,1,1,0,0,0
10160,79,26,8,21,0,999240,45,92,1,1,0,0,0
10170,79,26,8,21,0,999240,45,92,1,1,0,0,0
10180,79,26,8,21,0,999240,45,92,1,1,0,0,0
10190,79,26,8,21,0,999240,45,92,1,1,0,0,0
10200,79,26,8,21,0,999240,45,92,1,1,0,0,0
10210,79,26,8,21,0,999240,45,92,1,1,0,0,0
10220,79,26,8,21,0,999240,45,92,1,1,0,0,0
10230,79,26,8,21,0,999240,45,92,1,1,0,0,0
10240,79,26,8,21,0,999240,45,92,1,1,0,0,0
10250,79,26,8,21,0,999240,45,92,1,1,0,0,0
10260,78,26,8,22,0,999240,44,92,1,1,0,0,0
10270,77,26,8,23,0,999240,43,92,1,1,0,0,0
10280,77,26,8,23,0,999240,43,92,1,1,0,0,0
10290,77,26,8,23,0,999240,43,92,1,1,0,0,0
10300,77,26,8,23,0,999240,43,92,1,1,0,0,0
10310,77,26,8,23,0,999240,43,92,1,1,0,0,0
10320,77,26,8,23,0,999240,43,92,1,1,0,0,0
10330,77,26,8,23,0,999240,43,92,1,1,0,0,0
10340,77,26,8,23,0,999240,43,92,1,1,0,0,0
10350,77,26,8,23,0,999240,43,92,1,1,0,0,0
10360,76,26,8,24,0,999240,42,92,1,1,0,0,0
10370,76,26,8,24,0,999240,42,92,1,1,0,0,0
10380,76,26,8,24,0,999240,42,92,1,1,0,0,0
10390,77,27,8,23,0,999220,42,92,1,1,0,0,0
10400,77,27,8,23,0,999220,42,92,1,1,0,0,0
10410,77,27,8,23,0,999220,42,92,1,1,0,0,0
10420,77,27,8,23,0,999220,42,92,1,1,0,0,0
10430,77,27,8,23,0,999220,42,92,1,1,0,0,0
10440,77,27,8,23,0,999220,42,92,1,1,0,0,0
10450,77,27,8,23,0,999220,42,92,1,1,0,0,0
10460,77,27,8,23,0,999220,42,92,1,1,0,0,0
10470,77,27,8,23,0,999220,42,92,1,1,0,0,0
10480,77,27,8,23,0,999220,42,92,1,1,0,0,0
10490,77,27,8,23,0,999220,42,92,1,1,0,0,0
10500,77,27,8,23,0,999220,42,92,1,1,0,0,0
10510,77,27,8,23,0,999220,42,92,1,1,0,0,0
10520,77,27,8,23,0,999220,42,92,1,1,0,0,0
10530,77,27,8,23,0,999220,42,92,1,1,0,0,0
10540,77,27,8,23,0,999220,42,92,1,1,0,0,0
10550,77,27,8,23,0,999220,42,92,1,1,0,0,0
10560,77,27,8,23,0,999220,42,92,1,1,0,0,0
10570,77,27,8,23,0,999220,42,92,1,1,0,0,0
10580,77,27,8,23,0,999220,42,92,1,1,0,0,0
10590,77,27,8,23,0,999220,42,92,1,1,0,0,0
10600,77,27,8,23,0,999220,42,92,1,1,0,0,0
10610,77,27,8,23,0,999220,42,92,1,1,0,0,0
10620,77,27,8,23,0,999220,42,92,1,1,0,0,0
10630,77,27,8,23,0,999220,42,92,1,1,0,0,0
10640,77,27,8,23,0,999220,42,92,1,1,0,0,0
10650,77,27,8,23,0,999220,42,92,1,1,0,0,0
10660,77,27,8,23,0,999220,42,92,1,1,0,0,0
10670,77,27,8,23,0,999220,42,92,1,1,0,0,0
10680,77,27,8,23,0,999220,42,92,1,1,0,0,0
10690,77,27,8,23,0,999220,42,92,1,1,0,0,0
10700,77,27,8,23,0,999220,42,92,1,1,0,0,0
10710,77,27,8,23,0,999220,42,92,1,1,0,0,0
10720,77,27,8,23,0,999220,42,92,1,1,0,0,0
10730,77,27,8,23,0,999220,42,92,1,1,0,0,0
10740,77,27,8,23,0,999220,42,92,1,1,0,0,0
10750,77,27,8,23,0,999220,42,92,1,1,0,0,0
10760,77,27,8,23,0,999220,42,92,1,1,0,0,0
10770,77,27,8,23,0,999220,42,92,1,1,0,0,0
10780,77,27,8,23,0,999220,42,92,1,1,0,0,0
10790,77,27,8,23,0,999220,42,92,1,1,0,0,0
10800,77,27,8,23,0,999220,42,92,1,1,0,0,0
10810,77,27,8,23,0,999220,42,92,1,1,0,0,0
10820,77,27,8,23,0,999220,42,92,1,1,0,0,0
10830,77,27,8,23,0,999220,42,92,1,1,0,0,0
10840,75,27,8,25,0,999220,40,92,1,1,0,0,0
10850,75,27,8,25,0,999220,40,92,1,1,0,0,0
10860,75,27,8,25,0,999220,40,92,1,1,0,0,0
10870,75,27,8,25,0,999220,40,92,1,1,0,0,0
10880,75,27,8,25,0,999220,40,92,1,1,0,0,0
10890,75,27,8,25,0,999220,40,92,1,1,0,0,0
10900,75,27,8,25,0,999220,40,92,1,1,0,0,0
10910,75,27,8,25,0,999220,40,92,1,1,0,0,0
10920,75,27,8,25,0,999220,40,92,1,1,0,0,0
10930,75,27,8,25,0,999220,40,92,1,1,0,0,0
10940,75,27,8,25,0,999220,40,92,1,1,0,0,0
10950,75,27,8,25,0,999220,40,92,1,1,0,0,0
10960,75,27,8,25,0,999220,40,92,1,1,0,0,0
10970,74,27,8,26,0,999220,39,92,1,1,0,0,0
10980,74,27,8,26,0,999220,39,92,1,1,0,0,0
10990,74,27,8,26,0,999220,39,92,1,1,0,0,0
11000,74,27,8,26,0,999220,39,92,1,1,0,0,0
11010,74,27,8,26,0,999220,39,92,1,1,0,0,0
11020,74,27,8,26,0,999220,39,92,1,1,0,0,0
11030,74,26,8,26,1,999220,39,91,1,1,0,0,0
11040,74,26,8,26,1,999220,39,91,1,1,0,0,0
11050,74,26,8,26,1,999220,39,91,1,1,0,0,0
11060,74,26,8,26,1,999220,39,91,1,1,0,0,0
11070,74,26,8,26,1,999220,39,91,1,1,0,0,0
11080,74,26,8,26,1,999220,39,91,1,1,0,0,0
11090,74,26,8,26,1,999220,39,91,1,1,0,0,0
11100,74,25,8,26,2,999220,39,90,1,1,0,0,0
11110,74,25,8,26,2,999220,39,90,1,1,0,0,0
11120,74,25,8,26,2,999220,39,90,1,1,0,0,0
11130,74,25,8,26,2,999220,39,90,1,1,0,0,0
11140,74,25,8,26,2,999220,39,90,1,1,0,0,0
11150,74,25,8,26,2,999220,39,90,1,1,0,0,0
11160,74,25,8,26,2,999220,39,90,1,1,0,0,0
11170,74,25,8,26,2,999220,39,90,1,1,0,0,0
11180,74,25,8,26,2,999220,39,90,1,1,0,0,0
11190,74,25,8,26,2,999220,39,90,1,1,0,0,0
11200,74,25,8,26,2,999220,39,90,1,1,0,0,0
11210,74,25,8,26,2,999220,39,90,1,1,0,0,0
11220,74,25,8,26,2,999220,39,90,1,1,0,0,0
11230,74,25,8,26,2,999220,39,90,1,1,0,0,0
11240,74,25,8,26,2,999220,39,90,1,1,0,0,0
11250,74,25,8,26,2,999220,39,90,1,1,0,0,0
11260,74,25,8,26,2,999220,39,90,1,1,0,0,0
11270,74,25,8,26,2,999220,39,90,1,1,0,0,0
11280,74,25,8,26,2,999220,39,90,1,1,0,0,0
11290,74,25,8,26,2,999220,39,90,1,1,0,0,0
11300,74,25,8,26,2,999220,39,90,1,1,0,0,0
11310,74,25,8,26,2,999220,39,90,1,1,0,0,0
11320,74,25,8,26,2,999220,39,90,1,1,0,0,0
11330,74,25,8,26,2,999220,39,90,1,1,0,0,0
11340,74,25,8,26,2,999220,39,90,1,1,0,0,0
11350,74,25,8,26,2,999220,39,90,1,1,0,0,0
11360,74,25,8,26,2,999220,39,90,1,1,0,0,0
11370,74,25,8,26,2,999220,39,90,1,1,0,0,0
11380,74,25,8,26,2,999220,39,90,1,1,0,0,0
11390,74,25,8,26,2,999220,39,90,1,1,0,0,0
11400,74,25,8,26,2,999220,39,90,1,1,0,0,0
11410,74,25,8,26,2,999220,39,90,1,1,0,0,0
11420,74,25,8,26,2,999220,39,90,1,1,0,0,0
11430,74,25,8,26,2,999220,39,90,1,1,0,0,0
11440,74,25,8,26,2,999220,39,90,1,1,0,0,0
11450,74,25,8,26,2,999220,39,90,1,1,0,0,0
11460,74,25,8,26,2,999220,39,90,1,1,0,0,0
11470,74,25,8,26,2,999220,39,90,1,1,0,0,0
11480,74,25,8,26,2,999220,39,90,1,1,0,0,0
11490,74,25,8,26,2,999220,39,90,1,1,0,0,0
11500,74,25,8,26,2,999220,39,90,1,1,0,0,0
11510,74,25,8,26,2,999220,39,90,1,1,0,0,0
11520,74,25,8,26,2,999220,39,90,1,1,0,0,0
11530,74,25,8,26,2,999220,39,90,1,1,0,0,0
11540,74,25,8,26,2,999220,39,90,1,1,0,0,0
11550,75,26,8,25,2,999200,39,90,1,1,0,0,0
11560,75,26,8,25,2,999200,39,90,1,1,0,0,0
11570,75,26,8,25,2,999200,39,90,1,1,0,0,0
11580,75,26,8,25,2,999200,39,90,1,1,0,0,0
11590,76,27,9,24,1,999170,39,90,1,1,0,0,0
11600,76,27,9,24,1,999170,39,90,1,1,0,0,0
11610,76,27,9,24,1,999170,39,90,1,1,0,0,0
11620,76,27,9,24,1,999170,39,90,1,1,0,0,0
11630,76,27,9,24,1,999170,39,90,1,1,0,0,0
11640,76,27,9,24,1,999170,39,90,1,1,0,0,0
11650,77,28,10,23,0,999140,39,90,1,1,0,0,0
11660,77,28,10,23,0,999140,39,90,1,1,0,0,0
11670,77,28,10,23,0,999140,39,90,1,1,0,0,0
11680,77,28,10,23,0,999140,39,90,1,1,0,0,0
11690,77,28,10,23,0,999140,39,90,1,1,0,0,0
11700,77,28,10,23,0,999140,39,90,1,1,0,0,0
11710,77,28,10,23,0,999140,39,90,1,1,0,0,0
11720,77,28,10,23,0,999140,39,90,1,1,0,0,0
11730,77,28,10,23,0,999140,39,90,1,1,0,0,0
11740,77,28,10,23,0,999140,39,90,1,1,0,0,0
11750,77,28,10,23,0,999140,39,90,1,1,0,0,0
11760,77,28,10,23,0,999140,39,90,1,1,0,0,0
11770,77,28,10,23,0,999140,39,90,1,1,0,0,0
11780,77,28,10,23,0,999140,39,90,1,1,0,0,0
11790,77,28,10,23,0,999140,39,90,1,1,0,0,0
11800,77,28,10,23,0,999140,39,90,1,1,0,0,0
11810,77,28,10,23,0,999140,39,90,1,1,0,0,0
11820,77,28,10,23,0,999140,39,90,1,1,0,0,0
11830,77,28,10,23,0,999140,39,90,1,1,0,0,0
11840,77,28,10,23,0,999140,39,90,1,1,0,0,0
11850,77,28,10,23,0,999140,39,90,1,1,0,0,0
11860,77,28,10,23,0,999140,39,90,1,1,0,0,0
11870,77,28,10,23,0,999140,39,90,1,1,0,0,0
11880,77,28,10,23,0,999140,39,90,1,1,0,0,0
11890,77,28,10,23,0,999140,39,90,1,1,0,0,0
11900,77,28,10,23,0,999140,39,90,1,1,0,0,0
11910,77,28,10,23,0,999140,39,90,1,1,0,0,0
11920,77,28,10,23,0,999140,39,90,1,1,0,0,0
11930,77,28,10,23,0,999140,39,90,1,1,0,0,0
11940,77,28,10,23,0,999140,39,90,1,1,0,0,0
11950,77,28,10,23,0,999140,39,90,1,1,0,0,0
11960,77,28,10,23,0,999140,39,90,1,1,0,0,0
11970,77,28,10,23,0,999140,39,90,1,1,0,0,0
11980,77,28,10,23,0,999140,39,90,1,1,0,0,0
11990,77,28,10,23,0,999140,39,90,1,1,0,0,0
12000,77,28,10,23,0,999140,39,90,1,1,0,0,0
12010,77,28,10,23,0,999140,39,90,1,1,0,0,0
12020,77,28,10,23,0,999140,39,90,1,1,0,0,0
12030,77,28,10,23,0,999140,39,90,1,1,0,0,0
12040,77,28,10,23,0,999140,39,90,1,1,0,0,0
12050,77,28,10,23,0,999140,39,90,1,1,0,0,0
12060,77,28,10,23,0,999140,39,90,1,1,0,0,0
12070,77,28,10,23,0,999140,39,90,1,1,0,0,0
12080,77,28,10,23,0,999140,39,90,1,1,0,0,0
12090,77,28,10,23,0,999140,39,90,1,1,0,0,0
12100,77,28,10,23,0,999140,39,90,1,1,0,0,0
12110,77,28,10,23,0,999140,39,90,1,1,0,0,0
12120,77,28,10,23,0,999140,39,90,1,1,0,0,0
12130,77,28,10,23,0,999140,39,90,1,1,0,0,0
12140,78,29,10,22,0,999120,39,90,1,1,0,0,0
12150,78,29,10,22,0,999120,39,90,1,1,0,0,0
12160,78,29,10,22,0,999120,39,90,1,1,0,0,0
12170,78,29,10,22,0,999120,39,90,1,1,0,0,0
12180,78,29,10,22,0,999120,39,90,1,1,0,0,0
12190,78,29,10,22,0,999120,39,90,1,1,0,0,0
12200,78,29,10,22,0,999120,39,90,1,1,0,0,0
12210,78,29,10,22,0,999120,39,90,1,1,0,0,0
12220,78,29,10,22,0,999120,39,90,1,1,0,0,0
12230,78,29,10,22,0,999120,39,90,1,1,0,0,0
12240,78,29,10,22,0,999120,39,90,1,1,0,0,0
12250,78,29,10,22,0,999120,39,90,1,1,0,0,0
12260,78,29,10,22,0,999120,39,90,1,1,0,0,0
12270,78,29,10,22,0,999120,39,90,1,1,0,0,0
12280,78,29,10,22,0,999120,39,90,1,1,0,0,0
12290,78,29,10,22,0,999120,39,90,1,1,0,0,0
12300,78,29,10,22,0,999120,39,90,1,1,0,0,0
12310,78,29,10,22,0,999120,39,90,1,1,0,0,0
12320,78,29,10,22,0,999120,39,90,1,1,0,0,0
12330,78,29,10,22,0,999120,39,90,1,1,0,0,0
12340,78,29,10,22,0,999120,39,90,1,1,0,0,0
12350,78,29,10,22,0,999120,39,90,1,1,0,0,0
12360,78,29,10,22,0,999120,39,90,1,1,0,0,0
12370,78,29,10,22,0,999120,39,90,1,1,0,0,0
12380,79,30,10,21,0,999100,39,90,1,1,0,0,0
12390,79,30,10,21,0,999100,39,90,1,1,0,0,0
12400,78,30,10,22,0,999100,38,90,1,1,0,0,0
12410,78,30,10,22,0,999100,38,90,1,1,0,0,0
12420,78,30,10,22,0,999100,38,90,1,1,0,0,0
12430,78,30,10,22,0,999100,38,90,1,1,0,0,0
12440,78,30,10,22,0,999100,38,90,1,1,0,0,0
12450,78,30,10,22,0,999100,38,90,1,1,0,0,0
12460,78,30,10,22,0,999100,38,90,1,1,0,0,0
12470,78,30,10,22,0,999100,38,90,1,1,0,0,0
12480,78,30,10,22,0,999100,38,90,1,1,0,0,0
12490,78,30,10,22,0,999100,38,90,1,1,0,0,0
12500,78,30,10,22,0,999100,38,90,1,1,0,0,0
12510,78,30,10,22,0,999100,38,90,1,1,0,0,0
12520,78,30,10,22,0,999100,38,90,1,1,0,0,0
12530,78,30,10,22,0,999100,38,90,1,1,0,0,0
12540,78,30,10,22,0,999100,38,90,1,1,0,0,0
12550,78,30,10,22,0,999100,38,90,1,1,0,0,0
12560,78,30,10,22,0,999100,38,90,1,1,0,0,0
12570,78,30,10,22,0,999100,38,90,1,1,0,0,0
12580,78,30,10,22,0,999100,38,90,1,1,0,0,0
12590,78,30,10,22,0,999100,38,90,1,1,0,0,0
12600,78,30,10,22,0,999100,38,90,1,1,0,0,0
12610,77,30,10,23,0,999100,37,90,1,1,0,0,0
12620,77,30,10,23,0,999100,37,90,1,1,0,0,0
12630,77,30,10,23,0,999100,37,90,1,1,0,0,0
12640,76,30,10,24,0,999100,36,90,1,1,0,0,0
12650,76,30,10,24,0,999100,36,90,1,1,0,0,0
12660,76,30,10,24,0,999100,36,90,1,1,0,0,0
12670,76,30,10,24,0,999100,36,90,1,1,0,0,0
12680,76,30,10,24,0,999100,36,90,1,1,0,0,0
12690,76,30,10,24,0,999100,36,90,1,1,0,0,0
12700,76,30,10,24,0,999100,36,90,1,1,0,0,0
12710,76,30,10,24,0,999100,36,90,1,1,0,0,0
12720,76,30,10,24,0,999100,36,90,1,1,0,0,0
12730,76,30,10,24,0,999100,36,90,1,1,0,0,0
12740,76,30,10,24,0,999100,36,90,1,1,0,0,0
12750,76,30,10,24,0,999100,36,90,1,1,0,0,0
12760,76,30,10,24,0,999100,36,90,1,1,0,0,0
12770,75,30,10,25,0,999100,35,90,1,1,0,0,0
12780,75,30,10,25,0,999100,35,90,1,1,0,0,0
12790,75,30,10,25,0,999100,35,90,1,1,0,0,0
12800,75,30,10,25,0,999100,35,90,1,1,0,0,0
12810,75,29,10,25,1,999100,35,89,1,1,0,0,0
12820,75,29,10,25,1,999100,35,89,1,1,0,0,0
12830,75,29,10,25,1,999100,35,89,1,1,0,0,0
12840,75,29,10,25,1,999100,35,89,1,1,0,0,0
12850,75,29,10,25,1,999100,35,89,1,1,0,0,0
12860,75,29,10,25,1,999100,35,89,1,1,0,0,0
12870,73,29,10,27,1,999100,33,89,1,1,0,0,0
12880,73,29,10,27,1,999100,33,89,1,1,0,0,0
12890,72,29,10,28,1,999100,32,89,1,1,0,0,0
12900,72,29,10,28,1,999100,32,89,1,1,0,0,0
12910,72,29,10,28,1,999100,32,89,1,1,0,0,0
12920,72,29,10,28,1,999100,32,89,1,1,0,0,0
12930,72,29,10,28,1,999100,32,89,1,1,0,0,0
12940,72,29,10,28,1,999100,32,89,1,1,0,0,0
12950,72,29,10,28,1,999100,32,89,1,1,0,0,0
12960,73,30,10,27,1,999080,32,89,1,1,0,0,0
12970,73,30,10,27,1,999080,32,89,1,1,0,0,0
12980,73,30,10,27,1,999080,32,89,1,1,0,0,0
12990,73,30,10,27,1,999080,32,89,1,1,0,0,0
13000,73,30,10,27,1,999080,32,89,1,1,0,0,0
13010,73,30,10,27,1,999080,32,89,1,1,0,0,0
13020,73,30,10,27,1,999080,32,89,1,1,0,0,0
13030,73,30,10,27,1,999080,32,89,1,1,0,0,0
13040,73,30,10,27,1,999080,32,89,1,1,0,0,0
13050,73,30,10,27,1,999080,32,89,1,1,0,0,0
13060,73,30,10,27,1,999080,32,89,1,1,0,0,0
13070,73,30,10,27,1,999080,32,89,1,1,0,0,0
13080,73,30,10,27,1,999080,32,89,1,1,0,0,0
13090,73,30,10,27,1,999080,32,89,1,1,0,0,0
13100,73,30,10,27,1,999080,32,89,1,1,0,0,0
13110,73,30,10,27,1,999080,32,89,1,1,0,0,0
13120,73,30,10,27,1,999080,32,89,1,1,0,0,0
13130,73,30,10,27,1,999080,32,89,1,1,0,0,0
13140,73,30,10,27,1,999080,32,89,1,1,0,0,0
13150,73,30,10,27,1,999080,32,89,1,1,0,0,0
13160,73,30,10,27,1,999080,32,89,1,1,0,0,0
13170,73,30,10,27,1,999080,32,89,1,1,0,0,0
13180,73,30,10,27,1,999080,32,89,1,1,0,0,0
13190,73,30,10,27,1,999080,32,89,1,1,0,0,0
13200,73,30,10,27,1,999080,32,89,1,1,0,0,0
13210,73,30,10,27,1,999080,32,89,1,1,0,0,0
13220,73,30,10,27,1,999080,32,89,1,1,0,0,0
13230,73,30,10,27,1,999080,32,89,1,1,0,0,0
13240,73,30,10,27,1,999080,32,89,1,1,0,0,0
13250,73,30,10,27,1,999080,32,89,1,1,0,0,0
13260,73,30,10,27,1,999080,32,89,1,1,0,0,0
13270,73,30,10,27,1,999080,32,89,1,1,0,0,0
13280,74,31,11,26,0,999050,32,89,1,1,0,0,0
13290,74,31,11,26,0,999050,32,89,1,1,0,0,0
13300,74,31,11,26,0,999050,32,89,1,1,0,0,0
13310,74,31,11,26,0,999050,32,89,1,1,0,0,0
13320,74,31,11,26,0,999050,32,89,1,1,0,0,0
13330,74,31,11,26,0,999050,32,89,1,1,0,0,0
13340,74,31,11,26,0,999050,32,89,1,1,0,0,0
13350,74,31,11,26,0,999050,32,89,1,1,0,0,0
13360,74,31,11,26,0,999050,32,89,1,1,0,0,0
13370,74,31,11,26,0,999050,32,89,1,1,0,0,0
13380,74,31,11,26,0,999050,32,89,1,1,0,0,0
13390,74,31,11,26,0,999050,32,89,1,1,0,0,0
13400,74,31,11,26,0,999050,32,89,1,1,0,0,0
13410,74,31,11,26,0,999050,32,89,1,1,0,0,0
13420,74,31,11,26,0,999050,32,89,1,1,0,0,0
13430,74,31,11,26,0,999050,32,89,1,1,0,0,0
13440,74,31,11,26,0,999050,32,89,1,1,0,0,0
13450,74,31,11,26,0,999050,32,89,1,1,0,0,0
13460,74,31,11,26,0,999050,32,89,1,1,0,0,0
13470,74,31,11,26,0,999050,32,89,1,1,0,0,0
13480,74,31,11,26,0,999050,32,89,1,1,0,0,0
13490,74,30,11,26,1,999050,32,88,1,1,0,0,0
13500,74,30,11,26,1,999050,32,88,1,1,0,0,0
13510,74,30,11,26,1,999050,32,88,1,1,0,0,0
13520,74,30,11,26,1,999050,32,88,1,1,0,0,0
13530,74,30,11,26,1,999050,32,88,1,1,0,0,0
13540,74,30,11,26,1,999050,32,88,1,1,0,0,0
13550,74,30,11,26,1,999050,32,88,1,1,0,0,0
13560,74,30,11,26,1,999050,32,88,1,1,0,0,0
13570,74,30,11,26,1,999050,32,88,1,1,0,0,0
13580,74,30,11,26,1,999050,32,88,1,1,0,0,0
13590,75,31,11,25,1,999030,32,88,1,1,0,0,0
13600,75,31,11,25,1,999030,32,88,1,1,0,0,0
13610,75,31,11,25,1,999030,32,88,1,1,0,0,0
13620,75,31,11,25,1,999030,32,88,1,1,0,0,0
13630,74,31,11,26,1,999030,31,88,1,1,0,0,0
13640,74,31,11,26,1,999030,31,88,1,1,0,0,0
13650,74,31,11,26,1,999030,31,88,1,1,0,0,0
13660,75,32,11,25,1,999010,31,88,1,1,0,0,0
13670,75,32,11,25,1,999010,31,88,1,1,0,0,0
13680,75,32,11,25,1,999010,31,88,1,1,0,0,0
13690,75,32,11,25,1,999010,31,88,1,1,0,0,0
13700,75,32,11,25,1,999010,31,88,1,1,0,0,0
13710,75,32,11,25,1,999010,31,88,1,1,0,0,0
13720,75,32,11,25,1,999010,31,88,1,1,0,0,0
13730,75,32,11,25,1,999010,31,88,1,1,0,0,0
13740,75,32,11,25,1,999010,31,88,1,1,0,0,0
13750,75,32,11,25,1,999010,31,88,1,1,0,0,0
13760,75,32,11,25,1,999010,31,88,1,1,0,0,0
13770,75,32,11,25,1,999010,31,88,1,1,0,0,0
13780,75,32,11,25,1,999010,31,88,1,1,0,0,0
13790,75,32,11,25,1,999010,31,88,1,1,0,0,0
13800,75,32,11,25,1,999010,31,88,1,1,0,0,0
13810,75,32,11,25,1,999010,31,88,1,1,0,0,0
13820,75,32,11,25,1,999010,31,88,1,1,0,0,0
13830,75,32,11,25,1,999010,31,88,1,1,0,0,0
13840,75,32,11,25,1,999010,31,88,1,1,0,0,0
13850,75,32,11,25,1,999010,31,88,1,1,0,0,0
13860,75,32,11,24,1,999010,31,88,0,1,0,0,1
13870,76,33,11,24,1,998990,31,88,1,1,0,0,0
13880,76,33,11,24,1,998990,31,88,1,1,0,0,0
13890,76,33,11,24,1,998990,31,88,1,1,0,0,0
13900,76,33,11,24,1,998990,31,88,1,1,0,0,0
13910,76,33,11,24,1,998990,31,88,1,1,0,0,0
13920,76,33,11,24,1,998990,31,88,1,1,0,0,0
13930,76,33,11,24,1,998990,31,88,1,1,0,0,0
13940,76,33,11,24,1,998990,31,88,1,1,0,0,0
13950,76,33,11,24,1,998990,31,88,1,1,0,0,0
13960,76,33,11,24,1,998990,31,88,1,1,0,0,0
13970,76,33,11,23,0,998990,31,88,1,0,0,1,0
13980,77,32,12,23,2,998960,31,86,1,1,0,0,0
13990,77,32,12,23,2,998960,31,86,1,1,0,0,0
14000,77,32,12,23,2,998960,31,86,1,1,0,0,0
14010,78,33,13,22,1,998930,31,86,1,1,0,0,0
14020,78,33,13,22,1,998930,31,86,1,1,0,0,0
14030,78,33,13,22,1,998930,31,86,1,1,0,0,0
14040,78,33,13,22,1,998930,31,86,1,1,0,0,0
14050,79,34,14,21,0,998900,31,86,1,1,0,0,0
14060,79,34,14,21,0,998900,31,86,1,1,0,0,0
14070,79,34,14,21,0,998900,31,86,1,1,0,0,0
14080,79,34,14,21,0,998900,31,86,1,1,0,0,0
14090,79,34,14,21,0,998900,31,86,1,1,0,0,0
14100,79,34,14,21,0,998900,31,86,1,1,0,0,0
14110,79,34,14,21,0,998900,31,86,1,1,0,0,0
14120,79,34,14,21,0,998900,31,86,1,1,0,0,0
14130,79,33,14,21,1,998900,31,85,1,1,0,0,0
14140,79,32,14,21,2,998900,31,84,1,1,0,0,0
14150,79,32,14,21,2,998900,31,84,1,1,0,0,0
14160,79,32,14,21,2,998900,31,84,1,1,0,0,0
14170,79,32,14,21,2,998900,31,84,1,1,0,0,0
14180,79,32,14,21,2,998900,31,84,1,1,0,0,0
14190,79,32,14,21,2,998900,31,84,1,1,0,0,0
14200,79,32,14,21,2,998900,31,84,1,1,0,0,0
14210,79,32,14,21,2,998900,31,84,1,1,0,0,0
14220,79,32,14,21,2,998900,31,84,1,1,0,0,0
14230,79,32,14,21,2,998900,31,84,1,1,0,0,0
14240,79,32,14,21,2,998900,31,84,1,1,0,0,0
14250,79,32,14,21,2,998900,31,84,1,1,0,0,0
14260,79,32,14,21,2,998900,31,84,1,1,0,0,0
14270,79,32,14,21,2,998900,31,84,1,1,0,0,0
14280,79,32,14,21,2,998900,31,84,1,1,0,0,0
14290,79,32,14,21,2,998900,31,84,1,1,0,0,0
14300,79,32,14,21,2,998900,31,84,1,1,0,0,0
14310,79,32,14,21,2,998900,31,84,1,1,0,0,0
14320,79,32,14,21,2,998900,31,84,1,1,0,0,0
14330,79,32,14,21,2,998900,31,84,1,1,0,0,0
14340,79,32,14,21,2,998900,31,84,1,1,0,0,0
14350,79,32,14,21,2,998900,31,84,1,1,0,0,0
14360,79,32,14,21,2,998900,31,84,1,1,0,0,0
14370,79,32,14,21,2,998900,31,84,1,1,0,0,0
14380,79,32,14,21,2,998900,31,84,1,1,0,0,0
14390,80,33,14,20,2,998880,31,84,1,1,0,0,0
14400,80,33,14,20,2,998880,31,84,1,1,0,0,0
14410,80,33,14,20,2,998880,31,84,1,1,0,0,0
14420,80,33,14,20,2,998880,31,84,1,1,0,0,0
14430,80,33,14,20,2,998880,31,84,1,1,0,0,0
14440,80,33,14,20,2,998880,31,84,1,1,0,0,0
14450,80,33,14,19,2,998880,31,84,0,1,0,0,1
14460,81,34,14,19,2,998860,31,84,1,1,0,0,0
14470,81,34,14,19,2,998860,31,84,1,1,0,0,0
14480,81,34,14,19,2,998860,31,84,1,1,0,0,0
14490,81,34,14,19,2,998860,31,84,1,1,0,0,0
14500,81,34,14,19,2,998860,31,84,1,1,0,0,0
14510,81,34,14,19,2,998860,31,84,1,1,0,0,0
14520,81,34,14,19,2,998860,31,84,1,1,0,0,0
14530,81,34,14,19,2,998860,31,84,1,1,0,0,0
14540,81,34,14,19,2,998860,31,84,1,1,0,0,0
14550,81,34,14,19,2,998860,31,84,1,1,0,0,0
14560,81,34,14,19,2,998860,31,84,1,1,0,0,0
14570,81,34,14,19,2,998860,31,84,1,1,0,0,0
14580,81,34,14,19,2,998860,31,84,1,1,0,0,0
14590,81,34,14,19,2,998860,31,84,1,1,0,0,0
14600,81,34,14,19,2,998860,31,84,1,1,0,0,0
14610,81,34,14,19,2,998860,31,84,1,1,0,0,0
14620,81,34,14,19,2,998860,31,84,1,1,0,0,0
14630,81,34,14,19,2,998860,31,84,1,1,0,0,0
14640,81,34,14,19,2,998860,31,84,1,1,0,0,0
14650,81,34,14,19,2,998860,31,84,1,1,0,0,0
14660,81,34,14,19,2,998860,31,84,1,1,0,0,0
14670,81,34,14,19,2,998860,31,84,1,1,0,0,0
14680,81,34,14,19,2,998860,31,84,1,1,0,0,0
14690,80,34,14,20,2,998860,30,84,1,1,0,0,0
14700,80,34,14,20,2,998860,30,84,1,1,0,0,0
14710,80,34,14,20,2,998860,30,84,1,1,0,0,0
14720,80,34,14,20,2,998860,30,84,1,1,0,0,0
14730,80,34,14,20,2,998860,30,84,1,1,0,0,0
14740,80,34,14,20,2,998860,30,84,1,1,0,0,0
14750,81,35,15,19,1,998830,30,84,1,1,0,0,0
14760,81,35,15,19,1,998830,30,84,1,1,0,0,0
14770,81,35,15,19,1,998830,30,84,1,1,0,0,0
14780,81,35,15,19,1,998830,30,84,1,1,0,0,0
14790,81,35,15,19,1,998830,30,84,1,1,0,0,0
14800,81,35,15,19,1,998830,30,84,1,1,0,0,0
14810,81,35,15,19,1,998830,30,84,1,1,0,0,0
14820,80,35,15,20,1,998830,29,84,1,1,0,0,0
14830,80,35,15,20,1,998830,29,84,1,1,0,0,0
14840,80,35,15,20,1,998830,29,84,1,1,0,0,0
14850,80,35,15,20,1,998830,29,84,1,1,0,0,0
14860,80,35,15,20,1,998830,29,84,1,1,0,0,0
14870,80,34,15,20,2,998830,29,83,1,1,0,0,0
14880,80,34,15,20,2,998830,29,83,1,1,0,0,0
14890,80,33,15,20,3,998830,29,82,1,1,0,0,0
14900,80,33,15,20,3,998830,29,82,1,1,0,0,0
14910,80,33,15,20,3,998830,29,82,1,1,0,0,0
14920,80,33,15,20,3,998830,29,82,1,1,0,0,0
14930,80,33,15,20,3,998830,29,82,1,1,0,0,0
14940,80,33,15,20,3,998830,29,82,1,1,0,0,0
14950,80,33,15,20,3,998830,29,82,1,1,0,0,0
14960,81,34,16,19,2,998800,29,82,1,1,0,0,0
14970,81,34,16,19,2,998800,29,82,1,1,0,0,0
14980,81,34,16,19,2,998800,29,82,1,1,0,0,0
14990,81,34,16,19,2,998800,29,82,1,1,0,0,0
15000,81,34,16,19,2,998800,29,82,1,1,0,0,0
15010,81,34,16,19,2,998800,29,82,1,1,0,0,0
15020,81,34,16,19,2,998800,29,82,1,1,0,0,0
15030,81,34,16,19,2,998800,29,82,1,1,0,0,0
15040,81,34,16,19,2,998800,29,82,1,1,0,0,0
15050,81,34,16,19,2,998800,29,82,1,1,0,0,0
15060,81,34,16,19,2,998800,29,82,1,1,0,0,0
15070,81,33,16,19,3,998800,29,81,1,1,0,0,0
15080,81,33,16,19,3,998800,29,81,1,1,0,0,0
15090,81,33,16,19,3,998800,29,81,1,1,0,0,0
15100,81,33,16,19,3,998800,29,81,1,1,0,0,0
15110,81,33,16,19,3,998800,29,81,1,1,0,0,0
15120,81,33,16,19,3,998800,29,81,1,1,0,0,0
15130,81,32,16,19,4,998800,29,80,1,1,0,0,0
15140,81,32,16,19,4,998800,29,80,1,1,0,0,0
15150,81,32,16,19,4,998800,29,80,1,1,0,0,0
15160,81,32,16,19,4,998800,29,80,1,1,0,0,0
15170,81,32,16,19,4,998800,29,80,1,1,0,0,0
15180,81,32,16,19,4,998800,29,80,1,1,0,0,0
15190,81,32,16,19,4,998800,29,80,1,1,0,0,0
15200,81,32,16,19,4,998800,29,80,1,1,0,0,0
15210,81,32,16,19,4,998800,29,80,1,1,0,0,0
15220,81,32,16,19,4,998800,29,80,1,1,0,0,0
15230,81,31,16,19,5,998800,29,79,1,1,0,0,0
15240,81,31,16,19,5,998800,29,79,1,1,0,0,0
15250,81,31,16,19,5,998800,29,79,1,1,0,0,0
15260,81,31,16,19,5,998800,29,79,1,1,0,0,0
15270,81,31,16,19,5,998800,29,79,1,1,0,0,0
15280,80,31,16,20,5,998800,28,79,1,1,0,0,0
15290,80,31,16,20,5,998800,28,79,1,1,0,0,0
15300,80,31,16,20,5,998800,28,79,1,1,0,0,0
15310,80,31,16,20,5,998800,28,79,1,1,0,0,0
15320,80,31,16,20,5,998800,28,79,1,1,0,0,0
15330,80,31,16,20,5,998800,28,79,1,1,0,0,0
15340,80,31,16,20,5,998800,28,79,1,1,0,0,0
15350,80,31,16,19,4,998800,28,79,1,0,0,1,0
15360,81,32,17,19,4,998770,28,79,1,1,0,0,0
15370,81,32,17,19,4,998770,28,79,1,1,0,0,0
15380,81,32,17,19,4,998770,28,79,1,1,0,0,0
15390,81,32,17,19,4,998770,28,79,1,1,0,0,0
15400,81,32,17,19,4,998770,28,79,1,1,0,0,0
15410,81,32,17,19,4,998770,28,79,1,1,0,0,0
15420,81,32,17,19,4,998770,28,79,1,1,0,0,0
15430,82,33,18,18,3,998740,28,79,1,1,0,0,0
15440,82,33,18,18,3,998740,28,79,1,1,0,0,0
15450,83,34,19,17,2,998710,28,79,1,1,0,0,0
15460,83,34,19,17,2,998710,28,79,1,1,0,0,0
15470,83,34,19,17,2,998710,28,79,1,1,0,0,0
15480,83,34,19,17,2,998710,28,79,1,1,0,0,0
15490,83,34,19,17,2,998710,28,79,1,1,0,0,0
15500,83,34,19,17,2,998710,28,79,1,1,0,0,0
15510,83,34,19,17,2,998710,28,79,1,1,0,0,0
15520,83,34,19,17,2,998710,28,79,1,1,0,0,0
15530,83,34,19,17,2,998710,28,79,1,1,0,0,0
15540,83,34,19,17,2,998710,28,79,1,1,0,0,0
15550,84,35,20,16,1,998680,28,79,1,1,0,0,0
15560,84,35,20,16,1,998680,28,79,1,1,0,0,0
15570,84,35,20,16,1,998680,28,79,1,1,0,0,0
15580,84,35,20,16,1,998680,28,79,1,1,0,0,0
15590,84,35,20,16,1,998680,28,79,1,1,0,0,0
15600,84,35,20,16,1,998680,28,79,1,1,0,0,0
15610,84,35,20,16,1,998680,28,79,1,1,0,0,0
15620,84,35,20,16,1,998680,28,79,1,1,0,0,0
15630,84,35,20,16,1,998680,28,79,1,1,0,0,0
15640,84,35,20,16,1,998680,28,79,1,1,0,0,0
15650,84,35,20,16,1,998680,28,79,1,1,0,0,0
15660,84,35,20,16,1,998680,28,79,1,1,0,0,0
15670,84,35,20,16,1,998680,28,79,1,1,0,0,0
15680,84,35,20,16,1,998680,28,79,1,1,0,0,0
15690,84,35,20,16,1,998680,28,79,1,1,0,0,0
15700,84,35,20,16,1,998680,28,79,1,1,0,0,0
15710,84,35,20,16,1,998680,28,79,1,1,0,0,0
15720,84,35,20,16,1,998680,28,79,1,1,0,0,0
15730,84,35,20,16,1,998680,28,79,1,1,0,0,0
15740,84,35,20,16,1,998680,28,79,1,1,0,0,0
15750,84,35,20,16,1,998680,28,79,1,1,0,0,0
15760,84,35,20,16,1,998680,28,79,1,1,0,0,0
15770,84,35,20,16,1,998680,28,79,1,1,0,0,0
15780,84,35,20,16,1,998680,28,79,1,1,0,0,0
15790,84,35,20,16,1,998680,28,79,1,1,0,0,0
15800,84,35,20,16,1,998680,28,79,1,1,0,0,0
15810,84,35,20,16,1,998680,28,79,1,1,0,0,0
15820,84,35,20,16,1,998680,28,79,1,1,0,0,0
15830,84,35,20,16,1,998680,28,79,1,1,0,0,0
15840,84,35,20,16,1,998680,28,79,1,1,0,0,0
15850,84,35,20,16,1,998680,28,79,1,1,0,0,0
15860,84,35,20,16,1,998680,28,79,1,1,0,0,0
15870,84,35,20,16,1,998680,28,79,1,1,0,0,0
15880,84,35,20,16,1,998680,28,79,1,1,0,0,0
15890,84,35,20,16,1,998680,28,79,1,1,0,0,0
15900,84,35,20,16,1,998680,28,79,1,1,0,0,0
15910,84,35,20,16,1,998680,28,79,1,1,0,0,0
15920,84,35,20,16,1,998680,28,79,1,1,0,0,0
15930,84,35,20,16,1,998680,28,79,1,1,0,0,0
15940,84,35,20,16,1,998680,28,79,1,1,0,0,0
15950,84,35,20,16,1,998680,28,79,1,1,0,0,0
15960,84,35,20,16,1,998680,28,79,1,1,0,0,0
15970,84,35,20,16,1,998680,28,79,1,1,0,0,0
15980,84,35,20,16,1,998680,28,79,1,1,0,0,0
15990,84,35,20,16,1,998680,28,79,1,1,0,0,0
16000,85,36,20,15,1,998660,28,79,1,1,0,0,0
16010,85,36,20,15,1,998660,28,79,1,1,0,0,0
16020,85,36,20,15,1,998660,28,79,1,1,0,0,0
16030,85,36,20,15,1,998660,28,79,1,1,0,0,0
16040,85,36,20,15,1,998660,28,79,1,1,0,0,0
16050,85,36,20,15,1,998660,28,79,1,1,0,0,0
16060,85,36,20,15,1,998660,28,79,1,1,0,0,0
16070,85,36,20,15,1,998660,28,79,1,1,0,0,0
16080,85,36,20,15,1,998660,28,79,1,1,0,0,0
16090,85,36,20,15,1,998660,28,79,1,1,0,0,0
16100,85,36,20,15,1,998660,28,79,1,1,0,0,0
16110,85,36,20,15,1,998660,28,79,1,1,0,0,0
16120,85,36,20,15,1,998660,28,79,1,1,0,0,0
16130,85,36,20,15,1,998660,28,79,1,1,0,0,0
16140,84,36,20,16,1,998660,27,79,1,1,0,0,0
16150,84,36,20,16,1,998660,27,79,1,1,0,0,0
16160,84,36,20,16,1,998660,27,79,1,1,0,0,0
16170,84,36,20,16,1,998660,27,79,1,1,0,0,0
16180,84,36,20,16,1,998660,27,79,1,1,0,0,0
16190,84,36,20,16,1,998660,27,79,1,1,0,0,0
16200,84,36,20,16,1,998660,27,79,1,1,0,0,0
16210,84,36,20,16,1,998660,27,79,1,1,0,0,0
16220,84,36,20,16,1,998660,27,79,1,1,0,0,0
16230,84,36,20,16,1,998660,27,79,1,1,0,0,0
16240,84,36,20,16,1,998660,27,79,1,1,0,0,0
16250,84,36,20,16,1,998660,27,79,1,1,0,0,0
16260,84,36,20,16,1,998660,27,79,1,1,0,0,0
16270,84,36,20,16,1,998660,27,79,1,1,0,0,0
16280,84,36,20,16,1,998660,27,79,1,1,0,0,0
16290,84,36,20,16,1,998660,27,79,1,1,0,0,0
16300,84,36,20,16,1,998660,27,79,1,1,0,0,0
16310,84,36,20,16,1,998660,27,79,1,1,0,0,0
16320,84,36,20,16,1,998660,27,79,1,1,0,0,0
16330,84,36,20,16,1,998660,27,79,1,1,0,0,0
16340,84,36,20,16,1,998660,27,79,1,1,0,0,0
16350,85,36,21,15,1,998630,27,78,1,1,0,0,0
16360,85,36,21,15,1,998630,27,78,1,1,0,0,0
16370,85,36,21,15,1,998630,27,78,1,1,0,0,0
16380,85,36,21,15,1,998630,27,78,1,1,0,0,0
16390,85,36,21,15,1,998630,27,78,1,1,0,0,0
16400,85,36,21,15,1,998630,27,78,1,1,0,0,0
16410,85,36,21,15,1,998630,27,78,1,1,0,0,0
16420,85,36,21,15,1,998630,27,78,1,1,0,0,0
16430,86,37,22,14,0,998600,27,78,1,1,0,0,0
16440,86,37,22,14,0,998600,27,78,1,1,0,0,0
16450,86,37,22,14,0,998600,27,78,1,1,0,0,0
16460,86,37,22,14,0,998600,27,78,1,1,0,0,0
16470,86,37,22,14,0,998600,27,78,1,1,0,0,0
16480,86,37,22,14,0,998600,27,78,1,1,0,0,0
16490,86,37,22,14,0,998600,27,78,1,1,0,0,0
16500,86,37,22,14,0,998600,27,78,1,1,0,0,0
16510,86,37,22,14,0,998600,27,78,1,1,0,0,0
16520,86,37,22,14,0,998600,27,78,1,1,0,0,0
16530,86,37,22,14,0,998600,27,78,1,1,0,0,0
16540,86,37,22,14,0,998600,27,78,1,1,0,0,0
16550,86,37,22,14,0,998600,27,78,1,1,0,0,0
16560,86,37,22,14,0,998600,27,78,1,1,0,0,0
16570,86,37,22,14,0,998600,27,78,1,1,0,0,0
16580,86,37,22,14,0,998600,27,78,1,1,0,0,0
16590,86,37,22,14,0,998600,27,78,1,1,0,0,0
16600,86,37,22,14,0,998600,27,78,1,1,0,0,0
16610,86,37,22,14,0,998600,27,78,1,1,0,0,0
16620,86,37,22,14,0,998600,27,78,1,1,0,0,0
16630,86,37,22,14,0,998600,27,78,1,1,0,0,0
16640,86,37,22,14,0,998600,27,78,1,1,0,0,0
16650,86,37,22,14,0,998600,27,78,1,1,0,0,0
16660,86,37,22,14,0,998600,27,78,1,1,0,0,0
16670,86,37,22,14,0,998600,27,78,1,1,0,0,0
16680,86,37,22,14,0,998600,27,78,1,1,0,0,0
16690,86,37,22,14,0,998600,27,78,1,1,0,0,0
16700,86,37,22,14,0,998600,27,78,1,1,0,0,0
16710,86,37,22,14,0,998600,27,78,1,1,0,0,0
16720,86,37,22,14,0,998600,27,78,1,1,0,0,0
16730,86,37,22,14,0,998600,27,78,1,1,0,0,0
16740,86,37,22,14,0,998600,27,78,1,1,0,0,0
16750,86,37,22,14,0,998600,27,78,1,1,0,0,0
16760,86,37,22,14,0,998600,27,78,1,1,0,0,0
16770,86,37,22,14,0,998600,27,78,1,1,0,0,0
16780,86,37,22,14,0,998600,27,78,1,1,0,0,0
16790,85,37,22,15,0,998600,26,78,1,1,0,0,0
16800,85,36,22,15,1,998600,26,77,1,1,0,0,0
16810,85,36,22,15,1,998600,26,77,1,1,0,0,0
16820,85,36,22,15,1,998600,26,77,1,1,0,0,0
16830,85,36,22,15,1,998600,26,77,1,1,0,0,0
16840,85,36,22,15,1,998600,26,77,1,1,0,0,0
16850,85,36,22,15,1,998600,26,77,1,1,0,0,0
16860,85,36,22,15,1,998600,26,77,1,1,0,0,0
16870,85,36,22,15,1,998600,26,77,1,1,0,0,0
16880,85,36,22,15,1,998600,26,77,1,1,0,0,0
16890,85,36,22,15,1,998600,26,77,1,1,0,0,0
16900,85,36,22,15,1,998600,26,77,1,1,0,0,0
16910,85,36,22,15,1,998600,26,77,1,1,0,0,0
16920,85,36,22,15,1,998600,26,77,1,1,0,0,0
16930,85,36,22,15,1,998600,26,77,1,1,0,0,0
16940,86,37,23,14,0,998570,26,77,1,1,0,0,0
16950,86,37,23,14,0,998570,26,77,1,1,0,0,0
16960,86,37,23,14,0,998570,26,77,1,1,0,0,0
16970,86,37,23,14,0,998570,26,77,1,1,0,0,0
16980,86,37,23,14,0,998570,26,77,1,1,0,0,0
16990,86,37,23,14,0,998570,26,77,1,1,0,0,0
17000,86,37,23,14,0,998570,26,77,1,1,0,0,0
17010,86,37,23,14,0,998570,26,77,1,1,0,0,0
17020,86,37,23,14,0,998570,26,77,1,1,0,0,0
17030,86,37,23,14,0,998570,26,77,1,1,0,0,0
17040,86,37,23,14,0,998570,26,77,1,1,0,0,0
17050,86,37,23,14,0,998570,26,77,1,1,0,0,0
17060,86,37,23,14,0,998570,26,77,1,1,0,0,0
17070,86,37,23,14,0,998570,26,77,1,1,0,0,0
17080,86,37,23,14,0,998570,26,77,1,1,0,0,0
17090,86,37,23,14,0,998570,26,77,1,1,0,0,0
17100,86,37,23,14,0,998570,26,77,1,1,0,0,0
17110,86,37,23,14,0,998570,26,77,1,1,0,0,0
17120,86,37,23,14,0,998570,26,77,1,1,0,0,0
17130,86,37,23,14,0,998570,26,77,1,1,0,0,0
17140,86,37,23,14,0,998570,26,77,1,1,0,0,0
17150,86,37,23,14,0,998570,26,77,1,1,0,0,0
17160,86,37,23,14,0,998570,26,77,1,1,0,0,0
17170,86,37,23,14,0,998570,26,77,1,1,0,0,0
17180,86,37,23,14,0,998570,26,77,1,1,0,0,0
17190,86,37,23,14,0,998570,26,77,1,1,0,0,0
17200,86,37,23,14,0,998570,26,77,1,1,0,0,0
17210,86,37,23,14,0,998570,26,77,1,1,0,0,0
17220,86,37,23,14,0,998570,26,77,1,1,0,0,0
17230,86,37,23,14,0,998570,26,77,1,1,0,0,0
17240,86,37,23,14,0,998570,26,77,1,1,0,0,0
17250,86,37,23,14,0,998570,26,77,1,1,0,0,0
17260,86,37,23,14,0,998570,26,77,1,1,0,0,0
17270,86,37,23,14,0,998570,26,77,1,1,0,0,0
17280,86,37,23,14,0,998570,26,77,1,1,0,0,0
17290,86,37,23,14,0,998570,26,77,1,1,0,0,0
17300,86,37,23,14,0,998570,26,77,1,1,0,0,0
17310,86,37,23,14,0,998570,26,77,1,1,0,0,0
17320,86,37,23,14,0,998570,26,77,1,1,0,0,0
17330,86,37,23,14,0,998570,26,77,1,1,0,0,0
17340,86,37,23,14,0,998570,26,77,1,1,0,0,0
17350,86,37,23,14,0,998570,26,77,1,1,0,0,0
17360,86,37,23,14,0,998570,26,77,1,1,0,0,0
17370,86,37,23,14,0,998570,26,77,1,1,0,0,0
17380,86,37,23,14,0,998570,26,77,1,1,0,0,0
17390,86,37,23,14,0,998570,26,77,1,1,0,0,0
17400,86,37,23,14,0,998570,26,77,1,1,0,0,0
17410,86,37,23,14,0,998570,26,77,1,1,0,0,0
17420,86,37,23,14,0,998570,26,77,1,1,0,0,0
17430,86,37,23,14,0,998570,26,77,1,1,0,0,0
17440,86,37,23,14,0,998570,26,77,1,1,0,0,0
17450,86,37,23,14,0,998570,26,77,1,1,0,0,0
17460,86,37,23,14,0,998570,26,77,1,1,0,0,0
17470,86,37,23,14,0,998570,26,77,1,1,0,0,0
17480,86,37,23,14,0,998570,26,77,1,1,0,0,0
17490,86,37,23,14,0,998570,26,77,1,1,0,0,0
17500,86,37,23,14,0,998570,26,77,1,1,0,0,0
17510,86,37,23,14,0,998570,26,77,1,1,0,0,0
17520,86,37,23,14,0,998570,26,77,1,1,0,0,0
17530,86,37,23,14,0,998570,26,77,1,1,0,0,0
17540,86,37,23,14,0,998570,26,77,1,1,0,0,0
17550,86,37,23,14,0,998570,26,77,1,1,0,0,0
17560,86,37,23,14,0,998570,26,77,1,1,0,0,0
17570,86,37,23,14,0,998570,26,77,1,1,0,0,0
17580,86,37,23,14,0,998570,26,77,1,1,0,0,0
17590,86,37,23,14,0,998570,26,77,1,1,0,0,0
17600,86,37,23,14,0,998570,26,77,1,1,0,0,0
17610,86,37,23,14,0,998570,26,77,1,1,0,0,0
17620,86,37,23,14,0,998570,26,77,1,1,0,0,0
17630,86,37,23,14,0,998570,26,77,1,1,0,0,0
17640,86,37,23,14,0,998570,26,77,1,1,0,0,0
17650,86,37,23,14,0,998570,26,77,1,1,0,0,0
17660,86,37,23,14,0,998570,26,77,1,1,0,0,0
17670,86,37,23,14,0,998570,26,77,1,1,0,0,0
17680,86,37,23,14,0,998570,26,77,1,1,0,0,0
17690,86,37,23,14,0,998570,26,77,1,1,0,0,0
17700,86,37,23,14,0,998570,26,77,1,1,0,0,0
17710,86,37,23,14,0,998570,26,77,1,1,0,0,0
17720,86,37,23,14,0,998570,26,77,1,1,0,0,0
17730,86,37,23,14,0,998570,26,77,1,1,0,0,0
17740,86,37,23,14,0,998570,26,77,1,1,0,0,0
17750,86,37,23,14,0,998570,26,77,1,1,0,0,0
17760,86,37,23,14,0,998570,26,77,1,1,0,0,0
17770,86,37,23,14,0,998570,26,77,1,1,0,0,0
17780,86,37,23,14,0,998570,26,77,1,1,0,0,0
17790,86,37,23,14,0,998570,26,77,1,1,0,0,0
17800,86,37,23,14,0,998570,26,77,1,1,0,0,0
17810,86,37,23,14,0,998570,26,77,1,1,0,0,0
17820,86,37,23,14,0,998570,26,77,1,1,0,0,0
17830,86,37,23,14,0,998570,26,77,1,1,0,0,0
17840,86,37,23,14,0,998570,26,77,1,1,0,0,0
17850,86,36,23,14,1,998570,26,76,1,1,0,0,0
17860,86,36,23,14,1,998570,26,76,1,1,0,0,0
17870,86,36,23,14,1,998570,26,76,1,1,0,0,0
17880,86,35,23,14,2,998570,26,75,1,1,0,0,0
17890,86,35,23,14,2,998570,26,75,1,1,0,0,0
17900,86,34,23,14,3,998570,26,74,1,1,0,0,0
17910,85,34,23,15,3,998570,25,74,1,1,0,0,0
17920,85,34,23,15,3,998570,25,74,1,1,0,0,0
17930,85,34,23,15,3,998570,25,74,1,1,0,0,0
17940,85,34,23,15,3,998570,25,74,1,1,0,0,0
17950,85,34,23,15,3,998570,25,74,1,1,0,0,0
17960,85,34,23,15,3,998570,25,74,1,1,0,0,0
17970,85,34,23,15,3,998570,25,74,1,1,0,0,0
17980,85,34,23,15,3,998570,25,74,1,1,0,0,0
17990,84,34,23,16,3,998570,24,74,1,1,0,0,0
18000,84,34,23,16,3,998570,24,74,1,1,0,0,0
18010,84,34,23,16,3,998570,24,74,1,1,0,0,0
18020,84,34,23,16,3,998570,24,74,1,1,0,0,0
18030,84,34,23,16,3,998570,24,74,1,1,0,0,0
18040,84,34,23,16,3,998570,24,74,1,1,0,0,0
18050,84,34,23,16,3,998570,24,74,1,1,0,0,0
18060,84,34,23,16,3,998570,24,74,1,1,0,0,0
18070,84,33,23,16,4,998570,24,73,1,1,0,0,0
18080,84,33,23,16,4,998570,24,73,1,1,0,0,0
18090,84,33,23,16,4,998570,24,73,1,1,0,0,0
18100,84,33,23,16,4,998570,24,73,1,1,0,0,0
18110,84,33,23,16,4,998570,24,73,1,1,0,0,0
18120,84,33,23,16,4,998570,24,73,1,1,0,0,0
18130,84,33,23,16,4,998570,24,73,1,1,0,0,0
18140,84,33,23,16,4,998570,24,73,1,1,0,0,0
18150,84,33,23,16,4,998570,24,73,1,1,0,0,0
18160,84,33,23,16,4,998570,24,73,1,1,0,0,0
18170,84,33,23,16,4,998570,24,73,1,1,0,0,0
18180,84,33,23,16,4,998570,24,73,1,1,0,0,0
18190,84,33,23,16,4,998570,24,73,1,1,0,0,0
18200,84,33,23,16,4,998570,24,73,1,1,0,0,0
18210,84,33,23,16,4,998570,24,73,1,1,0,0,0
18220,85,34,24,15,3,998540,24,73,1,1,0,0,0
18230,85,34,24,15,3,998540,24,73,1,1,0,0,0
18240,85,34,24,15,3,998540,24,73,1,1,0,0,0
18250,85,34,24,15,3,998540,24,73,1,1,0,0,0
18260,85,34,24,15,3,998540,24,73,1,1,0,0,0
18270,85,34,24,15,3,998540,24,73,1,1,0,0,0
18280,85,34,24,15,3,998540,24,73,1,1,0,0,0
18290,85,34,24,15,3,998540,24,73,1,1,0,0,0
18300,85,34,24,15,3,998540,24,73,1,1,0,0,0
18310,85,34,24,15,3,998540,24,73,1,1,0,0,0
18320,85,34,24,15,3,998540,24,73,1,1,0,0,0
18330,85,34,24,15,3,998540,24,73,1,1,0,0,0
18340,85,34,24,15,3,998540,24,73,1,1,0,0,0
18350,85,34,24,15,3,998540,24,73,1,1,0,0,0
18360,85,34,24,15,3,998540,24,73,1,1,0,0,0
18370,85,34,24,15,3,998540,24,73,1,1,0,0,0
18380,85,34,24,15,3,998540,24,73,1,1,0,0,0
18390,85,34,24,15,3,998540,24,73,1,1,0,0,0
18400,85,34,24,15,3,998540,24,73,1,1,0,0,0
18410,85,34,24,15,3,998540,24,73,1,1,0,0,0
18420,85,34,24,15,3,998540,24,73,1,1,0,0,0
18430,85,34,24,15,3,998540,24,73,1,1,0,0,0
18440,85,34,24,15,3,998540,24,73,1,1,0,0,0
18450,85,34,24,15,3,998540,24,73,1,1,0,0,0
18460,85,34,24,15,3,998540,24,73,1,1,0,0,0
18470,85,34,24,15,3,998540,24,73,1,1,0,0,0
18480,85,34,24,15,3,998540,24,73,1,1,0,0,0
18490,85,34,24,15,3,998540,24,73,1,1,0,0,0
18500,85,34,24,15,3,998540,24,73,1,1,0,0,0
18510,85,35,24,15,3,998520,23,73,1,1,0,0,0
18520,85,35,24,15,3,998520,23,73,1,1,0,0,0
18530,85,35,24,15,3,998520,23,73,1,1,0,0,0
18540,85,35,24,15,3,998520,23,73,1,1,0,0,0
18550,85,35,24,15,3,998520,23,73,1,1,0,0,0
18560,85,35,24,15,3,998520,23,73,1,1,0,0,0
18570,85,35,24,15,3,998520,23,73,1,1,0,0,0
18580,85,35,24,15,3,998520,23,73,1,1,0,0,0
18590,85,35,24,15,3,998520,23,73,1,1,0,0,0
18600,85,35,24,15,3,998520,23,73,1,1,0,0,0
18610,85,35,24,15,3,998520,23,73,1,1,0,0,0
18620,85,35,24,15,3,998520,23,73,1,1,0,0,0
18630,85,35,24,15,3,998520,23,73,1,1,0,0,0
18640,85,35,24,15,3,998520,23,73,1,1,0,0,0
18650,85,35,24,15,3,998520,23,73,1,1,0,0,0
18660,85,35,24,15,3,998520,23,73,1,1,0,0,0
18670,86,36,24,14,3,998500,23,73,1,1,0,0,0
18680,86,36,24,14,3,998500,23,73,1,1,0,0,0
18690,87,37,25,13,2,998470,23,73,1,1,0,0,0
18700,87,37,25,13,2,998470,23,73,1,1,0,0,0
18710,88,38,26,12,1,998440,23,73,1,1,0,0,0
18720,88,38,26,12,1,998440,23,73,1,1,0,0,0
18730,88,38,26,12,1,998440,23,73,1,1,0,0,0
18740,88,38,26,12,1,998440,23,73,1,1,0,0,0
18750,88,38,26,12,1,998440,23,73,1,1,0,0,0
18760,88,37,26,12,2,998440,23,72,1,1,0,0,0
18770,88,37,26,12,2,998440,23,72,1,1,0,0,0
18780,88,37,26,12,2,998440,23,72,1,1,0,0,0
18790,88,37,26,12,2,998440,23,72,1,1,0,0,0
18800,88,37,26,11,2,998440,23,72,0,1,0,0,1
18810,89,38,26,11,2,998420,23,72,1,1,0,0,0
18820,89,38,26,11,2,998420,23,72,1,1,0,0,0
18830,89,38,26,11,2,998420,23,72,1,1,0,0,0
18840,89,38,26,11,2,998420,23,72,1,1,0,0,0
18850,89,38,26,11,2,998420,23,72,1,1,0,0,0
18860,89,38,26,11,2,998420,23,72,1,1,0,0,0
18870,89,38,26,11,2,998420,23,72,1,1,0,0,0
18880,89,38,26,11,2,998420,23,72,1,1,0,0,0
18890,89,38,26,11,2,998420,23,72,1,1,0,0,0
18900,89,38,26,11,2,998420,23,72,1,1,0,0,0
18910,89,38,26,11,2,998420,23,72,1,1,0,0,0
18920,89,38,26,11,2,998420,23,72,1,1,0,0,0
18930,89,37,26,11,3,998420,23,71,1,1,0,0,0
18940,89,37,26,11,3,998420,23,71,1,1,0,0,0
18950,89,37,26,11,3,998420,23,71,1,1,0,0,0
18960,89,37,26,11,3,998420,23,71,1,1,0,0,0
18970,89,37,26,11,3,998420,23,71,1,1,0,0,0
18980,89,37,26,11,3,998420,23,71,1,1,0,0,0
18990,89,37,26,11,3,998420,23,71,1,1,0,0,0
19000,89,37,26,11,3,998420,23,71,1,1,0,0,0
19010,89,37,26,11,3,998420,23,71,1,1,0,0,0
19020,89,36,26,11,4,998420,23,70,1,1,0,0,0
19030,89,36,26,11,4,998420,23,70,1,1,0,0,0
19040,89,36,26,11,4,998420,23,70,1,1,0,0,0
19050,89,36,26,11,4,998420,23,70,1,1,0,0,0
19060,89,36,26,11,4,998420,23,70,1,1,0,0,0
19070,89,36,26,11,4,998420,23,70,1,1,0,0,0
19080,89,36,26,11,4,998420,23,70,1,1,0,0,0
19090,89,36,26,11,4,998420,23,70,1,1,0,0,0
19100,89,36,26,11,4,998420,23,70,1,1,0,0,0
19110,89,36,26,11,4,998420,23,70,1,1,0,0,0
19120,89,36,26,11,4,998420,23,70,1,1,0,0,0
19130,89,36,26,11,4,998420,23,70,1,1,0,0,0
19140,89,36,26,11,4,998420,23,70,1,1,0,0,0
19150,89,36,26,11,4,998420,23,70,1,1,0,0,0
19160,89,36,26,11,4,998420,23,70,1,1,0,0,0
19170,89,36,26,11,4,998420,23,70,1,1,0,0,0
19180,89,36,26,11,4,998420,23,70,1,1,0,0,0
19190,89,36,26,11,4,998420,23,70,1,1,0,0,0
19200,89,36,26,11,4,998420,23,70,1,1,0,0,0
19210,89,36,26,11,4,998420,23,70,1,1,0,0,0
19220,88,36,26,12,4,998420,22,70,1,1,0,0,0
19230,88,36,26,12,4,998420,22,70,1,1,0,0,0
19240,88,36,26,12,4,998420,22,70,1,1,0,0,0
19250,88,36,26,12,4,998420,22,70,1,1,0,0,0
19260,88,36,26,12,4,998420,22,70,1,1,0,0,0
19270,88,36,26,12,4,998420,22,70,1,1,0,0,0
19280,88,36,26,12,4,998420,22,70,1,1,0,0,0
19290,88,36,26,12,4,998420,22,70,1,1,0,0,0
19300,88,36,26,12,4,998420,22,70,1,1,0,0,0
19310,88,36,26,12,4,998420,22,70,1,1,0,0,0
19320,88,36,26,12,4,998420,22,70,1,1,0,0,0
19330,88,36,26,12,4,998420,22,70,1,1,0,0,0
19340,88,36,26,12,4,998420,22,70,1,1,0,0,0
19350,88,36,26,12,4,998420,22,70,1,1,0,0,0
19360,88,36,26,12,4,998420,22,70,1,1,0,0,0
19370,89,37,27,11,3,998390,22,70,1,1,0,0,0
19380,89,37,27,11,3,998390,22,70,1,1,0,0,0
19390,90,38,28,10,2,998360,22,70,1,1,0,0,0
19400,90,38,28,10,2,998360,22,70,1,1,0,0,0
19410,90,38,28,10,2,998360,22,70,1,1,0,0,0
19420,90,38,28,10,2,998360,22,70,1,1,0,0,0
19430,90,38,28,10,2,998360,22,70,1,1,0,0,0
19440,89,38,28,11,2,998360,21,70,1,1,0,0,0
19450,89,38,28,11,2,998360,21,70,1,1,0,0,0
19460,89,38,28,11,2,998360,21,70,1,1,0,0,0
19470,89,38,28,11,2,998360,21,70,1,1,0,0,0
19480,89,38,28,11,2,998360,21,70,1,1,0,0,0
19490,89,38,28,11,2,998360,21,70,1,1,0,0,0
19500,89,38,28,11,2,998360,21,70,1,1,0,0,0
19510,89,38,28,11,2,998360,21,70,1,1,0,0,0
19520,89,38,28,11,2,998360,21,70,1,1,0,0,0
19530,89,38,28,11,2,998360,21,70,1,1,0,0,0
19540,89,38,28,11,2,998360,21,70,1,1,0,0,0
19550,89,38,28,11,2,998360,21,70,1,1,0,0,0
19560,89,38,28,11,2,998360,21,70,1,1,0,0,0
19570,89,38,28,11,2,998360,21,70,1,1,0,0,0
19580,89,38,28,11,2,998360,21,70,1,1,0,0,0
19590,89,38,28,11,2,998360,21,70,1,1,0,0,0
19600,89,38,28,11,2,998360,21,70,1,1,0,0,0
19610,89,38,28,11,2,998360,21,70,1,1,0,0,0
19620,89,38,28,11,2,998360,21,70,1,1,0,0,0
19630,88,38,28,12,2,998360,20,70,1,1,0,0,0
19640,88,38,28,12,2,998360,20,70,1,1,0,0,0
19650,88,38,28,12,2,998360,20,70,1,1,0,0,0
19660,88,38,28,12,2,998360,20,70,1,1,0,0,0
19670,88,38,28,12,2,998360,20,70,1,1,0,0,0
19680,88,38,28,12,2,998360,20,70,1,1,0,0,0
19690,89,39,28,11,2,998340,20,70,1,1,0,0,0
19700,89,39,28,11,2,998340,20,70,1,1,0,0,0
19710,89,39,28,11,2,998340,20,70,1,1,0,0,0
19720,89,39,28,11,2,998340,20,70,1,1,0,0,0
19730,90,40,29,10,1,998310,20,70,1,1,0,0,0
19740,90,40,29,10,1,998310,20,70,1,1,0,0,0
19750,90,40,29,10,1,998310,20,70,1,1,0,0,0
19760,90,40,29,10,1,998310,20,70,1,1,0,0,0
19770,90,40,29,10,1,998310,20,70,1,1,0,0,0
19780,90,40,29,10,1,998310,20,70,1,1,0,0,0
19790,90,40,29,10,1,998310,20,70,1,1,0,0,0
19800,90,40,29,10,1,998310,20,70,1,1,0,0,0
19810,90,40,29,10,1,998310,20,70,1,1,0,0,0
19820,90,40,29,10,1,998310,20,70,1,1,0,0,0
19830,90,40,29,10,1,998310,20,70,1,1,0,0,0
19840,90,40,29,10,1,998310,20,70,1,1,0,0,0
19850,90,40,29,10,1,998310,20,70,1,1,0,0,0
19860,90,40,29,10,1,998310,20,70,1,1,0,0,0
19870,90,40,29,10,1,998310,20,70,1,1,0,0,0
19880,90,40,29,10,1,998310,20,70,1,1,0,0,0
19890,90,40,29,10,1,998310,20,70,1,1,0,0,0
19900,90,40,29,10,1,998310,20,70,1,1,0,0,0
19910,90,40,29,10,1,998310,20,70,1,1,0,0,0
19920,90,40,29,10,1,998310,20,70,1,1,0,0,0
19930,90,40,29,10,1,998310,20,70,1,1,0,0,0
19940,90,40,29,10,1,998310,20,70,1,1,0,0,0
19950,90,40,29,10,1,998310,20,70,1,1,0,0,0
19960,89,40,29,11,1,998310,19,70,1,1,0,0,0
19970,89,40,29,11,1,998310,19,70,1,1,0,0,0
19980,89,40,29,11,1,998310,19,70,1,1,0,0,0
19990,89,40,29,11,1,998310,19,70,1,1,0,0,0
20000,89,40,29,11,1,998310,19,70,1,1,0,0,0
20010,89,40,29,11,1,998310,19,70,1,1,0,0,0
20020,89,40,29,11,1,998310,19,70,1,1,0,0,0
20030,89,40,29,11,1,998310,19,70,1,1,0,0,0
20040,89,40,29,11,1,998310,19,70,1,1,0,0,0
20050,89,40,29,11,1,998310,19,70,1,1,0,0,0
20060,89,40,29,11,1,998310,19,70,1,1,0,0,0
20070,89,40,29,11,1,998310,19,70,1,1,0,0,0
20080,89,40,29,11,1,998310,19,70,1,1,0,0,0
20090,89,40,29,11,1,998310,19,70,1,1,0,0,0
20100,89,40,29,11,1,998310,19,70,1,1,0,0,0
20110,89,40,29,11,1,998310,19,70,1,1,0,0,0
20120,89,40,29,11,1,998310,19,70,1,1,0,0,0
20130,89,40,29,11,1,998310,19,70,1,1,0,0,0
20140,89,40,29,11,1,998310,19,70,1,1,0,0,0
20150,89,40,29,11,1,998310,19,70,1,1,0,0,0
20160,89,40,29,11,1,998310,19,70,1,1,0,0,0
20170,89,40,29,11,1,998310,19,70,1,1,0,0,0
20180,89,40,29,11,1,998310,19,70,1,1,0,0,0
20190,89,40,29,11,1,998310,19,70,1,1,0,0,0
20200,89,40,29,11,1,998310,19,70,1,1,0,0,0
20210,89,40,29,11,1,998310,19,70,1,1,0,0,0
20220,89,40,29,11,1,998310,19,70,1,1,0,0,0
20230,89,40,29,11,1,998310,19,70,1,1,0,0,0
20240,89,40,29,11,1,998310,19,70,1,1,0,0,0
20250,89,40,29,11,1,998310,19,70,1,1,0,0,0
20260,89,40,29,11,1,998310,19,70,1,1,0,0,0
20270,89,40,29,11,1,998310,19,70,1,1,0,0,0
20280,89,40,29,11,1,998310,19,70,1,1,0,0,0
20290,89,40,29,11,1,998310,19,70,1,1,0,0,0
20300,89,40,29,11,1,998310,19,70,1,1,0,0,0
20310,89,39,29,11,2,998310,19,69,1,1,0,0,0
20320,89,39,29,11,2,998310,19,69,1,1,0,0,0
20330,89,39,29,11,2,998310,19,69,1,1,0,0,0
20340,89,39,29,11,2,998310,19,69,1,1,0,0,0
20350,89,39,29,11,2,998310,19,69,1,1,0,0,0
20360,89,39,29,11,2,998310,19,69,1,1,0,0,0
20370,89,39,29,11,2,998310,19,69,1,1,0,0,0
20380,89,39,29,11,2,998310,19,69,1,1,0,0,0
20390,89,39,29,11,2,998310,19,69,1,1,0,0,0
20400,89,39,29,11,2,998310,19,69,1,1,0,0,0
20410,89,39,29,11,2,998310,19,69,1,1,0,0,0
20420,89,39,29,11,2,998310,19,69,1,1,0,0,0
20430,89,39,29,11,2,998310,19,69,1,1,0,0,0
20440,89,39,29,11,2,998310,19,69,1,1,0,0,0
20450,89,39,29,11,2,998310,19,69,1,1,0,0,0
20460,89,39,29,11,2,998310,19,69,1,1,0,0,0
20470,89,39,29,11,2,998310,19,69,1,1,0,0,0
20480,89,39,29,11,2,998310,19,69,1,1,0,0,0
20490,89,39,29,11,2,998310,19,69,1,1,0,0,0
20500,89,39,29,11,2,998310,19,69,1,1,0,0,0
20510,89,39,29,11,2,998310,19,69,1,1,0,0,0
20520,90,40,29,10,2,998290,19,69,1,1,0,0,0
20530,90,40,29,10,2,998290,19,69,1,1,0,0,0
20540,90,40,29,10,2,998290,19,69,1,1,0,0,0
20550,90,40,29,10,2,998290,19,69,1,1,0,0,0
20560,90,40,29,10,2,998290,19,69,1,1,0,0,0
20570,90,40,29,10,2,998290,19,69,1,1,0,0,0
20580,89,40,29,11,2,998290,18,69,1,1,0,0,0
20590,88,40,29,12,2,998290,17,69,1,1,0,0,0
20600,88,40,29,12,2,998290,17,69,1,1,0,0,0
20610,88,40,29,12,2,998290,17,69,1,1,0,0,0
20620,88,40,29,12,2,998290,17,69,1,1,0,0,0
20630,88,40,29,12,2,998290,17,69,1,1,0,0,0
20640,88,40,29,12,2,998290,17,69,1,1,0,0,0
20650,88,40,29,12,2,998290,17,69,1,1,0,0,0
20660,88,40,29,12,2,998290,17,69,1,1,0,0,0
20670,88,40,29,12,2,998290,17,69,1,1,0,0,0
20680,88,40,29,12,2,998290,17,69,1,1,0,0,0
20690,88,40,29,12,2,998290,17,69,1,1,0,0,0
20700,88,40,29,12,2,998290,17,69,1,1,0,0,0
20710,88,40,29,12,2,998290,17,69,1,1,0,0,0
20720,88,40,29,12,2,998290,17,69,1,1,0,0,0
20730,88,40,29,12,2,998290,17,69,1,1,0,0,0
20740,88,40,29,12,2,998290,17,69,1,1,0,0,0
20750,88,40,29,12,2,998290,17,69,1,1,0,0,0
20760,88,40,29,12,2,998290,17,69,1,1,0,0,0
20770,88,40,29,12,2,998290,17,69,1,1,0,0,0
20780,88,40,29,12,2,998290,17,69,1,1,0,0,0
20790,88,40,29,12,2,998290,17,69,1,1,0,0,0
20800,88,40,29,12,2,998290,17,69,1,1,0,0,0
20810,88,40,29,12,2,998290,17,69,1,1,0,0,0
20820,88,39,29,12,3,998290,17,68,1,1,0,0,0
20830,89,40,30,11,2,998260,17,68,1,1,0,0,0
20840,89,40,30,11,2,998260,17,68,1,1,0,0,0
20850,89,40,30,11,2,998260,17,68,1,1,0,0,0
20860,89,40,30,11,2,998260,17,68,1,1,0,0,0
20870,89,40,30,11,2,998260,17,68,1,1,0,0,0
20880,89,40,30,11,2,998260,17,68,1,1,0,0,0
20890,89,40,30,11,2,998260,17,68,1,1,0,0,0
20900,89,40,30,11,2,998260,17,68,1,1,0,0,0
20910,89,40,30,11,2,998260,17,68,1,1,0,0,0
20920,89,40,30,11,2,998260,17,68,1,1,0,0,0
20930,89,40,30,11,2,998260,17,68,1,1,0,0,0
20940,89,40,30,11,2,998260,17,68,1,1,0,0,0
20950,89,40,30,11,2,998260,17,68,1,1,0,0,0
20960,89,40,30,11,2,998260,17,68,1,1,0,0,0
20970,89,40,30,11,2,998260,17,68,1,1,0,0,0
20980,89,40,30,11,2,998260,17,68,1,1,0,0,0
20990,89,40,30,11,2,998260,17,68,1,1,0,0,0
21000,89,40,30,11,2,998260,17,68,1,1,0,0,0
21010,89,40,30,11,2,998260,17,68,1,1,0,0,0
21020,89,40,30,11,2,998260,17,68,1,1,0,0,0
21030,89,40,30,11,2,998260,17,68,1,1,0,0,0
21040,89,40,30,11,2,998260,17,68,1,1,0,0,0
21050,89,40,30,11,2,998260,17,68,1,1,0,0,0
21060,89,40,30,11,2,998260,17,68,1,1,0,0,0
21070,89,40,30,11,2,998260,17,68,1,1,0,0,0
21080,90,41,31,10,1,998230,17,68,1,1,0,0,0
21090,90,41,31,10,1,998230,17,68,1,1,0,0,0
21100,90,41,31,10,1,998230,17,68,1,1,0,0,0
21110,90,41,31,10,1,998230,17,68,1,1,0,0,0
21120,90,41,31,10,1,998230,17,68,1,1,0,0,0
21130,90,41,31,10,1,998230,17,68,1,1,0,0,0
21140,90,41,31,10,1,998230,17,68,1,1,0,0,0
21150,90,41,31,10,1,998230,17,68,1,1,0,0,0
21160,90,41,31,10,1,998230,17,68,1,1,0,0,0
21170,90,41,31,10,1,998230,17,68,1,1,0,0,0
21180,90,41,31,10,1,998230,17,68,1,1,0,0,0
21190,90,41,31,10,1,998230,17,68,1,1,0,0,0
21200,90,41,31,10,1,998230,17,68,1,1,0,0,0
21210,90,41,31,10,1,998230,17,68,1,1,0,0,0
21220,90,41,31,10,1,998230,17,68,1,1,0,0,0
21230,90,41,31,10,1,998230,17,68,1,1,0,0,0
21240,90,41,31,10,1,998230,17,68,1,1,0,0,0
21250,90,41,31,10,1,998230,17,68,1,1,0,0,0
21260,90,41,31,10,1,998230,17,68,1,1,0,0,0
21270,90,41,31,10,1,998230,17,68,1,1,0,0,0
21280,90,41,31,10,1,998230,17,68,1,1,0,0,0
21290,90,41,31,10,1,998230,17,68,1,1,0,0,0
21300,90,41,31,10,1,998230,17,68,1,1,0,0,0
21310,90,41,31,10,1,998230,17,68,1,1,0,0,0
21320,90,41,31,10,1,998230,17,68,1,1,0,0,0
21330,90,41,31,10,1,998230,17,68,1,1,0,0,0
21340,90,41,31,10,1,998230,17,68,1,1,0,0,0
21350,90,41,31,10,1,998230,17,68,1,1,0,0,0
21360,90,41,31,10,1,998230,17,68,1,1,0,0,0
21370,90,41,31,10,1,998230,17,68,1,1,0,0,0
21380,90,41,31,10,1,998230,17,68,1,1,0,0,0
21390,90,41,31,10,1,998230,17,68,1,1,0,0,0
21400,90,41,31,10,1,998230,17,68,1,1,0,0,0
21410,90,41,31,10,1,998230,17,68,1,1,0,0,0
21420,90,41,31,10,1,998230,17,68,1,1,0,0,0
21430,90,41,31,10,1,998230,17,68,1,1,0,0,0
21440,90,41,31,10,1,998230,17,68,1,1,0,0,0
21450,90,41,31,10,1,998230,17,68,1,1,0,0,0
21460,90,40,31,10,2,998230,17,67,1,1,0,0,0
21470,90,39,31,10,3,998230,17,66,1,1,0,0,0
21480,90,39,31,10,3,998230,17,66,1,1,0,0,0
21490,89,39,31,11,3,998230,16,66,1,1,0,0,0
21500,90,40,32,10,2,998200,16,66,1,1,0,0,0
21510,90,40,32,10,2,998200,16,66,1,1,0,0,0
21520,90,40,32,10,2,998200,16,66,1,1,0,0,0
21530,90,40,32,10,2,998200,16,66,1,1,0,0,0
21540,90,40,32,10,2,998200,16,66,1,1,0,0,0
21550,90,40,32,10,2,998200,16,66,1,1,0,0,0
21560,90,40,32,10,2,998200,16,66,1,1,0,0,0
21570,90,40,32,10,2,998200,16,66,1,1,0,0,0
21580,90,40,32,10,2,998200,16,66,1,1,0,0,0
21590,90,40,32,10,2,998200,16,66,1,1,0,0,0
21600,90,40,32,10,2,998200,16,66,1,1,0,0,0
21610,90,40,32,10,2,998200,16,66,1,1,0,0,0
21620,90,40,32,10,2,998200,16,66,1,1,0,0,0
21630,90,40,32,10,2,998200,16,66,1,1,0,0,0
21640,90,40,32,10,2,998200,16,66,1,1,0,0,0
21650,90,40,32,10,2,998200,16,66,1,1,0,0,0
21660,90,40,32,10,2,998200,16,66,1,1,0,0,0
21670,90,40,32,10,2,998200,16,66,1,1,0,0,0
21680,90,40,32,10,2,998200,16,66,1,1,0,0,0
21690,90,40,32,10,2,998200,16,66,1,1,0,0,0
21700,90,40,32,10,2,998200,16,66,1,1,0,0,0
21710,90,40,32,10,2,998200,16,66,1,1,0,0,0
21720,90,40,32,10,2,998200,16,66,1,1,0,0,0
21730,90,40,32,10,2,998200,16,66,1,1,0,0,0
21740,90,40,32,10,2,998200,16,66,1,1,0,0,0
21750,90,40,32,10,2,998200,16,66,1,1,0,0,0
21760,90,40,32,10,2,998200,16,66,1,1,0,0,0
21770,90,40,32,10,2,998200,16,66,1,1,0,0,0
21780,90,40,32,10,2,998200,16,66,1,1,0,0,0
21790,90,40,32,10,2,998200,16,66,1,1,0,0,0
21800,90,40,32,10,2,998200,16,66,1,1,0,0,0
21810,90,40,32,10,2,998200,16,66,1,1,0,0,0
21820,90,40,32,10,2,998200,16,66,1,1,0,0,0
21830,90,40,32,10,2,998200,16,66,1,1,0,0,0
21840,90,40,32,10,2,998200,16,66,1,1,0,0,0
21850,90,40,32,10,2,998200,16,66,1,1,0,0,0
21860,90,40,32,10,2,998200,16,66,1,1,0,0,0
21870,90,40,32,10,2,998200,16,66,1,1,0,0,0
21880,90,40,32,10,2,998200,16,66,1,1,0,0,0
21890,90,40,32,10,2,998200,16,66,1,1,0,0,0
21900,90,40,32,10,2,998200,16,66,1,1,0,0,0
21910,90,40,32,10,2,998200,16,66,1,1,0,0,0
21920,90,40,32,10,2,998200,16,66,1,1,0,0,0
21930,90,40,32,10,2,998200,16,66,1,1,0,0,0
21940,90,40,32,10,2,998200,16,66,1,1,0,0,0
21950,90,40,32,10,2,998200,16,66,1,1,0,0,0
21960,90,40,32,10,2,998200,16,66,1,1,0,0,0
21970,91,41,32,9,2,998180,16,66,1,1,0,0,0
21980,91,41,32,9,2,998180,16,66,1,1,0,0,0
21990,91,41,32,9,2,998180,16,66,1,1,0,0,0
22000,91,41,32,9,2,998180,16,66,1,1,0,0,0
22010,91,40,32,9,3,998180,16,65,1,1,0,0,0
22020,91,40,32,9,3,998180,16,65,1,1,0,0,0
22030,91,40,32,9,3,998180,16,65,1,1,0,0,0
22040,91,40,32,9,3,998180,16,65,1,1,0,0,0
22050,91,40,32,9,3,998180,16,65,1,1,0,0,0
22060,91,40,32,9,3,998180,16,65,1,1,0,0,0
22070,91,40,32,9,3,998180,16,65,1,1,0,0,0
22080,91,40,32,9,3,998180,16,65,1,1,0,0,0
22090,91,40,32,9,3,998180,16,65,1,1,0,0,0
22100,91,40,32,9,3,998180,16,65,1,1,0,0,0
22110,91,40,32,9,3,998180,16,65,1,1,0,0,0
22120,91,40,32,9,3,998180,16,65,1,1,0,0,0
22130,91,40,32,9,3,998180,16,65,1,1,0,0,0
22140,91,40,32,9,3,998180,16,65,1,1,0,0,0
22150,91,40,32,9,3,998180,16,65,1,1,0,0,0
22160,91,40,32,9,3,998180,16,65,1,1,0,0,0
22170,91,40,32,9,3,998180,16,65,1,1,0,0,0
22180,91,40,32,9,3,998180,16,65,1,1,0,0,0
22190,91,40,32,9,3,998180,16,65,1,1,0,0,0
22200,91,40,32,9,3,998180,16,65,1,1,0,0,0
22210,91,40,32,9,3,998180,16,65,1,1,0,0,0
22220,91,40,32,9,3,998180,16,65,1,1,0,0,0
22230,91,40,32,9,3,998180,16,65,1,1,0,0,0
22240,91,40,32,9,3,998180,16,65,1,1,0,0,0
22250,91,40,32,9,3,998180,16,65,1,1,0,0,0
22260,91,40,32,9,3,998180,16,65,1,1,0,0,0
22270,91,40,32,9,3,998180,16,65,1,1,0,0,0
22280,91,40,32,9,3,998180,16,65,1,1,0,0,0
22290,91,40,32,9,3,998180,16,65,1,1,0,0,0
22300,91,40,32,9,3,998180,16,65,1,1,0,0,0
22310,91,40,32,9,3,998180,16,65,1,1,0,0,0
22320,91,40,32,9,3,998180,16,65,1,1,0,0,0
22330,91,40,32,9,3,998180,16,65,1,1,0,0,0
22340,91,40,32,9,3,998180,16,65,1,1,0,0,0
22350,91,40,32,9,3,998180,16,65,1,1,0,0,0
22360,91,40,32,9,3,998180,16,65,1,1,0,0,0
22370,91,40,32,9,3,998180,16,65,1,1,0,0,0
22380,91,40,32,9,3,998180,16,65,1,1,0,0,0
22390,91,40,32,9,3,998180,16,65,1,1,0,0,0
22400,91,40,32,9,3,998180,16,65,1,1,0,0,0
22410,91,40,32,9,3,998180,16,65,1,1,0,0,0
22420,91,40,32,9,3,998180,16,65,1,1,0,0,0
22430,91,40,32,9,3,998180,16,65,1,1,0,0,0
22440,91,40,32,9,3,998180,16,65,1,1,0,0,0
22450,91,40,32,9,3,998180,16,65,1,1,0,0,0
22460,91,40,32,9,3,998180,16,65,1,1,0,0,0
22470,91,40,32,9,3,998180,16,65,1,1,0,0,0
22480,91,40,32,9,3,998180,16,65,1,1,0,0,0
22490,91,40,32,9,3,998180,16,65,1,1,0,0,0
22500,91,40,32,9,3,998180,16,65,1,1,0,0,0
22510,91,40,32,9,3,998180,16,65,1,1,0,0,0
22520,91,40,32,9,3,998180,16,65,1,1,0,0,0
22530,91,40,32,9,3,998180,16,65,1,1,0,0,0
22540,91,40,32,9,3,998180,16,65,1,1,0,0,0
22550,91,40,32,9,3,998180,16,65,1,1,0,0,0
22560,91,40,32,9,3,998180,16,65,1,1,0,0,0
22570,91,40,32,9,3,998180,16,65,1,1,0,0,0
22580,91,40,32,9,3,998180,16,65,1,1,0,0,0
22590,91,40,32,9,3,998180,16,65,1,1,0,0,0
22600,91,40,32,9,3,998180,16,65,1,1,0,0,0
22610,91,40,32,9,3,998180,16,65,1,1,0,0,0
22620,91,40,32,9,3,998180,16,65,1,1,0,0,0
22630,91,40,32,9,3,998180,16,65,1,1,0,0,0
22640,91,40,32,9,3,998180,16,65,1,1,0,0,0
22650,91,40,32,9,3,998180,16,65,1,1,0,0,0
22660,91,40,32,9,3,998180,16,65,1,1,0,0,0
22670,91,39,32,9,4,998180,16,64,1,1,0,0,0
22680,91,39,32,9,4,998180,16,64,1,1,0,0,0
22690,91,39,32,9,4,998180,16,64,1,1,0,0,0
22700,91,39,32,9,4,998180,16,64,1,1,0,0,0
22710,91,39,32,9,4,998180,16,64,1,1,0,0,0
22720,92,40,33,8,3,998150,16,64,1,1,0,0,0
22730,92,40,33,8,3,998150,16,64,1,1,0,0,0
22740,92,40,33,8,3,998150,16,64,1,1,0,0,0
22750,92,40,33,8,3,998150,16,64,1,1,0,0,0
22760,92,40,33,8,3,998150,16,64,1,1,0,0,0
22770,92,40,33,8,3,998150,16,64,1,1,0,0,0
22780,92,40,33,8,3,998150,16,64,1,1,0,0,0
22790,92,40,33,8,3,998150,16,64,1,1,0,0,0
22800,92,40,33,8,3,998150,16,64,1,1,0,0,0
22810,92,40,33,8,3,998150,16,64,1,1,0,0,0
22820,92,40,33,8,3,998150,16,64,1,1,0,0,0
22830,92,40,33,8,3,998150,16,64,1,1,0,0,0
22840,92,40,33,8,3,998150,16,64,1,1,0,0,0
22850,92,40,33,8,3,998150,16,64,1,1,0,0,0
22860,92,40,33,8,3,998150,16,64,1,1,0,0,0
22870,92,40,33,8,3,998150,16,64,1,1,0,0,0
22880,92,40,33,8,3,998150,16,64,1,1,0,0,0
22890,92,40,33,8,3,998150,16,64,1,1,0,0,0
22900,92,40,33,8,3,998150,16,64,1,1,0,0,0
22910,92,40,33,8,3,998150,16,64,1,1,0,0,0
22920,92,40,33,8,3,998150,16,64,1,1,0,0,0
22930,92,40,33,8,3,998150,16,64,1,1,0,0,0
22940,92,40,33,8,3,998150,16,64,1,1,0,0,0
22950,92,40,33,8,3,998150,16,64,1,1,0,0,0
22960,92,40,33,8,3,998150,16,64,1,1,0,0,0
22970,92,40,33,8,3,998150,16,64,1,1,0,0,0
22980,92,40,33,8,3,998150,16,64,1,1,0,0,0
22990,92,40,33,8,3,998150,16,64,1,1,0,0,0
23000,92,40,33,8,3,998150,16,64,1,1,0,0,0
23010,92,40,33,8,3,998150,16,64,1,1,0,0,0
23020,92,40,33,8,3,998150,16,64,1,1,0,0,0
23030,93,41,34,7,2,998120,16,64,1,1,0,0,0
23040,93,41,34,7,2,998120,16,64,1,1,0,0,0
23050,93,41,34,7,2,998120,16,64,1,1,0,0,0
23060,93,41,34,7,2,998120,16,64,1,1,0,0,0
23070,93,41,34,7,2,998120,16,64,1,1,0,0,0
23080,93,41,34,7,2,998120,16,64,1,1,0,0,0
23090,93,41,34,7,2,998120,16,64,1,1,0,0,0
23100,93,41,34,7,2,998120,16,64,1,1,0,0,0
23110,93,41,34,7,2,998120,16,64,1,1,0,0,0
23120,93,41,34,7,2,998120,16,64,1,1,0,0,0
23130,93,41,34,7,2,998120,16,64,1,1,0,0,0
23140,93,41,34,7,2,998120,16,64,1,1,0,0,0
23150,93,41,34,7,2,998120,16,64,1,1,0,0,0
23160,93,41,34,7,2,998120,16,64,1,1,0,0,0
23170,93,41,34,7,2,998120,16,64,1,1,0,0,0
23180,93,41,34,7,2,998120,16,64,1,1,0,0,0
23190,93,41,34,7,2,998120,16,64,1,1,0,0,0
23200,93,41,34,7,2,998120,16,64,1,1,0,0,0
23210,93,41,34,7,2,998120,16,64,1,1,0,0,0
23220,93,41,34,7,2,998120,16,64,1,1,0,0,0
23230,93,41,34,7,2,998120,16,64,1,1,0,0,0
23240,93,41,34,7,2,998120,16,64,1,1,0,0,0
23250,93,41,34,7,2,998120,16,64,1,1,0,0,0
23260,93,41,34,7,2,998120,16,64,1,1,0,0,0
23270,93,41,34,7,2,998120,16,64,1,1,0,0,0
23280,93,41,34,7,2,998120,16,64,1,1,0,0,0
23290,93,41,34,7,2,998120,16,64,1,1,0,0,0
23300,93,41,34,7,2,998120,16,64,1,1,0,0,0
23310,93,41,34,7,2,998120,16,64,1,1,0,0,0
23320,93,41,34,7,2,998120,16,64,1,1,0,0,0
23330,93,41,34,7,2,998120,16,64,1,1,0,0,0
23340,93,41,34,7,2,998120,16,64,1,1,0,0,0
23350,93,41,34,7,2,998120,16,64,1,1,0,0,0
23360,93,40,34,7,3,998120,16,63,1,1,0,0,0
23370,93,40,34,7,3,998120,16,63,1,1,0,0,0
23380,93,40,34,7,3,998120,16,63,1,1,0,0,0
23390,93,40,34,7,3,998120,16,63,1,1,0,0,0
23400,93,40,34,7,3,998120,16,63,1,1,0,0,0
23410,93,40,34,7,3,998120,16,63,1,1,0,0,0
23420,93,40,34,7,3,998120,16,63,1,1,0,0,0
23430,93,40,34,7,3,998120,16,63,1,1,0,0,0
23440,93,40,34,7,3,998120,16,63,1,1,0,0,0
23450,93,40,34,7,3,998120,16,63,1,1,0,0,0
23460,94,41,35,6,2,998090,16,63,1,1,0,0,0
23470,94,41,35,6,2,998090,16,63,1,1,0,0,0
23480,94,41,35,6,2,998090,16,63,1,1,0,0,0
23490,94,41,35,6,2,998090,16,63,1,1,0,0,0
23500,94,41,35,6,2,998090,16,63,1,1,0,0,0
23510,94,41,35,6,2,998090,16,63,1,1,0,0,0
23520,94,41,35,6,2,998090,16,63,1,1,0,0,0
23530,94,41,35,6,2,998090,16,63,1,1,0,0,0
23540,94,41,35,6,2,998090,16,63,1,1,0,0,0
23550,94,41,35,6,2,998090,16,63,1,1,0,0,0
23560,94,41,35,6,2,998090,16,63,1,1,0,0,0
23570,94,41,35,6,2,998090,16,63,1,1,0,0,0
23580,94,41,35,6,2,998090,16,63,1,1,0,0,0
23590,95,42,36,5,1,998060,16,63,1,1,0,0,0
23600,95,42,36,5,1,998060,16,63,1,1,0,0,0
23610,95,42,36,5,1,998060,16,63,1,1,0,0,0
23620,95,42,36,5,1,998060,16,63,1,1,0,0,0
23630,95,42,36,5,1,998060,16,63,1,1,0,0,0
23640,95,42,36,5,1,998060,16,63,1,1,0,0,0
23650,95,42,36,5,1,998060,16,63,1,1,0,0,0
23660,95,42,36,5,1,998060,16,63,1,1,0,0,0
23670,95,42,36,5,1,998060,16,63,1,1,0,0,0
23680,95,42,36,5,1,998060,16,63,1,1,0,0,0
23690,95,42,36,5,1,998060,16,63,1,1,0,0,0
23700,95,42,36,5,1,998060,16,63,1,1,0,0,0
23710,95,42,36,5,1,998060,16,63,1,1,0,0,0
23720,95,42,36,5,1,998060,16,63,1,1,0,0,0
23730,95,42,36,5,1,998060,16,63,1,1,0,0,0
23740,95,41,36,5,2,998060,16,62,1,1,0,0,0
23750,95,41,36,5,2,998060,16,62,1,1,0,0,0
23760,95,41,36,5,2,998060,16,62,1,1,0,0,0
23770,95,41,36,5,2,998060,16,62,1,1,0,0,0
23780,95,41,36,5,2,998060,16,62,1,1,0,0,0
23790,95,41,36,5,2,998060,16,62,1,1,0,0,0
23800,95,41,36,5,2,998060,16,62,1,1,0,0,0
23810,95,41,36,5,2,998060,16,62,1,1,0,0,0
23820,95,41,36,5,2,998060,16,62,1,1,0,0,0
23830,95,41,36,5,2,998060,16,62,1,1,0,0,0
23840,95,41,36,5,2,998060,16,62,1,1,0,0,0
23850,95,41,36,5,2,998060,16,62,1,1,0,0,0
23860,95,41,36,5,2,998060,16,62,1,1,0,0,0
23870,95,41,36,5,2,998060,16,62,1,1,0,0,0
23880,95,41,36,5,2,998060,16,62,1,1,0,0,0
23890,95,41,36,5,2,998060,16,62,1,1,0,0,0
23900,95,41,36,5,2,998060,16,62,1,1,0,0,0
23910,95,41,36,5,2,998060,16,62,1,1,0,0,0
23920,95,41,36,5,2,998060,16,62,1,1,0,0,0
23930,95,41,36,5,2,998060,16,62,1,1,0,0,0
23940,95,41,36,5,2,998060,16,62,1,1,0,0,0
23950,95,41,36,5,2,998060,16,62,1,1,0,0,0
23960,95,41,36,5,2,998060,16,62,1,1,0,0,0
23970,95,41,36,5,2,998060,16,62,1,1,0,0,0
23980,95,41,36,5,2,998060,16,62,1,1,0,0,0
23990,95,41,36,5,2,998060,16,62,1,1,0,0,0
24000,95,41,36,5,2,998060,16,62,1,1,0,0,0
24010,95,41,36,5,2,998060,16,62,1,1,0,0,0
24020,95,41,36,5,2,998060,16,62,1,1,0,0,0
24030,95,41,36,5,2,998060,16,62,1,1,0,0,0
24040,95,41,36,5,2,998060,16,62,1,1,0,0,0
24050,95,41,36,5,2,998060,16,62,1,1,0,0,0
24060,95,41,36,5,2,998060,16,62,1,1,0,0,0
24070,95,41,36,5,2,998060,16,62,1,1,0,0,0
24080,95,41,36,5,2,998060,16,62,1,1,0,0,0
24090,95,41,36,5,2,998060,16,62,1,1,0,0,0
24100,95,41,36,5,2,998060,16,62,1,1,0,0,0
24110,95,40,36,5,3,998060,16,61,1,1,0,0,0
24120,95,40,36,5,3,998060,16,61,1,1,0,0,0
24130,95,40,36,5,3,998060,16,61,1,1,0,0,0
24140,95,40,36,5,3,998060,16,61,1,1,0,0,0
24150,95,40,36,5,3,998060,16,61,1,1,0,0,0
24160,95,40,36,5,3,998060,16,61,1,1,0,0,0
24170,95,40,36,5,3,998060,16,61,1,1,0,0,0
24180,95,40,36,5,3,998060,16,61,1,1,0,0,0
24190,95,40,36,5,3,998060,16,61,1,1,0,0,0
24200,95,40,36,5,3,998060,16,61,1,1,0,0,0
24210,95,40,36,5,3,998060,16,61,1,1,0,0,0
24220,95,40,36,5,3,998060,16,61,1,1,0,0,0
24230,95,40,36,5,3,998060,16,61,1,1,0,0,0
24240,95,40,36,5,3,998060,16,61,1,1,0,0,0
24250,95,40,36,5,3,998060,16,61,1,1,0,0,0
24260,95,40,36,5,3,998060,16,61,1,1,0,0,0
24270,95,40,36,5,3,998060,16,61,1,1,0,0,0
24280,95,40,36,5,3,998060,16,61,1,1,0,0,0
24290,95,39,36,5,4,998060,16,60,1,1,0,0,0
24300,95,39,36,5,4,998060,16,60,1,1,0,0,0
24310,95,39,36,5,4,998060,16,60,1,1,0,0,0
24320,95,39,36,5,4,998060,16,60,1,1,0,0,0
24330,95,39,36,5,4,998060,16,60,1,1,0,0,0
24340,95,39,36,5,4,998060,16,60,1,1,0,0,0
24350,95,39,36,5,4,998060,16,60,1,1,0,0,0
24360,95,39,36,5,4,998060,16,60,1,1,0,0,0
24370,95,39,36,5,4,998060,16,60,1,1,0,0,0
24380,95,39,36,5,4,998060,16,60,1,1,0,0,0
24390,95,39,36,5,4,998060,16,60,1,1,0,0,0
24400,95,39,36,5,4,998060,16,60,1,1,0,0,0
24410,95,39,36,5,4,998060,16,60,1,1,0,0,0
24420,95,39,36,5,4,998060,16,60,1,1,0,0,0
24430,95,39,36,5,4,998060,16,60,1,1,0,0,0
24440,95,39,36,5,4,998060,16,60,1,1,0,0,0
24450,94,39,36,6,4,998060,15,60,1,1,0,0,0
24460,94,39,36,6,4,998060,15,60,1,1,0,0,0
24470,94,39,36,6,4,998060,15,60,1,1,0,0,0
24480,94,39,36,6,4,998060,15,60,1,1,0,0,0
24490,94,39,36,6,4,998060,15,60,1,1,0,0,0
24500,94,39,36,6,4,998060,15,60,1,1,0,0,0
24510,94,39,36,6,4,998060,15,60,1,1,0,0,0
24520,94,39,36,6,4,998060,15,60,1,1,0,0,0
24530,94,39,36,6,4,998060,15,60,1,1,0,0,0
24540,94,39,36,6,4,998060,15,60,1,1,0,0,0
24550,94,39,36,6,4,998060,15,60,1,1,0,0,0
24560,94,39,36,6,4,998060,15,60,1,1,0,0,0
24570,94,39,36,6,4,998060,15,60,1,1,0,0,0
24580,94,39,36,6,4,998060,15,60,1,1,0,0,0
24590,94,39,36,6,4,998060,15,60,1,1,0,0,0
24600,94,39,36,6,4,998060,15,60,1,1,0,0,0
24610,94,39,36,6,4,998060,15,60,1,1,0,0,0
24620,94,39,36,6,4,998060,15,60,1,1,0,0,0
24630,94,39,36,6,4,998060,15,60,1,1,0,0,0
24640,94,39,36,6,4,998060,15,60,1,1,0,0,0
24650,94,39,36,6,4,998060,15,60,1,1,0,0,0
24660,94,39,36,6,4,998060,15,60,1,1,0,0,0
24670,94,39,36,6,4,998060,15,60,1,1,0,0,0
24680,94,39,36,6,4,998060,15,60,1,1,0,0,0
24690,94,39,36,6,4,998060,15,60,1,1,0,0,0
24700,94,39,36,6,4,998060,15,60,1,1,0,0,0
24710,94,39,36,6,4,998060,15,60,1,1,0,0,0
24720,94,39,36,6,4,998060,15,60,1,1,0,0,0
24730,94,39,36,6,4,998060,15,60,1,1,0,0,0
24740,94,39,36,6,4,998060,15,60,1,1,0,0,0
24750,94,39,36,6,4,998060,15,60,1,1,0,0,0
24760,94,39,36,6,4,998060,15,60,1,1,0,0,0
24770,94,39,36,6,4,998060,15,60,1,1,0,0,0
24780,94,39,36,6,4,998060,15,60,1,1,0,0,0
24790,94,39,36,6,4,998060,15,60,1,1,0,0,0
24800,94,39,36,6,4,998060,15,60,1,1,0,0,0
24810,94,39,36,6,4,998060,15,60,1,1,0,0,0
24820,94,39,36,6,4,998060,15,60,1,1,0,0,0
24830,94,39,36,6,4,998060,15,60,1,1,0,0,0
24840,94,39,36,6,4,998060,15,60,1,1,0,0,0
24850,94,39,36,6,4,998060,15,60,1,1,0,0,0
24860,94,39,36,6,4,998060,15,60,1,1,0,0,0
24870,94,39,36,6,4,998060,15,60,1,1,0,0,0
24880,94,39,36,6,4,998060,15,60,1,1,0,0,0
24890,94,39,36,6,4,998060,15,60,1,1,0,0,0
24900,94,39,36,6,4,998060,15,60,1,1,0,0,0
24910,94,39,36,6,4,998060,15,60,1,1,0,0,0
24920,94,39,36,6,4,998060,15,60,1,1,0,0,0
24930,94,39,36,6,4,998060,15,60,1,1,0,0,0
24940,94,39,36,6,4,998060,15,60,1,1,0,0,0
24950,94,39,36,6,4,998060,15,60,1,1,0,0,0
24960,94,39,36,6,4,998060,15,60,1,1,0,0,0
24970,94,39,36,6,4,998060,15,60,1,1,0,0,0
24980,94,39,36,6,4,998060,15,60,1,1,0,0,0
24990,94,39,36,6,4,998060,15,60,1,1,0,0,0
25000,94,39,36,6,4,998060,15,60,1,1,0,0,0
25010,94,39,36,6,4,998060,15,60,1,1,0,0,0
25020,94,39,36,6,4,998060,15,60,1,1,0,0,0
25030,94,39,36,6,4,998060,15,60,1,1,0,0,0
25040,94,39,36,6,4,998060,15,60,1,1,0,0,0
25050,94,39,36,6,4,998060,15,60,1,1,0,0,0
25060,94,39,36,6,4,998060,15,60,1,1,0,0,0
25070,94,39,36,6,4,998060,15,60,1,1,0,0,0
25080,94,39,36,6,4,998060,15,60,1,1,0,0,0
25090,94,39,36,6,4,998060,15,60,1,1,0,0,0
25100,94,39,36,6,4,998060,15,60,1,1,0,0,0
25110,94,39,36,6,4,998060,15,60,1,1,0,0,0
25120,94,39,36,6,4,998060,15,60,1,1,0,0,0
25130,94,39,36,6,4,998060,15,60,1,1,0,0,0
25140,94,39,36,6,4,998060,15,60,1,1,0,0,0
25150,94,39,36,6,4,998060,15,60,1,1,0,0,0
25160,94,39,36,6,4,998060,15,60,1,1,0,0,0
25170,94,39,36,6,4,998060,15,60,1,1,0,0,0
25180,94,39,36,6,4,998060,15,60,1,1,0,0,0
25190,95,40,37,5,3,998030,15,60,1,1,0,0,0
25200,95,40,37,5,3,998030,15,60,1,1,0,0,0
25210,94,40,37,6,3,998030,14,60,1,1,0,0,0
25220,94,40,37,6,3,998030,14,60,1,1,0,0,0
25230,94,40,37,6,3,998030,14,60,1,1,0,0,0
25240,94,40,37,6,3,998030,14,60,1,1,0,0,0
25250,94,40,37,6,3,998030,14,60,1,1,0,0,0
25260,94,40,37,6,3,998030,14,60,1,1,0,0,0
25270,94,40,37,6,3,998030,14,60,1,1,0,0,0
25280,94,40,37,6,3,998030,14,60,1,1,0,0,0
25290,94,40,37,6,3,998030,14,60,1,1,0,0,0
25300,94,40,37,6,3,998030,14,60,1,1,0,0,0
25310,94,40,37,6,3,998030,14,60,1,1,0,0,0
25320,94,40,37,6,3,998030,14,60,1,1,0,0,0
25330,94,40,37,6,3,998030,14,60,1,1,0,0,0
25340,94,40,37,6,3,998030,14,60,1,1,0,0,0
25350,94,40,37,6,3,998030,14,60,1,1,0,0,0
25360,94,40,37,6,3,998030,14,60,1,1,0,0,0
25370,94,40,37,6,3,998030,14,60,1,1,0,0,0
25380,94,40,37,6,3,998030,14,60,1,1,0,0,0
25390,94,40,37,6,3,998030,14,60,1,1,0,0,0
25400,94,40,37,6,3,998030,14,60,1,1,0,0,0
25410,94,40,37,6,3,998030,14,60,1,1,0,0,0
25420,94,40,37,6,3,998030,14,60,1,1,0,0,0
25430,94,40,37,6,3,998030,14,60,1,1,0,0,0
25440,94,40,37,6,3,998030,14,60,1,1,0,0,0
25450,94,40,37,6,3,998030,14,60,1,1,0,0,0
25460,94,40,37,6,3,998030,14,60,1,1,0,0,0
25470,94,40,37,6,3,998030,14,60,1,1,0,0,0
25480,95,41,38,5,2,998000,14,60,1,1,0,0,0
25490,95,41,38,5,2,998000,14,60,1,1,0,0,0
25500,95,41,38,5,2,998000,14,60,1,1,0,0,0
25510,95,41,38,5,2,998000,14,60,1,1,0,0,0
25520,95,41,38,5,2,998000,14,60,1,1,0,0,0
25530,95,41,38,5,2,998000,14,60,1,1,0,0,0
25540,95,41,38,5,2,998000,14,60,1,1,0,0,0
25550,95,41,38,5,2,998000,14,60,1,1,0,0,0
25560,95,41,38,5,2,998000,14,60,1,1,0,0,0
25570,95,41,38,5,2,998000,14,60,1,1,0,0,0
25580,95,41,38,5,2,998000,14,60,1,1,0,0,0
25590,95,41,38,5,2,998000,14,60,1,1,0,0,0
25600,95,41,38,5,2,998000,14,60,1,1,0,0,0
25610,95,41,38,5,2,998000,14,60,1,1,0,0,0
25620,95,41,38,5,2,998000,14,60,1,1,0,0,0
25630,95,41,38,5,2,998000,14,60,1,1,0,0,0
25640,95,41,38,5,2,998000,14,60,1,1,0,0,0
25650,95,41,38,5,2,998000,14,60,1,1,0,0,0
25660,95,41,38,5,2,998000,14,60,1,1,0,0,0
25670,95,41,38,5,2,998000,14,60,1,1,0,0,0
25680,95,41,38,5,2,998000,14,60,1,1,0,0,0
25690,95,40,38,5,3,998000,14,59,1,1,0,0,0
25700,95,40,38,5,3,998000,14,59,1,1,0,0,0
25710,95,40,38,5,3,998000,14,59,1,1,0,0,0
25720,95,40,38,5,3,998000,14,59,1,1,0,0,0
25730,95,40,38,5,3,998000,14,59,1,1,0,0,0
25740,94,40,38,6,3,998000,13,59,1,1,0,0,0
25750,94,40,38,6,3,998000,13,59,1,1,0,0,0
25760,94,40,38,6,3,998000,13,59,1,1,0,0,0
25770,94,40,38,6,3,998000,13,59,1,1,0,0,0
25780,94,40,38,6,3,998000,13,59,1,1,0,0,0
25790,94,40,38,6,3,998000,13,59,1,1,0,0,0
25800,94,40,38,6,3,998000,13,59,1,1,0,0,0
25810,94,40,38,6,3,998000,13,59,1,1,0,0,0
25820,94,40,38,6,3,998000,13,59,1,1,0,0,0
25830,94,40,38,6,3,998000,13,59,1,1,0,0,0
25840,94,40,38,6,3,998000,13,59,1,1,0,0,0
25850,94,40,38,6,3,998000,13,59,1,1,0,0,0
25860,94,40,38,6,3,998000,13,59,1,1,0,0,0
25870,94,40,38,6,3,998000,13,59,1,1,0,0,0
25880,94,40,38,6,3,998000,13,59,1,1,0,0,0
25890,94,40,38,6,3,998000,13,59,1,1,0,0,0
25900,94,40,38,6,3,998000,13,59,1,1,0,0,0
25910,94,40,38,6,3,998000,13,59,1,1,0,0,0
25920,94,39,38,6,4,998000,13,58,1,1,0,0,0
25930,94,39,38,6,4,998000,13,58,1,1,0,0,0
25940,95,40,39,5,3,997970,13,58,1,1,0,0,0
25950,95,40,39,5,3,997970,13,58,1,1,0,0,0
25960,95,40,39,5,3,997970,13,58,1,1,0,0,0
25970,94,40,39,6,3,997970,12,58,1,1,0,0,0
25980,94,40,39,6,3,997970,12,58,1,1,0,0,0
25990,94,40,39,6,3,997970,12,58,1,1,0,0,0
26000,94,40,39,6,3,997970,12,58,1,1,0,0,0
26010,94,40,39,6,3,997970,12,58,1,1,0,0,0
26020,94,40,39,6,3,997970,12,58,1,1,0,0,0
26030,94,40,39,6,3,997970,12,58,1,1,0,0,0
26040,94,40,39,6,3,997970,12,58,1,1,0,0,0
26050,94,40,39,6,3,997970,12,58,1,1,0,0,0
26060,95,41,40,5,2,997940,12,58,1,1,0,0,0
26070,95,41,40,5,2,997940,12,58,1,1,0,0,0
26080,95,41,40,5,2,997940,12,58,1,1,0,0,0
26090,95,41,40,5,2,997940,12,58,1,1,0,0,0
26100,95,40,40,5,3,997940,12,57,1,1,0,0,0
26110,95,40,40,5,3,997940,12,57,1,1,0,0,0
26120,95,40,40,5,3,997940,12,57,1,1,0,0,0
26130,95,40,40,5,3,997940,12,57,1,1,0,0,0
26140,95,40,40,5,3,997940,12,57,1,1,0,0,0
26150,95,40,40,5,3,997940,12,57,1,1,0,0,0
26160,95,40,40,5,3,997940,12,57,1,1,0,0,0
26170,95,40,40,5,3,997940,12,57,1,1,0,0,0
26180,95,40,40,5,3,997940,12,57,1,1,0,0,0
26190,95,40,40,5,3,997940,12,57,1,1,0,0,0
26200,95,40,40,5,3,997940,12,57,1,1,0,0,0
26210,95,40,40,5,3,997940,12,57,1,1,0,0,0
26220,95,40,40,5,3,997940,12,57,1,1,0,0,0
26230,95,40,40,5,3,997940,12,57,1,1,0,0,0
26240,95,40,40,5,3,997940,12,57,1,1,0,0,0
26250,95,40,40,5,3,997940,12,57,1,1,0,0,0
26260,95,40,40,5,3,997940,12,57,1,1,0,0,0
26270,95,40,40,5,3,997940,12,57,1,1,0,0,0
26280,95,39,40,5,4,997940,12,56,1,1,0,0,0
26290,95,39,40,5,4,997940,12,56,1,1,0,0,0
26300,95,39,40,5,4,997940,12,56,1,1,0,0,0
26310,95,39,40,5,4,997940,12,56,1,1,0,0,0
26320,95,39,40,5,4,997940,12,56,1,1,0,0,0
26330,95,39,40,5,4,997940,12,56,1,1,0,0,0
26340,95,39,40,5,4,997940,12,56,1,1,0,0,0
26350,95,39,40,5,4,997940,12,56,1,1,0,0,0
26360,94,39,40,6,4,997940,11,56,1,1,0,0,0
26370,94,39,40,6,4,997940,11,56,1,1,0,0,0
26380,94,39,40,6,4,997940,11,56,1,1,0,0,0
26390,94,39,40,6,4,997940,11,56,1,1,0,0,0
26400,94,39,40,6,4,997940,11,56,1,1,0,0,0
26410,94,39,40,6,4,997940,11,56,1,1,0,0,0
26420,94,39,40,6,4,997940,11,56,1,1,0,0,0
26430,94,39,40,6,4,997940,11,56,1,1,0,0,0
26440,94,39,40,6,4,997940,11,56,1,1,0,0,0
26450,94,39,40,6,4,997940,11,56,1,1,0,0,0
26460,94,39,40,6,4,997940,11,56,1,1,0,0,0
26470,94,39,40,6,4,997940,11,56,1,1,0,0,0
26480,94,39,40,6,4,997940,11,56,1,1,0,0,0
26490,94,39,40,6,4,997940,11,56,1,1,0,0,0
26500,94,39,40,6,4,997940,11,56,1,1,0,0,0
26510,94,39,40,6,4,997940,11,56,1,1,0,0,0
26520,94,39,40,6,4,997940,11,56,1,1,0,0,0
26530,94,39,40,6,4,997940,11,56,1,1,0,0,0
26540,94,39,40,6,4,997940,11,56,1,1,0,0,0
26550,94,39,40,6,4,997940,11,56,1,1,0,0,0
26560,94,39,40,6,4,997940,11,56,1,1,0,0,0
26570,94,39,40,6,4,997940,11,56,1,1,0,0,0
26580,94,39,40,6,4,997940,11,56,1,1,0,0,0
26590,94,39,40,6,4,997940,11,56,1,1,0,0,0
26600,94,39,40,6,4,997940,11,56,1,1,0,0,0
26610,94,38,40,6,5,997940,11,55,1,1,0,0,0
26620,94,38,40,6,5,997940,11,55,1,1,0,0,0
26630,94,38,40,6,5,997940,11,55,1,1,0,0,0
26640,94,38,40,6,5,997940,11,55,1,1,0,0,0
26650,94,38,40,6,5,997940,11,55,1,1,0,0,0
26660,94,38,40,6,5,997940,11,55,1,1,0,0,0
26670,94,38,40,6,5,997940,11,55,1,1,0,0,0
26680,94,38,40,6,5,997940,11,55,1,1,0,0,0
26690,94,38,40,6,5,997940,11,55,1,1,0,0,0
26700,94,38,40,6,5,997940,11,55,1,1,0,0,0
26710,94,38,40,6,5,997940,11,55,1,1,0,0,0
26720,94,38,40,6,5,997940,11,55,1,1,0,0,0
26730,94,38,40,6,5,997940,11,55,1,1,0,0,0
26740,94,38,40,6,5,997940,11,55,1,1,0,0,0
26750,94,38,40,6,5,997940,11,55,1,1,0,0,0
26760,94,38,40,6,5,997940,11,55,1,1,0,0,0
26770,94,38,40,6,5,997940,11,55,1,1,0,0,0
26780,94,38,40,6,5,997940,11,55,1,1,0,0,0
26790,94,38,40,6,5,997940,11,55,1,1,0,0,0
26800,93,38,40,7,5,997940,10,55,1,1,0,0,0
26810,94,39,41,6,4,997910,10,55,1,1,0,0,0
26820,94,39,41,6,4,997910,10,55,1,1,0,0,0
26830,94,39,41,6,4,997910,10,55,1,1,0,0,0
26840,94,39,41,6,4,997910,10,55,1,1,0,0,0
26850,94,39,41,6,4,997910,10,55,1,1,0,0,0
26860,94,39,41,6,4,997910,10,55,1,1,0,0,0
26870,94,39,41,6,4,997910,10,55,1,1,0,0,0
26880,94,39,41,6,4,997910,10,55,1,1,0,0,0
26890,94,39,41,6,4,997910,10,55,1,1,0,0,0
26900,94,38,41,6,5,997910,10,54,1,1,0,0,0
26910,94,38,41,6,5,997910,10,54,1,1,0,0,0
26920,94,38,41,6,5,997910,10,54,1,1,0,0,0
26930,94,38,41,6,5,997910,10,54,1,1,0,0,0
26940,94,38,41,6,5,997910,10,54,1,1,0,0,0
26950,94,38,41,6,5,997910,10,54,1,1,0,0,0
26960,94,38,41,6,5,997910,10,54,1,1,0,0,0
26970,94,38,41,6,5,997910,10,54,1,1,0,0,0
26980,94,38,41,6,5,997910,10,54,1,1,0,0,0
26990,94,38,41,6,5,997910,10,54,1,1,0,0,0
27000,94,38,41,6,5,997910,10,54,1,1,0,0,0
27010,94,38,41,6,5,997910,10,54,1,1,0,0,0
27020,94,38,41,6,5,997910,10,54,1,1,0,0,0
27030,94,38,41,6,5,997910,10,54,1,1,0,0,0
27040,94,38,41,6,5,997910,10,54,1,1,0,0,0
27050,94,38,41,6,5,997910,10,54,1,1,0,0,0
27060,94,38,41,6,5,997910,10,54,1,1,0,0,0
27070,94,38,41,6,5,997910,10,54,1,1,0,0,0
27080,94,38,41,6,5,997910,10,54,1,1,0,0,0
27090,94,38,41,6,5,997910,10,54,1,1,0,0,0
27100,94,38,41,6,5,997910,10,54,1,1,0,0,0
27110,94,38,41,6,5,997910,10,54,1,1,0,0,0
27120,95,39,42,5,4,997880,10,54,1,1,0,0,0
27130,95,39,42,5,4,997880,10,54,1,1,0,0,0
27140,95,39,42,5,4,997880,10,54,1,1,0,0,0
27150,95,39,42,5,4,997880,10,54,1,1,0,0,0
27160,95,39,42,5,4,997880,10,54,1,1,0,0,0
27170,95,39,42,5,4,997880,10,54,1,1,0,0,0
27180,95,39,42,5,4,997880,10,54,1,1,0,0,0
27190,96,40,43,4,3,997850,10,54,1,1,0,0,0
27200,96,40,43,4,3,997850,10,54,1,1,0,0,0
27210,96,40,43,4,3,997850,10,54,1,1,0,0,0
27220,96,40,43,4,3,997850,10,54,1,1,0,0,0
27230,96,40,43,4,3,997850,10,54,1,1,0,0,0
27240,96,40,43,4,3,997850,10,54,1,1,0,0,0
27250,96,40,43,4,3,997850,10,54,1,1,0,0,0
27260,96,40,43,4,3,997850,10,54,1,1,0,0,0
27270,96,40,43,4,3,997850,10,54,1,1,0,0,0
27280,97,41,44,3,2,997820,10,54,1,1,0,0,0
27290,97,41,44,3,2,997820,10,54,1,1,0,0,0
27300,97,41,44,3,2,997820,10,54,1,1,0,0,0
27310,97,41,44,3,2,997820,10,54,1,1,0,0,0
27320,97,41,44,3,2,997820,10,54,1,1,0,0,0
27330,97,41,44,3,2,997820,10,54,1,1,0,0,0
27340,97,41,44,3,2,997820,10,54,1,1,0,0,0
27350,97,41,44,3,2,997820,10,54,1,1,0,0,0
27360,97,41,44,3,2,997820,10,54,1,1,0,0,0
27370,97,41,44,3,2,997820,10,54,1,1,0,0,0
27380,97,41,44,3,2,997820,10,54,1,1,0,0,0
27390,97,41,44,3,2,997820,10,54,1,1,0,0,0
27400,97,41,44,3,2,997820,10,54,1,1,0,0,0
27410,97,41,44,3,2,997820,10,54,1,1,0,0,0
27420,97,41,44,3,2,997820,10,54,1,1,0,0,0
27430,97,41,44,3,2,997820,10,54,1,1,0,0,0
27440,97,41,44,3,2,997820,10,54,1,1,0,0,0
27450,97,41,44,3,2,997820,10,54,1,1,0,0,0
27460,97,41,44,3,2,997820,10,54,1,1,0,0,0
27470,97,41,44,3,2,997820,10,54,1,1,0,0,0
27480,97,41,44,3,2,997820,10,54,1,1,0,0,0
27490,97,41,44,3,2,997820,10,54,1,1,0,0,0
27500,97,41,44,3,2,997820,10,54,1,1,0,0,0
27510,97,41,44,3,2,997820,10,54,1,1,0,0,0
27520,97,41,44,3,2,997820,10,54,1,1,0,0,0
27530,97,41,44,3,2,997820,10,54,1,1,0,0,0
27540,97,41,44,3,2,997820,10,54,1,1,0,0,0
27550,97,41,44,3,2,997820,10,54,1,1,0,0,0
27560,97,41,44,3,2,997820,10,54,1,1,0,0,0
27570,97,41,44,3,2,997820,10,54,1,1,0,0,0
27580,97,41,44,3,2,997820,10,54,1,1,0,0,0
27590,97,41,44,3,2,997820,10,54,1,1,0,0,0
27600,97,41,44,3,2,997820,10,54,1,1,0,0,0
27610,97,41,44,3,2,997820,10,54,1,1,0,0,0
27620,97,41,44,3,2,997820,10,54,1,1,0,0,0
27630,97,41,44,3,2,997820,10,54,1,1,0,0,0
27640,97,41,44,3,2,997820,10,54,1,1,0,0,0
27650,97,41,44,3,2,997820,10,54,1,1,0,0,0
27660,97,41,44,3,2,997820,10,54,1,1,0,0,0
27670,97,41,44,3,2,997820,10,54,1,1,0,0,0
27680,97,41,44,3,2,997820,10,54,1,1,0,0,0
27690,97,41,44,3,2,997820,10,54,1,1,0,0,0
27700,97,41,44,3,2,997820,10,54,1,1,0,0,0
27710,97,41,44,3,2,997820,10,54,1,1,0,0,0
27720,97,41,44,3,2,997820,10,54,1,1,0,0,0
27730,96,41,44,4,2,997820,9,54,1,1,0,0,0
27740,96,41,44,4,2,997820,9,54,1,1,0,0,0
27750,96,41,44,4,2,997820,9,54,1,1,0,0,0
27760,96,41,44,4,2,997820,9,54,1,1,0,0,0
27770,96,41,44,4,2,997820,9,54,1,1,0,0,0
27780,96,41,44,4,2,997820,9,54,1,1,0,0,0
27790,96,41,44,4,2,997820,9,54,1,1,0,0,0
27800,96,41,44,4,2,997820,9,54,1,1,0,0,0
27810,96,41,44,4,2,997820,9,54,1,1,0,0,0
27820,96,41,44,4,2,997820,9,54,1,1,0,0,0
27830,96,41,44,4,2,997820,9,54,1,1,0,0,0
27840,96,41,44,4,2,997820,9,54,1,1,0,0,0
27850,96,41,44,4,2,997820,9,54,1,1,0,0,0
27860,96,41,44,4,2,997820,9,54,1,1,0,0,0
27870,96,41,44,4,2,997820,9,54,1,1,0,0,0
27880,96,41,44,4,2,997820,9,54,1,1,0,0,0
27890,96,41,44,4,2,997820,9,54,1,1,0,0,0
27900,96,41,44,4,2,997820,9,54,1,1,0,0,0
27910,96,41,44,4,2,997820,9,54,1,1,0,0,0
27920,96,41,44,4,2,997820,9,54,1,1,0,0,0
27930,96,41,44,4,2,997820,9,54,1,1,0,0,0
27940,96,41,44,4,2,997820,9,54,1,1,0,0,0
27950,96,41,44,4,2,997820,9,54,1,1,0,0,0
27960,96,41,44,4,2,997820,9,54,1,1,0,0,0
27970,96,41,44,4,2,997820,9,54,1,1,0,0,0
27980,96,41,44,4,2,997820,9,54,1,1,0,0,0
27990,96,41,44,4,2,997820,9,54,1,1,0,0,0
28000,96,41,44,4,2,997820,9,54,1,1,0,0,0
28010,96,41,44,4,2,997820,9,54,1,1,0,0,0
28020,96,41,44,4,2,997820,9,54,1,1,0,0,0
28030,96,41,44,4,2,997820,9,54,1,1,0,0,0
28040,96,41,44,4,2,997820,9,54,1,1,0,0,0
28050,96,41,44,4,2,997820,9,54,1,1,0,0,0
28060,96,41,44,4,2,997820,9,54,1,1,0,0,0
28070,96,41,44,4,2,997820,9,54,1,1,0,0,0
28080,96,41,44,4,2,997820,9,54,1,1,0,0,0
28090,96,41,44,4,2,997820,9,54,1,1,0,0,0
28100,96,41,44,4,2,997820,9,54,1,1,0,0,0
28110,96,41,44,4,2,997820,9,54,1,1,0,0,0
28120,96,41,44,4,2,997820,9,54,1,1,0,0,0
28130,96,41,44,4,2,997820,9,54,1,1,0,0,0
28140,96,41,44,4,2,997820,9,54,1,1,0,0,0
28150,96,41,44,4,2,997820,9,54,1,1,0,0,0
28160,96,41,44,4,2,997820,9,54,1,1,0,0,0
28170,96,41,44,4,2,997820,9,54,1,1,0,0,0
28180,96,41,44,4,2,997820,9,54,1,1,0,0,0
28190,96,41,44,4,2,997820,9,54,1,1,0,0,0
28200,96,41,44,4,2,997820,9,54,1,1,0,0,0
28210,96,41,44,4,2,997820,9,54,1,1,0,0,0
28220,96,41,44,4,2,997820,9,54,1,1,0,0,0
28230,96,41,44,4,2,997820,9,54,1,1,0,0,0
28240,96,41,44,4,2,997820,9,54,1,1,0,0,0
28250,96,41,44,4,2,997820,9,54,1,1,0,0,0
28260,96,41,44,4,2,997820,9,54,1,1,0,0,0
28270,96,41,44,4,2,997820,9,54,1,1,0,0,0
28280,96,41,44,4,2,997820,9,54,1,1,0,0,0
28290,96,41,44,4,2,997820,9,54,1,1,0,0,0
28300,96,41,44,4,2,997820,9,54,1,1,0,0,0
28310,96,41,44,4,2,997820,9,54,1,1,0,0,0
28320,96,41,44,4,2,997820,9,54,1,1,0,0,0
28330,96,41,44,4,2,997820,9,54,1,1,0,0,0
28340,96,41,44,4,2,997820,9,54,1,1,0,0,0
28350,96,41,44,4,2,997820,9,54,1,1,0,0,0
28360,96,41,44,4,2,997820,9,54,1,1,0,0,0
28370,96,41,44,4,2,997820,9,54,1,1,0,0,0
28380,96,41,44,4,2,997820,9,54,1,1,0,0,0
28390,96,41,44,4,2,997820,9,54,1,1,0,0,0
28400,96,41,44,4,2,997820,9,54,1,1,0,0,0
28410,96,41,44,4,2,997820,9,54,1,1,0,0,0
28420,96,41,44,4,2,997820,9,54,1,1,0,0,0
28430,96,41,44,4,2,997820,9,54,1,1,0,0,0
28440,96,41,44,4,2,997820,9,54,1,1,0,0,0
28450,96,41,44,4,2,997820,9,54,1,1,0,0,0
28460,96,41,44,4,2,997820,9,54,1,1,0,0,0
28470,96,41,44,4,2,997820,9,54,1,1,0,0,0
28480,96,41,44,4,2,997820,9,54,1,1,0,0,0
28490,96,41,44,4,2,997820,9,54,1,1,0,0,0
28500,96,41,44,4,2,997820,9,54,1,1,0,0,0
28510,96,41,44,4,2,997820,9,54,1,1,0,0,0
28520,96,41,44,4,2,997820,9,54,1,1,0,0,0
28530,96,41,44,4,2,997820,9,54,1,1,0,0,0
28540,96,41,44,4,2,997820,9,54,1,1,0,0,0
28550,96,41,44,4,2,997820,9,54,1,1,0,0,0
28560,96,41,44,4,2,997820,9,54,1,1,0,0,0
28570,96,41,44,4,2,997820,9,54,1,1,0,0,0
28580,96,41,44,4,2,997820,9,54,1,1,0,0,0
28590,96,41,44,4,2,997820,9,54,1,1,0,0,0
28600,96,41,44,4,2,997820,9,54,1,1,0,0,0
28610,96,41,44,4,2,997820,9,54,1,1,0,0,0
28620,96,41,44,4,2,997820,9,54,1,1,0,0,0
28630,96,41,44,4,2,997820,9,54,1,1,0,0,0
28640,96,41,44,4,2,997820,9,54,1,1,0,0,0
28650,96,41,44,4,2,997820,9,54,1,1,0,0,0
28660,96,41,44,4,2,997820,9,54,1,1,0,0,0
28670,96,41,44,4,2,997820,9,54,1,1,0,0,0
28680,96,41,44,4,2,997820,9,54,1,1,0,0,0
28690,96,41,44,4,2,997820,9,54,1,1,0,0,0
28700,96,40,44,4,3,997820,9,53,1,1,0,0,0
28710,96,40,44,4,3,997820,9,53,1,1,0,0,0
28720,96,40,44,4,3,997820,9,53,1,1,0,0,0
28730,96,40,44,4,3,997820,9,53,1,1,0,0,0
28740,96,40,44,4,3,997820,9,53,1,1,0,0,0
28750,96,40,44,4,3,997820,9,53,1,1,0,0,0
28760,96,40,44,4,3,997820,9,53,1,1,0,0,0
28770,96,40,44,4,3,997820,9,53,1,1,0,0,0
28780,96,40,44,4,3,997820,9,53,1,1,0,0,0
28790,96,40,44,4,3,997820,9,53,1,1,0,0,0
28800,96,40,44,4,3,997820,9,53,1,1,0,0,0
28810,96,40,44,4,3,997820,9,53,1,1,0,0,0
28820,96,40,44,4,3,997820,9,53,1,1,0,0,0
28830,96,40,44,4,3,997820,9,53,1,1,0,0,0
28840,96,40,44,4,3,997820,9,53,1,1,0,0,0
28850,96,40,44,4,3,997820,9,53,1,1,0,0,0
28860,96,40,44,4,3,997820,9,53,1,1,0,0,0
28870,96,40,44,4,3,997820,9,53,1,1,0,0,0
28880,96,40,44,4,3,997820,9,53,1,1,0,0,0
28890,96,40,44,4,3,997820,9,53,1,1,0,0,0
28900,96,40,44,4,3,997820,9,53,1,1,0,0,0
28910,96,40,44,4,3,997820,9,53,1,1,0,0,0
28920,96,40,44,4,3,997820,9,53,1,1,0,0,0
28930,96,40,44,4,3,997820,9,53,1,1,0,0,0
28940,96,40,44,4,3,997820,9,53,1,1,0,0,0
28950,96,40,44,4,3,997820,9,53,1,1,0,0,0
28960,96,40,44,4,3,997820,9,53,1,1,0,0,0
28970,96,40,44,4,3,997820,9,53,1,1,0,0,0
28980,96,40,44,4,3,997820,9,53,1,1,0,0,0
28990,96,40,44,4,3,997820,9,53,1,1,0,0,0
29000,96,40,44,4,3,997820,9,53,1,1,0,0,0
29010,96,40,44,4,3,997820,9,53,1,1,0,0,0
29020,96,40,44,4,3,997820,9,53,1,1,0,0,0
29030,96,40,44,4,3,997820,9,53,1,1,0,0,0
29040,96,40,44,4,3,997820,9,53,1,1,0,0,0
29050,96,40,44,4,3,997820,9,53,1,1,0,0,0
29060,96,40,44,4,3,997820,9,53,1,1,0,0,0
29070,96,39,44,4,4,997820,9,52,1,1,0,0,0
29080,96,39,44,4,4,997820,9,52,1,1,0,0,0
29090,96,39,44,4,4,997820,9,52,1,1,0,0,0
29100,96,39,44,4,4,997820,9,52,1,1,0,0,0
29110,96,39,44,4,4,997820,9,52,1,1,0,0,0
29120,96,38,44,4,5,997820,9,51,1,1,0,0,0
29130,96,38,44,4,5,997820,9,51,1,1,0,0,0
29140,96,38,44,4,5,997820,9,51,1,1,0,0,0
29150,96,38,44,4,5,997820,9,51,1,1,0,0,0
29160,96,38,44,4,5,997820,9,51,1,1,0,0,0
29170,96,38,44,4,5,997820,9,51,1,1,0,0,0
29180,96,38,44,4,5,997820,9,51,1,1,0,0,0
29190,96,38,44,4,5,997820,9,51,1,1,0,0,0
29200,96,38,44,4,5,997820,9,51,1,1,0,0,0
29210,96,38,44,4,5,997820,9,51,1,1,0,0,0
29220,96,38,44,4,5,997820,9,51,1,1,0,0,0
29230,96,38,44,4,5,997820,9,51,1,1,0,0,0
29240,96,38,44,4,5,997820,9,51,1,1,0,0,0
29250,96,38,44,4,5,997820,9,51,1,1,0,0,0
29260,96,38,44,4,5,997820,9,51,1,1,0,0,0
29270,96,38,44,4,5,997820,9,51,1,1,0,0,0
29280,96,38,44,4,5,997820,9,51,1,1,0,0,0
29290,96,38,44,4,5,997820,9,51,1,1,0,0,0
29300,96,38,44,4,5,997820,9,51,1,1,0,0,0
29310,96,38,44,4,5,997820,9,51,1,1,0,0,0
29320,96,38,44,4,5,997820,9,51,1,1,0,0,0
29330,96,38,44,4,5,997820,9,51,1,1,0,0,0
29340,96,38,44,4,5,997820,9,51,1,1,0,0,0
29350,96,38,44,4,5,997820,9,51,1,1,0,0,0
29360,96,38,44,4,5,997820,9,51,1,1,0,0,0
29370,96,38,44,4,5,997820,9,51,1,1,0,0,0
29380,96,38,44,4,5,997820,9,51,1,1,0,0,0
29390,96,38,44,4,5,997820,9,51,1,1,0,0,0
29400,96,38,44,4,5,997820,9,51,1,1,0,0,0
29410,96,38,44,4,5,997820,9,51,1,1,0,0,0
29420,96,38,44,4,5,997820,9,51,1,1,0,0,0
29430,96,38,44,4,5,997820,9,51,1,1,0,0,0
29440,96,38,44,4,5,997820,9,51,1,1,0,0,0
29450,96,38,44,4,5,997820,9,51,1,1,0,0,0
29460,96,38,44,4,5,997820,9,51,1,1,0,0,0
29470,96,38,44,4,5,997820,9,51,1,1,0,0,0
29480,96,38,44,4,5,997820,9,51,1,1,0,0,0
29490,96,38,44,4,5,997820,9,51,1,1,0,0,0
29500,96,38,44,4,5,997820,9,51,1,1,0,0,0
29510,96,38,44,4,5,997820,9,51,1,1,0,0,0
29520,96,38,44,4,5,997820,9,51,1,1,0,0,0
29530,96,38,44,4,5,997820,9,51,1,1,0,0,0
29540,96,38,44,4,5,997820,9,51,1,1,0,0,0
29550,96,38,44,4,5,997820,9,51,1,1,0,0,0
29560,96,38,44,4,5,997820,9,51,1,1,0,0,0
29570,96,38,44,4,5,997820,9,51,1,1,0,0,0
29580,96,38,44,4,5,997820,9,51,1,1,0,0,0
29590,97,39,45,3,4,997790,9,51,1,1,0,0,0
29600,97,39,45,3,4,997790,9,51,1,1,0,0,0
29610,97,39,45,3,4,997790,9,51,1,1,0,0,0
29620,97,39,45,3,4,997790,9,51,1,1,0,0,0
29630,97,39,45,3,4,997790,9,51,1,1,0,0,0
29640,97,39,45,3,4,997790,9,51,1,1,0,0,0
29650,97,39,45,3,4,997790,9,51,1,1,0,0,0
29660,97,39,45,3,4,997790,9,51,1,1,0,0,0
29670,97,39,45,3,4,997790,9,51,1,1,0,0,0
29680,97,39,45,3,4,997790,9,51,1,1,0,0,0
29690,97,39,45,3,4,997790,9,51,1,1,0,0,0
29700,97,39,45,3,4,997790,9,51,1,1,0,0,0
29710,97,39,45,3,4,997790,9,51,1,1,0,0,0
29720,97,39,45,3,4,997790,9,51,1,1,0,0,0
29730,97,39,45,3,4,997790,9,51,1,1,0,0,0
29740,97,39,45,3,4,997790,9,51,1,1,0,0,0
29750,97,39,45,3,4,997790,9,51,1,1,0,0,0
29760,97,39,45,3,4,997790,9,51,1,1,0,0,0
29770,97,39,45,3,4,997790,9,51,1,1,0,0,0
29780,97,39,45,3,4,997790,9,51,1,1,0,0,0
29790,97,39,45,3,4,997790,9,51,1,1,0,0,0
29800,97,39,45,3,4,997790,9,51,1,1,0,0,0
29810,97,39,45,3,4,997790,9,51,1,1,0,0,0
29820,97,39,45,3,4,997790,9,51,1,1,0,0,0
29830,97,39,45,3,4,997790,9,51,1,1,0,0,0
29840,97,39,45,3,4,997790,9,51,1,1,0,0,0
29850,97,39,45,3,4,997790,9,51,1,1,0,0,0
29860,97,39,45,3,4,997790,9,51,1,1,0,0,0
29870,97,39,45,3,4,997790,9,51,1,1,0,0,0
29880,97,39,45,3,4,997790,9,51,1,1,0,0,0
29890,97,39,45,3,4,997790,9,51,1,1,0,0,0
29900,97,39,45,3,4,997790,9,51,1,1,0,0,0
29910,97,39,45,3,4,997790,9,51,1,1,0,0,0
29920,97,39,45,3,4,997790,9,51,1,1,0,0,0
29930,97,39,45,3,4,997790,9,51,1,1,0,0,0
29940,97,39,45,3,4,997790,9,51,1,1,0,0,0
29950,97,39,45,3,4,997790,9,51,1,1,0,0,0
29960,97,39,45,3,4,997790,9,51,1,1,0,0,0
29970,97,39,45,3,4,997790,9,51,1,1,0,0,0
29980,97,39,45,3,4,997790,9,51,1,1,0,0,0
29990,98,40,46,2,3,997760,9,51,1,1,0,0,0
30000,98,40,46,2,3,997760,9,51,1,1,0,0,0
30010,98,40,46,2,3,997760,9,51,1,1,0,0,0
30020,98,40,46,2,3,997760,9,51,1,1,0,0,0
30030,98,40,46,2,3,997760,9,51,1,1,0,0,0
30040,98,40,46,2,3,997760,9,51,1,1,0,0,0
30050,98,40,46,2,3,997760,9,51,1,1,0,0,0
30060,98,40,46,2,3,997760,9,51,1,1,0,0,0
30070,98,40,46,2,3,997760,9,51,1,1,0,0,0
30080,98,40,46,2,3,997760,9,51,1,1,0,0,0
30090,98,40,46,2,3,997760,9,51,1,1,0,0,0
30100,98,40,46,2,3,997760,9,51,1,1,0,0,0
30110,98,40,46,2,3,997760,9,51,1,1,0,0,0
30120,98,40,46,2,3,997760,9,51,1,1,0,0,0
30130,98,40,46,2,3,997760,9,51,1,1,0,0,0
30140,98,40,46,2,3,997760,9,51,1,1,0,0,0
30150,98,40,46,2,3,997760,9,51,1,1,0,0,0
30160,98,40,46,2,3,997760,9,51,1,1,0,0,0
30170,98,40,46,2,3,997760,9,51,1,1,0,0,0
30180,98,40,46,2,3,997760,9,51,1,1,0,0,0
30190,98,40,46,2,3,997760,9,51,1,1,0,0,0
30200,98,40,46,2,3,997760,9,51,1,1,0,0,0
30210,98,40,46,2,3,997760,9,51,1,1,0,0,0
30220,98,40,46,2,3,997760,9,51,1,1,0,0,0
30230,98,40,46,2,3,997760,9,51,1,1,0,0,0
30240,98,40,46,2,3,997760,9,51,1,1,0,0,0
30250,98,40,46,2,3,997760,9,51,1,1,0,0,0
30260,98,40,46,2,3,997760,9,51,1,1,0,0,0
30270,98,40,46,2,3,997760,9,51,1,1,0,0,0
30280,98,40,46,2,3,997760,9,51,1,1,0,0,0
30290,98,40,46,2,3,997760,9,51,1,1,0,0,0
30300,98,40,46,2,3,997760,9,51,1,1,0,0,0
30310,98,40,46,2,3,997760,9,51,1,1,0,0,0
30320,98,39,46,2,4,997760,9,50,1,1,0,0,0
30330,98,39,46,2,4,997760,9,50,1,1,0,0,0
30340,99,40,47,1,3,997730,9,50,1,1,0,0,0
30350,99,40,47,1,3,997730,9,50,1,1,0,0,0
30360,99,40,47,1,3,997730,9,50,1,1,0,0,0
30370,99,40,47,1,3,997730,9,50,1,1,0,0,0
30380,99,40,47,1,3,997730,9,50,1,1,0,0,0
30390,99,40,47,1,3,997730,9,50,1,1,0,0,0
30400,99,40,47,1,3,997730,9,50,1,1,0,0,0
30410,99,40,47,1,3,997730,9,50,1,1,0,0,0
30420,99,40,47,1,3,997730,9,50,1,1,0,0,0
30430,99,40,47,1,3,997730,9,50,1,1,0,0,0
30440,99,40,47,1,3,997730,9,50,1,1,0,0,0
30450,99,40,47,1,3,997730,9,50,1,1,0,0,0
30460,99,40,47,1,3,997730,9,50,1,1,0,0,0
30470,99,40,47,1,3,997730,9,50,1,1,0,0,0
30480,99,40,47,1,3,997730,9,50,1,1,0,0,0
30490,99,40,47,1,3,997730,9,50,1,1,0,0,0
30500,99,40,47,1,3,997730,9,50,1,1,0,0,0
30510,99,40,47,1,3,997730,9,50,1,1,0,0,0
30520,99,40,47,1,3,997730,9,50,1,1,0,0,0
30530,99,40,47,1,3,997730,9,50,1,1,0,0,0
30540,99,39,47,1,4,997730,9,49,1,1,0,0,0
30550,99,39,47,1,4,997730,9,49,1,1,0,0,0
30560,99,39,47,1,4,997730,9,49,1,1,0,0,0
30570,99,39,47,1,4,997730,9,49,1,1,0,0,0
30580,99,39,47,1,4,997730,9,49,1,1,0,0,0
30590,99,39,47,1,4,997730,9,49,1,1,0,0,0
30600,99,39,47,1,4,997730,9,49,1,1,0,0,0
30610,99,39,47,1,4,997730,9,49,1,1,0,0,0
30620,99,39,47,1,4,997730,9,49,1,1,0,0,0
30630,99,39,47,1,4,997730,9,49,1,1,0,0,0
30640,99,39,47,1,4,997730,9,49,1,1,0,0,0
30650,99,39,47,1,4,997730,9,49,1,1,0,0,0
30660,99,39,47,1,4,997730,9,49,1,1,0,0,0
30670,99,39,47,1,4,997730,9,49,1,1,0,0,0
30680,99,39,47,1,4,997730,9,49,1,1,0,0,0
30690,99,39,47,1,4,997730,9,49,1,1,0,0,0
30700,99,39,47,1,4,997730,9,49,1,1,0,0,0
30710,99,39,47,1,4,997730,9,49,1,1,0,0,0
30720,99,39,47,1,4,997730,9,49,1,1,0,0,0
30730,99,39,47,1,4,997730,9,49,1,1,0,0,0
30740,99,39,47,1,4,997730,9,49,1,1,0,0,0
30750,99,39,47,1,4,997730,9,49,1,1,0,0,0
30760,99,39,47,1,4,997730,9,49,1,1,0,0,0
30770,99,39,47,1,4,997730,9,49,1,1,0,0,0
30780,99,39,47,1,4,997730,9,49,1,1,0,0,0
30790,99,39,47,1,4,997730,9,49,1,1,0,0,0
30800,99,39,47,1,4,997730,9,49,1,1,0,0,0
30810,99,39,47,1,4,997730,9,49,1,1,0,0,0
30820,99,39,47,1,4,997730,9,49,1,1,0,0,0
30830,99,39,47,1,4,997730,9,49,1,1,0,0,0
30840,99,39,47,1,4,997730,9,49,1,1,0,0,0
30850,99,39,47,1,4,997730,9,49,1,1,0,0,0
30860,99,39,47,1,4,997730,9,49,1,1,0,0,0
30870,99,39,47,1,4,997730,9,49,1,1,0,0,0
30880,99,39,47,1,4,997730,9,49,1,1,0,0,0
30890,99,39,47,1,4,997730,9,49,1,1,0,0,0
30900,99,39,47,1,4,997730,9,49,1,1,0,0,0
30910,99,39,47,1,4,997730,9,49,1,1,0,0,0
30920,99,39,47,1,4,997730,9,49,1,1,0,0,0
30930,99,39,47,1,4,997730,9,49,1,1,0,0,0
30940,99,39,47,1,4,997730,9,49,1,1,0,0,0
30950,99,39,47,1,4,997730,9,49,1,1,0,0,0
30960,99,39,47,1,4,997730,9,49,1,1,0,0,0
30970,99,39,47,1,4,997730,9,49,1,1,0,0,0
30980,99,39,47,1,4,997730,9,49,1,1,0,0,0
30990,99,39,47,1,4,997730,9,49,1,1,0,0,0
31000,99,39,47,1,4,997730,9,49,1,1,0,0,0
31010,99,39,47,1,4,997730,9,49,1,1,0,0,0
31020,99,39,47,1,4,997730,9,49,1,1,0,0,0
31030,99,39,47,1,4,997730,9,49,1,1,0,0,0
31040,99,39,47,1,4,997730,9,49,1,1,0,0,0
31050,99,39,47,1,4,997730,9,49,1,1,0,0,0
31060,99,39,47,1,4,997730,9,49,1,1,0,0,0
31070,99,39,47,1,4,997730,9,49,1,1,0,0,0
31080,99,39,47,1,4,997730,9,49,1,1,0,0,0
31090,99,39,47,1,4,997730,9,49,1,1,0,0,0
31100,99,39,47,1,4,997730,9,49,1,1,0,0,0
31110,99,38,47,1,5,997730,9,48,1,1,0,0,0
31120,99,38,47,1,5,997730,9,48,1,1,0,0,0
31130,99,38,47,1,5,997730,9,48,1,1,0,0,0
31140,99,38,47,1,5,997730,9,48,1,1,0,0,0
31150,99,38,47,1,5,997730,9,48,1,1,0,0,0
31160,99,38,47,1,5,997730,9,48,1,1,0,0,0
31170,99,38,47,1,5,997730,9,48,1,1,0,0,0
31180,99,38,47,1,5,997730,9,48,1,1,0,0,0
31190,99,38,47,1,5,997730,9,48,1,1,0,0,0
31200,99,38,47,1,5,997730,9,48,1,1,0,0,0
31210,99,38,47,1,5,997730,9,48,1,1,0,0,0
31220,99,38,47,1,5,997730,9,48,1,1,0,0,0
31230,99,38,47,1,5,997730,9,48,1,1,0,0,0
31240,99,38,47,1,5,997730,9,48,1,1,0,0,0
31250,99,37,47,1,6,997730,9,47,1,1,0,0,0
31260,99,37,47,1,6,997730,9,47,1,1,0,0,0
31270,99,37,47,1,6,997730,9,47,1,1,0,0,0
31280,99,37,47,1,6,997730,9,47,1,1,0,0,0
31290,99,37,47,1,6,997730,9,47,1,1,0,0,0
31300,99,37,47,1,6,997730,9,47,1,1,0,0,0
31310,99,37,47,1,6,997730,9,47,1,1,0,0,0
31320,99,37,47,1,6,997730,9,47,1,1,0,0,0
31330,99,37,47,1,6,997730,9,47,1,1,0,0,0
31340,99,37,47,1,6,997730,9,47,1,1,0,0,0
31350,99,37,47,1,6,997730,9,47,1,1,0,0,0
31360,99,37,47,1,6,997730,9,47,1,1,0,0,0
31370,99,37,47,1,6,997730,9,47,1,1,0,0,0
31380,99,37,47,1,6,997730,9,47,1,1,0,0,0
31390,99,37,47,1,6,997730,9,47,1,1,0,0,0
31400,99,37,47,1,6,997730,9,47,1,1,0,0,0
31410,99,37,47,1,6,997730,9,47,1,1,0,0,0
31420,99,37,47,1,6,997730,9,47,1,1,0,0,0
31430,99,37,47,1,6,997730,9,47,1,1,0,0,0
31440,99,37,47,1,6,997730,9,47,1,1,0,0,0
31450,99,37,47,1,6,997730,9,47,1,1,0,0,0
31460,99,37,47,1,6,997730,9,47,1,1,0,0,0
31470,99,37,47,1,6,997730,9,47,1,1,0,0,0
31480,99,37,47,1,6,997730,9,47,1,1,0,0,0
31490,99,37,47,1,6,997730,9,47,1,1,0,0,0
31500,99,37,47,1,6,997730,9,47,1,1,0,0,0
31510,99,37,47,1,6,997730,9,47,1,1,0,0,0
31520,99,37,47,1,6,997730,9,47,1,1,0,0,0
31530,99,37,47,1,6,997730,9,47,1,1,0,0,0
31540,99,37,47,1,6,997730,9,47,1,1,0,0,0
31550,99,37,47,1,6,997730,9,47,1,1,0,0,0
31560,99,37,47,1,6,997730,9,47,1,1,0,0,0
31570,99,37,47,1,6,997730,9,47,1,1,0,0,0
31580,99,37,47,1,6,997730,9,47,1,1,0,0,0
31590,99,37,47,1,6,997730,9,47,1,1,0,0,0
31600,99,37,47,1,6,997730,9,47,1,1,0,0,0
31610,99,37,47,1,6,997730,9,47,1,1,0,0,0
31620,99,37,47,1,6,997730,9,47,1,1,0,0,0
31630,99,37,47,1,6,997730,9,47,1,1,0,0,0
31640,99,37,47,1,6,997730,9,47,1,1,0,0,0
31650,99,37,47,1,6,997730,9,47,1,1,0,0,0
31660,99,37,47,1,6,997730,9,47,1,1,0,0,0
31670,99,37,47,1,6,997730,9,47,1,1,0,0,0
31680,99,37,47,1,6,997730,9,47,1,1,0,0,0
31690,99,37,47,1,6,997730,9,47,1,1,0,0,0
31700,99,37,47,1,6,997730,9,47,1,1,0,0,0
31710,99,37,47,1,6,997730,9,47,1,1,0,0,0
31720,99,37,47,1,6,997730,9,47,1,1,0,0,0
31730,98,37,47,2,6,997730,8,47,1,1,0,0,0
31740,98,37,47,2,6,997730,8,47,1,1,0,0,0
31750,98,37,47,2,6,997730,8,47,1,1,0,0,0
31760,97,37,47,3,6,997730,7,47,1,1,0,0,0
31770,97,37,47,3,6,997730,7,47,1,1,0,0,0
31780,97,37,47,3,6,997730,7,47,1,1,0,0,0
31790,97,37,47,3,6,997730,7,47,1,1,0,0,0
31800,97,37,47,3,6,997730,7,47,1,1,0,0,0
31810,97,37,47,3,6,997730,7,47,1,1,0,0,0
31820,97,37,47,3,6,997730,7,47,1,1,0,0,0
31830,97,37,47,3,6,997730,7,47,1,1,0,0,0
31840,97,37,47,3,6,997730,7,47,1,1,0,0,0
31850,97,37,47,3,6,997730,7,47,1,1,0,0,0
31860,97,37,47,3,6,997730,7,47,1,1,0,0,0
31870,96,37,47,4,6,997730,6,47,1,1,0,0,0
31880,96,37,47,4,6,997730,6,47,1,1,0,0,0
31890,96,37,47,4,6,997730,6,47,1,1,0,0,0
31900,96,37,47,4,6,997730,6,47,1,1,0,0,0
31910,96,37,47,4,6,997730,6,47,1,1,0,0,0
31920,96,37,47,4,6,997730,6,47,1,1,0,0,0
31930,96,37,47,4,6,997730,6,47,1,1,0,0,0
31940,96,37,47,4,6,997730,6,47,1,1,0,0,0
31950,96,37,47,4,6,997730,6,47,1,1,0,0,0
31960,96,37,47,4,6,997730,6,47,1,1,0,0,0
31970,97,38,48,3,5,997700,6,47,1,1,0,0,0
31980,97,38,48,3,5,997700,6,47,1,1,0,0,0
31990,97,38,48,3,5,997700,6,47,1,1,0,0,0
32000,97,38,48,3,5,997700,6,47,1,1,0,0,0
32010,97,38,48,3,5,997700,6,47,1,1,0,0,0
32020,97,38,48,3,5,997700,6,47,1,1,0,0,0
32030,97,38,48,3,5,997700,6,47,1,1,0,0,0
32040,97,38,48,3,5,997700,6,47,1,1,0,0,0
32050,97,38,48,3,5,997700,6,47,1,1,0,0,0
32060,97,38,48,3,5,997700,6,47,1,1,0,0,0
32070,97,38,48,3,5,997700,6,47,1,1,0,0,0
32080,97,38,48,3,5,997700,6,47,1,1,0,0,0
32090,97,38,48,3,5,997700,6,47,1,1,0,0,0
32100,97,38,48,3,5,997700,6,47,1,1,0,0,0
32110,97,38,48,3,5,997700,6,47,1,1,0,0,0
32120,97,38,48,3,5,997700,6,47,1,1,0,0,0
32130,97,38,48,3,5,997700,6,47,1,1,0,0,0
32140,97,38,48,3,5,997700,6,47,1,1,0,0,0
32150,97,38,48,3,5,997700,6,47,1,1,0,0,0
32160,97,38,48,3,5,997700,6,47,1,1,0,0,0
32170,97,38,48,3,5,997700,6,47,1,1,0,0,0
32180,97,38,48,3,5,997700,6,47,1,1,0,0,0
32190,98,39,49,2,4,997670,6,47,1,1,0,0,0
32200,98,39,49,2,4,997670,6,47,1,1,0,0,0
32210,98,39,49,2,4,997670,6,47,1,1,0,0,0
32220,98,39,49,2,4,997670,6,47,1,1,0,0,0
32230,98,39,49,2,4,997670,6,47,1,1,0,0,0
32240,98,39,49,2,4,997670,6,47,1,1,0,0,0
32250,98,39,49,2,4,997670,6,47,1,1,0,0,0
32260,98,39,49,2,4,997670,6,47,1,1,0,0,0
32270,98,39,49,2,4,997670,6,47,1,1,0,0,0
32280,98,39,49,2,4,997670,6,47,1,1,0,0,0
32290,98,39,49,2,4,997670,6,47,1,1,0,0,0
32300,98,39,49,2,4,997670,6,47,1,1,0,0,0
32310,98,39,49,2,4,997670,6,47,1,1,0,0,0
32320,98,39,49,2,4,997670,6,47,1,1,0,0,0
32330,98,39,49,2,4,997670,6,47,1,1,0,0,0
32340,98,39,49,2,4,997670,6,47,1,1,0,0,0
32350,98,39,49,2,4,997670,6,47,1,1,0,0,0
32360,99,40,50,1,3,997640,6,47,1,1,0,0,0
32370,99,40,50,1,3,997640,6,47,1,1,0,0,0
32380,99,40,50,1,3,997640,6,47,1,1,0,0,0
32390,99,40,50,1,3,997640,6,47,1,1,0,0,0
32400,99,40,50,1,3,997640,6,47,1,1,0,0,0
32410,99,40,50,1,3,997640,6,47,1,1,0,0,0
32420,99,40,50,1,3,997640,6,47,1,1,0,0,0
32430,99,40,50,1,3,997640,6,47,1,1,0,0,0
32440,99,40,50,1,3,997640,6,47,1,1,0,0,0
32450,99,40,50,1,3,997640,6,47,1,1,0,0,0
32460,99,40,50,1,3,997640,6,47,1,1,0,0,0
32470,99,40,50,1,3,997640,6,47,1,1,0,0,0
32480,99,40,50,1,3,997640,6,47,1,1,0,0,0
32490,99,40,50,1,3,997640,6,47,1,1,0,0,0
32500,99,40,50,1,3,997640,6,47,1,1,0,0,0
32510,99,40,50,1,3,997640,6,47,1,1,0,0,0
32520,99,40,50,1,3,997640,6,47,1,1,0,0,0
32530,99,40,50,1,3,997640,6,47,1,1,0,0,0
32540,99,40,50,1,3,997640,6,47,1,1,0,0,0
32550,99,40,50,1,3,997640,6,47,1,1,0,0,0
32560,99,40,50,1,3,997640,6,47,1,1,0,0,0
32570,99,40,50,1,3,997640,6,47,1,1,0,0,0
32580,99,40,50,1,3,997640,6,47,1,1,0,0,0
32590,99,40,50,1,3,997640,6,47,1,1,0,0,0
32600,99,40,50,1,3,997640,6,47,1,1,0,0,0
32610,99,40,50,1,3,997640,6,47,1,1,0,0,0
32620,99,40,50,1,3,997640,6,47,1,1,0,0,0
32630,99,40,50,1,3,997640,6,47,1,1,0,0,0
32640,99,40,50,1,3,997640,6,47,1,1,0,0,0
32650,99,40,50,1,3,997640,6,47,1,1,0,0,0
32660,99,40,50,1,3,997640,6,47,1,1,0,0,0
32670,99,40,50,1,3,997640,6,47,1,1,0,0,0
32680,99,40,50,1,3,997640,6,47,1,1,0,0,0
32690,99,40,50,1,3,997640,6,47,1,1,0,0,0
32700,99,40,50,1,3,997640,6,47,1,1,0,0,0
32710,99,40,50,1,3,997640,6,47,1,1,0,0,0
32720,99,40,50,1,3,997640,6,47,1,1,0,0,0
32730,99,40,50,1,3,997640,6,47,1,1,0,0,0
32740,99,40,50,1,3,997640,6,47,1,1,0,0,0
32750,99,40,50,1,3,997640,6,47,1,1,0,0,0
32760,99,40,50,1,3,997640,6,47,1,1,0,0,0
32770,99,40,50,1,3,997640,6,47,1,1,0,0,0
32780,99,40,50,1,3,997640,6,47,1,1,0,0,0
32790,99,40,50,1,3,997640,6,47,1,1,0,0,0
32800,99,40,50,1,3,997640,6,47,1,1,0,0,0
32810,99,40,50,1,3,997640,6,47,1,1,0,0,0
32820,99,40,50,1,3,997640,6,47,1,1,0,0,0
32830,99,40,50,1,3,997640,6,47,1,1,0,0,0
32840,99,40,50,1,3,997640,6,47,1,1,0,0,0
32850,99,40,50,1,3,997640,6,47,1,1,0,0,0
32860,99,41,51,1,2,997610,5,47,1,1,0,0,0
32870,99,41,51,1,2,997610,5,47,1,1,0,0,0
32880,99,41,51,1,2,997610,5,47,1,1,0,0,0
32890,99,41,51,1,2,997610,5,47,1,1,0,0,0
32900,99,41,51,1,2,997610,5,47,1,1,0,0,0
32910,99,41,51,1,2,997610,5,47,1,1,0,0,0
32920,99,41,51,1,2,997610,5,47,1,1,0,0,0
32930,99,41,51,1,2,997610,5,47,1,1,0,0,0
32940,99,41,51,1,2,997610,5,47,1,1,0,0,0
32950,99,41,51,1,2,997610,5,47,1,1,0,0,0
32960,99,41,51,1,2,997610,5,47,1,1,0,0,0
32970,99,41,51,1,2,997610,5,47,1,1,0,0,0
32980,99,41,51,1,2,997610,5,47,1,1,0,0,0
32990,99,41,51,1,2,997610,5,47,1,1,0,0,0
33000,99,41,51,1,2,997610,5,47,1,1,0,0,0
33010,99,41,51,1,2,997610,5,47,1,1,0,0,0
33020,99,41,51,1,2,997610,5,47,1,1,0,0,0
33030,99,41,51,1,2,997610,5,47,1,1,0,0,0
33040,99,41,51,1,2,997610,5,47,1,1,0,0,0
33050,99,41,51,1,2,997610,5,47,1,1,0,0,0
33060,99,41,51,1,2,997610,5,47,1,1,0,0,0
33070,99,41,51,1,2,997610,5,47,1,1,0,0,0
33080,99,41,51,1,2,997610,5,47,1,1,0,0,0
33090,99,41,51,1,2,997610,5,47,1,1,0,0,0
33100,99,41,51,1,2,997610,5,47,1,1,0,0,0
33110,99,41,51,1,2,997610,5,47,1,1,0,0,0
33120,99,41,51,1,2,997610,5,47,1,1,0,0,0
33130,99,41,51,1,2,997610,5,47,1,1,0,0,0
33140,99,41,51,1,2,997610,5,47,1,1,0,0,0
33150,99,41,51,1,2,997610,5,47,1,1,0,0,0
33160,99,41,51,1,2,997610,5,47,1,1,0,0,0
33170,99,41,51,1,2,997610,5,47,1,1,0,0,0
33180,99,41,51,1,2,997610,5,47,1,1,0,0,0
33190,99,41,51,1,2,997610,5,47,1,1,0,0,0
33200,99,41,51,1,2,997610,5,47,1,1,0,0,0
33210,99,41,51,1,2,997610,5,47,1,1,0,0,0
33220,99,40,51,1,3,997610,5,46,1,1,0,0,0
33230,99,40,51,1,3,997610,5,46,1,1,0,0,0
33240,99,40,51,1,3,997610,5,46,1,1,0,0,0
33250,99,40,51,1,3,997610,5,46,1,1,0,0,0
33260,99,40,51,1,3,997610,5,46,1,1,0,0,0
33270,99,40,51,1,3,997610,5,46,1,1,0,0,0
33280,99,40,51,1,3,997610,5,46,1,1,0,0,0
33290,99,40,51,1,3,997610,5,46,1,1,0,0,0
33300,99,40,51,1,3,997610,5,46,1,1,0,0,0
33310,99,40,51,1,3,997610,5,46,1,1,0,0,0
33320,99,40,51,1,3,997610,5,46,1,1,0,0,0
33330,99,40,51,1,3,997610,5,46,1,1,0,0,0
33340,99,40,51,1,3,997610,5,46,1,1,0,0,0
33350,99,40,51,1,3,997610,5,46,1,1,0,0,0
33360,99,40,51,1,3,997610,5,46,1,1,0,0,0
33370,99,40,51,1,3,997610,5,46,1,1,0,0,0
33380,99,40,51,1,3,997610,5,46,1,1,0,0,0
33390,99,40,51,1,3,997610,5,46,1,1,0,0,0
33400,99,40,51,1,3,997610,5,46,1,1,0,0,0
33410,99,40,51,1,3,997610,5,46,1,1,0,0,0
33420,99,40,51,1,3,997610,5,46,1,1,0,0,0
33430,99,40,51,1,3,997610,5,46,1,1,0,0,0
33440,99,40,51,1,3,997610,5,46,1,1,0,0,0
33450,99,40,51,1,3,997610,5,46,1,1,0,0,0
33460,99,40,51,1,3,997610,5,46,1,1,0,0,0
33470,99,40,51,1,3,997610,5,46,1,1,0,0,0
33480,99,40,51,1,3,997610,5,46,1,1,0,0,0
33490,99,40,51,1,3,997610,5,46,1,1,0,0,0
33500,99,40,51,1,3,997610,5,46,1,1,0,0,0
33510,99,40,51,1,3,997610,5,46,1,1,0,0,0
33520,99,40,51,1,3,997610,5,46,1,1,0,0,0
33530,99,40,51,1,3,997610,5,46,1,1,0,0,0
33540,99,40,51,1,3,997610,5,46,1,1,0,0,0
33550,99,40,51,1,3,997610,5,46,1,1,0,0,0
33560,99,40,51,1,3,997610,5,46,1,1,0,0,0
33570,99,40,51,1,3,997610,5,46,1,1,0,0,0
33580,100,41,52,0,2,997580,5,46,1,1,0,0,0
33590,100,41,52,0,2,997580,5,46,1,1,0,0,0
33600,100,41,52,0,2,997580,5,46,1,1,0,0,0
33610,100,41,52,0,2,997580,5,46,1,1,0,0,0
33620,100,41,52,0,2,997580,5,46,1,1,0,0,0
33630,100,41,52,0,2,997580,5,46,1,1,0,0,0
33640,100,41,52,0,2,997580,5,46,1,1,0,0,0
33650,100,41,52,0,2,997580,5,46,1,1,0,0,0
33660,100,41,52,0,2,997580,5,46,1,1,0,0,0
33670,100,41,52,0,2,997580,5,46,1,1,0,0,0
33680,100,41,52,0,2,997580,5,46,1,1,0,0,0
33690,100,41,52,0,2,997580,5,46,1,1,0,0,0
33700,100,41,52,0,2,997580,5,46,1,1,0,0,0
33710,100,41,52,0,2,997580,5,46,1,1,0,0,0
33720,100,41,52,0,2,997580,5,46,1,1,0,0,0
33730,100,41,52,0,2,997580,5,46,1,1,0,0,0
33740,100,41,52,0,2,997580,5,46,1,1,0,0,0
33750,100,41,52,0,2,997580,5,46,1,1,0,0,0
33760,100,41,52,0,2,997580,5,46,1,1,0,0,0
33770,100,41,52,0,2,997580,5,46,1,1,0,0,0
33780,100,41,52,0,2,997580,5,46,1,1,0,0,0
33790,100,41,52,0,2,997580,5,46,1,1,0,0,0
33800,100,41,52,0,2,997580,5,46,1,1,0,0,0
33810,100,41,52,0,2,997580,5,46,1,1,0,0,0
33820,100,41,52,0,2,997580,5,46,1,1,0,0,0
33830,100,41,52,0,2,997580,5,46,1,1,0,0,0
33840,100,41,52,0,2,997580,5,46,1,1,0,0,0
33850,100,41,52,0,2,997580,5,46,1,1,0,0,0
33860,100,41,52,0,2,997580,5,46,1,1,0,0,0
33870,100,41,52,0,2,997580,5,46,1,1,0,0,0
33880,100,41,52,0,2,997580,5,46,1,1,0,0,0
33890,100,41,52,0,2,997580,5,46,1,1,0,0,0
33900,100,41,52,0,2,997580,5,46,1,1,0,0,0
33910,100,41,52,0,2,997580,5,46,1,1,0,0,0
33920,100,41,52,0,2,997580,5,46,1,1,0,0,0
33930,100,41,52,0,2,997580,5,46,1,1,0,0,0
33940,100,41,52,0,2,997580,5,46,1,1,0,0,0
33950,100,41,52,0,2,997580,5,46,1,1,0,0,0
33960,100,41,52,0,2,997580,5,46,1,1,0,0,0
33970,100,41,52,0,2,997580,5,46,1,1,0,0,0
33980,100,41,52,0,2,997580,5,46,1,1,0,0,0
33990,100,41,52,0,2,997580,5,46,1,1,0,0,0
34000,100,41,52,0,2,997580,5,46,1,1,0,0,0
34010,100,41,52,0,2,997580,5,46,1,1,0,0,0
34020,100,40,52,0,3,997580,5,45,1,1,0,0,0
34030,100,40,52,0,3,997580,5,45,1,1,0,0,0
34040,100,40,52,0,3,997580,5,45,1,1,0,0,0
34050,100,40,52,0,3,997580,5,45,1,1,0,0,0
34060,100,40,52,0,3,997580,5,45,1,1,0,0,0
34070,100,40,52,0,3,997580,5,45,1,1,0,0,0
34080,100,40,52,0,3,997580,5,45,1,1,0,0,0
34090,100,40,52,0,3,997580,5,45,1,1,0,0,0
34100,100,39,52,0,4,997580,5,44,1,1,0,0,0
34110,100,39,52,0,4,997580,5,44,1,1,0,0,0
34120,100,39,52,0,4,997580,5,44,1,1,0,0,0
34130,100,38,52,0,5,997580,5,43,1,1,0,0,0
34140,100,38,52,0,5,997580,5,43,1,1,0,0,0
34150,100,38,52,0,5,997580,5,43,1,1,0,0,0
34160,100,37,52,0,6,997580,5,42,1,1,0,0,0
34170,100,37,52,0,6,997580,5,42,1,1,0,0,0
34180,100,37,52,0,6,997580,5,42,1,1,0,0,0
34190,100,37,52,0,6,997580,5,42,1,1,0,0,0
34200,100,37,52,0,6,997580,5,42,1,1,0,0,0
34210,100,37,52,0,6,997580,5,42,1,1,0,0,0
34220,100,37,52,0,6,997580,5,42,1,1,0,0,0
34230,100,37,52,0,6,997580,5,42,1,1,0,0,0
34240,100,37,52,0,6,997580,5,42,1,1,0,0,0
34250,100,37,52,0,6,997580,5,42,1,1,0,0,0
34260,100,37,52,0,6,997580,5,42,1,1,0,0,0
34270,100,37,52,0,6,997580,5,42,1,1,0,0,0
34280,100,37,52,0,6,997580,5,42,1,1,0,0,0
34290,100,37,52,0,6,997580,5,42,1,1,0,0,0
34300,100,37,52,0,6,997580,5,42,1,1,0,0,0
34310,100,37,52,0,6,997580,5,42,1,1,0,0,0
34320,100,37,52,0,6,997580,5,42,1,1,0,0,0
34330,100,37,52,0,6,997580,5,42,1,1,0,0,0
34340,100,37,52,0,6,997580,5,42,1,1,0,0,0
34350,100,37,52,0,6,997580,5,42,1,1,0,0,0
34360,100,37,52,0,6,997580,5,42,1,1,0,0,0
34370,100,37,52,0,6,997580,5,42,1,1,0,0,0
34380,100,37,52,0,6,997580,5,42,1,1,0,0,0
34390,100,37,52,0,6,997580,5,42,1,1,0,0,0
34400,100,37,52,0,6,997580,5,42,1,1,0,0,0
34410,100,37,52,0,6,997580,5,42,1,1,0,0,0
34420,100,37,52,0,6,997580,5,42,1,1,0,0,0
34430,100,37,52,0,6,997580,5,42,1,1,0,0,0
34440,100,37,52,0,6,997580,5,42,1,1,0,0,0
34450,100,37,52,0,6,997580,5,42,1,1,0,0,0
34460,100,37,52,0,6,997580,5,42,1,1,0,0,0
34470,100,37,52,0,6,997580,5,42,1,1,0,0,0
34480,100,37,52,0,6,997580,5,42,1,1,0,0,0
34490,100,37,52,0,6,997580,5,42,1,1,0,0,0
34500,100,37,52,0,6,997580,5,42,1,1,0,0,0
34510,100,37,52,0,6,997580,5,42,1,1,0,0,0
34520,100,37,52,0,6,997580,5,42,1,1,0,0,0
34530,100,37,52,0,6,997580,5,42,1,1,0,0,0
34540,100,37,52,0,6,997580,5,42,1,1,0,0,0
34550,100,37,52,0,6,997580,5,42,1,1,0,0,0
34560,100,37,52,0,6,997580,5,42,1,1,0,0,0
34570,100,37,52,0,6,997580,5,42,1,1,0,0,0
34580,100,36,52,0,7,997580,5,41,1,1,0,0,0
34590,100,36,52,0,7,997580,5,41,1,1,0,0,0
34600,100,36,52,0,7,997580,5,41,1,1,0,0,0
34610,100,36,52,0,7,997580,5,41,1,1,0,0,0
34620,100,36,52,0,7,997580,5,41,1,1,0,0,0
34630,100,36,52,0,7,997580,5,41,1,1,0,0,0
34640,100,36,52,0,7,997580,5,41,1,1,0,0,0
34650,100,36,52,0,7,997580,5,41,1,1,0,0,0
34660,100,36,52,0,7,997580,5,41,1,1,0,0,0
34670,100,36,52,0,7,997580,5,41,1,1,0,0,0
34680,100,36,52,0,7,997580,5,41,1,1,0,0,0
34690,100,36,52,0,7,997580,5,41,1,1,0,0,0
34700,100,36,52,0,7,997580,5,41,1,1,0,0,0
34710,100,35,52,0,8,997580,5,40,1,1,0,0,0
34720,100,35,52,0,8,997580,5,40,1,1,0,0,0
34730,100,35,52,0,8,997580,5,40,1,1,0,0,0
34740,100,34,52,0,9,997580,5,39,1,1,0,0,0
34750,100,34,52,0,9,997580,5,39,1,1,0,0,0
34760,100,34,52,0,9,997580,5,39,1,1,0,0,0
34770,100,34,52,0,9,997580,5,39,1,1,0,0,0
34780,100,34,52,0,9,997580,5,39,1,1,0,0,0
34790,100,34,52,0,9,997580,5,39,1,1,0,0,0
34800,100,34,52,0,9,997580,5,39,1,1,0,0,0
34810,100,34,52,0,9,997580,5,39,1,1,0,0,0
34820,100,34,52,0,9,997580,5,39,1,1,0,0,0
34830,100,34,52,0,9,997580,5,39,1,1,0,0,0
34840,100,34,52,0,9,997580,5,39,1,1,0,0,0
34850,100,34,52,0,9,997580,5,39,1,1,0,0,0
34860,100,34,52,0,9,997580,5,39,1,1,0,0,0
34870,100,34,52,0,9,997580,5,39,1,1,0,0,0
34880,100,34,52,0,9,997580,5,39,1,1,0,0,0
34890,100,34,52,0,9,997580,5,39,1,1,0,0,0
34900,100,34,52,0,9,997580,5,39,1,1,0,0,0
34910,100,34,52,0,9,997580,5,39,1,1,0,0,0
34920,100,34,52,0,9,997580,5,39,1,1,0,0,0
34930,100,34,52,0,9,997580,5,39,1,1,0,0,0
34940,100,34,52,0,9,997580,5,39,1,1,0,0,0
34950,100,34,52,0,9,997580,5,39,1,1,0,0,0
34960,100,34,52,0,9,997580,5,39,1,1,0,0,0
34970,100,34,52,0,9,997580,5,39,1,1,0,0,0
34980,100,34,52,0,9,997580,5,39,1,1,0,0,0
34990,100,34,52,0,9,997580,5,39,1,1,0,0,0
35000,100,34,52,0,9,997580,5,39,1,1,0,0,0
35010,100,34,52,0,9,997580,5,39,1,1,0,0,0
35020,100,34,52,0,9,997580,5,39,1,1,0,0,0
35030,100,34,52,0,9,997580,5,39,1,1,0,0,0
35040,100,34,52,0,9,997580,5,39,1,1,0,0,0
35050,100,34,52,0,9,997580,5,39,1,1,0,0,0
35060,100,34,52,0,9,997580,5,39,1,1,0,0,0
35070,100,34,52,0,9,997580,5,39,1,1,0,0,0
35080,100,34,52,0,9,997580,5,39,1,1,0,0,0
35090,100,34,52,0,9,997580,5,39,1,1,0,0,0
35100,100,34,52,0,9,997580,5,39,1,1,0,0,0
35110,100,34,52,0,9,997580,5,39,1,1,0,0,0
35120,100,34,52,0,9,997580,5,39,1,1,0,0,0
35130,100,34,52,0,9,997580,5,39,1,1,0,0,0
35140,100,34,52,0,9,997580,5,39,1,1,0,0,0
35150,100,34,52,0,9,997580,5,39,1,1,0,0,0
35160,100,34,52,0,9,997580,5,39,1,1,0,0,0
35170,100,34,52,0,9,997580,5,39,1,1,0,0,0
35180,100,34,52,0,9,997580,5,39,1,1,0,0,0
35190,100,34,52,0,9,997580,5,39,1,1,0,0,0
35200,100,34,52,0,9,997580,5,39,1,1,0,0,0
35210,100,34,52,0,9,997580,5,39,1,1,0,0,0
35220,100,34,52,0,9,997580,5,39,1,1,0,0,0
35230,100,34,52,0,9,997580,5,39,1,1,0,0,0
35240,100,34,52,0,9,997580,5,39,1,1,0,0,0
35250,100,34,52,0,9,997580,5,39,1,1,0,0,0
35260,100,34,52,0,9,997580,5,39,1,1,0,0,0
35270,100,34,52,0,9,997580,5,39,1,1,0,0,0
35280,100,34,52,0,9,997580,5,39,1,1,0,0,0
35290,100,34,52,0,9,997580,5,39,1,1,0,0,0
35300,100,34,52,0,9,997580,5,39,1,1,0,0,0
35310,100,34,52,0,9,997580,5,39,1,1,0,0,0
35320,100,34,52,0,9,997580,5,39,1,1,0,0,0
35330,100,34,52,0,9,997580,5,39,1,1,0,0,0
35340,100,34,52,0,9,997580,5,39,1,1,0,0,0
35350,100,34,52,0,9,997580,5,39,1,1,0,0,0
35360,100,34,52,0,9,997580,5,39,1,1,0,0,0
35370,100,34,52,0,9,997580,5,39,1,1,0,0,0
35380,100,34,52,0,9,997580,5,39,1,1,0,0,0
35390,100,34,52,0,9,997580,5,39,1,1,0,0,0
35400,100,34,52,0,9,997580,5,39,1,1,0,0,0
35410,100,34,52,0,9,997580,5,39,1,1,0,0,0
35420,100,34,52,0,9,997580,5,39,1,1,0,0,0
35430,100,34,52,0,9,997580,5,39,1,1,0,0,0
35440,100,34,52,0,9,997580,5,39,1,1,0,0,0
35450,100,34,52,0,9,997580,5,39,1,1,0,0,0
35460,100,34,52,0,9,997580,5,39,1,1,0,0,0
35470,100,34,52,0,9,997580,5,39,1,1,0,0,0
35480,100,34,52,0,9,997580,5,39,1,1,0,0,0
35490,100,34,52,0,9,997580,5,39,1,1,0,0,0
35500,100,34,52,0,9,997580,5,39,1,1,0,0,0
35510,100,34,52,0,9,997580,5,39,1,1,0,0,0
35520,100,34,52,0,9,997580,5,39,1,1,0,0,0
35530,100,34,52,0,9,997580,5,39,1,1,0,0,0
35540,100,33,52,0,10,997580,5,38,1,1,0,0,0
35550,100,33,52,0,10,997580,5,38,1,1,0,0,0
35560,100,33,52,0,10,997580,5,38,1,1,0,0,0
35570,100,33,52,0,10,997580,5,38,1,1,0,0,0
35580,100,33,52,0,10,997580,5,38,1,1,0,0,0
35590,100,33,52,0,10,997580,5,38,1,1,0,0,0
35600,100,33,52,0,10,997580,5,38,1,1,0,0,0
35610,100,33,52,0,10,997580,5,38,1,1,0,0,0
35620,100,33,52,0,10,997580,5,38,1,1,0,0,0
35630,100,33,52,0,10,997580,5,38,1,1,0,0,0
35640,100,33,52,0,10,997580,5,38,1,1,0,0,0
35650,100,33,52,0,10,997580,5,38,1,1,0,0,0
35660,100,33,52,0,10,997580,5,38,1,1,0,0,0
35670,100,33,52,0,10,997580,5,38,1,1,0,0,0
35680,100,33,52,0,10,997580,5,38,1,1,0,0,0
35690,100,33,52,0,10,997580,5,38,1,1,0,0,0
35700,100,33,52,0,10,997580,5,38,1,1,0,0,0
35710,100,33,52,0,10,997580,5,38,1,1,0,0,0
35720,100,33,52,0,10,997580,5,38,1,1,0,0,0
35730,100,33,52,0,10,997580,5,38,1,1,0,0,0
35740,100,33,52,0,10,997580,5,38,1,1,0,0,0
35750,100,33,52,0,10,997580,5,38,1,1,0,0,0
35760,100,33,52,0,10,997580,5,38,1,1,0,0,0
35770,100,33,52,0,10,997580,5,38,1,1,0,0,0
35780,100,33,52,0,10,997580,5,38,1,1,0,0,0
35790,100,33,52,0,10,997580,5,38,1,1,0,0,0
35800,100,33,52,0,10,997580,5,38,1,1,0,0,0
35810,100,33,52,0,10,997580,5,38,1,1,0,0,0
35820,100,33,52,0,10,997580,5,38,1,1,0,0,0
35830,100,33,52,0,10,997580,5,38,1,1,0,0,0
35840,100,33,52,0,10,997580,5,38,1,1,0,0,0
35850,100,33,52,0,10,997580,5,38,1,1,0,0,0
35860,100,33,52,0,10,997580,5,38,1,1,0,0,0
35870,100,33,52,0,10,997580,5,38,1,1,0,0,0
35880,100,33,52,0,10,997580,5,38,1,1,0,0,0
35890,100,33,52,0,10,997580,5,38,1,1,0,0,0
35900,100,33,52,0,10,997580,5,38,1,1,0,0,0
35910,100,33,52,0,10,997580,5,38,1,1,0,0,0
35920,100,33,52,0,10,997580,5,38,1,1,0,0,0
35930,100,33,52,0,10,997580,5,38,1,1,0,0,0
35940,100,33,52,0,10,997580,5,38,1,1,0,0,0
35950,100,33,52,0,10,997580,5,38,1,1,0,0,0
35960,100,33,52,0,10,997580,5,38,1,1,0,0,0
35970,100,33,52,0,10,997580,5,38,1,1,0,0,0
35980,100,33,52,0,10,997580,5,38,1,1,0,0,0
35990,100,33,52,0,10,997580,5,38,1,1,0,0,0
36000,100,33,52,0,10,997580,5,38,1,1,0,0,0
36010,100,33,52,0,10,997580,5,38,1,1,0,0,0
36020,100,33,52,0,10,997580,5,38,1,1,0,0,0
36030,100,33,52,0,10,997580,5,38,1,1,0,0,0
36040,100,33,52,0,10,997580,5,38,1,1,0,0,0
36050,100,33,52,0,10,997580,5,38,1,1,0,0,0
36060,100,33,52,0,10,997580,5,38,1,1,0,0,0
36070,100,33,52,0,10,997580,5,38,1,1,0,0,0
36080,100,33,52,0,10,997580,5,38,1,1,0,0,0
36090,100,33,52,0,10,997580,5,38,1,1,0,0,0
36100,100,33,52,0,10,997580,5,38,1,1,0,0,0
36110,100,33,52,0,10,997580,5,38,1,1,0,0,0
36120,100,33,52,0,10,997580,5,38,1,1,0,0,0
36130,100,33,52,0,10,997580,5,38,1,1,0,0,0
36140,100,33,52,0,10,997580,5,38,1,1,0,0,0
36150,100,33,52,0,10,997580,5,38,1,1,0,0,0
36160,100,33,52,0,10,997580,5,38,1,1,0,0,0
36170,100,33,52,0,10,997580,5,38,1,1,0,0,0
36180,100,33,52,0,10,997580,5,38,1,1,0,0,0
36190,100,33,52,0,10,997580,5,38,1,1,0,0,0
36200,100,33,52,0,10,997580,5,38,1,1,0,0,0
36210,100,33,52,0,10,997580,5,38,1,1,0,0,0
36220,100,33,52,0,10,997580,5,38,1,1,0,0,0
36230,100,33,52,0,10,997580,5,38,1,1,0,0,0
36240,100,33,52,0,10,997580,5,38,1,1,0,0,0
36250,100,33,52,0,10,997580,5,38,1,1,0,0,0
36260,100,33,52,0,10,997580,5,38,1,1,0,0,0
36270,100,33,52,0,10,997580,5,38,1,1,0,0,0
36280,100,33,52,0,10,997580,5,38,1,1,0,0,0
36290,100,33,52,0,10,997580,5,38,1,1,0,0,0
36300,100,33,52,0,10,997580,5,38,1,1,0,0,0
36310,100,33,52,0,10,997580,5,38,1,1,0,0,0
36320,100,33,52,0,10,997580,5,38,1,1,0,0,0
36330,100,33,52,0,10,997580,5,38,1,1,0,0,0
36340,100,33,52,0,10,997580,5,38,1,1,0,0,0
36350,100,33,52,0,10,997580,5,38,1,1,0,0,0
36360,100,33,52,0,10,997580,5,38,1,1,0,0,0
36370,100,33,52,0,10,997580,5,38,1,1,0,0,0
36380,100,33,52,0,10,997580,5,38,1,1,0,0,0
36390,100,33,52,0,10,997580,5,38,1,1,0,0,0
36400,100,33,52,0,10,997580,5,38,1,1,0,0,0
36410,100,33,52,0,10,997580,5,38,1,1,0,0,0
36420,100,33,52,0,10,997580,5,38,1,1,0,0,0
36430,100,33,52,0,10,997580,5,38,1,1,0,0,0
36440,100,33,52,0,10,997580,5,38,1,1,0,0,0
36450,100,33,52,0,10,997580,5,38,1,1,0,0,0
36460,100,32,52,0,11,997580,5,37,1,1,0,0,0
36470,100,32,52,0,11,997580,5,37,1,1,0,0,0
36480,100,32,52,0,11,997580,5,37,1,1,0,0,0
36490,100,32,52,0,11,997580,5,37,1,1,0,0,0
36500,100,32,52,0,11,997580,5,37,1,1,0,0,0
36510,100,32,52,0,11,997580,5,37,1,1,0,0,0
36520,100,32,52,0,11,997580,5,37,1,1,0,0,0
36530,100,32,52,0,11,997580,5,37,1,1,0,0,0
36540,100,32,52,0,11,997580,5,37,1,1,0,0,0
36550,100,32,52,0,11,997580,5,37,1,1,0,0,0
36560,100,32,52,0,11,997580,5,37,1,1,0,0,0
36570,100,32,52,0,11,997580,5,37,1,1,0,0,0
36580,100,32,52,0,11,997580,5,37,1,1,0,0,0
36590,100,32,52,0,11,997580,5,37,1,1,0,0,0
36600,100,32,52,0,11,997580,5,37,1,1,0,0,0
36610,100,32,52,0,11,997580,5,37,1,1,0,0,0
36620,100,32,52,0,11,997580,5,37,1,1,0,0,0
36630,100,32,52,0,11,997580,5,37,1,1,0,0,0
36640,100,32,52,0,11,997580,5,37,1,1,0,0,0
36650,100,32,52,0,11,997580,5,37,1,1,0,0,0
36660,100,31,52,0,12,997580,5,36,1,1,0,0,0
36670,100,31,52,0,12,997580,5,36,1,1,0,0,0
36680,100,31,52,0,12,997580,5,36,1,1,0,0,0
36690,100,31,52,0,12,997580,5,36,1,1,0,0,0
36700,100,31,52,0,12,997580,5,36,1,1,0,0,0
36710,100,31,52,0,12,997580,5,36,1,1,0,0,0
36720,100,31,52,0,12,997580,5,36,1,1,0,0,0
36730,100,31,52,0,12,997580,5,36,1,1,0,0,0
36740,100,31,52,0,12,997580,5,36,1,1,0,0,0
36750,100,31,52,0,12,997580,5,36,1,1,0,0,0
36760,100,31,52,0,12,997580,5,36,1,1,0,0,0
36770,100,31,52,0,12,997580,5,36,1,1,0,0,0
36780,100,31,52,0,12,997580,5,36,1,1,0,0,0
36790,100,31,52,0,12,997580,5,36,1,1,0,0,0
36800,100,31,52,0,12,997580,5,36,1,1,0,0,0
36810,100,31,52,0,12,997580,5,36,1,1,0,0,0
36820,100,31,52,0,12,997580,5,36,1,1,0,0,0
36830,100,31,52,0,12,997580,5,36,1,1,0,0,0
36840,100,31,52,0,12,997580,5,36,1,1,0,0,0
36850,100,31,52,0,12,997580,5,36,1,1,0,0,0
36860,100,31,52,0,12,997580,5,36,1,1,0,0,0
36870,100,31,52,0,12,997580,5,36,1,1,0,0,0
36880,100,31,52,0,12,997580,5,36,1,1,0,0,0
36890,100,31,52,0,12,997580,5,36,1,1,0,0,0
36900,100,31,52,0,12,997580,5,36,1,1,0,0,0
36910,100,31,52,0,12,997580,5,36,1,1,0,0,0
36920,100,31,52,0,12,997580,5,36,1,1,0,0,0
36930,100,31,52,0,12,997580,5,36,1,1,0,0,0
36940,100,31,52,0,12,997580,5,36,1,1,0,0,0
36950,100,31,52,0,12,997580,5,36,1,1,0,0,0
36960,100,31,52,0,12,997580,5,36,1,1,0,0,0
36970,100,31,52,0,12,997580,5,36,1,1,0,0,0
36980,100,31,52,0,12,997580,5,36,1,1,0,0,0
36990,100,31,52,0,12,997580,5,36,1,1,0,0,0
37000,100,31,52,0,12,997580,5,36,1,1,0,0,0
37010,100,31,52,0,12,997580,5,36,1,1,0,0,0
37020,100,31,52,0,12,997580,5,36,1,1,0,0,0
37030,100,31,52,0,12,997580,5,36,1,1,0,0,0
37040,100,31,52,0,12,997580,5,36,1,1,0,0,0
37050,100,31,52,0,12,997580,5,36,1,1,0,0,0
37060,100,31,52,0,12,997580,5,36,1,1,0,0,0
37070,100,31,52,0,12,997580,5,36,1,1,0,0,0
37080,100,31,52,0,12,997580,5,36,1,1,0,0,0
37090,100,31,52,0,12,997580,5,36,1,1,0,0,0
37100,100,31,52,0,12,997580,5,36,1,1,0,0,0
37110,100,31,52,0,12,997580,5,36,1,1,0,0,0
37120,100,31,52,0,12,997580,5,36,1,1,0,0,0
37130,100,31,52,0,12,997580,5,36,1,1,0,0,0
37140,100,31,52,0,12,997580,5,36,1,1,0,0,0
37150,100,31,52,0,12,997580,5,36,1,1,0,0,0
37160,100,31,52,0,12,997580,5,36,1,1,0,0,0
37170,100,31,52,0,12,997580,5,36,1,1,0,0,0
37180,100,31,52,0,12,997580,5,36,1,1,0,0,0
37190,100,31,52,0,12,997580,5,36,1,1,0,0,0
37200,100,31,52,0,12,997580,5,36,1,1,0,0,0
37210,100,31,52,0,12,997580,5,36,1,1,0,0,0
37220,100,31,52,0,12,997580,5,36,1,1,0,0,0
37230,100,31,52,0,12,997580,5,36,1,1,0,0,0
37240,100,31,52,0,12,997580,5,36,1,1,0,0,0
37250,100,31,52,0,12,997580,5,36,1,1,0,0,0
37260,100,31,52,0,12,997580,5,36,1,1,0,0,0
37270,100,31,52,0,12,997580,5,36,1,1,0,0,0
37280,100,31,52,0,12,997580,5,36,1,1,0,0,0
37290,100,31,52,0,12,997580,5,36,1,1,0,0,0
37300,100,31,52,0,12,997580,5,36,1,1,0,0,0
37310,100,31,52,0,12,997580,5,36,1,1,0,0,0
37320,100,31,52,0,12,997580,5,36,1,1,0,0,0
37330,100,31,52,0,12,997580,5,36,1,1,0,0,0
37340,100,31,52,0,12,997580,5,36,1,1,0,0,0
37350,100,31,52,0,12,997580,5,36,1,1,0,0,0
37360,100,31,52,0,12,997580,5,36,1,1,0,0,0
37370,100,31,52,0,12,997580,5,36,1,1,0,0,0
37380,100,31,52,0,12,997580,5,36,1,1,0,0,0
37390,100,31,52,0,12,997580,5,36,1,1,0,0,0
37400,100,31,52,0,12,997580,5,36,1,1,0,0,0
37410,100,31,52,0,12,997580,5,36,1,1,0,0,0
37420,100,31,52,0,12,997580,5,36,1,1,0,0,0
37430,100,31,52,0,12,997580,5,36,1,1,0,0,0
37440,100,31,52,0,12,997580,5,36,1,1,0,0,0
37450,100,31,52,0,12,997580,5,36,1,1,0,0,0
37460,100,31,52,0,12,997580,5,36,1,1,0,0,0
37470,100,31,52,0,12,997580,5,36,1,1,0,0,0
37480,100,31,52,0,12,997580,5,36,1,1,0,0,0
37490,100,31,52,0,12,997580,5,36,1,1,0,0,0
37500,100,31,52,0,12,997580,5,36,1,1,0,0,0
37510,100,31,52,0,12,997580,5,36,1,1,0,0,0
37520,100,31,52,0,12,997580,5,36,1,1,0,0,0
37530,100,31,52,0,12,997580,5,36,1,1,0,0,0
37540,100,31,52,0,12,997580,5,36,1,1,0,0,0
37550,100,31,52,0,12,997580,5,36,1,1,0,0,0
37560,100,31,52,0,12,997580,5,36,1,1,0,0,0
37570,99,31,52,1,12,997580,4,36,1,1,0,0,0
37580,99,31,52,1,12,997580,4,36,1,1,0,0,0
37590,99,31,52,1,12,997580,4,36,1,1,0,0,0
37600,99,31,52,1,12,997580,4,36,1,1,0,0,0
37610,99,31,52,1,12,997580,4,36,1,1,0,0,0
37620,99,31,52,1,12,997580,4,36,1,1,0,0,0
37630,99,31,52,1,12,997580,4,36,1,1,0,0,0
37640,99,31,52,1,12,997580,4,36,1,1,0,0,0
37650,99,31,52,1,12,997580,4,36,1,1,0,0,0
37660,99,31,52,1,12,997580,4,36,1,1,0,0,0
37670,99,31,52,1,12,997580,4,36,1,1,0,0,0
37680,98,31,52,2,12,997580,3,36,1,1,0,0,0
37690,98,31,52,2,12,997580,3,36,1,1,0,0,0
37700,98,31,52,2,12,997580,3,36,1,1,0,0,0
37710,98,31,52,2,12,997580,3,36,1,1,0,0,0
37720,98,31,52,2,12,997580,3,36,1,1,0,0,0
37730,98,31,52,2,12,997580,3,36,1,1,0,0,0
37740,98,31,52,2,12,997580,3,36,1,1,0,0,0
37750,98,31,52,2,12,997580,3,36,1,1,0,0,0
37760,98,31,52,2,12,997580,3,36,1,1,0,0,0
37770,98,31,52,2,12,997580,3,36,1,1,0,0,0
37780,98,31,52,2,12,997580,3,36,1,1,0,0,0
37790,98,31,52,2,12,997580,3,36,1,1,0,0,0
37800,98,31,52,2,12,997580,3,36,1,1,0,0,0
37810,98,31,52,2,12,997580,3,36,1,1,0,0,0
37820,98,31,52,2,12,997580,3,36,1,1,0,0,0
37830,98,31,52,2,12,997580,3,36,1,1,0,0,0
37840,98,31,52,2,12,997580,3,36,1,1,0,0,0
37850,98,31,52,2,12,997580,3,36,1,1,0,0,0
37860,98,31,52,2,12,997580,3,36,1,1,0,0,0
37870,98,31,52,2,12,997580,3,36,1,1,0,0,0
37880,98,31,52,2,12,997580,3,36,1,1,0,0,0
37890,98,31,52,2,12,997580,3,36,1,1,0,0,0
37900,98,31,52,2,12,997580,3,36,1,1,0,0,0
37910,98,31,52,2,12,997580,3,36,1,1,0,0,0
37920,98,31,52,2,12,997580,3,36,1,1,0,0,0
37930,98,31,52,2,12,997580,3,36,1,1,0,0,0
37940,98,31,52,2,12,997580,3,36,1,1,0,0,0
37950,98,31,52,2,12,997580,3,36,1,1,0,0,0
37960,98,30,52,2,13,997580,3,35,1,1,0,0,0
37970,99,31,53,1,12,997550,3,35,1,1,0,0,0
37980,99,31,53,1,12,997550,3,35,1,1,0,0,0
37990,99,31,53,1,12,997550,3,35,1,1,0,0,0
38000,99,31,53,1,12,997550,3,35,1,1,0,0,0
38010,99,31,53,1,12,997550,3,35,1,1,0,0,0
38020,99,31,53,1,12,997550,3,35,1,1,0,0,0
38030,99,31,53,1,12,997550,3,35,1,1,0,0,0
38040,99,31,53,1,12,997550,3,35,1,1,0,0,0
38050,99,31,53,1,12,997550,3,35,1,1,0,0,0
38060,99,31,53,1,12,997550,3,35,1,1,0,0,0
38070,99,31,53,1,12,997550,3,35,1,1,0,0,0
38080,99,31,53,1,12,997550,3,35,1,1,0,0,0
38090,99,31,53,1,12,997550,3,35,1,1,0,0,0
38100,99,31,53,1,12,997550,3,35,1,1,0,0,0
38110,99,31,53,1,12,997550,3,35,1,1,0,0,0
38120,99,31,53,1,12,997550,3,35,1,1,0,0,0
38130,99,31,53,1,12,997550,3,35,1,1,0,0,0
38140,99,31,53,1,12,997550,3,35,1,1,0,0,0
38150,99,31,53,1,12,997550,3,35,1,1,0,0,0
38160,99,31,53,1,12,997550,3,35,1,1,0,0,0
38170,99,30,53,1,13,997550,3,34,1,1,0,0,0
38180,99,30,53,1,13,997550,3,34,1,1,0,0,0
38190,99,30,53,1,13,997550,3,34,1,1,0,0,0
38200,99,30,53,1,13,997550,3,34,1,1,0,0,0
38210,99,30,53,1,13,997550,3,34,1,1,0,0,0
38220,99,30,53,1,13,997550,3,34,1,1,0,0,0
38230,99,30,53,1,13,997550,3,34,1,1,0,0,0
38240,99,30,53,1,13,997550,3,34,1,1,0,0,0
38250,99,30,53,1,13,997550,3,34,1,1,0,0,0
38260,99,30,53,1,13,997550,3,34,1,1,0,0,0
38270,99,30,53,1,13,997550,3,34,1,1,0,0,0
38280,99,30,53,1,13,997550,3,34,1,1,0,0,0
38290,99,30,53,1,13,997550,3,34,1,1,0,0,0
38300,99,30,53,1,13,997550,3,34,1,1,0,0,0
38310,99,30,53,1,13,997550,3,34,1,1,0,0,0
38320,99,30,53,1,13,997550,3,34,1,1,0,0,0
38330,99,30,53,1,13,997550,3,34,1,1,0,0,0
38340,99,30,53,1,13,997550,3,34,1,1,0,0,0
38350,99,30,53,1,13,997550,3,34,1,1,0,0,0
38360,100,31,54,0,12,997520,3,34,1,1,0,0,0
38370,100,31,54,0,12,997520,3,34,1,1,0,0,0
38380,100,31,54,0,12,997520,3,34,1,1,0,0,0
38390,100,31,54,0,12,997520,3,34,1,1,0,0,0
38400,100,31,54,0,12,997520,3,34,1,1,0,0,0
38410,100,31,54,0,12,997520,3,34,1,1,0,0,0
38420,100,31,54,0,12,997520,3,34,1,1,0,0,0
38430,100,31,54,0,12,997520,3,34,1,1,0,0,0
38440,100,31,54,0,12,997520,3,34,1,1,0,0,0
38450,100,31,54,0,12,997520,3,34,1,1,0,0,0
38460,100,31,54,0,12,997520,3,34,1,1,0,0,0
38470,100,31,54,0,12,997520,3,34,1,1,0,0,0
38480,100,31,54,0,12,997520,3,34,1,1,0,0,0
38490,100,31,54,0,12,997520,3,34,1,1,0,0,0
38500,100,31,54,0,12,997520,3,34,1,1,0,0,0
38510,100,31,54,0,12,997520,3,34,1,1,0,0,0
38520,100,31,54,0,12,997520,3,34,1,1,0,0,0
38530,100,31,54,0,12,997520,3,34,1,1,0,0,0
38540,100,31,54,0,12,997520,3,34,1,1,0,0,0
38550,100,31,54,0,12,997520,3,34,1,1,0,0,0
38560,100,31,54,0,12,997520,3,34,1,1,0,0,0
38570,100,31,54,0,12,997520,3,34,1,1,0,0,0
38580,100,31,54,0,12,997520,3,34,1,1,0,0,0
38590,100,31,54,0,12,997520,3,34,1,1,0,0,0
38600,100,31,54,0,12,997520,3,34,1,1,0,0,0
38610,100,31,54,0,12,997520,3,34,1,1,0,0,0
38620,100,31,54,0,12,997520,3,34,1,1,0,0,0
38630,100,31,54,0,12,997520,3,34,1,1,0,0,0
38640,100,31,54,0,12,997520,3,34,1,1,0,0,0
38650,100,31,54,0,12,997520,3,34,1,1,0,0,0
38660,100,31,54,0,12,997520,3,34,1,1,0,0,0
38670,100,31,54,0,12,997520,3,34,1,1,0,0,0
38680,100,31,54,0,12,997520,3,34,1,1,0,0,0
38690,100,31,54,0,12,997520,3,34,1,1,0,0,0
38700,100,31,54,0,12,997520,3,34,1,1,0,0,0
38710,100,31,54,0,12,997520,3,34,1,1,0,0,0
38720,100,31,54,0,12,997520,3,34,1,1,0,0,0
38730,100,31,54,0,12,997520,3,34,1,1,0,0,0
38740,100,31,54,0,12,997520,3,34,1,1,0,0,0
38750,100,31,54,0,12,997520,3,34,1,1,0,0,0
38760,100,31,54,0,12,997520,3,34,1,1,0,0,0
38770,100,31,54,0,12,997520,3,34,1,1,0,0,0
38780,100,31,54,0,12,997520,3,34,1,1,0,0,0
38790,100,31,54,0,12,997520,3,34,1,1,0,0,0
38800,100,31,54,0,12,997520,3,34,1,1,0,0,0
38810,100,31,54,0,12,997520,3,34,1,1,0,0,0
38820,100,31,54,0,12,997520,3,34,1,1,0,0,0
38830,100,31,54,0,12,997520,3,34,1,1,0,0,0
38840,100,31,54,0,12,997520,3,34,1,1,0,0,0
38850,100,31,54,0,12,997520,3,34,1,1,0,0,0
38860,100,31,54,0,12,997520,3,34,1,1,0,0,0
38870,100,31,54,0,12,997520,3,34,1,1,0,0,0
38880,100,31,54,0,12,997520,3,34,1,1,0,0,0
38890,100,31,54,0,12,997520,3,34,1,1,0,0,0
38900,100,31,54,0,12,997520,3,34,1,1,0,0,0
38910,100,31,54,0,12,997520,3,34,1,1,0,0,0
38920,100,31,54,0,12,997520,3,34,1,1,0,0,0
38930,100,31,54,0,12,997520,3,34,1,1,0,0,0
38940,100,31,54,0,12,997520,3,34,1,1,0,0,0
38950,100,31,54,0,12,997520,3,34,1,1,0,0,0
38960,100,31,54,0,12,997520,3,34,1,1,0,0,0
38970,100,31,54,0,12,997520,3,34,1,1,0,0,0
38980,100,31,54,0,12,997520,3,34,1,1,0,0,0
38990,100,31,54,0,12,997520,3,34,1,1,0,0,0
39000,100,30,54,0,13,997520,3,33,1,1,0,0,0
39010,100,30,54,0,13,997520,3,33,1,1,0,0,0
39020,100,30,54,0,13,997520,3,33,1,1,0,0,0
39030,100,30,54,0,13,997520,3,33,1,1,0,0,0
39040,100,30,54,0,13,997520,3,33,1,1,0,0,0
39050,100,30,54,0,13,997520,3,33,1,1,0,0,0
39060,100,30,54,0,13,997520,3,33,1,1,0,0,0
39070,100,30,54,0,13,997520,3,33,1,1,0,0,0
39080,100,30,54,0,13,997520,3,33,1,1,0,0,0
39090,100,29,54,0,14,997520,3,32,1,1,0,0,0
39100,100,29,54,0,14,997520,3,32,1,1,0,0,0
39110,100,29,54,0,14,997520,3,32,1,1,0,0,0
39120,100,29,54,0,14,997520,3,32,1,1,0,0,0
39130,100,29,54,0,14,997520,3,32,1,1,0,0,0
39140,100,29,54,0,14,997520,3,32,1,1,0,0,0
39150,100,29,54,0,14,997520,3,32,1,1,0,0,0
39160,100,29,54,0,14,997520,3,32,1,1,0,0,0
39170,100,29,54,0,14,997520,3,32,1,1,0,0,0
39180,100,29,54,0,14,997520,3,32,1,1,0,0,0
39190,100,29,54,0,14,997520,3,32,1,1,0,0,0
39200,100,29,54,0,14,997520,3,32,1,1,0,0,0
39210,100,29,54,0,14,997520,3,32,1,1,0,0,0
39220,100,29,54,0,14,997520,3,32,1,1,0,0,0
39230,100,29,54,0,14,997520,3,32,1,1,0,0,0
39240,100,29,54,0,14,997520,3,32,1,1,0,0,0
39250,100,29,54,0,14,997520,3,32,1,1,0,0,0
39260,100,29,54,0,14,997520,3,32,1,1,0,0,0
39270,100,29,54,0,14,997520,3,32,1,1,0,0,0
39280,100,29,54,0,14,997520,3,32,1,1,0,0,0
39290,100,29,54,0,14,997520,3,32,1,1,0,0,0
39300,100,29,54,0,14,997520,3,32,1,1,0,0,0
39310,100,29,54,0,14,997520,3,32,1,1,0,0,0
39320,100,29,54,0,14,997520,3,32,1,1,0,0,0
39330,100,29,54,0,14,997520,3,32,1,1,0,0,0
39340,100,29,54,0,14,997520,3,32,1,1,0,0,0
39350,100,29,54,0,14,997520,3,32,1,1,0,0,0
39360,100,29,54,0,14,997520,3,32,1,1,0,0,0
39370,100,29,54,0,14,997520,3,32,1,1,0,0,0
39380,99,29,54,1,14,997520,2,32,1,1,0,0,0
39390,99,29,54,1,14,997520,2,32,1,1,0,0,0
39400,99,29,54,1,14,997520,2,32,1,1,0,0,0
39410,99,29,54,1,14,997520,2,32,1,1,0,0,0
39420,99,29,54,1,14,997520,2,32,1,1,0,0,0
39430,99,29,54,1,14,997520,2,32,1,1,0,0,0
39440,99,29,54,1,14,997520,2,32,1,1,0,0,0
39450,99,29,54,1,14,997520,2,32,1,1,0,0,0
39460,99,29,54,1,14,997520,2,32,1,1,0,0,0
39470,99,29,54,1,14,997520,2,32,1,1,0,0,0
39480,99,29,54,1,14,997520,2,32,1,1,0,0,0
39490,99,29,54,1,14,997520,2,32,1,1,0,0,0
39500,99,29,54,1,14,997520,2,32,1,1,0,0,0
39510,99,29,54,1,14,997520,2,32,1,1,0,0,0
39520,99,29,54,1,14,997520,2,32,1,1,0,0,0
39530,99,29,54,1,14,997520,2,32,1,1,0,0,0
39540,99,29,54,1,14,997520,2,32,1,1,0,0,0
39550,99,29,54,1,14,997520,2,32,1,1,0,0,0
39560,99,29,54,1,14,997520,2,32,1,1,0,0,0
39570,99,29,54,1,14,997520,2,32,1,1,0,0,0
39580,99,29,54,1,14,997520,2,32,1,1,0,0,0
39590,99,29,54,1,14,997520,2,32,1,1,0,0,0
39600,99,29,54,1,14,997520,2,32,1,1,0,0,0
39610,99,29,54,1,14,997520,2,32,1,1,0,0,0
39620,99,29,54,1,14,997520,2,32,1,1,0,0,0
39630,99,29,54,1,14,997520,2,32,1,1,0,0,0
39640,99,29,54,1,14,997520,2,32,1,1,0,0,0
39650,99,29,54,1,14,997520,2,32,1,1,0,0,0
39660,99,29,54,1,14,997520,2,32,1,1,0,0,0
39670,99,29,54,1,14,997520,2,32,1,1,0,0,0
39680,99,29,54,1,14,997520,2,32,1,1,0,0,0
39690,99,29,54,1,14,997520,2,32,1,1,0,0,0
39700,99,29,54,1,14,997520,2,32,1,1,0,0,0
39710,99,29,54,1,14,997520,2,32,1,1,0,0,0
39720,99,29,54,1,14,997520,2,32,1,1,0,0,0
39730,99,29,54,1,14,997520,2,32,1,1,0,0,0
39740,99,29,54,1,14,997520,2,32,1,1,0,0,0
39750,99,29,54,1,14,997520,2,32,1,1,0,0,0
39760,99,29,54,1,14,997520,2,32,1,1,0,0,0
39770,99,29,54,1,14,997520,2,32,1,1,0,0,0
39780,99,29,54,1,14,997520,2,32,1,1,0,0,0
39790,99,29,54,1,14,997520,2,32,1,1,0,0,0
39800,99,29,54,1,14,997520,2,32,1,1,0,0,0
39810,99,29,54,1,14,997520,2,32,1,1,0,0,0
39820,99,28,54,1,15,997520,2,31,1,1,0,0,0
39830,99,28,54,1,15,997520,2,31,1,1,0,0,0
39840,99,28,54,1,15,997520,2,31,1,1,0,0,0
39850,99,28,54,1,15,997520,2,31,1,1,0,0,0
39860,99,28,54,1,15,997520,2,31,1,1,0,0,0
39870,99,28,54,1,15,997520,2,31,1,1,0,0,0
39880,99,28,54,1,15,997520,2,31,1,1,0,0,0
39890,99,28,54,1,15,997520,2,31,1,1,0,0,0
39900,99,28,54,1,15,997520,2,31,1,1,0,0,0
39910,99,28,54,1,15,997520,2,31,1,1,0,0,0
39920,99,28,54,1,15,997520,2,31,1,1,0,0,0
39930,99,28,54,1,15,997520,2,31,1,1,0,0,0
39940,99,28,54,1,15,997520,2,31,1,1,0,0,0
39950,99,28,54,1,15,997520,2,31,1,1,0,0,0
39960,99,28,54,1,15,997520,2,31,1,1,0,0,0
39970,99,28,54,1,15,997520,2,31,1,1,0,0,0
39980,99,28,54,1,15,997520,2,31,1,1,0,0,0
39990,99,28,54,1,15,997520,2,31,1,1,0,0,0
40000,99,28,54,1,15,997520,2,31,1,1,0,0,0
40010,99,28,54,1,15,997520,2,31,1,1,0,0,0
40020,99,28,54,1,15,997520,2,31,1,1,0,0,0
40030,99,28,54,1,15,997520,2,31,1,1,0,0,0
40040,99,28,54,1,15,997520,2,31,1,1,0,0,0
40050,99,28,54,1,15,997520,2,31,1,1,0,0,0
40060,99,28,54,1,15,997520,2,31,1,1,0,0,0
40070,99,28,54,1,15,997520,2,31,1,1,0,0,0
40080,99,28,54,1,15,997520,2,31,1,1,0,0,0
40090,99,28,54,1,15,997520,2,31,1,1,0,0,0
40100,99,28,54,1,15,997520,2,31,1,1,0,0,0
40110,99,28,54,1,15,997520,2,31,1,1,0,0,0
40120,99,28,54,1,15,997520,2,31,1,1,0,0,0
40130,99,28,54,1,15,997520,2,31,1,1,0,0,0
40140,99,28,54,1,15,997520,2,31,1,1,0,0,0
40150,99,28,54,1,15,997520,2,31,1,1,0,0,0
40160,99,28,54,1,15,997520,2,31,1,1,0,0,0
40170,99,28,54,1,15,997520,2,31,1,1,0,0,0
40180,99,28,54,1,15,997520,2,31,1,1,0,0,0
40190,99,28,54,1,15,997520,2,31,1,1,0,0,0
40200,99,28,54,1,15,997520,2,31,1,1,0,0,0
40210,99,28,54,1,15,997520,2,31,1,1,0,0,0
40220,99,28,54,1,15,997520,2,31,1,1,0,0,0
40230,99,28,54,1,15,997520,2,31,1,1,0,0,0
40240,99,28,54,1,15,997520,2,31,1,1,0,0,0
40250,99,28,54,1,15,997520,2,31,1,1,0,0,0
40260,99,28,54,1,15,997520,2,31,1,1,0,0,0
40270,99,28,54,1,15,997520,2,31,1,1,0,0,0
40280,99,28,54,1,15,997520,2,31,1,1,0,0,0
40290,99,28,54,1,15,997520,2,31,1,1,0,0,0
40300,99,28,54,1,15,997520,2,31,1,1,0,0,0
40310,99,28,54,1,15,997520,2,31,1,1,0,0,0
40320,99,28,54,1,15,997520,2,31,1,1,0,0,0
40330,99,28,54,1,15,997520,2,31,1,1,0,0,0
40340,99,28,54,1,15,997520,2,31,1,1,0,0,0
40350,99,28,54,1,15,997520,2,31,1,1,0,0,0
40360,99,28,54,1,15,997520,2,31,1,1,0,0,0
40370,99,28,54,1,15,997520,2,31,1,1,0,0,0
40380,99,28,54,1,15,997520,2,31,1,1,0,0,0
40390,99,28,54,1,15,997520,2,31,1,1,0,0,0
40400,99,28,54,1,15,997520,2,31,1,1,0,0,0
40410,99,28,54,1,15,997520,2,31,1,1,0,0,0
40420,99,28,54,1,15,997520,2,31,1,1,0,0,0
40430,99,28,54,1,15,997520,2,31,1,1,0,0,0
40440,99,28,54,1,15,997520,2,31,1,1,0,0,0
40450,99,28,54,1,15,997520,2,31,1,1,0,0,0
40460,99,28,54,1,15,997520,2,31,1,1,0,0,0
40470,99,28,54,1,15,997520,2,31,1,1,0,0,0
40480,99,28,54,1,15,997520,2,31,1,1,0,0,0
40490,99,28,54,1,15,997520,2,31,1,1,0,0,0
40500,99,28,54,1,15,997520,2,31,1,1,0,0,0
40510,99,28,54,1,15,997520,2,31,1,1,0,0,0
40520,99,28,54,1,15,997520,2,31,1,1,0,0,0
40530,99,28,54,1,15,997520,2,31,1,1,0,0,0
40540,99,28,54,1,15,997520,2,31,1,1,0,0,0
40550,99,28,54,1,15,997520,2,31,1,1,0,0,0
40560,99,28,54,1,15,997520,2,31,1,1,0,0,0
40570,99,28,54,1,15,997520,2,31,1,1,0,0,0
40580,99,28,54,1,15,997520,2,31,1,1,0,0,0
40590,99,28,54,1,15,997520,2,31,1,1,0,0,0
40600,99,28,54,1,15,997520,2,31,1,1,0,0,0
40610,99,28,54,1,15,997520,2,31,1,1,0,0,0
40620,99,28,54,1,15,997520,2,31,1,1,0,0,0
40630,99,28,54,1,15,997520,2,31,1,1,0,0,0
40640,99,28,54,1,15,997520,2,31,1,1,0,0,0
40650,99,28,54,1,15,997520,2,31,1,1,0,0,0
40660,99,28,54,1,15,997520,2,31,1,1,0,0,0
40670,99,28,54,1,15,997520,2,31,1,1,0,0,0
40680,99,28,54,1,15,997520,2,31,1,1,0,0,0
40690,99,28,54,1,15,997520,2,31,1,1,0,0,0
40700,99,28,54,1,15,997520,2,31,1,1,0,0,0
40710,99,28,54,1,15,997520,2,31,1,1,0,0,0
40720,99,28,54,1,15,997520,2,31,1,1,0,0,0
40730,99,28,54,1,15,997520,2,31,1,1,0,0,0
40740,99,28,54,1,15,997520,2,31,1,1,0,0,0
40750,99,28,54,1,15,997520,2,31,1,1,0,0,0
40760,99,28,54,1,15,997520,2,31,1,1,0,0,0
40770,99,28,54,1,15,997520,2,31,1,1,0,0,0
40780,99,28,54,1,15,997520,2,31,1,1,0,0,0
40790,99,28,54,1,15,997520,2,31,1,1,0,0,0
40800,99,28,54,1,15,997520,2,31,1,1,0,0,0
40810,99,28,54,1,15,997520,2,31,1,1,0,0,0
40820,99,28,54,1,15,997520,2,31,1,1,0,0,0
40830,99,28,54,1,15,997520,2,31,1,1,0,0,0
40840,99,28,54,1,15,997520,2,31,1,1,0,0,0
40850,99,28,54,1,15,997520,2,31,1,1,0,0,0
40860,99,28,54,1,15,997520,2,31,1,1,0,0,0
40870,99,28,54,1,15,997520,2,31,1,1,0,0,0
40880,99,28,54,1,15,997520,2,31,1,1,0,0,0
40890,99,28,54,1,15,997520,2,31,1,1,0,0,0
40900,99,28,54,1,15,997520,2,31,1,1,0,0,0
40910,99,28,54,1,15,997520,2,31,1,1,0,0,0
40920,99,28,54,1,15,997520,2,31,1,1,0,0,0
40930,99,28,54,1,15,997520,2,31,1,1,0,0,0
40940,99,28,54,1,15,997520,2,31,1,1,0,0,0
40950,99,28,54,1,15,997520,2,31,1,1,0,0,0
40960,99,28,54,1,15,997520,2,31,1,1,0,0,0
40970,99,28,54,1,15,997520,2,31,1,1,0,0,0
40980,99,28,54,1,15,997520,2,31,1,1,0,0,0
40990,99,28,54,1,15,997520,2,31,1,1,0,0,0
41000,99,28,54,1,15,997520,2,31,1,1,0,0,0
41010,99,28,54,1,15,997520,2,31,1,1,0,0,0
41020,99,28,54,1,15,997520,2,31,1,1,0,0,0
41030,99,28,54,1,15,997520,2,31,1,1,0,0,0
41040,99,28,54,1,15,997520,2,31,1,1,0,0,0
41050,99,28,54,1,15,997520,2,31,1,1,0,0,0
41060,99,28,54,1,15,997520,2,31,1,1,0,0,0
41070,99,28,54,1,15,997520,2,31,1,1,0,0,0
41080,99,28,54,1,15,997520,2,31,1,1,0,0,0
41090,99,28,54,1,15,997520,2,31,1,1,0,0,0
41100,99,28,54,1,15,997520,2,31,1,1,0,0,0
41110,99,28,54,1,15,997520,2,31,1,1,0,0,0
41120,99,28,54,1,15,997520,2,31,1,1,0,0,0
41130,99,28,54,1,15,997520,2,31,1,1,0,0,0
41140,99,28,54,1,15,997520,2,31,1,1,0,0,0
41150,99,28,54,1,15,997520,2,31,1,1,0,0,0
41160,99,28,54,1,15,997520,2,31,1,1,0,0,0
41170,99,28,54,1,15,997520,2,31,1,1,0,0,0
41180,99,28,54,1,15,997520,2,31,1,1,0,0,0
41190,99,28,54,1,15,997520,2,31,1,1,0,0,0
41200,99,28,54,1,15,997520,2,31,1,1,0,0,0
41210,99,28,54,1,15,997520,2,31,1,1,0,0,0
41220,99,28,54,1,15,997520,2,31,1,1,0,0,0
41230,99,28,54,1,15,997520,2,31,1,1,0,0,0
41240,99,28,54,1,15,997520,2,31,1,1,0,0,0
41250,99,28,54,1,15,997520,2,31,1,1,0,0,0
41260,99,28,54,1,15,997520,2,31,1,1,0,0,0
41270,99,28,54,1,15,997520,2,31,1,1,0,0,0
41280,99,28,54,1,15,997520,2,31,1,1,0,0,0
41290,99,28,54,1,15,997520,2,31,1,1,0,0,0
41300,99,28,54,1,15,997520,2,31,1,1,0,0,0
41310,99,28,54,1,15,997520,2,31,1,1,0,0,0
41320,99,28,54,1,15,997520,2,31,1,1,0,0,0
41330,100,29,55,0,14,997490,2,31,1,1,0,0,0
41340,100,29,55,0,14,997490,2,31,1,1,0,0,0
41350,100,29,55,0,14,997490,2,31,1,1,0,0,0
41360,100,29,55,0,14,997490,2,31,1,1,0,0,0
41370,100,29,55,0,14,997490,2,31,1,1,0,0,0
41380,100,29,55,0,14,997490,2,31,1,1,0,0,0
41390,100,29,55,0,14,997490,2,31,1,1,0,0,0
41400,100,29,55,0,14,997490,2,31,1,1,0,0,0
41410,100,29,55,0,14,997490,2,31,1,1,0,0,0
41420,100,29,55,0,14,997490,2,31,1,1,0,0,0
41430,100,29,55,0,14,997490,2,31,1,1,0,0,0
41440,100,29,55,0,14,997490,2,31,1,1,0,0,0
41450,100,29,55,0,14,997490,2,31,1,1,0,0,0
41460,100,29,55,0,14,997490,2,31,1,1,0,0,0
41470,100,29,55,0,14,997490,2,31,1,1,0,0,0
41480,100,29,55,0,14,997490,2,31,1,1,0,0,0
41490,100,29,55,0,14,997490,2,31,1,1,0,0,0
41500,100,29,55,0,14,997490,2,31,1,1,0,0,0
41510,100,29,55,0,14,997490,2,31,1,1,0,0,0
41520,100,29,55,0,14,997490,2,31,1,1,0,0,0
41530,100,29,55,0,14,997490,2,31,1,1,0,0,0
41540,100,29,55,0,14,997490,2,31,1,1,0,0,0
41550,100,29,55,0,14,997490,2,31,1,1,0,0,0
41560,100,29,55,0,14,997490,2,31,1,1,0,0,0
41570,100,28,55,0,15,997490,2,30,1,1,0,0,0
41580,100,28,55,0,15,997490,2,30,1,1,0,0,0
41590,100,28,55,0,15,997490,2,30,1,1,0,0,0
41600,100,28,55,0,15,997490,2,30,1,1,0,0,0
41610,100,28,55,0,15,997490,2,30,1,1,0,0,0
41620,100,28,55,0,15,997490,2,30,1,1,0,0,0
41630,100,28,55,0,15,997490,2,30,1,1,0,0,0
41640,100,28,55,0,15,997490,2,30,1,1,0,0,0
41650,100,28,55,0,15,997490,2,30,1,1,0,0,0
41660,100,28,55,0,15,997490,2,30,1,1,0,0,0
41670,100,28,55,0,15,997490,2,30,1,1,0,0,0
41680,100,28,55,0,15,997490,2,30,1,1,0,0,0
41690,100,28,55,0,15,997490,2,30,1,1,0,0,0
41700,100,28,55,0,15,997490,2,30,1,1,0,0,0
41710,100,28,55,0,15,997490,2,30,1,1,0,0,0
41720,100,28,55,0,15,997490,2,30,1,1,0,0,0
41730,100,28,55,0,15,997490,2,30,1,1,0,0,0
41740,100,28,55,0,15,997490,2,30,1,1,0,0,0
41750,100,28,55,0,15,997490,2,30,1,1,0,0,0
41760,100,28,55,0,15,997490,2,30,1,1,0,0,0
41770,100,28,55,0,15,997490,2,30,1,1,0,0,0
41780,100,28,55,0,15,997490,2,30,1,1,0,0,0
41790,100,28,55,0,15,997490,2,30,1,1,0,0,0
41800,100,28,55,0,15,997490,2,30,1,1,0,0,0
41810,100,28,55,0,15,997490,2,30,1,1,0,0,0
41820,100,28,55,0,15,997490,2,30,1,1,0,0,0
41830,100,28,55,0,15,997490,2,30,1,1,0,0,0
41840,100,28,55,0,15,997490,2,30,1,1,0,0,0
41850,100,28,55,0,15,997490,2,30,1,1,0,0,0
41860,100,28,55,0,15,997490,2,30,1,1,0,0,0
41870,100,28,55,0,15,997490,2,30,1,1,0,0,0
41880,100,28,55,0,15,997490,2,30,1,1,0,0,0
41890,100,28,55,0,15,997490,2,30,1,1,0,0,0
41900,100,28,55,0,15,997490,2,30,1,1,0,0,0
41910,100,28,55,0,15,997490,2,30,1,1,0,0,0
41920,100,28,55,0,15,997490,2,30,1,1,0,0,0
41930,100,28,55,0,15,997490,2,30,1,1,0,0,0
41940,100,28,55,0,15,997490,2,30,1,1,0,0,0
41950,100,28,55,0,15,997490,2,30,1,1,0,0,0
41960,100,28,55,0,15,997490,2,30,1,1,0,0,0
41970,100,28,55,0,15,997490,2,30,1,1,0,0,0
41980,100,28,55,0,15,997490,2,30,1,1,0,0,0
41990,100,28,55,0,15,997490,2,30,1,1,0,0,0
42000,100,28,55,0,15,997490,2,30,1,1,0,0,0
42010,100,28,55,0,15,997490,2,30,1,1,0,0,0
42020,100,28,55,0,15,997490,2,30,1,1,0,0,0
42030,100,28,55,0,15,997490,2,30,1,1,0,0,0
42040,100,28,55,0,15,997490,2,30,1,1,0,0,0
42050,100,28,55,0,15,997490,2,30,1,1,0,0,0
42060,100,28,55,0,15,997490,2,30,1,1,0,0,0
42070,100,28,55,0,15,997490,2,30,1,1,0,0,0
42080,100,28,55,0,15,997490,2,30,1,1,0,0,0
42090,100,28,55,0,15,997490,2,30,1,1,0,0,0
42100,100,28,55,0,15,997490,2,30,1,1,0,0,0
42110,100,28,55,0,15,997490,2,30,1,1,0,0,0
42120,100,28,55,0,15,997490,2,30,1,1,0,0,0
42130,100,28,55,0,15,997490,2,30,1,1,0,0,0
42140,100,28,55,0,15,997490,2,30,1,1,0,0,0
42150,100,28,55,0,15,997490,2,30,1,1,0,0,0
42160,100,28,55,0,15,997490,2,30,1,1,0,0,0
42170,100,28,55,0,15,997490,2,30,1,1,0,0,0
42180,100,28,55,0,15,997490,2,30,1,1,0,0,0
42190,100,28,55,0,15,997490,2,30,1,1,0,0,0
42200,100,28,55,0,15,997490,2,30,1,1,0,0,0
42210,100,28,55,0,15,997490,2,30,1,1,0,0,0
42220,100,28,55,0,15,997490,2,30,1,1,0,0,0
42230,100,28,55,0,15,997490,2,30,1,1,0,0,0
42240,100,28,55,0,15,997490,2,30,1,1,0,0,0
42250,100,28,55,0,15,997490,2,30,1,1,0,0,0
42260,100,28,55,0,15,997490,2,30,1,1,0,0,0
42270,100,28,55,0,15,997490,2,30,1,1,0,0,0
42280,100,28,55,0,15,997490,2,30,1,1,0,0,0
42290,100,28,55,0,15,997490,2,30,1,1,0,0,0
42300,100,28,55,0,15,997490,2,30,1,1,0,0,0
42310,100,28,55,0,15,997490,2,30,1,1,0,0,0
42320,100,28,55,0,15,997490,2,30,1,1,0,0,0
42330,100,28,55,0,15,997490,2,30,1,1,0,0,0
42340,100,28,55,0,15,997490,2,30,1,1,0,0,0
42350,100,28,55,0,15,997490,2,30,1,1,0,0,0
42360,100,28,55,0,15,997490,2,30,1,1,0,0,0
42370,100,28,55,0,15,997490,2,30,1,1,0,0,0
42380,100,28,55,0,15,997490,2,30,1,1,0,0,0
42390,100,28,55,0,15,997490,2,30,1,1,0,0,0
42400,100,28,55,0,15,997490,2,30,1,1,0,0,0
42410,100,28,55,0,15,997490,2,30,1,1,0,0,0
42420,100,28,55,0,15,997490,2,30,1,1,0,0,0
42430,100,28,55,0,15,997490,2,30,1,1,0,0,0
42440,100,28,55,0,15,997490,2,30,1,1,0,0,0
42450,100,28,55,0,15,997490,2,30,1,1,0,0,0
42460,100,28,55,0,15,997490,2,30,1,1,0,0,0
42470,100,28,55,0,15,997490,2,30,1,1,0,0,0
42480,100,28,55,0,15,997490,2,30,1,1,0,0,0
42490,100,28,55,0,15,997490,2,30,1,1,0,0,0
42500,100,28,55,0,15,997490,2,30,1,1,0,0,0
42510,100,28,55,0,15,997490,2,30,1,1,0,0,0
42520,100,28,55,0,15,997490,2,30,1,1,0,0,0
42530,100,28,55,0,15,997490,2,30,1,1,0,0,0
42540,100,28,55,0,15,997490,2,30,1,1,0,0,0
42550,100,28,55,0,15,997490,2,30,1,1,0,0,0
42560,100,28,55,0,15,997490,2,30,1,1,0,0,0
42570,100,28,55,0,15,997490,2,30,1,1,0,0,0
42580,100,28,55,0,15,997490,2,30,1,1,0,0,0
42590,100,28,55,0,15,997490,2,30,1,1,0,0,0
42600,100,28,55,0,15,997490,2,30,1,1,0,0,0
42610,100,28,55,0,15,997490,2,30,1,1,0,0,0
42620,100,28,55,0,15,997490,2,30,1,1,0,0,0
42630,100,28,55,0,15,997490,2,30,1,1,0,0,0
42640,100,28,55,0,15,997490,2,30,1,1,0,0,0
42650,100,28,55,0,15,997490,2,30,1,1,0,0,0
42660,100,28,55,0,15,997490,2,30,1,1,0,0,0
42670,100,28,55,0,15,997490,2,30,1,1,0,0,0
42680,100,28,55,0,15,997490,2,30,1,1,0,0,0
42690,100,28,55,0,15,997490,2,30,1,1,0,0,0
42700,100,28,55,0,15,997490,2,30,1,1,0,0,0
42710,100,28,55,0,15,997490,2,30,1,1,0,0,0
42720,100,28,55,0,15,997490,2,30,1,1,0,0,0
42730,100,28,55,0,15,997490,2,30,1,1,0,0,0
42740,100,28,55,0,15,997490,2,30,1,1,0,0,0
42750,100,28,55,0,15,997490,2,30,1,1,0,0,0
42760,100,28,55,0,15,997490,2,30,1,1,0,0,0
42770,100,28,55,0,15,997490,2,30,1,1,0,0,0
42780,100,28,55,0,15,997490,2,30,1,1,0,0,0
42790,100,28,55,0,15,997490,2,30,1,1,0,0,0
42800,100,28,55,0,15,997490,2,30,1,1,0,0,0
42810,100,28,55,0,15,997490,2,30,1,1,0,0,0
42820,100,28,55,0,15,997490,2,30,1,1,0,0,0
42830,100,28,55,0,15,997490,2,30,1,1,0,0,0
42840,100,28,55,0,15,997490,2,30,1,1,0,0,0
42850,100,28,55,0,15,997490,2,30,1,1,0,0,0
42860,100,28,55,0,15,997490,2,30,1,1,0,0,0
42870,100,28,55,0,15,997490,2,30,1,1,0,0,0
42880,100,28,55,0,15,997490,2,30,1,1,0,0,0
42890,100,28,55,0,15,997490,2,30,1,1,0,0,0
42900,100,28,55,0,15,997490,2,30,1,1,0,0,0
42910,100,28,55,0,15,997490,2,30,1,1,0,0,0
42920,100,28,55,0,15,997490,2,30,1,1,0,0,0
42930,100,28,55,0,15,997490,2,30,1,1,0,0,0
42940,100,28,55,0,15,997490,2,30,1,1,0,0,0
42950,100,28,55,0,15,997490,2,30,1,1,0,0,0
42960,100,28,55,0,15,997490,2,30,1,1,0,0,0
42970,100,28,55,0,15,997490,2,30,1,1,0,0,0
42980,100,28,55,0,15,997490,2,30,1,1,0,0,0
42990,100,28,55,0,15,997490,2,30,1,1,0,0,0
43000,100,28,55,0,15,997490,2,30,1,1,0,0,0
43010,100,28,55,0,15,997490,2,30,1,1,0,0,0
43020,100,28,55,0,15,997490,2,30,1,1,0,0,0
43030,100,28,55,0,15,997490,2,30,1,1,0,0,0
43040,100,28,55,0,15,997490,2,30,1,1,0,0,0
43050,100,28,55,0,15,997490,2,30,1,1,0,0,0
43060,100,28,55,0,15,997490,2,30,1,1,0,0,0
43070,100,28,55,0,15,997490,2,30,1,1,0,0,0
43080,100,28,55,0,15,997490,2,30,1,1,0,0,0
43090,100,28,55,0,15,997490,2,30,1,1,0,0,0
43100,100,28,55,0,15,997490,2,30,1,1,0,0,0
43110,100,28,55,0,15,997490,2,30,1,1,0,0,0
43120,100,28,55,0,15,997490,2,30,1,1,0,0,0
43130,100,28,55,0,15,997490,2,30,1,1,0,0,0
43140,100,28,55,0,15,997490,2,30,1,1,0,0,0
43150,100,28,55,0,15,997490,2,30,1,1,0,0,0
43160,100,28,55,0,15,997490,2,30,1,1,0,0,0
43170,100,28,55,0,15,997490,2,30,1,1,0,0,0
43180,100,28,55,0,15,997490,2,30,1,1,0,0,0
43190,100,28,55,0,15,997490,2,30,1,1,0,0,0
43200,100,28,55,0,15,997490,2,30,1,1,0,0,0
43210,100,28,55,0,15,997490,2,30,1,1,0,0,0
43220,100,28,55,0,15,997490,2,30,1,1,0,0,0
43230,100,28,55,0,15,997490,2,30,1,1,0,0,0
43240,100,28,55,0,15,997490,2,30,1,1,0,0,0
43250,100,28,55,0,15,997490,2,30,1,1,0,0,0
43260,100,28,55,0,15,997490,2,30,1,1,0,0,0
43270,100,28,55,0,15,997490,2,30,1,1,0,0,0
43280,100,28,55,0,15,997490,2,30,1,1,0,0,0
43290,100,28,55,0,15,997490,2,30,1,1,0,0,0
43300,100,28,55,0,15,997490,2,30,1,1,0,0,0
43310,100,28,55,0,15,997490,2,30,1,1,0,0,0
43320,100,28,55,0,15,997490,2,30,1,1,0,0,0
43330,100,28,55,0,15,997490,2,30,1,1,0,0,0
43340,100,28,55,0,15,997490,2,30,1,1,0,0,0
43350,100,28,55,0,15,997490,2,30,1,1,0,0,0
43360,100,28,55,0,15,997490,2,30,1,1,0,0,0
43370,100,28,55,0,15,997490,2,30,1,1,0,0,0
43380,100,28,55,0,15,997490,2,30,1,1,0,0,0
43390,100,28,55,0,15,997490,2,30,1,1,0,0,0
43400,100,28,55,0,15,997490,2,30,1,1,0,0,0
43410,100,28,55,0,15,997490,2,30,1,1,0,0,0
43420,100,28,55,0,15,997490,2,30,1,1,0,0,0
43430,100,28,55,0,15,997490,2,30,1,1,0,0,0
43440,100,28,55,0,15,997490,2,30,1,1,0,0,0
43450,100,28,55,0,15,997490,2,30,1,1,0,0,0
43460,100,28,55,0,15,997490,2,30,1,1,0,0,0
43470,100,28,55,0,15,997490,2,30,1,1,0,0,0
43480,100,28,55,0,15,997490,2,30,1,1,0,0,0
43490,100,28,55,0,15,997490,2,30,1,1,0,0,0
43500,100,28,55,0,15,997490,2,30,1,1,0,0,0
43510,100,28,55,0,15,997490,2,30,1,1,0,0,0
43520,100,28,55,0,15,997490,2,30,1,1,0,0,0
43530,100,28,55,0,15,997490,2,30,1,1,0,0,0
43540,100,28,55,0,15,997490,2,30,1,1,0,0,0
43550,100,28,55,0,15,997490,2,30,1,1,0,0,0
43560,100,28,55,0,15,997490,2,30,1,1,0,0,0
43570,100,28,55,0,15,997490,2,30,1,1,0,0,0
43580,100,28,55,0,15,997490,2,30,1,1,0,0,0
43590,100,28,55,0,15,997490,2,30,1,1,0,0,0
43600,100,28,55,0,15,997490,2,30,1,1,0,0,0
43610,100,28,55,0,15,997490,2,30,1,1,0,0,0
43620,100,28,55,0,15,997490,2,30,1,1,0,0,0
43630,100,28,55,0,15,997490,2,30,1,1,0,0,0
43640,100,28,55,0,15,997490,2,30,1,1,0,0,0
43650,100,28,55,0,15,997490,2,30,1,1,0,0,0
43660,100,28,55,0,15,997490,2,30,1,1,0,0,0
43670,100,28,55,0,15,997490,2,30,1,1,0,0,0
43680,100,28,55,0,15,997490,2,30,1,1,0,0,0
43690,100,28,55,0,15,997490,2,30,1,1,0,0,0
43700,100,28,55,0,15,997490,2,30,1,1,0,0,0
43710,100,28,55,0,15,997490,2,30,1,1,0,0,0
43720,100,28,55,0,15,997490,2,30,1,1,0,0,0
43730,100,28,55,0,15,997490,2,30,1,1,0,0,0
43740,100,28,55,0,15,997490,2,30,1,1,0,0,0
43750,100,28,55,0,15,997490,2,30,1,1,0,0,0
43760,100,28,55,0,15,997490,2,30,1,1,0,0,0
43770,100,28,55,0,15,997490,2,30,1,1,0,0,0
43780,100,28,55,0,15,997490,2,30,1,1,0,0,0
43790,100,28,55,0,15,997490,2,30,1,1,0,0,0
43800,100,28,55,0,15,997490,2,30,1,1,0,0,0
43810,100,28,55,0,15,997490,2,30,1,1,0,0,0
43820,100,28,55,0,15,997490,2,30,1,1,0,0,0
43830,100,28,55,0,15,997490,2,30,1,1,0,0,0
43840,100,28,55,0,15,997490,2,30,1,1,0,0,0
43850,100,28,55,0,15,997490,2,30,1,1,0,0,0
43860,100,28,55,0,15,997490,2,30,1,1,0,0,0
43870,100,28,55,0,15,997490,2,30,1,1,0,0,0
43880,100,28,55,0,15,997490,2,30,1,1,0,0,0
43890,100,28,55,0,15,997490,2,30,1,1,0,0,0
43900,100,28,55,0,15,997490,2,30,1,1,0,0,0
43910,100,28,55,0,15,997490,2,30,1,1,0,0,0
43920,100,28,55,0,15,997490,2,30,1,1,0,0,0
43930,100,28,55,0,15,997490,2,30,1,1,0,0,0
43940,100,28,55,0,15,997490,2,30,1,1,0,0,0
43950,100,28,55,0,15,997490,2,30,1,1,0,0,0
43960,100,28,55,0,15,997490,2,30,1,1,0,0,0
43970,100,28,55,0,15,997490,2,30,1,1,0,0,0
43980,100,28,55,0,15,997490,2,30,1,1,0,0,0
43990,100,28,55,0,15,997490,2,30,1,1,0,0,0
44000,100,28,55,0,15,997490,2,30,1,1,0,0,0
44010,100,28,55,0,15,997490,2,30,1,1,0,0,0
44020,100,28,55,0,15,997490,2,30,1,1,0,0,0
44030,100,28,55,0,15,997490,2,30,1,1,0,0,0
44040,100,28,55,0,15,997490,2,30,1,1,0,0,0
44050,100,28,55,0,15,997490,2,30,1,1,0,0,0
44060,100,28,55,0,15,997490,2,30,1,1,0,0,0
44070,100,28,55,0,15,997490,2,30,1,1,0,0,0
44080,100,28,55,0,15,997490,2,30,1,1,0,0,0
44090,100,28,55,0,15,997490,2,30,1,1,0,0,0
44100,100,28,55,0,15,997490,2,30,1,1,0,0,0
44110,100,28,55,0,15,997490,2,30,1,1,0,0,0
44120,100,28,55,0,15,997490,2,30,1,1,0,0,0
44130,100,28,55,0,15,997490,2,30,1,1,0,0,0
44140,100,28,55,0,15,997490,2,30,1,1,0,0,0
44150,100,28,55,0,15,997490,2,30,1,1,0,0,0
44160,100,28,55,0,15,997490,2,30,1,1,0,0,0
44170,100,28,55,0,15,997490,2,30,1,1,0,0,0
44180,100,28,55,0,15,997490,2,30,1,1,0,0,0
44190,100,28,55,0,15,997490,2,30,1,1,0,0,0
44200,100,28,55,0,15,997490,2,30,1,1,0,0,0
44210,100,28,55,0,15,997490,2,30,1,1,0,0,0
44220,100,28,55,0,15,997490,2,30,1,1,0,0,0
44230,100,28,55,0,15,997490,2,30,1,1,0,0,0
44240,100,28,55,0,15,997490,2,30,1,1,0,0,0
44250,100,28,55,0,15,997490,2,30,1,1,0,0,0
44260,100,28,55,0,15,997490,2,30,1,1,0,0,0
44270,100,28,55,0,15,997490,2,30,1,1,0,0,0
44280,100,28,55,0,15,997490,2,30,1,1,0,0,0
44290,100,28,55,0,15,997490,2,30,1,1,0,0,0
44300,100,28,55,0,15,997490,2,30,1,1,0,0,0
44310,100,28,55,0,15,997490,2,30,1,1,0,0,0
44320,100,28,55,0,15,997490,2,30,1,1,0,0,0
44330,100,28,55,0,15,997490,2,30,1,1,0,0,0
44340,100,28,55,0,15,997490,2,30,1,1,0,0,0
44350,100,28,55,0,15,997490,2,30,1,1,0,0,0
44360,100,28,55,0,15,997490,2,30,1,1,0,0,0
44370,100,28,55,0,15,997490,2,30,1,1,0,0,0
44380,100,28,55,0,15,997490,2,30,1,1,0,0,0
44390,100,28,55,0,15,997490,2,30,1,1,0,0,0
44400,100,28,55,0,15,997490,2,30,1,1,0,0,0
44410,100,28,55,0,15,997490,2,30,1,1,0,0,0
44420,100,28,55,0,15,997490,2,30,1,1,0,0,0
44430,100,28,55,0,15,997490,2,30,1,1,0,0,0
44440,100,28,55,0,15,997490,2,30,1,1,0,0,0
44450,100,28,55,0,15,997490,2,30,1,1,0,0,0
44460,100,28,55,0,15,997490,2,30,1,1,0,0,0
44470,100,28,55,0,15,997490,2,30,1,1,0,0,0
44480,100,28,55,0,15,997490,2,30,1,1,0,0,0
44490,100,28,55,0,15,997490,2,30,1,1,0,0,0
44500,100,28,55,0,15,997490,2,30,1,1,0,0,0
44510,100,28,55,0,15,997490,2,30,1,1,0,0,0
44520,100,28,55,0,15,997490,2,30,1,1,0,0,0
44530,100,28,55,0,15,997490,2,30,1,1,0,0,0
44540,100,28,55,0,15,997490,2,30,1,1,0,0,0
44550,100,28,55,0,15,997490,2,30,1,1,0,0,0
44560,100,28,55,0,15,997490,2,30,1,1,0,0,0
44570,100,28,55,0,15,997490,2,30,1,1,0,0,0
44580,100,28,55,0,15,997490,2,30,1,1,0,0,0
44590,100,28,55,0,15,997490,2,30,1,1,0,0,0
44600,100,28,55,0,15,997490,2,30,1,1,0,0,0
44610,100,28,55,0,15,997490,2,30,1,1,0,0,0
44620,100,28,55,0,15,997490,2,30,1,1,0,0,0
44630,100,28,55,0,15,997490,2,30,1,1,0,0,0
44640,100,28,55,0,15,997490,2,30,1,1,0,0,0
44650,100,28,55,0,15,997490,2,30,1,1,0,0,0
44660,100,28,55,0,15,997490,2,30,1,1,0,0,0
44670,100,28,55,0,15,997490,2,30,1,1,0,0,0
44680,100,28,55,0,15,997490,2,30,1,1,0,0,0
44690,100,28,55,0,15,997490,2,30,1,1,0,0,0
44700,100,28,55,0,15,997490,2,30,1,1,0,0,0
44710,100,28,55,0,15,997490,2,30,1,1,0,0,0
44720,100,28,55,0,15,997490,2,30,1,1,0,0,0
44730,100,28,55,0,15,997490,2,30,1,1,0,0,0
44740,100,28,55,0,15,997490,2,30,1,1,0,0,0
44750,100,28,55,0,15,997490,2,30,1,1,0,0,0
44760,100,28,55,0,15,997490,2,30,1,1,0,0,0
44770,100,28,55,0,15,997490,2,30,1,1,0,0,0
44780,100,28,55,0,15,997490,2,30,1,1,0,0,0
44790,100,28,55,0,15,997490,2,30,1,1,0,0,0
44800,100,28,55,0,15,997490,2,30,1,1,0,0,0
44810,100,28,55,0,15,997490,2,30,1,1,0,0,0
44820,100,28,55,0,15,997490,2,30,1,1,0,0,0
44830,100,28,55,0,15,997490,2,30,1,1,0,0,0
44840,100,28,55,0,15,997490,2,30,1,1,0,0,0
44850,100,28,55,0,15,997490,2,30,1,1,0,0,0
44860,100,28,55,0,15,997490,2,30,1,1,0,0,0
44870,100,28,55,0,15,997490,2,30,1,1,0,0,0
44880,100,28,55,0,15,997490,2,30,1,1,0,0,0
44890,100,28,55,0,15,997490,2,30,1,1,0,0,0
44900,100,28,55,0,15,997490,2,30,1,1,0,0,0
44910,100,28,55,0,15,997490,2,30,1,1,0,0,0
44920,100,28,55,0,15,997490,2,30,1,1,0,0,0
44930,100,28,55,0,15,997490,2,30,1,1,0,0,0
44940,100,28,55,0,15,997490,2,30,1,1,0,0,0
44950,100,28,55,0,15,997490,2,30,1,1,0,0,0
44960,100,28,55,0,15,997490,2,30,1,1,0,0,0
44970,100,28,55,0,15,997490,2,30,1,1,0,0,0
44980,100,28,55,0,15,997490,2,30,1,1,0,0,0
44990,100,28,55,0,15,997490,2,30,1,1,0,0,0
45000,100,28,55,0,15,997490,2,30,1,1,0,0,0
45010,100,28,55,0,15,997490,2,30,1,1,0,0,0
45020,100,28,55,0,15,997490,2,30,1,1,0,0,0
45030,100,28,55,0,15,997490,2,30,1,1,0,0,0
45040,100,28,55,0,15,997490,2,30,1,1,0,0,0
45050,100,28,55,0,15,997490,2,30,1,1,0,0,0
45060,100,28,55,0,15,997490,2,30,1,1,0,0,0
45070,100,28,55,0,15,997490,2,30,1,1,0,0,0
45080,100,28,55,0,15,997490,2,30,1,1,0,0,0
45090,100,28,55,0,15,997490,2,30,1,1,0,0,0
45100,100,28,55,0,15,997490,2,30,1,1,0,0,0
45110,100,28,55,0,15,997490,2,30,1,1,0,0,0
45120,100,28,55,0,15,997490,2,30,1,1,0,0,0
45130,100,28,55,0,15,997490,2,30,1,1,0,0,0
45140,100,28,55,0,15,997490,2,30,1,1,0,0,0
45150,100,28,55,0,15,997490,2,30,1,1,0,0,0
45160,100,28,55,0,15,997490,2,30,1,1,0,0,0
45170,100,28,55,0,15,997490,2,30,1,1,0,0,0
45180,100,28,55,0,15,997490,2,30,1,1,0,0,0
45190,100,28,55,0,15,997490,2,30,1,1,0,0,0
45200,100,28,55,0,15,997490,2,30,1,1,0,0,0
45210,100,28,55,0,15,997490,2,30,1,1,0,0,0
45220,100,28,55,0,15,997490,2,30,1,1,0,0,0
45230,100,28,55,0,15,997490,2,30,1,1,0,0,0
45240,100,28,55,0,15,997490,2,30,1,1,0,0,0
45250,100,28,55,0,15,997490,2,30,1,1,0,0,0
45260,100,28,55,0,15,997490,2,30,1,1,0,0,0
45270,100,28,55,0,15,997490,2,30,1,1,0,0,0
45280,100,28,55,0,15,997490,2,30,1,1,0,0,0
45290,100,28,55,0,15,997490,2,30,1,1,0,0,0
45300,100,28,55,0,15,997490,2,30,1,1,0,0,0
45310,100,28,55,0,15,997490,2,30,1,1,0,0,0
45320,100,28,55,0,15,997490,2,30,1,1,0,0,0
45330,100,28,55,0,15,997490,2,30,1,1,0,0,0
45340,100,28,55,0,15,997490,2,30,1,1,0,0,0
45350,99,28,55,1,15,997490,1,30,1,1,0,0,0
45360,99,28,55,1,15,997490,1,30,1,1,0,0,0
45370,99,28,55,1,15,997490,1,30,1,1,0,0,0
45380,99,28,55,1,15,997490,1,30,1,1,0,0,0
45390,99,28,55,1,15,997490,1,30,1,1,0,0,0
45400,99,28,55,1,15,997490,1,30,1,1,0,0,0
45410,99,28,55,1,15,997490,1,30,1,1,0,0,0
45420,99,28,55,1,15,997490,1,30,1,1,0,0,0
45430,99,28,55,1,15,997490,1,30,1,1,0,0,0
45440,99,28,55,1,15,997490,1,30,1,1,0,0,0
45450,99,28,55,1,15,997490,1,30,1,1,0,0,0
45460,99,28,55,1,15,997490,1,30,1,1,0,0,0
45470,99,28,55,1,15,997490,1,30,1,1,0,0,0
45480,99,28,55,1,15,997490,1,30,1,1,0,0,0
45490,99,28,55,1,15,997490,1,30,1,1,0,0,0
45500,99,28,55,1,15,997490,1,30,1,1,0,0,0
45510,99,28,55,1,15,997490,1,30,1,1,0,0,0
45520,99,28,55,1,15,997490,1,30,1,1,0,0,0
45530,99,28,55,1,15,997490,1,30,1,1,0,0,0
45540,99,28,55,1,15,997490,1,30,1,1,0,0,0
45550,99,28,55,1,15,997490,1,30,1,1,0,0,0
45560,99,28,55,1,15,997490,1,30,1,1,0,0,0
45570,99,28,55,1,15,997490,1,30,1,1,0,0,0
45580,99,28,55,1,15,997490,1,30,1,1,0,0,0
45590,99,28,55,1,15,997490,1,30,1,1,0,0,0
45600,99,28,55,1,15,997490,1,30,1,1,0,0,0
45610,99,28,55,1,15,997490,1,30,1,1,0,0,0
45620,99,28,55,1,15,997490,1,30,1,1,0,0,0
45630,99,28,55,1,15,997490,1,30,1,1,0,0,0
45640,99,28,55,1,15,997490,1,30,1,1,0,0,0
45650,99,28,55,1,15,997490,1,30,1,1,0,0,0
45660,99,28,55,1,15,997490,1,30,1,1,0,0,0
45670,99,28,55,1,15,997490,1,30,1,1,0,0,0
45680,99,28,55,1,15,997490,1,30,1,1,0,0,0
45690,99,28,55,1,15,997490,1,30,1,1,0,0,0
45700,99,28,55,1,15,997490,1,30,1,1,0,0,0
45710,99,28,55,1,15,997490,1,30,1,1,0,0,0
45720,99,28,55,1,15,997490,1,30,1,1,0,0,0
45730,99,28,55,1,15,997490,1,30,1,1,0,0,0
45740,99,28,55,1,15,997490,1,30,1,1,0,0,0
45750,99,28,55,1,15,997490,1,30,1,1,0,0,0
45760,99,28,55,1,15,997490,1,30,1,1,0,0,0
45770,99,28,55,1,15,997490,1,30,1,1,0,0,0
45780,99,28,55,1,15,997490,1,30,1,1,0,0,0
45790,99,28,55,1,15,997490,1,30,1,1,0,0,0
45800,99,28,55,1,15,997490,1,30,1,1,0,0,0
45810,99,28,55,1,15,997490,1,30,1,1,0,0,0
45820,99,28,55,1,15,997490,1,30,1,1,0,0,0
45830,99,28,55,1,15,997490,1,30,1,1,0,0,0
45840,99,28,55,1,15,997490,1,30,1,1,0,0,0
45850,99,28,55,1,15,997490,1,30,1,1,0,0,0
45860,99,28,55,1,15,997490,1,30,1,1,0,0,0
45870,99,28,55,1,15,997490,1,30,1,1,0,0,0
45880,99,28,55,1,15,997490,1,30,1,1,0,0,0
45890,99,28,55,1,15,997490,1,30,1,1,0,0,0
45900,99,28,55,1,15,997490,1,30,1,1,0,0,0
45910,99,28,55,1,15,997490,1,30,1,1,0,0,0
45920,99,28,55,1,15,997490,1,30,1,1,0,0,0
45930,99,28,55,1,15,997490,1,30,1,1,0,0,0
45940,99,28,55,1,15,997490,1,30,1,1,0,0,0
45950,99,28,55,1,15,997490,1,30,1,1,0,0,0
45960,99,28,55,1,15,997490,1,30,1,1,0,0,0
45970,99,28,55,1,15,997490,1,30,1,1,0,0,0
45980,99,28,55,1,15,997490,1,30,1,1,0,0,0
45990,99,28,55,1,15,997490,1,30,1,1,0,0,0
46000,99,28,55,1,15,997490,1,30,1,1,0,0,0
46010,99,28,55,1,15,997490,1,30,1,1,0,0,0
46020,99,28,55,1,15,997490,1,30,1,1,0,0,0
46030,99,28,55,1,15,997490,1,30,1,1,0,0,0
46040,99,28,55,1,15,997490,1,30,1,1,0,0,0
46050,99,28,55,1,15,997490,1,30,1,1,0,0,0
46060,99,28,55,1,15,997490,1,30,1,1,0,0,0
46070,99,28,55,1,15,997490,1,30,1,1,0,0,0
46080,99,28,55,1,15,997490,1,30,1,1,0,0,0
46090,99,28,55,1,15,997490,1,30,1,1,0,0,0
46100,99,28,55,1,15,997490,1,30,1,1,0,0,0
46110,99,28,55,1,15,997490,1,30,1,1,0,0,0
46120,99,28,55,1,15,997490,1,30,1,1,0,0,0
46130,99,28,55,1,15,997490,1,30,1,1,0,0,0
46140,99,28,55,1,15,997490,1,30,1,1,0,0,0
46150,99,28,55,1,15,997490,1,30,1,1,0,0,0
46160,99,28,55,1,15,997490,1,30,1,1,0,0,0
46170,99,28,55,1,15,997490,1,30,1,1,0,0,0
46180,99,28,55,1,15,997490,1,30,1,1,0,0,0
46190,99,28,55,1,15,997490,1,30,1,1,0,0,0
46200,99,28,55,1,15,997490,1,30,1,1,0,0,0
46210,99,28,55,1,15,997490,1,30,1,1,0,0,0
46220,99,28,55,1,15,997490,1,30,1,1,0,0,0
46230,99,28,55,1,15,997490,1,30,1,1,0,0,0
46240,99,28,55,1,15,997490,1,30,1,1,0,0,0
46250,99,28,55,1,15,997490,1,30,1,1,0,0,0
46260,99,28,55,1,15,997490,1,30,1,1,0,0,0
46270,99,28,55,1,15,997490,1,30,1,1,0,0,0
46280,99,28,55,1,15,997490,1,30,1,1,0,0,0
46290,99,28,55,1,15,997490,1,30,1,1,0,0,0
46300,99,28,55,1,15,997490,1,30,1,1,0,0,0
46310,99,28,55,1,15,997490,1,30,1,1,0,0,0
46320,99,28,55,1,15,997490,1,30,1,1,0,0,0
46330,99,28,55,1,15,997490,1,30,1,1,0,0,0
46340,99,28,55,1,15,997490,1,30,1,1,0,0,0
46350,99,28,55,1,15,997490,1,30,1,1,0,0,0
46360,99,28,55,1,15,997490,1,30,1,1,0,0,0
46370,99,28,55,1,15,997490,1,30,1,1,0,0,0
46380,99,28,55,1,15,997490,1,30,1,1,0,0,0
46390,99,28,55,1,15,997490,1,30,1,1,0,0,0
46400,99,28,55,1,15,997490,1,30,1,1,0,0,0
46410,99,28,55,1,15,997490,1,30,1,1,0,0,0
46420,99,28,55,1,15,997490,1,30,1,1,0,0,0
46430,99,28,55,1,15,997490,1,30,1,1,0,0,0
46440,99,28,55,1,15,997490,1,30,1,1,0,0,0
46450,99,28,55,1,15,997490,1,30,1,1,0,0,0
46460,99,28,55,1,15,997490,1,30,1,1,0,0,0
46470,99,28,55,1,15,997490,1,30,1,1,0,0,0
46480,99,28,55,1,15,997490,1,30,1,1,0,0,0
46490,99,28,55,1,15,997490,1,30,1,1,0,0,0
46500,99,28,55,1,15,997490,1,30,1,1,0,0,0
46510,99,28,55,1,15,997490,1,30,1,1,0,0,0
46520,99,28,55,1,15,997490,1,30,1,1,0,0,0
46530,99,28,55,1,15,997490,1,30,1,1,0,0,0
46540,99,28,55,1,15,997490,1,30,1,1,0,0,0
46550,99,28,55,1,15,997490,1,30,1,1,0,0,0
46560,99,27,55,1,16,997490,1,29,1,1,0,0,0
46570,99,27,55,1,16,997490,1,29,1,1,0,0,0
46580,99,27,55,1,16,997490,1,29,1,1,0,0,0
46590,99,27,55,1,16,997490,1,29,1,1,0,0,0
46600,99,27,55,1,16,997490,1,29,1,1,0,0,0
46610,99,27,55,1,16,997490,1,29,1,1,0,0,0
46620,99,27,55,1,16,997490,1,29,1,1,0,0,0
46630,99,27,55,1,16,997490,1,29,1,1,0,0,0
46640,99,27,55,1,16,997490,1,29,1,1,0,0,0
46650,99,27,55,1,16,997490,1,29,1,1,0,0,0
46660,99,27,55,1,16,997490,1,29,1,1,0,0,0
46670,99,27,55,1,16,997490,1,29,1,1,0,0,0
46680,99,27,55,1,16,997490,1,29,1,1,0,0,0
46690,99,27,55,1,16,997490,1,29,1,1,0,0,0
46700,99,27,55,1,16,997490,1,29,1,1,0,0,0
46710,99,27,55,1,16,997490,1,29,1,1,0,0,0
46720,99,27,55,1,16,997490,1,29,1,1,0,0,0
46730,99,27,55,1,16,997490,1,29,1,1,0,0,0
46740,99,27,55,1,16,997490,1,29,1,1,0,0,0
46750,99,27,55,1,16,997490,1,29,1,1,0,0,0
46760,99,27,55,1,16,997490,1,29,1,1,0,0,0
46770,99,27,55,1,16,997490,1,29,1,1,0,0,0
46780,99,27,55,1,16,997490,1,29,1,1,0,0,0
46790,99,27,55,1,16,997490,1,29,1,1,0,0,0
46800,99,27,55,1,16,997490,1,29,1,1,0,0,0
46810,99,27,55,1,16,997490,1,29,1,1,0,0,0
46820,99,27,55,1,16,997490,1,29,1,1,0,0,0
46830,98,27,55,2,16,997490,0,29,1,1,0,0,0
46840,98,27,55,2,16,997490,0,29,1,1,0,0,0
46850,98,27,55,2,16,997490,0,29,1,1,0,0,0
46860,98,27,55,2,16,997490,0,29,1,1,0,0,0
46870,98,27,55,2,16,997490,0,29,1,1,0,0,0
46880,98,27,55,2,16,997490,0,29,1,1,0,0,0
46890,98,27,55,2,16,997490,0,29,1,1,0,0,0
46900,98,27,55,2,16,997490,0,29,1,1,0,0,0
46910,98,27,55,2,16,997490,0,29,1,1,0,0,0
46920,98,27,55,2,16,997490,0,29,1,1,0,0,0
46930,98,27,55,2,16,997490,0,29,1,1,0,0,0
46940,98,27,55,2,16,997490,0,29,1,1,0,0,0
46950,98,27,55,2,16,997490,0,29,1,1,0,0,0
46960,98,27,55,2,16,997490,0,29,1,1,0,0,0
46970,98,27,55,2,16,997490,0,29,1,1,0,0,0
46980,98,27,55,2,16,997490,0,29,1,1,0,0,0
46990,98,27,55,2,16,997490,0,29,1,1,0,0,0
47000,98,27,55,2,16,997490,0,29,1,1,0,0,0
47010,98,27,55,2,16,997490,0,29,1,1,0,0,0
47020,98,27,55,2,16,997490,0,29,1,1,0,0,0
47030,98,27,55,2,16,997490,0,29,1,1,0,0,0
47040,98,27,55,2,16,997490,0,29,1,1,0,0,0
47050,98,27,55,2,16,997490,0,29,1,1,0,0,0
47060,98,27,55,2,16,997490,0,29,1,1,0,0,0
47070,98,27,55,2,16,997490,0,29,1,1,0,0,0
47080,98,26,55,2,17,997490,0,28,1,1,0,0,0
47090,98,26,55,2,17,997490,0,28,1,1,0,0,0
47100,98,26,55,2,17,997490,0,28,1,1,0,0,0
47110,98,26,55,2,17,997490,0,28,1,1,0,0,0
47120,98,26,55,2,17,997490,0,28,1,1,0,0,0
47130,98,26,55,2,17,997490,0,28,1,1,0,0,0
47140,98,26,55,2,17,997490,0,28,1,1,0,0,0
47150,98,26,55,2,17,997490,0,28,1,1,0,0,0
47160,98,26,55,2,17,997490,0,28,1,1,0,0,0
47170,98,26,55,2,17,997490,0,28,1,1,0,0,0
47180,98,26,55,2,17,997490,0,28,1,1,0,0,0
47190,98,26,55,2,17,997490,0,28,1,1,0,0,0
47200,98,26,55,2,17,997490,0,28,1,1,0,0,0
47210,98,26,55,2,17,997490,0,28,1,1,0,0,0
47220,98,26,55,2,17,997490,0,28,1,1,0,0,0
47230,98,26,55,2,17,997490,0,28,1,1,0,0,0
47240,98,26,55,2,17,997490,0,28,1,1,0,0,0
47250,99,27,56,1,16,997460,0,28,1,1,0,0,0
47260,99,27,56,1,16,997460,0,28,1,1,0,0,0
47270,99,27,56,1,16,997460,0,28,1,1,0,0,0
47280,99,27,56,1,16,997460,0,28,1,1,0,0,0
47290,99,27,56,1,16,997460,0,28,1,1,0,0,0
47300,99,27,56,1,16,997460,0,28,1,1,0,0,0
47310,99,27,56,1,16,997460,0,28,1,1,0,0,0
47320,99,27,56,1,16,997460,0,28,1,1,0,0,0
47330,99,27,56,1,16,997460,0,28,1,1,0,0,0
47340,99,27,56,1,16,997460,0,28,1,1,0,0,0
47350,99,27,56,1,16,997460,0,28,1,1,0,0,0
47360,99,27,56,1,16,997460,0,28,1,1,0,0,0
47370,99,27,56,1,16,997460,0,28,1,1,0,0,0
47380,99,27,56,1,16,997460,0,28,1,1,0,0,0
47390,99,27,56,1,16,997460,0,28,1,1,0,0,0
47400,99,27,56,1,16,997460,0,28,1,1,0,0,0
47410,99,27,56,1,16,997460,0,28,1,1,0,0,0
47420,99,27,56,1,16,997460,0,28,1,1,0,0,0
47430,99,27,56,1,16,997460,0,28,1,1,0,0,0
47440,99,27,56,1,16,997460,0,28,1,1,0,0,0
47450,99,27,56,1,16,997460,0,28,1,1,0,0,0
47460,99,27,56,1,16,997460,0,28,1,1,0,0,0
47470,99,27,56,1,16,997460,0,28,1,1,0,0,0
47480,99,27,56,1,16,997460,0,28,1,1,0,0,0
47490,99,27,56,1,16,997460,0,28,1,1,0,0,0
47500,99,27,56,1,16,997460,0,28,1,1,0,0,0
47510,99,27,56,1,16,997460,0,28,1,1,0,0,0
47520,99,27,56,1,16,997460,0,28,1,1,0,0,0
47530,99,27,56,1,16,997460,0,28,1,1,0,0,0
47540,99,27,56,1,16,997460,0,28,1,1,0,0,0
47550,99,27,56,1,16,997460,0,28,1,1,0,0,0
47560,99,27,56,1,16,997460,0,28,1,1,0,0,0
47570,99,27,56,1,16,997460,0,28,1,1,0,0,0
47580,99,27,56,1,16,997460,0,28,1,1,0,0,0
47590,99,27,56,1,16,997460,0,28,1,1,0,0,0
47600,99,27,56,1,16,997460,0,28,1,1,0,0,0
47610,99,27,56,1,16,997460,0,28,1,1,0,0,0
47620,99,27,56,1,16,997460,0,28,1,1,0,0,0
47630,99,27,56,1,16,997460,0,28,1,1,0,0,0
47640,99,27,56,1,16,997460,0,28,1,1,0,0,0
47650,99,27,56,1,16,997460,0,28,1,1,0,0,0
47660,99,27,56,1,16,997460,0,28,1,1,0,0,0
47670,99,27,56,1,16,997460,0,28,1,1,0,0,0
47680,99,27,56,1,16,997460,0,28,1,1,0,0,0
47690,99,27,56,1,16,997460,0,28,1,1,0,0,0
47700,99,27,56,1,16,997460,0,28,1,1,0,0,0
47710,99,27,56,1,16,997460,0,28,1,1,0,0,0
47720,99,27,56,1,16,997460,0,28,1,1,0,0,0
47730,99,27,56,1,16,997460,0,28,1,1,0,0,0
47740,99,27,56,1,16,997460,0,28,1,1,0,0,0
47750,99,27,56,1,16,997460,0,28,1,1,0,0,0
47760,99,27,56,1,16,997460,0,28,1,1,0,0,0
47770,99,27,56,1,16,997460,0,28,1,1,0,0,0
47780,99,27,56,1,16,997460,0,28,1,1,0,0,0
47790,99,27,56,1,16,997460,0,28,1,1,0,0,0
47800,99,27,56,1,16,997460,0,28,1,1,0,0,0
47810,99,27,56,1,16,997460,0,28,1,1,0,0,0
47820,99,27,56,1,16,997460,0,28,1,1,0,0,0
47830,99,27,56,1,16,997460,0,28,1,1,0,0,0
47840,99,27,56,1,16,997460,0,28,1,1,0,0,0
47850,99,27,56,1,16,997460,0,28,1,1,0,0,0
47860,99,27,56,1,16,997460,0,28,1,1,0,0,0
47870,99,27,56,1,16,997460,0,28,1,1,0,0,0
47880,99,27,56,1,16,997460,0,28,1,1,0,0,0
47890,99,27,56,1,16,997460,0,28,1,1,0,0,0
47900,99,27,56,1,16,997460,0,28,1,1,0,0,0
47910,99,27,56,1,16,997460,0,28,1,1,0,0,0
47920,99,27,56,1,16,997460,0,28,1,1,0,0,0
47930,99,27,56,1,16,997460,0,28,1,1,0,0,0
47940,99,27,56,1,16,997460,0,28,1,1,0,0,0
47950,99,26,56,1,17,997460,0,27,1,1,0,0,0
47960,99,26,56,1,17,997460,0,27,1,1,0,0,0
47970,100,27,57,0,16,997430,0,27,1,1,0,0,0
47980,100,27,57,0,16,997430,0,27,1,1,0,0,0
47990,100,27,57,0,16,997430,0,27,1,1,0,0,0
48000,100,27,57,0,16,997430,0,27,1,1,0,0,0
48010,100,27,57,0,16,997430,0,27,1,1,0,0,0
48020,100,27,57,0,16,997430,0,27,1,1,0,0,0
48030,100,27,57,0,16,997430,0,27,1,1,0,0,0
48040,100,27,57,0,16,997430,0,27,1,1,0,0,0
48050,100,27,57,0,16,997430,0,27,1,1,0,0,0
48060,100,27,57,0,16,997430,0,27,1,1,0,0,0
48070,100,27,57,0,16,997430,0,27,1,1,0,0,0
48080,100,27,57,0,16,997430,0,27,1,1,0,0,0
48090,100,27,57,0,16,997430,0,27,1,1,0,0,0
48100,100,27,57,0,16,997430,0,27,1,1,0,0,0
48110,100,27,57,0,16,997430,0,27,1,1,0,0,0
48120,100,27,57,0,16,997430,0,27,1,1,0,0,0
48130,100,27,57,0,16,997430,0,27,1,1,0,0,0
48140,100,27,57,0,16,997430,0,27,1,1,0,0,0
48150,100,27,57,0,16,997430,0,27,1,1,0,0,0
48160,100,27,57,0,16,997430,0,27,1,1,0,0,0
48170,100,27,57,0,16,997430,0,27,1,1,0,0,0
48180,100,27,57,0,16,997430,0,27,1,1,0,0,0
48190,100,27,57,0,16,997430,0,27,1,1,0,0,0
48200,100,27,57,0,16,997430,0,27,1,1,0,0,0
48210,100,27,57,0,16,997430,0,27,1,1,0,0,0
48220,100,27,57,0,16,997430,0,27,1,1,0,0,0
48230,100,27,57,0,16,997430,0,27,1,1,0,0,0
48240,100,27,57,0,16,997430,0,27,1,1,0,0,0
48250,100,27,57,0,16,997430,0,27,1,1,0,0,0
48260,100,27,57,0,16,997430,0,27,1,1,0,0,0
48270,100,27,57,0,16,997430,0,27,1,1,0,0,0
48280,100,27,57,0,16,997430,0,27,1,1,0,0,0
48290,100,27,57,0,16,997430,0,27,1,1,0,0,0
48300,100,27,57,0,16,997430,0,27,1,1,0,0,0
48310,100,27,57,0,16,997430,0,27,1,1,0,0,0
48320,100,27,57,0,16,997430,0,27,1,1,0,0,0
48330,100,27,57,0,16,997430,0,27,1,1,0,0,0
48340,100,27,57,0,16,997430,0,27,1,1,0,0,0
48350,100,27,57,0,16,997430,0,27,1,1,0,0,0
48360,100,27,57,0,16,997430,0,27,1,1,0,0,0
48370,100,27,57,0,16,997430,0,27,1,1,0,0,0
48380,100,27,57,0,16,997430,0,27,1,1,0,0,0
48390,100,27,57,0,16,997430,0,27,1,1,0,0,0
48400,100,27,57,0,16,997430,0,27,1,1,0,0,0
48410,100,27,57,0,16,997430,0,27,1,1,0,0,0
48420,100,27,57,0,16,997430,0,27,1,1,0,0,0
48430,100,27,57,0,16,997430,0,27,1,1,0,0,0
48440,100,27,57,0,16,997430,0,27,1,1,0,0,0
48450,100,27,57,0,16,997430,0,27,1,1,0,0,0
48460,100,27,57,0,16,997430,0,27,1,1,0,0,0
48470,100,27,57,0,16,997430,0,27,1,1,0,0,0
48480,100,27,57,0,16,997430,0,27,1,1,0,0,0
48490,100,27,57,0,16,997430,0,27,1,1,0,0,0
48500,100,27,57,0,16,997430,0,27,1,1,0,0,0
48510,100,27,57,0,16,997430,0,27,1,1,0,0,0
48520,100,27,57,0,16,997430,0,27,1,1,0,0,0
48530,100,27,57,0,16,997430,0,27,1,1,0,0,0
48540,100,27,57,0,16,997430,0,27,1,1,0,0,0
48550,100,27,57,0,16,997430,0,27,1,1,0,0,0
48560,100,27,57,0,16,997430,0,27,1,1,0,0,0
48570,100,27,57,0,16,997430,0,27,1,1,0,0,0
48580,100,27,57,0,16,997430,0,27,1,1,0,0,0
48590,100,27,57,0,16,997430,0,27,1,1,0,0,0
48600,100,27,57,0,16,997430,0,27,1,1,0,0,0
48610,100,27,57,0,16,997430,0,27,1,1,0,0,0
48620,100,27,57,0,16,997430,0,27,1,1,0,0,0
48630,100,27,57,0,16,997430,0,27,1,1,0,0,0
48640,100,27,57,0,16,997430,0,27,1,1,0,0,0
48650,100,27,57,0,16,997430,0,27,1,1,0,0,0
48660,100,27,57,0,16,997430,0,27,1,1,0,0,0
48670,100,27,57,0,16,997430,0,27,1,1,0,0,0
48680,100,27,57,0,16,997430,0,27,1,1,0,0,0
48690,100,27,57,0,16,997430,0,27,1,1,0,0,0
48700,100,27,57,0,16,997430,0,27,1,1,0,0,0
48710,100,27,57,0,16,997430,0,27,1,1,0,0,0
48720,100,27,57,0,16,997430,0,27,1,1,0,0,0
48730,100,27,57,0,16,997430,0,27,1,1,0,0,0
48740,100,27,57,0,16,997430,0,27,1,1,0,0,0
48750,100,27,57,0,16,997430,0,27,1,1,0,0,0
48760,100,27,57,0,16,997430,0,27,1,1,0,0,0
48770,100,27,57,0,16,997430,0,27,1,1,0,0,0
48780,100,27,57,0,16,997430,0,27,1,1,0,0,0
48790,100,27,57,0,16,997430,0,27,1,1,0,0,0
48800,100,27,57,0,16,997430,0,27,1,1,0,0,0
48810,100,27,57,0,16,997430,0,27,1,1,0,0,0
48820,100,27,57,0,16,997430,0,27,1,1,0,0,0
48830,100,27,57,0,16,997430,0,27,1,1,0,0,0
48840,100,27,57,0,16,997430,0,27,1,1,0,0,0
48850,100,27,57,0,16,997430,0,27,1,1,0,0,0
48860,100,27,57,0,16,997430,0,27,1,1,0,0,0
48870,100,27,57,0,16,997430,0,27,1,1,0,0,0
48880,100,27,57,0,16,997430,0,27,1,1,0,0,0
48890,100,27,57,0,16,997430,0,27,1,1,0,0,0
48900,100,27,57,0,16,997430,0,27,1,1,0,0,0
48910,100,27,57,0,16,997430,0,27,1,1,0,0,0
48920,100,27,57,0,16,997430,0,27,1,1,0,0,0
48930,100,27,57,0,16,997430,0,27,1,1,0,0,0
48940,100,27,57,0,16,997430,0,27,1,1,0,0,0
48950,100,27,57,0,16,997430,0,27,1,1,0,0,0
48960,100,27,57,0,16,997430,0,27,1,1,0,0,0
48970,100,27,57,0,16,997430,0,27,1,1,0,0,0
48980,100,27,57,0,16,997430,0,27,1,1,0,0,0
48990,100,27,57,0,16,997430,0,27,1,1,0,0,0
49000,100,27,57,0,16,997430,0,27,1,1,0,0,0
49010,100,27,57,0,16,997430,0,27,1,1,0,0,0
49020,100,27,57,0,16,997430,0,27,1,1,0,0,0
49030,100,27,57,0,16,997430,0,27,1,1,0,0,0
49040,100,27,57,0,16,997430,0,27,1,1,0,0,0
49050,100,27,57,0,16,997430,0,27,1,1,0,0,0
49060,100,27,57,0,16,997430,0,27,1,1,0,0,0
49070,100,27,57,0,16,997430,0,27,1,1,0,0,0
49080,100,27,57,0,16,997430,0,27,1,1,0,0,0
49090,100,27,57,0,16,997430,0,27,1,1,0,0,0
49100,100,27,57,0,16,997430,0,27,1,1,0,0,0
49110,100,27,57,0,16,997430,0,27,1,1,0,0,0
49120,100,27,57,0,16,997430,0,27,1,1,0,0,0
49130,100,27,57,0,16,997430,0,27,1,1,0,0,0
49140,100,27,57,0,16,997430,0,27,1,1,0,0,0
49150,100,27,57,0,16,997430,0,27,1,1,0,0,0
49160,100,27,57,0,16,997430,0,27,1,1,0,0,0
49170,100,27,57,0,16,997430,0,27,1,1,0,0,0
49180,100,27,57,0,16,997430,0,27,1,1,0,0,0
49190,100,27,57,0,16,997430,0,27,1,1,0,0,0
49200,100,27,57,0,16,997430,0,27,1,1,0,0,0
49210,100,27,57,0,16,997430,0,27,1,1,0,0,0
49220,100,27,57,0,16,997430,0,27,1,1,0,0,0
49230,100,27,57,0,16,997430,0,27,1,1,0,0,0
49240,100,27,57,0,16,997430,0,27,1,1,0,0,0
49250,100,27,57,0,16,997430,0,27,1,1,0,0,0
49260,100,27,57,0,16,997430,0,27,1,1,0,0,0
49270,100,27,57,0,16,997430,0,27,1,1,0,0,0
49280,100,27,57,0,16,997430,0,27,1,1,0,0,0
49290,100,27,57,0,16,997430,0,27,1,1,0,0,0
49300,100,27,57,0,16,997430,0,27,1,1,0,0,0
49310,100,27,57,0,16,997430,0,27,1,1,0,0,0
49320,100,27,57,0,16,997430,0,27,1,1,0,0,0
49330,100,27,57,0,16,997430,0,27,1,1,0,0,0
49340,100,27,57,0,16,997430,0,27,1,1,0,0,0
49350,100,27,57,0,16,997430,0,27,1,1,0,0,0
49360,100,27,57,0,16,997430,0,27,1,1,0,0,0
49370,100,27,57,0,16,997430,0,27,1,1,0,0,0
49380,100,27,57,0,16,997430,0,27,1,1,0,0,0
49390,100,27,57,0,16,997430,0,27,1,1,0,0,0
49400,100,27,57,0,16,997430,0,27,1,1,0,0,0
49410,100,27,57,0,16,997430,0,27,1,1,0,0,0
49420,100,27,57,0,16,997430,0,27,1,1,0,0,0
49430,100,27,57,0,16,997430,0,27,1,1,0,0,0
49440,100,27,57,0,16,997430,0,27,1,1,0,0,0
49450,100,27,57,0,16,997430,0,27,1,1,0,0,0
49460,100,27,57,0,16,997430,0,27,1,1,0,0,0
49470,100,27,57,0,16,997430,0,27,1,1,0,0,0
49480,100,27,57,0,16,997430,0,27,1,1,0,0,0
49490,100,27,57,0,16,997430,0,27,1,1,0,0,0
49500,100,27,57,0,16,997430,0,27,1,1,0,0,0
49510,100,27,57,0,16,997430,0,27,1,1,0,0,0
49520,100,27,57,0,16,997430,0,27,1,1,0,0,0
49530,100,27,57,0,16,997430,0,27,1,1,0,0,0
49540,100,27,57,0,16,997430,0,27,1,1,0,0,0
49550,100,27,57,0,16,997430,0,27,1,1,0,0,0
49560,100,27,57,0,16,997430,0,27,1,1,0,0,0
49570,100,27,57,0,16,997430,0,27,1,1,0,0,0
49580,100,27,57,0,16,997430,0,27,1,1,0,0,0
49590,100,27,57,0,16,997430,0,27,1,1,0,0,0
49600,100,27,57,0,16,997430,0,27,1,1,0,0,0
49610,100,27,57,0,16,997430,0,27,1,1,0,0,0
49620,100,27,57,0,16,997430,0,27,1,1,0,0,0
49630,100,27,57,0,16,997430,0,27,1,1,0,0,0
49640,100,27,57,0,16,997430,0,27,1,1,0,0,0
49650,100,27,57,0,16,997430,0,27,1,1,0,0,0
49660,100,27,57,0,16,997430,0,27,1,1,0,0,0
49670,100,27,57,0,16,997430,0,27,1,1,0,0,0
49680,100,27,57,0,16,997430,0,27,1,1,0,0,0
49690,100,27,57,0,16,997430,0,27,1,1,0,0,0
49700,100,27,57,0,16,997430,0,27,1,1,0,0,0
49710,100,27,57,0,16,997430,0,27,1,1,0,0,0
49720,100,27,57,0,16,997430,0,27,1,1,0,0,0
49730,100,27,57,0,16,997430,0,27,1,1,0,0,0
49740,100,26,57,0,17,997430,0,26,1,1,0,0,0
49750,100,26,57,0,17,997430,0,26,1,1,0,0,0
49760,100,26,57,0,17,997430,0,26,1,1,0,0,0
49770,100,26,57,0,17,997430,0,26,1,1,0,0,0
49780,100,26,57,0,17,997430,0,26,1,1,0,0,0
49790,100,26,57,0,17,997430,0,26,1,1,0,0,0
49800,100,26,57,0,17,997430,0,26,1,1,0,0,0
49810,100,26,57,0,17,997430,0,26,1,1,0,0,0
49820,100,26,57,0,17,997430,0,26,1,1,0,0,0
49830,100,26,57,0,17,997430,0,26,1,1,0,0,0
49840,100,26,57,0,17,997430,0,26,1,1,0,0,0
49850,100,26,57,0,17,997430,0,26,1,1,0,0,0
49860,100,26,57,0,17,997430,0,26,1,1,0,0,0
49870,100,26,57,0,17,997430,0,26,1,1,0,0,0
49880,100,26,57,0,17,997430,0,26,1,1,0,0,0
49890,100,26,57,0,17,997430,0,26,1,1,0,0,0
49900,100,26,57,0,17,997430,0,26,1,1,0,0,0
49910,100,26,57,0,17,997430,0,26,1,1,0,0,0
49920,100,26,57,0,17,997430,0,26,1,1,0,0,0
49930,100,26,57,0,17,997430,0,26,1,1,0,0,0
49940,100,26,57,0,17,997430,0,26,1,1,0,0,0
49950,100,26,57,0,17,997430,0,26,1,1,0,0,0
49960,100,26,57,0,17,997430,0,26,1,1,0,0,0
49970,100,26,57,0,17,997430,0,26,1,1,0,0,0
49980,100,26,57,0,17,997430,0,26,1,1,0,0,0
49990,100,26,57,0,17,997430,0,26,1,1,0,0,0
50000,100,26,57,0,17,997430,0,26,1,1,0,0,0
